panel,combo,k,n,cagr_pct,maxdd_pct,sharpe,sharpe_train,sharpe_test
30,CS72,1,520,28.962126396268005,-26.480933470305025,1.169994001868346,0.20915618869000951,1.3863055891896245
30,CS24,1,2477,17.092776310520087,-36.85392681381467,0.6434011980806447,1.6632373806214817,0.21529994018699716
30,FlushA,1,1629,123.74499172737382,-49.09944157116768,1.8899384431609125,1.2346423464063347,2.319120684681643
30,FlushB,1,1230,129.90339105615246,-42.1554368340027,2.07855042515121,1.64039855191984,2.3538589213803243
30,FlushC,1,455,82.13729484983092,-26.385345819889817,1.783977631833017,1.1980109455942265,2.135691967354902
30,FlushBTC,1,286,23.134781851311082,-25.40345611580024,0.9042382691572792,0.8334998420370793,0.9857949713984105
30,MOM20,1,1836,37.135876205183216,-52.54460866950117,0.9780802871927604,1.2684511358258301,0.6062682584498512
30,MOM20_7d,1,1330,59.86056828038333,-44.99501547537877,1.3497887108009006,1.6382769409100921,0.9930761380088263
30,BigLong,1,535,40.19471929460299,-34.63677590673062,1.1891656250224711,0.6640309621652242,1.4540464474130392
30,CrowdLow,1,2667,11.218382295316598,-79.21178250079934,0.5031703376784349,0.09714261853532165,0.7782068765433998
30,FundLowLong,1,1726,22.529790305848696,-58.318810393165066,0.7358926696127225,0.6890265459274216,0.7976471715114524
30,FundHighShort,1,1436,-35.691961723925935,-94.34471640948254,-1.1210486198288228,-0.8511803691993358,-1.447298094827025
30,PerpShort,1,2378,-57.414796104818656,-98.47143175669576,-1.2717861182562515,-1.2483060638963623,-1.3075252640294752
30,CS72_season,1,128,13.180608861059406,-25.703408760133804,0.806761393518308,0.286469740741058,0.8957494464956416
30,FlushB_nocomp,1,890,135.8322077910687,-32.91126313709151,2.176676208756751,1.651051477505803,2.494138784272682
30,MOM20_season,1,655,4.809574834258501,-56.373906087379396,0.2917187931604703,0.9027820746636581,0.013873734110139145
30,CS72+CS24,2,2080,25.308803529867554,-38.92759935139748,0.8766833514573095,1.4907457404116526,0.6358496221411057
30,CS72+FlushA,2,1974,176.07216160725216,-49.09944157116768,2.314873112975483,1.3813824811657776,2.919551961044149
30,CS72+FlushB,2,1654,175.98683709999437,-42.1554368340027,2.4073534513775603,1.6281378113176233,2.879691892744268
30,CS72+FlushC,2,946,121.39817010756656,-26.385345819889817,2.1213640841210175,1.2153662820237783,2.63491209296907
30,CS72+FlushBTC,2,792,49.7716574251323,-25.40345611580024,1.4142365632353613,0.8460814972327847,1.8145752848482937
30,CS72+MOM20,2,2071,62.89818618572698,-52.54460866950117,1.4370592744896051,1.286489704312389,1.6503426120591902
30,CS72+MOM20_7d,2,1672,94.3330347252362,-37.695596510486936,1.7930538255428032,1.5140487925985853,2.149339866802248
30,CS72+BigLong,2,962,78.45729224084614,-29.509798781563568,1.6608188952085012,0.3819494943771897,2.208919286616978
30,CS72+CrowdLow,2,2719,29.44776280769186,-73.94610071155616,0.7722431390783729,0.20517122845307723,1.1591596536348308
30,CS72+FundLowLong,2,2030,39.93907740558809,-58.318810393165066,1.0644618014672456,0.7284316860096428,1.4817911248225575
30,CS72+FundHighShort,2,1730,-29.007491835449606,-89.60565070804269,-0.7172450894036372,-0.5996351294775094,-0.8517465961787409
30,CS72+PerpShort,2,2385,-54.74142520832426,-98.17120305685806,-1.1326295989189983,-1.317193403863112,-1.0662012364826663
30,CS72+CS72_season,2,520,28.962126396268005,-26.480933470305025,1.169994001868346,0.20915618869000951,1.3863055891896245
30,CS72+FlushB_nocomp,2,1339,188.9528420547931,-32.91126313709151,2.508326630805599,1.5550843950945898,3.053078526307518
30,CS72+MOM20_season,2,1063,32.085942308476724,-41.66037318912341,0.9982685129173556,0.8265699106778636,1.1117069475047485
30,CS24+FlushA,2,3415,138.86601187404167,-42.36865182869456,1.9500445252211873,2.0366564615965363,1.9062714760254702
30,CS24+FlushB,2,3283,122.96713508656039,-38.297856796582664,1.988429026164237,2.2160786657977956,1.8437074498371613
30,CS24+FlushC,2,2797,103.48571381534022,-34.67174304669,1.7950463310920204,1.9647902226606553,1.729969548042626
30,CS24+FlushBTC,2,2688,40.39283523849233,-35.298896601873466,1.0556652924495076,1.6012536076785562,0.7102393387001293
30,CS24+MOM20,2,3481,61.82989023908223,-49.152314501806096,1.3515405807095073,1.80294340383688,0.775234522173526
30,CS24+MOM20_7d,2,3263,74.65340353270187,-43.43081363222295,1.5233719181421623,1.930241962300468,1.065615651846798
30,CS24+BigLong,2,2783,57.81805111351663,-46.71195646978934,1.2935752846190722,1.6923813144182545,1.1959714904284233
30,CS24+CrowdLow,2,3567,20.919625950525145,-78.18577819538092,0.6042829430359816,1.0243229125581361,0.3219485812693968
30,CS24+FundLowLong,2,3380,43.457023741943246,-52.81401009988519,1.0838217477939633,1.1746030142948891,0.9834108827684768
30,CS24+FundHighShort,2,3215,-26.682527531079025,-89.19219911759879,-0.5775057533064658,-0.21393499234593713,-0.9619590614529597
30,CS24+PerpShort,2,3351,-57.69158695377874,-99.00992536008097,-1.3469160023778142,-0.5831171637068613,-1.7848266577604828
30,CS24+CS72_season,2,2477,17.092776310520087,-36.85392681381467,0.6434011980806447,1.6632373806214817,0.21529994018699716
30,CS24+FlushB_nocomp,2,3067,144.1209906148981,-36.38568245352902,2.1504671708303698,2.381455928589365,2.015947992778208
30,CS24+MOM20_season,2,2815,19.047905098849927,-58.15593037107982,0.6407434721882309,1.943099999598966,-0.05524709866236074
30,FlushA+FlushB,2,1629,123.74499172737382,-49.09944157116768,1.8899384431609125,1.2346423464063347,2.319120684681643
30,FlushA+FlushC,2,1629,123.74499172737382,-49.09944157116768,1.8899384431609125,1.2346423464063347,2.319120684681643
30,FlushA+FlushBTC,2,1629,123.74499172737382,-49.09944157116768,1.8899384431609125,1.2346423464063347,2.319120684681643
30,FlushA+MOM20,2,2574,71.94451178340833,-70.06879512072956,1.322974704365972,1.179188012812948,1.5092421024452378
30,FlushA+MOM20_7d,2,2289,86.87950997076487,-68.47664840190706,1.4519407555698909,1.406878911486066,1.5312146086090241
30,FlushA+BigLong,2,1857,131.39588225779707,-49.09944161068608,1.7666905026370858,1.3434302810775576,2.0231172246269105
30,FlushA+CrowdLow,2,2696,19.260688241958192,-65.34196022927058,0.621548737904243,0.2783554437762278,0.8496171701840797
30,FlushA+FundLowLong,2,2437,86.80372214850516,-56.8644465711311,1.5098761891504249,1.2509329101389395,1.8187240326936236
30,FlushA+FundHighShort,2,2379,8.44393979475444,-57.065851867313015,0.38981164252886236,0.45188206630217487,0.33386984773948164
30,FlushA+PerpShort,2,2644,27.90136579917921,-53.80459104605254,0.7629790861462663,0.06735039808089165,1.1755365620354568
30,FlushA+CS72_season,2,1704,125.47491328462938,-49.09944157116768,1.9097825149902778,1.1988897424615228,2.3716623109936075
30,FlushA+FlushB_nocomp,2,1629,123.74499172737382,-49.09944157116768,1.8899384431609125,1.2346423464063347,2.319120684681643
30,FlushA+MOM20_season,2,1846,71.02108350569942,-49.565261416507134,1.279305019436659,0.9155358846802665,1.5088038963673571
30,FlushB+FlushC,2,1230,129.90339105615246,-42.1554368340027,2.07855042515121,1.64039855191984,2.3538589213803243
30,FlushB+FlushBTC,2,1230,129.90339105615246,-42.1554368340027,2.07855042515121,1.64039855191984,2.3538589213803243
30,FlushB+MOM20,2,2396,75.34634482288041,-60.732175846857174,1.395125787838957,1.3124668659090621,1.5125099110605325
30,FlushB+MOM20_7d,2,2036,93.37656604418598,-57.84890507191083,1.5827859412295957,1.582176269305267,1.6059417957569975
30,FlushB+BigLong,2,1527,110.55257107806757,-42.15543683400275,1.6805997825466403,1.4915136628798213,1.8133301920792821
30,FlushB+CrowdLow,2,2671,26.92022048727456,-69.93654223296993,0.7274784085781824,0.3334088377902379,1.0023264153630522
30,FlushB+FundLowLong,2,2270,88.87044383910676,-57.5960000664756,1.5412461848170382,1.2968401192891692,1.8362706361429595
30,FlushB+FundHighShort,2,2168,16.16050914780198,-53.09454003250102,0.5545559278917199,0.2680942534296099,0.8544045913549805
30,FlushB+PerpShort,2,2595,13.752948811919952,-62.86132398911184,0.5255832205098832,0.6017775293866404,0.4905682097306662
30,FlushB+CS72_season,2,1327,143.605448511484,-42.1554368340027,2.177679366911077,1.539440527305291,2.5652657984276432
30,FlushB+FlushB_nocomp,2,1230,129.90339105615246,-42.1554368340027,2.07855042515121,1.64039855191984,2.3538589213803243
30,FlushB+MOM20_season,2,1546,89.11038241391394,-45.74045127187494,1.5193305823584007,1.4414208190439715,1.584432258379977
30,FlushC+FlushBTC,2,524,76.94497135322413,-26.140260161605323,1.673957422187809,1.0636431932756452,2.032811471656143
30,FlushC+MOM20,2,2069,74.0105226431719,-48.6985183476619,1.4826214343813178,1.4993666010072966,1.4712128334059114
30,FlushC+MOM20_7d,2,1605,93.05116895102555,-45.36743163252244,1.7068002608206752,1.9081880451978899,1.4675230267027268
30,FlushC+BigLong,2,913,100.283172914116,-31.91926031213651,1.7125442275045448,1.2628274358191618,1.9773367407318616
30,FlushC+CrowdLow,2,2669,23.540604273530686,-73.85016872774935,0.6916141994866458,0.2515669190179797,1.001385128289472
30,FlushC+FundLowLong,2,1910,73.48081261048351,-50.37287757902422,1.462118629550056,1.303197944424851,1.662526057712614
30,FlushC+FundHighShort,2,1718,-14.5782205964756,-79.28924604533772,-0.20415629034131694,-0.29238694998535264,-0.11261262504006152
30,FlushC+PerpShort,2,2497,-28.279501101509354,-86.36880990575617,-0.34097659820801185,-0.5114316423646373,-0.24043684011023758
30,FlushC+CS72_season,2,573,90.86479035609773,-26.385345819889817,1.8487308795259616,1.1996728665694856,2.229165370690394
30,FlushC+FlushB_nocomp,2,998,161.13955866329027,-33.680215229695,2.383222131919282,1.8891319221597516,2.689067212154902
30,FlushC+MOM20_season,2,994,46.585723108713275,-45.60862576983264,1.1019615648484038,1.4360606166844805,0.9235242371156861
30,FlushBTC+MOM20,2,2024,55.34573602258834,-44.30368081489142,1.2290034784555537,1.3972336772178493,0.9925580300691523
30,FlushBTC+MOM20_7d,2,1547,85.99128475786411,-48.521138945124484,1.5952333964801142,1.8625535116931926,1.2607244739846093
30,FlushBTC+BigLong,2,789,66.02798376517387,-28.682291226851355,1.439333142612266,1.109715003192657,1.6424293121912135
30,FlushBTC+CrowdLow,2,2670,19.33696096296298,-74.08027899109054,0.6256647711753969,0.06127940993085035,1.0102180129246876
30,FlushBTC+FundLowLong,2,1802,30.68532010768412,-50.51006309370181,0.8690245534366974,0.9401416513530101,0.7796554437488054
30,FlushBTC+FundHighShort,2,1630,-27.116771588203402,-89.52099657930017,-0.6559848757779733,-0.5324680280192239,-0.8052034429999222
30,FlushBTC+PerpShort,2,2476,-47.52368339839995,-95.94114921843797,-0.9401835048042412,-1.3176760407601797,-0.7247637313874588
30,FlushBTC+CS72_season,2,407,32.486901120565804,-25.724706700888955,1.102801382407452,0.8389141118025466,1.3066534302717907
30,FlushBTC+FlushB_nocomp,2,919,146.28574677702454,-31.023759505229954,2.2536532612376985,1.9526546219992453,2.4496860081028093
30,FlushBTC+MOM20_season,2,892,32.165302206269764,-46.6974964498156,0.8998801034379582,1.338390568425257,0.6063919338557049
30,MOM20+MOM20_7d,2,1836,37.135876205183216,-52.54460866950117,0.9780802871927604,1.2684511358258301,0.6062682584498512
30,MOM20+BigLong,2,1960,41.39624805908879,-51.641313093116366,1.0569957277610418,1.3194464252325586,0.7088133286559232
30,MOM20+CrowdLow,2,3004,29.439443617969573,-77.39931064118424,0.754101781939597,0.9617621050768599,0.4674371046257533
30,MOM20+FundLowLong,2,2919,54.78997192365797,-66.02091356945404,1.134039255447952,1.1727222208391161,1.0767488881934775
30,MOM20+FundHighShort,2,2282,7.191071381302105,-63.364267805847916,0.3677536805479481,0.613964003238138,0.0395830323483931
30,MOM20+PerpShort,2,2799,6.32558056616741,-79.27304061079307,0.36385049947684756,1.186159843199598,-0.5825540730397982
30,MOM20+CS72_season,2,1879,45.63063239204479,-52.54460866950117,1.128298591281313,1.2402996687551882,0.9904063244931816
30,MOM20+FlushB_nocomp,2,2262,61.29445328761292,-55.28394418420186,1.2930868957233705,1.367057563547414,1.2011643894808401
30,MOM20+MOM20_season,2,1836,37.135876205183216,-52.54460866950117,0.9780802871927604,1.2684511358258301,0.6062682584498512
30,MOM20_7d+BigLong,2,1548,50.6453799299299,-48.92627602160552,1.1957379756210933,1.5304938665435814,0.8122438111294769
30,MOM20_7d+CrowdLow,2,2938,42.71014898433061,-74.72721526137643,0.9304385976050039,1.0762102343163915,0.7547830993803453
30,MOM20_7d+FundLowLong,2,2653,79.0467351945832,-60.86985861117182,1.3875075166344133,1.4239042168864045,1.3422293405385453
30,MOM20_7d+FundHighShort,2,2016,23.62955948790828,-69.8357222062685,0.7298384117305052,0.9987818369810845,0.42630042183895306
30,MOM20_7d+PerpShort,2,2717,13.690206507755809,-75.14090402232041,0.5090986173938726,1.0875547860755421,-0.07427719659127996
30,MOM20_7d+CS72_season,2,1393,66.2313739703107,-40.91229612671906,1.4346199848433134,1.5695168220542766,1.2789534404546767
30,MOM20_7d+FlushB_nocomp,2,1839,107.91653981704448,-39.424431889728616,1.7806409781500105,1.7695652892708291,1.8138333513610967
30,MOM20_7d+MOM20_season,2,1446,45.40075766709013,-49.019797621073714,1.1103211524988024,1.5016603565222355,0.6702933363347154
30,BigLong+CrowdLow,2,2668,15.65215093736223,-73.94610071155616,0.5723971832440865,0.12619292706843438,0.8827128167761041
30,BigLong+FundLowLong,2,2110,58.41103554394911,-57.10330886281798,1.1986512641181468,0.8285800218804075,1.6008449505294826
30,BigLong+FundHighShort,2,1654,-6.428034637749846,-68.94623648947358,-0.0017080498866551101,-0.5525781649386634,0.5737428301864994
30,BigLong+PerpShort,2,2400,-20.72266272093123,-79.60570903540652,-0.16540052342426875,-0.3730794552894381,-0.07100703673404614
30,BigLong+CS72_season,2,634,50.87978334692651,-31.32290639320515,1.3714778856959773,0.6067296385246772,1.7310446980698744
30,BigLong+FlushB_nocomp,2,1243,114.64729152029096,-37.344583430660414,1.8181675752242237,1.322013459431333,2.111004603028018
30,BigLong+MOM20_season,2,964,32.27216357620601,-48.54374649621437,0.8287786000696523,0.654486014059862,0.9551619565339879
30,CrowdLow+FundLowLong,2,2939,36.39368479507337,-70.08899277415354,0.8720175874370718,0.7301421016377222,1.041605120661384
30,CrowdLow+FundHighShort,2,2887,9.823527593737236,-76.36811516144422,0.4267804369046301,0.05861987467586155,0.8252460389162352
30,CrowdLow+PerpShort,2,2762,8.694660355232742,-74.42660847353406,0.461591844845866,-0.10497573581726287,0.8207276176890701
30,CrowdLow+CS72_season,2,2677,14.442341889663023,-80.79014691476488,0.5532275677595689,0.14721649066250356,0.836778298171288
30,CrowdLow+FlushB_nocomp,2,2673,20.801961056159147,-75.28346941794332,0.64764589212086,0.09551303836350897,1.0310081335225918
30,CrowdLow+MOM20_season,2,2681,1.986051562544744,-80.61725936308662,0.30866464930980253,0.014520686620515007,0.5145851832138001
30,FundLowLong+FundHighShort,2,2689,-17.763486415661557,-89.5075102330039,-0.14431943597229066,-0.004309476597907577,-0.30819297500765525
30,FundLowLong+PerpShort,2,2834,-4.478673506007247,-71.77608309693753,0.1586305317789023,0.3197728600070214,-0.0032842360348050393
30,FundLowLong+CS72_season,2,1802,28.18845886288617,-58.318810393165066,0.8491766138918263,0.7141848564140405,1.019489902477397
30,FundLowLong+FlushB_nocomp,2,2089,63.95451532311567,-60.37061045819894,1.3126158217233026,1.2184521798940873,1.4390437414719297
30,FundLowLong+MOM20_season,2,2150,26.376550834112102,-60.59580278505927,0.7843216584605293,0.8018851180066437,0.7713870510531584
30,FundHighShort+PerpShort,2,2678,-48.551339914431225,-98.65655897718926,-1.0580949983311883,-0.8174434049792318,-1.3175502481053132
30,FundHighShort+CS72_season,2,1502,-30.967866276976032,-91.31298532838302,-0.822216294986643,-0.7205001786858101,-0.9434643071383491
30,FundHighShort+FlushB_nocomp,2,1958,-12.15442303500398,-69.27547731717038,-0.11835373353530936,-0.15628219638473723,-0.08276263580805142
30,FundHighShort+MOM20_season,2,1656,-38.266569409557704,-95.83920066183495,-1.1030559088025518,-0.626262942254477,-1.5960749576091076
30,PerpShort+CS72_season,2,2382,-59.16450705089329,-98.73839029635899,-1.3148143963320014,-1.3200772630416517,-1.3391180847403066
30,PerpShort+FlushB_nocomp,2,2535,-31.75197399222164,-87.02978108334418,-0.47648615576154313,-1.016110461501126,-0.15794286647137382
30,PerpShort+MOM20_season,2,2436,-47.20896728704261,-95.62187910079678,-1.012890837682127,-0.3848569205540072,-1.36301867863986
30,CS72_season+FlushB_nocomp,2,987,150.78701374292868,-32.91126313709151,2.29471919495234,1.5714222789739292,2.7165683930324414
30,CS72_season+MOM20_season,2,695,6.593330721016999,-41.66037318912341,0.350596560205694,0.7242833787571515,0.1636122363497906
30,FlushB_nocomp+MOM20_season,2,1262,66.96792279150512,-51.83752439710635,1.2776488644783486,1.0479261897075096,1.4280670553948847
30,CS72+CS24+FlushA,3,3004,131.69270015302294,-42.36865182869456,1.9156160500760238,1.8568220995268567,1.9597092678085448
30,CS72+CS24+FlushB,3,2880,103.32842845269057,-39.45390866240569,1.7967799978049839,2.03465995228472,1.6399546034793664
30,CS72+CS24+FlushC,3,2397,97.88027642263903,-36.08790094776592,1.7998325147168408,1.8253250412683881,1.7991495669712545
30,CS72+CS24+FlushBTC,3,2288,50.58224047746616,-37.327597794732206,1.2645966410574552,1.5139132198462282,1.0988113405990032
30,CS72+CS24+MOM20,3,3116,70.87735483950854,-39.635003762604626,1.5388750156303603,1.7017741978638938,1.3024061525790804
30,CS72+CS24+MOM20_7d,3,2878,76.30297458411445,-48.46629961026512,1.5914434477502675,1.9156519829835812,1.1846047887303923
30,CS72+CS24+BigLong,3,2392,62.14007984516354,-50.41377450749034,1.366972622991279,1.4185423402616582,1.4077326514882422
30,CS72+CS24+CrowdLow,3,3255,69.94064088948755,-51.35526361224845,1.2563863645985558,1.1709885176201555,1.3200472826505107
30,CS72+CS24+FundLowLong,3,3032,37.87487296294949,-45.67312274029594,1.0032662554382765,1.1590762436009645,0.8156790348781542
30,CS72+CS24+FundHighShort,3,2840,-26.838634370563554,-89.39886064109022,-0.567184268905381,-0.2730312784026709,-0.883766070227057
30,CS72+CS24+PerpShort,3,3031,-51.403736198700436,-98.12525597410081,-1.0775230224029608,-0.41416974651436095,-1.4383761788719929
30,CS72+CS24+CS72_season,3,2080,25.308803529867554,-38.92759935139748,0.8766833514573095,1.4907457404116526,0.6358496221411057
30,CS72+CS24+FlushB_nocomp,3,2663,126.70714665030496,-32.67144532442937,2.070934146479619,2.122412932759295,2.0371706445379543
30,CS72+CS24+MOM20_season,3,2433,33.26030139984773,-36.36358238916403,0.9767609245796541,1.7179395670523754,0.5358675950836741
30,CS72+FlushA+FlushB,3,1974,176.07216160725216,-49.09944157116768,2.314873112975483,1.3813824811657776,2.919551961044149
30,CS72+FlushA+FlushC,3,1974,176.07216160725216,-49.09944157116768,2.314873112975483,1.3813824811657776,2.919551961044149
30,CS72+FlushA+FlushBTC,3,1974,176.07216160725216,-49.09944157116768,2.314873112975483,1.3813824811657776,2.919551961044149
30,CS72+FlushA+MOM20,3,2719,136.21373165237216,-70.06879512072956,2.0030090696527254,1.3035741121784374,2.893659865826419
30,CS72+FlushA+MOM20_7d,3,2515,143.32166185002905,-68.47664840190706,2.022660918175052,1.4199132627067979,2.7520358611415117
30,CS72+FlushA+BigLong,3,2135,174.08527505039513,-49.09944161068608,2.1146050965013754,1.2421760822628691,2.6251057698229125
30,CS72+FlushA+CrowdLow,3,2742,85.67326567443585,-64.22693966444446,1.4189707288500308,0.7109966015709005,1.9433653050464643
30,CS72+FlushA+FundLowLong,3,2627,109.48004887613871,-56.8644465711311,1.806885519989832,1.4639494186638276,2.219734185515972
30,CS72+FlushA+FundHighShort,3,2545,28.971012458586998,-60.184557868586054,0.797099553863161,0.5431397853912692,1.0715120762127723
30,CS72+FlushA+PerpShort,3,2649,10.801746759000498,-60.5181786783252,0.4798199358458484,-0.12491719634332903,0.8184808238925149
30,CS72+FlushA+CS72_season,3,1974,176.07216160725216,-49.09944157116768,2.314873112975483,1.3813824811657776,2.919551961044149
30,CS72+FlushA+FlushB_nocomp,3,1974,176.07216160725216,-49.09944157116768,2.314873112975483,1.3813824811657776,2.919551961044149
30,CS72+FlushA+MOM20_season,3,2126,127.18781076294334,-49.50021194644467,1.8994071144911577,1.0725458739150415,2.447704036120331
30,CS72+FlushB+FlushC,3,1654,175.98683709999437,-42.1554368340027,2.4073534513775603,1.6281378113176233,2.879691892744268
30,CS72+FlushB+FlushBTC,3,1654,175.98683709999437,-42.1554368340027,2.4073534513775603,1.6281378113176233,2.879691892744268
30,CS72+FlushB+MOM20,3,2576,117.95029367462786,-60.732175846857174,1.8666258252750612,1.3546860281210709,2.5265478204901326
30,CS72+FlushB+MOM20_7d,3,2315,127.06238591092189,-57.84890507191083,1.9408258803190037,1.5703223392313668,2.4098820081566554
30,CS72+FlushB+BigLong,3,1867,156.96687046049584,-42.15543683400275,2.1356455474883784,1.4148396513979735,2.55828086978876
30,CS72+FlushB+CrowdLow,3,2721,69.0835354477677,-69.10421279426903,1.2563077090145454,0.48950127743089455,1.7898020246048807
30,CS72+FlushB+FundLowLong,3,2495,110.20863544199875,-57.5960000664756,1.8028714503621017,1.3319120270967877,2.352677093053549
30,CS72+FlushB+FundHighShort,3,2384,10.36698186548961,-60.15198044009057,0.43777287753780614,0.4259151753160375,0.46537903613907483
30,CS72+FlushB+PerpShort,3,2599,14.205510514557695,-58.89653385773611,0.5409783434495964,0.3175866766690246,0.672141089008763
30,CS72+FlushB+CS72_season,3,1654,175.98683709999437,-42.1554368340027,2.4073534513775603,1.6281378113176233,2.879691892744268
30,CS72+FlushB+FlushB_nocomp,3,1654,175.98683709999437,-42.1554368340027,2.4073534513775603,1.6281378113176233,2.879691892744268
30,CS72+FlushB+MOM20_season,3,1883,129.82339889883653,-45.74045127187494,2.0111924623419433,1.3654693458430882,2.439279039122664
30,CS72+FlushC+FlushBTC,3,1012,117.48431742546148,-26.140260161605323,2.0458111431692543,1.1255295178010292,2.560813335132147
30,CS72+FlushC+MOM20,3,2282,107.36930501645783,-48.6985183476619,1.8993697144614168,1.5882441156694607,2.312990488406375
30,CS72+FlushC+MOM20_7d,3,1927,140.53013162214475,-36.593013788925354,2.18077051065591,1.7848557742166988,2.6863074957074495
30,CS72+FlushC+BigLong,3,1314,136.52935284963058,-27.2442455522247,1.9472967886633548,0.938532438541216,2.4720362577698975
30,CS72+FlushC+CrowdLow,3,2716,49.45883407247389,-73.85016872774935,1.047514678047145,0.43094952172690976,1.4711304378464798
30,CS72+FlushC+FundLowLong,3,2199,97.14133512050938,-50.37287757902422,1.773036132584652,1.4412983830502542,2.1745222566559184
30,CS72+FlushC+FundHighShort,3,1991,0.6650408268078278,-57.82729876182526,0.21930435675103505,-0.07942733457672849,0.5048647471882425
30,CS72+FlushC+PerpShort,3,2503,-24.731375358347385,-85.911954764624,-0.23086246931252458,-0.5180551104674,-0.06832977658732918
30,CS72+FlushC+CS72_season,3,946,121.39817010756656,-26.385345819889817,2.1213640841210175,1.2153662820237783,2.63491209296907
30,CS72+FlushC+FlushB_nocomp,3,1443,215.08325289469815,-33.680215229695,2.6758440955970353,1.829952527628181,3.1731252185098446
30,CS72+FlushC+MOM20_season,3,1383,87.29332190866221,-41.019171221074814,1.6887467582839848,1.3939796018172959,1.8826087765653272
30,CS72+FlushBTC+MOM20,3,2244,88.86780352082071,-44.30368081489142,1.7046617903053285,1.4686263674680922,2.0566856386692187
30,CS72+FlushBTC+MOM20_7d,3,1876,122.91798571267964,-30.61321504684801,2.0121558200375333,1.7439222435785633,2.372065876737412
30,CS72+FlushBTC+BigLong,3,1203,114.92550394227155,-26.024558217493333,1.909126499379366,1.0414634311534092,2.3947288706168313
30,CS72+FlushBTC+CrowdLow,3,2721,30.722014719261814,-73.92747520127526,0.7888721938492639,0.18766341368702702,1.1991712585612624
30,CS72+FlushBTC+FundLowLong,3,2104,46.711262293136066,-50.51006309370181,1.1469942766401187,0.9898248922857505,1.3549167043547123
30,CS72+FlushBTC+FundHighShort,3,1911,-20.864638188536343,-84.89062051308592,-0.3779063552701578,-0.3380256103205902,-0.4266905915601754
30,CS72+FlushBTC+PerpShort,3,2481,-42.22436476396405,-95.70017089732852,-0.737198420916804,-1.3703323957107874,-0.38121253713719977
30,CS72+FlushBTC+CS72_season,3,792,49.7716574251323,-25.40345611580024,1.4142365632353613,0.8460814972327847,1.8145752848482937
30,CS72+FlushBTC+FlushB_nocomp,3,1368,202.20750796957145,-31.023759505229954,2.5819419388261178,1.8519885587486395,3.0151138495040892
30,CS72+FlushBTC+MOM20_season,3,1285,66.34488228720619,-30.47005295518681,1.5043651594079694,1.294078106369013,1.6574254848854146
30,CS72+MOM20+MOM20_7d,3,2071,62.89818618572698,-52.54460866950117,1.4370592744896051,1.286489704312389,1.6503426120591902
30,CS72+MOM20+BigLong,3,2161,70.33042605722304,-51.641313093116366,1.5233278419119127,1.2960816991837358,1.8467392746707172
30,CS72+MOM20+CrowdLow,3,3036,58.42278454385832,-77.39931064118424,1.1656218934072435,0.9630567942965791,1.4477759718642296
30,CS72+MOM20+FundLowLong,3,3013,75.22778451538524,-66.02091356945404,1.4141710595835735,1.261496885518673,1.6639044819656947
30,CS72+MOM20+FundHighShort,3,2442,29.276482767710867,-52.46053814070222,0.8515705069374174,0.7966533459512192,0.9267501446977751
30,CS72+MOM20+PerpShort,3,2804,21.40576522659938,-69.09665672937196,0.6478040204229266,1.0950329036349673,0.14992876592325882
30,CS72+MOM20+CS72_season,3,2071,62.89818618572698,-52.54460866950117,1.4370592744896051,1.286489704312389,1.6503426120591902
30,CS72+MOM20+FlushB_nocomp,3,2449,101.77365124758957,-55.28394418420186,1.8040439069798009,1.4786114068041425,2.252309999327413
30,CS72+MOM20+MOM20_season,3,2071,62.89818618572698,-52.54460866950117,1.4370592744896051,1.286489704312389,1.6503426120591902
30,CS72+MOM20_7d+BigLong,3,1834,97.53511582853017,-37.7086730577243,1.8561577962926004,1.4718012952824204,2.350359480196931
30,CS72+MOM20_7d+CrowdLow,3,2980,60.82802032947645,-74.72721526137643,1.1666876174409122,1.1122259938087096,1.2417548293713123
30,CS72+MOM20_7d+FundLowLong,3,2822,125.27778801803531,-60.86985861117182,1.8406623597521226,1.437413125156217,2.3793246177932876
30,CS72+MOM20_7d+FundHighShort,3,2230,35.49482164106954,-62.007996537490015,0.9697154176775223,1.0074856809131192,0.9312927583483303
30,CS72+MOM20_7d+PerpShort,3,2722,12.615065049295836,-80.50837183827392,0.4886786796415342,0.9204016772331259,0.07481512339910644
30,CS72+MOM20_7d+CS72_season,3,1672,94.3330347252362,-37.695596510486936,1.7930538255428032,1.5140487925985853,2.149339866802248
30,CS72+MOM20_7d+FlushB_nocomp,3,2130,141.85177561198623,-39.424431889728616,2.1508146295461708,1.6077245826087683,2.8546458474226317
30,CS72+MOM20_7d+MOM20_season,3,1758,74.51038168575859,-49.019797621073714,1.5513069520023766,1.3707881410063103,1.7854814862857962
30,CS72+BigLong+CrowdLow,3,2718,34.7702050355553,-73.94610071155616,0.8349189355822518,0.43083003933886577,1.1097553916292968
30,CS72+BigLong+FundLowLong,3,2315,83.40296148354382,-57.10330886281798,1.4890301945167075,0.8423643604626908,2.1631618133252237
30,CS72+BigLong+FundHighShort,3,1902,1.1109657032343456,-57.9322910145389,0.21640914615831908,-0.4921665617484178,0.8623327705383008
30,CS72+BigLong+PerpShort,3,2405,-20.19264453149795,-81.69042424015693,-0.1556208127708241,-0.57282021517769,0.03708110812968024
30,CS72+BigLong+CS72_season,3,962,78.45729224084614,-29.509798781563568,1.6608188952085012,0.3819494943771897,2.208919286616978
30,CS72+BigLong+FlushB_nocomp,3,1601,151.68506754248935,-32.911263137091574,2.1486799531812073,1.1795891789309039,2.7103544831750015
30,CS72+BigLong+MOM20_season,3,1313,62.5427866618123,-41.6603731891234,1.3516000225089886,0.3781589413078435,1.8260014286197943
30,CS72+CrowdLow+FundLowLong,3,2964,53.582186276570255,-70.08899277415354,1.1451731051189933,0.8076386256235094,1.5504655885663472
30,CS72+CrowdLow+FundHighShort,3,2923,28.673755834904746,-74.1857091299245,0.7484272132513498,0.20763391104463125,1.3348487282617507
30,CS72+CrowdLow+PerpShort,3,2766,62.88226480079522,-71.57120064684047,1.2210807410422275,0.3383763928126373,1.8247293723441838
30,CS72+CrowdLow+CS72_season,3,2719,29.44776280769186,-73.94610071155616,0.7722431390783729,0.20517122845307723,1.1591596536348308
30,CS72+CrowdLow+FlushB_nocomp,3,2722,39.45836588701073,-75.28346941794332,0.9140333423361037,0.1919028133091783,1.4251007230795492
30,CS72+CrowdLow+MOM20_season,3,2727,35.78213362359932,-74.37544145302493,0.8164323176442128,0.10056940449908101,1.3136928537817445
30,CS72+FundLowLong+FundHighShort,3,2818,-5.785829618433203,-74.27544038483806,0.11944217477836097,0.1566532437179197,0.07304553638873992
30,CS72+FundLowLong+PerpShort,3,2840,-7.137533468834823,-77.30512328887087,0.1003986516348516,0.24995327541862555,-0.056916177665609476
30,CS72+FundLowLong+CS72_season,3,2030,39.93907740558809,-58.318810393165066,1.0644618014672456,0.7284316860096428,1.4817911248225575
30,CS72+FundLowLong+FlushB_nocomp,3,2346,85.71192004662109,-60.37061045819894,1.60548227493246,1.188826023699311,2.0980082460669953
30,CS72+FundLowLong+MOM20_season,3,2375,51.77888607741441,-60.59580278505927,1.2236913041111641,0.8913374781768506,1.6430803178653985
30,CS72+FundHighShort+PerpShort,3,2684,-43.969655250218494,-97.67893174623778,-0.9110118733845481,-0.8991208277784133,-0.9718084907940581
30,CS72+FundHighShort+CS72_season,3,1730,-29.007491835449606,-89.60565070804269,-0.7172450894036372,-0.5996351294775094,-0.8517465961787409
30,CS72+FundHighShort+FlushB_nocomp,3,2198,-6.836538190282071,-73.71652951730748,0.04599305787716462,-0.010996425117717219,0.09994404924669428
30,CS72+FundHighShort+MOM20_season,3,1910,-35.32601632399106,-94.22218937722366,-0.9313169207907211,-0.5377640188885651,-1.3389533282367108
30,CS72+PerpShort+CS72_season,3,2385,-54.74142520832426,-98.17120305685806,-1.1326295989189983,-1.317193403863112,-1.0662012364826663
30,CS72+PerpShort+FlushB_nocomp,3,2540,-27.01651278064653,-88.17744104592113,-0.3399217350848395,-1.042170993590044,0.07396053155419943
30,CS72+PerpShort+MOM20_season,3,2438,-50.670403729880334,-96.80494168043087,-1.0679769542569593,-0.5991618510989133,-1.3298468566753088
30,CS72+CS72_season+FlushB_nocomp,3,1339,188.9528420547931,-32.91126313709151,2.508326630805599,1.5550843950945898,3.053078526307518
30,CS72+CS72_season+MOM20_season,3,1063,32.085942308476724,-41.66037318912341,0.9982685129173556,0.8265699106778636,1.1117069475047485
30,CS72+FlushB_nocomp+MOM20_season,3,1620,99.50768924705358,-51.83752439710635,1.711484224151973,0.9741219287960233,2.1641296255240103
30,CS24+FlushA+FlushB,3,3415,138.86601187404167,-42.36865182869456,1.9500445252211873,2.0366564615965363,1.9062714760254702
30,CS24+FlushA+FlushC,3,3415,138.86601187404167,-42.36865182869456,1.9500445252211873,2.0366564615965363,1.9062714760254702
30,CS24+FlushA+FlushBTC,3,3415,138.86601187404167,-42.36865182869456,1.9500445252211873,2.0366564615965363,1.9062714760254702
30,CS24+FlushA+MOM20,3,3828,86.47058868916062,-46.42776380265556,1.5141179426518834,1.7399186545368484,1.266765407778835
30,CS24+FlushA+MOM20_7d,3,3740,114.95174310236193,-42.09869881322393,1.7870417541035108,1.7302910148965478,1.8839114335310987
30,CS24+FlushA+BigLong,3,3471,128.10371796774112,-43.10034492508319,1.8061242419976669,1.8036136508027307,1.814942206441896
30,CS24+FlushA+CrowdLow,3,3557,35.88582013259292,-63.197055256710314,0.8184258277192613,0.7340197988381287,0.8754555205844426
30,CS24+FlushA+FundLowLong,3,3673,74.58304574611978,-48.962495416347195,1.4002467949447763,1.5314825391934968,1.268961237568899
30,CS24+FlushA+FundHighShort,3,3691,32.03776242727094,-54.91616510875178,0.8345113112620646,1.0950701327994512,0.5964946470041045
30,CS24+FlushA+PerpShort,3,3512,15.158810742782913,-54.53990393844741,0.5087396117533658,0.4067963198883867,0.5743946014690859
30,CS24+FlushA+CS72_season,3,3415,138.86601187404167,-42.36865182869456,1.9500445252211873,2.0366564615965363,1.9062714760254702
30,CS24+FlushA+FlushB_nocomp,3,3415,138.86601187404167,-42.36865182869456,1.9500445252211873,2.0366564615965363,1.9062714760254702
30,CS24+FlushA+MOM20_season,3,3463,82.68172195340841,-54.288843976314816,1.41983156832244,1.8371845794387776,1.1780077838606735
30,CS24+FlushB+FlushC,3,3283,122.96713508656039,-38.297856796582664,1.988429026164237,2.2160786657977956,1.8437074498371613
30,CS24+FlushB+FlushBTC,3,3283,122.96713508656039,-38.297856796582664,1.988429026164237,2.2160786657977956,1.8437074498371613
30,CS24+FlushB+MOM20,3,3787,94.28785876385297,-47.813847246794836,1.638777013229288,1.6757615402897126,1.6056653210867848
30,CS24+FlushB+MOM20_7d,3,3692,129.79268050458197,-39.1685715681088,1.9356801179868486,2.0300610428611945,1.87512961712426
30,CS24+FlushB+BigLong,3,3385,129.50758519652368,-44.061555389237675,1.8209507796669664,2.2076736861917268,1.6309514197210047
30,CS24+FlushB+CrowdLow,3,3561,44.21978371980919,-59.27110715128339,0.9212057812044878,1.0584410585614374,0.8328811780188187
30,CS24+FlushB+FundLowLong,3,3649,79.46713856252654,-49.91694151392828,1.4928802380455282,1.4731853263845125,1.5321247845017418
30,CS24+FlushB+FundHighShort,3,3633,23.993919332472878,-54.45997827589384,0.6960941625249303,1.0753313771604256,0.33789372137305224
30,CS24+FlushB+PerpShort,3,3522,14.036540262164365,-60.68508700764469,0.4908978336082277,0.6103549611044221,0.4269466276051977
30,CS24+FlushB+CS72_season,3,3283,122.96713508656039,-38.297856796582664,1.988429026164237,2.2160786657977956,1.8437074498371613
30,CS24+FlushB+FlushB_nocomp,3,3283,122.96713508656039,-38.297856796582664,1.988429026164237,2.2160786657977956,1.8437074498371613
30,CS24+FlushB+MOM20_season,3,3372,82.35140716022178,-54.403261087077325,1.474296059603306,1.8529494172808831,1.2578437680084578
30,CS24+FlushC+FlushBTC,3,2843,99.09757794308614,-40.09541517142604,1.71545872264071,1.8588871572394012,1.6647690935804695
30,CS24+FlushC+MOM20,3,3630,92.19408966350015,-38.46865171716627,1.6484775870420236,2.0514009120871086,1.1842931899174196
30,CS24+FlushC+MOM20_7d,3,3457,124.3544352043092,-40.43547888916339,1.9736123780398385,2.3122363628570914,1.6186890508674467
30,CS24+FlushC+BigLong,3,3039,114.60951441293612,-42.77751595107573,1.7243274256499028,1.9293844919596272,1.667542098423527
30,CS24+FlushC+CrowdLow,3,3565,28.614852377527566,-72.07265480084179,0.7135255271094721,1.0938272947942496,0.45663048763565156
30,CS24+FlushC+FundLowLong,3,3481,90.10498039285717,-48.81553157628268,1.6179990505459159,1.6323313312597958,1.6276756758825954
30,CS24+FlushC+FundHighShort,3,3388,-4.249578094419693,-71.83945557832483,0.10659279227512751,0.27959354111668056,-0.05516302582200704
30,CS24+FlushC+PerpShort,3,3459,-27.281752171762697,-88.17671909747273,-0.34745721715063793,0.07629409250171446,-0.6023343838428418
30,CS24+FlushC+CS72_season,3,2797,103.48571381534022,-34.67174304669,1.7950463310920204,1.9647902226606553,1.729969548042626
30,CS24+FlushC+FlushB_nocomp,3,3144,164.61299198895253,-37.7708943993467,2.2673260438004883,2.4357208963041983,2.179595497031892
30,CS24+FlushC+MOM20_season,3,3057,76.22121373930044,-53.52296004964301,1.4696312284006312,2.2931391243001493,0.9975999187086177
30,CS24+FlushBTC+MOM20,3,3621,89.3108153419714,-34.63481115339898,1.6210979359763575,1.9070527293132142,1.2618148270055467
30,CS24+FlushBTC+MOM20_7d,3,3428,102.76644197237697,-43.011766762848225,1.765459396392121,2.074602955099878,1.4056195121872672
30,CS24+FlushBTC+BigLong,3,2969,76.4866850964635,-43.40406574108003,1.4512631077694949,1.8472044851477083,1.241567985184569
30,CS24+FlushBTC+CrowdLow,3,3563,28.06546676157511,-67.62092792464213,0.7051489242314578,0.953581902680494,0.5387975931432686
30,CS24+FlushBTC+FundLowLong,3,3422,46.555845126347165,-50.15894472988034,1.120192276458537,1.2915270602987114,0.9181468629738836
30,CS24+FlushBTC+FundHighShort,3,3355,-17.285258889550704,-84.22616285280328,-0.2417984364619321,-0.047602599212892886,-0.4444196280984961
30,CS24+FlushBTC+PerpShort,3,3428,-48.15684279462458,-97.41407036367885,-0.9906646087785183,-0.39706592748491637,-1.3662465643759572
30,CS24+FlushBTC+CS72_season,3,2688,40.39283523849233,-35.298896601873466,1.0556652924495076,1.6012536076785562,0.7102393387001293
30,CS24+FlushBTC+FlushB_nocomp,3,3089,153.6656048155563,-37.92730905365558,2.2106654938284063,2.5865458953935607,1.9782166167816144
30,CS24+FlushBTC+MOM20_season,3,2987,44.7969386060967,-55.332477577982296,1.0583257594492934,1.9848032976494514,0.44411278171630847
30,CS24+MOM20+MOM20_7d,3,3481,61.82989023908223,-49.152314501806096,1.3515405807095073,1.80294340383688,0.775234522173526
30,CS24+MOM20+BigLong,3,3511,66.36097767514102,-43.87037005992245,1.3729522503595664,1.7611841566981883,0.9228147776468865
30,CS24+MOM20+CrowdLow,3,3852,47.95389121850808,-61.40134539539031,1.0516890678508652,1.4786689286485308,0.44900872300982164
30,CS24+MOM20+FundLowLong,3,3953,46.06670398003181,-59.764091316885334,1.0221500138123842,1.4066110624194967,0.4179774580839647
30,CS24+MOM20+FundHighShort,3,3648,26.124791527587,-68.05117903488274,0.7672846501320166,1.1562003650962502,0.27251554589374827
30,CS24+MOM20+PerpShort,3,3698,-0.5570480861040394,-87.32785344827109,0.2167746235331576,1.1533872544939734,-0.8477244649676801
30,CS24+MOM20+CS72_season,3,3481,61.82989023908223,-49.152314501806096,1.3515405807095073,1.80294340383688,0.775234522173526
30,CS24+MOM20+FlushB_nocomp,3,3730,99.03436728607389,-38.32142729557834,1.7211734727342536,1.8508931686032193,1.5550925005050222
30,CS24+MOM20+MOM20_season,3,3481,61.82989023908223,-49.152314501806096,1.3515405807095073,1.80294340383688,0.775234522173526
30,CS24+MOM20_7d+BigLong,3,3337,77.77888605755767,-42.546624575237516,1.4592718144145844,1.8631980453729788,1.1111978629833872
30,CS24+MOM20_7d+CrowdLow,3,3800,44.30288364112287,-68.03392554705405,0.9810778916903252,1.5710731652487682,0.21817462112770336
30,CS24+MOM20_7d+FundLowLong,3,3873,61.535113973768205,-59.58162900572778,1.2209177719321447,1.5596978532065466,0.7313982219545968
30,CS24+MOM20_7d+FundHighShort,3,3533,19.542405214464974,-79.89817581052189,0.6403903899980983,1.3633386743610918,-0.20677281467074857
30,CS24+MOM20_7d+PerpShort,3,3645,20.52396766085525,-83.1457256691591,0.6294979997135367,1.6757942621024446,-0.45433097310251497
30,CS24+MOM20_7d+CS72_season,3,3263,74.65340353270187,-43.43081363222295,1.5233719181421623,1.930241962300468,1.065615651846798
30,CS24+MOM20_7d+FlushB_nocomp,3,3584,130.16464081261893,-41.33127534269765,1.977873263945967,2.1905406523828193,1.748538521424538
30,CS24+MOM20_7d+MOM20_season,3,3325,54.49288112747597,-42.45604320792917,1.2436596313297468,1.8164704679430304,0.5743183414178878
30,CS24+BigLong+CrowdLow,3,3562,44.23412228394417,-72.1208386638873,0.9074435986592061,1.2639777442493934,0.6746066707993501
30,CS24+BigLong+FundLowLong,3,3528,57.73024117107528,-50.6294997691179,1.206917885466843,1.179735337855536,1.2664805487666195
30,CS24+BigLong+FundHighShort,3,3310,-3.5980549422502506,-53.09454003250102,0.1264236072694879,0.008714852986383276,0.23214706595310894
30,CS24+BigLong+PerpShort,3,3365,-25.529936498160556,-86.69851289087508,-0.30858533619210365,0.6887814021486642,-0.805787317153754
30,CS24+BigLong+CS72_season,3,2783,57.81805111351663,-46.71195646978934,1.2935752846190722,1.6923813144182545,1.1959714904284233
30,CS24+BigLong+FlushB_nocomp,3,3223,149.2951338698358,-43.16071395030697,1.9728708513863078,2.0743774968775255,1.9463649658495357
30,CS24+BigLong+MOM20_season,3,2969,43.69327677534927,-50.23183314231512,1.0262204546486484,1.531424500163314,0.8070293758930344
30,CS24+CrowdLow+FundLowLong,3,3692,31.638784155844156,-67.6048822844169,0.8365005192729934,1.0178355736279776,0.6468466619036277
30,CS24+CrowdLow+FundHighShort,3,3723,26.5229532113201,-62.35663777816781,0.7183791526757897,0.40501497992315577,1.0698485792702972
30,CS24+CrowdLow+PerpShort,3,3516,54.3127615844899,-65.14082416010645,1.0252501395810403,0.9385566985436886,1.0840952221522309
30,CS24+CrowdLow+CS72_season,3,3567,20.919625950525145,-78.18577819538092,0.6042829430359816,1.0243229125581361,0.3219485812693968
30,CS24+CrowdLow+FlushB_nocomp,3,3567,11.758414139817397,-82.47789852755467,0.4600949388155523,0.9473317044988747,0.14430044444796325
30,CS24+CrowdLow+MOM20_season,3,3566,24.86986275694676,-67.22697765530008,0.667173040571172,1.0076975165694613,0.43531560614488457
30,CS24+FundLowLong+FundHighShort,3,3786,-12.254683531614441,-90.35172933866804,-0.01822491052617719,0.2469813832340409,-0.330335346649106
30,CS24+FundLowLong+PerpShort,3,3624,-3.7082136728775805,-84.17977671463723,0.18202738596974935,0.5304984926353261,-0.19704942456195398
30,CS24+FundLowLong+CS72_season,3,3380,43.457023741943246,-52.81401009988519,1.0838217477939633,1.1746030142948891,0.9834108827684768
30,CS24+FundLowLong+FlushB_nocomp,3,3563,65.89478789201122,-54.760781017443996,1.3620397418202663,1.439883438469445,1.2771525389457947
30,CS24+FundLowLong+MOM20_season,3,3566,51.2006688463367,-57.11425582055744,1.1834819130509684,1.2479389139484072,1.11732617008339
30,CS24+FundHighShort+PerpShort,3,3561,-53.5044333306052,-99.25738679104566,-1.236129785438643,-0.8072421427892097,-1.6645223629284684
30,CS24+FundHighShort+CS72_season,3,3215,-26.682527531079025,-89.19219911759879,-0.5775057533064658,-0.21393499234593713,-0.9619590614529597
30,CS24+FundHighShort+FlushB_nocomp,3,3521,-12.316629172029014,-84.58420992541733,-0.09564979054730474,0.33558917781813785,-0.5589504483802741
30,CS24+FundHighShort+MOM20_season,3,3327,-35.98774662143952,-95.75296248669363,-0.8581988350171486,-0.20252612751121743,-1.5202450679849282
30,CS24+PerpShort+CS72_season,3,3351,-57.69158695377874,-99.00992536008097,-1.3469160023778142,-0.5831171637068613,-1.7848266577604828
30,CS24+PerpShort+FlushB_nocomp,3,3470,-20.134249852151022,-82.44680009213205,-0.1540764862472116,-0.0015647949837016065,-0.24754557332265598
30,CS24+PerpShort+MOM20_season,3,3371,-51.06413988292445,-98.0654615139329,-1.1489148794047963,0.21529683360691937,-1.8755498158892951
30,CS24+CS72_season+FlushB_nocomp,3,3067,144.1209906148981,-36.38568245352902,2.1504671708303698,2.381455928589365,2.015947992778208
30,CS24+CS72_season+MOM20_season,3,2815,19.047905098849927,-58.15593037107982,0.6407434721882309,1.943099999598966,-0.05524709866236074
30,CS24+FlushB_nocomp+MOM20_season,3,3200,89.95423496539803,-56.70211498607698,1.5432559208053611,1.848026658075135,1.37285069917966
30,FlushA+FlushB+FlushC,3,1629,123.74499172737382,-49.09944157116768,1.8899384431609125,1.2346423464063347,2.319120684681643
30,FlushA+FlushB+FlushBTC,3,1629,123.74499172737382,-49.09944157116768,1.8899384431609125,1.2346423464063347,2.319120684681643
30,FlushA+FlushB+MOM20,3,2574,71.94451178340833,-70.06879512072956,1.322974704365972,1.179188012812948,1.5092421024452378
30,FlushA+FlushB+MOM20_7d,3,2289,86.87950997076487,-68.47664840190706,1.4519407555698909,1.406878911486066,1.5312146086090241
30,FlushA+FlushB+BigLong,3,1857,131.39588225779707,-49.09944161068608,1.7666905026370858,1.3434302810775576,2.0231172246269105
30,FlushA+FlushB+CrowdLow,3,2696,19.260688241958192,-65.34196022927058,0.621548737904243,0.2783554437762278,0.8496171701840797
30,FlushA+FlushB+FundLowLong,3,2437,86.80372214850516,-56.8644465711311,1.5098761891504249,1.2509329101389395,1.8187240326936236
30,FlushA+FlushB+FundHighShort,3,2379,8.44393979475444,-57.065851867313015,0.38981164252886236,0.45188206630217487,0.33386984773948164
30,FlushA+FlushB+PerpShort,3,2644,27.90136579917921,-53.80459104605254,0.7629790861462663,0.06735039808089165,1.1755365620354568
30,FlushA+FlushB+CS72_season,3,1704,125.47491328462938,-49.09944157116768,1.9097825149902778,1.1988897424615228,2.3716623109936075
30,FlushA+FlushB+FlushB_nocomp,3,1629,123.74499172737382,-49.09944157116768,1.8899384431609125,1.2346423464063347,2.319120684681643
30,FlushA+FlushB+MOM20_season,3,1846,71.02108350569942,-49.565261416507134,1.279305019436659,0.9155358846802665,1.5088038963673571
30,FlushA+FlushC+FlushBTC,3,1629,123.74499172737382,-49.09944157116768,1.8899384431609125,1.2346423464063347,2.319120684681643
30,FlushA+FlushC+MOM20,3,2574,71.94451178340833,-70.06879512072956,1.322974704365972,1.179188012812948,1.5092421024452378
30,FlushA+FlushC+MOM20_7d,3,2289,86.87950997076487,-68.47664840190706,1.4519407555698909,1.406878911486066,1.5312146086090241
30,FlushA+FlushC+BigLong,3,1857,131.39588225779707,-49.09944161068608,1.7666905026370858,1.3434302810775576,2.0231172246269105
30,FlushA+FlushC+CrowdLow,3,2696,19.260688241958192,-65.34196022927058,0.621548737904243,0.2783554437762278,0.8496171701840797
30,FlushA+FlushC+FundLowLong,3,2437,86.80372214850516,-56.8644465711311,1.5098761891504249,1.2509329101389395,1.8187240326936236
30,FlushA+FlushC+FundHighShort,3,2379,8.44393979475444,-57.065851867313015,0.38981164252886236,0.45188206630217487,0.33386984773948164
30,FlushA+FlushC+PerpShort,3,2644,27.90136579917921,-53.80459104605254,0.7629790861462663,0.06735039808089165,1.1755365620354568
30,FlushA+FlushC+CS72_season,3,1704,125.47491328462938,-49.09944157116768,1.9097825149902778,1.1988897424615228,2.3716623109936075
30,FlushA+FlushC+FlushB_nocomp,3,1629,123.74499172737382,-49.09944157116768,1.8899384431609125,1.2346423464063347,2.319120684681643
30,FlushA+FlushC+MOM20_season,3,1846,71.02108350569942,-49.565261416507134,1.279305019436659,0.9155358846802665,1.5088038963673571
30,FlushA+FlushBTC+MOM20,3,2574,71.94451178340833,-70.06879512072956,1.322974704365972,1.179188012812948,1.5092421024452378
30,FlushA+FlushBTC+MOM20_7d,3,2289,86.87950997076487,-68.47664840190706,1.4519407555698909,1.406878911486066,1.5312146086090241
30,FlushA+FlushBTC+BigLong,3,1857,131.39588225779707,-49.09944161068608,1.7666905026370858,1.3434302810775576,2.0231172246269105
30,FlushA+FlushBTC+CrowdLow,3,2696,19.260688241958192,-65.34196022927058,0.621548737904243,0.2783554437762278,0.8496171701840797
30,FlushA+FlushBTC+FundLowLong,3,2437,86.80372214850516,-56.8644465711311,1.5098761891504249,1.2509329101389395,1.8187240326936236
30,FlushA+FlushBTC+FundHighShort,3,2379,8.44393979475444,-57.065851867313015,0.38981164252886236,0.45188206630217487,0.33386984773948164
30,FlushA+FlushBTC+PerpShort,3,2644,27.90136579917921,-53.80459104605254,0.7629790861462663,0.06735039808089165,1.1755365620354568
30,FlushA+FlushBTC+CS72_season,3,1704,125.47491328462938,-49.09944157116768,1.9097825149902778,1.1988897424615228,2.3716623109936075
30,FlushA+FlushBTC+FlushB_nocomp,3,1629,123.74499172737382,-49.09944157116768,1.8899384431609125,1.2346423464063347,2.319120684681643
30,FlushA+FlushBTC+MOM20_season,3,1846,71.02108350569942,-49.565261416507134,1.279305019436659,0.9155358846802665,1.5088038963673571
30,FlushA+MOM20+MOM20_7d,3,2574,71.94451178340833,-70.06879512072956,1.322974704365972,1.179188012812948,1.5092421024452378
30,FlushA+MOM20+BigLong,3,2633,79.83072315777913,-69.9433292718775,1.4026892120234125,1.234319193750368,1.6184125820265036
30,FlushA+MOM20+CrowdLow,3,3027,55.580378777909736,-73.34165504140952,1.0862177504696795,1.0751366577075632,1.1055498613908374
30,FlushA+MOM20+FundLowLong,3,3087,77.23844392738482,-68.89328998909873,1.3518034695033463,1.4691623430056453,1.2050301679723197
30,FlushA+MOM20+FundHighShort,3,2818,38.733444905473526,-62.00054449685079,0.9142028907424605,1.0940045777739333,0.7396277664711228
30,FlushA+MOM20+PerpShort,3,2990,97.50973088943798,-63.274590123632144,1.5843235644117097,1.5407352353909434,1.6738830310421429
30,FlushA+MOM20+CS72_season,3,2593,97.54542836233995,-70.06879512072956,1.6063907114239182,1.2160448815434124,2.0848922453871688
30,FlushA+MOM20+FlushB_nocomp,3,2574,71.94451178340833,-70.06879512072956,1.322974704365972,1.179188012812948,1.5092421024452378
30,FlushA+MOM20+MOM20_season,3,2574,71.94451178340833,-70.06879512072956,1.322974704365972,1.179188012812948,1.5092421024452378
30,FlushA+MOM20_7d+BigLong,3,2389,98.57800082590768,-68.34450858051093,1.560314422790686,1.363698786879617,1.8122595037435731
30,FlushA+MOM20_7d+CrowdLow,3,2965,60.49776782503835,-73.01515260305693,1.1202606864366211,1.1325202050838472,1.1251681605646802
30,FlushA+MOM20_7d+FundLowLong,3,2931,82.89760627382208,-71.85009350865434,1.3972314287469851,1.3489193551963605,1.4655605047364317
30,FlushA+MOM20_7d+FundHighShort,3,2671,48.002657644307554,-62.41819019596,1.0223225629910206,1.0487356853821506,1.0378186723445453
30,FlushA+MOM20_7d+PerpShort,3,2924,79.8623496548424,-59.82047902081078,1.4285190098235692,1.1826617648120141,1.7317522570279738
30,FlushA+MOM20_7d+CS72_season,3,2321,88.16280350339972,-68.47664840190706,1.4829341809097114,1.3222234707471405,1.6917205671612232
30,FlushA+MOM20_7d+FlushB_nocomp,3,2289,86.87950997076487,-68.47664840190706,1.4519407555698909,1.406878911486066,1.5312146086090241
30,FlushA+MOM20_7d+MOM20_season,3,2330,66.40603406821921,-69.35928378842195,1.2285608393623977,1.2349219564185392,1.2566327431921775
30,FlushA+BigLong+CrowdLow,3,2695,27.82420588899923,-67.35253025965145,0.7461571682310333,0.5229921753294685,0.9017810185195447
30,FlushA+BigLong+FundLowLong,3,2581,74.22070250923451,-57.016206379773195,1.3318987911500495,1.1824970310758993,1.524037038192626
30,FlushA+BigLong+FundHighShort,3,2462,31.835537171396467,-57.07886414724448,0.8090416321756084,0.5747095799526791,1.0606582651933938
30,FlushA+BigLong+PerpShort,3,2653,40.52752586703061,-64.0362308278293,0.925216533962508,0.8040456171981539,1.0040015528912802
30,FlushA+BigLong+CS72_season,3,1910,117.31682830472754,-49.09944161068608,1.6725864718401382,1.108078384603673,2.0063259074612803
30,FlushA+BigLong+FlushB_nocomp,3,1857,131.39588225779707,-49.09944161068608,1.7666905026370858,1.3434302810775576,2.0231172246269105
30,FlushA+BigLong+MOM20_season,3,2000,81.38241719213784,-49.50021203145756,1.3271534957627813,0.9441009000068983,1.5612521796099528
30,FlushA+CrowdLow+FundLowLong,3,2951,54.295699404086605,-61.50508779363354,1.0922956924532656,0.8639284454824947,1.3540989243634975
30,FlushA+CrowdLow+FundHighShort,3,2907,18.46028352038054,-68.62865362636157,0.5745992231686226,0.16683489527496714,0.9866531543756923
30,FlushA+CrowdLow+PerpShort,3,2773,45.34310069672656,-69.27551365514644,0.9691359247738893,0.4215150850579109,1.3219412238207968
30,FlushA+CrowdLow+CS72_season,3,2704,30.302686089166066,-64.22693966444446,0.7711113453948489,0.48968164290370425,0.9605048442114343
30,FlushA+CrowdLow+FlushB_nocomp,3,2696,19.260688241958192,-65.34196022927058,0.621548737904243,0.2783554437762278,0.8496171701840797
30,FlushA+CrowdLow+MOM20_season,3,2708,25.01998447388134,-65.18298030375847,0.6604408349821191,0.21070622730081365,0.9629472278250687
30,FlushA+FundLowLong+FundHighShort,3,2953,19.915371263595215,-58.898058795401184,0.6494497777613416,0.8673055953187719,0.39642121901392136
30,FlushA+FundLowLong+PerpShort,3,2930,58.146412446718564,-54.98246919070353,1.2684715847784016,1.5125506683514047,1.0183332525595452
30,FlushA+FundLowLong+CS72_season,3,2478,88.58494978869409,-56.8644465711311,1.541208110240734,1.3070812636041271,1.8244084463346273
30,FlushA+FundLowLong+FlushB_nocomp,3,2437,86.80372214850516,-56.8644465711311,1.5098761891504249,1.2509329101389395,1.8187240326936236
30,FlushA+FundLowLong+MOM20_season,3,2585,55.169594922688226,-59.85053465194662,1.1768855673654568,1.117738628033291,1.2645255158854996
30,FlushA+FundHighShort+PerpShort,3,2876,3.115501444026636,-67.16903067682483,0.28632977039129653,-0.015410766626725556,0.5735623531906969
30,FlushA+FundHighShort+CS72_season,3,2416,11.22771498882389,-57.065851867313015,0.4495192537463595,0.3921658506324559,0.5179217015142193
30,FlushA+FundHighShort+FlushB_nocomp,3,2379,8.44393979475444,-57.065851867313015,0.38981164252886236,0.45188206630217487,0.33386984773948164
30,FlushA+FundHighShort+MOM20_season,3,2449,-9.004941508926944,-75.16687659791141,0.035745685288769806,0.16050396109356246,-0.07066570533428664
30,FlushA+PerpShort+CS72_season,3,2646,11.904265083200372,-54.172808402656045,0.4985360188574643,0.0755467280202411,0.7388668050887963
30,FlushA+PerpShort+FlushB_nocomp,3,2644,27.90136579917921,-53.80459104605254,0.7629790861462663,0.06735039808089165,1.1755365620354568
30,FlushA+PerpShort+MOM20_season,3,2667,25.328611304603953,-50.72687631442181,0.6896228905430141,0.5353402050611109,0.7871672176637662
30,FlushA+CS72_season+FlushB_nocomp,3,1704,125.47491328462938,-49.09944157116768,1.9097825149902778,1.1988897424615228,2.3716623109936075
30,FlushA+CS72_season+MOM20_season,3,1863,89.35106799039964,-49.50021194644467,1.5012856463776434,1.0360106802792637,1.8035347038578884
30,FlushA+FlushB_nocomp+MOM20_season,3,1846,71.02108350569942,-49.565261416507134,1.279305019436659,0.9155358846802665,1.5088038963673571
30,FlushB+FlushC+FlushBTC,3,1230,129.90339105615246,-42.1554368340027,2.07855042515121,1.64039855191984,2.3538589213803243
30,FlushB+FlushC+MOM20,3,2396,75.34634482288041,-60.732175846857174,1.395125787838957,1.3124668659090621,1.5125099110605325
30,FlushB+FlushC+MOM20_7d,3,2036,93.37656604418598,-57.84890507191083,1.5827859412295957,1.582176269305267,1.6059417957569975
30,FlushB+FlushC+BigLong,3,1527,110.55257107806757,-42.15543683400275,1.6805997825466403,1.4915136628798213,1.8133301920792821
30,FlushB+FlushC+CrowdLow,3,2671,26.92022048727456,-69.93654223296993,0.7274784085781824,0.3334088377902379,1.0023264153630522
30,FlushB+FlushC+FundLowLong,3,2270,88.87044383910676,-57.5960000664756,1.5412461848170382,1.2968401192891692,1.8362706361429595
30,FlushB+FlushC+FundHighShort,3,2168,16.16050914780198,-53.09454003250102,0.5545559278917199,0.2680942534296099,0.8544045913549805
30,FlushB+FlushC+PerpShort,3,2595,13.752948811919952,-62.86132398911184,0.5255832205098832,0.6017775293866404,0.4905682097306662
30,FlushB+FlushC+CS72_season,3,1327,143.605448511484,-42.1554368340027,2.177679366911077,1.539440527305291,2.5652657984276432
30,FlushB+FlushC+FlushB_nocomp,3,1230,129.90339105615246,-42.1554368340027,2.07855042515121,1.64039855191984,2.3538589213803243
30,FlushB+FlushC+MOM20_season,3,1546,89.11038241391394,-45.74045127187494,1.5193305823584007,1.4414208190439715,1.584432258379977
30,FlushB+FlushBTC+MOM20,3,2396,75.34634482288041,-60.732175846857174,1.395125787838957,1.3124668659090621,1.5125099110605325
30,FlushB+FlushBTC+MOM20_7d,3,2036,93.37656604418598,-57.84890507191083,1.5827859412295957,1.582176269305267,1.6059417957569975
30,FlushB+FlushBTC+BigLong,3,1527,110.55257107806757,-42.15543683400275,1.6805997825466403,1.4915136628798213,1.8133301920792821
30,FlushB+FlushBTC+CrowdLow,3,2671,26.92022048727456,-69.93654223296993,0.7274784085781824,0.3334088377902379,1.0023264153630522
30,FlushB+FlushBTC+FundLowLong,3,2270,88.87044383910676,-57.5960000664756,1.5412461848170382,1.2968401192891692,1.8362706361429595
30,FlushB+FlushBTC+FundHighShort,3,2168,16.16050914780198,-53.09454003250102,0.5545559278917199,0.2680942534296099,0.8544045913549805
30,FlushB+FlushBTC+PerpShort,3,2595,13.752948811919952,-62.86132398911184,0.5255832205098832,0.6017775293866404,0.4905682097306662
30,FlushB+FlushBTC+CS72_season,3,1327,143.605448511484,-42.1554368340027,2.177679366911077,1.539440527305291,2.5652657984276432
30,FlushB+FlushBTC+FlushB_nocomp,3,1230,129.90339105615246,-42.1554368340027,2.07855042515121,1.64039855191984,2.3538589213803243
30,FlushB+FlushBTC+MOM20_season,3,1546,89.11038241391394,-45.74045127187494,1.5193305823584007,1.4414208190439715,1.584432258379977
30,FlushB+MOM20+MOM20_7d,3,2396,75.34634482288041,-60.732175846857174,1.395125787838957,1.3124668659090621,1.5125099110605325
30,FlushB+MOM20+BigLong,3,2469,84.52326237054201,-60.56319929089364,1.4574091340510364,1.3632763826786336,1.5958526472416998
30,FlushB+MOM20+CrowdLow,3,3007,45.390333090726934,-72.01964342732239,0.9736819190635349,1.0970203044476756,0.8077192420656147
30,FlushB+MOM20+FundLowLong,3,3043,76.5991292428393,-67.66368881943623,1.343038869602472,1.3583129402582281,1.324093784955692
30,FlushB+MOM20+FundHighShort,3,2687,41.37957539500683,-57.03636019937907,0.976978901370333,0.9146025749001414,1.06311712466912
30,FlushB+MOM20+PerpShort,3,2951,55.21148743714297,-52.53313677073584,1.1427563959337417,1.2127387283309985,1.0804308823043463
30,FlushB+MOM20+CS72_season,3,2418,99.34638357872723,-60.732175846857174,1.6635307752503725,1.418243783127225,1.9730590020258678
30,FlushB+MOM20+FlushB_nocomp,3,2396,75.34634482288041,-60.732175846857174,1.395125787838957,1.3124668659090621,1.5125099110605325
30,FlushB+MOM20+MOM20_season,3,2396,75.34634482288041,-60.732175846857174,1.395125787838957,1.3124668659090621,1.5125099110605325
30,FlushB+MOM20_7d+BigLong,3,2178,85.505739815906,-57.848905071910714,1.4428513149370286,1.4881565956366385,1.4388076677573933
30,FlushB+MOM20_7d+CrowdLow,3,2943,60.10558955750553,-72.4592220998256,1.1350104125363316,1.1052462562861145,1.1778451790205622
30,FlushB+MOM20_7d+FundLowLong,3,2846,82.077174193915,-68.36253815810056,1.3898377080956565,1.3665852601069122,1.422803779818887
30,FlushB+MOM20_7d+FundHighShort,3,2507,61.28687811300084,-46.276776778695606,1.2425825737418137,1.2865562121393928,1.2238742798961133
30,FlushB+MOM20_7d+PerpShort,3,2885,84.18756436999284,-45.05689711154432,1.5171097215091072,1.4640961678436326,1.6029931756162015
30,FlushB+MOM20_7d+CS72_season,3,2077,96.71816108835294,-57.84890507191083,1.6308672419693813,1.502433174393224,1.8045212386639693
30,FlushB+MOM20_7d+FlushB_nocomp,3,2036,93.37656604418598,-57.84890507191083,1.5827859412295957,1.582176269305267,1.6059417957569975
30,FlushB+MOM20_7d+MOM20_season,3,2106,85.27355823583831,-63.474217665896894,1.4637103571401113,1.486040624911839,1.4796422883228095
30,FlushB+BigLong+CrowdLow,3,2675,36.7532049470755,-69.10421279426903,0.8576917609421567,0.3370476315405453,1.228159783631445
30,FlushB+BigLong+FundLowLong,3,2457,64.20358769989312,-56.30176269268421,1.233586686320137,1.188133934663135,1.3122785162793582
30,FlushB+BigLong+FundHighShort,3,2277,22.974354514563842,-58.31954485942883,0.6495781149978868,0.511452938446361,0.8002427021458839
30,FlushB+BigLong+PerpShort,3,2610,27.103419561945262,-59.95165568880716,0.7621946094477381,1.3019537881209788,0.43947345675373256
30,FlushB+BigLong+CS72_season,3,1597,112.80987415756898,-42.15543683400275,1.71584255832121,1.1900967719848239,2.020764080710483
30,FlushB+BigLong+FlushB_nocomp,3,1527,110.55257107806757,-42.15543683400275,1.6805997825466403,1.4915136628798213,1.8133301920792821
30,FlushB+BigLong+MOM20_season,3,1742,93.66437329787311,-45.740451271874925,1.4669661396467466,1.2654740354388943,1.6070583618763907
30,FlushB+CrowdLow+FundLowLong,3,2942,38.69884388964759,-69.90107221875301,0.9046307407592933,0.7506353172369203,1.0889073656898676
30,FlushB+CrowdLow+FundHighShort,3,2894,14.69465572700841,-67.72066531894836,0.5130748180498174,0.14285732753124028,0.907802150030633
30,FlushB+CrowdLow+PerpShort,3,2765,26.586574546308196,-72.03047150455274,0.7389390411774831,0.07693382401509574,1.1878003702123106
30,FlushB+CrowdLow+CS72_season,3,2681,34.14798670501238,-69.10421279426903,0.820986470231649,0.34110598630623706,1.155548025342012
30,FlushB+CrowdLow+FlushB_nocomp,3,2671,26.92022048727456,-69.93654223296993,0.7274784085781824,0.3334088377902379,1.0023264153630522
30,FlushB+CrowdLow+MOM20_season,3,2684,24.012826100451832,-69.10421279426896,0.6468155898788105,0.27892075818924433,0.9123772182371711
30,FlushB+FundLowLong+FundHighShort,3,2882,22.755913561564856,-67.03275702994442,0.6964122635692599,0.8687443859873363,0.5211123622846471
30,FlushB+FundLowLong+PerpShort,3,2912,52.775969296746354,-47.55950338742914,1.2003143381508838,1.2104100290718358,1.2047608789447386
30,FlushB+FundLowLong+CS72_season,3,2330,86.80165730702991,-57.5960000664756,1.5314840257542266,1.2531391704086723,1.8607925215973666
30,FlushB+FundLowLong+FlushB_nocomp,3,2270,88.87044383910676,-57.5960000664756,1.5412461848170382,1.2968401192891692,1.8362706361429595
30,FlushB+FundLowLong+MOM20_season,3,2481,58.28056521085367,-59.98014339225995,1.1880439181788214,1.3100190034187742,1.0829830066041848
30,FlushB+FundHighShort+PerpShort,3,2836,-4.422982727360692,-65.68868505019971,0.12453638415298818,0.16437116975763189,0.09131879456602335
30,FlushB+FundHighShort+CS72_season,3,2212,22.243095477584674,-53.09454003250102,0.6690266690698469,0.30711280243084776,1.03776345111264
30,FlushB+FundHighShort+FlushB_nocomp,3,2168,16.16050914780198,-53.09454003250102,0.5545559278917199,0.2680942534296099,0.8544045913549805
30,FlushB+FundHighShort+MOM20_season,3,2264,-1.6275910744321664,-60.14563084563038,0.17174199797498127,0.16785215663286873,0.18133493697361336
30,FlushB+PerpShort+CS72_season,3,2595,5.400454544406275,-68.21322758189872,0.3821476225598162,0.6017775293866404,0.26661420994572843
30,FlushB+PerpShort+FlushB_nocomp,3,2595,13.752948811919952,-62.86132398911184,0.5255832205098832,0.6017775293866404,0.4905682097306662
30,FlushB+PerpShort+MOM20_season,3,2618,-1.8988963190559538,-70.5160912814627,0.2089792508462396,0.8575107621441624,-0.14874992712888274
30,FlushB+CS72_season+FlushB_nocomp,3,1327,143.605448511484,-42.1554368340027,2.177679366911077,1.539440527305291,2.5652657984276432
30,FlushB+CS72_season+MOM20_season,3,1566,101.86068311337593,-45.74045127187494,1.6946610061670573,1.3314496612323246,1.9301824303082866
30,FlushB+FlushB_nocomp+MOM20_season,3,1546,89.11038241391394,-45.74045127187494,1.5193305823584007,1.4414208190439715,1.584432258379977
30,FlushC+FlushBTC+MOM20,3,2103,75.89969135712553,-44.81906503188481,1.4877387107414737,1.5087260977032184,1.470309408639156
30,FlushC+FlushBTC+MOM20_7d,3,1653,96.49813586438502,-41.25546873429495,1.7196374084826274,1.9224709394028854,1.4773603822556536
30,FlushC+FlushBTC+BigLong,3,971,97.17746271324374,-38.423032849197334,1.6590561721543116,1.2149124431749667,1.9193488189065075
30,FlushC+FlushBTC+CrowdLow,3,2671,23.908729520096948,-73.74582418763738,0.6974131842252398,0.2020072556203447,1.0497268538687967
30,FlushC+FlushBTC+FundLowLong,3,1932,68.92216067887477,-49.31553080676683,1.3979828136621237,1.2454563998522004,1.5901987285889334
30,FlushC+FlushBTC+FundHighShort,3,1757,-14.972157317097922,-76.69256489740651,-0.2142804470171055,-0.3644839525240621,-0.065234099390807
30,FlushC+FlushBTC+PerpShort,3,2514,-26.89147823140925,-85.51424207451998,-0.3341540221749041,-0.5839391940645248,-0.1822823871579644
30,FlushC+FlushBTC+CS72_season,3,640,85.10242343905855,-27.095353779661025,1.7396109990191906,1.06681414303233,2.126643600343182
30,FlushC+FlushBTC+FlushB_nocomp,3,1008,158.42856105255868,-33.189840992780326,2.3510388837964866,1.8570374294784286,2.656566535731932
30,FlushC+FlushBTC+MOM20_season,3,1048,45.70860081915378,-52.53870378982548,1.0646946849333676,1.2732957796445283,0.9530913194834116
30,FlushC+MOM20+MOM20_7d,3,2069,74.0105226431719,-48.6985183476619,1.4826214343813178,1.4993666010072966,1.4712128334059114
30,FlushC+MOM20+BigLong,3,2174,74.43729498623254,-48.39554506751074,1.475948886421041,1.58837128892325,1.3458993010077616
30,FlushC+MOM20+CrowdLow,3,3003,38.45762880290246,-79.8413490686355,0.8796049114707017,0.9388153795574782,0.8032866153188011
30,FlushC+MOM20+FundLowLong,3,2969,79.61229913291513,-61.83081596896922,1.4125309539984658,1.439047089381909,1.3740515178622617
30,FlushC+MOM20+FundHighShort,3,2452,38.480232616487896,-44.09434504169722,0.9966564670125417,1.0875172018090917,0.8849009273020255
30,FlushC+MOM20+PerpShort,3,2883,22.460202303458132,-72.7103499207077,0.6686064520034796,1.3813267150560424,-0.20817690476328585
30,FlushC+MOM20+CS72_season,3,2105,91.31174871475527,-48.6985183476619,1.6895704734325157,1.5579066062139435,1.8658107933657726
30,FlushC+MOM20+FlushB_nocomp,3,2309,72.53539108829308,-51.963951241638526,1.3992870826338857,1.3305428030240767,1.496243846454926
30,FlushC+MOM20+MOM20_season,3,2069,74.0105226431719,-48.6985183476619,1.4826214343813178,1.4993666010072966,1.4712128334059114
30,FlushC+MOM20_7d+BigLong,3,1797,95.29356740901807,-43.68914013763883,1.6713476805357141,1.907621644459573,1.4404309308713477
30,FlushC+MOM20_7d+CrowdLow,3,2939,59.24829524405097,-76.49776745483695,1.104621981286428,1.0088175483424004,1.2322181350136672
30,FlushC+MOM20_7d+FundLowLong,3,2717,99.49546978028962,-62.150807457773794,1.5718775090111976,1.592618058514899,1.5494727566596929
30,FlushC+MOM20_7d+FundHighShort,3,2219,60.12354090330354,-49.60621826824503,1.3066605255311254,1.5095413031371638,1.1019646634611662
30,FlushC+MOM20_7d+PerpShort,3,2807,56.508060869778774,-56.6702512080755,1.1549076675384833,1.5610205598293247,0.7305895365289445
30,FlushC+MOM20_7d+CS72_season,3,1661,106.40101566471576,-44.69428823390811,1.8453922675543502,1.9040610446753752,1.789668685019539
30,FlushC+MOM20_7d+FlushB_nocomp,3,1904,105.25288251110796,-39.019785690628275,1.7464547914980846,1.751143342299746,1.7557028381766941
30,FlushC+MOM20_7d+MOM20_season,3,1711,85.44232286642901,-44.929819283762995,1.5872746253017103,1.7990737937620147,1.3630766047373657
30,FlushC+BigLong+CrowdLow,3,2670,22.269391234323454,-73.85016872774935,0.6705171929240942,0.222605379997404,0.9842087712344102
30,FlushC+BigLong+FundLowLong,3,2223,83.30406668554846,-48.92565777662927,1.4234143504976307,1.3193661471025921,1.5856983833226468
30,FlushC+BigLong+FundHighShort,3,1899,23.81176322609091,-53.09454003250102,0.6727297546098987,0.06882809086732616,1.2316886661816828
30,FlushC+BigLong+PerpShort,3,2516,10.870606899712175,-66.11914071277536,0.47853957784995127,0.4721501360270947,0.4906845577579184
30,FlushC+BigLong+CS72_season,3,1001,104.7801661830026,-29.4446378550998,1.7568364150895777,1.1850998851205037,2.0816675539000724
30,FlushC+BigLong+FlushB_nocomp,3,1337,128.79984380611015,-39.73779260295313,1.8710551470480217,1.5164915069770641,2.093394173595042
30,FlushC+BigLong+MOM20_season,3,1268,77.38707795762711,-48.36169153691997,1.3408902027331777,1.3838465490382232,1.3742911631833035
30,FlushC+CrowdLow+FundLowLong,3,2940,33.70435327787451,-68.86872785106515,0.8371652812312578,0.6771712661620689,1.0260263113730117
30,FlushC+CrowdLow+FundHighShort,3,2888,8.06314399158563,-75.37933044094704,0.3934539765824152,0.17914116524233578,0.6418649036344332
30,FlushC+CrowdLow+PerpShort,3,2762,24.60256608839422,-65.53322998662289,0.7082094550064995,0.3268555689789392,0.9511095801024733
30,FlushC+CrowdLow+CS72_season,3,2674,28.50593184930197,-73.85016872774935,0.7609485293770984,0.23191459617306698,1.1325600836837788
30,FlushC+CrowdLow+FlushB_nocomp,3,2671,28.65955683063477,-74.64500549266397,0.7622792047207043,0.22928611102880758,1.1431610793016225
30,FlushC+CrowdLow+MOM20_season,3,2681,20.101970701045246,-74.28070681511588,0.5955705643672159,0.15870868575000144,0.8985193654615727
30,FlushC+FundLowLong+FundHighShort,3,2754,10.72003881582948,-60.13741236000196,0.47889759782064234,0.30148057158326824,0.6991719972184837
30,FlushC+FundLowLong+PerpShort,3,2873,39.06963183024246,-50.37287757902422,0.9785936210668927,0.952702871577702,1.023434958810449
30,FlushC+FundLowLong+CS72_season,3,1978,78.90391590558099,-50.37287757902422,1.531087618906581,1.3612291162220043,1.7449668090416863
30,FlushC+FundLowLong+FlushB_nocomp,3,2149,76.76647432168497,-58.12787483897948,1.455804416605977,1.3631376462766251,1.5815639471431155
30,FlushC+FundLowLong+MOM20_season,3,2266,55.098240109808486,-57.43006494361167,1.2021010030006112,1.374280698627175,1.017184022500004
30,FlushC+FundHighShort+PerpShort,3,2765,-36.97119185839831,-95.11779544838963,-0.7445311362381667,-0.4859113765457829,-1.0075511787220734
30,FlushC+FundHighShort+CS72_season,3,1775,-9.69407856589778,-76.72958944240094,-0.03878892330748081,-0.21364886095598512,0.1305852868590802
30,FlushC+FundHighShort+FlushB_nocomp,3,2024,4.35583013171208,-53.09454003250102,0.30181047290502555,0.25945345071397186,0.3513413159153265
30,FlushC+FundHighShort+MOM20_season,3,1893,-16.324039962805248,-81.51765573931705,-0.2308124186910652,-0.04718916051423439,-0.40711296192752394
30,FlushC+PerpShort+CS72_season,3,2500,-35.17161766495553,-90.49545553116467,-0.48500497397622094,-0.5258026738938221,-0.4670400573409082
30,FlushC+PerpShort+FlushB_nocomp,3,2568,-17.519945257649994,-83.41771143192499,-0.09020485719880643,0.24772652398110148,-0.29455834166458905
30,FlushC+PerpShort+MOM20_season,3,2541,-22.99014904156037,-81.90690099448969,-0.2893065556876795,0.3572755021414072,-0.6643922711621095
30,FlushC+CS72_season+FlushB_nocomp,3,1095,173.49696727457518,-33.680215229695,2.4632579082592443,1.8144853508716303,2.8528051551973106
30,FlushC+CS72_season+MOM20_season,3,1028,55.670806754503246,-41.019171221074814,1.2796779293039597,1.3843734626857473,1.2251991963594138
30,FlushC+FlushB_nocomp+MOM20_season,3,1352,85.74143113192835,-42.34573874151707,1.4972731933548786,1.2905114849791992,1.638306879715423
30,FlushBTC+MOM20+MOM20_7d,3,2024,55.34573602258834,-44.30368081489142,1.2290034784555537,1.3972336772178493,0.9925580300691523
30,FlushBTC+MOM20+BigLong,3,2136,60.66942232255443,-43.255838050100294,1.2929492058468401,1.4552213089837118,1.0690894826523285
30,FlushBTC+MOM20+CrowdLow,3,3004,29.642086198391326,-78.19204188858704,0.7564271552020176,0.9349755750845431,0.5152038878530315
30,FlushBTC+MOM20+FundLowLong,3,2947,70.17513622025977,-60.428656984733806,1.3103106702193847,1.309885604069123,1.3103547488253016
30,FlushBTC+MOM20+FundHighShort,3,2422,31.3203498325187,-44.43030913969619,0.8647217500219831,0.9674099200579467,0.7335394300097501
30,FlushBTC+MOM20+PerpShort,3,2881,18.402558028567096,-70.4546862142311,0.592349464181582,1.1091870004651074,-0.04805671823148905
30,FlushBTC+MOM20+CS72_season,3,2059,67.59580164250221,-44.30368081489142,1.4118089618508023,1.394586890857689,1.4360420456510494
30,FlushBTC+MOM20+FlushB_nocomp,3,2274,66.87583725008719,-49.84592275210278,1.368815920104031,1.4973718283714401,1.2061871405951559
30,FlushBTC+MOM20+MOM20_season,3,2024,55.34573602258834,-44.30368081489142,1.2290034784555537,1.3972336772178493,0.9925580300691523
30,FlushBTC+MOM20_7d+BigLong,3,1747,77.93410927033577,-43.807399905729696,1.4912249103258415,1.7961746444043598,1.1311260553805276
30,FlushBTC+MOM20_7d+CrowdLow,3,2938,44.56087726448739,-76.77055777767792,0.9426255979786191,1.0373029835605498,0.8409832232272134
30,FlushBTC+MOM20_7d+FundLowLong,3,2688,81.7749445504543,-57.81179347891351,1.3941725500506796,1.5278456804063536,1.2153304488433174
30,FlushBTC+MOM20_7d+FundHighShort,3,2182,43.06948022333239,-56.34778063618426,1.04857087838139,1.2970562003606174,0.7766309659656762
30,FlushBTC+MOM20_7d+PerpShort,3,2803,48.021442884931844,-54.43724904454786,1.055040440589163,1.1198946361696396,0.9972644539702353
30,FlushBTC+MOM20_7d+CS72_season,3,1604,94.97283046534035,-47.71201413955145,1.6967338424487497,1.7951110834548099,1.580604434197396
30,FlushBTC+MOM20_7d+FlushB_nocomp,3,1856,109.04036563104546,-41.50939472338396,1.7787259457410995,1.8809177714673242,1.6742980142011472
30,FlushBTC+MOM20_7d+MOM20_season,3,1650,71.59001131027176,-41.16557239542436,1.4131459545671228,1.704841769107142,1.0770873112789423
30,FlushBTC+BigLong+CrowdLow,3,2669,16.326936611447394,-75.2855973010202,0.5813875210821663,0.1258816091927909,0.8946617668987585
30,FlushBTC+BigLong+FundLowLong,3,2162,62.39321809225329,-49.06685474508048,1.2297590067730397,1.027169843106761,1.4715933458418402
30,FlushBTC+BigLong+FundHighShort,3,1829,2.0733317821404196,-63.49561712151341,0.2429363085004764,-0.35214848829788725,0.875387957757663
30,FlushBTC+BigLong+PerpShort,3,2494,-6.112754221584904,-62.08918924620217,0.1424261860461234,-0.35714486309449783,0.40595869196161344
30,FlushBTC+BigLong+CS72_season,3,882,74.97572411135276,-28.17951233470274,1.5511919759324184,1.0245938726872659,1.8628920563584874
30,FlushBTC+BigLong+FlushB_nocomp,3,1271,125.12049820812972,-38.623606243971864,1.9014039931363682,1.6340677637047143,2.0752013514334187
30,FlushBTC+BigLong+MOM20_season,3,1183,63.844455506094256,-45.3482421980156,1.2239410486018985,1.2548295662580982,1.2433175451855758
30,FlushBTC+CrowdLow+FundLowLong,3,2940,32.61261426273692,-71.89126355217603,0.8195468390278081,0.7707876489421374,0.8912116100177957
30,FlushBTC+CrowdLow+FundHighShort,3,2890,6.223412106885728,-74.30562742227204,0.3584776142915411,-0.007434008993788795,0.7536603710940145
30,FlushBTC+CrowdLow+PerpShort,3,2763,18.33816749774917,-70.18796499175562,0.6126707256215319,0.10675950071769282,0.9333439897106929
30,FlushBTC+CrowdLow+CS72_season,3,2679,21.00379149379792,-77.04340087034966,0.6524141025170642,0.11152222311198368,1.0356210421280467
30,FlushBTC+CrowdLow+FlushB_nocomp,3,2674,23.85240718354542,-74.23390548047809,0.6919352639166858,0.0874449148537349,1.115147059359651
30,FlushBTC+CrowdLow+MOM20_season,3,2682,8.81610084594584,-76.18795855681743,0.42191429524153856,-0.02598380590027125,0.7388375609611938
30,FlushBTC+FundLowLong+FundHighShort,3,2716,-14.45751279421702,-89.93896942642759,-0.05256231507933253,0.15418537422979708,-0.29773113489376146
30,FlushBTC+FundLowLong+PerpShort,3,2859,11.237438996588445,-53.48945028856147,0.49412192047907916,0.6218897121943678,0.3535784053744572
30,FlushBTC+FundLowLong+CS72_season,3,1875,35.39187633008787,-50.51006309370181,0.9518192335730647,0.9487904116555457,0.9587018396546565
30,FlushBTC+FundLowLong+FlushB_nocomp,3,2100,76.67638206859758,-55.696799483272564,1.4631450876835,1.3740968418855442,1.585013101464255
30,FlushBTC+FundLowLong+MOM20_season,3,2201,35.67714985115806,-54.525901188472716,0.9271969028616524,1.0322488615539807,0.800855560313276
30,FlushBTC+FundHighShort+PerpShort,3,2752,-36.20931294035034,-95.41254948556818,-0.6700823278381972,-0.48483288737797453,-0.8640137431276362
30,FlushBTC+FundHighShort+CS72_season,3,1689,-23.950286714289383,-87.80914145057169,-0.48847980559364834,-0.4870028774375596,-0.49834354068185266
30,FlushBTC+FundHighShort+FlushB_nocomp,3,1978,-9.707447076141563,-69.04580268995369,-0.050261940157415745,-0.06710035903004762,-0.03407823873384491
30,FlushBTC+FundHighShort+MOM20_season,3,1824,-29.60078831747406,-90.84194527751937,-0.6712918786391245,-0.3026766691672224,-1.0566436526030871
30,FlushBTC+PerpShort+CS72_season,3,2479,-50.44440691192005,-96.88007307080053,-0.9769707461875929,-1.3253642004147221,-0.7961028283842494
30,FlushBTC+PerpShort+FlushB_nocomp,3,2548,-28.57806504914039,-87.7353224121715,-0.38631237002778623,-0.3625005499699991,-0.403510052088192
30,FlushBTC+PerpShort+MOM20_season,3,2528,-36.48733452252879,-90.73766049791351,-0.6410491811271414,-0.21186461104858056,-0.9016332985523295
30,FlushBTC+CS72_season+FlushB_nocomp,3,1016,161.9790559367995,-33.03703325545211,2.3704329127213435,1.877610158989171,2.673425240480271
30,FlushBTC+CS72_season+MOM20_season,3,923,34.41645305188781,-31.491664083758973,0.9900240725865105,1.2499091986277555,0.7925848253614026
30,FlushBTC+FlushB_nocomp+MOM20_season,3,1284,76.24051474846027,-43.09513850956777,1.3807575402444663,1.3685826232120504,1.4184335722835664
30,MOM20+MOM20_7d+BigLong,3,1960,41.39624805908879,-51.641313093116366,1.0569957277610418,1.3194464252325586,0.7088133286559232
30,MOM20+MOM20_7d+CrowdLow,3,3004,29.439443617969573,-77.39931064118424,0.754101781939597,0.9617621050768599,0.4674371046257533
30,MOM20+MOM20_7d+FundLowLong,3,2919,54.78997192365797,-66.02091356945404,1.134039255447952,1.1727222208391161,1.0767488881934775
30,MOM20+MOM20_7d+FundHighShort,3,2282,7.191071381302105,-63.364267805847916,0.3677536805479481,0.613964003238138,0.0395830323483931
30,MOM20+MOM20_7d+PerpShort,3,2799,6.32558056616741,-79.27304061079307,0.36385049947684756,1.186159843199598,-0.5825540730397982
30,MOM20+MOM20_7d+CS72_season,3,1879,45.63063239204479,-52.54460866950117,1.128298591281313,1.2402996687551882,0.9904063244931816
30,MOM20+MOM20_7d+FlushB_nocomp,3,2262,61.29445328761292,-55.28394418420186,1.2930868957233705,1.367057563547414,1.2011643894808401
30,MOM20+MOM20_7d+MOM20_season,3,1836,37.135876205183216,-52.54460866950117,0.9780802871927604,1.2684511358258301,0.6062682584498512
30,MOM20+BigLong+CrowdLow,3,3003,28.96604846010209,-77.39931064118424,0.7529844299434132,0.9254960618473986,0.5042503232892019
30,MOM20+BigLong+FundLowLong,3,2967,61.39219183957352,-65.07176350666278,1.2098358555373563,1.3162271886114676,1.0511539930172857
30,MOM20+BigLong+FundHighShort,3,2352,25.858167927224084,-51.54347013991843,0.7587935111193376,0.7064870645692055,0.8296486401328601
30,MOM20+BigLong+PerpShort,3,2819,27.26533761539871,-74.42525168245255,0.7299004389165924,1.1424889857905296,0.3225393917337057
30,MOM20+BigLong+CS72_season,3,1998,53.17354016610476,-51.641313093116366,1.2514751532071973,1.3634214283450705,1.1067616554218074
30,MOM20+BigLong+FlushB_nocomp,3,2347,70.06000812921529,-55.088632620875885,1.3948722096440571,1.361668476753344,1.4436729630091651
30,MOM20+BigLong+MOM20_season,3,1960,41.39624805908879,-51.641313093116366,1.0569957277610418,1.3194464252325586,0.7088133286559232
30,MOM20+CrowdLow+FundLowLong,3,3234,53.14732637100386,-70.64854510556219,1.0656664615556852,1.2558326190567386,0.8017657342989042
30,MOM20+CrowdLow+FundHighShort,3,3096,11.284939291597574,-70.91229342136567,0.4596071534127641,0.47527117221371695,0.44054900980345746
30,MOM20+CrowdLow+PerpShort,3,3076,22.822363768327648,-81.62160420010034,0.6528883530422365,0.8098533632017069,0.46653857957096945
30,MOM20+CrowdLow+CS72_season,3,3008,34.4715701780209,-77.39931064118424,0.8254586159875149,1.0020272286873457,0.5909243672333645
30,MOM20+CrowdLow+FlushB_nocomp,3,3007,29.333080946339173,-77.34170288898142,0.7510956743537996,0.9663285329131924,0.44998909989382163
30,MOM20+CrowdLow+MOM20_season,3,3004,29.439443617969573,-77.39931064118424,0.754101781939597,0.9617621050768599,0.4674371046257533
30,MOM20+FundLowLong+FundHighShort,3,3129,32.53548959271888,-60.83998649392306,0.8347165524850105,0.9332174845261932,0.700587255423471
30,MOM20+FundLowLong+PerpShort,3,3188,60.91019336411196,-75.75361357951296,1.226469869140875,1.3102013884873631,1.1026611485050173
30,MOM20+FundLowLong+CS72_season,3,2928,68.58655433212843,-66.02091356945404,1.3078538735403435,1.2637369442877628,1.3718263680075355
30,MOM20+FundLowLong+FlushB_nocomp,3,2997,78.0269385650261,-72.9297299501241,1.3760679760574202,1.1754087966761342,1.653576122943794
30,MOM20+FundLowLong+MOM20_season,3,2919,54.78997192365797,-66.02091356945404,1.134039255447952,1.1727222208391161,1.0767488881934775
30,MOM20+FundHighShort+PerpShort,3,2939,-17.626449357126674,-90.64283790648574,-0.19287282128792055,0.5154704455236364,-0.9358189242478046
30,MOM20+FundHighShort+CS72_season,3,2314,10.77789782879126,-53.58566939959015,0.4528723325130237,0.634473484718024,0.20928458363751645
30,MOM20+FundHighShort+FlushB_nocomp,3,2589,28.770951662777478,-48.22465187653443,0.7945794779266874,1.1384124697883649,0.3776738238729123
30,MOM20+FundHighShort+MOM20_season,3,2282,7.191071381302105,-63.364267805847916,0.3677536805479481,0.613964003238138,0.0395830323483931
30,MOM20+PerpShort+CS72_season,3,2799,6.5093444793139055,-81.59309264340244,0.37043424462431335,1.2139048208595888,-0.5625030088119299
30,MOM20+PerpShort+FlushB_nocomp,3,2927,25.21871579981232,-77.2341195498497,0.7085196592864496,0.8888079534843,0.4870953060818038
30,MOM20+PerpShort+MOM20_season,3,2799,6.32558056616741,-79.27304061079307,0.36385049947684756,1.186159843199598,-0.5825540730397982
30,MOM20+CS72_season+FlushB_nocomp,3,2283,75.51400003050242,-55.28394418420186,1.4860099204665176,1.4087295229514105,1.5921424536650501
30,MOM20+CS72_season+MOM20_season,3,1879,45.63063239204479,-52.54460866950117,1.128298591281313,1.2402996687551882,0.9904063244931816
30,MOM20+FlushB_nocomp+MOM20_season,3,2262,61.29445328761292,-55.28394418420186,1.2930868957233705,1.367057563547414,1.2011643894808401
30,MOM20_7d+BigLong+CrowdLow,3,2941,41.47559659709612,-74.72721526137643,0.9164277441449871,0.9899049989777821,0.8268527956123792
30,MOM20_7d+BigLong+FundLowLong,3,2761,80.64723973361933,-64.07464223523007,1.3921431116781682,1.3378994326994789,1.4683556192593672
30,MOM20_7d+BigLong+FundHighShort,3,2133,27.106838704470793,-61.84381452585461,0.7919003125688743,0.9097616440680181,0.6601703582803622
30,MOM20_7d+BigLong+PerpShort,3,2734,38.89359258217304,-69.16174459488022,0.9017723748590013,1.2502899157348424,0.6009812477127789
30,MOM20_7d+BigLong+CS72_season,3,1598,59.65558771610204,-47.66059351521928,1.3279423053437582,1.5317556968359574,1.1111907656778288
30,MOM20_7d+BigLong+FlushB_nocomp,3,2000,90.29558088783003,-39.42443188972855,1.5759915958993618,1.6419669187697354,1.5270034742372354
30,MOM20_7d+BigLong+MOM20_season,3,1637,47.54882230860766,-50.79889264416897,1.1296169643553655,1.4213131460734154,0.816986456677065
30,MOM20_7d+CrowdLow+FundLowLong,3,3182,43.72774845002745,-79.6675252313535,0.9406769831538778,1.2766810933750783,0.4961345729163099
30,MOM20_7d+CrowdLow+FundHighShort,3,3056,28.94893055958827,-67.50485418349281,0.7554502359193422,0.7170177728051861,0.80855806615816
30,MOM20_7d+CrowdLow+PerpShort,3,3023,43.38723569629019,-80.57183549446472,0.9430029493973272,0.9067466437947721,0.9968285506242628
30,MOM20_7d+CrowdLow+CS72_season,3,2944,39.787372057532956,-74.72721526137643,0.8936378138085604,1.0762102343163915,0.6682264208237327
30,MOM20_7d+CrowdLow+FlushB_nocomp,3,2941,41.34092518239583,-76.71095854413225,0.9105376245680498,1.031754224266259,0.7602294126127326
30,MOM20_7d+CrowdLow+MOM20_season,3,2943,41.57764544832292,-74.72721526137643,0.9132727218432696,1.0789384061554759,0.7165352343752263
30,MOM20_7d+FundLowLong+FundHighShort,3,3004,45.23653896727862,-59.97486720980342,1.0301106660952808,1.1887785844262149,0.8333618808056195
30,MOM20_7d+FundLowLong+PerpShort,3,3122,88.36790851644697,-74.14291721749895,1.5441038054546443,1.1686099184525156,2.060417770639105
30,MOM20_7d+FundLowLong+CS72_season,3,2680,93.86661997086225,-60.86985861117182,1.5492904999389465,1.411626637090162,1.7358448419006314
30,MOM20_7d+FundLowLong+FlushB_nocomp,3,2764,81.77864721923731,-70.21149394914956,1.385151195650549,1.5055475661783377,1.23668929295752
30,MOM20_7d+FundLowLong+MOM20_season,3,2703,61.03250490036876,-64.75662295612432,1.1784689176757959,1.3286185219960087,0.9988258037832458
30,MOM20_7d+FundHighShort+PerpShort,3,2880,-2.526903253949475,-76.95712323706958,0.1882277124355963,0.6398002923295993,-0.2510303795310194
30,MOM20_7d+FundHighShort+CS72_season,3,2060,25.66506511163493,-57.73423424408484,0.7664950191539623,0.8151493825915653,0.7140016606889242
30,MOM20_7d+FundHighShort+FlushB_nocomp,3,2370,58.49236085172327,-37.9582147700296,1.2754932416970783,1.4927328408668887,1.0508796153174225
30,MOM20_7d+FundHighShort+MOM20_season,3,2065,14.642659675415848,-69.58767175726426,0.5352527155126185,0.6585005175595673,0.39842879426902783
30,MOM20_7d+PerpShort+CS72_season,3,2718,8.03170361191674,-78.61672417265314,0.4059875184633708,1.0829109347383203,-0.2651217115669951
30,MOM20_7d+PerpShort+FlushB_nocomp,3,2849,49.95701279003298,-73.71547654721637,1.0712506244020321,0.7522914153111434,1.4508885597171517
30,MOM20_7d+PerpShort+MOM20_season,3,2731,17.024430574027292,-74.16431363301574,0.5680143655236457,1.1532151905797012,-0.004153461832529272
30,MOM20_7d+CS72_season+FlushB_nocomp,3,1882,112.99155023045925,-39.424431889728616,1.8283859934579654,1.7027569799234816,2.0005086363029263
30,MOM20_7d+CS72_season+MOM20_season,3,1487,51.2538303611793,-49.019797621073714,1.1986694359620795,1.4712559107429861,0.9039596532075409
30,MOM20_7d+FlushB_nocomp+MOM20_season,3,1919,85.53570457766493,-44.135549592241496,1.5251020805193094,1.7057271302645456,1.3517909558570687
30,BigLong+CrowdLow+FundLowLong,3,2938,38.4271933485113,-67.98750711224064,0.8889425265055597,0.8339430121912429,0.9702005852000009
30,BigLong+CrowdLow+FundHighShort,3,2887,10.39272362817063,-74.1857091299245,0.43717512249227236,-0.043123246895115624,0.9495117911234252
30,BigLong+CrowdLow+PerpShort,3,2763,15.60572433856966,-73.01177654673322,0.570299788949066,0.18208884736081488,0.82023656416087
30,BigLong+CrowdLow+CS72_season,3,2679,11.730548858628541,-78.30698060191973,0.5112884471117576,0.09286646428340012,0.8085610134148127
30,BigLong+CrowdLow+FlushB_nocomp,3,2672,17.897385437141477,-75.28346941794332,0.6019197718543787,0.09480666756548987,0.938392846851557
30,BigLong+CrowdLow+MOM20_season,3,2683,2.956318066738217,-77.9299670480546,0.3241478991510898,0.04359503970293183,0.5254248577211382
30,BigLong+FundLowLong+FundHighShort,3,2778,27.11451318621898,-44.219329433306854,0.7655747208374347,0.38373534975820506,1.2102356199140143
30,BigLong+FundLowLong+PerpShort,3,2846,41.07296843924988,-60.36927634839719,1.0166634432632051,0.7105190543890597,1.3668660965554933
30,BigLong+FundLowLong+CS72_season,3,2155,68.17785485180094,-57.10330886281798,1.338359041693177,0.8235876212239039,1.890246542863161
30,BigLong+FundLowLong+FlushB_nocomp,3,2331,57.689981213129,-58.95264572557395,1.1779747302825656,1.0387070117811423,1.3530171560138358
30,BigLong+FundLowLong+MOM20_season,3,2345,50.08150449902584,-59.44670201880531,1.0879306251846415,0.8281045264788797,1.3801245958292718
30,BigLong+FundHighShort+PerpShort,3,2688,-13.455427478947913,-76.80939665186082,-0.029920952428245242,-0.582471170971018,0.40050785499114167
30,BigLong+FundHighShort+CS72_season,3,1710,-0.9979267619300458,-67.34650405711012,0.15957551889163213,-0.581586460816407,0.8641224205366289
30,BigLong+FundHighShort+FlushB_nocomp,3,2097,10.925620384256485,-53.09454003250102,0.44301037959295053,0.020205362470768002,0.8580770250447242
30,BigLong+FundHighShort+MOM20_season,3,1820,4.2399251437917895,-53.09454003250102,0.28659938890224745,-0.11385369750933041,0.6646795568949725
30,BigLong+PerpShort+CS72_season,3,2402,-29.174897882301398,-85.07676573605416,-0.35947974221859363,-0.5768556808896761,-0.26805205134381516
30,BigLong+PerpShort+FlushB_nocomp,3,2548,-1.6886793755693352,-70.7484183350438,0.22353507964737956,-0.5254851475678394,0.6135167958097781
30,BigLong+PerpShort+MOM20_season,3,2455,-27.78314544873125,-80.8647787530915,-0.3837187736801888,-0.14514435562484104,-0.5129198932338525
30,BigLong+CS72_season+FlushB_nocomp,3,1313,119.09936888343017,-34.670458469326334,1.8816353800426038,1.0963359493454887,2.329582471743321
30,BigLong+CS72_season+MOM20_season,3,1000,36.757013917899094,-45.54820453169739,0.9220955405112754,0.5428654967691572,1.1268901074834963
30,BigLong+FlushB_nocomp+MOM20_season,3,1495,82.07086298803495,-51.83752439710635,1.3422520622451346,0.9099162291556901,1.5938396714290712
30,CrowdLow+FundLowLong+FundHighShort,3,3135,10.357935190640966,-70.98445430251184,0.47017997074646084,0.3665862790707788,0.5927900817580019
30,CrowdLow+FundLowLong+PerpShort,3,2979,13.113692052411285,-81.46501053174143,0.520188602092638,0.5715520342583759,0.4735955350446502
30,CrowdLow+FundLowLong+CS72_season,3,2942,27.98348301148137,-77.41758048126322,0.7502410546639358,0.7301421016377222,0.7904313001640574
30,CrowdLow+FundLowLong+FlushB_nocomp,3,2940,35.45241822044367,-71.34024998736504,0.8627452613871285,0.7101724049613357,1.0434204177676956
30,CrowdLow+FundLowLong+MOM20_season,3,2950,16.6174742089622,-84.14283336094147,0.5795882837216688,0.7809264518988713,0.36538960459895703
30,CrowdLow+FundHighShort+PerpShort,3,2949,3.9113042627787697,-81.66729639494729,0.31280792690324605,-0.19662490593303864,0.8455324598557213
30,CrowdLow+FundHighShort+CS72_season,3,2892,9.782626992205845,-76.72555083783408,0.4250641261300847,-0.041237040941529426,0.9254067620916053
30,CrowdLow+FundHighShort+FlushB_nocomp,3,2891,4.904589561157602,-78.87932157103337,0.3302522109411302,-0.0016658542279050772,0.6839698051155718
30,CrowdLow+FundHighShort+MOM20_season,3,2896,9.101931065962997,-73.84398731561912,0.41303016448736457,0.07049393623037614,0.7717913413886476
30,CrowdLow+PerpShort+CS72_season,3,2765,8.934667631750148,-76.3775135179614,0.46128598336980403,-0.10497573581726287,0.84195837412438
30,CrowdLow+PerpShort+FlushB_nocomp,3,2764,7.045499570770897,-75.60194808355973,0.4342939278896893,-0.24306747771071482,0.8749039351966461
30,CrowdLow+PerpShort+MOM20_season,3,2767,11.180578235282201,-75.08734252283368,0.45901319831998366,-0.09035315639454168,0.8239021474106744
30,CrowdLow+CS72_season+FlushB_nocomp,3,2679,21.18023961040496,-75.28346941794332,0.653607652216573,0.10357437948866255,1.0457834031728652
30,CrowdLow+CS72_season+MOM20_season,3,2685,6.65680221499334,-80.82819338825773,0.38652104223151146,0.06352739846273138,0.6140352629274389
30,CrowdLow+FlushB_nocomp+MOM20_season,3,2684,4.893756243581504,-78.74348884109695,0.35885541433230705,0.008094965897842279,0.6080385911609609
30,FundLowLong+FundHighShort+PerpShort,3,3083,-8.133577415303195,-82.26925695597956,0.11925431227546918,-0.05727456946450977,0.30151052864007477
30,FundLowLong+FundHighShort+CS72_season,3,2718,-12.87822934495818,-84.75450521636142,-0.01980364615090772,0.04879702186678671,-0.09703135485388968
30,FundLowLong+FundHighShort+FlushB_nocomp,3,2810,-10.440400403701622,-86.30337888906536,0.034720209803421,0.3835684037328569,-0.36822139474486965
30,FundLowLong+FundHighShort+MOM20_season,3,2780,-25.121367395460183,-92.29670510123104,-0.36060528922476737,-0.09670021230377296,-0.660700529621398
30,FundLowLong+PerpShort+CS72_season,3,2836,-9.796481160816828,-80.51612315833015,0.037007211502641614,0.3071929396563574,-0.23852966157603467
30,FundLowLong+PerpShort+FlushB_nocomp,3,2886,31.653080849333403,-51.29239674461144,0.8683632155244888,0.9133729555463193,0.8331408000303874
30,FundLowLong+PerpShort+MOM20_season,3,2874,-1.8260073078955052,-71.52432681553222,0.2134316113093014,0.3883750655446288,0.023316056958400375
30,FundLowLong+CS72_season+FlushB_nocomp,3,2150,69.47806582119478,-60.37061045819894,1.392336236358193,1.1487725195142287,1.6836632788707298
30,FundLowLong+CS72_season+MOM20_season,3,2162,31.472358722820747,-60.59580278505927,0.8814458009311618,0.8512392978202091,0.9247222599541495
30,FundLowLong+FlushB_nocomp+MOM20_season,3,2325,39.53531167854805,-63.900599329976004,0.9635762668636684,1.158301093131287,0.7769001272477568
30,FundHighShort+PerpShort+CS72_season,3,2681,-47.67351895095418,-98.50539573734025,-1.022461882920423,-0.8302855132223995,-1.2399566733271263
30,FundHighShort+PerpShort+FlushB_nocomp,3,2802,-33.781784982560836,-93.95950727608457,-0.6249120250005455,-0.7325338186259459,-0.5373430712108626
30,FundHighShort+PerpShort+MOM20_season,3,2714,-52.025234081995734,-99.13369337560195,-1.29898318337743,-0.8832930028383068,-1.7227848594299022
30,FundHighShort+CS72_season+FlushB_nocomp,3,2006,-4.996992117974363,-66.44617991871506,0.0772362759741573,-0.1262482914666825,0.27706448928126787
30,FundHighShort+CS72_season+MOM20_season,3,1686,-36.78688242050933,-94.94459194780244,-0.9590507285533795,-0.5972948171480504,-1.3213020565977747
30,FundHighShort+FlushB_nocomp+MOM20_season,3,2077,-24.546208158233696,-88.03273734490598,-0.4077794651641591,-0.1314772301248237,-0.6677742220261069
30,PerpShort+CS72_season+FlushB_nocomp,3,2536,-36.798801389691725,-90.96300291242788,-0.5887292813422207,-1.101292095874785,-0.29856800190373156
30,PerpShort+CS72_season+MOM20_season,3,2436,-51.15910092640523,-96.95737864723046,-1.085752366031331,-0.40725618395609015,-1.4505981397135317
30,PerpShort+FlushB_nocomp+MOM20_season,3,2582,-32.7610880554547,-88.34951495808349,-0.5612681490841407,-0.3562869316493044,-0.6888939300101966
30,CS72_season+FlushB_nocomp+MOM20_season,3,1283,74.92264322654086,-51.83752439710635,1.4225641585452242,0.974248960457132,1.6940587681356958
16,CS72,1,295,21.886452131662093,-12.505970391316612,1.3923271777220183,1.1571431428971113,1.459590995665343
16,CS24,1,1578,34.08857869727511,-20.83810839753758,1.6254595153551175,2.0032805384012646,1.3985863551823137
16,FlushA,1,1049,58.87026151730848,-44.74694467176757,1.4235475600531735,1.180267352555514,1.5999143160319784
16,FlushB,1,774,68.39789289404237,-41.3604553608885,1.5168702332248984,1.0758824583273838,1.779229375182329
16,FlushC,1,261,31.946559984928168,-20.613678085567464,1.1416278482438444,0.48884383096550993,1.5734214769385177
16,FlushBTC,1,182,18.349879365605236,-18.812491174499456,0.9021071897488545,0.6897624436530013,1.1067077245834125
16,MOM20,1,1162,-0.21259130933657389,-58.90279425468313,0.16655159415946078,0.3701830663924402,0.023630124372192977
16,MOM20_7d,1,788,14.987214683963067,-46.895196918041684,0.575704785490137,0.138224349120999,0.8557110900246375
16,BigLong,1,371,33.634566035145454,-26.651275343839153,1.2826749565128803,0.7116487469915295,1.5733628911011543
16,CrowdLow,1,2415,17.510229231605457,-72.11261375183504,0.5821328482470046,0.44980461801444116,0.6683760805964166
16,FundLowLong,1,1135,-1.1320155069411864,-51.269224813731306,0.1444513484185299,0.003927156047530915,0.27351287245960637
16,FundHighShort,1,935,-41.41640444886392,-93.44084364813139,-1.4630697176164895,-1.1183819559545176,-1.6740139977692254
16,PerpShort,1,2257,-34.21684758762081,-93.7795326134602,-0.5915084438894138,-1.0213035733203155,-0.33690336352692285
16,CS72_season,1,58,6.709214306564282,-15.283810369146089,0.6204286511166021,1.4026538017381147,0.5632856169853802
16,FlushB_nocomp,1,577,69.00297762777699,-37.36473702224578,1.5551081943753717,1.0709476863351375,1.8336677592325938
16,MOM20_season,1,544,7.38919631475361,-52.37247778702352,0.3885445665794952,1.1132994696789447,-0.029557152987830796
16,CS72+CS24,2,1395,37.349761235898924,-21.85500217246259,1.6576211110389525,1.8199042090310569,1.5865336900279565
16,CS72+FlushA,2,1312,91.17285438382203,-44.74694467176757,1.8779466611085402,1.2762346290768642,2.313760094762806
16,CS72+FlushB,2,1057,99.90661846834041,-41.3604553608885,1.9061124580223805,1.2372922854953712,2.299446793718086
16,CS72+FlushC,2,554,50.28031079819431,-20.613678085567464,1.5512382227275454,0.733086940785384,2.03406674807098
16,CS72+FlushBTC,2,476,35.96844838091751,-18.812491174499456,1.4622537299421616,0.9468343361276343,1.8478552756203577
16,CS72+MOM20,2,1359,23.223577368060244,-44.02271980706852,0.7952702294119143,0.644173551054681,0.9030084544072354
16,CS72+MOM20_7d,2,1034,42.82973956612604,-45.604380755855644,1.1374892872124533,0.468130107065721,1.5452214889061415
16,CS72+BigLong,2,638,58.04805491278917,-23.11634020219874,1.8030828530355825,1.0731658548987206,2.185171247882355
16,CS72+CrowdLow,2,2519,46.77872166372752,-69.14336644550394,1.0047012729978086,0.475505569468833,1.368189183309615
16,CS72+FundLowLong,2,1372,13.032899721934065,-51.269224813731306,0.5240433065301653,0.21012076228944715,0.8072377564622456
16,CS72+FundHighShort,2,1163,-30.865194475554393,-87.79174629245585,-0.9341589266156686,-0.7428008750013542,-1.0536410880593463
16,CS72+PerpShort,2,2266,-31.07622414277007,-93.07554735216675,-0.488180293355423,-0.92642361713779,-0.2329484332906098
16,CS72+CS72_season,2,295,21.886452131662093,-12.505970391316612,1.3923271777220183,1.1571431428971113,1.459590995665343
16,CS72+FlushB_nocomp,2,862,101.34337426112529,-37.36473702224578,1.9712872519137312,1.2430473458841624,2.383811841539605
16,CS72+MOM20_season,2,801,27.786872509424263,-32.038177262028825,0.9970446042015157,1.5954277241127448,0.647545634090702
16,CS24+FlushA,2,2445,109.68005309981615,-34.26334946258207,1.9799512103369798,1.7946400581410078,2.1121069094055014
16,CS24+FlushB,2,2255,108.95311679161162,-38.63923610298821,2.0260867872850628,1.7517215547526244,2.2071757912192633
16,CS24+FlushC,2,1810,65.03166265280642,-19.641071440810897,1.761543025094863,1.4908909611196068,1.9438151396812653
16,CS24+FlushBTC,2,1737,53.125032697112175,-18.549472376812226,1.7602430093241161,1.7788840388134517,1.7458489045238066
16,CS24+MOM20,2,2419,36.94727147182342,-43.7822119272279,1.0606100719163616,1.6321976698115133,0.6760833121027724
16,CS24+MOM20_7d,2,2169,55.41647106776764,-29.90596890312427,1.3535330543423618,1.2141168119218329,1.450122098045975
16,CS24+BigLong,2,1878,70.61079688592416,-29.060721680079325,1.783775615363694,1.7133178570143097,1.8990202557063323
16,CS24+CrowdLow,2,3275,47.20808994998001,-59.9346122949237,1.0220091457716833,0.7476291921362201,1.2112672112952259
16,CS24+FundLowLong,2,2385,27.308086671874896,-48.08485934180069,0.8237994388313541,0.6804564877372354,0.9543749868251792
16,CS24+FundHighShort,2,2244,-27.818982362307597,-90.27563730981414,-0.7019163065129497,-0.2125048053982849,-0.9888898354994413
16,CS24+PerpShort,2,2938,-30.406638558738987,-94.02918548045474,-0.5560746978893054,-0.47836525942642666,-0.6061879060953184
16,CS24+CS72_season,2,1578,34.08857869727511,-20.83810839753758,1.6254595153551175,2.0032805384012646,1.3985863551823137
16,CS24+FlushB_nocomp,2,2084,111.76855221387515,-29.734122284426324,2.1766457319152237,2.0006137343316572,2.2963672358722738
16,CS24+MOM20_season,2,1987,48.93163262196938,-32.23140307176692,1.4332802440449348,2.426283755472114,0.8297551756431248
16,FlushA+FlushB,2,1049,58.87026151730848,-44.74694467176757,1.4235475600531735,1.180267352555514,1.5999143160319784
16,FlushA+FlushC,2,1049,58.87026151730848,-44.74694467176757,1.4235475600531735,1.180267352555514,1.5999143160319784
16,FlushA+FlushBTC,2,1049,58.87026151730848,-44.74694467176757,1.4235475600531735,1.180267352555514,1.5999143160319784
16,FlushA+MOM20,2,1747,24.82515682819124,-63.68998339807017,0.7149011462459566,0.879274698338446,0.6021575881613084
16,FlushA+MOM20_7d,2,1481,31.461117234023206,-50.44370609327942,0.827611896875035,0.542770916661608,1.0304840315743744
16,FlushA+BigLong,2,1271,61.880784823331325,-44.746944671767565,1.4135759728094786,1.2058997547285162,1.5572593544065259
16,FlushA+CrowdLow,2,2467,25.882120571415832,-73.31018743426615,0.7223845929570673,0.7023810312745252,0.7362950755764632
16,FlushA+FundLowLong,2,1741,47.267590000612714,-54.03047610224273,1.0352581477705327,0.8414160119504528,1.2131621309052043
16,FlushA+FundHighShort,2,1622,5.230095438750881,-57.87743988270901,0.32290068813445144,0.5582629390028521,0.14917575293822033
16,FlushA+PerpShort,2,2475,7.81549102822916,-53.996502321471866,0.4172308896797167,-0.03364416386287128,0.6825935487635332
16,FlushA+CS72_season,2,1098,65.00259307419405,-44.74694467176757,1.5049485530847597,1.1983477171846948,1.72218588606906
16,FlushA+FlushB_nocomp,2,1049,58.87026151730848,-44.74694467176757,1.4235475600531735,1.180267352555514,1.5999143160319784
16,FlushA+MOM20_season,2,1324,26.63478540679174,-44.63450112804732,0.7674117446100664,0.7010018129025205,0.8137813349070694
16,FlushB+FlushC,2,774,68.39789289404237,-41.3604553608885,1.5168702332248984,1.0758824583273838,1.779229375182329
16,FlushB+FlushBTC,2,774,68.39789289404237,-41.3604553608885,1.5168702332248984,1.0758824583273838,1.779229375182329
16,FlushB+MOM20,2,1586,13.683383377846248,-58.415924911768734,0.5126071096517528,0.4845210373658719,0.532633068787338
16,FlushB+MOM20_7d,2,1283,48.345956698862636,-53.479259033859464,1.1093706546659226,0.5038280665228331,1.516615348287771
16,FlushB+BigLong,2,1023,68.03868408288506,-41.36045536088855,1.6164927206837059,1.2889134840437921,1.8428581617700477
16,FlushB+CrowdLow,2,2423,19.03122922452298,-71.20474337486841,0.6104217010922567,0.5013102801654131,0.6829098329508287
16,FlushB+FundLowLong,2,1583,57.638972918714785,-50.48159864582408,1.1593842212199779,0.8480680299013605,1.390811649187109
16,FlushB+FundHighShort,2,1442,2.862246320713213,-60.07551834981866,0.2632056558960501,0.21091179500320675,0.29859661969502405
16,FlushB+PerpShort,2,2423,2.12722871905362,-65.70470321239341,0.2981050858319094,-0.27961853653394303,0.6411208732547888
16,FlushB+CS72_season,2,827,75.41332651411301,-41.3604553608885,1.596040874055518,1.1420426113271567,1.864795807472839
16,FlushB+FlushB_nocomp,2,774,68.39789289404237,-41.3604553608885,1.5168702332248984,1.0758824583273838,1.779229375182329
16,FlushB+MOM20_season,2,1110,30.777370863775964,-45.298321282224975,0.8857282242466755,0.7393996117863315,0.9856131045513581
16,FlushC+FlushBTC,2,297,30.769626241228522,-22.033917743347974,1.0841359213418928,0.44706683116253115,1.5140799091170836
16,FlushC+MOM20,2,1317,23.21609228471808,-51.87833585365673,0.7384026427765495,0.6396745481073371,0.8093227374451409
16,FlushC+MOM20_7d,2,958,37.791288270156656,-45.06805515607405,0.9472823912726,0.305855999412146,1.3305959642177008
16,FlushC+BigLong,2,595,53.014478915092546,-24.480709490116848,1.5334609265947605,0.7337333069541818,2.007889555486029
16,FlushC+CrowdLow,2,2418,22.01607625683475,-73.99785972639987,0.6498838832516416,0.4915500963084453,0.7544248095687646
16,FlushC+FundLowLong,2,1259,18.153187819545515,-48.958095047248065,0.6083526623221015,0.28561682093649704,0.8910487376341355
16,FlushC+FundHighShort,2,1123,-28.614936823681436,-86.00845794811214,-0.8438186675272303,-0.5656035919468796,-1.0203529627174597
16,FlushC+PerpShort,2,2344,-14.26498992286005,-78.1676916652868,-0.04502814742333515,-0.7599071746304736,0.3746112263658272
16,FlushC+CS72_season,2,318,34.660464204914554,-20.613678085567464,1.206572530830898,0.5821695160820246,1.5687519840554789
16,FlushC+FlushB_nocomp,2,633,73.39486639751827,-31.830444740830888,1.652404391768047,1.363378572306006,1.834391486981586
16,FlushC+MOM20_season,2,751,23.71407284162037,-37.25125158962598,0.7928026140508322,1.0293940421188847,0.6315776558772493
16,FlushBTC+MOM20,2,1301,18.795818309524527,-52.56178665015088,0.6494029101440494,0.7352776611660841,0.5849564039549007
16,FlushBTC+MOM20_7d,2,936,29.518520911992585,-38.76187015415703,0.8576869389413799,0.44039499238013813,1.141851992404378
16,FlushBTC+BigLong,2,536,51.473848753280606,-23.913378426893374,1.4888768508381736,1.1195730771200436,1.7154391025139202
16,FlushBTC+CrowdLow,2,2417,17.869169754022842,-74.61185337742384,0.5876104083232822,0.4394120810202299,0.6861072901414782
16,FlushBTC+FundLowLong,2,1203,4.564755839277046,-48.28171928341065,0.3083371188154101,0.18220529239201852,0.4369837336161701
16,FlushBTC+FundHighShort,2,1073,-34.63610381381671,-90.94655708067057,-1.013376817267422,-0.6690714085911865,-1.2190688729054737
16,FlushBTC+PerpShort,2,2320,-22.519432877188507,-89.59871413562406,-0.3022507926349175,-1.0925980535237083,0.14789995160357897
16,FlushBTC+CS72_season,2,239,21.83244940787481,-18.812491174499456,1.0117455198000576,0.7929550706805905,1.1752584931535865
16,FlushBTC+FlushB_nocomp,2,598,71.32322661583615,-34.69967962130917,1.5812845910200986,1.2951620126880952,1.759998439663419
16,FlushBTC+MOM20_season,2,704,22.95461355034909,-40.49179060527109,0.7902458091089724,1.290003214563017,0.4463778236104937
16,MOM20+MOM20_7d,2,1162,-0.21259130933657389,-58.90279425468313,0.16655159415946078,0.3701830663924402,0.023630124372192977
16,MOM20+BigLong,2,1258,3.662011505532381,-55.67799626502713,0.281228984086767,0.3167496279027377,0.25884386033711865
16,MOM20+CrowdLow,2,2504,-3.7191602062842,-72.4468306018287,0.16890822568246228,-0.10260865191652695,0.3750189643313139
16,MOM20+FundLowLong,2,2054,-3.520500183201569,-65.23247445330153,0.15698950519175398,0.05619817115857911,0.23674501701690853
16,MOM20+FundHighShort,2,1507,-14.978178230485838,-70.95208872079367,-0.29226841142652976,0.12494932726382516,-0.5651627198404638
16,MOM20+PerpShort,2,2388,2.8326446640452474,-54.935444409637626,0.2904478452792714,-0.06740503835222791,0.5221435107313932
16,MOM20+CS72_season,2,1195,6.305945618541897,-50.77701646050701,0.3562792692253277,0.45942728641217784,0.2830882546459137
16,MOM20+FlushB_nocomp,2,1473,21.066333948484896,-52.8614978580665,0.68679784773461,0.6334706329627313,0.7270228963937246
16,MOM20+MOM20_season,2,1162,-0.21259130933657389,-58.90279425468313,0.16655159415946078,0.3701830663924402,0.023630124372192977
16,MOM20_7d+BigLong,2,947,17.69527152719781,-53.62228570098087,0.6507585603292396,-0.136170686128748,1.1560238480467826
16,MOM20_7d+CrowdLow,2,2470,6.838914621292558,-72.42473795979032,0.39035993463187607,-0.0321440243759839,0.6794018963643307
16,MOM20_7d+FundLowLong,2,1783,13.188313067878731,-65.3598171280793,0.5008774071281722,0.0569026941191763,0.8460142792384636
16,MOM20_7d+FundHighShort,2,1290,-15.480042014042162,-64.39767195974457,-0.31724926256945074,0.3072006760313221,-0.7727320397082423
16,MOM20_7d+PerpShort,2,2347,-1.7943365350440388,-72.62412192144343,0.20671447273953827,-0.30013332079895777,0.5476335657898125
16,MOM20_7d+CS72_season,2,830,18.74393871406639,-45.604380755855644,0.6610196469660159,0.11851520792848239,1.0002303157319505
16,MOM20_7d+FlushB_nocomp,2,1143,46.26328617684061,-47.66276957977268,1.1082840140682961,0.5193865665296148,1.5009642275472086
16,MOM20_7d+MOM20_season,2,899,7.9487280808576255,-46.675995304065175,0.39559126220971896,0.258510267022273,0.48069425382442377
16,BigLong+CrowdLow,2,2416,9.61819473938268,-74.72434367828873,0.4540551403154569,0.41380467426370054,0.48133303421790447
16,BigLong+FundLowLong,2,1457,32.443076773233926,-52.23145355442216,0.8567418218233893,0.26477721421208866,1.2704750761921693
16,BigLong+FundHighShort,2,1110,-8.598480061479608,-57.043250507090036,-0.10265815753563926,-0.5437254923537146,0.10151645039951815
16,BigLong+PerpShort,2,2278,-6.946690314732429,-81.42819205871513,0.08707833826467602,-0.8630941524528739,0.6621189957565131
16,BigLong+CS72_season,2,423,40.939221387667345,-23.230786289595006,1.4643991481389702,0.8563180120700827,1.7791588334621662
16,BigLong+FlushB_nocomp,2,846,67.43047028977902,-37.36473702224576,1.644757422706242,1.1975745637128605,1.9380658415456606
16,BigLong+MOM20_season,2,757,22.918444133499683,-47.596454685614816,0.741032619833847,0.6256779304552884,0.8265428404953697
16,CrowdLow+FundLowLong,2,2608,15.092143950323855,-74.53379120544332,0.5263823089163623,0.4214307102243766,0.6030164543013646
16,CrowdLow+FundHighShort,2,2524,23.19235228761267,-66.89509233809714,0.6513636386812577,0.7513151596594334,0.5882789841621265
16,CrowdLow+PerpShort,2,2682,1.220160314949359,-82.73271475935154,0.2918329168200237,-0.5321452725776462,0.8638290462799382
16,CrowdLow+CS72_season,2,2430,28.43809261342343,-69.14336644550394,0.7498373918258731,0.4919748384877484,0.9180565568272323
16,CrowdLow+FlushB_nocomp,2,2418,19.28145056124213,-72.68940487889978,0.609051235332337,0.5228036566645567,0.6668846500262262
16,CrowdLow+MOM20_season,2,2437,15.003598425213127,-71.04352764441646,0.5211414327017633,0.3772706733234235,0.6195439716001547
16,FundLowLong+FundHighShort,2,1908,-37.37124663813333,-91.05047433824647,-0.8462093015650992,-0.31404070186995175,-1.2146696712667047
16,FundLowLong+PerpShort,2,2525,-28.411957197583227,-87.39816272652861,-0.4741810733608488,-0.7775384789497066,-0.25982599489453045
16,FundLowLong+CS72_season,2,1178,1.593896957955776,-51.269224813731306,0.2255113011845439,0.03190677102286311,0.3924663195948912
16,FundLowLong+FlushB_nocomp,2,1440,50.315441840414785,-54.12137281415832,1.0935908391622855,0.8589368232980649,1.2675094950213963
16,FundLowLong+MOM20_season,2,1573,8.60830113042974,-59.532140192608374,0.40413314680809737,0.49782767418741075,0.3297012989775885
16,FundHighShort+PerpShort,2,2385,-38.826330150483855,-95.91103575857726,-0.6785623158518354,-0.9567907397225767,-0.5230969178304709
16,FundHighShort+CS72_season,2,973,-37.744317974898,-91.22882205514125,-1.1538870952311802,-0.9656411218289384,-1.2783074676602912
16,FundHighShort+FlushB_nocomp,2,1302,-18.77450143276581,-79.29286966314244,-0.40348973573300356,0.09228633988581178,-0.7459070095583115
16,FundHighShort+MOM20_season,2,1156,-40.50747063854205,-93.80194336303165,-1.4292986303156343,-0.39282081863984014,-2.0280484916750305
16,PerpShort+CS72_season,2,2258,-34.62261996186003,-93.97754631414367,-0.6021336120735022,-1.0317776851401033,-0.3479527965494686
16,PerpShort+FlushB_nocomp,2,2380,-9.474812175118618,-79.53417253597344,0.0048524878280984075,-0.9031402134249246,0.5464133755071695
16,PerpShort+MOM20_season,2,2310,-12.575720141162726,-71.03494582808385,-0.06120138662294843,0.28680932012504284,-0.2798941413718989
16,CS72_season+FlushB_nocomp,2,632,77.21254674847597,-37.36473702224578,1.657409257235292,1.1452804661895792,1.9511191478566978
16,CS72_season+MOM20_season,2,576,12.809511159799891,-39.649345250656,0.5882449109879376,1.22660857344706,0.16729923956315315
16,FlushB_nocomp+MOM20_season,2,952,25.560008584304448,-47.88913795556524,0.7995535945983508,0.6875276087744657,0.8756962319695907
16,CS72+CS24+FlushA,3,2248,120.8359868111248,-34.26334946258207,2.101672361416285,1.7067474267581724,2.3822404418383125
16,CS72+CS24+FlushB,3,2065,119.85964745646109,-38.63923610298821,2.1500281115235063,1.6703988066879307,2.4602255216313367
16,CS72+CS24+FlushC,3,1624,72.60337609333465,-21.252287066122665,1.9287472754835007,1.3900704098616734,2.293184737471462
16,CS72+CS24+FlushBTC,3,1553,59.02494528696853,-20.000886827086084,1.861075395164868,1.6503185963333025,2.0115003651158525
16,CS72+CS24+MOM20,3,2229,42.17047100373661,-39.445607903444234,1.1782552172894607,1.5124019364830845,0.9504416752366605
16,CS72+CS24+MOM20_7d,3,1986,59.432680505629556,-32.22872199787209,1.4363294159569766,1.2094349094636083,1.5949150475445275
16,CS72+CS24+BigLong,3,1693,79.96741918450935,-28.31100140596642,1.9274119420452127,1.4814119552476093,2.202388556848785
16,CS72+CS24+CrowdLow,3,3087,45.279550071801424,-57.02682766842603,1.0134997748325378,0.920942861261578,1.0784068127558326
16,CS72+CS24+FundLowLong,3,2211,33.362863476744394,-49.27807163856951,0.9494411913509477,0.7377863288259603,1.1383332540007003
16,CS72+CS24+FundHighShort,3,2061,-25.559675793646306,-89.46968991371097,-0.5889840043180421,-0.2128685263839052,-0.8060618775646994
16,CS72+CS24+PerpShort,3,2761,-29.31565382204584,-94.40873112225805,-0.5102634453028437,-0.7451818029487155,-0.3832657935939351
16,CS72+CS24+CS72_season,3,1395,37.349761235898924,-21.85500217246259,1.6576211110389525,1.8199042090310569,1.5865336900279565
16,CS72+CS24+FlushB_nocomp,3,1896,121.46781833621318,-29.734122284426324,2.2903194213304454,1.9064913198883673,2.53719979953142
16,CS72+CS24+MOM20_season,3,1800,50.62861889085924,-34.98920778495458,1.4547682757722291,2.3371287948546393,0.913937739590652
16,CS72+FlushA+FlushB,3,1312,91.17285438382203,-44.74694467176757,1.8779466611085402,1.2762346290768642,2.313760094762806
16,CS72+FlushA+FlushC,3,1312,91.17285438382203,-44.74694467176757,1.8779466611085402,1.2762346290768642,2.313760094762806
16,CS72+FlushA+FlushBTC,3,1312,91.17285438382203,-44.74694467176757,1.8779466611085402,1.2762346290768642,2.313760094762806
16,CS72+FlushA+MOM20,3,1918,54.95846542905751,-48.206160703059076,1.240723793693557,0.9320296532985882,1.4746351393987016
16,CS72+FlushA+MOM20_7d,3,1696,78.45744511509905,-50.44370609327942,1.4336390144823516,0.8670582394357721,1.8047140196859206
16,CS72+FlushA+BigLong,3,1510,107.03731135361991,-44.746944671767565,1.8701423516075122,1.2756265239175832,2.243121729691132
16,CS72+FlushA+CrowdLow,3,2566,48.87573982559397,-62.97420792035056,1.0581197707298826,0.869625621243163,1.1939341617771546
16,CS72+FlushA+FundLowLong,3,1951,72.3350134736479,-54.03047610224273,1.3672163553123573,1.0590836874664593,1.6459918060682728
16,CS72+FlushA+FundHighShort,3,1814,31.24967203432254,-42.94715098400932,0.8830835975823257,0.8736857484178148,0.8921282442715556
16,CS72+FlushA+PerpShort,3,2485,5.599911338723418,-58.85140319019404,0.37026887522948754,-0.21899362635422182,0.7318224347149441
16,CS72+FlushA+CS72_season,3,1312,91.17285438382203,-44.74694467176757,1.8779466611085402,1.2762346290768642,2.313760094762806
16,CS72+FlushA+FlushB_nocomp,3,1312,91.17285438382203,-44.74694467176757,1.8779466611085402,1.2762346290768642,2.313760094762806
16,CS72+FlushA+MOM20_season,3,1556,57.97855017709779,-44.63450112804732,1.304755858334798,0.8646504601255025,1.60883955366405
16,CS72+FlushB+FlushC,3,1057,99.90661846834041,-41.3604553608885,1.9061124580223805,1.2372922854953712,2.299446793718086
16,CS72+FlushB+FlushBTC,3,1057,99.90661846834041,-41.3604553608885,1.9061124580223805,1.2372922854953712,2.299446793718086
16,CS72+FlushB+MOM20,3,1767,41.40225348611146,-55.21669543791001,1.0706722444101513,0.7325952738935904,1.3405759142195133
16,CS72+FlushB+MOM20_7d,3,1517,73.88535763163075,-53.479259033859464,1.481679030131284,0.7468903950180756,1.9909772339159317
16,CS72+FlushB+BigLong,3,1277,102.31088959982198,-41.36045536088855,2.0770801570123854,1.3967210245072,2.538038894968549
16,CS72+FlushB+CrowdLow,3,2530,45.443532814094986,-67.08420021583412,1.0074579285353982,0.49593971852627067,1.3515950010829234
16,CS72+FlushB+FundLowLong,3,1804,76.69954354999902,-52.785534858589855,1.3937004707972347,0.9980014565997494,1.687031340346274
16,CS72+FlushB+FundHighShort,3,1650,20.595819001273675,-47.939539608314355,0.6796073794164559,0.627921645916936,0.7151117865679244
16,CS72+FlushB+PerpShort,3,2436,-0.14156580360678017,-68.38718129986472,0.24769468822547883,-0.439732389114929,0.6766441677682015
16,CS72+FlushB+CS72_season,3,1057,99.90661846834041,-41.3604553608885,1.9061124580223805,1.2372922854953712,2.299446793718086
16,CS72+FlushB+FlushB_nocomp,3,1057,99.90661846834041,-41.3604553608885,1.9061124580223805,1.2372922854953712,2.299446793718086
16,CS72+FlushB+MOM20_season,3,1357,57.44878177337871,-45.298321282224975,1.3535442047106105,0.9395556896751383,1.6328470782877793
16,CS72+FlushC+FlushBTC,3,591,49.08701661654615,-22.033917743347974,1.491511541254326,0.6839780690814515,1.9775170044892976
16,CS72+FlushC+MOM20,3,1512,47.51070487766243,-46.40017369733259,1.231866930200094,0.8891613495308738,1.4959531008907214
16,CS72+FlushC+MOM20_7d,3,1200,63.60455928371485,-45.06805515607405,1.3542719009680726,0.5944216129110789,1.8241621783045636
16,CS72+FlushC+BigLong,3,858,80.71991782222001,-23.11634020219866,1.9784282922823224,0.9616031154006518,2.5783158272317617
16,CS72+FlushC+CrowdLow,3,2520,51.12779865486554,-69.49920057690697,1.0452330336719764,0.5838506452216314,1.3609198107089444
16,CS72+FlushC+FundLowLong,3,1496,36.4487160030913,-48.958095047248065,0.955836209685823,0.4696858281352863,1.3761018554471036
16,CS72+FlushC+FundHighShort,3,1349,-6.860865053667298,-66.80745274268013,-0.030486657504791872,-0.23963348521138111,0.09786457723467008
16,CS72+FlushC+PerpShort,3,2352,-7.901203602929641,-73.82959285880081,0.10154626174620639,-0.6218646339744042,0.5234188455923102
16,CS72+FlushC+CS72_season,3,554,50.28031079819431,-20.613678085567464,1.5512382227275454,0.733086940785384,2.03406674807098
16,CS72+FlushC+FlushB_nocomp,3,918,106.50477602792154,-31.830444740830888,2.0599644919830635,1.520007160473162,2.3825926036121516
16,CS72+FlushC+MOM20_season,3,1006,46.30075940323739,-33.72483700322205,1.2987514008602445,1.378486038559644,1.240975650548928
16,CS72+FlushBTC+MOM20,3,1497,40.82634455054139,-38.44048134820909,1.1105980483573106,0.9743491610238163,1.2169524481374145
16,CS72+FlushBTC+MOM20_7d,3,1181,59.91772102812152,-37.59915838790575,1.3557833211769963,0.7275866992437207,1.7708933036098555
16,CS72+FlushBTC+BigLong,3,802,78.633481062068,-23.11634020219866,1.9480558013135425,1.318501645908994,2.3278501558359337
16,CS72+FlushBTC+CrowdLow,3,2520,49.45436967674728,-68.88517125283491,1.0339281419894353,0.5046910584344916,1.4043609781499655
16,CS72+FlushBTC+FundLowLong,3,1439,19.116488869911528,-48.28171928341065,0.6523447575941271,0.38418874134680175,0.9215768412872395
16,CS72+FlushBTC+FundHighShort,3,1300,-22.88246490143574,-86.72782809220074,-0.5440796745513722,-0.3552374466808413,-0.6592986211547806
16,CS72+FlushBTC+PerpShort,3,2328,-19.272606502648248,-88.87932670752559,-0.20836497806649748,-0.9603765384402431,0.22694286117723875
16,CS72+FlushBTC+CS72_season,3,476,35.96844838091751,-18.812491174499456,1.4622537299421616,0.9468343361276343,1.8478552756203577
16,CS72+FlushBTC+FlushB_nocomp,3,883,104.24743026513697,-34.69967962130917,1.9956041146166457,1.4568724901099643,2.313656682158247
16,CS72+FlushBTC+MOM20_season,3,959,45.44429497170783,-28.407686392861244,1.3017734673758714,1.6430823023471597,1.0585356909097188
16,CS72+MOM20+MOM20_7d,3,1359,23.223577368060244,-44.02271980706852,0.7952702294119143,0.644173551054681,0.9030084544072354
16,CS72+MOM20+BigLong,3,1445,24.67393099081072,-42.95721327222238,0.8141685239433112,0.44983483876635455,1.057671628459682
16,CS72+MOM20+CrowdLow,3,2588,15.937115083129939,-72.4468306018287,0.5522890553626967,-0.12000213668439656,1.0501042225106445
16,CS72+MOM20+FundLowLong,3,2195,12.038890996648188,-64.14637375688352,0.4860389120281762,0.235280237794486,0.7083051769699042
16,CS72+MOM20+FundHighShort,3,1663,5.097780917969752,-52.60705153328418,0.3237765387416424,0.644981907761672,0.08772457291270838
16,CS72+MOM20+PerpShort,3,2401,4.245927529374072,-52.539086002066526,0.3202838475758263,-0.01049215993549242,0.5358479474478578
16,CS72+MOM20+CS72_season,3,1359,23.223577368060244,-44.02271980706852,0.7952702294119143,0.644173551054681,0.9030084544072354
16,CS72+MOM20+FlushB_nocomp,3,1660,53.77335268675236,-43.45016251669721,1.301410317684226,0.9121817531587153,1.6087063035469202
16,CS72+MOM20+MOM20_season,3,1359,23.223577368060244,-44.02271980706852,0.7952702294119143,0.644173551054681,0.9030084544072354
16,CS72+MOM20_7d+BigLong,3,1173,40.71896167150546,-45.29568740864166,1.1820855266510049,0.22641059165242858,1.8434047221329275
16,CS72+MOM20_7d+CrowdLow,3,2565,24.37451744148229,-72.42473795979032,0.6916104621971301,0.01595200827168357,1.2001087978709242
16,CS72+MOM20_7d+FundLowLong,3,1968,38.570607288707,-65.3598171280793,0.936743307516102,0.2662873802405652,1.4670395969322825
16,CS72+MOM20_7d+FundHighShort,3,1486,8.56252487703606,-39.071442213276484,0.4167883394803544,0.5899548634895239,0.2955397366204611
16,CS72+MOM20_7d+PerpShort,3,2359,2.911644941971514,-70.67709580956749,0.3063200400398731,-0.2802138525261318,0.6856234726180991
16,CS72+MOM20_7d+CS72_season,3,1034,42.82973956612604,-45.604380755855644,1.1374892872124533,0.468130107065721,1.5452214889061415
16,CS72+MOM20_7d+FlushB_nocomp,3,1378,68.28039712746616,-47.66276957977268,1.4599626073049778,0.6893299075240853,2.0001262869682352
16,CS72+MOM20_7d+MOM20_season,3,1132,33.05081404782515,-46.675995304065175,0.9920484404580913,0.6734876448229872,1.1973103645724423
16,CS72+BigLong+CrowdLow,3,2521,47.67445147979941,-69.14336644550394,1.0317354983650824,0.5259843647242926,1.3826147551399517
16,CS72+BigLong+FundLowLong,3,1660,53.257034271034456,-52.23145355442216,1.1967579284061995,0.4468863604627317,1.7200753440591794
16,CS72+BigLong+FundHighShort,3,1316,7.522768596464524,-39.76158685793533,0.38130688763066173,0.07037366104237305,0.5398869008094633
16,CS72+BigLong+PerpShort,3,2293,-5.990652485913984,-83.00697300300868,0.10026372427923097,-0.8995590181547863,0.7139069315760963
16,CS72+BigLong+CS72_season,3,638,58.04805491278917,-23.11634020219874,1.8030828530355825,1.0731658548987206,2.185171247882355
16,CS72+BigLong+FlushB_nocomp,3,1106,102.05948229209865,-37.36473702224576,2.128567362611996,1.29859391203015,2.667707467593579
16,CS72+BigLong+MOM20_season,3,994,46.516297990278765,-31.370108273793505,1.272776030510783,0.9083722200833986,1.490464999796644
16,CS72+CrowdLow+FundLowLong,3,2681,32.765284135265006,-68.18184081496317,0.80288353468222,0.45303368426369967,1.0945879147483455
16,CS72+CrowdLow+FundHighShort,3,2603,48.68847611127522,-55.655592842331515,1.0316718356483257,0.826463350443586,1.1776461793492286
16,CS72+CrowdLow+PerpShort,3,2689,10.57663913042255,-80.66629449225762,0.4676901321217047,-0.4163632531273133,1.090079086941039
16,CS72+CrowdLow+CS72_season,3,2519,46.77872166372752,-69.14336644550394,1.0047012729978086,0.475505569468833,1.368189183309615
16,CS72+CrowdLow+FlushB_nocomp,3,2525,54.09342007050868,-70.1793218277061,1.0875049460726869,0.4982634220137151,1.4910342211866885
16,CS72+CrowdLow+MOM20_season,3,2539,39.85596776005487,-69.14336644550394,0.8964090221690416,0.4194689986092165,1.2328392527255065
16,CS72+FundLowLong+FundHighShort,3,2078,-28.30774345644761,-86.98451119670506,-0.5660761833243789,-0.0054547145157222,-0.9652651753466742
16,CS72+FundLowLong+PerpShort,3,2531,-20.726373029114875,-83.68929115952736,-0.2511134214772411,-0.6687729359549667,0.045458637107466116
16,CS72+FundLowLong+CS72_season,3,1372,13.032899721934065,-51.269224813731306,0.5240433065301653,0.21012076228944715,0.8072377564622456
16,CS72+FundLowLong+FlushB_nocomp,3,1668,77.82282547497863,-54.12137281415832,1.4546187290644994,1.0306352947548514,1.7682200554262015
16,CS72+FundLowLong+MOM20_season,3,1772,28.717321136911032,-54.65672542391133,0.8100266082197115,0.8354064110336984,0.7902297009084931
16,CS72+FundHighShort+PerpShort,3,2395,-36.50815520992759,-94.89791315903547,-0.6368132860061368,-0.8909159956972823,-0.48717191839308877
16,CS72+FundHighShort+CS72_season,3,1163,-30.865194475554393,-87.79174629245585,-0.9341589266156686,-0.7428008750013542,-1.0536410880593463
16,CS72+FundHighShort+FlushB_nocomp,3,1515,-2.605316267238411,-71.51888080569975,0.11387010015379005,0.24870389715493185,0.020054420927980782
16,CS72+FundHighShort+MOM20_season,3,1359,-32.92642292171624,-90.75577293830092,-1.0458920991132044,-0.16474382912946117,-1.5708801022488825
16,CS72+PerpShort+CS72_season,3,2266,-31.07622414277007,-93.07554735216675,-0.488180293355423,-0.92642361713779,-0.2329484332906098
16,CS72+PerpShort+FlushB_nocomp,3,2392,-5.499190048991254,-79.50532706329867,0.1028341349664603,-0.9630440898250318,0.7572461416746864
16,CS72+PerpShort+MOM20_season,3,2322,-9.623560626326299,-69.8340857506838,0.014707025042117747,0.3346800795648917,-0.18094768150973192
16,CS72+CS72_season+FlushB_nocomp,3,862,101.34337426112529,-37.36473702224578,1.9712872519137312,1.2430473458841624,2.383811841539605
16,CS72+CS72_season+MOM20_season,3,801,27.786872509424263,-32.038177262028825,0.9970446042015157,1.5954277241127448,0.647545634090702
16,CS72+FlushB_nocomp+MOM20_season,3,1199,50.149108938227215,-47.88913795556524,1.270743877781687,0.8959351285277073,1.5198916892176089
16,CS24+FlushA+FlushB,3,2445,109.68005309981615,-34.26334946258207,1.9799512103369798,1.7946400581410078,2.1121069094055014
16,CS24+FlushA+FlushC,3,2445,109.68005309981615,-34.26334946258207,1.9799512103369798,1.7946400581410078,2.1121069094055014
16,CS24+FlushA+FlushBTC,3,2445,109.68005309981615,-34.26334946258207,1.9799512103369798,1.7946400581410078,2.1121069094055014
16,CS24+FlushA+MOM20,3,2856,53.55122465405777,-47.83087328543524,1.1795838438142143,1.4671902116238429,0.9613109423656229
16,CS24+FlushA+MOM20_7d,3,2719,72.2260677874981,-37.349496216120556,1.3890971140117663,1.3134251160122101,1.443107556803314
16,CS24+FlushA+BigLong,3,2601,115.3780958720489,-34.26334946258203,1.9469614408894647,1.6570429554930661,2.14182316870733
16,CS24+FlushA+CrowdLow,3,3266,66.99379400830496,-60.08032477916666,1.2307999857559746,1.0232016727159758,1.3648852509394391
16,CS24+FlushA+FundLowLong,3,2837,90.65429819113521,-50.80318234631156,1.5403919215964466,1.4027807078045356,1.6696575370615723
16,CS24+FlushA+FundHighShort,3,2759,24.6935802702557,-53.562116063256006,0.7515544255507539,1.127549144220766,0.4868191968988759
16,CS24+FlushA+PerpShort,3,3115,16.495951443321278,-55.455183544898624,0.5413155910442033,0.09750542682114377,0.816565007589793
16,CS24+FlushA+CS72_season,3,2445,109.68005309981615,-34.26334946258207,1.9799512103369798,1.7946400581410078,2.1121069094055014
16,CS24+FlushA+FlushB_nocomp,3,2445,109.68005309981615,-34.26334946258207,1.9799512103369798,1.7946400581410078,2.1121069094055014
16,CS24+FlushA+MOM20_season,3,2621,81.52719228552603,-32.64446799478525,1.625529860806946,1.784776331873116,1.5150016348941808
16,CS24+FlushB+FlushC,3,2255,108.95311679161162,-38.63923610298821,2.0260867872850628,1.7517215547526244,2.2071757912192633
16,CS24+FlushB+FlushBTC,3,2255,108.95311679161162,-38.63923610298821,2.0260867872850628,1.7517215547526244,2.2071757912192633
16,CS24+FlushB+MOM20,3,2761,62.451792813622205,-42.028661465217255,1.363335495437697,1.503526215027287,1.257566599300296
16,CS24+FlushB+MOM20_7d,3,2587,85.45643157573434,-45.57882408083284,1.5633372536624999,1.2450009621816933,1.7779709769177645
16,CS24+FlushB+BigLong,3,2433,113.62213504147394,-38.639236102988264,2.0599393143350064,1.7005888636940631,2.300457350470024
16,CS24+FlushB+CrowdLow,3,3268,61.81113102252274,-59.944985268121364,1.1738982362379904,1.0137880885824573,1.279159399392811
16,CS24+FlushB+FundLowLong,3,2727,87.54632413548187,-50.339747830751676,1.5404756017930834,1.3285275284810676,1.7165848141741136
16,CS24+FlushB+FundHighShort,3,2649,15.033315299024054,-61.52099126550705,0.5516452627916771,0.6014006218502754,0.5188289950454388
16,CS24+FlushB+PerpShort,3,3101,-4.014762787724346,-70.8416142446908,0.134258412799129,-0.22414832271970517,0.3482721210118301
16,CS24+FlushB+CS72_season,3,2255,108.95311679161162,-38.63923610298821,2.0260867872850628,1.7517215547526244,2.2071757912192633
16,CS24+FlushB+FlushB_nocomp,3,2255,108.95311679161162,-38.63923610298821,2.0260867872850628,1.7517215547526244,2.2071757912192633
16,CS24+FlushB+MOM20_season,3,2475,81.03095880564291,-41.18106423206987,1.6897610372074938,1.801122446574949,1.6157908353839385
16,CS24+FlushC+FlushBTC,3,1839,63.00619553192175,-19.669503017960977,1.6863107515520408,1.3900838126935102,1.8876466924857678
16,CS24+FlushC+MOM20,3,2548,59.97419307489269,-35.84214824561383,1.4269538238169563,1.970766210550171,1.0402988879761836
16,CS24+FlushC+MOM20_7d,3,2318,78.37113863526459,-27.8120814640179,1.5866463655908665,1.3562922827434871,1.7420577768590766
16,CS24+FlushC+BigLong,3,2070,87.65205191401766,-28.30201215749546,1.974433332876881,1.3992787365253714,2.335670313681049
16,CS24+FlushC+CrowdLow,3,3271,56.385783352684356,-62.835372472310056,1.120308134756701,0.9408445041273293,1.2425304003792663
16,CS24+FlushC+FundLowLong,3,2485,46.094100771894865,-44.3598013531889,1.1008952990413354,0.9087419595673627,1.2865102093902117
16,CS24+FlushC+FundHighShort,3,2393,-18.464797639357535,-86.64968181809112,-0.34030235246455054,0.11351213344082785,-0.6197604878194178
16,CS24+FlushC+PerpShort,3,3025,-7.058222390111901,-77.5097209402786,0.06827012910212779,-0.3970511974284048,0.34718654605296273
16,CS24+FlushC+CS72_season,3,1810,65.03166265280642,-19.641071440810897,1.761543025094863,1.4908909611196068,1.9438151396812653
16,CS24+FlushC+FlushB_nocomp,3,2132,116.71751445449136,-29.53898228998404,2.2102185013864,2.089024020363075,2.2946874194043025
16,CS24+FlushC+MOM20_season,3,2168,64.35112720016262,-30.832721146142383,1.5846788225424806,2.0764048860012205,1.225974648191596
16,CS24+FlushBTC+MOM20,3,2546,57.96285552241085,-35.286137623041434,1.3538666324116326,1.8850446194753494,0.9689582080788078
16,CS24+FlushBTC+MOM20_7d,3,2305,74.63135749343228,-26.672656074066804,1.5777014427631453,1.4796164277410666,1.6477860707174452
16,CS24+FlushBTC+BigLong,3,2022,90.07289280789684,-26.025400805139576,1.9277163282303063,1.8085485895867686,2.024231764286144
16,CS24+FlushBTC+CrowdLow,3,3274,51.9693689318468,-61.20400033133693,1.0733054660944765,0.8292510629212093,1.246135695182052
16,CS24+FlushBTC+FundLowLong,3,2435,32.56308494029447,-44.3598013531889,0.899531897645745,0.7341487250518008,1.072730249754236
16,CS24+FlushBTC+FundHighShort,3,2361,-19.524169238488188,-87.73121638393002,-0.37028183141090365,0.03195614920387636,-0.6083258934139455
16,CS24+FlushBTC+PerpShort,3,3001,-14.141343086018665,-87.31302827832887,-0.12122308765586415,-0.3563013420472072,0.024122164031099055
16,CS24+FlushBTC+CS72_season,3,1737,53.125032697112175,-18.549472376812226,1.7602430093241161,1.7788840388134517,1.7458489045238066
16,CS24+FlushBTC+FlushB_nocomp,3,2099,113.97354698391902,-29.28863705218131,2.1935676979173415,2.17150202589203,2.218066501456797
16,CS24+FlushBTC+MOM20_season,3,2125,65.61730054712413,-28.077432909368994,1.6249633781674355,2.2881009794410416,1.1559419178231811
16,CS24+MOM20+MOM20_7d,3,2419,36.94727147182342,-43.7822119272279,1.0606100719163616,1.6321976698115133,0.6760833121027724
16,CS24+MOM20+BigLong,3,2488,32.35530971584921,-42.809328484265855,0.999310324719971,1.4249967117353428,0.6911987166934289
16,CS24+MOM20+CrowdLow,3,3282,26.452286655008585,-61.9242814073667,0.7296940627140935,0.5721014680516407,0.8453848119330993
16,CS24+MOM20+FundLowLong,3,2972,27.790420362704026,-59.58182540826043,0.7684956433774301,0.8102094315287933,0.7353484217325488
16,CS24+MOM20+FundHighShort,3,2620,6.9802144913550634,-72.66011165519998,0.37716696894873464,1.5203401137052128,-0.3594538866362171
16,CS24+MOM20+PerpShort,3,3036,3.0190403128178556,-62.82234079985783,0.2861168356441577,0.2177524358400778,0.3313655852980257
16,CS24+MOM20+CS72_season,3,2419,36.94727147182342,-43.7822119272279,1.0606100719163616,1.6321976698115133,0.6760833121027724
16,CS24+MOM20+FlushB_nocomp,3,2690,62.35866983357323,-34.90013224790732,1.4239201175088114,1.8593980654946456,1.093444113871026
16,CS24+MOM20+MOM20_season,3,2419,36.94727147182342,-43.7822119272279,1.0606100719163616,1.6321976698115133,0.6760833121027724
16,CS24+MOM20_7d+BigLong,3,2287,58.42857146336213,-33.52780907144706,1.3750592219208515,1.0276335339324405,1.6012147723190027
16,CS24+MOM20_7d+CrowdLow,3,3281,40.53966775033431,-59.75019321725716,0.9538526123358646,0.8997953017623266,0.9938829126560315
16,CS24+MOM20_7d+FundLowLong,3,2831,36.860303711166374,-59.38653581460882,0.9007127796051732,0.7974287108578835,0.9769605595637684
16,CS24+MOM20_7d+FundHighShort,3,2486,-0.371823950536998,-76.72623927808591,0.18904705105468012,1.2979981222502617,-0.5291631039590663
16,CS24+MOM20_7d+PerpShort,3,3009,5.883865375551545,-70.09066303917906,0.3577353773957084,0.5560685349339073,0.23268783846198657
16,CS24+MOM20_7d+CS72_season,3,2169,55.41647106776764,-29.90596890312427,1.3535330543423618,1.2141168119218329,1.450122098045975
16,CS24+MOM20_7d+FlushB_nocomp,3,2477,92.93309476025404,-34.62478213945725,1.7082042656793262,1.4340326385176516,1.895320241773353
16,CS24+MOM20_7d+MOM20_season,3,2255,45.789701377859515,-38.90341403157507,1.1998946550591305,1.4163053270224701,1.058697950927173
16,CS24+BigLong+CrowdLow,3,3271,47.419611703975704,-58.786692215291446,1.0048521103295611,0.6411969394201529,1.2393486912088147
16,CS24+BigLong+FundLowLong,3,2626,57.32065404751137,-47.0722388856341,1.1905076573296065,0.6967834692823547,1.5203187177523254
16,CS24+BigLong+FundHighShort,3,2375,19.956535169956435,-43.203294121815915,0.6638053682042246,0.3748560222486328,0.8256907768889415
16,CS24+BigLong+PerpShort,3,2952,-0.632459714727629,-80.8777883412065,0.20264144283737653,-0.3621817610067578,0.5127735408538735
16,CS24+BigLong+CS72_season,3,1878,70.61079688592416,-29.060721680079325,1.783775615363694,1.7133178570143097,1.8990202557063323
16,CS24+BigLong+FlushB_nocomp,3,2288,118.0201329003217,-29.734122284426345,2.1948413554037716,1.9114378018431448,2.3825400014389486
16,CS24+BigLong+MOM20_season,3,2156,65.49689829397502,-36.36474398675137,1.452224054184139,1.8721059991811124,1.2977560035564282
16,CS24+CrowdLow+FundLowLong,3,3262,16.07796531735193,-73.87088185192844,0.5464497610255707,0.5550388359472082,0.5397495248373336
16,CS24+CrowdLow+FundHighShort,3,3273,68.23804584133326,-65.13349600932908,1.3038435023879331,1.6440641948659482,1.0850625501539082
16,CS24+CrowdLow+PerpShort,3,3244,32.321594210792924,-61.642894439052355,0.8111879733011088,0.39552936994861987,1.0991615422683696
16,CS24+CrowdLow+CS72_season,3,3275,47.20808994998001,-59.9346122949237,1.0220091457716833,0.7476291921362201,1.2112672112952259
16,CS24+CrowdLow+FlushB_nocomp,3,3269,47.883417353822935,-59.796527815798854,1.024110163159561,0.7508048771039498,1.2181435548460657
16,CS24+CrowdLow+MOM20_season,3,3278,42.36585093913385,-59.59623566540382,0.9694616999352694,0.7967922468169191,1.0903794208744995
16,CS24+FundLowLong+FundHighShort,3,2883,-27.020358924962405,-88.37001207010573,-0.46519022667290527,0.024477097288627996,-0.8093402678844744
16,CS24+FundLowLong+PerpShort,3,3090,-24.45401572178838,-87.90259632248625,-0.3666815529430774,-0.10836270324347304,-0.553066548063333
16,CS24+FundLowLong+CS72_season,3,2385,27.308086671874896,-48.08485934180069,0.8237994388313541,0.6804564877372354,0.9543749868251792
16,CS24+FundLowLong+FlushB_nocomp,3,2622,79.47261475085861,-46.730735397040476,1.493710886483108,1.3355803143843654,1.6316305011159469
16,CS24+FundLowLong+MOM20_season,3,2697,40.93745234981456,-56.70807713655637,1.0144323914777564,1.227745735111614,0.8354408517497135
16,CS24+FundHighShort+PerpShort,3,3007,-42.99640300476909,-97.25727414517952,-0.9616183487207753,-1.0867601977843153,-0.894696798027991
16,CS24+FundHighShort+CS72_season,3,2244,-27.818982362307597,-90.27563730981414,-0.7019163065129497,-0.2125048053982849,-0.9888898354994413
16,CS24+FundHighShort+FlushB_nocomp,3,2544,-2.4377050285620427,-81.4732380860935,0.15490173909384058,0.7987112420287794,-0.25909430383728294
16,CS24+FundHighShort+MOM20_season,3,2410,-25.219750889958238,-91.12411592959317,-0.604026165852483,0.1450041976890689,-1.042338392401811
16,CS24+PerpShort+CS72_season,3,2938,-30.406638558738987,-94.02918548045474,-0.5560746978893054,-0.47836525942642666,-0.6061879060953184
16,CS24+PerpShort+FlushB_nocomp,3,3058,-15.66959998654992,-84.80362278370505,-0.14972589732301422,-0.4915913433527708,0.07377799996565938
16,CS24+PerpShort+MOM20_season,3,2987,-15.790262191797433,-83.69026698370277,-0.15898706657239214,0.3917126743867251,-0.49967934849046325
16,CS24+CS72_season+FlushB_nocomp,3,2084,111.76855221387515,-29.734122284426324,2.1766457319152237,2.0006137343316572,2.2963672358722738
16,CS24+CS72_season+MOM20_season,3,1987,48.93163262196938,-32.23140307176692,1.4332802440449348,2.426283755472114,0.8297551756431248
16,CS24+FlushB_nocomp+MOM20_season,3,2337,74.75849767239393,-35.556879689907575,1.6520293380359758,1.8793125923332112,1.497490691273076
16,FlushA+FlushB+FlushC,3,1049,58.87026151730848,-44.74694467176757,1.4235475600531735,1.180267352555514,1.5999143160319784
16,FlushA+FlushB+FlushBTC,3,1049,58.87026151730848,-44.74694467176757,1.4235475600531735,1.180267352555514,1.5999143160319784
16,FlushA+FlushB+MOM20,3,1747,24.82515682819124,-63.68998339807017,0.7149011462459566,0.879274698338446,0.6021575881613084
16,FlushA+FlushB+MOM20_7d,3,1481,31.461117234023206,-50.44370609327942,0.827611896875035,0.542770916661608,1.0304840315743744
16,FlushA+FlushB+BigLong,3,1271,61.880784823331325,-44.746944671767565,1.4135759728094786,1.2058997547285162,1.5572593544065259
16,FlushA+FlushB+CrowdLow,3,2467,25.882120571415832,-73.31018743426615,0.7223845929570673,0.7023810312745252,0.7362950755764632
16,FlushA+FlushB+FundLowLong,3,1741,47.267590000612714,-54.03047610224273,1.0352581477705327,0.8414160119504528,1.2131621309052043
16,FlushA+FlushB+FundHighShort,3,1622,5.230095438750881,-57.87743988270901,0.32290068813445144,0.5582629390028521,0.14917575293822033
16,FlushA+FlushB+PerpShort,3,2475,7.81549102822916,-53.996502321471866,0.4172308896797167,-0.03364416386287128,0.6825935487635332
16,FlushA+FlushB+CS72_season,3,1098,65.00259307419405,-44.74694467176757,1.5049485530847597,1.1983477171846948,1.72218588606906
16,FlushA+FlushB+FlushB_nocomp,3,1049,58.87026151730848,-44.74694467176757,1.4235475600531735,1.180267352555514,1.5999143160319784
16,FlushA+FlushB+MOM20_season,3,1324,26.63478540679174,-44.63450112804732,0.7674117446100664,0.7010018129025205,0.8137813349070694
16,FlushA+FlushC+FlushBTC,3,1049,58.87026151730848,-44.74694467176757,1.4235475600531735,1.180267352555514,1.5999143160319784
16,FlushA+FlushC+MOM20,3,1747,24.82515682819124,-63.68998339807017,0.7149011462459566,0.879274698338446,0.6021575881613084
16,FlushA+FlushC+MOM20_7d,3,1481,31.461117234023206,-50.44370609327942,0.827611896875035,0.542770916661608,1.0304840315743744
16,FlushA+FlushC+BigLong,3,1271,61.880784823331325,-44.746944671767565,1.4135759728094786,1.2058997547285162,1.5572593544065259
16,FlushA+FlushC+CrowdLow,3,2467,25.882120571415832,-73.31018743426615,0.7223845929570673,0.7023810312745252,0.7362950755764632
16,FlushA+FlushC+FundLowLong,3,1741,47.267590000612714,-54.03047610224273,1.0352581477705327,0.8414160119504528,1.2131621309052043
16,FlushA+FlushC+FundHighShort,3,1622,5.230095438750881,-57.87743988270901,0.32290068813445144,0.5582629390028521,0.14917575293822033
16,FlushA+FlushC+PerpShort,3,2475,7.81549102822916,-53.996502321471866,0.4172308896797167,-0.03364416386287128,0.6825935487635332
16,FlushA+FlushC+CS72_season,3,1098,65.00259307419405,-44.74694467176757,1.5049485530847597,1.1983477171846948,1.72218588606906
16,FlushA+FlushC+FlushB_nocomp,3,1049,58.87026151730848,-44.74694467176757,1.4235475600531735,1.180267352555514,1.5999143160319784
16,FlushA+FlushC+MOM20_season,3,1324,26.63478540679174,-44.63450112804732,0.7674117446100664,0.7010018129025205,0.8137813349070694
16,FlushA+FlushBTC+MOM20,3,1747,24.82515682819124,-63.68998339807017,0.7149011462459566,0.879274698338446,0.6021575881613084
16,FlushA+FlushBTC+MOM20_7d,3,1481,31.461117234023206,-50.44370609327942,0.827611896875035,0.542770916661608,1.0304840315743744
16,FlushA+FlushBTC+BigLong,3,1271,61.880784823331325,-44.746944671767565,1.4135759728094786,1.2058997547285162,1.5572593544065259
16,FlushA+FlushBTC+CrowdLow,3,2467,25.882120571415832,-73.31018743426615,0.7223845929570673,0.7023810312745252,0.7362950755764632
16,FlushA+FlushBTC+FundLowLong,3,1741,47.267590000612714,-54.03047610224273,1.0352581477705327,0.8414160119504528,1.2131621309052043
16,FlushA+FlushBTC+FundHighShort,3,1622,5.230095438750881,-57.87743988270901,0.32290068813445144,0.5582629390028521,0.14917575293822033
16,FlushA+FlushBTC+PerpShort,3,2475,7.81549102822916,-53.996502321471866,0.4172308896797167,-0.03364416386287128,0.6825935487635332
16,FlushA+FlushBTC+CS72_season,3,1098,65.00259307419405,-44.74694467176757,1.5049485530847597,1.1983477171846948,1.72218588606906
16,FlushA+FlushBTC+FlushB_nocomp,3,1049,58.87026151730848,-44.74694467176757,1.4235475600531735,1.180267352555514,1.5999143160319784
16,FlushA+FlushBTC+MOM20_season,3,1324,26.63478540679174,-44.63450112804732,0.7674117446100664,0.7010018129025205,0.8137813349070694
16,FlushA+MOM20+MOM20_7d,3,1747,24.82515682819124,-63.68998339807017,0.7149011462459566,0.879274698338446,0.6021575881613084
16,FlushA+MOM20+BigLong,3,1812,32.338095100275254,-59.8039398057745,0.8393097040380084,0.9494717065444248,0.764044735982458
16,FlushA+MOM20+CrowdLow,3,2542,16.11771920510958,-69.41053985041677,0.551354362994192,0.46149889277702694,0.620518845136546
16,FlushA+MOM20+FundLowLong,3,2286,18.071817296803427,-65.10089025372388,0.5814907715087515,0.4247444729760679,0.7038436240781809
16,FlushA+MOM20+FundHighShort,3,1963,20.169656066702892,-56.99123927487189,0.6437074470740886,1.0917793216350715,0.3231093725459013
16,FlushA+MOM20+PerpShort,3,2550,12.4414619502494,-53.0166441873953,0.48118997090260884,-0.25186814476862623,0.9489035627638379
16,FlushA+MOM20+CS72_season,3,1770,34.970335704415746,-50.86929166120384,0.8878105004975633,0.9451541301808514,0.8487478803063753
16,FlushA+MOM20+FlushB_nocomp,3,1747,24.82515682819124,-63.68998339807017,0.7149011462459566,0.879274698338446,0.6021575881613084
16,FlushA+MOM20+MOM20_season,3,1747,24.82515682819124,-63.68998339807017,0.7149011462459566,0.879274698338446,0.6021575881613084
16,FlushA+MOM20_7d+BigLong,3,1583,45.33465828253431,-50.23579543856742,1.0293531967054788,0.670657495943399,1.2752785741005683
16,FlushA+MOM20_7d+CrowdLow,3,2518,10.692677996442068,-72.24642211966001,0.45790890261872924,0.3317456415612972,0.5517864099819472
16,FlushA+MOM20_7d+FundLowLong,3,2090,24.933818191296496,-62.402654476928575,0.6924251622510119,0.2937602954305029,1.0171175992464514
16,FlushA+MOM20_7d+FundHighShort,3,1814,31.12979132277305,-40.0297326236929,0.8395924275828508,1.3808601358993104,0.49629610662046764
16,FlushA+MOM20_7d+PerpShort,3,2528,31.613220658100726,-51.13205396887071,0.8254602635814519,0.19399362890041463,1.2576243572203591
16,FlushA+MOM20_7d+CS72_season,3,1515,37.41946511263015,-50.44370609327942,0.9269170686751319,0.5799602784144859,1.1749585364787343
16,FlushA+MOM20_7d+FlushB_nocomp,3,1481,31.461117234023206,-50.44370609327942,0.827611896875035,0.542770916661608,1.0304840315743744
16,FlushA+MOM20_7d+MOM20_season,3,1551,25.952051627427863,-53.3618063640383,0.718338577886206,0.3768733533378435,0.9396952732579386
16,FlushA+BigLong+CrowdLow,3,2466,18.654208888200575,-75.28416020648298,0.609119515214808,0.6709434233655899,0.5661868748392322
16,FlushA+BigLong+FundLowLong,3,1926,53.57725423640869,-54.901283374610365,1.1039108680228913,0.7931536280203665,1.374653488787435
16,FlushA+BigLong+FundHighShort,3,1728,19.16407616408433,-55.36707635929612,0.630020367482616,0.9696740456348755,0.432588705622272
16,FlushA+BigLong+PerpShort,3,2489,35.291556261171934,-44.26396194362533,0.8891620251036946,0.15497519770006285,1.3146307494536087
16,FlushA+BigLong+CS72_season,3,1314,69.16686059154269,-44.746944671767565,1.5337967915010087,1.238215446871234,1.740503548706436
16,FlushA+BigLong+FlushB_nocomp,3,1271,61.880784823331325,-44.746944671767565,1.4135759728094786,1.2058997547285162,1.5572593544065259
16,FlushA+BigLong+MOM20_season,3,1463,36.219414157243165,-44.63450122072559,0.9031959244105641,0.7957956299196286,0.9761653353273273
16,FlushA+CrowdLow+FundLowLong,3,2635,15.63930122680619,-77.93914532500237,0.5345562704846113,0.4451798223940256,0.6017232302768613
16,FlushA+CrowdLow+FundHighShort,3,2562,35.81036544034335,-66.64305756067775,0.8434495051150731,1.1710716523768037,0.6242217862105018
16,FlushA+CrowdLow+PerpShort,3,2700,12.924184462522481,-70.9042276245846,0.5085856174329687,0.2645613334701459,0.6736256686691505
16,FlushA+CrowdLow+CS72_season,3,2481,39.36582243235982,-68.21958041705464,0.9244568561587131,0.7740341610046957,1.029751227228427
16,FlushA+CrowdLow+FlushB_nocomp,3,2467,25.882120571415832,-73.31018743426615,0.7223845929570673,0.7023810312745252,0.7362950755764632
16,FlushA+CrowdLow+MOM20_season,3,2487,19.02153114815841,-72.80645845332285,0.5920135030076208,0.5711029939378904,0.6070279458111544
16,FlushA+FundLowLong+FundHighShort,3,2225,0.8827474097958143,-60.42951578045266,0.24400046041680754,0.5647159440123105,-0.04091891078574716
16,FlushA+FundLowLong+PerpShort,3,2641,33.39196564638052,-46.038671002323426,0.849263166679048,0.30959898759198856,1.2804948718362197
16,FlushA+FundLowLong+CS72_season,3,1782,49.603559807606935,-54.03047610224273,1.0656490313650235,0.8340803083091526,1.268536460889886
16,FlushA+FundLowLong+FlushB_nocomp,3,1741,47.267590000612714,-54.03047610224273,1.0352581477705327,0.8414160119504528,1.2131621309052043
16,FlushA+FundLowLong+MOM20_season,3,1959,19.811523040928346,-63.279184923411755,0.6027526338015077,0.661175092618751,0.5566160990537947
16,FlushA+FundHighShort+PerpShort,3,2557,-13.000324743648973,-80.48956902980032,-0.04284231178092954,0.3336604570911247,-0.24030171447365828
16,FlushA+FundHighShort+CS72_season,3,1651,7.3161078287814485,-57.1700663621054,0.38313308331275614,0.5652544929947095,0.26129786914251846
16,FlushA+FundHighShort+FlushB_nocomp,3,1622,5.230095438750881,-57.87743988270901,0.32290068813445144,0.5582629390028521,0.14917575293822033
16,FlushA+FundHighShort+MOM20_season,3,1737,-2.400142614491385,-68.6875113433054,0.15484545185919665,1.046618926804974,-0.374526236373989
16,FlushA+PerpShort+CS72_season,3,2475,1.8248878473624108,-63.16588467307025,0.2977133008625312,-0.2985409202573805,0.6565260607582519
16,FlushA+PerpShort+FlushB_nocomp,3,2475,7.81549102822916,-53.996502321471866,0.4172308896797167,-0.03364416386287128,0.6825935487635332
16,FlushA+PerpShort+MOM20_season,3,2505,5.903480073337364,-49.8237983857859,0.3520065741586331,0.22661071826313217,0.4335744082803525
16,FlushA+CS72_season+FlushB_nocomp,3,1098,65.00259307419405,-44.74694467176757,1.5049485530847597,1.1983477171846948,1.72218588606906
16,FlushA+CS72_season+MOM20_season,3,1347,35.32634511643013,-44.63450112804732,0.9477756533679935,0.7821452303968096,1.0670375675572912
16,FlushA+FlushB_nocomp+MOM20_season,3,1324,26.63478540679174,-44.63450112804732,0.7674117446100664,0.7010018129025205,0.8137813349070694
16,FlushB+FlushC+FlushBTC,3,774,68.39789289404237,-41.3604553608885,1.5168702332248984,1.0758824583273838,1.779229375182329
16,FlushB+FlushC+MOM20,3,1586,13.683383377846248,-58.415924911768734,0.5126071096517528,0.4845210373658719,0.532633068787338
16,FlushB+FlushC+MOM20_7d,3,1283,48.345956698862636,-53.479259033859464,1.1093706546659226,0.5038280665228331,1.516615348287771
16,FlushB+FlushC+BigLong,3,1023,68.03868408288506,-41.36045536088855,1.6164927206837059,1.2889134840437921,1.8428581617700477
16,FlushB+FlushC+CrowdLow,3,2423,19.03122922452298,-71.20474337486841,0.6104217010922567,0.5013102801654131,0.6829098329508287
16,FlushB+FlushC+FundLowLong,3,1583,57.638972918714785,-50.48159864582408,1.1593842212199779,0.8480680299013605,1.390811649187109
16,FlushB+FlushC+FundHighShort,3,1442,2.862246320713213,-60.07551834981866,0.2632056558960501,0.21091179500320675,0.29859661969502405
16,FlushB+FlushC+PerpShort,3,2423,2.12722871905362,-65.70470321239341,0.2981050858319094,-0.27961853653394303,0.6411208732547888
16,FlushB+FlushC+CS72_season,3,827,75.41332651411301,-41.3604553608885,1.596040874055518,1.1420426113271567,1.864795807472839
16,FlushB+FlushC+FlushB_nocomp,3,774,68.39789289404237,-41.3604553608885,1.5168702332248984,1.0758824583273838,1.779229375182329
16,FlushB+FlushC+MOM20_season,3,1110,30.777370863775964,-45.298321282224975,0.8857282242466755,0.7393996117863315,0.9856131045513581
16,FlushB+FlushBTC+MOM20,3,1586,13.683383377846248,-58.415924911768734,0.5126071096517528,0.4845210373658719,0.532633068787338
16,FlushB+FlushBTC+MOM20_7d,3,1283,48.345956698862636,-53.479259033859464,1.1093706546659226,0.5038280665228331,1.516615348287771
16,FlushB+FlushBTC+BigLong,3,1023,68.03868408288506,-41.36045536088855,1.6164927206837059,1.2889134840437921,1.8428581617700477
16,FlushB+FlushBTC+CrowdLow,3,2423,19.03122922452298,-71.20474337486841,0.6104217010922567,0.5013102801654131,0.6829098329508287
16,FlushB+FlushBTC+FundLowLong,3,1583,57.638972918714785,-50.48159864582408,1.1593842212199779,0.8480680299013605,1.390811649187109
16,FlushB+FlushBTC+FundHighShort,3,1442,2.862246320713213,-60.07551834981866,0.2632056558960501,0.21091179500320675,0.29859661969502405
16,FlushB+FlushBTC+PerpShort,3,2423,2.12722871905362,-65.70470321239341,0.2981050858319094,-0.27961853653394303,0.6411208732547888
16,FlushB+FlushBTC+CS72_season,3,827,75.41332651411301,-41.3604553608885,1.596040874055518,1.1420426113271567,1.864795807472839
16,FlushB+FlushBTC+FlushB_nocomp,3,774,68.39789289404237,-41.3604553608885,1.5168702332248984,1.0758824583273838,1.779229375182329
16,FlushB+FlushBTC+MOM20_season,3,1110,30.777370863775964,-45.298321282224975,0.8857282242466755,0.7393996117863315,0.9856131045513581
16,FlushB+MOM20+MOM20_7d,3,1586,13.683383377846248,-58.415924911768734,0.5126071096517528,0.4845210373658719,0.532633068787338
16,FlushB+MOM20+BigLong,3,1656,11.876278178765865,-55.216695437910104,0.483587330688526,0.5136656106463457,0.4595079569801417
16,FlushB+MOM20+CrowdLow,3,2503,-2.5038959701317087,-69.38104480327712,0.20178383676524972,0.12810497207109717,0.25651075033803644
16,FlushB+MOM20+FundLowLong,3,2217,11.693346202069478,-62.876095827522846,0.4723300122485299,0.3077380975602894,0.5972381655459712
16,FlushB+MOM20+FundHighShort,3,1838,8.276272926402584,-51.443741312263825,0.4031763615286592,0.6871643828660804,0.21161161108692397
16,FlushB+MOM20+PerpShort,3,2511,3.604882566132228,-74.67723640874642,0.31150844925998145,-0.8386215436696104,1.001106853675049
16,FlushB+MOM20+CS72_season,3,1613,23.836098101785375,-55.21669543791001,0.7117806520721456,0.5607231889235594,0.8184976126245699
16,FlushB+MOM20+FlushB_nocomp,3,1586,13.683383377846248,-58.415924911768734,0.5126071096517528,0.4845210373658719,0.532633068787338
16,FlushB+MOM20+MOM20_season,3,1586,13.683383377846248,-58.415924911768734,0.5126071096517528,0.4845210373658719,0.532633068787338
16,FlushB+MOM20_7d+BigLong,3,1400,39.52837038854333,-53.47925903385954,0.9724630288394311,0.324511132559585,1.4154049805453788
16,FlushB+MOM20_7d+CrowdLow,3,2469,12.820562540601156,-69.49682567361208,0.49383288391358826,0.3076211538018395,0.6281338812776545
16,FlushB+MOM20_7d+FundLowLong,3,1996,41.108297527642826,-58.172477031721634,0.928144222169702,0.5114142878813341,1.2470418765172029
16,FlushB+MOM20_7d+FundHighShort,3,1670,19.72328240257648,-45.90030041684191,0.6665451191201245,0.685254674174625,0.6535563372023065
16,FlushB+MOM20_7d+PerpShort,3,2482,24.627877945843977,-59.05143185655778,0.7031988018612629,-0.15880691650015985,1.2614606372013033
16,FlushB+MOM20_7d+CS72_season,3,1319,53.465384600905395,-53.479259033859464,1.1774320765554291,0.43109939636854533,1.6741406863316985
16,FlushB+MOM20_7d+FlushB_nocomp,3,1283,48.345956698862636,-53.479259033859464,1.1093706546659226,0.5038280665228331,1.516615348287771
16,FlushB+MOM20_7d+MOM20_season,3,1372,29.275839892834,-58.90733119226894,0.8107442892697936,0.3019953915896526,1.155839441378872
16,FlushB+BigLong+CrowdLow,3,2416,23.88728543251539,-72.18559973625713,0.6892803131941448,0.6585314415112388,0.7105465092777806
16,FlushB+BigLong+FundLowLong,3,1797,56.19820202830543,-50.66726012919636,1.1779938536933328,0.9408938104174822,1.3849113654386767
16,FlushB+BigLong+FundHighShort,3,1565,33.510312312268155,-39.173089821951976,0.8910247655382714,0.6406199020101322,1.041764930046382
16,FlushB+BigLong+PerpShort,3,2440,29.052431668691938,-64.67953604775445,0.7854942389305083,-0.276552071854395,1.3873970409224672
16,FlushB+BigLong+CS72_season,3,1067,75.99043577516949,-41.36045536088855,1.7387672883884762,1.3456175853326156,2.009779500028101
16,FlushB+BigLong+FlushB_nocomp,3,1023,68.03868408288506,-41.36045536088855,1.6164927206837059,1.2889134840437921,1.8428581617700477
16,FlushB+BigLong+MOM20_season,3,1260,40.51999180902865,-45.298321282225004,0.9763057798695465,0.6088843037774886,1.1945288769182503
16,FlushB+CrowdLow+FundLowLong,3,2615,14.857594900263283,-75.30810579729707,0.5231977795456515,0.33218300256541344,0.6621554659852776
16,FlushB+CrowdLow+FundHighShort,3,2527,32.41537607520711,-67.85616568937624,0.7865531002001784,1.1179486015524,0.5926419991376336
16,FlushB+CrowdLow+PerpShort,3,2684,23.066564793157983,-66.38477633287978,0.6731921956469596,0.1421522217617175,1.021301275920323
16,FlushB+CrowdLow+CS72_season,3,2440,28.750291843790187,-70.85950607081494,0.7695677028576012,0.5911425066919328,0.8921968588503782
16,FlushB+CrowdLow+FlushB_nocomp,3,2423,19.03122922452298,-71.20474337486841,0.6104217010922567,0.5013102801654131,0.6829098329508287
16,FlushB+CrowdLow+MOM20_season,3,2445,12.447191270943247,-72.4032829489306,0.47968980045730736,0.3679843541527956,0.5575148596397607
16,FlushB+FundLowLong+FundHighShort,3,2139,-13.632010279270501,-77.10011314901382,-0.09005122615172172,0.40676406308277846,-0.48046266468417376
16,FlushB+FundLowLong+PerpShort,3,2606,18.229870130571555,-43.43383128080364,0.591095005584061,0.2824337103625634,0.8250624538767627
16,FlushB+FundLowLong+CS72_season,3,1624,58.88546513258246,-50.48159864582408,1.1714417159656623,0.8789803856534377,1.3852317392830005
16,FlushB+FundLowLong+FlushB_nocomp,3,1583,57.638972918714785,-50.48159864582408,1.1593842212199779,0.8480680299013605,1.390811649187109
16,FlushB+FundLowLong+MOM20_season,3,1858,28.127300623262606,-58.65292939493708,0.7339124057051678,0.7469472686600613,0.7251218733134205
16,FlushB+FundHighShort+PerpShort,3,2521,-7.745411407882408,-70.6181104219926,0.07369517344555834,-0.42936043945152846,0.3679552214641712
16,FlushB+FundHighShort+CS72_season,3,1473,7.163076804525015,-59.75412698948907,0.37918957916230994,0.24604313566168146,0.46468236122378187
16,FlushB+FundHighShort+FlushB_nocomp,3,1442,2.862246320713213,-60.07551834981866,0.2632056558960501,0.21091179500320675,0.29859661969502405
16,FlushB+FundHighShort+MOM20_season,3,1581,-6.549437461328456,-55.545626270734886,0.05364433721591574,0.26744409982665585,-0.06006038591420024
16,FlushB+PerpShort+CS72_season,3,2424,-3.076458334971488,-72.50220349399174,0.18680404445351512,-0.5283351862555181,0.6232004784477442
16,FlushB+PerpShort+FlushB_nocomp,3,2423,2.12722871905362,-65.70470321239341,0.2981050858319094,-0.27961853653394303,0.6411208732547888
16,FlushB+PerpShort+MOM20_season,3,2458,0.5470545128821502,-48.92276169493286,0.2326518300676402,-0.07061152593041016,0.4226181652884541
16,FlushB+CS72_season+FlushB_nocomp,3,827,75.41332651411301,-41.3604553608885,1.596040874055518,1.1420426113271567,1.864795807472839
16,FlushB+CS72_season+MOM20_season,3,1139,39.62997546778091,-45.298321282224975,1.0878220479137186,0.8304348153149006,1.2735124528958097
16,FlushB+FlushB_nocomp+MOM20_season,3,1110,30.777370863775964,-45.298321282224975,0.8857282242466755,0.7393996117863315,0.9856131045513581
16,FlushC+FlushBTC+MOM20,3,1342,24.053351185728445,-52.990913371564666,0.7507489828047129,0.7038163922275005,0.7849774581784502
16,FlushC+FlushBTC+MOM20_7d,3,985,38.50937916161785,-42.52106226276132,0.9514259762701066,0.38925801450635766,1.2931610547374757
16,FlushC+FlushBTC+BigLong,3,623,53.85121712909739,-24.04465486877878,1.5244710060995417,0.8455111422921122,1.9356719472460677
16,FlushC+FlushBTC+CrowdLow,3,2418,20.80425848599825,-73.99785972639992,0.6319259724450671,0.44596685274613235,0.7544248095687632
16,FlushC+FlushBTC+FundLowLong,3,1278,17.148775584944364,-46.48698352939709,0.5856806935571496,0.3136667604786927,0.8261196298312423
16,FlushC+FlushBTC+FundHighShort,3,1145,-28.065199168412867,-86.38561245110627,-0.8119244507229603,-0.601767415169374,-0.945162716704459
16,FlushC+FlushBTC+PerpShort,3,2350,-14.188872095600136,-82.04557901422088,-0.05255085714199278,-0.7197979119519168,0.3329438532319215
16,FlushC+FlushBTC+CS72_season,3,354,33.608240184024375,-22.033917743347974,1.1538156144382687,0.536194077416405,1.5195045259504172
16,FlushC+FlushBTC+FlushB_nocomp,3,639,70.0330286438748,-32.95004353641878,1.5983360919705456,1.2934010340695379,1.7877254430943335
16,FlushC+FlushBTC+MOM20_season,3,779,25.729469658540793,-38.91336397415888,0.8317577002584989,1.0052159721191927,0.7112925927938469
16,FlushC+MOM20+MOM20_7d,3,1317,23.21609228471808,-51.87833585365673,0.7384026427765495,0.6396745481073371,0.8093227374451409
16,FlushC+MOM20+BigLong,3,1407,12.68149692502174,-50.386896356237386,0.5107783506143747,0.5840111159865455,0.45575247030058225
16,FlushC+MOM20+CrowdLow,3,2503,-3.809424846327736,-71.24713094730713,0.1726077383922293,0.007634939002828674,0.30038116339137044
16,FlushC+MOM20+FundLowLong,3,2096,8.4591248041749,-59.20577654187083,0.4129771246983727,0.3168945949769906,0.49337689930936635
16,FlushC+MOM20+FundHighShort,3,1639,3.6906574815997795,-50.321116399031816,0.2865919897041826,0.5988148028899197,0.07900479713597465
16,FlushC+MOM20+PerpShort,3,2449,31.335014075299483,-45.915085599649906,0.8142126165915063,0.06867491396006088,1.25882720070898
16,FlushC+MOM20+CS72_season,3,1349,31.091816480375535,-46.40017369733259,0.9012344186545129,0.7142538747313907,1.0373888771083728
16,FlushC+MOM20+FlushB_nocomp,3,1505,24.10316042763172,-53.00755019440033,0.7409757566133887,0.7938609599169465,0.7010687125313713
16,FlushC+MOM20+MOM20_season,3,1317,23.21609228471808,-51.87833585365673,0.7384026427765495,0.6396745481073371,0.8093227374451409
16,FlushC+MOM20_7d+BigLong,3,1109,34.22203280599862,-48.38088091765875,0.9775996239843424,0.17539138224596657,1.545800877287278
16,FlushC+MOM20_7d+CrowdLow,3,2470,10.329887763384416,-71.27032251468854,0.4523854335797566,0.12314793448456962,0.6902769981281905
16,FlushC+MOM20_7d+FundLowLong,3,1842,31.8482089125691,-54.66932307979568,0.7915115361330934,0.41592695318524203,1.0551353817338904
16,FlushC+MOM20_7d+FundHighShort,3,1434,2.115014189586506,-43.47515544567698,0.24361385897225737,0.48173342872305963,0.07145225979951746
16,FlushC+MOM20_7d+PerpShort,3,2416,19.40773772168893,-54.5083693668053,0.6130532429750566,0.024992162465184643,0.9986694224310038
16,FlushC+MOM20_7d+CS72_season,3,999,41.35137865135001,-45.06805515607405,0.9984730414039051,0.28772034376920513,1.4180737672745363
16,FlushC+MOM20_7d+FlushB_nocomp,3,1180,50.19478018896657,-45.993289110027,1.1642086742232496,0.6348527160028512,1.523054863099111
16,FlushC+MOM20_7d+MOM20_season,3,1067,24.251717939077743,-50.03824068295256,0.7520490354046464,0.5278319902510431,0.9001039446229022
16,FlushC+BigLong+CrowdLow,3,2415,13.186167719623555,-77.0366250433254,0.5148826584223205,0.43796169020716097,0.567129357561825
16,FlushC+BigLong+FundLowLong,3,1548,43.196837721947425,-49.48389890727252,1.0244324478595415,0.5106998912002921,1.432054506422371
16,FlushC+BigLong+FundHighShort,3,1283,1.3764705706780234,-49.524973723023095,0.21801823481753946,-0.11368777266676752,0.39084893876576965
16,FlushC+BigLong+PerpShort,3,2358,12.332917657980325,-70.87512911217897,0.4963513365692924,-0.6161626433688329,1.147086822247395
16,FlushC+BigLong+CS72_season,3,645,60.478349999321225,-21.93325037603494,1.6739689809242153,0.821854942997159,2.1797971199224215
16,FlushC+BigLong+FlushB_nocomp,3,896,73.98445348596132,-31.830444740830867,1.7860579021337546,1.5426707420520533,1.95119238244701
16,FlushC+BigLong+MOM20_season,3,943,36.23993164182953,-35.75231408763862,0.9518508252568668,0.6895411731976345,1.1111972328192963
16,FlushC+CrowdLow+FundLowLong,3,2609,16.95964183635712,-73.14046186243337,0.5545717475696375,0.3694728229251758,0.690190018669178
16,FlushC+CrowdLow+FundHighShort,3,2525,24.838195913175888,-68.28410270531286,0.6845046640934116,0.9275008167573505,0.5170785798594908
16,FlushC+CrowdLow+PerpShort,3,2684,14.482080342922066,-68.7523325269605,0.5346801523396585,0.08074190442650936,0.8496912743716838
16,FlushC+CrowdLow+CS72_season,3,2434,34.63053477075433,-69.49920057690697,0.8299213518894216,0.5776093982719007,0.9973779010323883
16,FlushC+CrowdLow+FlushB_nocomp,3,2420,23.720123992267062,-74.53565855993136,0.6749258043255542,0.5572925776280551,0.753076001189499
16,FlushC+CrowdLow+MOM20_season,3,2440,17.610633812784183,-74.31164969406483,0.5630861515414981,0.4017028438030589,0.6738139161661773
16,FlushC+FundLowLong+FundHighShort,3,1979,-32.52884032574125,-89.34382361353096,-0.6380443209150111,0.00022535992657169183,-1.133521829820067
16,FlushC+FundLowLong+PerpShort,3,2565,-9.905707522153573,-61.05025194610483,0.03086244234074369,-0.2989775678853059,0.2769723559218756
16,FlushC+FundLowLong+CS72_season,3,1302,21.4482157418872,-48.958095047248065,0.671225117593529,0.3181120714822314,0.9669356057801057
16,FlushC+FundLowLong+FlushB_nocomp,3,1477,52.758902264417415,-51.77049020827745,1.11891864177618,0.9157960994620943,1.273763177568199
16,FlushC+FundLowLong+MOM20_season,3,1658,19.150210318930693,-55.99785626758369,0.6089673373344524,0.6962458566414385,0.5375442215041287
16,FlushC+FundHighShort+PerpShort,3,2460,-27.35060894866772,-91.8926559213794,-0.3714116775715798,-1.0379072893455066,0.02599498429823231
16,FlushC+FundHighShort+CS72_season,3,1159,-24.6188292486354,-84.03288783270582,-0.606640750310475,-0.4427902892966242,-0.7075531652864249
16,FlushC+FundHighShort+FlushB_nocomp,3,1343,-3.2447189279736888,-69.56782322519801,0.08229867232319478,0.4573258861607548,-0.182701893104806
16,FlushC+FundHighShort+MOM20_season,3,1316,-22.233400991644658,-81.46495476715899,-0.598391715600549,0.13595922373152627,-1.0918741329903319
16,FlushC+PerpShort+CS72_season,3,2344,-15.807806470561747,-78.91899788755579,-0.07692353026984489,-0.7663053352618389,0.3348449954947133
16,FlushC+PerpShort+FlushB_nocomp,3,2398,0.9227981651223738,-62.051719333811626,0.27228601131733293,-0.1285718608216538,0.5117566194229919
16,FlushC+PerpShort+MOM20_season,3,2394,8.881145815554081,-52.881789580726746,0.41485040723645483,0.3749329072817251,0.44244788243177724
16,FlushC+CS72_season+FlushB_nocomp,3,688,81.79545484993196,-31.830444740830888,1.7516301238007619,1.433051033711749,1.9514234544681113
16,FlushC+CS72_season+MOM20_season,3,783,29.67433771095198,-33.87859401727859,0.9656467502622611,1.1172251611286148,0.8501234746505677
16,FlushC+FlushB_nocomp+MOM20_season,3,1000,32.18552749877952,-39.96890868689255,0.9323731451187758,0.9498336338551888,0.922353453933312
16,FlushBTC+MOM20+MOM20_7d,3,1301,18.795818309524527,-52.56178665015088,0.6494029101440494,0.7352776611660841,0.5849564039549007
16,FlushBTC+MOM20+BigLong,3,1394,17.849128804916493,-48.29207548022863,0.6199783557629129,0.6777947840046542,0.578487073388579
16,FlushBTC+MOM20+CrowdLow,3,2504,-3.6439198197776856,-70.97914209396713,0.17544198208434933,-0.0027534720277143094,0.3124652371698268
16,FlushBTC+MOM20+FundLowLong,3,2090,9.595919024327104,-59.742964525138746,0.4338585849806059,0.4258093046974005,0.4408300793070067
16,FlushBTC+MOM20+FundHighShort,3,1626,-1.9780306805225245,-56.70375119659926,0.1352638542454808,0.5361685366255708,-0.13968985823739793
16,FlushBTC+MOM20+PerpShort,3,2441,8.809603920870446,-57.035499722862085,0.41743620724803476,-0.19213124331862474,0.8021348189005787
16,FlushBTC+MOM20+CS72_season,3,1333,26.549564549554482,-46.72099566329243,0.8189384844412627,0.8142621648369032,0.822068037459531
16,FlushBTC+MOM20+FlushB_nocomp,3,1486,24.058036724021026,-53.19466611315234,0.7471836776607542,0.793252446159054,0.7114675170451693
16,FlushBTC+MOM20+MOM20_season,3,1301,18.795818309524527,-52.56178665015088,0.6494029101440494,0.7352776611660841,0.5849564039549007
16,FlushBTC+MOM20_7d+BigLong,3,1089,30.878844559496123,-46.62598592028734,0.9010030797273153,0.23228847218446347,1.3672930647809272
16,FlushBTC+MOM20_7d+CrowdLow,3,2470,9.626747019218772,-72.0865268532701,0.4404749831344134,-0.04321233571142605,0.7769937857736892
16,FlushBTC+MOM20_7d+FundLowLong,3,1829,25.14277231900095,-55.68282518606382,0.7053228422808223,0.39622871888196204,0.9458439462294055
16,FlushBTC+MOM20_7d+FundHighShort,3,1411,-6.308073077483634,-54.493216244251386,0.010766219052728903,0.4633366518773781,-0.3276979523601408
16,FlushBTC+MOM20_7d+PerpShort,3,2409,9.820083205407837,-65.5044628183211,0.43978360764432106,-0.28265222333379564,0.9023932851150024
16,FlushBTC+MOM20_7d+CS72_season,3,976,33.445303721899336,-37.59915838790575,0.9255825970330992,0.42168994474997407,1.2625269244724429
16,FlushBTC+MOM20_7d+FlushB_nocomp,3,1161,44.979243148828196,-47.701036033716015,1.0844910238836563,0.5545908465951509,1.4381516269415755
16,FlushBTC+MOM20_7d+MOM20_season,3,1045,23.256347928646303,-42.71123913494945,0.7333760924614139,0.6409780269749632,0.7964086654116123
16,FlushBTC+BigLong+CrowdLow,3,2416,10.558306817243235,-77.05002540495568,0.4709671922465642,0.4471346242633244,0.48742864980650585
16,FlushBTC+BigLong+FundLowLong,3,1513,41.623655041006316,-48.92486582687563,0.9851666067673766,0.5264387148858968,1.3357425357889263
16,FlushBTC+BigLong+FundHighShort,3,1239,-1.4872432969152638,-55.11928930183393,0.13831731144150494,-0.25849017559245246,0.34334680110829974
16,FlushBTC+BigLong+PerpShort,3,2339,4.3234907856839255,-75.76915903194205,0.30715892685589197,-0.9340452622452585,1.0420242047547756
16,FlushBTC+BigLong+CS72_season,3,587,59.256698687888985,-21.650204027702213,1.6433670546657912,1.2065085126942177,1.910284762224666
16,FlushBTC+BigLong+FlushB_nocomp,3,866,70.19550114193791,-34.699679621309166,1.6788552615186723,1.4236823352893395,1.8493134489019933
16,FlushBTC+BigLong+MOM20_season,3,903,40.973401145444655,-38.41912742576138,1.0521703829705626,1.0316243141522692,1.0865354074286542
16,FlushBTC+CrowdLow+FundLowLong,3,2610,16.433021329027685,-74.53379120544334,0.5462058320840015,0.3729666120695211,0.6725057078161639
16,FlushBTC+CrowdLow+FundHighShort,3,2526,28.125404506679665,-68.51376752832968,0.7258662924198566,0.8670854798382369,0.6358966834736632
16,FlushBTC+CrowdLow+PerpShort,3,2683,13.623755748315315,-68.26515783777656,0.5213070444267992,0.11821478114981787,0.8040206321575278
16,FlushBTC+CrowdLow+CS72_season,3,2432,31.786589021551602,-68.88517125283491,0.7928212236053066,0.555659914515278,0.9512576909405711
16,FlushBTC+CrowdLow+FlushB_nocomp,3,2418,20.841466599121006,-75.13695306135288,0.6328210361302326,0.5556522246164702,0.6846441230510697
16,FlushBTC+CrowdLow+MOM20_season,3,2438,15.909832109796774,-72.87005745215656,0.5359795840527344,0.3628326101936141,0.655696780568388
16,FlushBTC+FundLowLong+FundHighShort,3,1948,-35.896597231334525,-90.48740907355193,-0.7564860958112704,-0.18031564776417539,-1.1720956636358861
16,FlushBTC+FundLowLong+PerpShort,3,2551,-27.6103636697128,-85.51797307579407,-0.43067358362965,-0.8561752697811627,-0.12040852864487021
16,FlushBTC+FundLowLong+CS72_season,3,1246,7.486751677203496,-48.28171928341065,0.3819844611417902,0.21548719329775431,0.5404288894519069
16,FlushBTC+FundLowLong+FlushB_nocomp,3,1455,52.03097268563932,-50.49110105171968,1.1110746405768592,0.9849549342163488,1.2055567830873242
16,FlushBTC+FundLowLong+MOM20_season,3,1627,12.518097917758531,-54.78621244092186,0.4842662288368509,0.627468488942107,0.36651084023444364
16,FlushBTC+FundHighShort+PerpShort,3,2441,-38.71921859976225,-96.49582828508342,-0.6348365900440439,-1.2004231017914828,-0.34583147928058733
16,FlushBTC+FundHighShort+CS72_season,3,1110,-30.813663966685812,-89.66295361044278,-0.7762210056730383,-0.5434995736367083,-0.913866096844835
16,FlushBTC+FundHighShort+FlushB_nocomp,3,1316,-15.124556341342021,-79.97813273062889,-0.2749581679364357,0.23256585715744255,-0.628260730004783
16,FlushBTC+FundHighShort+MOM20_season,3,1279,-32.76273639999753,-89.7600202858039,-0.9673252974786039,-0.15272690040493286,-1.4413144952121812
16,FlushBTC+PerpShort+CS72_season,3,2320,-23.269314277992937,-90.05597514213672,-0.3162546151977126,-1.089548206150266,0.13276900113306658
16,FlushBTC+PerpShort+FlushB_nocomp,3,2389,-2.6801857889705127,-71.25520298820219,0.15891841202476847,-0.5324303937073629,0.5654021148050113
16,FlushBTC+PerpShort+MOM20_season,3,2373,-0.7076457245716372,-62.08599800431871,0.21598351202866922,0.24450807181027379,0.20050573057373422
16,FlushBTC+CS72_season+FlushB_nocomp,3,653,79.65584904314294,-34.69967962130917,1.6826853571001599,1.3667668944900546,1.8792758421732758
16,FlushBTC+CS72_season+MOM20_season,3,735,29.04253378885995,-35.58448581205356,0.9757227152006009,1.3779403239114598,0.6656976293526767
16,FlushBTC+FlushB_nocomp+MOM20_season,3,967,29.738343696985513,-41.751801957344,0.8857290107520084,0.9147108050038493,0.8687986224203845
16,MOM20+MOM20_7d+BigLong,3,1258,3.662011505532381,-55.67799626502713,0.281228984086767,0.3167496279027377,0.25884386033711865
16,MOM20+MOM20_7d+CrowdLow,3,2504,-3.7191602062842,-72.4468306018287,0.16890822568246228,-0.10260865191652695,0.3750189643313139
16,MOM20+MOM20_7d+FundLowLong,3,2054,-3.520500183201569,-65.23247445330153,0.15698950519175398,0.05619817115857911,0.23674501701690853
16,MOM20+MOM20_7d+FundHighShort,3,1507,-14.978178230485838,-70.95208872079367,-0.29226841142652976,0.12494932726382516,-0.5651627198404638
16,MOM20+MOM20_7d+PerpShort,3,2388,2.8326446640452474,-54.935444409637626,0.2904478452792714,-0.06740503835222791,0.5221435107313932
16,MOM20+MOM20_7d+CS72_season,3,1195,6.305945618541897,-50.77701646050701,0.3562792692253277,0.45942728641217784,0.2830882546459137
16,MOM20+MOM20_7d+FlushB_nocomp,3,1473,21.066333948484896,-52.8614978580665,0.68679784773461,0.6334706329627313,0.7270228963937246
16,MOM20+MOM20_7d+MOM20_season,3,1162,-0.21259130933657389,-58.90279425468313,0.16655159415946078,0.3701830663924402,0.023630124372192977
16,MOM20+BigLong+CrowdLow,3,2504,-2.423246805327206,-72.4468306018287,0.20059637787851997,-0.04178416605839651,0.3781235344240131
16,MOM20+BigLong+FundLowLong,3,2129,-4.370713354859134,-66.54336134278114,0.13936289764515575,-0.0190953955398755,0.2653355399837624
16,MOM20+BigLong+FundHighShort,3,1574,-3.3140850793343724,-61.767474948650836,0.08773629521608246,0.32267208862741653,-0.061388937959534366
16,MOM20+BigLong+PerpShort,3,2399,10.300053753228799,-59.34848250042669,0.44430517179299306,-0.2470365392433673,0.8663730995065064
16,MOM20+BigLong+CS72_season,3,1288,9.740640145440182,-47.95948200465973,0.44439219831150756,0.3817591304799164,0.4871374136507495
16,MOM20+BigLong+FlushB_nocomp,3,1543,17.554398171909448,-49.24550595235978,0.6061302962236875,0.605497598148717,0.6063341587206721
16,MOM20+BigLong+MOM20_season,3,1258,3.662011505532381,-55.67799626502713,0.281228984086767,0.3167496279027377,0.25884386033711865
16,MOM20+CrowdLow+FundLowLong,3,2680,-9.771345663415598,-77.76265139281281,0.06168816680751651,-0.24997911078892923,0.31631920123377616
16,MOM20+CrowdLow+FundHighShort,3,2565,17.934302473393426,-69.27661803847268,0.5858712490846357,0.5141914234525506,0.6397566008837166
16,MOM20+CrowdLow+PerpShort,3,2707,-18.189664471927347,-87.56002936911462,-0.1733178607828623,-1.2474300164199446,0.6559336660526449
16,MOM20+CrowdLow+CS72_season,3,2514,-0.2580824996990527,-72.4468306018287,0.24087502545626024,-0.01953383287358997,0.4432806385752372
16,MOM20+CrowdLow+FlushB_nocomp,3,2506,-2.2796275260350995,-72.12561736903737,0.20800438224097403,0.03153969903972028,0.34123541576579736
16,MOM20+CrowdLow+MOM20_season,3,2504,-3.7191602062842,-72.4468306018287,0.16890822568246228,-0.10260865191652695,0.3750189643313139
16,MOM20+FundLowLong+FundHighShort,3,2298,4.258436136538757,-63.71809649279868,0.3174284209323289,0.7491466916278412,-0.0033787122988503575
16,MOM20+FundLowLong+PerpShort,3,2633,12.680187132869204,-69.28755071488175,0.4979592279739475,-0.29280701173182283,1.1080434975448743
16,MOM20+FundLowLong+CS72_season,3,2069,4.997766926564351,-64.14637375688352,0.3395296119700104,0.10433146587360337,0.5290050886370241
16,MOM20+FundLowLong+FlushB_nocomp,3,2156,10.88962074922135,-62.4695454779389,0.46077221148795494,0.37010202248765395,0.5343165849544287
16,MOM20+FundLowLong+MOM20_season,3,2054,-3.520500183201569,-65.23247445330153,0.15698950519175398,0.05619817115857911,0.23674501701690853
16,MOM20+FundHighShort+PerpShort,3,2460,-11.132694252901231,-74.51542261828342,-0.043110602373650296,0.04402527091505142,-0.09749216053208275
16,MOM20+FundHighShort+CS72_season,3,1533,-7.394577327410589,-59.871446765331335,-0.0506690126923726,0.18386837414585153,-0.20541813301331927
16,MOM20+FundHighShort+FlushB_nocomp,3,1752,8.104738612202311,-56.04018064493377,0.3996774645894383,0.8477454847977397,0.0931884660284209
16,MOM20+FundHighShort+MOM20_season,3,1507,-14.978178230485838,-70.95208872079367,-0.29226841142652976,0.12494932726382516,-0.5651627198404638
16,MOM20+PerpShort+CS72_season,3,2389,1.0243802666708657,-55.63748185478043,0.2492046766459251,-0.06740503835222791,0.45630137261666776
16,MOM20+PerpShort+FlushB_nocomp,3,2483,11.633214985545326,-58.741298861220045,0.46762346108109065,-0.3631636433113873,0.9547451896248375
16,MOM20+PerpShort+MOM20_season,3,2388,2.8326446640452474,-54.935444409637626,0.2904478452792714,-0.06740503835222791,0.5221435107313932
16,MOM20+CS72_season+FlushB_nocomp,3,1500,32.051972871390014,-43.871183206264334,0.9107051195347865,0.7123964320971485,1.0645573615019543
16,MOM20+CS72_season+MOM20_season,3,1195,6.305945618541897,-50.77701646050701,0.3562792692253277,0.45942728641217784,0.2830882546459137
16,MOM20+FlushB_nocomp+MOM20_season,3,1473,21.066333948484896,-52.8614978580665,0.68679784773461,0.6334706329627313,0.7270228963937246
16,MOM20_7d+BigLong+CrowdLow,3,2473,1.3085827845100484,-72.42473795979032,0.2875662764979971,0.01229251576010109,0.4857857639046287
16,MOM20_7d+BigLong+FundLowLong,3,1915,10.799075671650037,-67.88119269151952,0.45713022021994054,-0.14116444842000417,0.9317600726435885
16,MOM20_7d+BigLong+FundHighShort,3,1395,2.2336697922575866,-44.18500443114718,0.24506730482857292,0.24101810870782278,0.24834752031629
16,MOM20_7d+BigLong+PerpShort,3,2358,6.200609305800064,-63.954709468452506,0.37145061584028455,-0.2138967050338869,0.7415636115471429
16,MOM20_7d+BigLong+CS72_season,3,983,23.657501561554973,-51.92037665686008,0.7911309026781126,-0.050917314529889894,1.3299034084624934
16,MOM20_7d+BigLong+FlushB_nocomp,3,1278,39.75226518583095,-48.88759427877181,1.013834566670719,0.13742656630395975,1.6056684911844483
16,MOM20_7d+BigLong+MOM20_season,3,1034,10.684256872758247,-50.23282120864635,0.4622209541664248,0.05771993014357006,0.7051867921710885
16,MOM20_7d+CrowdLow+FundLowLong,3,2659,-10.161899471279112,-77.75938876354178,0.07910353974291855,-0.3072018254571553,0.39070396343553576
16,MOM20_7d+CrowdLow+FundHighShort,3,2554,21.471352524827438,-66.67252640619404,0.6391873960111292,0.641580019207328,0.6374516847872166
16,MOM20_7d+CrowdLow+PerpShort,3,2704,-5.557279110471159,-81.25044148652614,0.13931647335772154,-0.6908995813761277,0.7431132196631142
16,MOM20_7d+CrowdLow+CS72_season,3,2480,15.792653140817926,-72.42473795979032,0.5417317835577732,-0.03276324194477339,0.9435665218173583
16,MOM20_7d+CrowdLow+FlushB_nocomp,3,2473,11.04486269393037,-72.04599121694795,0.46384788955817124,0.121783983928895,0.7039942011580365
16,MOM20_7d+CrowdLow+MOM20_season,3,2472,9.770373915894993,-71.49315547589627,0.43986490169259884,0.06575412635804359,0.6977574104152656
16,MOM20_7d+FundLowLong+FundHighShort,3,2161,-2.3804419768872376,-67.11149731936035,0.1643151076316401,0.9804980973473801,-0.5032077125240798
16,MOM20_7d+FundLowLong+PerpShort,3,2617,7.779155803172344,-59.25497471012745,0.3973299725530269,-0.17162337442008158,0.8228221320585701
16,MOM20_7d+FundLowLong+CS72_season,3,1808,15.371168906783206,-65.3598171280793,0.5415989101687787,0.019026059201849067,0.9431748147631078
16,MOM20_7d+FundLowLong+FlushB_nocomp,3,1915,26.18163626398764,-64.50240304254436,0.7185348699740569,0.39555884025230303,0.9611783718538411
16,MOM20_7d+FundLowLong+MOM20_season,3,1864,7.386345542464645,-67.16849143007262,0.3893558921819818,0.15208492524390257,0.5698142835391868
16,MOM20_7d+FundHighShort+PerpShort,3,2441,-15.78329945738356,-89.18510519285623,-0.08787951286729447,-0.39954652102117094,0.11079886565724831
16,MOM20_7d+FundHighShort+CS72_season,3,1319,-9.137062701184606,-56.46358023076081,-0.0916976519672723,0.4059316888503122,-0.44134685469352025
16,MOM20_7d+FundHighShort+FlushB_nocomp,3,1560,4.712799919765409,-46.23400731738546,0.3194278129394372,0.9026153397616092,-0.10726168559714819
16,MOM20_7d+FundHighShort+MOM20_season,3,1345,-17.009626157159296,-66.5468429205688,-0.41499815097859405,0.15332609522861665,-0.8072156046040347
16,MOM20_7d+PerpShort+CS72_season,3,2348,-1.8921791334530424,-73.18987901407328,0.2047876526833019,-0.34034635850103534,0.5706854899565283
16,MOM20_7d+PerpShort+FlushB_nocomp,3,2452,16.617323526439765,-66.2181479796765,0.5629401409739602,-0.1986701034617341,1.0410509965432728
16,MOM20_7d+PerpShort+MOM20_season,3,2359,8.249178141020796,-53.585599156722,0.40755356970439593,0.3605352169133212,0.4398018720525045
16,MOM20_7d+CS72_season+FlushB_nocomp,3,1181,51.4914836920197,-47.66276957977268,1.1823517504317234,0.44242235119136947,1.671555863759413
16,MOM20_7d+CS72_season+MOM20_season,3,934,13.545932721461629,-46.675995304065175,0.5447472623585669,0.3847652358764873,0.64851319670139
16,MOM20_7d+FlushB_nocomp+MOM20_season,3,1241,24.81514704550214,-49.46657364160272,0.760054101468196,0.4828091421309698,0.9539904934590229
16,BigLong+CrowdLow+FundLowLong,3,2608,10.68618205754226,-74.90597732594114,0.4550076834603822,0.36059932468989137,0.5273942805326238
16,BigLong+CrowdLow+FundHighShort,3,2523,20.186568261760108,-67.1246284236631,0.6066488218179097,0.7081566132668817,0.5414925769099078
16,BigLong+CrowdLow+PerpShort,3,2679,6.188392238775475,-79.98729146861739,0.3881626105000559,-0.44798522764898174,0.9482599879528388
16,BigLong+CrowdLow+CS72_season,3,2430,22.60644518937298,-69.14336644550394,0.665584509977256,0.5025673437169936,0.7755278441220633
16,BigLong+CrowdLow+FlushB_nocomp,3,2419,10.071602940822789,-75.08494458784844,0.4627224758843748,0.43841703843656926,0.47948295685417036
16,BigLong+CrowdLow+MOM20_season,3,2438,12.11993491115011,-69.14336644550394,0.473536473068084,0.36225753347780726,0.551125286841973
16,BigLong+FundLowLong+FundHighShort,3,2040,-9.39618285834981,-54.5447898632892,-0.00584596593916989,-0.17212954675603898,0.1036247357914988
16,BigLong+FundLowLong+PerpShort,3,2543,0.9345500790192807,-69.3593923955254,0.25943068542022146,-0.7732327935518817,0.9785181484732227
16,BigLong+FundLowLong+CS72_season,3,1495,37.14935683189022,-52.23145355442216,0.937101419855418,0.29618219786935696,1.38177887598842
16,BigLong+FundLowLong+FlushB_nocomp,3,1675,47.62694773322846,-54.53172705449014,1.0873847392775637,0.8060879059974609,1.3273800686911552
16,BigLong+FundLowLong+MOM20_season,3,1747,26.65542813985484,-55.46045603959611,0.7203334401838398,0.3007930454419663,0.9961063990163662
16,BigLong+FundHighShort+PerpShort,3,2396,-23.437074291686056,-87.55320184577221,-0.2792487819553596,-1.0256554327116758,0.1646593592230366
16,BigLong+FundHighShort+CS72_season,3,1146,-4.207135204407308,-52.99526084119452,0.06344050354799989,-0.460454843938742,0.29484872374374027
16,BigLong+FundHighShort+FlushB_nocomp,3,1437,9.383943152906493,-40.49842153829495,0.4232265099958636,0.13433975287367614,0.5939966155955633
16,BigLong+FundHighShort+MOM20_season,3,1282,-8.521883525271502,-55.963909225107386,-0.0829857128916806,-0.10798206812900596,-0.0740812869099972
16,BigLong+PerpShort+CS72_season,3,2281,-6.061995514609652,-81.22113215258345,0.10621944196100645,-0.8630941524528739,0.6942788197365758
16,BigLong+PerpShort+FlushB_nocomp,3,2396,14.961204251112115,-74.8745733392851,0.5068953706890855,-0.8742843414231175,1.3188297548245187
16,BigLong+PerpShort+MOM20_season,3,2326,4.942517671696178,-54.43026152132124,0.3359684121774616,-0.03631217827315536,0.5631287831627819
16,BigLong+CS72_season+FlushB_nocomp,3,893,78.78051827242467,-37.36473702224576,1.831465201371211,1.2820052530866672,2.198061698423913
16,BigLong+CS72_season+MOM20_season,3,786,27.57117145574992,-40.429339838210645,0.8633924856334105,0.6864127782269142,0.9779718226567012
16,BigLong+FlushB_nocomp+MOM20_season,3,1117,32.09676533667385,-47.88913795556525,0.8615103005228716,0.4409938319477404,1.105235828974925
16,CrowdLow+FundLowLong+FundHighShort,3,2689,14.866650334190723,-71.38768152065545,0.5179826690565521,0.7523806175324196,0.3518156765706093
16,CrowdLow+FundLowLong+PerpShort,3,2758,-12.613307686664399,-78.76337645438693,-0.0071150693433945315,-0.2709912703532341,0.2099646424971247
16,CrowdLow+FundLowLong+CS72_season,3,2621,19.083621201076095,-74.45818651859774,0.5879441519348398,0.4306398409600976,0.7028671537495821
16,CrowdLow+FundLowLong+FlushB_nocomp,3,2613,14.254430852982436,-74.47929852983539,0.5133896575323887,0.4062186955348269,0.5917890542306885
16,CrowdLow+FundLowLong+MOM20_season,3,2629,7.5914541646935785,-77.58448403537852,0.40544602303028193,0.3758531318220365,0.4273712532583432
16,CrowdLow+FundHighShort+PerpShort,3,2707,3.243608608156978,-79.17665764766602,0.30642739797489144,-0.34865573972304714,0.762893817682978
16,CrowdLow+FundHighShort+CS72_season,3,2539,31.73965984184597,-64.3466912515028,0.775886310936866,0.7508377534109107,0.7942195044606798
16,CrowdLow+FundHighShort+FlushB_nocomp,3,2527,25.835855691626854,-67.7540701059919,0.6909589283507546,0.8482856813433947,0.5891530227383269
16,CrowdLow+FundHighShort+MOM20_season,3,2534,27.498699576657582,-64.44853389239545,0.7172527437881657,0.7542326787197884,0.6945314266620126
16,CrowdLow+PerpShort+CS72_season,3,2682,5.735621161335702,-82.73271475935154,0.37811553914036317,-0.5321452725776462,1.017146490118907
16,CrowdLow+PerpShort+FlushB_nocomp,3,2683,9.967467028353427,-76.0415039120812,0.45688885801038115,-0.16519485489521651,0.8976648216401599
16,CrowdLow+PerpShort+MOM20_season,3,2689,-5.580925544354887,-82.73271475935154,0.12147310631433955,-0.5683646169885772,0.6376492414245233
16,CrowdLow+CS72_season+FlushB_nocomp,3,2435,28.77330369108806,-70.1793218277061,0.752821733443324,0.5429243538534743,0.8942105874489069
16,CrowdLow+CS72_season+MOM20_season,3,2449,24.980225864630647,-69.14336644550394,0.6799152768626328,0.41700740493726696,0.8588081445203692
16,CrowdLow+FlushB_nocomp+MOM20_season,3,2439,16.220726821307927,-71.77821664295747,0.5410275550936275,0.4445723917506248,0.6088280655328109
16,FundLowLong+FundHighShort+PerpShort,3,2630,-36.010448362283064,-91.57487626036355,-0.6448908866968476,-1.0446082095811033,-0.39694397782685586
16,FundLowLong+FundHighShort+CS72_season,3,1934,-35.673207109743544,-90.08521628157617,-0.746502223188906,-0.2606778042693774,-1.0693307338057887
16,FundLowLong+FundHighShort+FlushB_nocomp,3,2049,-26.602928804220394,-87.28707323256072,-0.46027376102685036,0.2037510469654971,-0.9663389837137714
16,FundLowLong+FundHighShort+MOM20_season,3,2056,-37.82386495815816,-92.20992080775738,-0.9031603946905439,0.05982343918465178,-1.6225106286540971
16,FundLowLong+PerpShort+CS72_season,3,2525,-29.467117366925997,-87.95993720768908,-0.5074520794726431,-0.7518152571129703,-0.3339418946627186
16,FundLowLong+PerpShort+FlushB_nocomp,3,2582,-13.265272903179515,-76.67441623936699,-0.07294368119866436,-0.762129434206211,0.4159927251487699
16,FundLowLong+PerpShort+MOM20_season,3,2580,-13.764496293251739,-71.28735804696103,-0.11341114262907889,-0.13464406207873209,-0.09763249750320317
16,FundLowLong+CS72_season+FlushB_nocomp,3,1483,53.41341155724033,-54.12137281415832,1.129877056495192,0.88553847094682,1.306322880029593
16,FundLowLong+CS72_season+MOM20_season,3,1584,10.76727778235156,-56.31666149410455,0.45178871487107397,0.5484666985305641,0.37089890828589267
16,FundLowLong+FlushB_nocomp+MOM20_season,3,1747,22.612484052604252,-59.232339025127075,0.6518179097872859,0.7607657468989089,0.5763565399327865
16,FundHighShort+PerpShort+CS72_season,3,2386,-38.92616261552402,-96.05565243047043,-0.6821148511804399,-0.9847711821481613,-0.5122857426093161
16,FundHighShort+PerpShort+FlushB_nocomp,3,2490,-34.21491751084693,-95.27975806308349,-0.5144429207319515,-0.9553076300116746,-0.26342448514847383
16,FundHighShort+PerpShort+MOM20_season,3,2417,-36.849988148346355,-94.28331507299424,-0.6678073908180006,-0.8759120784245653,-0.5566890039751187
16,FundHighShort+CS72_season+FlushB_nocomp,3,1333,-12.202241435226924,-77.38551311024285,-0.14860683000086192,0.19286108964826718,-0.36901892998856245
16,FundHighShort+CS72_season+MOM20_season,3,1181,-37.84679643058229,-91.78136194404973,-1.227957059369015,-0.3421578030420743,-1.720291683068528
16,FundHighShort+FlushB_nocomp+MOM20_season,3,1457,-23.93605857513129,-80.47784654806406,-0.4420286421323062,-0.04632622502713662,-0.6604400534196245
16,PerpShort+CS72_season+FlushB_nocomp,3,2381,-13.569832008387761,-83.1344410004046,-0.08611864360510695,-1.0955631010109,0.5336776840474509
16,PerpShort+CS72_season+MOM20_season,3,2312,-14.306946849784907,-73.1797002442295,-0.10619569700646884,0.2680577559109437,-0.34052440154287916
16,PerpShort+FlushB_nocomp+MOM20_season,3,2426,0.7634537200151614,-56.407487297839644,0.24778733272508852,-0.02515535761742631,0.4163483028884651
16,CS72_season+FlushB_nocomp+MOM20_season,3,981,34.344884047386,-47.88913795556524,1.017772106025602,0.7841725382385524,1.1849835615471485
