panel,combo,size,flushcap,maxopen,n,cagr_pct,maxdd_pct,sharpe,sharpe_train,sharpe_test
30,CS72_sized+CS24_core_sized+FlushStd_sized,0.1,None,3,1641,49.18056054718243,-11.956230761397036,2.1435892263702954,2.0833995697931735,2.191943953217989
30,CS72_sized+CS24_core_sized+FlushStd_sized,0.1,None,5,2308,99.00932899523941,-17.770725320681702,2.7330232189724293,2.3567048325027,2.9789349925505255
30,CS72_sized+CS24_core_sized+FlushStd_sized,0.1,None,8,2812,128.22695790528041,-23.892633766420555,2.8958309140596077,2.1345669690733957,3.3659734824070004
30,CS72_sized+CS24_core_sized+FlushStd_sized,0.1,1,3,1425,22.025452511861253,-10.74615114959574,1.5657134449362753,1.8241127907614083,1.416739884662978
30,CS72_sized+CS24_core_sized+FlushStd_sized,0.1,1,5,1831,40.773826558068336,-13.788640047324252,2.00880226660214,1.82238228052187,2.167328287842222
30,CS72_sized+CS24_core_sized+FlushStd_sized,0.1,1,8,2084,53.452061136345776,-14.20654777431295,2.340143837472131,2.229562938181372,2.4754819022948467
30,CS72_sized+CS24_core_sized+FlushStd_sized,0.1,2,3,1568,32.57761751474631,-11.348247849702231,1.7737851249387844,1.3635571947914624,2.035725893687169
30,CS72_sized+CS24_core_sized+FlushStd_sized,0.1,2,5,2029,57.60539238673561,-12.00168032818495,2.3232541080209406,1.7407977015300944,2.6734124393959733
30,CS72_sized+CS24_core_sized+FlushStd_sized,0.1,2,8,2323,71.97468201711801,-15.516533198655836,2.6007816947013724,2.005299749450626,2.9633212106886253
30,CS72_sized+CS24_core_sized+FlushStd_sized,0.1,3,3,1641,49.18056054718243,-11.956230761397036,2.1435892263702954,2.0833995697931735,2.191943953217989
30,CS72_sized+CS24_core_sized+FlushStd_sized,0.1,3,5,2164,71.99523055035495,-11.956230761397057,2.552315732339628,2.0949052209760852,2.8409453793740873
30,CS72_sized+CS24_core_sized+FlushStd_sized,0.1,3,8,2493,85.89779859668494,-16.32349314486311,2.7499697238700223,2.3349814971637906,3.0229066149049473
30,CS72_sized+CS24_core_sized+FlushStd_sized,0.15,None,3,1641,79.10907461815977,-17.660837287305263,2.14288018755603,2.0778684255320936,2.1933588171313727
30,CS72_sized+CS24_core_sized+FlushStd_sized,0.15,None,5,2308,172.4563674145144,-25.903062567908364,2.7235384933631104,2.335984933559252,2.9755100534822794
30,CS72_sized+CS24_core_sized+FlushStd_sized,0.15,None,8,2812,229.51814267668124,-35.02483171735397,2.8658071511191046,2.075273805883573,3.3553473103103357
30,CS72_sized+CS24_core_sized+FlushStd_sized,0.15,1,3,1425,33.97916777479799,-16.001245119792184,1.5671290172189467,1.8255328193553904,1.4182591976894572
30,CS72_sized+CS24_core_sized+FlushStd_sized,0.15,1,5,1831,65.22233392996868,-20.269337741094297,2.0068729264505847,1.8234307620481223,2.1642690410863623
30,CS72_sized+CS24_core_sized+FlushStd_sized,0.15,1,8,2084,87.33248747495644,-20.82597856739481,2.3325312260923594,2.231248259188002,2.463681391863917
30,CS72_sized+CS24_core_sized+FlushStd_sized,0.15,2,3,1568,50.9293866366461,-16.77168328211979,1.7721326869657672,1.3622360434816503,2.034476809013693
30,CS72_sized+CS24_core_sized+FlushStd_sized,0.15,2,5,2029,94.68602961218386,-17.601127109621785,2.3219600996524035,1.7414188451897674,2.6712255248582832
30,CS72_sized+CS24_core_sized+FlushStd_sized,0.15,2,8,2323,121.03586586651373,-22.60560729184926,2.5957621001839346,2.0042712904934823,2.956153141276279
30,CS72_sized+CS24_core_sized+FlushStd_sized,0.15,3,3,1641,79.10907461815977,-17.660837287305263,2.14288018755603,2.0778684255320936,2.1933588171313727
30,CS72_sized+CS24_core_sized+FlushStd_sized,0.15,3,5,2164,121.041143004898,-17.660837287305277,2.550022960263037,2.0906826513376915,2.839670646258103
30,CS72_sized+CS24_core_sized+FlushStd_sized,0.15,3,8,2493,147.5276394302809,-23.781505189328676,2.7451234364212866,2.326626233668885,3.0195034895861834
30,CS72_sized+CS24_core_sized+FlushStd_sized,0.2,None,3,1641,112.81176079484472,-23.17528893494174,2.1417978874733747,2.0724535420254475,2.194271908817708
30,CS72_sized+CS24_core_sized+FlushStd_sized,0.2,None,5,2308,266.2161490274072,-33.5552324125531,2.7137472582126607,2.314653129840517,2.9720228477323123
30,CS72_sized+CS24_core_sized+FlushStd_sized,0.2,None,8,2812,362.16843224787834,-45.59372293304141,2.8337348814508823,2.0128178418412617,3.3444683218780336
30,CS72_sized+CS24_core_sized+FlushStd_sized,0.2,1,3,1425,46.51157282387188,-21.161861345244304,1.568459019836953,1.826948100870166,1.4196625928698272
30,CS72_sized+CS24_core_sized+FlushStd_sized,0.2,1,5,1831,92.56702028987844,-26.474278076404765,2.0047885449115648,1.8244387594881681,2.1610227106354887
30,CS72_sized+CS24_core_sized+FlushStd_sized,0.2,1,8,2084,126.58853972155204,-27.131037252915725,2.3246015451802564,2.232873560017691,2.451545983859462
30,CS72_sized+CS24_core_sized+FlushStd_sized,0.2,2,3,1568,70.5966194432227,-22.023588883461375,1.7704397317599718,1.361043952898577,2.033027935623496
30,CS72_sized+CS24_core_sized+FlushStd_sized,0.2,2,5,2029,138.10081390670064,-22.951121668446596,2.3205037296378315,1.742110772738141,2.66871588137158
30,CS72_sized+CS24_core_sized+FlushStd_sized,0.2,2,8,2323,180.59463889266274,-29.27334758244722,2.5903671394168395,2.0030216719742913,2.9485080374434887
30,CS72_sized+CS24_core_sized+FlushStd_sized,0.2,3,3,1641,112.81176079484472,-23.17528893494174,2.1417978874733747,2.0724535420254475,2.194271908817708
30,CS72_sized+CS24_core_sized+FlushStd_sized,0.2,3,5,2164,180.54997609557154,-23.175288934941708,2.547619322460908,2.086520652214779,2.838202106965652
30,CS72_sized+CS24_core_sized+FlushStd_sized,0.2,3,8,2493,224.7996815861446,-30.791398189747945,2.7398929182608707,2.318086451000857,3.0156631561885563
30,CS72_sized+CS24_core_sized+FlushStd_sized,0.3,None,3,1641,191.7812581329337,-33.61579460181401,2.1387890586452776,2.0620119183798793,2.194878445257066
30,CS72_sized+CS24_core_sized+FlushStd_sized,0.3,None,5,2308,528.0562449689515,-47.48459913661276,2.6930366237896375,2.269587812663391,2.9648538520056773
30,CS72_sized+CS24_core_sized+FlushStd_sized,0.3,None,8,2812,731.700712696389,-64.98112860556957,2.761813093756187,1.8788203813754119,3.3220036412380898
30,CS72_sized+CS24_core_sized+FlushStd_sized,0.3,1,3,1425,73.09472156897318,-31.156501585188213,1.5708533019498292,1.8297637018447894,1.4221123558116457
30,CS72_sized+CS24_core_sized+FlushStd_sized,0.3,1,5,1831,156.2983866312387,-38.06031639709897,2.000182858650429,1.8263385814488697,2.154019871451864
30,CS72_sized+CS24_core_sized+FlushStd_sized,0.3,1,8,2084,222.78621798167651,-38.972527243362954,2.3078175546213835,2.2359561939091797,2.426322201051698
30,CS72_sized+CS24_core_sized+FlushStd_sized,0.3,2,3,1568,113.52061823734867,-32.00244084211724,1.7670692113021016,1.3590668273535906,2.029757178582254
30,CS72_sized+CS24_core_sized+FlushStd_sized,0.3,2,5,2029,246.196246174584,-32.94583716494803,2.317277672187752,1.7437398221066356,2.662992731810582
30,CS72_sized+CS24_core_sized+FlushStd_sized,0.3,2,8,2323,336.62410175042163,-41.414050883120034,2.5785986250052573,1.9998592358850127,2.932020260380632
30,CS72_sized+CS24_core_sized+FlushStd_sized,0.3,3,3,1641,191.7812581329337,-33.61579460181401,2.1387890586452776,2.0620119183798793,2.194878445257066
30,CS72_sized+CS24_core_sized+FlushStd_sized,0.3,3,5,2164,336.2961621088737,-33.61579460181405,2.542476864615124,2.0784350119470316,2.834630759438316
30,CS72_sized+CS24_core_sized+FlushStd_sized,0.3,3,8,2493,436.52375974576654,-43.52870067122857,2.7282745877270353,2.300400288777936,3.0066562235172194
30,CS72_sized+CS24_core_sized+FlushStd_sized+LiqBuy,0.1,None,3,1694,39.94940014093453,-12.427858603961505,1.9805056703198771,1.7152080607203457,2.3070633849506836
30,CS72_sized+CS24_core_sized+FlushStd_sized+LiqBuy,0.1,None,5,2394,80.22010921528562,-16.211367785820276,2.5392954899120466,1.9932456844604016,3.167285051328626
30,CS72_sized+CS24_core_sized+FlushStd_sized+LiqBuy,0.1,None,8,2921,103.39241648227527,-19.29290938758036,2.7475100005962454,1.9875363818414808,3.5961711160685037
30,CS72_sized+CS24_core_sized+FlushStd_sized+LiqBuy,0.1,1,3,1503,23.931398295629535,-10.746151149595795,1.6813182393673995,1.7555753245684504,1.5907890986806468
30,CS72_sized+CS24_core_sized+FlushStd_sized+LiqBuy,0.1,1,5,1969,43.914840772854056,-13.1558741343469,2.082521943555163,1.6531038934114324,2.594708434273725
30,CS72_sized+CS24_core_sized+FlushStd_sized+LiqBuy,0.1,1,8,2289,56.511429749001366,-14.263234320746088,2.201220104521347,1.6832719898699378,2.833109028058527
30,CS72_sized+CS24_core_sized+FlushStd_sized+LiqBuy,0.1,2,3,1629,29.913099231612183,-10.582779372387419,1.7071089346820918,1.476427235367563,1.9903353870489573
30,CS72_sized+CS24_core_sized+FlushStd_sized+LiqBuy,0.1,2,5,2152,55.0614405119537,-13.1558741343469,2.2336173707670293,1.6596850630546216,2.8898275230529746
30,CS72_sized+CS24_core_sized+FlushStd_sized+LiqBuy,0.1,2,8,2508,69.70052593518874,-17.23767706479005,2.418757983861396,1.6815765933216078,3.2890896391107094
30,CS72_sized+CS24_core_sized+FlushStd_sized+LiqBuy,0.1,3,3,1694,39.94940014093453,-12.427858603961505,1.9805056703198771,1.7152080607203457,2.3070633849506836
30,CS72_sized+CS24_core_sized+FlushStd_sized+LiqBuy,0.1,3,5,2275,66.38555313225491,-13.1558741343469,2.456700439839739,1.866949532267728,3.1368267008576756
30,CS72_sized+CS24_core_sized+FlushStd_sized+LiqBuy,0.1,3,8,2662,77.66792833208002,-16.77808059208308,2.537359828764415,1.8395046890367894,3.339764168439232
30,CS72_sized+CS24_core_sized+FlushStd_sized+LiqBuy,0.15,None,3,1694,63.28767201588559,-18.361396644073235,1.9794020593685235,1.7118648031395731,2.3081183859229375
30,CS72_sized+CS24_core_sized+FlushStd_sized+LiqBuy,0.15,None,5,2394,135.97737573898857,-23.719202187579512,2.5318882014370634,1.9801971053288525,3.1654347461607575
30,CS72_sized+CS24_core_sized+FlushStd_sized+LiqBuy,0.15,None,8,2921,180.49051394185219,-28.464556363911353,2.7324425155192125,1.963049422103992,3.5911226493267634
30,CS72_sized+CS24_core_sized+FlushStd_sized+LiqBuy,0.15,1,3,1503,37.12990962984084,-16.001245119792152,1.6821592751119665,1.7554251148029962,1.5929888033293957
30,CS72_sized+CS24_core_sized+FlushStd_sized+LiqBuy,0.15,1,5,1969,70.69578629831797,-19.263802372962402,2.0810912985936207,1.6516445848565322,2.59292117389978
30,CS72_sized+CS24_core_sized+FlushStd_sized+LiqBuy,0.15,1,8,2289,92.55259292534184,-21.367041249110265,2.194583736857023,1.678720539819984,2.824645354840223
30,CS72_sized+CS24_core_sized+FlushStd_sized+LiqBuy,0.15,2,3,1629,46.59539007346834,-15.794973506330178,1.7055447248999056,1.4737786924048077,1.990021422440261
30,CS72_sized+CS24_core_sized+FlushStd_sized+LiqBuy,0.15,2,5,2152,90.05168582561829,-19.263802372962402,2.231680860947933,1.6561201747294905,2.8900398059714947
30,CS72_sized+CS24_core_sized+FlushStd_sized+LiqBuy,0.15,2,8,2508,116.21691754285912,-25.77246412297146,2.4092441223194334,1.6703955931875532,3.284039840268918
30,CS72_sized+CS24_core_sized+FlushStd_sized+LiqBuy,0.15,3,3,1694,63.28767201588559,-18.361396644073235,1.9794020593685235,1.7118648031395731,2.3081183859229375
30,CS72_sized+CS24_core_sized+FlushStd_sized+LiqBuy,0.15,3,5,2275,110.50281001424906,-19.263802372962402,2.4519592675549235,1.8608853697894518,3.134200722572962
30,CS72_sized+CS24_core_sized+FlushStd_sized+LiqBuy,0.15,3,8,2662,131.2220841453713,-24.992514804799814,2.5282737009637346,1.8268769055916032,3.335995181807452
30,CS72_sized+CS24_core_sized+FlushStd_sized+LiqBuy,0.2,None,3,1694,88.92044461420025,-24.098287638114225,1.9780114562933788,1.7085450905691704,2.308669151806884
30,CS72_sized+CS24_core_sized+FlushStd_sized+LiqBuy,0.2,None,5,2394,204.33479975747156,-30.841565907584865,2.524261146888847,1.9668888735010774,3.1634288294768393
30,CS72_sized+CS24_core_sized+FlushStd_sized+LiqBuy,0.2,None,8,2921,278.8735032076572,-37.26872942010684,2.716502852707323,1.9374377921175856,3.5855184571740297
30,CS72_sized+CS24_core_sized+FlushStd_sized+LiqBuy,0.2,1,3,1503,51.13326122186326,-21.161861345244414,1.6829230462829172,1.755225543437101,1.595081019318022
30,CS72_sized+CS24_core_sized+FlushStd_sized+LiqBuy,0.2,1,5,1969,101.0089731811207,-25.070826838395643,2.079550980035794,1.6501299549725257,2.5909461081265204
30,CS72_sized+CS24_core_sized+FlushStd_sized+LiqBuy,0.2,1,8,2289,134.3991998521389,-28.453007695968424,2.187369600242159,1.6734232739715442,2.8158673330431525
30,CS72_sized+CS24_core_sized+FlushStd_sized+LiqBuy,0.2,2,3,1629,64.37475760659996,-21.012867494955543,1.7038631656266638,1.4710654417835882,1.989542543272477
30,CS72_sized+CS24_core_sized+FlushStd_sized+LiqBuy,0.2,2,5,2152,130.66636212352984,-25.070826838395643,2.22954198688521,1.6524153820734135,2.8898862181201634
30,CS72_sized+CS24_core_sized+FlushStd_sized+LiqBuy,0.2,2,8,2508,171.65068628861894,-34.255310739608305,2.399053268385579,1.6582860731444709,3.2784774150734406
30,CS72_sized+CS24_core_sized+FlushStd_sized+LiqBuy,0.2,3,3,1694,88.92044461420025,-24.098287638114225,1.9780114562933788,1.7085450905691704,2.308669151806884
30,CS72_sized+CS24_core_sized+FlushStd_sized+LiqBuy,0.2,3,5,2275,163.17334073906275,-25.070826838395643,2.447129952418397,1.8546922300147064,3.1314680897145153
30,CS72_sized+CS24_core_sized+FlushStd_sized+LiqBuy,0.2,3,8,2662,196.46491060790242,-33.2189519623695,2.518571144887144,1.8134331917324544,3.3318129971766575
30,CS72_sized+CS24_core_sized+FlushStd_sized+LiqBuy,0.3,None,3,1694,146.9828334783328,-34.95867672647379,1.9745801590233978,1.7019877945597768,2.3085690043411273
30,CS72_sized+CS24_core_sized+FlushStd_sized+LiqBuy,0.3,None,5,2394,385.09455023286756,-43.970117585097235,2.5082231289734787,1.9392041559010407,3.1589935173441557
30,CS72_sized+CS24_core_sized+FlushStd_sized+LiqBuy,0.3,None,8,2921,551.2676672908576,-53.63810756511966,2.681494467630712,1.8819597664271246,3.5727267424541282
30,CS72_sized+CS24_core_sized+FlushStd_sized+LiqBuy,0.3,1,3,1503,81.43564417123221,-31.156501585188245,1.6842075134477852,1.754671266755969,1.5989268638769223
30,CS72_sized+CS24_core_sized+FlushStd_sized+LiqBuy,0.3,1,5,1969,173.0186411484385,-35.81871699831485,2.0761611087052074,1.6469371597143845,2.5864703265979667
30,CS72_sized+CS24_core_sized+FlushStd_sized+LiqBuy,0.3,1,8,2289,236.81894548210866,-42.573377130716096,2.170525482580251,1.6596188712285531,2.797398843002802
30,CS72_sized+CS24_core_sized+FlushStd_sized+LiqBuy,0.3,2,3,1629,102.92776007573056,-31.264870511436815,1.7002109084909949,1.46539332303188,1.988273666504848
30,CS72_sized+CS24_core_sized+FlushStd_sized+LiqBuy,0.3,2,5,2152,230.47754309150386,-35.81871699831485,2.2247062988505872,1.6445029531299236,2.8887440261759565
30,CS72_sized+CS24_core_sized+FlushStd_sized+LiqBuy,0.3,2,8,2508,311.3595352441678,-51.07604338840851,2.3764955902079805,1.63097041100173,3.266060733780351
30,CS72_sized+CS24_core_sized+FlushStd_sized+LiqBuy,0.3,3,3,1694,146.9828334783328,-34.95867672647379,1.9745801590233978,1.7019877945597768,2.3085690043411273
30,CS72_sized+CS24_core_sized+FlushStd_sized+LiqBuy,0.3,3,5,2275,297.8299119932156,-35.81871699831485,2.437094055950964,1.8418104577638341,3.125617722882433
30,CS72_sized+CS24_core_sized+FlushStd_sized+LiqBuy,0.3,3,8,2662,366.76483677171194,-49.73423903281121,2.4969804656457595,1.7836672536699805,3.322193360247314
30,CS72_sized+CS24_core_sized+FlushStd_sized+LiqBuy_lim,0.1,None,3,1693,37.698821670602634,-12.481531560672787,1.91534955804688,1.6036886698529103,2.2878009530883747
30,CS72_sized+CS24_core_sized+FlushStd_sized+LiqBuy_lim,0.1,None,5,2385,69.7992659700382,-17.77072532068168,2.4814499441076787,1.9546421535073775,3.100173937801291
30,CS72_sized+CS24_core_sized+FlushStd_sized+LiqBuy_lim,0.1,None,8,2916,95.50661158748417,-22.083274957319144,2.6021162425924236,1.8165495053203353,3.4657025495533076
30,CS72_sized+CS24_core_sized+FlushStd_sized+LiqBuy_lim,0.1,1,3,1502,20.202599912784038,-12.752393114498572,1.494861228212266,1.5229585456462684,1.4798453578754327
30,CS72_sized+CS24_core_sized+FlushStd_sized+LiqBuy_lim,0.1,1,5,1955,40.496861065615605,-14.398524837265558,2.0076995709797343,1.6425789846220493,2.436569788546738
30,CS72_sized+CS24_core_sized+FlushStd_sized+LiqBuy_lim,0.1,1,8,2261,53.31657184355745,-14.522994549851232,2.2230185875824002,1.7170274415392166,2.800580330564467
30,CS72_sized+CS24_core_sized+FlushStd_sized+LiqBuy_lim,0.1,2,3,1629,30.646961685604325,-12.612525893262616,1.7518853291457501,1.5212349015603204,2.0356160906774186
30,CS72_sized+CS24_core_sized+FlushStd_sized+LiqBuy_lim,0.1,2,5,2140,50.10043887551425,-14.398524837265558,2.153639733939201,1.6114037988643444,2.7593821735499295
30,CS72_sized+CS24_core_sized+FlushStd_sized+LiqBuy_lim,0.1,2,8,2486,65.47883605258436,-14.522994549851232,2.4279351442351884,1.7389466940570044,3.196932349686339
30,CS72_sized+CS24_core_sized+FlushStd_sized+LiqBuy_lim,0.1,3,3,1693,37.698821670602634,-12.481531560672787,1.91534955804688,1.6036886698529103,2.2878009530883747
30,CS72_sized+CS24_core_sized+FlushStd_sized+LiqBuy_lim,0.1,3,5,2259,58.19690845806724,-14.398524837265558,2.3390506118754226,1.7769444011762057,2.975590790058329
30,CS72_sized+CS24_core_sized+FlushStd_sized+LiqBuy_lim,0.1,3,8,2642,74.92448725796477,-14.522994549851232,2.5759520025827136,1.9376584668570522,3.2947649143851723
30,CS72_sized+CS24_core_sized+FlushStd_sized+LiqBuy_lim,0.15,None,3,1693,59.41540180513796,-18.36515517015773,1.9148287152241417,1.6007211659364189,2.2897741784580563
30,CS72_sized+CS24_core_sized+FlushStd_sized+LiqBuy_lim,0.15,None,5,2385,116.34382424915421,-25.90306256790833,2.4727044099378492,1.9416276491649684,3.0967648359236324
30,CS72_sized+CS24_core_sized+FlushStd_sized+LiqBuy_lim,0.15,None,8,2916,163.96212406161146,-32.91733119633993,2.5778739507245847,1.7808211557772649,3.4541234009594115
30,CS72_sized+CS24_core_sized+FlushStd_sized+LiqBuy_lim,0.15,1,3,1502,30.988442337654874,-18.901041997362867,1.4950238577319601,1.523074137445758,1.4801406571666131
30,CS72_sized+CS24_core_sized+FlushStd_sized+LiqBuy_lim,0.15,1,5,1955,64.70600349528515,-21.067959370379153,2.0058301057693124,1.6410875592290692,2.434271880200151
30,CS72_sized+CS24_core_sized+FlushStd_sized+LiqBuy_lim,0.15,1,8,2261,86.85395866410785,-21.243451515335888,2.217479347762065,1.7149023676197728,2.791343891531045
30,CS72_sized+CS24_core_sized+FlushStd_sized+LiqBuy_lim,0.15,2,3,1629,47.810518355805876,-18.751991931194144,1.7513268458372502,1.520165517056415,2.035586050804316
30,CS72_sized+CS24_core_sized+FlushStd_sized+LiqBuy_lim,0.15,2,5,2140,81.17367712036238,-21.067959370379153,2.1519569195001544,1.608861114230881,2.758814987793314
30,CS72_sized+CS24_core_sized+FlushStd_sized+LiqBuy_lim,0.15,2,8,2486,108.75130175733526,-21.583762432916675,2.421758539358149,1.7321818519823622,3.191894325650433
30,CS72_sized+CS24_core_sized+FlushStd_sized+LiqBuy_lim,0.15,3,3,1693,59.41540180513796,-18.36515517015773,1.9148287152241417,1.6007211659364189,2.2897741784580563
30,CS72_sized+CS24_core_sized+FlushStd_sized+LiqBuy_lim,0.15,3,5,2259,95.4900051023132,-21.067959370379153,2.3350237036057253,1.7708640397217112,2.9739675907139143
30,CS72_sized+CS24_core_sized+FlushStd_sized+LiqBuy_lim,0.15,3,8,2642,126.3595209425782,-21.243451515335888,2.569828775176824,1.9274906382666561,3.2928871296468896
30,CS72_sized+CS24_core_sized+FlushStd_sized+LiqBuy_lim,0.2,None,3,1693,83.03561052933286,-24.01543071960649,1.914017164828544,1.5978253879981226,2.291180014782458
30,CS72_sized+CS24_core_sized+FlushStd_sized+LiqBuy_lim,0.2,None,5,2385,171.82400157488695,-33.55523241255316,2.4635688146920605,1.9282857228080166,3.0928730087429694
30,CS72_sized+CS24_core_sized+FlushStd_sized+LiqBuy_lim,0.2,None,8,2916,248.46421829216166,-43.62224410354998,2.5520338172103685,1.7429328866958937,3.4421609334830197
30,CS72_sized+CS24_core_sized+FlushStd_sized+LiqBuy_lim,0.2,1,3,1502,42.167706247011424,-24.87127777541095,1.4951650480207352,1.5231885564016767,1.4804020666239948
30,CS72_sized+CS24_core_sized+FlushStd_sized+LiqBuy_lim,0.2,1,5,1955,91.72983526926,-27.395734351626132,2.0038381571436226,1.6395878049987405,2.431740003976749
30,CS72_sized+CS24_core_sized+FlushStd_sized+LiqBuy_lim,0.2,1,8,2261,125.47245844545722,-27.61521630112862,2.2117232822403348,1.7126170144696078,2.7817849666024683
30,CS72_sized+CS24_core_sized+FlushStd_sized+LiqBuy_lim,0.2,2,3,1629,66.14565371258816,-24.744080478016528,1.7506501567996953,1.5190903319716251,2.035334948907417
30,CS72_sized+CS24_core_sized+FlushStd_sized+LiqBuy_lim,0.2,2,5,2140,116.66232138067815,-27.395734351626132,2.150087299089693,1.6062560406772257,2.75788165696871
30,CS72_sized+CS24_core_sized+FlushStd_sized+LiqBuy_lim,0.2,2,8,2486,160.16179751810625,-28.718628797299694,2.415166115598415,1.7249463417451205,3.186365164854256
30,CS72_sized+CS24_core_sized+FlushStd_sized+LiqBuy_lim,0.2,3,3,1693,83.03561052933286,-24.01543071960649,1.914017164828544,1.5978253879981226,2.291180014782458
30,CS72_sized+CS24_core_sized+FlushStd_sized+LiqBuy_lim,0.2,3,5,2259,138.95018322991976,-27.395734351626132,2.3308618728307264,1.7648419620411093,2.9719657148867014
30,CS72_sized+CS24_core_sized+FlushStd_sized+LiqBuy_lim,0.2,3,8,2642,188.97363522388733,-27.61521630112862,2.563201334875982,1.9169839774626454,3.2903090378450064
30,CS72_sized+CS24_core_sized+FlushStd_sized+LiqBuy_lim,0.3,None,3,1693,135.71597244306162,-34.73324778362612,1.9117468941215348,1.5922746641496146,2.2926161402016
30,CS72_sized+CS24_core_sized+FlushStd_sized+LiqBuy_lim,0.3,None,5,2385,312.3030177884722,-47.48459913661276,2.443985035075895,1.9002673218214552,3.0837795998602564
30,CS72_sized+CS24_core_sized+FlushStd_sized+LiqBuy_lim,0.3,None,8,2916,466.8787358064434,-64.6693976909697,2.494313859875315,1.6601382273625076,3.417318270844733
30,CS72_sized+CS24_core_sized+FlushStd_sized+LiqBuy_lim,0.3,1,3,1502,65.45351758349014,-36.21094164817217,1.495368788309779,1.5234117098488693,1.480797488388985
30,CS72_sized+CS24_core_sized+FlushStd_sized+LiqBuy_lim,0.3,1,5,1955,154.53729007990353,-39.06098277395883,1.9995118726444634,1.6365628773152083,2.426029694011787
30,CS72_sized+CS24_core_sized+FlushStd_sized+LiqBuy_lim,0.3,1,8,2261,219.0585009724619,-39.34867341344469,2.1995107087152723,1.7074788876444964,2.7617067260386468
30,CS72_sized+CS24_core_sized+FlushStd_sized+LiqBuy_lim,0.3,2,3,1629,106.00864439943778,-36.194465261405405,1.749054558672728,1.5169205395399548,2.0343874650522307
30,CS72_sized+CS24_core_sized+FlushStd_sized+LiqBuy_lim,0.3,2,5,2140,201.783653113274,-39.06098277395883,2.145882778372555,1.600817440895086,2.7551713277105336
30,CS72_sized+CS24_core_sized+FlushStd_sized+LiqBuy_lim,0.3,2,8,2486,290.2968851856085,-42.61350916939899,2.400701465886044,1.7088410057682886,3.1740551397881203
30,CS72_sized+CS24_core_sized+FlushStd_sized+LiqBuy_lim,0.3,3,3,1693,135.71597244306162,-34.73324778362612,1.9117468941215348,1.5922746641496146,2.2926161402016
30,CS72_sized+CS24_core_sized+FlushStd_sized+LiqBuy_lim,0.3,3,5,2259,246.12044903361326,-39.06098277395883,2.322131308290027,1.7529260824759274,2.9668637490075627
30,CS72_sized+CS24_core_sized+FlushStd_sized+LiqBuy_lim,0.3,3,8,2642,353.07822562523626,-39.34867341344469,2.548359431770599,1.894681141183621,3.2831733674239296
30,CS72+FlushStd,0.1,None,3,1082,42.85368730353822,-15.80939557208325,2.151323947031236,1.592714547262277,2.4971685274932547
30,CS72+FlushStd,0.1,None,5,1444,82.45656711129183,-17.694033594119485,2.679732206695134,1.7962282411434891,3.194238427892433
30,CS72+FlushStd,0.1,None,8,1687,100.21895643273906,-22.46489810051042,2.706657821342155,1.5878126993353052,3.357264592244552
30,CS72+FlushStd,0.1,1,3,735,19.429598162973672,-9.781483371527955,1.4583255814407068,1.2121575294221238,1.61863509467059
30,CS72+FlushStd,0.1,1,5,855,30.45914933881564,-9.874761039804902,1.7791846585317133,1.238450083046049,2.0893429152298637
30,CS72+FlushStd,0.1,1,8,920,34.16688429269765,-11.120925178658236,1.8972250526876357,1.1958037210760937,2.2780787905158775
30,CS72+FlushStd,0.1,2,3,951,33.000088601501496,-15.194088892283887,1.9017761873164956,1.223080084742252,2.3130103132103508
30,CS72+FlushStd,0.1,2,5,1101,44.14334878606043,-15.194088892283887,2.091810499523165,1.2234688319502625,2.5753598622393845
30,CS72+FlushStd,0.1,2,8,1175,50.04079588621886,-15.194088892283887,2.253166946381444,1.2649004193217857,2.798728939099608
30,CS72+FlushStd,0.1,3,3,1082,42.85368730353822,-15.80939557208325,2.151323947031236,1.592714547262277,2.4971685274932547
30,CS72+FlushStd,0.1,3,5,1266,55.39611779402944,-15.80939557208325,2.320349250443832,1.5925851400774338,2.742231758014784
30,CS72+FlushStd,0.1,3,8,1351,60.96550887401282,-15.80939557208325,2.449122769665602,1.6418874465973292,2.912315575173336
30,CS72+FlushStd,0.15,None,3,1082,68.30077302530404,-23.08793700754219,2.1441909639956918,1.579377512900083,2.494330982198521
30,CS72+FlushStd,0.15,None,5,1444,139.72691416528394,-25.90293955528129,2.661038820210333,1.7627355786201624,3.183677396003463
30,CS72+FlushStd,0.15,None,8,1687,172.11985111083243,-33.0301954122731,2.6773852180852944,1.5262494510319007,3.351011139316097
30,CS72+FlushStd,0.15,1,3,735,29.661136771904005,-14.516945930200231,1.4560113456043755,1.2110316770044747,1.615698517825335
30,CS72+FlushStd,0.15,1,5,855,47.5858419168931,-14.6570265547455,1.773632495554291,1.2363754884720235,2.082160674932562
30,CS72+FlushStd,0.15,1,8,920,53.577923404700734,-16.455330119305156,1.8859471086921873,1.1937125450141695,2.2625221248820084
30,CS72+FlushStd,0.15,2,3,951,51.59275660745597,-22.16527300376544,1.895637306889272,1.2150668250589336,2.3088735481144416
30,CS72+FlushStd,0.15,2,5,1101,70.53699553710429,-22.16527300376544,2.0841140541363603,1.2148828953580963,2.568069908854845
30,CS72+FlushStd,0.15,2,8,1175,80.7320086231966,-22.16527300376544,2.241477596322408,1.2572159013801187,2.7850071374481953
30,CS72+FlushStd,0.15,3,3,1082,68.30077302530404,-23.08793700754219,2.1441909639956918,1.579377512900083,2.494330982198521
30,CS72+FlushStd,0.15,3,5,1266,90.28646342627451,-23.08793700754219,2.3111171408117657,1.5778530670423425,2.735722179957982
30,CS72+FlushStd,0.15,3,8,1351,100.27289562996064,-23.08793700754219,2.4373991166424016,1.6261148262154068,2.90249812897557
30,CS72+FlushStd,0.2,None,3,1082,96.48277712910611,-29.963220519443457,2.1370204192389437,1.5658540156338077,2.4915704298215102
30,CS72+FlushStd,0.2,None,5,1444,209.54044489222005,-33.680215229695,2.6419919024326504,1.7283907382168644,3.173125218509844
30,CS72+FlushStd,0.2,None,8,1687,260.41718874707135,-43.12841922566183,2.6455944195832664,1.4618897066978447,3.343933032811364
30,CS72+FlushStd,0.2,1,3,735,40.16716784438403,-19.147150373802845,1.4536899192448995,1.209890456256867,1.6127613331779225
30,CS72+FlushStd,0.2,1,5,855,65.9440316262992,-19.33061554321491,1.768040637555759,1.2343467160725734,2.074915322658194
30,CS72+FlushStd,0.2,1,8,920,74.47496496396451,-21.632921999960974,1.874708987571331,1.1916801409587876,2.247006716918107
30,CS72+FlushStd,0.2,2,3,951,71.5070965997755,-28.739103662518474,1.8895171762596472,1.2069546354852156,2.304780987796542
30,CS72+FlushStd,0.2,2,5,1101,99.91186504604251,-28.739103662518474,2.0763762741060843,1.2062463086210582,2.560677095942461
30,CS72+FlushStd,0.2,2,8,1175,115.41879060714652,-28.739103662518474,2.2298199559277663,1.2494918377815694,2.7712770050102873
30,CS72+FlushStd,0.2,3,3,1082,96.48277712910611,-29.963220519443457,2.1370204192389437,1.5658540156338077,2.4915704298215102
30,CS72+FlushStd,0.2,3,5,1266,130.4050126402867,-29.963220519443457,2.301778336133255,1.5629879017621242,2.729101901808714
30,CS72+FlushStd,0.2,3,8,1351,146.13052880417547,-29.963220519443457,2.425615527489613,1.6103121523610802,2.8925922475918027
30,CS72+FlushStd,0.3,None,3,1082,160.8370808771877,-42.54681644235552,2.1225128183686457,1.5382021863804025,2.486231475196625
30,CS72+FlushStd,0.3,None,5,1444,390.72724873112924,-47.93664974962788,2.602522624774302,1.6564446357953806,3.1520194507250845
30,CS72+FlushStd,0.3,None,8,1687,484.2314218253536,-63.601002290203425,2.573016260994656,1.3248415892341703,3.327670216465175
30,CS72+FlushStd,0.3,1,3,735,61.74449924838375,-28.08695906583758,1.4490233623744364,1.207558329241212,1.6068844624095564
30,CS72+FlushStd,0.3,1,5,855,106.12636730526188,-28.337210775366117,1.7567739233911916,1.2304271606500026,2.060291692479959
30,CS72+FlushStd,0.3,1,8,920,120.30926725517142,-31.501799944565967,1.85230765282421,1.1877950857093038,2.216041487283502
30,CS72+FlushStd,0.3,2,3,951,114.88001451381629,-41.104592881482894,1.8773559126087427,1.19041359173585,2.2968114325694358
30,CS72+FlushStd,0.3,2,5,1101,167.55321724154578,-41.104592881482894,2.0608194376979516,1.1888089733117055,2.5456724573311678
30,CS72+FlushStd,0.3,2,8,1175,196.93033872514633,-41.104592881482894,2.2065957799345215,1.2339150059157562,2.7438167741142006
30,CS72+FlushStd,0.3,3,3,1082,160.8370808771877,-42.54681644235552,2.1225128183686457,1.5382021863804025,2.486231475196625
30,CS72+FlushStd,0.3,3,5,1266,227.05831954831655,-42.54681644235552,2.282752418244884,1.5328258373762613,2.7154983152703998
30,CS72+FlushStd,0.3,3,8,1351,258.82153143583236,-42.54681644235552,2.401829937654119,1.578557829304177,2.872482795199213
30,CS72+FlushStd+LiqBuy,0.1,None,3,1156,36.378367110256214,-17.381672079824785,1.9927309055403801,1.3326771803392385,2.7417389167982886
30,CS72+FlushStd+LiqBuy,0.1,None,5,1550,66.45163459364947,-16.033772370262646,2.411249549285161,1.578461521313342,3.3144053852784143
30,CS72+FlushStd+LiqBuy,0.1,None,8,1840,84.15676386283175,-20.337935188958756,2.541697790710621,1.5815748384913668,3.5765020493654416
30,CS72+FlushStd+LiqBuy,0.1,1,3,856,23.98004608620774,-10.908017344654109,1.6437456494415383,1.3467280274836497,1.9970337477714706
30,CS72+FlushStd+LiqBuy,0.1,1,5,1040,35.63850711894547,-14.02614403803405,1.8382721874922574,1.3653252320176334,2.395479587221523
30,CS72+FlushStd+LiqBuy,0.1,1,8,1170,43.379805022135606,-19.315909770165206,1.9097016509704459,1.2557752858228373,2.7220285712926575
30,CS72+FlushStd+LiqBuy,0.1,2,3,1043,32.0365833503917,-16.23926870385666,1.8651889434109283,1.290016403469787,2.5220638342625956
30,CS72+FlushStd+LiqBuy,0.1,2,5,1257,45.78573390052358,-14.865934432692129,2.061760571991716,1.353771888144684,2.8700243539247134
30,CS72+FlushStd+LiqBuy,0.1,2,8,1403,53.53021340471673,-19.184833284509363,2.1378424894444796,1.3013653390026052,3.1624385403073405
30,CS72+FlushStd+LiqBuy,0.1,3,3,1156,36.378367110256214,-17.381672079824785,1.9927309055403801,1.3326771803392385,2.7417389167982886
30,CS72+FlushStd+LiqBuy,0.1,3,5,1403,53.10711207784311,-14.927235723673283,2.2243847871642797,1.519658431163887,3.0210547058757804
30,CS72+FlushStd+LiqBuy,0.1,3,8,1564,59.86545464629018,-18.335389235320843,2.2781557622445052,1.4541608277608287,3.2422033218175725
30,CS72+FlushStd+LiqBuy,0.15,None,3,1156,57.34192014029633,-25.614035332567042,1.9855454431561328,1.3245977932917057,2.7373277206170417
30,CS72+FlushStd+LiqBuy,0.15,None,5,1550,109.96105883663061,-23.55908271971935,2.397850193021025,1.5608672489380564,3.306051290535094
30,CS72+FlushStd+LiqBuy,0.15,None,8,1840,142.27360921959158,-29.913696600745844,2.525194384015176,1.5535689726991817,3.5752244553442676
30,CS72+FlushStd+LiqBuy,0.15,1,3,856,37.124120495215095,-16.299934041655717,1.6420316735986422,1.345580724884401,1.9947210687329673
30,CS72+FlushStd+LiqBuy,0.15,1,5,1040,56.29487812757801,-20.887073144484837,1.8344418957198543,1.363045628864253,2.389579258727459
30,CS72+FlushStd+LiqBuy,0.15,1,8,1170,69.08652940250686,-28.504081607343114,1.9013287460852297,1.2515316604915023,2.709479462043305
30,CS72+FlushStd+LiqBuy,0.15,2,3,1043,50.096069711524,-24.139789100878772,1.8586460953174064,1.2832578662083083,2.517091093502273
30,CS72+FlushStd+LiqBuy,0.15,2,5,1257,73.41232082913025,-22.6324949044599,2.0543986192621975,1.345951431292943,2.863636278338726
30,CS72+FlushStd+LiqBuy,0.15,2,8,1403,86.54805599743693,-28.81898696893881,2.124031872772557,1.288011011585326,3.1513454158240175
30,CS72+FlushStd+LiqBuy,0.15,3,3,1156,57.34192014029633,-25.614035332567042,1.9855454431561328,1.3245977932917057,2.7373277206170417
30,CS72+FlushStd+LiqBuy,0.15,3,5,1403,86.21423157311987,-22.70392293794943,2.215057951631209,1.5091589431006487,3.0135476613130283
30,CS72+FlushStd+LiqBuy,0.15,3,8,1564,97.96334139277849,-27.900302935857535,2.264444906896251,1.438694931840821,3.23283528564446
30,CS72+FlushStd+LiqBuy,0.2,None,3,1156,80.14433211274417,-33.51526980371556,1.9784016714712798,1.3163964589190515,2.733068417906009
30,CS72+FlushStd+LiqBuy,0.2,None,5,1550,161.15315420252375,-30.74701116630745,2.384260898761085,1.5428984715483798,3.297636547876206
30,CS72+FlushStd+LiqBuy,0.2,None,8,1840,212.63978863017462,-39.053777014353905,2.507448215397795,1.5243986366525903,3.572879494477867
30,CS72+FlushStd+LiqBuy,0.2,1,3,856,51.00800051371082,-21.61856693396841,1.6403184540502413,1.3444213548313155,1.9924222161512202
30,CS72+FlushStd+LiqBuy,0.2,1,5,1040,78.89101814715225,-27.5916606942305,1.8305500348991965,1.3607150373989652,2.383565324463614
30,CS72+FlushStd+LiqBuy,0.2,1,8,1170,97.48226177615345,-37.3068297272127,1.89268226745857,1.2469250381834334,2.696850467763242
30,CS72+FlushStd+LiqBuy,0.2,2,3,1043,69.46895788903566,-31.802915666362395,1.852066882201194,1.276258630094229,2.512238421636768
30,CS72+FlushStd+LiqBuy,0.2,2,5,1257,104.34839403680184,-30.44350039475353,2.0469008555257795,1.3378251511164947,2.85714980955876
30,CS72+FlushStd+LiqBuy,0.2,2,8,1403,123.83471311647006,-38.33460509218117,2.1097857687349997,1.2739210354052932,3.1401500334375556
30,CS72+FlushStd+LiqBuy,0.2,3,3,1156,80.14433211274417,-33.51526980371556,1.9784016714712798,1.3163964589190515,2.733068417906009
30,CS72+FlushStd+LiqBuy,0.2,3,5,1403,124.04737604940715,-30.519616472478273,2.2055911418648204,1.4983358892371088,3.0060031406056384
30,CS72+FlushStd+LiqBuy,0.2,3,8,1564,141.9191920851743,-37.442584993531284,2.2503176199031905,1.422586154930267,3.2233609657465814
30,CS72+FlushStd+LiqBuy,0.3,None,3,1156,131.00157074039203,-48.05490755538104,1.964168347406903,1.2995800271946771,2.7249481496324095
30,CS72+FlushStd+LiqBuy,0.3,None,5,1550,288.10263858890033,-44.094783456978725,2.356291490973442,1.5054917250847912,3.2806008843438117
30,CS72+FlushStd+LiqBuy,0.3,None,8,1840,392.245930640171,-57.74405658498982,2.4676982847639155,1.4616117799998716,3.565414411603397
30,CS72+FlushStd+LiqBuy,0.3,1,3,856,80.84156920821695,-31.94933101011993,1.636888626381115,1.342060406026836,1.9878616627554202
30,CS72+FlushStd+LiqBuy,0.3,1,5,1040,129.88198902877662,-40.38701940855973,1.8225639867789638,1.3558572374059503,2.3712349355869073
30,CS72+FlushStd+LiqBuy,0.3,1,8,1170,161.88890649922638,-53.576337652553875,1.874113427229746,1.2361743514731949,2.671298280822049
30,CS72+FlushStd+LiqBuy,0.3,2,3,1043,111.83565145892231,-46.188135105687145,1.838736596834551,1.261414752444198,2.5029666001899264
30,CS72+FlushStd+LiqBuy,0.3,2,5,1257,176.21848809062416,-45.711289038068884,2.031401476566742,1.3204755064831424,2.8439518881135526
30,CS72+FlushStd+LiqBuy,0.3,2,8,1403,210.31605876177017,-56.60148131178513,2.079728030055756,1.2432420863334885,3.117476170485094
30,CS72+FlushStd+LiqBuy,0.3,3,3,1156,131.00157074039203,-48.05490755538104,1.964168347406903,1.2995800271946771,2.7249481496324095
30,CS72+FlushStd+LiqBuy,0.3,3,5,1403,214.42917641267942,-45.8002706224623,2.1860664367469913,1.4755012799580334,2.9907391560278036
30,CS72+FlushStd+LiqBuy,0.3,3,8,1564,247.4957359666794,-55.7056200563915,2.220484219595628,1.3881179179412424,3.2040710095788585
30,CS72_48h_sized+CS24_core_sized+FlushStd_sized,0.1,None,3,1773,56.05425161487854,-11.956230761397036,2.394149979596546,2.294183844752347,2.4685948692152415
30,CS72_48h_sized+CS24_core_sized+FlushStd_sized,0.1,None,5,2460,111.67057096161787,-17.770725320681702,2.993450412572156,2.4841120311563474,3.318074604573196
30,CS72_48h_sized+CS24_core_sized+FlushStd_sized,0.1,None,8,2958,137.31970184647415,-23.892633766420555,3.078577656894344,2.2411683290149726,3.6010368430304616
30,CS72_48h_sized+CS24_core_sized+FlushStd_sized,0.1,1,3,1559,21.228552393492706,-8.70619423579707,1.5631807916292986,2.0369346346112835,1.2693447948540777
30,CS72_48h_sized+CS24_core_sized+FlushStd_sized,0.1,1,5,1974,45.085788867058916,-10.93648570390492,2.208716022813637,2.0438549230109793,2.3581741368942533
30,CS72_48h_sized+CS24_core_sized+FlushStd_sized,0.1,1,8,2224,57.00270965528256,-11.873513415455406,2.50758566116997,2.4380138989024878,2.6245044411682357
30,CS72_48h_sized+CS24_core_sized+FlushStd_sized,0.1,2,3,1703,40.06364989747715,-11.348247849702231,2.0910322072088197,1.8746667100941643,2.2373533831756034
30,CS72_48h_sized+CS24_core_sized+FlushStd_sized,0.1,2,5,2176,62.825038693838906,-11.348247849702254,2.5440299788711096,1.9100372451147245,2.9291732115303684
30,CS72_48h_sized+CS24_core_sized+FlushStd_sized,0.1,2,8,2463,75.20207483546193,-15.516533198655836,2.7540652126965712,2.1680214277005803,3.115849242206418
30,CS72_48h_sized+CS24_core_sized+FlushStd_sized,0.1,3,3,1773,56.05425161487854,-11.956230761397036,2.394149979596546,2.294183844752347,2.4685948692152415
30,CS72_48h_sized+CS24_core_sized+FlushStd_sized,0.1,3,5,2313,76.22700476933358,-11.956230761397057,2.7279637215031434,2.214545934242984,3.0503686651891537
30,CS72_48h_sized+CS24_core_sized+FlushStd_sized,0.1,3,8,2633,89.41013460662374,-16.32349314486311,2.9174833472411086,2.4860041982376577,3.1991190113590133
30,CS72_48h_sized+CS24_core_sized+FlushStd_sized,0.15,None,3,1773,91.75089847067453,-17.660837287305263,2.3971337175039915,2.289676976774844,2.4753486978465027
30,CS72_48h_sized+CS24_core_sized+FlushStd_sized,0.15,None,5,2460,198.8157599792713,-25.903062567908364,2.983719093869862,2.461632135636414,3.3153885941009906
30,CS72_48h_sized+CS24_core_sized+FlushStd_sized,0.15,None,8,2958,249.61456417389974,-35.02483171735397,3.0486211036719,2.1794207163564105,3.593529594477516
30,CS72_48h_sized+CS24_core_sized+FlushStd_sized,0.15,1,3,1559,32.756456796375886,-12.940443990032001,1.5669705851816955,2.03843674507395,1.274143524045245
30,CS72_48h_sized+CS24_core_sized+FlushStd_sized,0.15,1,5,1974,73.01489514241644,-16.022031371475943,2.2091091570283314,2.043618169336725,2.359202970033439
30,CS72_48h_sized+CS24_core_sized+FlushStd_sized,0.15,1,8,2224,93.9900176543051,-17.350181736888317,2.5037697329707447,2.4390711394221016,2.6180946574627013
30,CS72_48h_sized+CS24_core_sized+FlushStd_sized,0.15,2,3,1703,63.94100854615912,-16.77168328211979,2.0929769091483523,1.8751155259080319,2.2406644692383706
30,CS72_48h_sized+CS24_core_sized+FlushStd_sized,0.15,2,5,2176,104.51665690473249,-16.77168328211983,2.543133027329801,1.9090765101825913,2.928627160810965
30,CS72_48h_sized+CS24_core_sized+FlushStd_sized,0.15,2,8,2463,127.3599482392644,-22.60560729184926,2.750503728582415,2.1657257617138637,3.1116455474681723
30,CS72_48h_sized+CS24_core_sized+FlushStd_sized,0.15,3,3,1773,91.75089847067453,-17.660837287305263,2.3971337175039915,2.289676976774844,2.4753486978465027
30,CS72_48h_sized+CS24_core_sized+FlushStd_sized,0.15,3,5,2313,129.36588534566593,-17.660837287305277,2.725967987403231,2.2074191274218378,3.051250808541222
30,CS72_48h_sized+CS24_core_sized+FlushStd_sized,0.15,3,8,2633,154.73361142507923,-23.781505189328676,2.9124761728857234,2.4763535443941844,3.1962991725991645
30,CS72_48h_sized+CS24_core_sized+FlushStd_sized,0.2,None,3,1773,133.26745074650378,-23.17528893494174,2.3995106767345695,2.2852304944298165,2.4812970875242595
30,CS72_48h_sized+CS24_core_sized+FlushStd_sized,0.2,None,5,2460,314.1510921248879,-33.5552324125531,2.97358174261882,2.4385513741215847,3.312497951251341
30,CS72_48h_sized+CS24_core_sized+FlushStd_sized,0.2,None,8,2958,400.6453490958877,-45.59372293304141,3.0163551339741574,2.1142673261112437,3.585761214344707
30,CS72_48h_sized+CS24_core_sized+FlushStd_sized,0.2,1,3,1559,44.863550857984876,-17.261200388748343,1.5706310956486855,2.0399258329853467,1.2787654422627142
30,CS72_48h_sized+CS24_core_sized+FlushStd_sized,0.2,1,5,1974,105.00942348634995,-20.865380693035995,2.2092681313749267,2.0433996985978156,2.3598988312493128
30,CS72_48h_sized+CS24_core_sized+FlushStd_sized,0.2,1,8,2224,137.6425619481887,-22.537826929567128,2.4994569667702273,2.4400997286318096,2.6111399824609287
30,CS72_48h_sized+CS24_core_sized+FlushStd_sized,0.2,2,3,1703,90.56352835961408,-22.023588883461375,2.0946843152549124,1.875603662751003,2.243558110248655
30,CS72_48h_sized+CS24_core_sized+FlushStd_sized,0.2,2,5,2176,154.41245760111119,-22.023588883461365,2.541983078103405,1.90822212304615,2.9275787616302935
30,CS72_48h_sized+CS24_core_sized+FlushStd_sized,0.2,2,8,2463,191.53118275300125,-29.27334758244722,2.746357763404097,2.163231159462989,3.1066229838592463
30,CS72_48h_sized+CS24_core_sized+FlushStd_sized,0.2,3,3,1773,133.26745074650378,-23.17528893494174,2.3995106767345695,2.2852304944298165,2.4812970875242595
30,CS72_48h_sized+CS24_core_sized+FlushStd_sized,0.2,3,5,2313,194.93743934741983,-23.175288934941708,2.723780764172969,2.200473682905909,3.051760684956964
30,CS72_48h_sized+CS24_core_sized+FlushStd_sized,0.2,3,8,2633,237.79214732123987,-30.791398189747945,2.9070962444496082,2.4665340926539328,3.193052704180248
30,CS72_48h_sized+CS24_core_sized+FlushStd_sized,0.3,None,3,1773,235.69446254327926,-33.61579460181401,2.4028003105384035,2.2765610057031833,2.4911656641169317
30,CS72_48h_sized+CS24_core_sized+FlushStd_sized,0.3,None,5,2460,655.3568282525763,-47.48459913661276,2.951850433744808,2.389925955384677,3.306127596737829
30,CS72_48h_sized+CS24_core_sized+FlushStd_sized,0.3,None,8,2958,841.4722502729373,-64.98112860556957,2.9427328179835976,1.9737026094121692,3.569461802146014
30,CS72_48h_sized+CS24_core_sized+FlushStd_sized,0.3,1,3,1559,70.67753364095388,-25.89514981451201,1.5776030973415234,2.0428651834450964,1.2875363845855372
30,CS72_48h_sized+CS24_core_sized+FlushStd_sized,0.3,1,5,1974,182.60308881841553,-29.862650419863122,2.2089077671075827,2.0430039526454187,2.3603385700466943
30,CS72_48h_sized+CS24_core_sized+FlushStd_sized,0.3,1,8,2224,248.13696270489817,-32.09644370541691,2.489513318900865,2.442072485042359,2.595793491754105
30,CS72_48h_sized+CS24_core_sized+FlushStd_sized,0.3,2,3,1703,152.4315345157088,-32.00244084211724,2.097578382962195,1.8767302545709064,2.248376546394674
30,CS72_48h_sized+CS24_core_sized+FlushStd_sized,0.3,2,5,2176,283.1456017790532,-32.00244084211725,2.539099496422432,1.9068431864621236,2.924257135677971
30,CS72_48h_sized+CS24_core_sized+FlushStd_sized,0.3,2,8,2463,363.5804719200128,-41.414050883120034,2.7365303961208873,2.157633616665904,3.0944558725832843
30,CS72_48h_sized+CS24_core_sized+FlushStd_sized,0.3,3,3,1773,235.69446254327926,-33.61579460181401,2.4028003105384035,2.2765610057031833,2.4911656641169317
30,CS72_48h_sized+CS24_core_sized+FlushStd_sized,0.3,3,5,2313,371.37660255276427,-33.61579460181405,2.7188046535017776,2.187120814169676,3.051590542291308
30,CS72_48h_sized+CS24_core_sized+FlushStd_sized,0.3,3,8,2633,470.95574041237785,-43.52870067122857,2.8951260774696643,2.446325164969731,3.185122546776125
30,CS72_48h_sized+CS24_core_sized+FlushStd_sized+LiqBuy,0.1,None,3,1817,45.466730512055896,-12.427858603961505,2.207703378948771,1.8855735030208225,2.6000298346998094
30,CS72_48h_sized+CS24_core_sized+FlushStd_sized+LiqBuy,0.1,None,5,2538,89.96360737335256,-16.211367785820276,2.779615344560264,2.087755817090222,3.560813586110939
30,CS72_48h_sized+CS24_core_sized+FlushStd_sized+LiqBuy,0.1,None,8,3062,107.73100342629908,-19.29290938758036,2.869455283571919,2.044095644147886,3.7959825264940825
30,CS72_48h_sized+CS24_core_sized+FlushStd_sized+LiqBuy,0.1,1,3,1625,24.222288779931954,-10.582779372387419,1.7385446001258,1.6885464455086423,1.807948738390538
30,CS72_48h_sized+CS24_core_sized+FlushStd_sized+LiqBuy,0.1,1,5,2106,46.90505736217856,-13.1558741343469,2.2015883467116075,1.793324432955381,2.6921358362688115
30,CS72_48h_sized+CS24_core_sized+FlushStd_sized+LiqBuy,0.1,1,8,2426,58.20425552262974,-14.263234320746088,2.2713763990159324,1.751576604657201,2.911206399030576
30,CS72_48h_sized+CS24_core_sized+FlushStd_sized+LiqBuy,0.1,2,3,1755,36.30007002699684,-10.582779372387419,1.9801722925843712,1.8023342725280518,2.209598422835901
30,CS72_48h_sized+CS24_core_sized+FlushStd_sized+LiqBuy,0.1,2,5,2290,60.58518439697613,-13.1558741343469,2.4316026843477645,1.7881710827374768,3.1747785718370642
30,CS72_48h_sized+CS24_core_sized+FlushStd_sized+LiqBuy,0.1,2,8,2647,70.7327946312403,-17.23767706479005,2.4768326310482376,1.7423917671042386,3.3582115295091275
30,CS72_48h_sized+CS24_core_sized+FlushStd_sized+LiqBuy,0.1,3,3,1817,45.466730512055896,-12.427858603961505,2.207703378948771,1.8855735030208225,2.6000298346998094
30,CS72_48h_sized+CS24_core_sized+FlushStd_sized+LiqBuy,0.1,3,5,2413,71.77188606473486,-13.1558741343469,2.654354606977713,1.9551862249030496,3.4595001234198555
30,CS72_48h_sized+CS24_core_sized+FlushStd_sized+LiqBuy,0.1,3,8,2801,79.28871492532343,-16.77808059208308,2.6250086149029865,1.9008794442379597,3.472219701999017
30,CS72_48h_sized+CS24_core_sized+FlushStd_sized+LiqBuy,0.15,None,3,1817,73.09190369240766,-18.361396644073235,2.2090919871538524,1.882619660193576,2.6059050934404135
30,CS72_48h_sized+CS24_core_sized+FlushStd_sized+LiqBuy,0.15,None,5,2538,155.35265018847718,-23.719202187579512,2.772081912530477,2.0741871219422077,3.559646634427949
30,CS72_48h_sized+CS24_core_sized+FlushStd_sized+LiqBuy,0.15,None,8,3062,189.6188947723476,-28.464556363911353,2.854749360516218,2.0186303945877904,3.7937354134716057
30,CS72_48h_sized+CS24_core_sized+FlushStd_sized+LiqBuy,0.15,1,3,1625,37.68492521320912,-15.557215361644083,1.7413337120137502,1.6883058826439004,1.8145215572257558
30,CS72_48h_sized+CS24_core_sized+FlushStd_sized+LiqBuy,0.15,1,5,2106,76.08840412030136,-19.263802372962402,2.2010820316386317,1.7912985131149015,2.6930527637900488
30,CS72_48h_sized+CS24_core_sized+FlushStd_sized+LiqBuy,0.15,1,8,2426,95.75389351097976,-21.367041249110265,2.266697829757474,1.7461157726648517,2.9089757436795516
30,CS72_48h_sized+CS24_core_sized+FlushStd_sized+LiqBuy,0.15,2,3,1755,57.54983329589087,-15.794973506330178,1.980859688221458,1.8003599511071744,2.2130930471954025
30,CS72_48h_sized+CS24_core_sized+FlushStd_sized+LiqBuy,0.15,2,5,2290,100.31012588419782,-19.263802372962402,2.4297665872021903,1.7842167197470866,3.1761021234653466
30,CS72_48h_sized+CS24_core_sized+FlushStd_sized+LiqBuy,0.15,2,8,2647,118.23346180576593,-25.77246412297146,2.4680196494877547,1.7302690145841753,3.3570622679859285
30,CS72_48h_sized+CS24_core_sized+FlushStd_sized+LiqBuy,0.15,3,3,1817,73.09190369240766,-18.361396644073235,2.2090919871538524,1.882619660193576,2.6059050934404135
30,CS72_48h_sized+CS24_core_sized+FlushStd_sized+LiqBuy,0.15,3,5,2413,120.88097907000002,-19.263802372962402,2.6495956484076406,1.9479441897991971,3.4588416636094816
30,CS72_48h_sized+CS24_core_sized+FlushStd_sized+LiqBuy,0.15,3,8,2801,134.48744823872656,-24.992514804799814,2.6155687861285433,1.8872532666519026,3.4697429091061207
30,CS72_48h_sized+CS24_core_sized+FlushStd_sized+LiqBuy,0.2,None,3,1817,104.27923311803582,-24.098287638114225,2.210012107545239,1.8796598078418987,2.610974948290015
30,CS72_48h_sized+CS24_core_sized+FlushStd_sized+LiqBuy,0.2,None,5,2538,238.09208087538903,-30.841565907584865,2.764228418701832,2.0603840003062404,3.5580806235519993
30,CS72_48h_sized+CS24_core_sized+FlushStd_sized+LiqBuy,0.2,None,8,3062,295.6541055015453,-37.26872942010684,2.8391204218810886,1.9920139250766988,3.790883660719291
30,CS72_48h_sized+CS24_core_sized+FlushStd_sized+LiqBuy,0.2,1,3,1625,52.05821009469904,-20.327663984072053,1.7440001098234883,1.6880213730161775,1.820880588994243
30,CS72_48h_sized+CS24_core_sized+FlushStd_sized+LiqBuy,0.2,1,5,2106,109.60036427770285,-25.070826838395643,2.200430167937234,1.7892393302500293,2.6936797166115687
30,CS72_48h_sized+CS24_core_sized+FlushStd_sized+LiqBuy,0.2,1,8,2426,139.76841488413342,-28.453007695968424,2.261348776396628,1.7398839488027378,2.9062071085898897
30,CS72_48h_sized+CS24_core_sized+FlushStd_sized+LiqBuy,0.2,2,3,1755,80.97430477140865,-21.012867494955543,1.9812862908997602,1.798261809412415,2.2162214490248036
30,CS72_48h_sized+CS24_core_sized+FlushStd_sized+LiqBuy,0.2,2,5,2290,147.45107907574896,-25.070826838395643,2.427658328617475,1.780132330821859,3.176881242268192
30,CS72_48h_sized+CS24_core_sized+FlushStd_sized+LiqBuy,0.2,2,8,2647,175.14080185746482,-34.255310739608305,2.4584073547168175,1.7172227503235469,3.3550950442800294
30,CS72_48h_sized+CS24_core_sized+FlushStd_sized+LiqBuy,0.2,3,3,1817,104.27923311803582,-24.098287638114225,2.210012107545239,1.8796598078418987,2.610974948290015
30,CS72_48h_sized+CS24_core_sized+FlushStd_sized+LiqBuy,0.2,3,5,2413,180.74848501173776,-25.070826838395643,2.6446464732882564,1.9406328786347915,3.4577831633777767
30,CS72_48h_sized+CS24_core_sized+FlushStd_sized+LiqBuy,0.2,3,8,2801,202.2497416185155,-33.2189519623695,2.6055030201274127,1.8728115779107541,3.4668330159351424
30,CS72_48h_sized+CS24_core_sized+FlushStd_sized+LiqBuy,0.3,None,3,1817,178.06000652474415,-34.95867672647379,2.210724624040457,1.873735220275982,2.6191171052618314
30,CS72_48h_sized+CS24_core_sized+FlushStd_sized+LiqBuy,0.3,None,5,2538,468.1330866638018,-43.970117585097235,2.747432125476076,2.0317342089778787,3.5538759404294904
30,CS72_48h_sized+CS24_core_sized+FlushStd_sized+LiqBuy,0.3,None,8,3062,596.7227171861176,-53.63810756511966,2.804478303365208,1.9344091583185625,3.7833744006121686
30,CS72_48h_sized+CS24_core_sized+FlushStd_sized+LiqBuy,0.3,1,3,1625,83.51666244697998,-29.278140217199134,1.7489855619231214,1.6873128502723023,1.8330111856599332
30,CS72_48h_sized+CS24_core_sized+FlushStd_sized+LiqBuy,0.3,1,5,2106,191.09649738216808,-35.81871699831485,2.1986858145440205,1.7850111610805453,2.694072960433577
30,CS72_48h_sized+CS24_core_sized+FlushStd_sized+LiqBuy,0.3,1,8,2426,249.3866974062487,-42.573377130716096,2.247883049605433,1.7240654348069697,2.8991518263655767
30,CS72_48h_sized+CS24_core_sized+FlushStd_sized+LiqBuy,0.3,2,3,1755,134.53384601661824,-31.264870511436815,1.9814479907890288,1.7936352747500401,2.221608707401424
30,CS72_48h_sized+CS24_core_sized+FlushStd_sized+LiqBuy,0.3,2,5,2290,267.44917315391467,-35.81871699831485,2.4226539389354156,1.771472148452988,3.177082603461276
30,CS72_48h_sized+CS24_core_sized+FlushStd_sized+LiqBuy,0.3,2,8,2647,319.9933061229244,-51.07604338840851,2.4366109771355924,1.6880332163747331,3.3489675276032767
30,CS72_48h_sized+CS24_core_sized+FlushStd_sized+LiqBuy,0.3,3,3,1817,178.06000652474415,-34.95867672647379,2.210724624040457,1.873735220275982,2.6191171052618314
30,CS72_48h_sized+CS24_core_sized+FlushStd_sized+LiqBuy,0.3,3,5,2413,339.0315861519664,-35.81871699831485,2.63403698206283,1.9256461032626784,3.454420692015205
30,CS72_48h_sized+CS24_core_sized+FlushStd_sized+LiqBuy,0.3,3,8,2801,381.54863859915605,-49.73423903281121,2.583042068202147,1.8410207782858836,3.4595565793131815
30,CS72+FlushB,0.1,None,3,1223,41.18541635262724,-18.273264685778045,1.9653647404571832,1.613548382442813,2.188258908308455
30,CS72+FlushB,0.1,None,5,1654,72.70907308215995,-22.966422066988514,2.450174573227969,1.7118569930703178,2.8974550194102835
30,CS72+FlushB,0.1,None,8,1940,87.83857613366702,-28.800217381028414,2.4414091901833808,1.3025860885575105,3.1287366554290625
30,CS72+FlushB,0.1,1,3,784,22.38106035217051,-8.877626015929351,1.6774162838861453,1.6586426575978226,1.7186227975192352
30,CS72+FlushB,0.1,1,5,911,29.69763419674112,-11.49623971754008,1.949320063549673,1.6513588525290437,2.145629681691108
30,CS72+FlushB,0.1,1,8,977,32.77839095919146,-12.340686440110805,1.9802079127681949,1.6023702092021954,2.22034600467383
30,CS72+FlushB,0.1,2,3,1049,28.52424661302657,-16.983442190699837,1.6688650729367676,1.4947368424730156,1.784902308453628
30,CS72+FlushB,0.1,2,5,1210,34.52329325072265,-16.983442190699837,1.8468989299457907,1.3193376077705383,2.1616427612001723
30,CS72+FlushB,0.1,2,8,1291,42.18453701882561,-16.983442190699837,2.073008348022989,1.4726460818564395,2.4273522238528997
30,CS72+FlushB,0.1,3,3,1223,41.18541635262724,-18.273264685778045,1.9653647404571832,1.613548382442813,2.188258908308455
30,CS72+FlushB,0.1,3,5,1423,47.05728810587002,-18.273264685778045,2.0578453316193888,1.444473731474171,2.423009815277494
30,CS72+FlushB,0.1,3,8,1519,55.560026501756354,-18.273264685778045,2.2525315325445896,1.5622849566633996,2.65922152135562
30,CS72+FlushB,0.15,None,3,1223,64.78470465743446,-27.028204490261732,1.955249828108716,1.5943718343668458,2.1838577845689904
30,CS72+FlushB,0.15,None,5,1654,120.37381925380326,-33.01529693904294,2.4289059440713388,1.6703650656591011,2.8885042955889544
30,CS72+FlushB,0.15,None,8,1940,146.53809822394126,-41.84365078214031,2.4087322042251182,1.2369042332909463,3.123017368435096
30,CS72+FlushB,0.15,1,3,784,34.595633770734246,-13.128083780307808,1.6787782703875405,1.659266721854493,1.720425851242711
30,CS72+FlushB,0.15,1,5,911,46.51328757935127,-16.990094676188495,1.945942011257463,1.6498062452994964,2.141256727241209
30,CS72+FlushB,0.15,1,8,977,51.39711189264715,-18.19795144533036,1.9727684822910831,1.6013041545318154,2.209567054555111
30,CS72+FlushB,0.15,2,3,1049,43.846475532817905,-24.919705622957,1.6618171537073374,1.4872344556667108,1.7779109255181988
30,CS72+FlushB,0.15,2,5,1210,53.81156517762078,-24.919705622957,1.8397371773327855,1.3093082225183785,2.1565232684326
30,CS72+FlushB,0.15,2,8,1291,66.74070512400579,-24.919705622957,2.0628036325590484,1.4641988330657827,2.4165682332823284
30,CS72+FlushB,0.15,3,3,1223,64.78470465743446,-27.028204490261732,1.955249828108716,1.5943718343668458,2.1838577845689904
30,CS72+FlushB,0.15,3,5,1423,74.86933334779255,-27.028204490261732,2.0490493230580444,1.424014677407851,2.421443789231331
30,CS72+FlushB,0.15,3,8,1519,89.82224084171813,-27.028204490261732,2.2420484483339442,1.5432602547822618,2.654066105233578
30,CS72+FlushB,0.2,None,3,1223,90.18298794122192,-35.46321127086459,1.9446982425067163,1.5751254585245809,2.1788987255167824
30,CS72+FlushB,0.2,None,5,1654,175.98683709999437,-42.1554368340027,2.4073534513775603,1.6281378113176233,2.879691892744268
30,CS72+FlushB,0.2,None,8,1940,214.69771845214206,-54.848447001227264,2.3739067591617395,1.1694318491659705,3.116652406675887
30,CS72+FlushB,0.2,1,3,784,47.4639136465568,-17.255581615608207,1.6801850516064762,1.65989401807628,1.7223024051671203
30,CS72+FlushB,0.2,1,5,911,64.63470780588834,-22.312348770879197,1.9425835010053611,1.6482762783428657,2.1369073772668856
30,CS72+FlushB,0.2,1,8,977,71.45944926709387,-23.842667295203956,1.9653486038630557,1.6003022106938942,2.1987963975422717
30,CS72+FlushB,0.2,2,3,1049,59.70699026522788,-32.44325787965796,1.6547115109622916,1.479637014014501,1.7709267171560084
30,CS72+FlushB,0.2,2,5,1210,74.30106286436762,-32.44325787965796,1.8325436924828526,1.2992474864571646,2.151354622398177
30,CS72+FlushB,0.2,2,8,1291,93.51227739888562,-32.44325787965796,2.0525405152432294,1.4557514121314314,2.4056653735477367
30,CS72+FlushB,0.2,3,3,1223,90.18298794122192,-35.46321127086459,1.9446982425067163,1.5751254585245809,2.1788987255167824
30,CS72+FlushB,0.2,3,5,1423,105.40648468676106,-35.46321127086459,2.03990432092992,1.4035317247536636,2.4194057767222734
30,CS72+FlushB,0.2,3,8,1519,128.48128920435465,-35.46321127086459,2.2311661881832903,1.5242398919921272,2.6483320923038303
30,CS72+FlushB,0.3,None,3,1223,145.27575689560823,-50.94368454140425,1.9225135425655646,1.5363201222649387,2.167683126732148
30,CS72+FlushB,0.3,None,5,1654,309.9091365103032,-60.57157283338748,2.363061147356724,1.5408294709518777,2.862434839930149
30,CS72+FlushB,0.3,None,8,1940,370.842751861361,-76.4620642079304,2.296640176649312,1.0300862526827141,3.1022914813107296
30,CS72+FlushB,0.3,1,3,784,75.01860429447729,-25.450205926965285,1.683147301651524,1.6611594057276338,1.7262979376438314
30,CS72+FlushB,0.3,1,5,911,104.65063665709367,-32.43655764725272,1.9359292366047527,1.6452794199241292,2.128288533937566
30,CS72+FlushB,0.3,1,8,977,115.59347005524971,-34.48580431838268,1.9505487523263854,1.5984967667779097,2.177248835359209
30,CS72+FlushB,0.3,2,3,1049,92.3805476640706,-46.17012129156031,1.6403844780038832,1.464144980342346,1.7570514298097615
30,CS72+FlushB,0.3,2,5,1210,118.17936377027914,-46.17012129156031,1.8181458502132746,1.2790098663915732,2.141017462051286
30,CS72+FlushB,0.3,2,8,1291,152.98986788571818,-46.17012129156031,2.0319182081518874,1.438845059447943,2.3836370865718663
30,CS72+FlushB,0.3,3,3,1223,145.27575689560823,-50.94368454140425,1.9225135425655646,1.5363201222649387,2.167683126732148
30,CS72+FlushB,0.3,3,5,1423,173.62102327719953,-50.94368454140425,2.0207942962646026,1.3623951031122088,2.4143067540209096
30,CS72+FlushB,0.3,3,8,1519,218.28728886914982,-50.94368454140425,2.2084501034903457,1.4861216551098224,2.6355441363626446
16,CS72_sized+CS24_core_sized+FlushStd_sized,0.1,None,3,1491,45.519111733623355,-11.885252359719455,2.222198172136722,2.0708529537024294,2.3270195227926203
16,CS72_sized+CS24_core_sized+FlushStd_sized,0.1,None,5,1944,62.72945826486165,-15.419878072190496,2.3132927446001683,2.0801987935267636,2.4707136181695417
16,CS72_sized+CS24_core_sized+FlushStd_sized,0.1,None,8,2173,71.21179207924801,-16.922036610068936,2.4161694502912887,2.342045655883084,2.477175683423581
16,CS72_sized+CS24_core_sized+FlushStd_sized,0.1,1,3,1322,24.344413294467927,-11.699168217947797,1.716943881854595,1.509493363928123,1.8679741268660734
16,CS72_sized+CS24_core_sized+FlushStd_sized,0.1,1,5,1627,33.15281045310028,-11.573562373245528,2.113059006479796,1.8655115451656594,2.28700150773449
16,CS72_sized+CS24_core_sized+FlushStd_sized,0.1,1,8,1767,38.39890538727771,-11.704766204711925,2.308229253193198,2.251971925310864,2.3719828731517536
16,CS72_sized+CS24_core_sized+FlushStd_sized,0.1,2,3,1434,34.92309220876075,-11.885969288360954,1.9636173525956035,1.5583240251362935,2.2135521965764284
16,CS72_sized+CS24_core_sized+FlushStd_sized,0.1,2,5,1771,45.479804623067956,-11.760629163763037,2.312470496928518,1.8847427239500403,2.581122989055009
16,CS72_sized+CS24_core_sized+FlushStd_sized,0.1,2,8,1923,50.36255086294253,-11.891555432542233,2.447983453149935,2.262176319735656,2.5791898548569265
16,CS72_sized+CS24_core_sized+FlushStd_sized,0.1,3,3,1491,45.519111733623355,-11.885252359719455,2.222198172136722,2.0708529537024294,2.3270195227926203
16,CS72_sized+CS24_core_sized+FlushStd_sized,0.1,3,5,1855,55.621392873778454,-11.759911215307584,2.483468989429062,2.2881570979644508,2.6180873484983502
16,CS72_sized+CS24_core_sized+FlushStd_sized,0.1,3,8,2022,60.74424972691366,-11.89083854935179,2.6248772163302303,2.5907837699463796,2.6572598391097264
16,CS72_sized+CS24_core_sized+FlushStd_sized,0.15,None,3,1491,73.34546832224906,-17.434103111142107,2.2191832191522836,2.0623032772184158,2.3272705151411213
16,CS72_sized+CS24_core_sized+FlushStd_sized,0.15,None,5,1944,103.35837835626282,-22.550240752933615,2.3053718913925003,2.0604478233012107,2.4694452367577227
16,CS72_sized+CS24_core_sized+FlushStd_sized,0.15,None,8,2173,118.8377181522485,-24.699559573181496,2.405090767766019,2.319075407549269,2.4729072932661937
16,CS72_sized+CS24_core_sized+FlushStd_sized,0.15,1,3,1322,37.87393658809304,-17.167031883203,1.7195035748196765,1.5100953209637709,1.8714041461925577
16,CS72_sized+CS24_core_sized+FlushStd_sized,0.15,1,5,1627,52.55189975169306,-16.991268171989272,2.112930580063434,1.8661585051372704,2.2863493813411715
16,CS72_sized+CS24_core_sized+FlushStd_sized,0.15,1,8,1767,61.52356305101494,-17.110076453815847,2.307278465447683,2.252976076018322,2.369819929775001
16,CS72_sized+CS24_core_sized+FlushStd_sized,0.15,2,3,1434,55.25943186028064,-17.435563737041015,1.9632835384823235,1.5555694544726304,2.2145573951638795
16,CS72_sized+CS24_core_sized+FlushStd_sized,0.15,2,5,1771,73.59561356236854,-17.260369824981947,2.312010171396644,1.883216593424513,2.581300912688065
16,CS72_sized+CS24_core_sized+FlushStd_sized,0.15,2,8,1923,82.25140740166037,-17.378792948472444,2.4467415318757326,2.260977865797686,2.577768024099784
16,CS72_sized+CS24_core_sized+FlushStd_sized,0.15,3,3,1491,73.34546832224906,-17.434103111142107,2.2191832191522836,2.0623032772184158,2.3272705151411213
16,CS72_sized+CS24_core_sized+FlushStd_sized,0.15,3,5,1855,91.448158809923,-17.258906099773263,2.480186755620901,2.2821151028293647,2.6162846943670375
16,CS72_sized+CS24_core_sized+FlushStd_sized,0.15,3,8,2022,100.82809125666854,-17.377331318256427,2.620284721389436,2.5852770677781725,2.6529504186908577
16,CS72_sized+CS24_core_sized+FlushStd_sized,0.2,None,3,1491,104.88069897315992,-22.72880561451015,2.2160872203239643,2.0538142982823038,2.3273793799631224
16,CS72_sized+CS24_core_sized+FlushStd_sized,0.2,None,5,1944,150.93744002692858,-29.307681900560077,2.297241500463092,2.0402946863725258,2.4681259972946816
16,CS72_sized+CS24_core_sized+FlushStd_sized,0.2,None,8,2173,175.707819225163,-32.050994855726586,2.3939138478603774,2.295811818362156,2.4686932121304377
16,CS72_sized+CS24_core_sized+FlushStd_sized,0.2,1,3,1322,52.32927497458133,-22.38848343997818,1.721918511937216,1.5107024576738328,1.8746213008453356
16,CS72_sized+CS24_core_sized+FlushStd_sized,0.2,1,5,1627,73.98551559781023,-22.169586011718522,2.1127711764950607,1.866786012398846,2.2856629496977687
16,CS72_sized+CS24_core_sized+FlushStd_sized,0.2,1,8,1767,87.5605479111344,-22.233735018016553,2.306300479413044,2.253912379784799,2.3676534705328907
16,CS72_sized+CS24_core_sized+FlushStd_sized,0.2,2,3,1434,77.61262433100755,-22.73115629091016,1.962899482695878,1.5528656733363577,2.2154625064906606
16,CS72_sized+CS24_core_sized+FlushStd_sized,0.2,2,5,1771,105.74862794624806,-22.513225345578892,2.3114961468384876,1.8817334179917649,2.5813738550828673
16,CS72_sized+CS24_core_sized+FlushStd_sized,0.2,2,8,1923,119.29351286475942,-22.57709111913202,2.4454540246557035,2.2597726848690236,2.5762860558047564
16,CS72_sized+CS24_core_sized+FlushStd_sized,0.2,3,3,1491,104.88069897315992,-22.72880561451015,2.2160872203239643,2.0538142982823038,2.3273793799631224
16,CS72_sized+CS24_core_sized+FlushStd_sized,0.2,3,5,1855,133.4789255562498,-22.510868039273436,2.476811389772237,2.2760661796033874,2.614357142298313
16,CS72_sized+CS24_core_sized+FlushStd_sized,0.2,3,8,2022,148.6094400495548,-22.574735755754116,2.6156475615378714,2.5796907656294197,2.648637999705935
16,CS72_sized+CS24_core_sized+FlushStd_sized,0.3,None,3,1491,179.9158873229946,-32.58158625223446,2.209726625997825,2.03702825374948,2.327273803154966
16,CS72_sized+CS24_core_sized+FlushStd_sized,0.3,None,5,1944,268.63376466081405,-41.745150474191014,2.2803194542535463,1.9984867219104878,2.4654410663656505
16,CS72_sized+CS24_core_sized+FlushStd_sized,0.3,None,8,2173,320.091505541928,-45.62127029974343,2.3712536019543116,2.248279353022726,2.46045963552313
16,CS72_sized+CS24_core_sized+FlushStd_sized,0.3,1,3,1322,84.04481748392863,-32.117031977691234,1.726374741954585,1.5119319955154473,1.8805059137696507
16,CS72_sized+CS24_core_sized+FlushStd_sized,0.3,1,5,1627,123.37514011016583,-31.82934088172622,2.112372612469446,1.8679865298640486,2.284205228008174
16,CS72_sized+CS24_core_sized+FlushStd_sized,0.3,1,8,1767,149.25000152679152,-31.683167061979766,2.304275273340362,2.2556027568893584,2.363318413771376
16,CS72_sized+CS24_core_sized+FlushStd_sized,0.3,2,3,1434,128.56928084508746,-32.58591569149248,1.962007491203816,1.5476042901044393,2.2170149985989642
16,CS72_sized+CS24_core_sized+FlushStd_sized,0.3,2,5,1771,183.4901390074039,-32.30021174596346,2.3103329248506164,1.878897232498901,2.5812423488022267
16,CS72_sized+CS24_core_sized+FlushStd_sized,0.3,2,8,1923,210.92238282597867,-32.15504758335867,2.4427655602728295,2.2573574437399806,2.573167301953691
16,CS72_sized+CS24_core_sized+FlushStd_sized,0.3,3,3,1491,179.9158873229946,-32.58158625223446,2.209726625997825,2.03702825374948,2.327273803154966
16,CS72_sized+CS24_core_sized+FlushStd_sized,0.3,3,5,1855,238.75006019250927,-32.29586395834565,2.4698438128050877,2.263959283055274,2.6102104537423725
16,CS72_sized+CS24_core_sized+FlushStd_sized,0.3,3,8,2022,271.1329552278732,-32.15069047306842,2.606281703220515,2.5683012526520073,2.6400464830851327
16,CS72_sized+CS24_core_sized+FlushStd_sized+LiqBuy,0.1,None,3,1488,54.34104260247514,-9.90813129850352,2.4752146222064653,2.2682702377255275,2.617717593465889
16,CS72_sized+CS24_core_sized+FlushStd_sized+LiqBuy,0.1,None,5,1971,79.0877307029979,-11.678113442080807,2.7776312693164193,2.836063406660619,2.753690562044614
16,CS72_sized+CS24_core_sized+FlushStd_sized+LiqBuy,0.1,None,8,2233,95.4438712100026,-12.701084509969085,2.838886192390102,2.78489897672029,2.8761840183463
16,CS72_sized+CS24_core_sized+FlushStd_sized+LiqBuy,0.1,1,3,1346,36.9671885030592,-9.717871795788103,2.310335242553777,2.129171961981571,2.4419991738812112
16,CS72_sized+CS24_core_sized+FlushStd_sized+LiqBuy,0.1,1,5,1706,47.82932313779567,-10.736094539852237,2.5488465789702284,2.355529316975713,2.6802350361275535
16,CS72_sized+CS24_core_sized+FlushStd_sized+LiqBuy,0.1,1,8,1897,61.002328255251385,-12.972085276729805,2.578241163325699,2.24288360355961,2.835310432920033
16,CS72_sized+CS24_core_sized+FlushStd_sized+LiqBuy,0.1,2,3,1443,44.33358378727823,-9.908864313608968,2.3254253403683474,1.9478218418053541,2.566497622050357
16,CS72_sized+CS24_core_sized+FlushStd_sized+LiqBuy,0.1,2,5,1832,58.06439318237213,-10.924932999838322,2.6367225823906626,2.2972869063386168,2.8602962760937745
16,CS72_sized+CS24_core_sized+FlushStd_sized+LiqBuy,0.1,2,8,2034,69.82157487154583,-12.457951570015013,2.6657200563915104,2.305393521085126,2.9223051558570012
16,CS72_sized+CS24_core_sized+FlushStd_sized+LiqBuy,0.1,3,3,1488,54.34104260247514,-9.90813129850352,2.4752146222064653,2.2682702377255275,2.617717593465889
16,CS72_sized+CS24_core_sized+FlushStd_sized+LiqBuy,0.1,3,5,1902,72.72071578509247,-10.924208251846945,2.776180080814091,2.7533163418736297,2.808513609050664
16,CS72_sized+CS24_core_sized+FlushStd_sized+LiqBuy,0.1,3,8,2119,83.00812759556275,-12.457951570015013,2.80902698764598,2.548052484951185,2.991912186487059
16,CS72_sized+CS24_core_sized+FlushStd_sized+LiqBuy,0.15,None,3,1488,89.1603367122865,-14.6221774882061,2.4729380393259315,2.258419953672743,2.6197656501685205
16,CS72_sized+CS24_core_sized+FlushStd_sized+LiqBuy,0.15,None,5,1971,134.93341603008187,-17.22955968326425,2.7762390664666254,2.823641466979584,2.7586251894009024
16,CS72_sized+CS24_core_sized+FlushStd_sized+LiqBuy,0.15,None,8,2233,166.1237191302359,-18.777186287957914,2.8308847902313703,2.7658795418462296,2.8759477259931856
16,CS72_sized+CS24_core_sized+FlushStd_sized+LiqBuy,0.15,1,3,1346,59.23026940611409,-14.346010683796672,2.312722053411192,2.127631026107761,2.446516771039883
16,CS72_sized+CS24_core_sized+FlushStd_sized+LiqBuy,0.15,1,5,1706,78.1014909215845,-15.805711186022952,2.5495347783808175,2.3548404740064544,2.6818239965157358
16,CS72_sized+CS24_core_sized+FlushStd_sized+LiqBuy,0.15,1,8,1897,101.54272670549629,-19.458127915094693,2.5785304978316073,2.24196236329424,2.836150614034264
16,CS72_sized+CS24_core_sized+FlushStd_sized+LiqBuy,0.15,2,3,1443,71.6356135206644,-14.623687858267509,2.3246432486068374,1.9418409923594144,2.5687316633675517
16,CS72_sized+CS24_core_sized+FlushStd_sized+LiqBuy,0.15,2,5,1832,96.24644170673164,-16.07865623401291,2.636075072859992,2.292378252560776,2.862380148564154
16,CS72_sized+CS24_core_sized+FlushStd_sized+LiqBuy,0.15,2,8,2034,117.72117385365047,-18.686927355022533,2.665983377623175,2.3015299419398643,2.9255862900737593
16,CS72_sized+CS24_core_sized+FlushStd_sized+LiqBuy,0.15,3,3,1488,89.1603367122865,-14.6221774882061,2.4729380393259315,2.258419953672743,2.6197656501685205
16,CS72_sized+CS24_core_sized+FlushStd_sized+LiqBuy,0.15,3,5,1902,123.16178686082458,-16.077171603417394,2.776863692555339,2.746775177941872,2.8129524981182756
16,CS72_sized+CS24_core_sized+FlushStd_sized+LiqBuy,0.15,3,8,2119,142.54201309097576,-18.686927355022554,2.807117359087392,2.5419274039817594,2.993234641099845
16,CS72_sized+CS24_core_sized+FlushStd_sized+LiqBuy,0.2,None,3,1488,129.89272272686446,-19.177690971680804,2.4704798471631118,2.2485274841399714,2.621578122033101
16,CS72_sized+CS24_core_sized+FlushStd_sized+LiqBuy,0.2,None,5,1971,204.4564004134429,-22.591838764543926,2.774465038661302,2.8110799789833285,2.7630949101905347
16,CS72_sized+CS24_core_sized+FlushStd_sized+LiqBuy,0.2,None,8,2233,256.51486140583063,-24.91590314003006,2.822707779167082,2.7467931668098773,2.8754676694800096
16,CS72_sized+CS24_core_sized+FlushStd_sized+LiqBuy,0.2,1,3,1346,84.33418155243626,-18.821728776739178,2.314942021422561,2.1260175547356392,2.4508107290270535
16,CS72_sized+CS24_core_sized+FlushStd_sized+LiqBuy,0.2,1,5,1706,113.33720981468454,-20.679393661668666,2.5501437444751955,2.3540537683413802,2.683346716657263
16,CS72_sized+CS24_core_sized+FlushStd_sized+LiqBuy,0.2,1,8,1897,150.1314138255882,-25.94417055345959,2.5789148486176763,2.2413558826386657,2.836910068218815
16,CS72_sized+CS24_core_sized+FlushStd_sized+LiqBuy,0.2,2,3,1443,102.79397509931721,-19.18014967697109,2.3237453973836395,1.9358635019892283,2.57079594554158
16,CS72_sized+CS24_core_sized+FlushStd_sized+LiqBuy,0.2,2,5,1832,141.73464506179138,-21.029612540468612,2.6352563455160443,2.287429148309448,2.8642185548855794
16,CS72_sized+CS24_core_sized+FlushStd_sized+LiqBuy,0.2,2,8,2034,176.26490102351747,-24.91590314003004,2.6660908270378316,2.2977474616117908,2.928549697510297
16,CS72_sized+CS24_core_sized+FlushStd_sized+LiqBuy,0.2,3,3,1488,129.89272272686446,-19.177690971680804,2.4704798471631118,2.2485274841399714,2.621578122033101
16,CS72_sized+CS24_core_sized+FlushStd_sized+LiqBuy,0.2,3,5,1902,185.332329600143,-21.027210099624515,2.77713201778793,2.740189099079688,2.8168302384520514
16,CS72_sized+CS24_core_sized+FlushStd_sized+LiqBuy,0.2,3,8,2119,217.37884994558016,-24.915903140030082,2.805044666240537,2.5358796390461937,2.9942137927224337
16,CS72_sized+CS24_core_sized+FlushStd_sized+LiqBuy,0.3,None,3,1488,231.58711463012148,-27.81870270122416,2.46510573862037,2.2285843149797486,2.624640099186577
16,CS72_sized+CS24_core_sized+FlushStd_sized+LiqBuy,0.3,None,5,1971,394.14128337430395,-32.75741961692725,2.769900157755565,2.7854597131896703,2.770860751865599
16,CS72_sized+CS24_core_sized+FlushStd_sized+LiqBuy,0.3,None,8,2233,510.93412081089065,-37.37385471004509,2.8058826394628893,2.708378120028833,2.8739041422801255
16,CS72_sized+CS24_core_sized+FlushStd_sized+LiqBuy,0.3,1,3,1346,144.08151391094336,-27.321329233974122,2.3189358554203974,2.122553945695653,2.4588208825687308
16,CS72_sized+CS24_core_sized+FlushStd_sized+LiqBuy,0.3,1,5,1706,201.0789578278994,-29.849650405182203,2.551116479074309,2.352130606159813,2.6862197230286124
16,CS72_sized+CS24_core_sized+FlushStd_sized+LiqBuy,0.3,1,8,1897,275.7420143866859,-38.916255830189364,2.5799472458704025,2.2411417712583455,2.838203205947698
16,CS72_sized+CS24_core_sized+FlushStd_sized+LiqBuy,0.3,2,3,1443,177.96144138226575,-27.82333800076392,2.321653835978758,1.9238865551682685,2.5745142527850255
16,CS72_sized+CS24_core_sized+FlushStd_sized+LiqBuy,0.3,2,5,1832,258.60113130474554,-30.334195459718703,2.633165229690153,2.2773612056005064,2.867289422125204
16,CS72_sized+CS24_core_sized+FlushStd_sized+LiqBuy,0.3,2,8,2034,331.7210809193485,-37.37385471004509,2.6658777856675497,2.290413002006992,2.9336735082852394
16,CS72_sized+CS24_core_sized+FlushStd_sized+LiqBuy,0.3,3,3,1488,231.58711463012148,-27.81870270122416,2.46510573862037,2.2285843149797486,2.624640099186577
16,CS72_sized+CS24_core_sized+FlushStd_sized+LiqBuy,0.3,3,5,1902,352.98139469093695,-30.329721411421374,2.7765962837447127,2.726838392633327,2.8231604837522433
16,CS72_sized+CS24_core_sized+FlushStd_sized+LiqBuy,0.3,3,8,2119,424.1425969215678,-37.37385471004507,2.800507547983124,2.523997569324325,2.9953667161514286
16,CS72_sized+CS24_core_sized+FlushStd_sized+LiqBuy_lim,0.1,None,3,1492,48.00061307223389,-9.985055216308202,2.3124635112921186,2.150788035136396,2.4242515434438534
16,CS72_sized+CS24_core_sized+FlushStd_sized+LiqBuy_lim,0.1,None,5,1961,65.22623741188696,-15.419878072190507,2.584997823149201,2.4162776607356373,2.701208410326475
16,CS72_sized+CS24_core_sized+FlushStd_sized+LiqBuy_lim,0.1,None,8,2223,82.91238253580848,-16.922036610068925,2.6253496004844896,2.4775745431897462,2.731746301440385
16,CS72_sized+CS24_core_sized+FlushStd_sized+LiqBuy_lim,0.1,1,3,1347,27.35890381050965,-9.794958164506129,1.8459890655393878,1.751644764232768,1.9430290863249255
16,CS72_sized+CS24_core_sized+FlushStd_sized+LiqBuy_lim,0.1,1,5,1688,42.18637108018943,-10.605855233805507,2.4062287955290667,2.151397839500436,2.583204431001723
16,CS72_sized+CS24_core_sized+FlushStd_sized+LiqBuy_lim,0.1,1,8,1875,54.64088420574493,-10.820782590592293,2.6006570197523033,2.2515023605568807,2.829229928237064
16,CS72_sized+CS24_core_sized+FlushStd_sized+LiqBuy_lim,0.1,2,3,1445,40.02891869511214,-10.081206104163087,2.1291919695217687,1.8611122979985988,2.3097141335583613
16,CS72_sized+CS24_core_sized+FlushStd_sized+LiqBuy_lim,0.1,2,5,1817,52.83662580146897,-10.79496921601809,2.487975738180203,2.157190759643657,2.7060990371298663
16,CS72_sized+CS24_core_sized+FlushStd_sized+LiqBuy_lim,0.1,2,8,2014,65.17346219864146,-11.009441892373351,2.728475759645256,2.3931771079765696,2.950363475579798
16,CS72_sized+CS24_core_sized+FlushStd_sized+LiqBuy_lim,0.1,3,3,1492,48.00061307223389,-9.985055216308202,2.3124635112921186,2.150788035136396,2.4242515434438534
16,CS72_sized+CS24_core_sized+FlushStd_sized+LiqBuy_lim,0.1,3,5,1889,61.493771280420816,-11.111538322282321,2.6106295783227322,2.4609664087226193,2.7206737218278922
16,CS72_sized+CS24_core_sized+FlushStd_sized+LiqBuy_lim,0.1,3,8,2102,74.24384487323528,-11.008717831977833,2.8088141759421785,2.6071312798707114,2.950947080359832
16,CS72_sized+CS24_core_sized+FlushStd_sized+LiqBuy_lim,0.15,None,3,1492,77.7905631226813,-14.66589138469072,2.309723763143465,2.1423754504515253,2.4248611490292085
16,CS72_sized+CS24_core_sized+FlushStd_sized+LiqBuy_lim,0.15,None,5,1961,108.68396425132497,-22.550240752933682,2.578057414974298,2.399072247025377,2.701384476258687
16,CS72_sized+CS24_core_sized+FlushStd_sized+LiqBuy_lim,0.15,None,8,2223,141.67619323402164,-24.699559573181517,2.612654468989091,2.4523300665670984,2.726662261476129
16,CS72_sized+CS24_core_sized+FlushStd_sized+LiqBuy_lim,0.15,1,3,1347,42.84359387447954,-14.38986597914511,1.8485505803197204,1.750787596188129,1.9471310107133133
16,CS72_sized+CS24_core_sized+FlushStd_sized+LiqBuy_lim,0.15,1,5,1688,68.08987955870501,-15.617661656592752,2.4053339885120524,2.149942304723661,2.5824955380306327
16,CS72_sized+CS24_core_sized+FlushStd_sized+LiqBuy_lim,0.15,1,8,1875,90.02622304915356,-15.852267432376333,2.599053176284911,2.248330957266952,2.828441025464443
16,CS72_sized+CS24_core_sized+FlushStd_sized+LiqBuy_lim,0.15,2,3,1445,63.97008037294745,-14.87706365060497,2.1286414614844924,1.8558261537717733,2.3114517381828805
16,CS72_sized+CS24_core_sized+FlushStd_sized+LiqBuy_lim,0.15,2,5,1817,86.62201735080805,-15.89121633248698,2.4866310459217997,2.1522717544573475,2.7065596973839456
16,CS72_sized+CS24_core_sized+FlushStd_sized+LiqBuy_lim,0.15,2,8,2014,109.32256958696382,-16.125061552113696,2.727598976775298,2.3865802790599493,2.952661809511106
16,CS72_sized+CS24_core_sized+FlushStd_sized+LiqBuy_lim,0.15,3,3,1492,77.7905631226813,-14.66589138469072,2.309723763143465,2.1423754504515253,2.4248611490292085
16,CS72_sized+CS24_core_sized+FlushStd_sized+LiqBuy_lim,0.15,3,5,1889,102.14655990871523,-16.334751864254958,2.6064447782411437,2.4502530476552873,2.720113364646368
16,CS72_sized+CS24_core_sized+FlushStd_sized+LiqBuy_lim,0.15,3,8,2102,126.08340395370901,-16.12357774246258,2.803809850122374,2.593713416398369,2.9507851344355362
16,CS72_sized+CS24_core_sized+FlushStd_sized+LiqBuy_lim,0.2,None,3,1492,111.90444758460303,-19.1477393629754,2.306896047170257,2.1340255879621637,2.4253152912601523
16,CS72_sized+CS24_core_sized+FlushStd_sized+LiqBuy_lim,0.2,None,5,1961,160.66542758433658,-29.30768190055999,2.5707774369519933,2.381653961268865,2.701178566656494
16,CS72_sized+CS24_core_sized+FlushStd_sized+LiqBuy_lim,0.2,None,8,2223,214.65910300045869,-32.05099485572648,2.599797241161388,2.4264323468526157,2.7216491840623465
16,CS72_sized+CS24_core_sized+FlushStd_sized+LiqBuy_lim,0.2,1,3,1347,59.58391394998348,-18.7916452534609,1.850965958994726,1.7499309571595436,1.9510165153082417
16,CS72_sized+CS24_core_sized+FlushStd_sized+LiqBuy_lim,0.2,1,5,1688,97.63285394914809,-20.438405233194135,2.4043793846629287,2.1484530137106717,2.581714418674349
16,CS72_sized+CS24_core_sized+FlushStd_sized+LiqBuy_lim,0.2,1,8,1875,131.78219341190797,-20.64370143298051,2.59731679605499,2.245032785938871,2.8275240784055797
16,CS72_sized+CS24_core_sized+FlushStd_sized+LiqBuy_lim,0.2,2,3,1445,90.74749027240019,-19.514155328566517,2.127949969985988,1.8506303754731415,2.3129495839048264
16,CS72_sized+CS24_core_sized+FlushStd_sized+LiqBuy_lim,0.2,2,5,1817,126.11427181736485,-20.7896881318133,2.4850316319839925,2.1473732844038755,2.7066294924224903
16,CS72_sized+CS24_core_sized+FlushStd_sized+LiqBuy_lim,0.2,2,8,2014,162.92698337721646,-20.994077901250417,2.726266373271394,2.3798976576890367,2.954300806747567
16,CS72_sized+CS24_core_sized+FlushStd_sized+LiqBuy_lim,0.2,3,3,1492,111.90444758460303,-19.1477393629754,2.306896047170257,2.1340255879621637,2.4253152912601523
16,CS72_sized+CS24_core_sized+FlushStd_sized+LiqBuy_lim,0.2,3,5,1889,150.65325163778738,-21.342955024013442,2.601990536698686,2.439510026380321,2.7191615813025343
16,CS72_sized+CS24_core_sized+FlushStd_sized+LiqBuy_lim,0.2,3,8,2102,190.18986168720414,-20.99167437936984,2.798400148550766,2.579971619151716,2.9501570536711115
16,CS72_sized+CS24_core_sized+FlushStd_sized+LiqBuy_lim,0.3,None,3,1492,194.39474630577575,-27.540110623142546,2.3010528227506493,2.1175209289179486,2.4258646394108965
16,CS72_sized+CS24_core_sized+FlushStd_sized+LiqBuy_lim,0.3,None,5,1961,293.9237731296042,-41.745150474191014,2.555248300199935,2.3460068814768067,2.699851134541727
16,CS72_sized+CS24_core_sized+FlushStd_sized+LiqBuy_lim,0.3,None,8,2223,411.28760721645045,-45.62127029974338,2.573491422874208,2.372343466907986,2.7119024230002564
16,CS72_sized+CS24_core_sized+FlushStd_sized+LiqBuy_lim,0.3,1,3,1347,96.94278896211534,-27.040817485382185,1.8554214065844976,1.74821905000898,1.9582297787984309
16,CS72_sized+CS24_core_sized+FlushStd_sized+LiqBuy_lim,0.3,1,5,1688,168.98038181358706,-29.517242296079104,2.402296218454569,2.1453679414765228,2.579945678538451
16,CS72_sized+CS24_core_sized+FlushStd_sized+LiqBuy_lim,0.3,1,8,1875,237.66296496401475,-29.54268908409483,2.593473575781309,2.2380379557997796,2.8253543455134946
16,CS72_sized+CS24_core_sized+FlushStd_sized+LiqBuy_lim,0.3,2,3,1445,153.35764153201148,-28.32443462941455,2.1262451015736694,1.8404920515206906,2.3153787258590026
16,CS72_sized+CS24_core_sized+FlushStd_sized+LiqBuy_lim,0.3,2,5,1817,224.68975059970475,-30.00408337203663,2.4812308364994093,2.1376174058267625,2.705849976225561
16,CS72_sized+CS24_core_sized+FlushStd_sized+LiqBuy_lim,0.3,2,8,2014,304.41287813826455,-30.029354393069596,2.7224577820149727,2.3662521727952455,2.9559656832929617
16,CS72_sized+CS24_core_sized+FlushStd_sized+LiqBuy_lim,0.3,3,3,1492,194.39474630577575,-27.540110623142546,2.3010528227506493,2.1175209289179486,2.4258646394108965
16,CS72_sized+CS24_core_sized+FlushStd_sized+LiqBuy_lim,0.3,3,5,1889,275.16689672070703,-30.734713504376387,2.5923933328277866,2.417827783043638,2.7163193524881115
16,CS72_sized+CS24_core_sized+FlushStd_sized+LiqBuy_lim,0.3,3,8,2102,363.54888401948557,-30.024860767396166,2.7864297675110086,2.5512643946052678,2.947766064166819
16,CS72+FlushStd,0.1,None,3,760,36.754366803356284,-11.215560959552718,2.2500271089011727,1.747874531436419,2.5757436073545037
16,CS72+FlushStd,0.1,None,5,918,47.01232110982092,-16.792187452999098,2.0733457564845033,1.5701297133947305,2.3760922817318666
16,CS72+FlushStd,0.1,None,8,990,49.06177118013355,-18.30916562087014,2.067455914305369,1.6543963502737364,2.3230422742065637
16,CS72+FlushStd,0.1,1,3,519,18.56119112043011,-6.999477344977589,1.7307974210811132,1.0155924792036828,2.1308650925368613
16,CS72+FlushStd,0.1,1,5,557,20.117285549448894,-7.010814809908417,1.774603253365619,1.114944302303315,2.144926060188474
16,CS72+FlushStd,0.1,1,8,569,20.837537496980673,-7.010814809908405,1.7977012731206115,1.1206142636195584,2.1744284779604746
16,CS72+FlushStd,0.1,2,3,673,26.732943609517235,-9.542871843851131,1.8851204521271472,1.1244420770427526,2.3422906529001732
16,CS72+FlushStd,0.1,2,5,715,28.891876526272696,-9.542871843851131,1.9647443601192354,1.2486622941231844,2.394538051042077
16,CS72+FlushStd,0.1,2,8,729,29.06682431319425,-9.542871843851131,1.9528213885367702,1.2559484994375798,2.3675511898390122
16,CS72+FlushStd,0.1,3,3,760,36.754366803356284,-11.215560959552718,2.2500271089011727,1.747874531436419,2.5757436073545037
16,CS72+FlushStd,0.1,3,5,814,37.48342532141906,-11.215560959552718,2.2504744076355943,1.7528364082456493,2.5702591960773074
16,CS72+FlushStd,0.1,3,8,830,37.11116439377924,-11.215560959552718,2.206519873532249,1.7708613831289945,2.4848711283754317
16,CS72+FlushStd,0.15,None,3,760,58.3982981197126,-16.548021715511098,2.243912769508771,1.7362585900678555,2.5734462298690537
16,CS72+FlushStd,0.15,None,5,918,75.16885237291172,-24.525899921050577,2.0669074068214655,1.5453487242963724,2.3795015795299737
16,CS72+FlushStd,0.15,None,8,990,78.56706707392951,-26.66940268755196,2.0591794282561726,1.6257488336283672,2.325716972864546
16,CS72+FlushStd,0.15,1,3,519,28.600653328022887,-10.341987500788141,1.7315988979837984,1.015219006922191,2.132337189896596
16,CS72+FlushStd,0.15,1,5,557,31.062418684091853,-10.378690696925375,1.7745105068201328,1.1137948361481005,2.1454185181540324
16,CS72+FlushStd,0.15,1,8,569,32.22237508548702,-10.378690696925375,1.797742115122112,1.1193514338427195,2.1751636086011
16,CS72+FlushStd,0.15,2,3,673,41.67120276195169,-14.178622576055622,1.8831581072986543,1.1188186190083946,2.342741696515569
16,CS72+FlushStd,0.15,2,5,715,45.24116265680811,-14.178622576055622,1.9627059437841665,1.2430394235054791,2.394833444458861
16,CS72+FlushStd,0.15,2,8,729,45.511372985486176,-14.178622576055622,1.9507931732996098,1.2500571983910038,2.367948160638188
16,CS72+FlushStd,0.15,3,3,760,58.3982981197126,-16.548021715511098,2.243912769508771,1.7362585900678555,2.5734462298690537
16,CS72+FlushStd,0.15,3,5,814,59.61601268650296,-16.548021715511098,2.2442436202065807,1.742070773056991,2.5672361558543626
16,CS72+FlushStd,0.15,3,8,830,58.93978018792152,-16.548021715511098,2.2003865129777016,1.7598130904824218,2.4819781953397557
16,CS72+FlushStd,0.2,None,3,760,82.35574677011417,-21.696978216580188,2.237780760101127,1.7246186264289545,2.5711545470381387
16,CS72+FlushStd,0.2,None,5,918,106.50477602792154,-31.830444740830888,2.0599644919830635,1.520007160473162,2.3825926036121516
16,CS72+FlushStd,0.2,None,8,990,111.43689874031102,-34.517785827412006,2.0504889861400826,1.5967386258194132,2.3281518181394834
16,CS72+FlushStd,0.2,1,3,519,39.1470785248373,-13.582912362355582,1.732333365581335,1.0148690280354553,2.1336904796259675
16,CS72+FlushStd,0.2,1,5,557,42.59836662057066,-13.656765760209321,1.7743722123233983,1.112681697777003,2.145820923043514
16,CS72+FlushStd,0.2,1,8,569,44.25402620186824,-13.6567657602093,1.7977342161486511,1.118128285450733,2.175803816833475
16,CS72+FlushStd,0.2,2,3,673,57.65963062004993,-18.716756213509633,1.8811496255346707,1.1132578911533924,2.343078792419675
16,CS72+FlushStd,0.2,2,5,715,62.88327996787984,-18.716756213509633,1.9606229309070975,1.2374784873501539,2.395020793652008
16,CS72+FlushStd,0.2,2,8,729,63.24910882546111,-18.716756213509633,1.9487160883066241,1.2442325013457873,2.3682309204095504
16,CS72+FlushStd,0.2,3,3,760,82.35574677011417,-21.696978216580188,2.237780760101127,1.7246186264289545,2.5711545470381387
16,CS72+FlushStd,0.2,3,5,814,84.14887435420204,-21.696978216580188,2.237970951732311,1.7312792036286984,2.564180277608478
16,CS72+FlushStd,0.2,3,8,830,83.06550820845781,-21.696978216580188,2.1942180899039134,1.7487411819862786,2.4790630985846356
16,CS72+FlushStd,0.3,None,3,760,137.49717690738845,-31.44651983241269,2.225466535628793,1.7012601297679988,2.566612381574825
16,CS72+FlushStd,0.3,None,5,918,178.4650780590844,-45.19213252544929,2.044518615761384,1.4672356913599873,2.3879758466628873
16,CS72+FlushStd,0.3,None,8,990,186.81294218749608,-48.73459604066734,2.0318333651949394,1.5373753446688676,2.332423944627748
16,CS72+FlushStd,0.3,1,3,519,61.74791285475556,-19.76952774134585,1.7336285568243988,1.0142383841031837,2.136083572588889
16,CS72+FlushStd,0.3,1,5,557,67.41992404191058,-19.94920799119695,1.7739825953464858,1.1105614062721612,2.146393176056513
16,CS72+FlushStd,0.3,1,8,569,70.24156874586502,-19.94920799119695,1.7975942618943848,1.1157974572687879,2.1768346327588435
16,CS72+FlushStd,0.3,2,3,673,92.72652960915863,-27.48088398959556,1.8770163438739698,1.102318267410512,2.3434517417028307
16,CS72+FlushStd,0.3,2,5,715,102.04000651758997,-27.48088398959556,1.9563459584960563,1.226534725259403,2.39511304148761
16,CS72+FlushStd,0.3,2,8,729,102.57775122517496,-27.48088398959556,1.944437101473346,1.232774756295767,2.3684934232938413
16,CS72+FlushStd,0.3,3,3,760,137.49717690738845,-31.44651983241269,2.225466535628793,1.7012601297679988,2.566612381574825
16,CS72+FlushStd,0.3,3,5,814,140.69818936203941,-31.44651983241269,2.225312803045583,1.7096109945334577,2.5580081378496224
16,CS72+FlushStd,0.3,3,8,830,138.40383239702115,-31.44651983241269,2.1817877945943955,1.7265186510936847,2.4731993813893247
16,CS72+FlushStd+LiqBuy,0.1,None,3,783,44.550663365253754,-11.809444314351659,2.4827231799695517,2.0384170650732085,2.7678758259169642
16,CS72+FlushStd+LiqBuy,0.1,None,5,973,63.20956837335374,-13.210790820725816,2.559936259796827,2.390335033335437,2.6847519936327826
16,CS72+FlushStd+LiqBuy,0.1,None,8,1091,69.03169135241531,-14.349700697796985,2.4418137679521403,2.104404941041641,2.6689082178154475
16,CS72+FlushStd+LiqBuy,0.1,1,3,585,29.18595775145334,-7.44067885541666,2.2985274198602585,1.9810657995150898,2.5049112674903133
16,CS72+FlushStd+LiqBuy,0.1,1,5,679,35.49380642817628,-8.471152112073044,2.3806186758932535,1.9330342169573258,2.689514406278895
16,CS72+FlushStd+LiqBuy,0.1,1,8,745,41.767182837243524,-13.71459409776714,2.1663102062362194,1.5153547698368073,2.6888139292603133
16,CS72+FlushStd+LiqBuy,0.1,2,3,715,35.530748412003874,-8.274260316515091,2.263565848975022,1.6483691514714136,2.6527219384196856
16,CS72+FlushStd+LiqBuy,0.1,2,5,814,42.86690821036545,-8.831176690737996,2.4474073005873853,1.8658016965471884,2.835088776716227
16,CS72+FlushStd+LiqBuy,0.1,2,8,885,47.01483479322195,-14.072036501952867,2.2234490040667643,1.5697276961245106,2.7057772637922226
16,CS72+FlushStd+LiqBuy,0.1,3,3,783,44.550663365253754,-11.809444314351659,2.4827231799695517,2.0384170650732085,2.7678758259169642
16,CS72+FlushStd+LiqBuy,0.1,3,5,896,54.57357148221706,-10.012029827356994,2.6727560307375753,2.3766792858323935,2.8711507766904365
16,CS72+FlushStd+LiqBuy,0.1,3,8,970,56.651702955944394,-14.346000365787893,2.4287073930650185,1.865349638515594,2.843516190328882
16,CS72+FlushStd+LiqBuy,0.15,None,3,783,71.93617470504626,-17.388970116886792,2.477341062411973,2.024168163123925,2.7680383537920212
16,CS72+FlushStd+LiqBuy,0.15,None,5,973,104.84689870776522,-19.458421068434827,2.559460776404221,2.373141743069925,2.693059805811335
16,CS72+FlushStd+LiqBuy,0.15,None,8,1091,114.84339543013581,-21.404131451920104,2.4356203568526165,2.0819779916262733,2.674214721253346
16,CS72+FlushStd+LiqBuy,0.15,1,3,585,46.08062360532712,-10.980740107981068,2.297901619816719,1.9758702073395844,2.5070524037628186
16,CS72+FlushStd+LiqBuy,0.15,1,5,679,56.63636789263824,-12.693917007654388,2.379978549307033,1.9277777284761632,2.692156122604146
16,CS72+FlushStd+LiqBuy,0.15,1,8,745,66.97443361051081,-20.550952294993095,2.1652489498338876,1.5099632670534955,2.6912338315689994
16,CS72+FlushStd+LiqBuy,0.15,2,3,715,56.51945657573529,-12.310639543667302,2.2610346106428683,1.6388067257736976,2.654842377330821
16,CS72+FlushStd+LiqBuy,0.15,2,5,814,69.11528187184747,-13.099015312308449,2.444608530965024,1.8563189747235158,2.8370893614736876
16,CS72+FlushStd+LiqBuy,0.15,2,8,885,75.92166618838367,-21.022373757190316,2.2211459663075956,1.5603133699698757,2.7092745319954727
16,CS72+FlushStd+LiqBuy,0.15,3,3,783,71.93617470504626,-17.388970116886792,2.477341062411973,2.024168163123925,2.7680383537920212
16,CS72+FlushStd+LiqBuy,0.15,3,5,896,89.73520219730975,-14.809464254092875,2.6696950840710367,2.3656741231425524,2.873494775144572
16,CS72+FlushStd+LiqBuy,0.15,3,8,970,92.94423214813521,-21.39659084833745,2.423003652867784,1.8538967822764547,2.842967738938192
16,CS72+FlushStd+LiqBuy,0.2,None,3,783,103.12626351382397,-22.753637672249948,2.4718195841996584,2.009791481048402,2.7680725418182477
16,CS72+FlushStd+LiqBuy,0.2,None,5,973,154.35667652263226,-25.468640333503302,2.5584200071425998,2.3557808667778435,2.700750687436445
16,CS72+FlushStd+LiqBuy,0.2,None,8,1091,169.28014763968915,-28.37787085312,2.4291574001914853,2.059679753938407,2.6791006389493943
16,CS72+FlushStd+LiqBuy,0.2,1,3,585,64.64243747708211,-14.404741947772948,2.2971760446905307,1.9706291972850798,2.5090653248809307
16,CS72+FlushStd+LiqBuy,0.2,1,5,679,80.28480764830684,-16.908141129598963,2.3792249546073316,1.9224794666494642,2.694651631611668
16,CS72+FlushStd+LiqBuy,0.2,1,8,745,95.2935629341175,-27.373351257780655,2.1642999750056493,1.5049277698066776,2.693520948919472
16,CS72+FlushStd+LiqBuy,0.2,2,3,715,79.83068814775784,-16.53388693142871,2.2583903362002764,1.629273342895631,2.656779657056975
16,CS72+FlushStd+LiqBuy,0.2,2,5,814,98.94837939810644,-17.269826961868052,2.441636932170571,1.846808237395144,2.8388396787489465
16,CS72+FlushStd+LiqBuy,0.2,2,8,885,108.73278933735659,-27.914503323009754,2.218783895295249,1.5511281275192794,2.712519720620294
16,CS72+FlushStd+LiqBuy,0.2,3,3,783,103.12626351382397,-22.753637672249948,2.4718195841996584,2.009791481048402,2.7680725418182477
16,CS72+FlushStd+LiqBuy,0.2,3,5,896,131.03581804688727,-19.466764403280777,2.666354604100547,2.3545997267985523,2.8754546298544916
16,CS72+FlushStd+LiqBuy,0.2,3,8,970,135.23669587730666,-28.36581045026867,2.417330669198954,1.8426778452325583,2.842288018315397
16,CS72+FlushStd+LiqBuy,0.3,None,3,783,178.03672648231665,-32.84633756345197,2.460381813686738,1.9805983857285747,2.7678344176926797
16,CS72+FlushStd+LiqBuy,0.3,None,5,973,280.5651393362095,-36.782257034887635,2.55479528900702,2.320427184231388,2.7145437435309567
16,CS72+FlushStd+LiqBuy,0.3,None,8,1091,306.45013064017076,-42.10890930452243,2.415618734535459,2.015668205707814,2.6878114645715723
16,CS72+FlushStd+LiqBuy,0.3,1,3,585,107.15894251047744,-20.916649978577016,2.295440988233453,1.9599857729078562,2.5127502916971545
16,CS72+FlushStd+LiqBuy,0.3,1,5,679,135.81524667098734,-25.31096705257778,2.377385419912726,1.9117415505934607,2.699248290858189
16,CS72+FlushStd+LiqBuy,0.3,1,8,745,161.65866847790716,-40.9762714800405,2.162914974919106,1.496354560219572,2.697728722546688
16,CS72+FlushStd+LiqBuy,0.3,2,3,715,133.86890915463076,-25.059944481087904,2.2527978770332955,1.6102709493185778,2.660185302780729
16,CS72+FlushStd+LiqBuy,0.3,2,5,814,170.43095667733928,-25.32475821516873,2.4352181086145555,1.8276747251587744,2.841698149350428
16,CS72+FlushStd+LiqBuy,0.3,2,8,885,186.56553948516716,-41.520711253636364,2.214022337773421,1.5337689110930757,2.7183491734858065
16,CS72+FlushStd+LiqBuy,0.3,3,3,783,178.03672648231665,-32.84633756345197,2.460381813686738,1.9805983857285747,2.7678344176926797
16,CS72+FlushStd+LiqBuy,0.3,3,5,896,234.8311914897724,-28.35932150462441,2.6589180584077132,2.3322044921222775,2.878378619240462
16,CS72+FlushStd+LiqBuy,0.3,3,8,970,239.43578700014788,-42.060375921859986,2.4062034206363414,1.821233904071035,2.8406286703126584
16,CS72_48h_sized+CS24_core_sized+FlushStd_sized,0.1,None,3,1574,43.96512393399106,-10.51333329717432,2.199768354218203,2.1134229831606115,2.262785270219977
16,CS72_48h_sized+CS24_core_sized+FlushStd_sized,0.1,None,5,2024,62.7715576724158,-15.419878072190496,2.350890250225068,2.1232016487340277,2.5045012673103777
16,CS72_48h_sized+CS24_core_sized+FlushStd_sized,0.1,None,8,2245,71.40590752407138,-16.922036610068936,2.4411473992360495,2.382006851755204,2.491450876819043
16,CS72_48h_sized+CS24_core_sized+FlushStd_sized,0.1,1,3,1407,23.5480100634615,-10.324351883513694,1.7414329088587306,1.5611049498214182,1.8723310358660603
16,CS72_48h_sized+CS24_core_sized+FlushStd_sized,0.1,1,5,1706,33.53318106613577,-11.250418776824278,2.191199773554383,2.0176578508177045,2.324792176582595
16,CS72_48h_sized+CS24_core_sized+FlushStd_sized,0.1,1,8,1839,38.18754384047658,-10.787004587434545,2.340868242231549,2.333285167320948,2.3718091297594537
16,CS72_48h_sized+CS24_core_sized+FlushStd_sized,0.1,2,3,1517,33.496736036371956,-10.651416934251811,1.9317580864383073,1.6303121152357394,2.1247032140747217
16,CS72_48h_sized+CS24_core_sized+FlushStd_sized,0.1,2,5,1849,45.412330473448726,-11.43816918003826,2.3545952002120036,2.0035274167647907,2.5808158370453227
16,CS72_48h_sized+CS24_core_sized+FlushStd_sized,0.1,2,8,1995,49.90276620292056,-10.975735346834059,2.4696338413601375,2.3289459308273264,2.571878340400368
16,CS72_48h_sized+CS24_core_sized+FlushStd_sized,0.1,3,3,1574,43.96512393399106,-10.51333329717432,2.199768354218203,2.1134229831606115,2.262785270219977
16,CS72_48h_sized+CS24_core_sized+FlushStd_sized,0.1,3,5,1934,55.35637152173227,-11.43744860792799,2.5368806322783173,2.3684395338786546,2.6535703286934447
16,CS72_48h_sized+CS24_core_sized+FlushStd_sized,0.1,3,8,2094,60.45674133946899,-10.975011012189483,2.636358958316915,2.6703065888264033,2.6239682696368627
16,CS72_48h_sized+CS24_core_sized+FlushStd_sized,0.15,None,3,1574,70.65276771333875,-15.43869961669535,2.196786401326702,2.105980826784761,2.262362526075937
16,CS72_48h_sized+CS24_core_sized+FlushStd_sized,0.15,None,5,2024,103.52217807359358,-22.550240752933615,2.3429370831256593,2.103350785252201,2.5034061955782674
16,CS72_48h_sized+CS24_core_sized+FlushStd_sized,0.15,None,8,2245,119.31772393283207,-24.699559573181496,2.433267840265048,2.359070841708852,2.492239244872291
16,CS72_48h_sized+CS24_core_sized+FlushStd_sized,0.15,1,3,1407,36.589311358017774,-15.165173970145307,1.742688755892115,1.5616407198265363,1.8738859937256538
16,CS72_48h_sized+CS24_core_sized+FlushStd_sized,0.15,1,5,1706,53.292680403739354,-16.451370086384067,2.1918534159320195,2.017926915289345,2.3255579030248414
16,CS72_48h_sized+CS24_core_sized+FlushStd_sized,0.15,1,8,1839,61.26405110020057,-15.801326093263812,2.341486501954422,2.3344884841433,2.3720324713039833
16,CS72_48h_sized+CS24_core_sized+FlushStd_sized,0.15,2,3,1517,52.8532076731588,-15.701890577333433,1.9316780484097902,1.6274828475670873,2.126114317736001
16,CS72_48h_sized+CS24_core_sized+FlushStd_sized,0.15,2,5,1849,73.55327477506614,-16.72222200665684,2.354697779368828,2.0014962492839095,2.5821313390852345
16,CS72_48h_sized+CS24_core_sized+FlushStd_sized,0.15,2,8,1995,81.53795586576223,-16.07428535705594,2.469822900499354,2.3278249469237378,2.572690009816308
16,CS72_48h_sized+CS24_core_sized+FlushStd_sized,0.15,3,3,1574,70.65276771333875,-15.43869961669535,2.196786401326702,2.105980826784761,2.262362526075937
16,CS72_48h_sized+CS24_core_sized+FlushStd_sized,0.15,3,5,1934,91.04895728188747,-16.720748761215532,2.5336400257715352,2.362224217799453,2.6520059231498587
16,CS72_48h_sized+CS24_core_sized+FlushStd_sized,0.15,3,8,2094,100.41591505301524,-16.072800649136397,2.634998261646819,2.664781276289674,2.6247459602399643
16,CS72_48h_sized+CS24_core_sized+FlushStd_sized,0.2,None,3,1574,100.76232870207971,-20.15133684634384,2.1937068113173184,2.0985526195621476,2.2618074183114456
16,CS72_48h_sized+CS24_core_sized+FlushStd_sized,0.2,None,5,2024,151.34467930630277,-29.307681900560077,2.334783689149243,2.083073983563101,2.502297910964208
16,CS72_48h_sized+CS24_core_sized+FlushStd_sized,0.2,None,8,2245,176.6988097078063,-32.050994855726586,2.4251308440301313,2.3358114678458013,2.4928980104025413
16,CS72_48h_sized+CS24_core_sized+FlushStd_sized,0.2,1,3,1407,50.49463254147453,-19.799662837755893,1.7439199019233684,1.5621768333462531,1.875404535909714
16,CS72_48h_sized+CS24_core_sized+FlushStd_sized,0.2,1,5,1706,75.24224545261478,-21.385435850014833,2.1924740497299426,2.0181701624405943,2.3262870536633553
16,CS72_48h_sized+CS24_core_sized+FlushStd_sized,0.2,1,8,1839,87.32581974810853,-20.575462173138703,2.3420493812495784,2.335603854256658,2.3722156928885525
16,CS72_48h_sized+CS24_core_sized+FlushStd_sized,0.2,2,3,1517,74.02585996330482,-20.567255115120176,1.9315565082004855,1.6246963538345853,2.127447223346303
16,CS72_48h_sized+CS24_core_sized+FlushStd_sized,0.2,2,5,1849,105.80261344483772,-21.732537388756413,2.3547382884211836,1.9995010760880347,2.583336104142525
16,CS72_48h_sized+CS24_core_sized+FlushStd_sized,0.2,2,8,1995,118.34043540226888,-20.926139933571807,2.4699284116364364,2.3266790353876865,2.5733918370789954
16,CS72_48h_sized+CS24_core_sized+FlushStd_sized,0.2,3,3,1574,100.76232870207971,-20.15133684634384,2.1937068113173184,2.0985526195621476,2.2618074183114456
16,CS72_48h_sized+CS24_core_sized+FlushStd_sized,0.2,3,5,1934,132.97214465604293,-21.73015633232516,2.530336896967674,2.3559825339479157,2.6503797274045446
16,CS72_48h_sized+CS24_core_sized+FlushStd_sized,0.2,3,8,2094,148.13342659774827,-20.92373434487913,2.6334115747110025,2.659152594652336,2.625262101142883
16,CS72_48h_sized+CS24_core_sized+FlushStd_sized,0.3,None,3,1574,171.94802908171516,-28.96274676463877,2.1873301059671464,2.083754121996524,2.2603967979325095
16,CS72_48h_sized+CS24_core_sized+FlushStd_sized,0.3,None,5,2024,270.127408377611,-41.745150474191014,2.317830635130244,2.040945122558285,2.500136623166653
16,CS72_48h_sized+CS24_core_sized+FlushStd_sized,0.3,None,8,2245,323.2198069296677,-45.62127029974343,2.4081125672577866,2.2881922218153683,2.4939318876005268
16,CS72_48h_sized+CS24_core_sized+FlushStd_sized,0.3,1,3,1407,80.92389561162314,-28.47325646358001,1.7463136746991785,1.563250043947747,1.878340708306759
16,CS72_48h_sized+CS24_core_sized+FlushStd_sized,0.3,1,5,1706,126.28648516883926,-30.498491485678038,2.1936229602910444,2.018583048841511,2.3276438876849426
16,CS72_48h_sized+CS24_core_sized+FlushStd_sized,0.3,1,8,1839,149.42743865048163,-29.43962795413988,2.3430226166443155,2.337594212338791,2.372470603857802
16,CS72_48h_sized+CS24_core_sized+FlushStd_sized,0.3,2,3,1517,121.95865345719987,-29.741647515868785,1.931203269650385,1.6192455617486365,2.129901157483031
16,CS72_48h_sized+CS24_core_sized+FlushStd_sized,0.3,2,5,1849,184.0850241335938,-30.978554841426885,2.3546539938128386,1.995619357979487,2.5854432431158205
16,CS72_48h_sized+CS24_core_sized+FlushStd_sized,0.3,2,8,1995,209.68267590537764,-29.92700513071226,2.469914533915129,2.32432921727702,2.574493991461925
16,CS72_48h_sized+CS24_core_sized+FlushStd_sized,0.3,3,3,1574,171.94802908171516,-28.96274676463877,2.1873301059671464,2.083754121996524,2.2603967979325095
16,CS72_48h_sized+CS24_core_sized+FlushStd_sized,0.3,3,5,1934,238.2451020669644,-30.97412217490958,2.5235796856552093,2.343429410818613,2.6469873079440487
16,CS72_48h_sized+CS24_core_sized+FlushStd_sized,0.3,3,8,2094,270.95508104180544,-29.922504932007055,2.629658347390884,2.647606127945285,2.6256325118520953
16,CS72_48h_sized+CS24_core_sized+FlushStd_sized+LiqBuy,0.1,None,3,1567,52.254436588006236,-9.692923461095205,2.4408762177745102,2.3777975355033436,2.497464647871877
16,CS72_48h_sized+CS24_core_sized+FlushStd_sized+LiqBuy,0.1,None,5,2041,79.80687238874684,-11.678113442080807,2.8352879449464394,2.909819079257534,2.7997685416283318
16,CS72_48h_sized+CS24_core_sized+FlushStd_sized+LiqBuy,0.1,None,8,2305,93.82284254430952,-12.701084509969085,2.82747869769717,2.796271551639413,2.848608446821696
16,CS72_48h_sized+CS24_core_sized+FlushStd_sized+LiqBuy,0.1,1,3,1424,36.282284138132056,-9.502209474121525,2.361426477146044,2.3171535731309754,2.41199453752763
16,CS72_48h_sized+CS24_core_sized+FlushStd_sized+LiqBuy,0.1,1,5,1777,47.54361221098586,-10.411449444636457,2.563220767890707,2.463540238455997,2.6338253084194716
16,CS72_48h_sized+CS24_core_sized+FlushStd_sized+LiqBuy,0.1,1,8,1970,59.54131106383949,-12.972085276729805,2.559991956021585,2.26344407864063,2.790585993468372
16,CS72_48h_sized+CS24_core_sized+FlushStd_sized+LiqBuy,0.1,2,3,1520,43.0435801528225,-9.693658227197655,2.3093909491520046,2.090594492971313,2.458772962637383
16,CS72_48h_sized+CS24_core_sized+FlushStd_sized+LiqBuy,0.1,2,5,1901,57.81771769911088,-10.600974693750864,2.6578803933714186,2.394719831037372,2.833954531464209
16,CS72_48h_sized+CS24_core_sized+FlushStd_sized+LiqBuy,0.1,2,8,2107,67.52906548428716,-12.457951570015013,2.62942084946215,2.3255656136139784,2.8477282470863208
16,CS72_48h_sized+CS24_core_sized+FlushStd_sized+LiqBuy,0.1,3,3,1567,52.254436588006236,-9.692923461095205,2.4408762177745102,2.3777975355033436,2.497464647871877
16,CS72_48h_sized+CS24_core_sized+FlushStd_sized+LiqBuy,0.1,3,5,1973,73.28577127332905,-10.60024730991389,2.8386922577697615,2.836238732052716,2.857273384780773
16,CS72_48h_sized+CS24_core_sized+FlushStd_sized+LiqBuy,0.1,3,8,2192,80.65677679339329,-12.457951570015013,2.767826658628938,2.581254789192571,2.89858589892842
16,CS72_48h_sized+CS24_core_sized+FlushStd_sized+LiqBuy,0.15,None,3,1567,85.43014989465804,-14.271034856001341,2.438672007220154,2.368657558864183,2.4989610683428007
16,CS72_48h_sized+CS24_core_sized+FlushStd_sized+LiqBuy,0.15,None,5,2041,136.44458868387574,-17.22955968326425,2.834474029152173,2.897157135819793,2.805779916741668
16,CS72_48h_sized+CS24_core_sized+FlushStd_sized+LiqBuy,0.15,None,8,2305,162.9553318780112,-18.777186287957914,2.822680588946819,2.777189133473521,2.8539567562123227
16,CS72_48h_sized+CS24_core_sized+FlushStd_sized+LiqBuy,0.15,1,3,1424,58.08200867184598,-13.9937322304176,2.362409311563698,2.31522055031899,2.4145926581135435
16,CS72_48h_sized+CS24_core_sized+FlushStd_sized+LiqBuy,0.15,1,5,1777,77.68558823430392,-15.26145504124411,2.5653447650431698,2.4622760485670376,2.6381699460050654
16,CS72_48h_sized+CS24_core_sized+FlushStd_sized+LiqBuy,0.15,1,8,1970,98.94085741674033,-19.458127915094693,2.561459299372765,2.262366583535963,2.793625029282667
16,CS72_48h_sized+CS24_core_sized+FlushStd_sized+LiqBuy,0.15,2,3,1520,69.3963230406699,-14.272551437925529,2.308905477041568,2.0841540352235515,2.461571323088513
16,CS72_48h_sized+CS24_core_sized+FlushStd_sized+LiqBuy,0.15,2,5,1901,95.88782771193816,-15.536164484677606,2.658549047143265,2.3891245882570504,2.838538956043685
16,CS72_48h_sized+CS24_core_sized+FlushStd_sized+LiqBuy,0.15,2,8,2107,113.46625417200724,-18.686927355022533,2.6307875968900802,2.3216098463420334,2.8530299071753493
16,CS72_48h_sized+CS24_core_sized+FlushStd_sized+LiqBuy,0.15,3,3,1567,85.43014989465804,-14.271034856001341,2.438672007220154,2.368657558864183,2.4989610683428007
16,CS72_48h_sized+CS24_core_sized+FlushStd_sized+LiqBuy,0.15,3,5,1973,124.36417425863931,-15.534670257002192,2.8402334421638047,2.829439608383406,2.8632063650935775
16,CS72_48h_sized+CS24_core_sized+FlushStd_sized+LiqBuy,0.15,3,8,2192,138.0304298827341,-18.686927355022554,2.7682472906130964,2.575036435653736,2.903942874094876
16,CS72_48h_sized+CS24_core_sized+FlushStd_sized+LiqBuy,0.2,None,3,1567,124.0099873992099,-18.675123181092346,2.4362702287963303,2.359430821704064,2.5002418385157053
16,CS72_48h_sized+CS24_core_sized+FlushStd_sized+LiqBuy,0.2,None,5,2041,207.2315125067851,-22.591838764543926,2.833291995038232,2.884331188386287,2.8113685478976285
16,CS72_48h_sized+CS24_core_sized+FlushStd_sized+LiqBuy,0.2,None,8,2305,251.10846011580296,-24.91590314003006,2.8175917168942646,2.758027699125374,2.858916250436386
16,CS72_48h_sized+CS24_core_sized+FlushStd_sized+LiqBuy,0.2,1,3,1424,82.63093581777947,-18.316947548598804,2.3633398659338813,2.3131922361854325,2.4171478761010663
16,CS72_48h_sized+CS24_core_sized+FlushStd_sized+LiqBuy,0.2,1,5,1777,112.82836607953404,-19.885925679426343,2.567374523569732,2.460903617981113,2.64242260505756
16,CS72_48h_sized+CS24_core_sized+FlushStd_sized+LiqBuy,0.2,1,8,1970,146.0517436664582,-25.94417055345959,2.5629991277077795,2.261601664681939,2.7965472888472664
16,CS72_48h_sized+CS24_core_sized+FlushStd_sized+LiqBuy,0.2,2,3,1520,99.36122933749057,-18.677597175058548,2.308309143247122,2.0777013877759636,2.464221752974522
16,CS72_48h_sized+CS24_core_sized+FlushStd_sized+LiqBuy,0.2,2,5,1901,141.3067949904161,-20.239647903446723,2.6590249307651814,2.383478236776563,2.842853965035346
16,CS72_48h_sized+CS24_core_sized+FlushStd_sized+LiqBuy,0.2,2,8,2107,169.31578909279992,-24.91590314003004,2.6319625717378266,2.3177257566211935,2.857961592880309
16,CS72_48h_sized+CS24_core_sized+FlushStd_sized+LiqBuy,0.2,3,3,1567,124.0099873992099,-18.675123181092346,2.4362702287963303,2.359430821704064,2.5002418385157053
16,CS72_48h_sized+CS24_core_sized+FlushStd_sized+LiqBuy,0.2,3,5,1973,187.56209096257436,-20.237221430261332,2.841378448544731,2.822581001956604,2.8686235663595196
16,CS72_48h_sized+CS24_core_sized+FlushStd_sized+LiqBuy,0.2,3,8,2192,209.7797325599804,-24.915903140030082,2.7683764385815515,2.568884035210392,2.9087689326299646
16,CS72_48h_sized+CS24_core_sized+FlushStd_sized+LiqBuy,0.3,None,3,1567,219.50393332839724,-26.9762269901898,2.4309625485770407,2.3406894325963807,2.5022910439506925
16,CS72_48h_sized+CS24_core_sized+FlushStd_sized+LiqBuy,0.3,None,5,2041,401.6841132103323,-32.75741961692725,2.8299348171070644,2.8581060368333553,2.821474349859068
16,CS72_48h_sized+CS24_core_sized+FlushStd_sized+LiqBuy,0.3,None,8,2305,498.32172911687655,-37.37385471004509,2.8066358901627604,2.719423243840365,2.8678655491759186
16,CS72_48h_sized+CS24_core_sized+FlushStd_sized+LiqBuy,0.3,1,3,1424,140.96257561180488,-26.473048347899276,2.3650438205666364,2.308823451626638,2.4221417320131473
16,CS72_48h_sized+CS24_core_sized+FlushStd_sized+LiqBuy,0.3,1,5,1777,200.6322047596245,-28.4918437011207,2.5711365290348365,2.457764630628619,2.650671514197261
16,CS72_48h_sized+CS24_core_sized+FlushStd_sized+LiqBuy,0.3,1,8,1970,267.5172883059105,-38.916255830189364,2.5662723547281625,2.261054340890166,2.8020578776270626
16,CS72_48h_sized+CS24_core_sized+FlushStd_sized+LiqBuy,0.3,2,3,1520,171.28146892561972,-26.980916391379505,2.3068246339462437,2.064723895797237,2.4691608635313638
16,CS72_48h_sized+CS24_core_sized+FlushStd_sized+LiqBuy,0.3,2,5,1901,258.34125125133414,-28.98576744767046,2.6594540884638467,2.3719772527421505,2.8508019493012386
16,CS72_48h_sized+CS24_core_sized+FlushStd_sized+LiqBuy,0.3,2,8,2107,316.5352622398551,-37.37385471004509,2.633780324389807,2.3101509531756106,2.8668737305858034
16,CS72_48h_sized+CS24_core_sized+FlushStd_sized+LiqBuy,0.3,3,3,1567,219.50393332839724,-26.9762269901898,2.4309625485770407,2.3406894325963807,2.5022910439506925
16,CS72_48h_sized+CS24_core_sized+FlushStd_sized+LiqBuy,0.3,3,5,1973,359.13121764444355,-28.981206801190673,2.842634532546854,2.808636767678986,2.8781409999490117
16,CS72_48h_sized+CS24_core_sized+FlushStd_sized+LiqBuy,0.3,3,8,2192,406.58967292568445,-37.37385471004507,2.7678989741251776,2.5567479465675538,2.9171089630801332
16,CS72+FlushB,0.1,None,3,867,37.142207014498396,-14.511152858313302,2.132544952856621,1.709319244613521,2.406950541838079
16,CS72+FlushB,0.1,None,5,1057,45.04157166413507,-22.714118583511166,1.924289304770564,1.2931244261586323,2.295343954063909
16,CS72+FlushB,0.1,None,8,1138,47.60435240296332,-23.45712616211718,1.9373249023810737,1.4052170060981433,2.2581298138888948
16,CS72+FlushB,0.1,1,3,563,18.27409795891446,-7.7727522720453806,1.6241315380197314,1.3058469076758694,1.8214480945896292
16,CS72+FlushB,0.1,1,5,605,20.107230682028355,-7.7727522720453806,1.6867881397780113,1.3889832581658434,1.876417158204247
16,CS72+FlushB,0.1,1,8,617,20.83009345908209,-7.7727522720453806,1.7119360815751838,1.3943160277626216,1.913009523871098
16,CS72+FlushB,0.1,2,3,756,28.232549895051328,-11.945697576361825,1.8730214841228807,1.2981661941390794,2.218219179326594
16,CS72+FlushB,0.1,2,5,807,30.573638311855646,-11.945697576361825,1.9578969915875923,1.3944867777721055,2.296500118609951
16,CS72+FlushB,0.1,2,8,822,30.900948018919316,-11.945697576361825,1.9540081952529864,1.4015193947741456,2.2844443684148747
16,CS72+FlushB,0.1,3,3,867,37.142207014498396,-14.511152858313302,2.132544952856621,1.709319244613521,2.406950541838079
16,CS72+FlushB,0.1,3,5,928,38.13006240578321,-14.511152858313302,2.1471176939626373,1.674304310512258,2.450229398614498
16,CS72+FlushB,0.1,3,8,945,37.91417054932067,-14.511152858313302,2.1143692587026472,1.6910259556100014,2.3842884976594982
16,CS72+FlushB,0.15,None,3,867,58.84923164725673,-21.295649048117017,2.1262445301145023,1.6945274482336194,2.406239200185127
16,CS72+FlushB,0.15,None,5,1057,71.3043357626383,-32.508591927548004,1.9154438407187622,1.2655162025121651,2.2975333809985172
16,CS72+FlushB,0.15,None,8,1138,75.49228767709104,-33.48635313393133,1.926049194028392,1.3728096838369002,2.2592357854872076
16,CS72+FlushB,0.15,1,3,563,28.072518221157395,-11.487350741333135,1.6245423500925096,1.3067938391416503,1.8215973551941538
16,CS72+FlushB,0.15,1,5,605,30.982135217488448,-11.487350741333135,1.6865857760578786,1.3892236182471351,1.8759793189955287
16,CS72+FlushB,0.15,1,8,617,32.14791643091146,-11.487350741333135,1.7119271924695656,1.3944495695882908,1.9129174428323217
16,CS72+FlushB,0.15,2,3,756,44.05454994222342,-17.844310149988928,1.8708020438715156,1.2926252050459976,2.218075981351603
16,CS72+FlushB,0.15,2,5,807,47.95782895617282,-17.844310149988928,1.9559953995207702,1.3900397967017881,2.296212992188203
16,CS72+FlushB,0.15,2,8,822,48.478381456648535,-17.844310149988928,1.951889056784398,1.3968128285180217,2.2839038365533186
16,CS72+FlushB,0.15,3,3,867,58.84923164725673,-21.295649048117017,2.1262445301145023,1.6945274482336194,2.406239200185127
16,CS72+FlushB,0.15,3,5,928,60.5095393145882,-21.295649048117017,2.1406552009639985,1.6612725057151794,2.448181440424978
16,CS72+FlushB,0.15,3,8,945,60.09399843446324,-21.295649048117017,2.1077918826183444,1.6777373431147138,2.382017313657855
16,CS72+FlushB,0.2,None,3,867,82.70954233031054,-27.76275596952422,2.1197964618938783,1.6795378927940319,2.405433543897276
16,CS72+FlushB,0.2,None,5,1057,99.90661846834041,-41.3604553608885,1.9061124580223805,1.2372922854953712,2.299446793718086
16,CS72+FlushB,0.2,None,8,1138,105.88809412633839,-42.49159971578257,1.9143863229470717,1.3400658516528565,2.2601172109009773
16,CS72+FlushB,0.2,1,3,563,38.300009548492106,-15.08986893072015,1.6249554782280133,1.3077407905460272,1.8217505108540493
16,CS72+FlushB,0.2,1,5,605,42.39213904537191,-15.08986893072015,1.6864001962647117,1.3894781582828977,1.8755609573211065
16,CS72+FlushB,0.2,1,8,617,44.05801050343807,-15.08986893072015,1.711931849117076,1.3946004789591897,1.9128384345928953
16,CS72+FlushB,0.2,2,3,756,61.006806237677225,-23.6458924767729,1.8685354349069419,1.2871271097631451,2.2178350863754908
16,CS72+FlushB,0.2,2,5,807,66.76340124182245,-23.6458924767729,1.9540515900961135,1.3856106575324618,2.295851504099008
16,CS72+FlushB,0.2,2,8,822,67.4912987516099,-23.6458924767729,1.9497093353058783,1.392128551370354,2.2832594858222373
16,CS72+FlushB,0.2,3,3,867,82.70954233031054,-27.76275596952422,2.1197964618938783,1.6795378927940319,2.405433543897276
16,CS72+FlushB,0.2,3,5,928,85.17044526229434,-27.76275596952422,2.1340479340901415,1.6480222921271037,2.4460568997524827
16,CS72+FlushB,0.2,3,8,945,84.47024342329445,-27.76275596952422,2.101063727484684,1.6642320542150602,2.3796579601584344
16,CS72+FlushB,0.3,None,3,867,136.8841978078402,-39.74217015650201,2.1064736976929135,1.6489186573858228,2.4036078893788257
16,CS72+FlushB,0.3,None,5,1057,163.08309413527348,-57.53639761505871,1.8859292057398818,1.1786252521493492,2.3025877373086914
16,CS72+FlushB,0.3,None,8,1138,172.83117803137492,-57.73292347664678,1.8898080699795425,1.2732492495747372,2.261315540353357
16,CS72+FlushB,0.3,1,3,563,59.98739277247074,-21.96616260419565,1.6257935133798314,1.3096364884139615,1.8220750906069298
16,CS72+FlushB,0.3,1,5,605,66.75376821246945,-21.96616260419565,1.686083208040425,1.3900297080166084,1.874788512238726
16,CS72+FlushB,0.3,1,8,617,69.59737031120467,-21.96616260419565,1.7119853084060306,1.3949537789188515,1.9127252257286294
16,CS72+FlushB,0.3,2,3,756,98.19643750733897,-34.8338899119381,1.8638857626237368,1.2762504680637186,2.2171048847868438
16,CS72+FlushB,0.3,2,5,807,108.61329852819743,-34.8338899119381,1.9500626510934858,1.3767984733351009,2.294949628332617
16,CS72+FlushB,0.3,2,8,822,109.77101387734626,-34.8338899119381,1.945189325579694,1.3828190287188389,2.281696454849645
16,CS72+FlushB,0.3,3,3,867,136.8841978078402,-39.74217015650201,2.1064736976929135,1.6489186573858228,2.4036078893788257
16,CS72+FlushB,0.3,3,5,928,141.34155499613848,-39.74217015650201,2.1204166780764035,1.6208224304869892,2.441647511565183
16,CS72+FlushB,0.3,3,8,945,139.72958360630506,-39.74217015650201,2.0871690764460147,1.636526774216562,2.3747347648932555
