panel,combo,size,flushcap,maxopen,n,cagr_pct,maxdd_pct,sharpe,sharpe_train,sharpe_test
30,CS72+FlushB,0.1,None,3,1223,41.18541635262724,-18.273264685778045,1.9653647404571832,1.613548382442813,2.188258908308455
30,CS72+FlushB,0.1,None,5,1654,72.70907308215995,-22.966422066988514,2.450174573227969,1.7118569930703178,2.8974550194102835
30,CS72+FlushB,0.1,None,8,1940,87.83857613366702,-28.800217381028414,2.4414091901833808,1.3025860885575105,3.1287366554290625
30,CS72+FlushB,0.1,1,3,784,22.38106035217051,-8.877626015929351,1.6774162838861453,1.6586426575978226,1.7186227975192352
30,CS72+FlushB,0.1,1,5,911,29.69763419674112,-11.49623971754008,1.949320063549673,1.6513588525290437,2.145629681691108
30,CS72+FlushB,0.1,1,8,977,32.77839095919146,-12.340686440110805,1.9802079127681949,1.6023702092021954,2.22034600467383
30,CS72+FlushB,0.1,2,3,1049,28.52424661302657,-16.983442190699837,1.6688650729367676,1.4947368424730156,1.784902308453628
30,CS72+FlushB,0.1,2,5,1210,34.52329325072265,-16.983442190699837,1.8468989299457907,1.3193376077705383,2.1616427612001723
30,CS72+FlushB,0.1,2,8,1291,42.18453701882561,-16.983442190699837,2.073008348022989,1.4726460818564395,2.4273522238528997
30,CS72+FlushB,0.1,3,3,1223,41.18541635262724,-18.273264685778045,1.9653647404571832,1.613548382442813,2.188258908308455
30,CS72+FlushB,0.1,3,5,1423,47.05728810587002,-18.273264685778045,2.0578453316193888,1.444473731474171,2.423009815277494
30,CS72+FlushB,0.1,3,8,1519,55.560026501756354,-18.273264685778045,2.2525315325445896,1.5622849566633996,2.65922152135562
30,CS72+FlushB,0.15,None,3,1223,64.78470465743446,-27.028204490261732,1.955249828108716,1.5943718343668458,2.1838577845689904
30,CS72+FlushB,0.15,None,5,1654,120.37381925380326,-33.01529693904294,2.4289059440713388,1.6703650656591011,2.8885042955889544
30,CS72+FlushB,0.15,None,8,1940,146.53809822394126,-41.84365078214031,2.4087322042251182,1.2369042332909463,3.123017368435096
30,CS72+FlushB,0.15,1,3,784,34.595633770734246,-13.128083780307808,1.6787782703875405,1.659266721854493,1.720425851242711
30,CS72+FlushB,0.15,1,5,911,46.51328757935127,-16.990094676188495,1.945942011257463,1.6498062452994964,2.141256727241209
30,CS72+FlushB,0.15,1,8,977,51.39711189264715,-18.19795144533036,1.9727684822910831,1.6013041545318154,2.209567054555111
30,CS72+FlushB,0.15,2,3,1049,43.846475532817905,-24.919705622957,1.6618171537073374,1.4872344556667108,1.7779109255181988
30,CS72+FlushB,0.15,2,5,1210,53.81156517762078,-24.919705622957,1.8397371773327855,1.3093082225183785,2.1565232684326
30,CS72+FlushB,0.15,2,8,1291,66.74070512400579,-24.919705622957,2.0628036325590484,1.4641988330657827,2.4165682332823284
30,CS72+FlushB,0.15,3,3,1223,64.78470465743446,-27.028204490261732,1.955249828108716,1.5943718343668458,2.1838577845689904
30,CS72+FlushB,0.15,3,5,1423,74.86933334779255,-27.028204490261732,2.0490493230580444,1.424014677407851,2.421443789231331
30,CS72+FlushB,0.15,3,8,1519,89.82224084171813,-27.028204490261732,2.2420484483339442,1.5432602547822618,2.654066105233578
30,CS72+FlushB,0.2,None,3,1223,90.18298794122192,-35.46321127086459,1.9446982425067163,1.5751254585245809,2.1788987255167824
30,CS72+FlushB,0.2,None,5,1654,175.98683709999437,-42.1554368340027,2.4073534513775603,1.6281378113176233,2.879691892744268
30,CS72+FlushB,0.2,None,8,1940,214.69771845214206,-54.848447001227264,2.3739067591617395,1.1694318491659705,3.116652406675887
30,CS72+FlushB,0.2,1,3,784,47.4639136465568,-17.255581615608207,1.6801850516064762,1.65989401807628,1.7223024051671203
30,CS72+FlushB,0.2,1,5,911,64.63470780588834,-22.312348770879197,1.9425835010053611,1.6482762783428657,2.1369073772668856
30,CS72+FlushB,0.2,1,8,977,71.45944926709387,-23.842667295203956,1.9653486038630557,1.6003022106938942,2.1987963975422717
30,CS72+FlushB,0.2,2,3,1049,59.70699026522788,-32.44325787965796,1.6547115109622916,1.479637014014501,1.7709267171560084
30,CS72+FlushB,0.2,2,5,1210,74.30106286436762,-32.44325787965796,1.8325436924828526,1.2992474864571646,2.151354622398177
30,CS72+FlushB,0.2,2,8,1291,93.51227739888562,-32.44325787965796,2.0525405152432294,1.4557514121314314,2.4056653735477367
30,CS72+FlushB,0.2,3,3,1223,90.18298794122192,-35.46321127086459,1.9446982425067163,1.5751254585245809,2.1788987255167824
30,CS72+FlushB,0.2,3,5,1423,105.40648468676106,-35.46321127086459,2.03990432092992,1.4035317247536636,2.4194057767222734
30,CS72+FlushB,0.2,3,8,1519,128.48128920435465,-35.46321127086459,2.2311661881832903,1.5242398919921272,2.6483320923038303
30,CS72+FlushB,0.3,None,3,1223,145.27575689560823,-50.94368454140425,1.9225135425655646,1.5363201222649387,2.167683126732148
30,CS72+FlushB,0.3,None,5,1654,309.9091365103032,-60.57157283338748,2.363061147356724,1.5408294709518777,2.862434839930149
30,CS72+FlushB,0.3,None,8,1940,370.842751861361,-76.4620642079304,2.296640176649312,1.0300862526827141,3.1022914813107296
30,CS72+FlushB,0.3,1,3,784,75.01860429447729,-25.450205926965285,1.683147301651524,1.6611594057276338,1.7262979376438314
30,CS72+FlushB,0.3,1,5,911,104.65063665709367,-32.43655764725272,1.9359292366047527,1.6452794199241292,2.128288533937566
30,CS72+FlushB,0.3,1,8,977,115.59347005524971,-34.48580431838268,1.9505487523263854,1.5984967667779097,2.177248835359209
30,CS72+FlushB,0.3,2,3,1049,92.3805476640706,-46.17012129156031,1.6403844780038832,1.464144980342346,1.7570514298097615
30,CS72+FlushB,0.3,2,5,1210,118.17936377027914,-46.17012129156031,1.8181458502132746,1.2790098663915732,2.141017462051286
30,CS72+FlushB,0.3,2,8,1291,152.98986788571818,-46.17012129156031,2.0319182081518874,1.438845059447943,2.3836370865718663
30,CS72+FlushB,0.3,3,3,1223,145.27575689560823,-50.94368454140425,1.9225135425655646,1.5363201222649387,2.167683126732148
30,CS72+FlushB,0.3,3,5,1423,173.62102327719953,-50.94368454140425,2.0207942962646026,1.3623951031122088,2.4143067540209096
30,CS72+FlushB,0.3,3,8,1519,218.28728886914982,-50.94368454140425,2.2084501034903457,1.4861216551098224,2.6355441363626446
30,CS72+FlushB+BigLong,0.1,None,3,1335,42.879789445521,-18.273264685778035,1.9518689929087212,1.6814194971903085,2.1276771274154034
30,CS72+FlushB+BigLong,0.1,None,5,1867,67.70833868928501,-22.9664220669885,2.1870434098960563,1.4970797898065,2.5923385872647593
30,CS72+FlushB+BigLong,0.1,None,8,2277,88.47658427146146,-28.800217381028414,2.2715041768649424,1.2848077203139483,2.8486887777361862
30,CS72+FlushB+BigLong,0.1,1,3,1033,43.34573884304691,-11.089421041153635,2.1447561477114743,1.6470996397740265,2.449244565569692
30,CS72+FlushB+BigLong,0.1,1,5,1297,50.512259366889346,-12.688069971649652,2.001912084654402,1.2318029960816375,2.4179268816120927
30,CS72+FlushB+BigLong,0.1,1,8,1476,60.6075225278441,-13.801532474386825,2.2259496754420818,1.4926855136703014,2.6382739908211565
30,CS72+FlushB+BigLong,0.1,2,3,1216,46.02318685656401,-16.98344219069986,2.029744370620039,1.6987019895223676,2.242513980844008
30,CS72+FlushB+BigLong,0.1,2,5,1539,51.49954525608542,-16.983442190699815,2.008679265260737,1.3048755725548182,2.400955501894709
30,CS72+FlushB+BigLong,0.1,2,8,1745,58.96506887917472,-17.128134326531296,2.0552056793612246,1.186132187558848,2.523887100708512
30,CS72+FlushB+BigLong,0.1,3,3,1335,42.879789445521,-18.273264685778035,1.9518689929087212,1.6814194971903085,2.1276771274154034
30,CS72+FlushB+BigLong,0.1,3,5,1707,53.63141042285036,-18.273264685778056,2.095825380822576,1.2802784066372561,2.5737032874407517
30,CS72+FlushB+BigLong,0.1,3,8,1940,70.51800806682209,-18.273264685778056,2.115781564987215,1.4547658908166814,2.49246358614388
30,CS72+FlushB+BigLong,0.15,None,3,1335,67.43656177111725,-27.02820449026172,1.9389176587082095,1.6615220713857068,2.119137990707938
30,CS72+FlushB+BigLong,0.15,None,5,1867,109.82121061615277,-33.01529693904295,2.161370662892868,1.4562603058478811,2.575127183977599
30,CS72+FlushB+BigLong,0.15,None,8,2277,145.6493084630551,-41.84365078214027,2.233550801410902,1.2191443309721375,2.8302684357023478
30,CS72+FlushB+BigLong,0.15,1,3,1033,69.28687753709659,-16.343804413814965,2.1425079544281207,1.6439729846768385,2.447161448200176
30,CS72+FlushB+BigLong,0.15,1,5,1297,80.30948864893139,-18.48762974994902,1.9959399412696537,1.2304165860506322,2.4101970022599333
30,CS72+FlushB+BigLong,0.15,1,8,1476,98.05557253367454,-20.102925097865988,2.2177869685150684,1.4851201954505169,2.629265774418209
30,CS72+FlushB+BigLong,0.15,2,3,1216,73.1276213678867,-24.919705622957046,2.0247139099759432,1.68704560087705,2.2404098061138624
30,CS72+FlushB+BigLong,0.15,2,5,1539,81.41576701875468,-24.91970562295691,1.9980702965320984,1.2897101273788414,2.3929421299898217
30,CS72+FlushB+BigLong,0.15,2,8,1745,94.1097022554749,-24.91970562295691,2.0395539833907197,1.1686899934148753,2.509594084437653
30,CS72+FlushB+BigLong,0.15,3,3,1335,67.43656177111725,-27.02820449026172,1.9389176587082095,1.6615220713857068,2.119137990707938
30,CS72+FlushB+BigLong,0.15,3,5,1707,85.0758065005719,-27.028204490261853,2.0738374628396183,1.2576673594835859,2.5535962910846752
30,CS72+FlushB+BigLong,0.15,3,8,1940,114.51951716460358,-27.028204490261853,2.096344431769358,1.4315701315845282,2.474224913937077
30,CS72+FlushB+BigLong,0.2,None,3,1335,93.82061800990431,-35.46321127086461,1.9258332228709603,1.6415965807715163,2.11046718165728
30,CS72+FlushB+BigLong,0.2,None,5,1867,156.96687046049584,-42.15543683400275,2.1356455474883784,1.4148396513979735,2.55828086978876
30,CS72+FlushB+BigLong,0.2,None,8,2277,209.9610034428123,-54.848447001227264,2.194651215614863,1.1519041689244494,2.812358819005079
30,CS72+FlushB+BigLong,0.2,1,3,1033,98.2472372820469,-21.402431270659584,2.1401594548912652,1.6408864393097293,2.444935827015205
30,CS72+FlushB+BigLong,0.2,1,5,1297,113.03812892936129,-24.035475492803105,1.9898570702621787,1.2289446090555192,2.4023141853815604
30,CS72+FlushB+BigLong,0.2,1,8,1476,140.37210083261945,-26.12267058681088,2.2092468705531747,1.4775787561123879,2.6197510295436857
30,CS72+FlushB+BigLong,0.2,2,3,1216,102.92429543392339,-32.44325787965796,2.0193397843615397,1.6753653304953318,2.237910847362281
30,CS72+FlushB+BigLong,0.2,2,5,1539,113.75861355066101,-32.44325787965793,1.986960474346187,1.274613896000181,2.384212665097511
30,CS72+FlushB+BigLong,0.2,2,8,1745,132.6396574417831,-32.44325787965793,2.024103494303197,1.1513909240257325,2.4954883946275292
30,CS72+FlushB+BigLong,0.2,3,3,1335,93.82061800990431,-35.46321127086461,1.9258332228709603,1.6415965807715163,2.11046718165728
30,CS72+FlushB+BigLong,0.2,3,5,1707,119.10648773390471,-35.46321127086461,2.052063110340666,1.2351308707279756,2.5337173545810527
30,CS72+FlushB+BigLong,0.2,3,8,1940,164.00793229429692,-35.46321127086461,2.077263387906037,1.408457710190571,2.456505859779942
30,CS72+FlushB+BigLong,0.3,None,3,1335,150.80903949280193,-50.94368454140423,1.8994282252056152,1.601539578239905,2.093024128349454
30,CS72+FlushB+BigLong,0.3,None,5,1867,262.5782125671217,-60.57157283338748,2.0838159292321765,1.3296086337618849,2.5257379574605427
30,CS72+FlushB+BigLong,0.3,None,8,2277,348.09937118327065,-76.46206420793045,2.1129829299526377,1.013631425602243,2.77797615261409
30,CS72+FlushB+BigLong,0.3,1,3,1033,165.54997314997095,-30.929961536181427,2.1353227948107185,1.6348434250907982,2.4402784105538977
30,CS72+FlushB+BigLong,0.3,1,5,1297,186.51803781423018,-34.79186470543287,1.977637254754765,1.2257767202430028,2.3864821873868003
30,CS72+FlushB+BigLong,0.3,1,8,1476,239.11432898058322,-37.73384406904751,2.1913809554105876,1.4625695629101985,2.5996533498340537
30,CS72+FlushB+BigLong,0.3,2,3,1216,170.06063327023563,-46.17012129156034,2.0078524569197387,1.6518809552417861,2.2321148286221217
30,CS72+FlushB+BigLong,0.3,2,5,1539,184.00073014295864,-46.17012129156032,1.963818827891621,1.2446158824801858,2.365404715577716
30,CS72+FlushB+BigLong,0.3,2,8,1745,217.65298620281274,-46.17012129156032,1.9938705057226684,1.1171764818660819,2.4679801016583642
30,CS72+FlushB+BigLong,0.3,3,3,1335,150.80903949280193,-50.94368454140423,1.8994282252056152,1.601539578239905,2.093024128349454
30,CS72+FlushB+BigLong,0.3,3,5,1707,192.42723720099787,-50.9436845414043,2.0091255526598233,1.1902076247204583,2.494680088806298
30,CS72+FlushB+BigLong,0.3,3,8,1940,276.4905085155419,-50.9436845414043,2.040113833106298,1.3624017558149697,2.422566193811509
30,FlushB,0.1,None,3,962,34.2541207147032,-18.273264685778045,1.717373647726984,1.5220820201338356,1.846270990500558
30,FlushB,0.1,None,5,1230,57.298937629090396,-22.966422066988514,2.124735037070103,1.7237320900295843,2.377768579189842
30,FlushB,0.1,None,8,1399,62.821725780207856,-28.800217381028414,1.9828320292959605,1.2631098401500276,2.424500524634818
30,FlushB,0.1,1,3,410,15.926201626159632,-7.644190680560136,1.4825979554851536,1.6541284800282128,1.3873850168193664
30,FlushB,0.1,1,5,410,15.926201626159632,-7.644190680560136,1.4825979554851536,1.6541284800282128,1.3873850168193664
30,FlushB,0.1,1,8,410,15.926201626159632,-7.644190680560136,1.4825979554851536,1.6541284800282128,1.3873850168193664
30,FlushB,0.1,2,3,731,23.373101750050296,-16.983442190699837,1.5116822694619816,1.4228616436508226,1.5735533595739548
30,FlushB,0.1,2,5,731,23.373101750050296,-16.983442190699837,1.5116822694619816,1.4228616436508226,1.5735533595739548
30,FlushB,0.1,2,8,731,23.373101750050296,-16.983442190699837,1.5116822694619816,1.4228616436508226,1.5735533595739548
30,FlushB,0.1,3,3,962,34.2541207147032,-18.273264685778045,1.717373647726984,1.5220820201338356,1.846270990500558
30,FlushB,0.1,3,5,962,34.2541207147032,-18.273264685778045,1.717373647726984,1.5220820201338356,1.846270990500558
30,FlushB,0.1,3,8,962,34.2541207147032,-18.273264685778045,1.717373647726984,1.5220820201338356,1.846270990500558
30,FlushB,0.15,None,3,962,52.887312299528475,-27.028204490261732,1.7068510158378294,1.5015720645521566,1.841431308636716
30,FlushB,0.15,None,5,1230,91.85749241515269,-33.01529693904294,2.1018119989032815,1.68246742682791,2.3657698440888737
30,FlushB,0.15,None,8,1399,99.55519552368357,-41.84365078214031,1.948867800164064,1.1957198024768108,2.415004487763775
30,FlushB,0.15,1,3,410,24.29301481168855,-11.35194414936872,1.4825979554851532,1.654128480028211,1.3873850168193675
30,FlushB,0.15,1,5,410,24.29301481168855,-11.35194414936872,1.4825979554851532,1.654128480028211,1.3873850168193675
30,FlushB,0.15,1,8,410,24.29301481168855,-11.35194414936872,1.4825979554851532,1.654128480028211,1.3873850168193675
30,FlushB,0.15,2,3,731,35.47388383831323,-24.919705622957,1.503922957314525,1.4140543700053212,1.5661529707755437
30,FlushB,0.15,2,5,731,35.47388383831323,-24.919705622957,1.503922957314525,1.4140543700053212,1.5661529707755437
30,FlushB,0.15,2,8,731,35.47388383831323,-24.919705622957,1.503922957314525,1.4140543700053212,1.5661529707755437
30,FlushB,0.15,3,3,962,52.887312299528475,-27.028204490261732,1.7068510158378294,1.5015720645521566,1.841431308636716
30,FlushB,0.15,3,5,962,52.887312299528475,-27.028204490261732,1.7068510158378294,1.5015720645521566,1.841431308636716
30,FlushB,0.15,3,8,962,52.887312299528475,-27.028204490261732,1.7068510158378294,1.5015720645521566,1.841431308636716
30,FlushB,0.2,None,3,962,72.23688940738032,-35.46321127086459,1.6959028769245148,1.480980070257712,1.83611389942542
30,FlushB,0.2,None,5,1230,129.90339105615246,-42.1554368340027,2.07855042515121,1.64039855191984,2.3538589213803243
30,FlushB,0.2,None,8,1399,138.28251985860663,-54.848447001227264,1.9130938327302809,1.126546652944291,2.4050941073188405
30,FlushB,0.2,1,3,410,32.90155154071637,-14.980250611405543,1.4825979554851536,1.6541284800282128,1.3873850168193673
30,FlushB,0.2,1,5,410,32.90155154071637,-14.980250611405543,1.4825979554851536,1.6541284800282128,1.3873850168193673
30,FlushB,0.2,1,8,410,32.90155154071637,-14.980250611405543,1.4825979554851536,1.6541284800282128,1.3873850168193673
30,FlushB,0.2,2,3,731,47.7103416421314,-32.44325787965796,1.4960638045989,1.405150513735625,1.5587175927488957
30,FlushB,0.2,2,5,731,47.7103416421314,-32.44325787965796,1.4960638045989,1.405150513735625,1.5587175927488957
30,FlushB,0.2,2,8,731,47.7103416421314,-32.44325787965796,1.4960638045989,1.405150513735625,1.5587175927488957
30,FlushB,0.2,3,3,962,72.23688940738032,-35.46321127086459,1.6959028769245148,1.480980070257712,1.83611389942542
30,FlushB,0.2,3,5,962,72.23688940738032,-35.46321127086459,1.6959028769245148,1.480980070257712,1.83611389942542
30,FlushB,0.2,3,8,962,72.23688940738032,-35.46321127086459,1.6959028769245148,1.480980070257712,1.83611389942542
30,FlushB,0.3,None,3,962,111.94005029654339,-50.94368454140425,1.6729043725439818,1.4394468520234012,1.824310973631462
30,FlushB,0.3,None,5,1230,213.47307007273892,-60.57157283338748,2.030649896134581,1.5531919642051364,2.3301805671322255
30,FlushB,0.3,None,8,1399,213.4456308826437,-76.4620642079304,1.8353133729462634,0.9840004506344909,2.384146419935525
30,FlushB,0.3,1,3,410,50.74486617489256,-21.99039250704424,1.4825979554851545,1.654128480028213,1.3873850168193675
30,FlushB,0.3,1,5,410,50.74486617489256,-21.99039250704424,1.4825979554851545,1.654128480028213,1.3873850168193675
30,FlushB,0.3,1,8,410,50.74486617489256,-21.99039250704424,1.4825979554851545,1.654128480028213,1.3873850168193675
30,FlushB,0.3,2,3,731,72.0961596032081,-46.17012129156031,1.4800979664849816,1.3870350738948338,1.5437967234991556
30,FlushB,0.3,2,5,731,72.0961596032081,-46.17012129156031,1.4800979664849816,1.3870350738948338,1.5437967234991556
30,FlushB,0.3,2,8,731,72.0961596032081,-46.17012129156031,1.4800979664849816,1.3870350738948338,1.5437967234991556
30,FlushB,0.3,3,3,962,111.94005029654339,-50.94368454140425,1.6729043725439818,1.4394468520234012,1.824310973631462
30,FlushB,0.3,3,5,962,111.94005029654339,-50.94368454140425,1.6729043725439818,1.4394468520234012,1.824310973631462
30,FlushB,0.3,3,8,962,111.94005029654339,-50.94368454140425,1.6729043725439818,1.4394468520234012,1.824310973631462
30,FlushB_nocomp,0.1,None,3,690,35.396196710088624,-17.646271607124874,1.8325455988080595,1.549211888414023,2.0132593838719743
30,FlushB_nocomp,0.1,None,5,890,58.35325285976975,-16.19418038467447,2.2100340406724395,1.7145278275595093,2.511178870407355
30,FlushB_nocomp,0.1,None,8,1028,65.46558914482112,-25.319416155049336,2.0903708494170847,1.372178483322837,2.5121916701402616
30,FlushB_nocomp,0.1,1,3,303,16.278631483672434,-9.174958722501291,1.3638474768607998,1.1894284936442991,1.4914419313815959
30,FlushB_nocomp,0.1,1,5,303,16.278631483672434,-9.174958722501291,1.3638474768607998,1.1894284936442991,1.4914419313815959
30,FlushB_nocomp,0.1,1,8,303,16.278631483672434,-9.174958722501291,1.3638474768607998,1.1894284936442991,1.4914419313815959
30,FlushB_nocomp,0.1,2,3,526,24.125819781342138,-16.939747070263056,1.5114507251744331,1.1827635189878642,1.7121316503894928
30,FlushB_nocomp,0.1,2,5,526,24.125819781342138,-16.939747070263056,1.5114507251744331,1.1827635189878642,1.7121316503894928
30,FlushB_nocomp,0.1,2,8,526,24.125819781342138,-16.939747070263056,1.5114507251744331,1.1827635189878642,1.7121316503894928
30,FlushB_nocomp,0.1,3,3,690,35.396196710088624,-17.646271607124874,1.8325455988080595,1.549211888414023,2.0132593838719743
30,FlushB_nocomp,0.1,3,5,690,35.396196710088624,-17.646271607124874,1.8325455988080595,1.549211888414023,2.0132593838719743
30,FlushB_nocomp,0.1,3,8,690,35.396196710088624,-17.646271607124874,1.8325455988080595,1.549211888414023,2.0132593838719743
30,FlushB_nocomp,0.15,None,3,690,55.46731248852168,-25.781465607118335,1.8276051989426048,1.5367441475513917,2.0122377692382396
30,FlushB_nocomp,0.15,None,5,890,94.67019878763591,-24.40925755943779,2.1935650776139166,1.6833310180786711,2.5026121961738097
30,FlushB_nocomp,0.15,None,8,1028,105.62331757270825,-37.12996496268519,2.063682398933946,1.312020865492235,2.5074833198703796
30,FlushB_nocomp,0.15,1,3,303,24.813735568760563,-13.557701352916885,1.3638474768608009,1.1894284936442945,1.4914419313815999
30,FlushB_nocomp,0.15,1,5,303,24.813735568760563,-13.557701352916885,1.3638474768608009,1.1894284936442945,1.4914419313815999
30,FlushB_nocomp,0.15,1,8,303,24.813735568760563,-13.557701352916885,1.3638474768608009,1.1894284936442945,1.4914419313815999
30,FlushB_nocomp,0.15,2,3,526,36.92612605932703,-24.717603386152444,1.507307530200913,1.1767470871927679,1.7092115058475992
30,FlushB_nocomp,0.15,2,5,526,36.92612605932703,-24.717603386152444,1.507307530200913,1.1767470871927679,1.7092115058475992
30,FlushB_nocomp,0.15,2,8,526,36.92612605932703,-24.717603386152444,1.507307530200913,1.1767470871927679,1.7092115058475992
30,FlushB_nocomp,0.15,3,3,690,55.46731248852168,-25.781465607118335,1.8276051989426048,1.5367441475513917,2.0122377692382396
30,FlushB_nocomp,0.15,3,5,690,55.46731248852168,-25.781465607118335,1.8276051989426048,1.5367441475513917,2.0122377692382396
30,FlushB_nocomp,0.15,3,8,690,55.46731248852168,-25.781465607118335,1.8276051989426048,1.5367441475513917,2.0122377692382396
30,FlushB_nocomp,0.2,None,3,690,77.05168413756802,-33.440939015137374,1.8224363065745346,1.5240879420728526,2.0110422719157195
30,FlushB_nocomp,0.2,None,5,890,135.8322077910687,-32.91126313709151,2.176676208756751,1.651051477505803,2.494138784272682
30,FlushB_nocomp,0.2,None,8,1028,149.90984534589725,-48.20572465247831,2.034715017408747,1.2491074433872777,2.5022565389200246
30,FlushB_nocomp,0.2,1,3,303,33.592236231164605,-17.80288523632272,1.3638474768608009,1.1894284936442983,1.4914419313815985
30,FlushB_nocomp,0.2,1,5,303,33.592236231164605,-17.80288523632272,1.3638474768608009,1.1894284936442983,1.4914419313815985
30,FlushB_nocomp,0.2,1,8,303,33.592236231164605,-17.80288523632272,1.3638474768608009,1.1894284936442983,1.4914419313815985
30,FlushB_nocomp,0.2,2,3,526,50.12103161880799,-32.031068149059486,1.502943063794106,1.1705840523301574,1.7060427272648133
30,FlushB_nocomp,0.2,2,5,526,50.12103161880799,-32.031068149059486,1.502943063794106,1.1705840523301574,1.7060427272648133
30,FlushB_nocomp,0.2,2,8,526,50.12103161880799,-32.031068149059486,1.502943063794106,1.1705840523301574,1.7060427272648133
30,FlushB_nocomp,0.2,3,3,690,77.05168413756802,-33.440939015137374,1.8224363065745346,1.5240879420728526,2.0110422719157195
30,FlushB_nocomp,0.2,3,5,690,77.05168413756802,-33.440939015137374,1.8224363065745346,1.5240879420728526,2.0110422719157195
30,FlushB_nocomp,0.2,3,8,690,77.05168413756802,-33.440939015137374,1.8224363065745346,1.5240879420728526,2.0110422719157195
30,FlushB_nocomp,0.3,None,3,690,124.3248583510423,-47.31001454622699,1.8114462062596715,1.4981499789761128,2.0081856281124444
30,FlushB_nocomp,0.3,None,5,890,231.68673158348224,-49.79647873879769,2.14127485289501,1.5825170783736977,2.477384902067496
30,FlushB_nocomp,0.3,None,8,1028,244.54888889896887,-69.1415888674403,1.9688308991380203,1.1157385038118166,2.4904142125469093
30,FlushB_nocomp,0.3,1,3,303,51.80542822377243,-25.87963265391172,1.3638474768608,1.1894284936442967,1.4914419313815976
30,FlushB_nocomp,0.3,1,5,303,51.80542822377243,-25.87963265391172,1.3638474768608,1.1894284936442967,1.4914419313815976
30,FlushB_nocomp,0.3,1,8,303,51.80542822377243,-25.87963265391172,1.3638474768608,1.1894284936442967,1.4914419313815976
30,FlushB_nocomp,0.3,2,3,526,77.32946081228407,-45.274802353429045,1.4936471785750705,1.157802313690858,1.6991109509059024
30,FlushB_nocomp,0.3,2,5,526,77.32946081228407,-45.274802353429045,1.4936471785750705,1.157802313690858,1.6991109509059024
30,FlushB_nocomp,0.3,2,8,526,77.32946081228407,-45.274802353429045,1.4936471785750705,1.157802313690858,1.6991109509059024
30,FlushB_nocomp,0.3,3,3,690,124.3248583510423,-47.31001454622699,1.8114462062596715,1.4981499789761128,2.0081856281124444
30,FlushB_nocomp,0.3,3,5,690,124.3248583510423,-47.31001454622699,1.8114462062596715,1.4981499789761128,2.0081856281124444
30,FlushB_nocomp,0.3,3,8,690,124.3248583510423,-47.31001454622699,1.8114462062596715,1.4981499789761128,2.0081856281124444
30,CS72+FlushB_nocomp,0.1,None,3,995,39.475078812339426,-17.646271607124874,2.037077762263159,1.530432255971706,2.349911274604378
30,CS72+FlushB_nocomp,0.1,None,5,1339,75.94191105087367,-16.19418038467447,2.5443896456649875,1.6193906901510227,3.0733795230838608
30,CS72+FlushB_nocomp,0.1,None,8,1578,91.77151153085852,-25.319416155049336,2.557647216280577,1.3971961972938776,3.222452121429754
30,CS72+FlushB_nocomp,0.1,1,3,694,18.92027879986835,-9.804966353080058,1.4944798934964616,1.2809495073457136,1.6377113187119763
30,CS72+FlushB_nocomp,0.1,1,5,809,29.717452511862042,-9.874761039804858,1.7979562291209525,1.2074720127874092,2.1276516258079536
30,CS72+FlushB_nocomp,0.1,1,8,873,33.58252409841738,-11.97566886393603,1.9215366899096653,1.1782729351661534,2.318740225735763
30,CS72+FlushB_nocomp,0.1,2,3,875,28.67747262923539,-16.939747070263056,1.7552640300724438,1.249425771342288,2.061435264386457
30,CS72+FlushB_nocomp,0.1,2,5,1020,38.42892856526217,-16.939747070263056,1.9169899353553261,1.1885878312497953,2.320121687318707
30,CS72+FlushB_nocomp,0.1,2,8,1092,43.382533083279796,-16.939747070263056,2.06392794788258,1.2332088155798624,2.519434407343625
30,CS72+FlushB_nocomp,0.1,3,3,995,39.475078812339426,-17.646271607124874,2.037077762263159,1.530432255971706,2.349911274604378
30,CS72+FlushB_nocomp,0.1,3,5,1173,51.75497660858031,-17.646271607124874,2.2136553783742214,1.482992441145489,2.6312972407086925
30,CS72+FlushB_nocomp,0.1,3,8,1254,56.86215422582668,-17.646271607124874,2.338789474827905,1.5638981717257512,2.7797585548729535
30,CS72+FlushB_nocomp,0.15,None,3,995,62.47690895646907,-25.781465607118335,2.0310016517468243,1.5186961907224146,2.3479684028880805
30,CS72+FlushB_nocomp,0.15,None,5,1339,127.33977102804701,-24.40925755943779,2.5265537491833854,1.587720856373867,3.063230036620283
30,CS72+FlushB_nocomp,0.15,None,8,1578,155.4936096670736,-37.12996496268519,2.529387276481489,1.3377165531932131,3.217215172106216
30,CS72+FlushB_nocomp,0.15,1,3,694,28.922919853793626,-14.649808983358415,1.491202969640492,1.2785135345690095,1.6339743860617078
30,CS72+FlushB_nocomp,0.15,1,5,809,46.43872432306853,-14.657026554745467,1.7914567807527357,1.2041175573182386,2.1195807501360755
30,CS72+FlushB_nocomp,0.15,1,8,873,52.67870051596546,-17.67050647747681,1.9098393239911104,1.1749610282276266,2.303052117170593
30,CS72+FlushB_nocomp,0.15,2,3,875,44.41551026627468,-24.717603386152444,1.750245215544558,1.2406371333746398,2.059356110806327
30,CS72+FlushB_nocomp,0.15,2,5,1020,60.67622618110393,-24.717603386152444,1.9102668658446837,1.179725739012826,2.314425243414016
30,CS72+FlushB_nocomp,0.15,2,8,1092,69.02550212120767,-24.717603386152444,2.053467697307033,1.2252638348449538,2.5078076543235444
30,CS72+FlushB_nocomp,0.15,3,3,995,62.47690895646907,-25.781465607118335,2.0310016517468243,1.5186961907224146,2.3479684028880805
30,CS72+FlushB_nocomp,0.15,3,5,1173,83.76623099870031,-25.781465607118335,2.20554080225648,1.4699248554310473,2.6257503113204734
30,CS72+FlushB_nocomp,0.15,3,8,1254,92.7957258698513,-25.781465607118335,2.3284814082446963,1.5498194355348383,2.7713534075417168
30,CS72+FlushB_nocomp,0.2,None,3,995,87.6499800113608,-33.440939015137374,2.024705522851567,1.5067144243600472,2.345839270792167
30,CS72+FlushB_nocomp,0.2,None,5,1339,188.9528420547931,-32.91126313709151,2.508326630805599,1.5550843950945898,3.053078526307518
30,CS72+FlushB_nocomp,0.2,None,8,1578,232.05741527137275,-48.20572465247831,2.498609130697965,1.275580873682571,3.211165560291109
30,CS72+FlushB_nocomp,0.2,1,3,694,39.22776724045451,-19.438643983737293,1.48793369424779,1.2760819571991178,1.6302504425596092
30,CS72+FlushB_nocomp,0.2,1,5,809,64.38317574240465,-19.33061554321488,1.7849154580223856,1.2008311328221322,2.1114308928314975
30,CS72+FlushB_nocomp,0.2,1,8,873,73.26815675402337,-23.16576830672117,1.898176557091941,1.171730941264413,2.28738296507583
30,CS72+FlushB_nocomp,0.2,2,3,875,60.98744422774631,-32.031068149059486,1.745015671872436,1.2317540753655238,2.056986894836154
30,CS72+FlushB_nocomp,0.2,2,5,1020,84.91693874017206,-32.031068149059486,1.903326487302244,1.1708106179044584,2.308378011820178
30,CS72+FlushB_nocomp,0.2,2,8,1092,97.3093952497995,-32.031068149059486,2.0428709937551397,1.2172773175185865,2.4959352317051984
30,CS72+FlushB_nocomp,0.2,3,3,995,87.6499800113608,-33.440939015137374,2.024705522851567,1.5067144243600472,2.345839270792167
30,CS72+FlushB_nocomp,0.2,3,5,1173,120.15506462212286,-33.440939015137374,2.1971735037995206,1.4566679134531928,2.619885472905416
30,CS72+FlushB_nocomp,0.2,3,8,1254,134.1853360086351,-33.440939015137374,2.3179568998912066,1.5356507330540892,2.762648138572451
30,CS72+FlushB_nocomp,0.3,None,3,995,144.18139990816417,-47.31001454622699,2.011532895303804,1.4819748683253202,2.341176653145997
30,CS72+FlushB_nocomp,0.3,None,5,1339,345.04423919143727,-49.79647873879769,2.4703964748897866,1.4862510838117517,3.0327512232294773
30,CS72+FlushB_nocomp,0.3,None,8,1578,419.8414866310393,-69.1415888674403,2.428140426294035,1.1439623511459192,3.1970040160401463
30,CS72+FlushB_nocomp,0.3,1,3,694,60.52008044163743,-28.800221136031123,1.4814143967699542,1.2712249386620575,1.6228404632236604
30,CS72+FlushB_nocomp,0.3,1,5,809,103.7715078618343,-28.337210775366152,1.7717489788797618,1.1944598256563645,2.0949607945718354
30,CS72+FlushB_nocomp,0.3,1,8,873,118.60439459722176,-33.547527373367934,1.874938259082162,1.165516818182892,2.2560850708625377
30,CS72+FlushB_nocomp,0.3,2,3,875,96.19298002276967,-45.274802353429045,1.7340633865741475,1.2136785144736466,2.051614216001496
30,CS72+FlushB_nocomp,0.3,2,5,1020,139.0148538068265,-45.274802353429045,1.8889391633326962,1.1528060823945205,2.29546221849632
30,CS72+FlushB_nocomp,0.3,2,8,1092,161.42535600065207,-45.274802353429045,2.0213789569270015,1.2011667912777537,2.471638993640312
30,CS72+FlushB_nocomp,0.3,3,3,995,144.18139990816417,-47.31001454622699,2.011532895303804,1.4819748683253202,2.341176653145997
30,CS72+FlushB_nocomp,0.3,3,5,1173,206.42549548749832,-47.31001454622699,2.1797658008864955,1.4295613626454056,2.607342134811804
30,CS72+FlushB_nocomp,0.3,3,8,1254,234.08491390183235,-47.31001454622699,2.296345851761624,1.5069919983132969,2.744491017332739
30,CS72+FlushC+FlushB_nocomp,0.1,None,3,1081,42.08902898215741,-15.80939557208325,2.126752736857003,1.5800471535203164,2.4665421282544644
30,CS72+FlushC+FlushB_nocomp,0.1,None,5,1443,84.14130712166457,-17.694033594119485,2.714229094016128,1.9000702131020397,3.194238427892433
30,CS72+FlushC+FlushB_nocomp,0.1,None,8,1687,100.76449197580564,-22.46489810051042,2.7212090354576906,1.5878126993353052,3.3809416235724066
30,CS72+FlushC+FlushB_nocomp,0.1,1,3,735,19.100549110948517,-9.781483371527989,1.4386971950467704,1.1501106873674454,1.618635094670593
30,CS72+FlushC+FlushB_nocomp,0.1,1,5,855,30.09971197924781,-9.874761039804891,1.7630167030374468,1.179706559109865,2.089342915229861
30,CS72+FlushC+FlushB_nocomp,0.1,1,8,920,33.797231486619864,-11.12092517865827,1.8816111409053076,1.1378764764604559,2.278078790515875
30,CS72+FlushC+FlushB_nocomp,0.1,2,3,951,32.849690562660406,-15.194088892283887,1.892996372679745,1.2065678373125133,2.3093633914614866
30,CS72+FlushC+FlushB_nocomp,0.1,2,5,1101,43.97961386714569,-15.194088892283887,2.084314552505193,1.2076343111627126,2.572345617222085
30,CS72+FlushC+FlushB_nocomp,0.1,2,8,1175,49.870361955307565,-15.194088892283887,2.245789415579525,1.2492925557304675,2.795794224756933
30,CS72+FlushC+FlushB_nocomp,0.1,3,3,1081,42.08902898215741,-15.80939557208325,2.126752736857003,1.5800471535203164,2.4665421282544644
30,CS72+FlushC+FlushB_nocomp,0.1,3,5,1265,54.57356399836224,-15.80939557208325,2.2986880170430237,1.5803883656753945,2.7157987534710997
30,CS72+FlushC+FlushB_nocomp,0.1,3,8,1349,61.948947974793334,-15.80939557208325,2.4805110256137017,1.773628232127396,2.8952548174526083
30,CS72+FlushC+FlushB_nocomp,0.15,None,3,1081,66.95518682009791,-23.08793700754219,2.119424994438841,1.5662181720566042,2.463712016483187
30,CS72+FlushC+FlushB_nocomp,0.15,None,5,1443,142.9956879550402,-25.90293955528129,2.6952115989971683,1.865428445770438,3.183677396003463
30,CS72+FlushC+FlushB_nocomp,0.15,None,8,1687,173.2820676998407,-33.0301954122731,2.692199049744324,1.5262494510319007,3.375346480494016
30,CS72+FlushC+FlushB_nocomp,0.15,1,3,735,29.12764808364001,-14.516945930200242,1.4363865761748962,1.148990892940953,1.6156985178253385
30,CS72+FlushC+FlushB_nocomp,0.15,1,5,855,46.978602313949544,-14.657026554745489,1.7574881543893672,1.1776430777830444,2.082160674932562
30,CS72+FlushC+FlushB_nocomp,0.15,1,8,920,52.94602947762832,-16.455330119305156,1.8703465090729237,1.1358036800100109,2.26252212488201
30,CS72+FlushC+FlushB_nocomp,0.15,2,3,951,51.33286060902093,-22.16527300376544,1.8868369488253098,1.1986191418361531,2.3051879330685043
30,CS72+FlushC+FlushB_nocomp,0.15,2,5,1101,70.24297293195913,-22.16527300376544,2.076612933986173,1.1990901499597555,2.5650332148305663
30,CS72+FlushC+FlushB_nocomp,0.15,2,8,1175,80.42040880967131,-22.16527300376544,2.234096175668459,1.2416487972263537,2.782049814540662
30,CS72+FlushC+FlushB_nocomp,0.15,3,3,1081,66.95518682009791,-23.08793700754219,2.119424994438841,1.5662181720566042,2.463712016483187
30,CS72+FlushC+FlushB_nocomp,0.15,3,5,1265,88.78970766165043,-23.08793700754219,2.2893968674653116,1.5651720272863252,2.709456315875536
30,CS72+FlushC+FlushB_nocomp,0.15,3,8,1349,102.10625591273379,-23.08793700754219,2.46872035957547,1.7573196129404756,2.885550712668052
30,CS72+FlushC+FlushB_nocomp,0.2,None,3,1081,94.39751645709664,-29.963220519443457,2.1120706271166045,1.5522247485212701,2.4609642058259045
30,CS72+FlushC+FlushB_nocomp,0.2,None,5,1443,215.08325289469815,-33.680215229695,2.6758440955970353,1.829952527628181,3.1731252185098446
30,CS72+FlushC+FlushB_nocomp,0.2,None,8,1687,262.5596133958696,-43.12841922566183,2.660645085656303,1.4618897066978447,3.3689161471722198
30,CS72+FlushC+FlushB_nocomp,0.2,1,3,735,39.401592058852074,-19.147150373802823,1.4340695381377013,1.1478561373905114,1.6127613331779262
30,CS72+FlushC+FlushB_nocomp,0.2,1,5,855,65.03766578956001,-19.33061554321489,1.7519232404484308,1.1756271672590561,2.074915322658197
30,CS72+FlushC+FlushB_nocomp,0.2,1,8,920,73.52200422135857,-21.632921999960953,1.8591253186832972,1.133791976268107,2.247006716918109
30,CS72+FlushC+FlushB_nocomp,0.2,2,3,951,71.11092493774753,-28.739103662518474,1.8806980453115902,1.1905698210822495,2.3010577543721284
30,CS72+FlushC+FlushB_nocomp,0.2,2,5,1101,99.44726727803112,-28.739103662518474,2.0688756104963235,1.1905047520982448,2.5576192659116312
30,CS72+FlushC+FlushB_nocomp,0.2,2,8,1175,114.91815454294536,-28.739103662518474,2.222440093443571,1.2339747705105286,2.768298332111295
30,CS72+FlushC+FlushB_nocomp,0.2,3,3,1081,94.39751645709664,-29.963220519443457,2.1120706271166045,1.5522247485212701,2.4609642058259045
30,CS72+FlushC+FlushB_nocomp,0.2,3,5,1265,128.01097083582934,-29.963220519443457,2.280007844144581,1.5498439038574472,2.703004727151997
30,CS72+FlushC+FlushB_nocomp,0.2,3,8,1349,149.13221554227724,-29.963220519443457,2.4568650598515873,1.7409804566571268,2.8757607392671205
30,CS72+FlushC+FlushB_nocomp,0.3,None,3,1081,156.72351430297942,-42.54681644235552,2.097224810838647,1.523693525954899,2.4556642666381867
30,CS72+FlushC+FlushB_nocomp,0.3,None,5,1443,403.53035146882854,-47.93664974962788,2.635741720595208,1.7557703592806708,3.1520194507250854
30,CS72+FlushC+FlushB_nocomp,0.3,None,8,1687,489.8916257284275,-63.601002290203425,2.588438388730473,1.3248415892341703,3.3539254471537725
30,CS72+FlushC+FlushB_nocomp,0.3,1,3,735,60.4308640925588,-28.086959065837604,1.429414227259885,1.1455381810727892,1.6068844624095544
30,CS72+FlushC+FlushB_nocomp,0.3,1,5,855,104.4522773430503,-28.337210775366128,1.7407203776240228,1.1717387334803233,2.060291692479958
30,CS72+FlushC+FlushB_nocomp,0.3,1,8,920,118.51998848547427,-31.501799944566,1.836768649509325,1.1299555097200453,2.2160414872835013
30,CS72+FlushC+FlushB_nocomp,0.3,2,3,951,114.12022636005679,-40.75182210291059,1.868503307530329,1.1741498747397616,2.293015643013
30,CS72+FlushC+FlushB_nocomp,0.3,2,5,1101,166.60223189015272,-40.75182210291059,2.0533351797831823,1.1731966467155297,2.542576002777966
30,CS72+FlushC+FlushB_nocomp,0.3,2,8,1175,195.87493597042305,-40.75182210291059,2.1992340886528767,1.2185244679809502,2.7407989235833976
30,CS72+FlushC+FlushB_nocomp,0.3,3,3,1081,156.72351430297942,-42.54681644235552,2.097224810838647,1.523693525954899,2.4556642666381867
30,CS72+FlushC+FlushB_nocomp,0.3,3,5,1265,222.05374290339543,-42.54681644235552,2.260905471902303,1.5188144886489459,2.68974189946305
30,CS72+FlushC+FlushB_nocomp,0.3,3,8,1349,265.37900414075204,-42.54681644235552,2.4329205322460115,1.7081441415046335,2.8558887040680334
30,CS72+FlushBTC+FlushB_nocomp,0.1,None,3,1021,40.779827274348236,-16.764291712844848,2.061853302865099,1.8714478946964266,2.18913147799707
30,CS72+FlushBTC+FlushB_nocomp,0.1,None,5,1368,80.04299832479498,-16.030882292962,2.617515730162969,1.9190464708814559,3.0337370583776
30,CS72+FlushBTC+FlushB_nocomp,0.1,None,8,1608,94.79793356995934,-24.29641055467441,2.6015945488333965,1.5921119447964087,3.1898099580629085
30,CS72+FlushBTC+FlushB_nocomp,0.1,1,3,709,18.431060607755455,-9.804966353080003,1.437171879383212,1.4227209003151746,1.4757494575198262
30,CS72+FlushBTC+FlushB_nocomp,0.1,1,5,826,30.10875571121816,-9.874761039804913,1.794904956731113,1.3970780614824048,2.0445158504276852
30,CS72+FlushBTC+FlushB_nocomp,0.1,1,8,889,33.882181242379474,-11.975668863936084,1.9136529724382874,1.3508569071255276,2.2381938831484853
30,CS72+FlushBTC+FlushB_nocomp,0.1,2,3,900,28.009301487702466,-16.14596485334856,1.6850462380147602,1.4251272474039458,1.8517421116828778
30,CS72+FlushBTC+FlushB_nocomp,0.1,2,5,1045,38.763332796880825,-16.14596485334856,1.900067977786428,1.3639966394871184,2.2127284842640966
30,CS72+FlushBTC+FlushB_nocomp,0.1,2,8,1117,43.72891476140992,-16.14596485334856,2.045897938482424,1.4044453084659996,2.414260450013201
30,CS72+FlushBTC+FlushB_nocomp,0.1,3,3,1021,40.779827274348236,-16.764291712844848,2.061853302865099,1.8714478946964266,2.18913147799707
30,CS72+FlushBTC+FlushB_nocomp,0.1,3,5,1200,53.78649818960988,-16.764291712844848,2.252699369193193,1.8178926414743846,2.5224434308677584
30,CS72+FlushBTC+FlushB_nocomp,0.1,3,8,1281,58.962278031187566,-16.764291712844848,2.376134244801577,1.894474808052385,2.673145755544502
30,CS72+FlushBTC+FlushB_nocomp,0.15,None,3,1021,64.71012758766868,-24.400134722816535,2.055640628583374,1.8581206565290764,2.1871180126055907
30,CS72+FlushBTC+FlushB_nocomp,0.15,None,5,1368,135.22352077769568,-23.66151415964164,2.599924129241083,1.885995214280278,3.0244226313196485
30,CS72+FlushBTC+FlushB_nocomp,0.15,None,8,1608,161.51454512849764,-35.399554555142956,2.5739377298733386,1.5313930285080621,3.185135527293034
30,CS72+FlushBTC+FlushB_nocomp,0.15,1,3,709,28.142536943275974,-14.649808983358458,1.4351533117614308,1.4204286017727359,1.4739791581663118
30,CS72+FlushBTC+FlushB_nocomp,0.15,1,5,826,47.10564927735681,-14.6570265547455,1.7895192288922308,1.3938600296714159,2.038170068921056
30,CS72+FlushBTC+FlushB_nocomp,0.15,1,8,889,53.197158345954264,-17.670506477476778,1.9030510536379046,1.347608714477792,2.224095640096489
30,CS72+FlushBTC+FlushB_nocomp,0.15,2,3,900,43.28101324652231,-23.47254835610069,1.680570714702641,1.4166480750039656,1.8498878642293533
30,CS72+FlushBTC+FlushB_nocomp,0.15,2,5,1045,61.236968619285406,-23.47254835610069,1.8942321223433018,1.3554130055464768,2.208231414238144
30,CS72+FlushBTC+FlushB_nocomp,0.15,2,8,1117,69.6154262261855,-23.47254835610069,2.036325955303752,1.3967105192946945,2.4037390112042516
30,CS72+FlushBTC+FlushB_nocomp,0.15,3,3,1021,64.71012758766868,-24.400134722816535,2.055640628583374,1.8581206565290764,2.1871180126055907
30,CS72+FlushBTC+FlushB_nocomp,0.15,3,5,1200,87.39849898938643,-24.400134722816535,2.2447512496899575,1.803362122135801,2.517702224603375
30,CS72+FlushBTC+FlushB_nocomp,0.15,3,8,1281,96.60740473883817,-24.400134722816535,2.36604033711633,1.8789548105313985,2.665511689279689
30,CS72+FlushBTC+FlushB_nocomp,0.2,None,3,1021,91.01838261529798,-31.56092659611961,2.0492391111268793,1.8445885095713623,2.1850051263440253
30,CS72+FlushBTC+FlushB_nocomp,0.2,None,5,1368,202.20750796957145,-31.023759505229954,2.5819419388261178,1.8519885587486395,3.0151138495040892
30,CS72+FlushBTC+FlushB_nocomp,0.2,None,8,1608,242.44792020328032,-45.80718122822628,2.5437451201962378,1.4677210280126933,3.179678448289261
30,CS72+FlushBTC+FlushB_nocomp,0.2,1,3,709,38.124293423707265,-19.438643983737304,1.4331421267620215,1.4181397124851818,1.4722256942505456
30,CS72+FlushBTC+FlushB_nocomp,0.2,1,5,826,65.38635729457857,-19.330615543214858,1.7840785280717786,1.3907030132521134,2.0317433573838404
30,CS72+FlushBTC+FlushB_nocomp,0.2,1,8,889,74.05821856966976,-23.16576830672117,1.892474975025285,1.3444334082430331,2.2100229813825223
30,CS72+FlushBTC+FlushB_nocomp,0.2,2,3,900,59.28699365444914,-30.331075713700518,1.675933909116895,1.4080674193828238,1.847860927358923
30,CS72+FlushBTC+FlushB_nocomp,0.2,2,5,1045,85.74491328482408,-30.331075713700518,1.8881906736837575,1.3467646644755558,2.2034324539107555
30,CS72+FlushBTC+FlushB_nocomp,0.2,2,8,1117,98.19297817307469,-30.331075713700518,2.0266304725535305,1.3889218283205036,2.3930212947534657
30,CS72+FlushBTC+FlushB_nocomp,0.2,3,3,1021,91.01838261529798,-31.56092659611961,2.0492391111268793,1.8445885095713623,2.1850051263440253
30,CS72+FlushBTC+FlushB_nocomp,0.2,3,5,1200,125.86609394778505,-31.56092659611961,2.236557174091112,1.7886748522388183,2.512690331572147
30,CS72+FlushBTC+FlushB_nocomp,0.2,3,8,1281,140.2629352224772,-31.56092659611961,2.3557374573893224,1.8633733501046759,2.6576231325971875
30,CS72+FlushBTC+FlushB_nocomp,0.3,None,3,1021,150.48724733172924,-44.564449349264414,2.035943609390977,1.8168554259796663,2.1805989815916846
30,CS72+FlushBTC+FlushB_nocomp,0.3,None,5,1368,375.2016708157896,-44.910733846429906,2.5445009359739714,1.7803931576673095,2.9964858011679225
30,CS72+FlushBTC+FlushB_nocomp,0.3,None,8,1608,444.0625898680012,-65.57750400062264,2.474363956143351,1.3315679787766095,3.166771922690078
30,CS72+FlushBTC+FlushB_nocomp,0.3,1,3,709,58.673815139363164,-28.80022113603109,1.4291397474916823,1.413565463662444,1.4687714910709586
30,CS72+FlushBTC+FlushB_nocomp,0.3,1,5,826,105.64778384623406,-28.337210775366117,1.7730724568064895,1.3845692647137597,2.01871064852932
30,CS72+FlushBTC+FlushB_nocomp,0.3,1,8,889,120.11233887996448,-33.54752737336791,1.8713818926356292,1.3383015403325624,2.181933702461519
30,CS72+FlushBTC+FlushB_nocomp,0.3,2,3,900,93.03318190372703,-43.224846334972376,1.666296759928242,1.3905764185840264,1.8434802349329342
30,CS72+FlushBTC+FlushB_nocomp,0.3,2,5,1045,140.49653172500734,-43.224846334972376,1.8756260860863754,1.329258924262011,2.193137183505326
30,CS72+FlushBTC+FlushB_nocomp,0.3,2,8,1117,163.04649721483005,-43.224846334972376,2.0069697575262313,1.3731700390347525,2.37116137800205
30,CS72+FlushBTC+FlushB_nocomp,0.3,3,3,1021,150.48724733172924,-44.564449349264414,2.035943609390977,1.8168554259796663,2.1805989815916846
30,CS72+FlushBTC+FlushB_nocomp,0.3,3,5,1200,217.97589967496097,-44.564449349264414,2.2195120611650285,1.7587906938380007,2.5019729363885244
30,CS72+FlushBTC+FlushB_nocomp,0.3,3,8,1281,246.68970765164454,-44.564449349264414,2.334587277237392,1.831960740734047,2.6412148786073004
30,CS24+FlushB_nocomp,0.1,None,3,2228,29.667765939422974,-15.878393396489798,1.5654634398800709,1.6842962140242137,1.491759616737101
30,CS24+FlushB_nocomp,0.1,None,5,3067,61.0930525419475,-19.629309991007517,2.1692027262832494,2.4179246453188927,2.025049859676917
30,CS24+FlushB_nocomp,0.1,None,8,3742,86.27843336090608,-24.64986192252444,2.373965406594843,2.339251398070884,2.419015307996243
30,CS24+FlushB_nocomp,0.1,1,3,2093,16.15145101738069,-15.44143208608264,1.1159899299305742,1.9729394943511287,0.6659593144042895
30,CS24+FlushB_nocomp,0.1,1,5,2688,26.238429232632864,-16.9737875098115,1.3678263273634823,1.9884175934565331,1.1165623434958591
30,CS24+FlushB_nocomp,0.1,1,8,3091,36.17367845230206,-21.91578273831145,1.6355675069940552,2.383564117035308,1.3471821513795128
30,CS24+FlushB_nocomp,0.1,2,3,2191,23.902333870334026,-14.908037884004322,1.3900296156153846,1.5731411823161179,1.2924837217892569
30,CS24+FlushB_nocomp,0.1,2,5,2853,36.228033628991696,-18.135189956088304,1.6471665927215795,2.0613863897814806,1.4567611445446826
30,CS24+FlushB_nocomp,0.1,2,8,3290,45.473141504126666,-23.220689290733254,1.8448328133392367,2.4408374690776387,1.5938844465195907
30,CS24+FlushB_nocomp,0.1,3,3,2228,29.667765939422974,-15.878393396489798,1.5654634398800709,1.6842962140242137,1.491759616737101
30,CS24+FlushB_nocomp,0.1,3,5,2959,46.45302312707636,-19.445578816505872,1.8884219512640068,2.3677240590183573,1.6502462215007487
30,CS24+FlushB_nocomp,0.1,3,8,3439,58.015368572336,-24.011972000539238,2.0835702249558254,2.6344597873511186,1.8567647523940998
30,CS24+FlushB_nocomp,0.15,None,3,2228,45.707025751015664,-23.227573562828596,1.5612761292734652,1.6800990430232818,1.486714244095216
30,CS24+FlushB_nocomp,0.15,None,5,3067,99.79230502523757,-28.35614484848804,2.1599773155711186,2.40005265330428,2.0204639285018433
30,CS24+FlushB_nocomp,0.15,None,8,3742,145.32282414396013,-35.85508340606609,2.352794589130543,2.288267738496834,2.41309363798415
30,CS24+FlushB_nocomp,0.15,1,3,2093,24.37689249770816,-22.519848626343375,1.118667361457644,1.9744201589082266,0.6693992348689559
30,CS24+FlushB_nocomp,0.15,1,5,2688,40.21653823793212,-24.75130717236026,1.3665430566488093,1.988775311496311,1.1149945125670222
30,CS24+FlushB_nocomp,0.15,1,8,3091,56.67343154652984,-31.43901181286767,1.6342627087231065,2.3823810454953276,1.3462736786013036
30,CS24+FlushB_nocomp,0.15,2,3,2191,36.503312734876616,-21.784562045087586,1.3902578391256928,1.5746517535171831,1.2911078558633386
30,CS24+FlushB_nocomp,0.15,2,5,2853,56.67010099971846,-26.35242196322136,1.6459463395410525,2.063333541963605,1.4534693638471372
30,CS24+FlushB_nocomp,0.15,2,8,3290,72.37824202793009,-33.17538598315064,1.8419782274448762,2.4377445250161256,1.590328303681387
30,CS24+FlushB_nocomp,0.15,3,3,2228,45.707025751015664,-23.227573562828596,1.5612761292734652,1.6800990430232818,1.486714244095216
30,CS24+FlushB_nocomp,0.15,3,5,2959,74.22688633053531,-28.137970867665253,1.8878441577549585,2.3677479569072526,1.6489597498693647
30,CS24+FlushB_nocomp,0.15,3,8,3439,94.68665982167136,-34.229012558605795,2.083021381800894,2.6295432559108587,1.8574732616877194
30,CS24+FlushB_nocomp,0.2,None,3,2228,62.36116560434437,-30.187646578755135,1.557108268699187,1.675824300227287,1.4818485658783778
30,CS24+FlushB_nocomp,0.2,None,5,3067,144.1209906148981,-36.38568245352902,2.1504671708303698,2.381455928589365,2.015947992778208
30,CS24+FlushB_nocomp,0.2,None,8,3742,215.61726253197975,-46.32028937787468,2.3303007209266564,2.2338153040062534,2.4073719828967635
30,CS24+FlushB_nocomp,0.2,1,3,2093,32.621974814297005,-29.17797040911233,1.121277712874051,1.9758675646829105,0.6727590882353646
30,CS24+FlushB_nocomp,0.2,1,5,2688,54.59239210302729,-32.05128389705987,1.365183712448119,1.9890916485288404,1.1134619665309298
30,CS24+FlushB_nocomp,0.2,1,8,3091,78.6234631985252,-40.06475732256457,1.63287149923692,2.3811564138381964,1.3453989006747302
30,CS24+FlushB_nocomp,0.2,2,3,2191,49.403745223041696,-28.279163883337187,1.3904090463356915,1.5761725090765502,1.289692231436461
30,CS24+FlushB_nocomp,0.2,2,5,2853,78.49680791619633,-34.00532793929315,1.6446050833310957,2.0652993359060225,1.4501684283641647
30,CS24+FlushB_nocomp,0.2,2,8,3290,101.97521539313739,-42.109039327123,1.8390105848107217,2.434651498502056,1.5868241220069128
30,CS24+FlushB_nocomp,0.2,3,3,2228,62.36116560434437,-30.187646578755135,1.557108268699187,1.675824300227287,1.4818485658783778
30,CS24+FlushB_nocomp,0.2,3,5,2959,105.03578084728437,-36.159348292870206,1.887124520881294,2.367855287957691,1.6476125908735817
30,CS24+FlushB_nocomp,0.2,3,8,3439,136.84037959195362,-43.35004462326554,2.0821958434466157,2.62466463460683,1.8579757100974963
30,CS24+FlushB_nocomp,0.3,None,3,2228,96.74787851648136,-42.959224193378844,1.5488099632105259,1.667040478064179,1.4725656291068678
30,CS24+FlushB_nocomp,0.3,None,5,3067,248.70066613846228,-50.45652803863319,2.130324093199667,2.3414115810385114,2.0070051596216794
30,CS24+FlushB_nocomp,0.3,None,8,3742,385.92417458036897,-65.05591916487839,2.2803698373922447,2.112919018541364,2.3964018377973035
30,CS24+FlushB_nocomp,0.3,1,3,2093,48.904379420392495,-41.267477323401515,1.1263144433186962,1.9786650570857662,0.6792617755677324
30,CS24+FlushB_nocomp,0.3,1,5,2688,83.87525776800825,-45.227498196538605,1.3622011855158593,1.9896020397126224,1.1104340219132005
30,CS24+FlushB_nocomp,0.3,1,8,3091,126.06143673414434,-54.81953006608167,1.6298137017410077,2.3785878828768037,1.343717686725245
30,CS24+FlushB_nocomp,0.3,2,3,2191,75.60823437346009,-40.142603692197554,1.390539033786387,1.5792463620185158,1.2867904384011337
30,CS24+FlushB_nocomp,0.3,2,5,2853,125.47239532214847,-47.652428744380224,1.6415754638756825,2.0692841093412597,1.4435205006237959
30,CS24+FlushB_nocomp,0.3,2,8,3290,168.39363564962105,-57.17632006588123,1.8327538412389235,2.428467170354669,1.5799418408002377
30,CS24+FlushB_nocomp,0.3,3,3,2228,96.74787851648136,-42.959224193378844,1.5488099632105259,1.667040478064179,1.4725656291068678
30,CS24+FlushB_nocomp,0.3,3,5,2959,175.2052573601233,-50.26470825781342,1.885279816157941,2.3683219001391125,1.6446919871377452
30,CS24+FlushB_nocomp,0.3,3,8,3439,237.85683108394383,-58.60722078918619,2.079822791980212,2.6150240320407794,1.858433276536487
30,CS72+CS24+FlushB_nocomp,0.1,None,3,1859,29.272231742340104,-15.878393396489798,1.509366033441662,1.5832749641557007,1.4711828604037689
30,CS72+CS24+FlushB_nocomp,0.1,None,5,2663,55.250876134219325,-17.24174025829153,2.0964422694728815,2.158195332301809,2.056549264634208
30,CS72+CS24+FlushB_nocomp,0.1,None,8,3346,90.34110123914047,-24.64986192252444,2.4683204110842105,2.178888228310826,2.6596728528981495
30,CS72+CS24+FlushB_nocomp,0.1,1,3,1713,19.36044930317804,-13.60939749935346,1.2727515422093525,2.002748312101814,0.9148925712457261
30,CS72+CS24+FlushB_nocomp,0.1,1,5,2300,22.92299779860878,-15.13625425393138,1.2936711712467617,1.8866274591404428,1.0110690810576384
30,CS72+CS24+FlushB_nocomp,0.1,1,8,2704,40.551495916990056,-17.882559670279818,1.817325702813024,2.2246076629427924,1.6784853609882906
30,CS72+CS24+FlushB_nocomp,0.1,2,3,1812,23.424987674629485,-15.330670402851265,1.3557395137127402,1.4645037037929016,1.3037185812440293
30,CS72+CS24+FlushB_nocomp,0.1,2,5,2456,32.635444861228095,-15.212407016566532,1.5857877065121502,1.8907147566663791,1.4283743394239397
30,CS72+CS24+FlushB_nocomp,0.1,2,8,2902,49.849742636790516,-18.93938864072161,1.994144883613279,2.217692133607134,1.9252572922058635
30,CS72+CS24+FlushB_nocomp,0.1,3,3,1859,29.272231742340104,-15.878393396489798,1.509366033441662,1.5832749641557007,1.4711828604037689
30,CS72+CS24+FlushB_nocomp,0.1,3,5,2556,45.416569095285,-15.801540435280625,1.9379999053520893,2.186957569486032,1.8033253782852536
30,CS72+CS24+FlushB_nocomp,0.1,3,8,3050,63.27170408455105,-19.612065475359874,2.241646528935973,2.431864171073127,2.189145904285093
30,CS72+CS24+FlushB_nocomp,0.15,None,3,1859,44.92125217859597,-23.227573562828596,1.5041332762577122,1.5780488231289096,1.4651633366671803
30,CS72+CS24+FlushB_nocomp,0.15,None,5,2663,89.01792920383014,-25.176753711402643,2.083784265803597,2.140648280471529,2.0467596078939074
30,CS72+CS24+FlushB_nocomp,0.15,None,8,3346,153.04569220967096,-35.85508340606609,2.4415773908542207,2.1288344432801427,2.646316445539031
30,CS72+CS24+FlushB_nocomp,0.15,1,3,1713,29.370740716111875,-20.032223272899053,1.2711884712298154,2.0034550445092534,0.9119361452435516
30,CS72+CS24+FlushB_nocomp,0.15,1,5,2300,34.7334725349004,-22.177376482336765,1.2883390737362728,1.8858898622986295,1.003544836259602
30,CS72+CS24+FlushB_nocomp,0.15,1,8,2704,63.90975960685221,-26.1989074384272,1.8051692163448132,2.22155420971022,1.6628174619997174
30,CS72+CS24+FlushB_nocomp,0.15,2,3,1812,35.592082976728044,-22.400469024308755,1.3530761466722925,1.465040373798284,1.2984182076506796
30,CS72+CS24+FlushB_nocomp,0.15,2,5,2456,50.53477034947971,-22.26209726429923,1.582050373628749,1.891846046668136,1.4210563973512371
30,CS72+CS24+FlushB_nocomp,0.15,2,8,2902,79.88292722674935,-27.618093442118496,1.9836465762347606,2.2130866396604696,1.911617456423783
30,CS72+CS24+FlushB_nocomp,0.15,3,3,1859,44.92125217859597,-23.227573562828596,1.5041332762577122,1.5780488231289096,1.4651633366671803
30,CS72+CS24+FlushB_nocomp,0.15,3,5,2556,72.33844263466244,-23.06322159077039,1.9343656684495567,2.186731848284909,1.796967968183452
30,CS72+CS24+FlushB_nocomp,0.15,3,8,3050,104.09819417593975,-28.52580673625097,2.2332376798705815,2.425749185523897,2.1793723901151947
30,CS72+CS24+FlushB_nocomp,0.2,None,3,1859,61.02679880682849,-30.187646578755135,1.4989822094883132,1.5727841002928193,1.4593888888768078
30,CS72+CS24+FlushB_nocomp,0.2,None,5,2663,126.70714665030496,-32.67144532442937,2.070934146479619,2.122412932759295,2.0371706445379543
30,CS72+CS24+FlushB_nocomp,0.2,None,8,3346,228.346620635968,-46.32028937787468,2.413521332401873,2.075642597636013,2.633110342763749
30,CS72+CS24+FlushB_nocomp,0.2,1,3,1713,39.49861011565805,-26.18387582574224,1.2697204674581286,2.0041375587752968,0.9091797037546145
30,CS72+CS24+FlushB_nocomp,0.2,1,5,2300,46.562199705575004,-28.866077819552384,1.282945875042091,1.885128859414989,0.9959879473190626
30,CS72+CS24+FlushB_nocomp,0.2,1,8,2704,89.1208842493895,-34.04227904716354,1.7928853354407748,2.2184872693486715,1.6471626615367958
30,CS72+CS24+FlushB_nocomp,0.2,2,3,1812,47.90418806492585,-29.072287299707057,1.350448979677037,1.4656179752075067,1.293221379006916
30,CS72+CS24+FlushB_nocomp,0.2,2,5,2456,69.2478038275755,-28.94792115501108,1.5782208517169045,1.8930175213503773,1.413692258388755
30,CS72+CS24+FlushB_nocomp,0.2,2,8,2902,113.26305041853027,-35.72768556274666,1.9729808848386554,2.2085173298369902,1.8979053506214483
30,CS72+CS24+FlushB_nocomp,0.2,3,3,1859,61.02679880682849,-30.187646578755135,1.4989822094883132,1.5727841002928193,1.4593888888768078
30,CS72+CS24+FlushB_nocomp,0.2,3,5,2556,102.0017249272041,-29.910330205926762,1.930709146666452,2.186569472529192,1.7906506163819624
30,CS72+CS24+FlushB_nocomp,0.2,3,8,3050,151.60894181076273,-36.810848764312475,2.2246160058684863,2.4197024232958095,2.169417847795515
30,CS72+CS24+FlushB_nocomp,0.3,None,3,1859,93.7643304096722,-42.959224193378844,1.4889281643921644,1.5621333574766292,1.4485340564057805
30,CS72+CS24+FlushB_nocomp,0.3,None,5,2663,211.90580805546801,-46.39113461625887,2.044347869098429,2.083287115597526,2.018447961195817
30,CS72+CS24+FlushB_nocomp,0.3,None,8,3346,412.9419084549277,-65.05591916487839,2.3524288593084544,1.958706387901645,2.6069655085532752
30,CS72+CS24+FlushB_nocomp,0.3,1,3,1713,59.75496298105662,-37.639638643781325,1.2670678287485706,2.005431769246904,0.9042504810168169
30,CS72+CS24+FlushB_nocomp,0.3,1,5,2300,69.52190073581801,-41.191593449245964,1.2719884657770228,1.8835396593641993,0.9808088091136372
30,CS72+CS24+FlushB_nocomp,0.3,1,8,2704,143.98655420672713,-48.20772057389278,1.7679267892320534,2.212318486708714,1.6159195738864607
30,CS72+CS24+FlushB_nocomp,0.3,2,3,1812,72.40774822233318,-41.23441494807293,1.345376908614803,1.4668959268732757,1.2832253226987316
30,CS72+CS24+FlushB_nocomp,0.3,2,5,2456,108.104297874354,-41.25305540925177,1.5703492605518035,1.8954797176866514,1.3988964020231498
30,CS72+CS24+FlushB_nocomp,0.3,2,8,2902,189.11635677905392,-50.18198140165442,1.9512012530169667,2.1994893399944995,1.8703486430192575
30,CS72+CS24+FlushB_nocomp,0.3,3,3,1859,93.7643304096722,-42.959224193378844,1.4889281643921644,1.5621333574766292,1.4485340564057805
30,CS72+CS24+FlushB_nocomp,0.3,3,5,2556,168.7557552998888,-42.69706954910261,1.9233393617459422,2.186458050918713,1.778093340288365
30,CS72+CS24+FlushB_nocomp,0.3,3,8,3050,267.29806231023065,-51.46272299357872,2.2067524380325954,2.407819109776158,2.1489746184774092
30,CS24+FlushC+FlushB_nocomp,0.1,None,3,2269,33.72430325297506,-15.008447091348131,1.6783260791288772,1.8128096961935631,1.5989615875771797
30,CS24+FlushC+FlushB_nocomp,0.1,None,5,3144,67.96321135055527,-20.49935191462051,2.283961627074639,2.4711937265995214,2.1864102081394323
30,CS24+FlushC+FlushB_nocomp,0.1,None,8,3841,93.60997479604418,-25.147624811765958,2.4754675305257425,2.3617056227079636,2.5679767734765253
30,CS24+FlushC+FlushB_nocomp,0.1,1,3,2117,15.33736378908448,-14.849955217774546,1.072213994782107,1.9514300460458154,0.5985621175751294
30,CS24+FlushC+FlushB_nocomp,0.1,1,5,2720,26.077381979896288,-15.944129821723108,1.3172931802519663,1.7648768791482616,1.1732648039066291
30,CS24+FlushC+FlushB_nocomp,0.1,1,8,3135,36.21687948486727,-20.94741368701505,1.6036527186295906,2.297856448630204,1.3539582618495662
30,CS24+FlushC+FlushB_nocomp,0.1,2,3,2224,26.8228153875286,-16.22725436457162,1.4816421828308575,1.716746092839921,1.3487538962834558
30,CS24+FlushC+FlushB_nocomp,0.1,2,5,2907,40.98605378185469,-18.19607464853943,1.7747291647225063,1.86774042259523,1.7532421016842021
30,CS24+FlushC+FlushB_nocomp,0.1,2,8,3366,51.60108916700992,-23.214079643787755,1.9904820944283823,2.3036296640166283,1.8795390557523408
30,CS24+FlushC+FlushB_nocomp,0.1,3,3,2269,33.72430325297506,-15.008447091348131,1.6783260791288772,1.8128096961935631,1.5989615875771797
30,CS24+FlushC+FlushB_nocomp,0.1,3,5,3026,50.02606948224162,-20.011284471487258,1.9763821747713721,2.35611519535805,1.7942130712881001
30,CS24+FlushC+FlushB_nocomp,0.1,3,8,3526,63.30692607121373,-24.55424351523331,2.2004148002478807,2.696382411832757,1.9976338732693306
30,CS24+FlushC+FlushB_nocomp,0.15,None,3,2269,52.58212441364043,-21.949836873746154,1.6762417876787497,1.809226667158425,1.5972394772695933
30,CS24+FlushC+FlushB_nocomp,0.15,None,5,3144,112.46050093774164,-29.52260778821558,2.2757847012040213,2.4538141052550713,2.1829826695290655
30,CS24+FlushC+FlushB_nocomp,0.15,None,8,3841,159.72694050746492,-35.728613681958954,2.4549923072234106,2.3126528591489834,2.562333979479319
30,CS24+FlushC+FlushB_nocomp,0.15,1,3,2117,23.095696148872968,-21.717276679411913,1.0766328683934878,1.9551684066254071,0.6035230417781736
30,CS24+FlushC+FlushB_nocomp,0.15,1,5,2720,39.94260583489546,-23.343977332061538,1.3187958553133603,1.7705332935857259,1.1737518867357144
30,CS24+FlushC+FlushB_nocomp,0.15,1,8,3135,56.769130333195776,-30.15675798319507,1.6047110462060998,2.3017410140264616,1.354591814305247
30,CS24+FlushC+FlushB_nocomp,0.15,2,3,2224,41.48171065580408,-23.60173766818545,1.4853292585167817,1.720073891261121,1.352810284829569
30,CS24+FlushC+FlushB_nocomp,0.15,2,5,2907,64.92796419427802,-26.438756433042442,1.7749533981579881,1.8741092363044392,1.7501885846036709
30,CS24+FlushC+FlushB_nocomp,0.15,2,8,3366,83.32391084110557,-33.176836652236375,1.9886233064113572,2.3050594341740878,1.875966922725869
30,CS24+FlushC+FlushB_nocomp,0.15,3,3,2269,52.58212441364043,-21.949836873746154,1.6762417876787497,1.809226667158425,1.5972394772695933
30,CS24+FlushC+FlushB_nocomp,0.15,3,5,3026,80.58396346741985,-29.005566011539084,1.9755759339168324,2.3583430745365317,1.7918235338636574
30,CS24+FlushC+FlushB_nocomp,0.15,3,8,3526,104.52510925732983,-34.943105368105954,2.2003028511342095,2.693642312450031,1.998747217503905
30,CS24+FlushC+FlushB_nocomp,0.2,None,3,2269,72.62232996658895,-28.514922761996186,1.6742674132070057,1.8057550148520896,1.595678367425151
30,CS24+FlushC+FlushB_nocomp,0.2,None,5,3144,164.61299198895253,-37.7708943993467,2.2673260438004883,2.4357208963041983,2.179595497031892
30,CS24+FlushC+FlushB_nocomp,0.2,None,8,3841,240.19531249672906,-45.102437280586294,2.4331858887175914,2.260045970459317,2.556906901383063
30,CS24+FlushC+FlushB_nocomp,0.2,1,3,2117,30.836458202730952,-28.21350169811765,1.0809797439006388,1.9588557968089821,0.6084107562514712
30,CS24+FlushC+FlushB_nocomp,0.2,1,5,2720,54.18662739865503,-30.34770969593793,1.3202263126867917,1.7760573585668236,1.174292286506413
30,CS24+FlushC+FlushB_nocomp,0.2,1,8,3135,78.80239436012431,-38.562092680475125,1.605657466650742,2.3054851007765764,1.3552582789824086
30,CS24+FlushC+FlushB_nocomp,0.2,2,3,2224,56.869915615658996,-30.500124114038986,1.4890071706297516,1.7234696528209879,1.3568103273243561
30,CS24+FlushC+FlushB_nocomp,0.2,2,5,2907,91.13135557554273,-34.11409892571895,1.7752237481750595,1.8804717917715938,1.7472995060162109
30,CS24+FlushC+FlushB_nocomp,0.2,2,8,3366,119.1679336395719,-42.123258913377825,1.9867635266734394,2.306341633275,1.8726066958345713
30,CS24+FlushC+FlushB_nocomp,0.2,3,3,2269,72.62232996658895,-28.514922761996186,1.6742674132070057,1.8057550148520896,1.595678367425151
30,CS24+FlushC+FlushB_nocomp,0.2,3,5,3026,114.99344309599802,-37.33399108387309,1.9748247512830344,2.3606978676288715,1.7895905143132766
30,CS24+FlushC+FlushB_nocomp,0.2,3,8,3526,152.87938643634544,-44.182459314711075,2.199960066795769,2.690866350048513,1.9996832715325181
30,CS24+FlushC+FlushB_nocomp,0.3,None,3,2269,115.53779461225338,-40.525839643572546,1.6706335819511602,1.7991828383799149,1.5929479958548258
30,CS24+FlushC+FlushB_nocomp,0.3,None,5,3144,292.1931521533766,-52.08688047815932,2.249297562555846,2.3966187694743684,2.172840054282358
30,CS24+FlushC+FlushB_nocomp,0.3,None,8,3841,442.1023889710314,-61.99927055743579,2.3845436047197666,2.1425160277575497,2.546576540551459
30,CS24+FlushC+FlushB_nocomp,0.3,1,3,2117,46.01155425816521,-40.10598464158096,1.089475656420984,1.9660816862876629,0.6179916716146814
30,CS24+FlushC+FlushB_nocomp,0.3,1,5,2720,83.16376097819051,-43.145069380301706,1.3228318296175374,1.786729222386959,1.1754602710057451
30,CS24+FlushC+FlushB_nocomp,0.3,1,8,3135,126.53232776195868,-53.10178650090519,1.6072011095159622,2.3125823333941637,1.3566545134796189
30,CS24+FlushC+FlushB_nocomp,0.3,2,3,2224,89.39938313090624,-42.92647071593214,1.4963603514371737,1.730495518940427,1.3646574357834689
30,CS24+FlushC+FlushB_nocomp,0.3,2,5,2907,149.83618596502114,-47.79781267009463,1.7758365446633109,1.8932216631817176,1.7418692674011063
30,CS24+FlushC+FlushB_nocomp,0.3,2,8,3366,203.08447341963878,-57.223352150255536,1.9829760592978074,2.308499106061627,1.866373033103028
30,CS24+FlushC+FlushB_nocomp,0.3,3,3,2269,115.53779461225338,-40.525839643572546,1.6706335819511602,1.7991828383799149,1.5929479958548258
30,CS24+FlushC+FlushB_nocomp,0.3,3,5,3026,195.25873844450814,-51.985270996280406,1.9734264856787127,2.365815010236428,1.785418801064029
30,CS24+FlushC+FlushB_nocomp,0.3,3,8,3526,272.45089135726016,-59.59487476520904,2.198628114900797,2.6852228963963447,2.0010398289711544
30,CS24+BigLong+FlushB_nocomp,0.1,None,3,2256,29.675867096501584,-15.87839339648982,1.3641060546191963,1.1858667000197232,1.480367520136512
30,CS24+BigLong+FlushB_nocomp,0.1,None,5,3223,64.4625478643054,-23.697543634369524,1.9934288581472688,2.1124959606858162,1.960082569390714
30,CS24+BigLong+FlushB_nocomp,0.1,None,8,4053,90.51785853942039,-25.56052347642308,2.2503397762925936,2.242725490927992,2.291689973629574
30,CS24+BigLong+FlushB_nocomp,0.1,1,3,2174,34.873985073486956,-16.03226826423757,1.6733080099313318,2.0046015493778353,1.5598937837633846
30,CS24+BigLong+FlushB_nocomp,0.1,1,5,2946,49.950608326556804,-24.73373767727516,1.8193408217581024,2.2763610796998526,1.7067250054993137
30,CS24+BigLong+FlushB_nocomp,0.1,1,8,3529,60.17423891560794,-27.417364612345953,2.008705085223548,2.5923462575892917,1.8418899730185532
30,CS24+BigLong+FlushB_nocomp,0.1,2,3,2227,33.80928943276529,-14.542348345489575,1.562936375416796,1.3610459190902813,1.6973725354148992
30,CS24+BigLong+FlushB_nocomp,0.1,2,5,3069,53.73852551954066,-24.740135888200786,1.851776620658927,2.2406604488770028,1.7252949881260118
30,CS24+BigLong+FlushB_nocomp,0.1,2,8,3693,65.71147808787818,-26.942303812257073,2.018776028905099,2.652203793716691,1.8031725127977454
30,CS24+BigLong+FlushB_nocomp,0.1,3,3,2256,29.675867096501584,-15.87839339648982,1.3641060546191963,1.1858667000197232,1.480367520136512
30,CS24+BigLong+FlushB_nocomp,0.1,3,5,3153,59.68932751951681,-23.952027762888793,1.9616695044315005,2.2779181526443177,1.8545759318176305
30,CS24+BigLong+FlushB_nocomp,0.1,3,8,3824,75.78661284577134,-27.79178111999038,2.1595910767335846,2.685076722644745,1.9815495352409025
30,CS24+BigLong+FlushB_nocomp,0.15,None,3,2256,45.17512665054759,-23.227573562828606,1.357448880402892,1.1817317512516974,1.4721504146178672
30,CS24+BigLong+FlushB_nocomp,0.15,None,5,3223,104.44516536999578,-33.93965637986064,1.98332525811079,2.09374646063533,1.9532194223044572
30,CS24+BigLong+FlushB_nocomp,0.15,None,8,4053,151.45303963062636,-36.23281270241097,2.2274896886095665,2.188613654838376,2.283208048544751
30,CS24+BigLong+FlushB_nocomp,0.15,1,3,2174,54.39583555193226,-23.35499531337153,1.6688208014608614,2.0057536483376452,1.5515460320247951
30,CS24+BigLong+FlushB_nocomp,0.15,1,5,2946,79.4164879508883,-35.182932452175805,1.8147192228266957,2.273513426145048,1.6999478687765612
30,CS24+BigLong+FlushB_nocomp,0.15,1,8,3529,97.46465830690599,-38.681862644474016,2.0008479124244216,2.585565513668855,1.8325645681078564
30,CS24+BigLong+FlushB_nocomp,0.15,2,3,2227,52.36644058606201,-21.248249932182883,1.5583100109568224,1.3620053343616036,1.6895713873963416
30,CS24+BigLong+FlushB_nocomp,0.15,2,5,3069,85.95240765563936,-35.25472180613796,1.8488001124074938,2.2398658442800987,1.719727146032105
30,CS24+BigLong+FlushB_nocomp,0.15,2,8,3693,107.25138300418702,-38.15227699108738,2.013036256385149,2.6414795933762254,1.7985610577668996
30,CS24+BigLong+FlushB_nocomp,0.15,3,3,2256,45.17512665054759,-23.227573562828606,1.357448880402892,1.1817317512516974,1.4721504146178672
30,CS24+BigLong+FlushB_nocomp,0.15,3,5,3153,96.45568872760208,-34.267466230222524,1.9571413118695495,2.2750231736712867,1.8478678944456117
30,CS24+BigLong+FlushB_nocomp,0.15,3,8,3824,125.42487282055306,-39.27230166658159,2.151746853165505,2.6727604560355953,1.973838336386245
30,CS24+BigLong+FlushB_nocomp,0.2,None,3,2256,60.80997055525297,-30.187646578755146,1.351080561031919,1.1775537400780416,1.4644183071663432
30,CS24+BigLong+FlushB_nocomp,0.2,None,5,3223,149.2951338698358,-43.16071395030697,1.9728708513863078,2.0743774968775255,1.9463649658495357
30,CS24+BigLong+FlushB_nocomp,0.2,None,8,4053,222.5744398486906,-46.320289377874644,2.2035123334428013,2.1316632330377376,2.274824976022286
30,CS24+BigLong+FlushB_nocomp,0.2,1,3,2174,75.19366982264395,-30.226313831427987,1.6645322903255502,2.006833651994059,1.5436471691074667
30,CS24+BigLong+FlushB_nocomp,0.2,1,5,2946,111.72076600811805,-44.46758736083349,1.810017101158765,2.270648031852246,1.6934058636397722
30,CS24+BigLong+FlushB_nocomp,0.2,1,8,3529,139.5878602260924,-48.50019654353491,1.992955099822895,2.578890563763905,1.8235326196987907
30,CS24+BigLong+FlushB_nocomp,0.2,2,3,2227,71.8203842016024,-27.59230487605332,1.5539410358569434,1.3629401058675794,1.6821908330299915
30,CS24+BigLong+FlushB_nocomp,0.2,2,5,3069,121.58567562723887,-44.6248194326235,1.845621498998605,2.2390351989344683,1.7142380357435438
30,CS24+BigLong+FlushB_nocomp,0.2,2,8,3693,154.66306261912894,-47.99167701559127,2.006956566276283,2.630898802163645,1.7937433050730287
30,CS24+BigLong+FlushB_nocomp,0.2,3,3,2256,60.80997055525297,-30.187646578755146,1.351080561031919,1.1775537400780416,1.4644183071663432
30,CS24+BigLong+FlushB_nocomp,0.2,3,5,3153,137.80363555290228,-43.53364026425175,1.9524296459619546,2.2721580728142197,1.8411928762853291
30,CS24+BigLong+FlushB_nocomp,0.2,3,8,3824,183.32938750407862,-49.29370267534499,2.143715632562217,2.660626406621036,1.9662166271531263
30,CS24+BigLong+FlushB_nocomp,0.3,None,3,2256,91.41264614901768,-42.959224193378866,1.3390853110170073,1.169061197482841,1.450215517349545
30,CS24+BigLong+FlushB_nocomp,0.3,None,5,3223,250.67121785940463,-58.735166710000875,1.9508987347940494,2.0332350700332817,1.932756380530867
30,CS24+BigLong+FlushB_nocomp,0.3,None,8,4053,387.24474835063984,-65.05591916487839,2.151801088805839,2.00806988577309,2.2585013182095595
30,CS24+BigLong+FlushB_nocomp,0.3,1,3,2174,120.07465353652012,-42.65706226606577,1.656475222238197,2.008789016118706,1.5290127199835817
30,CS24+BigLong+FlushB_nocomp,0.3,1,5,2946,183.74708608994092,-59.88971471866557,1.8004584916259938,2.2648757809061415,1.680957489854111
30,CS24+BigLong+FlushB_nocomp,0.3,1,8,3529,237.32699962994408,-64.33168511198866,1.977187336818777,2.5658184654636735,1.8063513699401854
30,CS24+BigLong+FlushB_nocomp,0.3,2,3,2227,112.58497903967215,-39.23938161851682,1.5458814445847686,1.3647451347940944,1.6685383605797128
30,CS24+BigLong+FlushB_nocomp,0.3,2,5,3069,201.82751867516166,-60.232394947338896,1.838799331127305,2.237292351597271,1.7034860510333742
30,CS24+BigLong+FlushB_nocomp,0.3,2,8,3693,265.80753386369577,-63.99053086738674,1.9940748675074003,2.6101247206790776,1.783743685737715
30,CS24+BigLong+FlushB_nocomp,0.3,3,3,2256,91.41264614901768,-42.959224193378866,1.3390853110170073,1.169061197482841,1.450215517349545
30,CS24+BigLong+FlushB_nocomp,0.3,3,5,3153,233.01430672911488,-59.134157485849215,1.9426251281656697,2.266555929598025,1.8279844070271913
30,CS24+BigLong+FlushB_nocomp,0.3,3,8,3824,323.1705835893746,-65.43866311823405,2.1273427370263054,2.636878687287178,1.9513226396809882
30,CS72+BigLong+FlushB_nocomp,0.1,None,3,1155,46.05612497944893,-17.64627160712493,2.0159358915364605,0.9442205032142482,2.5948113571515004
30,CS72+BigLong+FlushB_nocomp,0.1,None,5,1601,65.3679003699198,-16.19418038467447,2.193489862352485,1.2361828547066165,2.7449694586577715
30,CS72+BigLong+FlushB_nocomp,0.1,None,8,1958,93.27933293715111,-25.319416155049357,2.447842150614301,1.1896173216608412,3.1646718558384137
30,CS72+BigLong+FlushB_nocomp,0.1,1,3,959,39.77567177272163,-11.453187201792858,1.9177262406263185,1.329571809378041,2.2535141095583824
30,CS72+BigLong+FlushB_nocomp,0.1,1,5,1210,48.90121365959557,-15.524774716576717,1.9241057432565598,0.9411905996972952,2.4105043427861688
30,CS72+BigLong+FlushB_nocomp,0.1,1,8,1382,62.61649583457294,-10.977438449537768,2.218628885609501,1.3389284032801412,2.6864454280506025
30,CS72+BigLong+FlushB_nocomp,0.1,2,3,1075,45.267228259940275,-16.93974707026301,2.024911516904441,1.1456766058583872,2.5000408490022274
30,CS72+BigLong+FlushB_nocomp,0.1,2,5,1380,52.71561689860087,-16.93974707026301,1.8904194194724826,1.1695868443947492,2.27984459042731
30,CS72+BigLong+FlushB_nocomp,0.1,2,8,1568,69.77804453248564,-16.93974707026301,2.271262207399739,1.3770022793719832,2.752740903168881
30,CS72+BigLong+FlushB_nocomp,0.1,3,3,1155,46.05612497944893,-17.64627160712493,2.0159358915364605,0.9442205032142482,2.5948113571515004
30,CS72+BigLong+FlushB_nocomp,0.1,3,5,1498,60.4387710643131,-17.64627160712493,2.177542756226235,1.2622133369733861,2.686513422837949
30,CS72+BigLong+FlushB_nocomp,0.1,3,8,1709,79.55949880516904,-17.64627160712493,2.4139393109262026,1.5224336035812802,2.904698787390789
30,CS72+BigLong+FlushB_nocomp,0.15,None,3,1155,73.30214280282465,-25.781465607118335,2.0057812322126454,0.9287068365236025,2.5882868543287385
30,CS72+BigLong+FlushB_nocomp,0.15,None,5,1601,106.00419577661988,-24.409257559437858,2.171138003842297,1.2082807863910157,2.727557871285809
30,CS72+BigLong+FlushB_nocomp,0.15,None,8,1958,156.45494437304683,-37.12996496268518,2.412272534194679,1.1326521327447505,3.146929875454821
30,CS72+BigLong+FlushB_nocomp,0.15,1,3,959,62.770343266321625,-16.83419628402666,1.9121960450540083,1.3252232623262519,2.247101928038095
30,CS72+BigLong+FlushB_nocomp,0.15,1,5,1210,77.39948932584207,-22.476077989935263,1.9146386422741928,0.9320150626488242,2.4008844980005004
30,CS72+BigLong+FlushB_nocomp,0.15,1,8,1382,101.76712418691918,-16.389573735262374,2.2087040906151745,1.3314157676610565,2.6749870256039188
30,CS72+BigLong+FlushB_nocomp,0.15,2,3,1075,72.07864232042695,-24.717603386152486,2.017020184555734,1.1352836596491764,2.4936347489388817
30,CS72+BigLong+FlushB_nocomp,0.15,2,5,1380,84.00911424735294,-24.717603386152486,1.8812602556644786,1.160135932819363,2.2706042606226466
30,CS72+BigLong+FlushB_nocomp,0.15,2,8,1568,114.45693307637023,-24.717603386152486,2.257472172636896,1.364364039077485,2.7382707938203477
30,CS72+BigLong+FlushB_nocomp,0.15,3,3,1155,73.30214280282465,-25.781465607118335,2.0057812322126454,0.9287068365236025,2.5882868543287385
30,CS72+BigLong+FlushB_nocomp,0.15,3,5,1498,97.6545063041748,-25.781465607118335,2.161282637792867,1.2484828868890867,2.669700973680441
30,CS72+BigLong+FlushB_nocomp,0.15,3,8,1709,132.45437340646004,-25.781465607118335,2.397430983495726,1.5051971168198515,2.888428353520805
30,CS72+BigLong+FlushB_nocomp,0.2,None,3,1155,103.33236342851313,-33.44093901513738,1.9955972336125203,0.9131616221196527,2.581668672284641
30,CS72+BigLong+FlushB_nocomp,0.2,None,5,1601,151.68506754248935,-32.911263137091574,2.1486799531812073,1.1795891789309039,2.7103544831750015
30,CS72+BigLong+FlushB_nocomp,0.2,None,8,1958,230.48525038067348,-48.20572465247831,2.3751220171502214,1.073616063085171,3.1290977985019333
30,CS72+BigLong+FlushB_nocomp,0.2,1,3,959,87.83822974671884,-21.986678564592932,1.906684035748111,1.3209293152185084,2.240715897701592
30,CS72+BigLong+FlushB_nocomp,0.2,1,5,1210,108.42236713454328,-28.930905372684347,1.904930478228482,0.9229301795746951,2.390827479356262
30,CS72+BigLong+FlushB_nocomp,0.2,1,8,1382,146.3841478568821,-21.719078126446277,2.198386283026412,1.324076985645815,2.6629146072665524
30,CS72+BigLong+FlushB_nocomp,0.2,2,3,1075,101.7034519493445,-32.03106814905947,2.0090955256860568,1.1248376187628892,2.487159844073391
30,CS72+BigLong+FlushB_nocomp,0.2,2,5,1380,118.40649447146573,-32.03106814905947,1.871906631029855,1.1506836071230904,2.26105606451174
30,CS72+BigLong+FlushB_nocomp,0.2,2,8,1568,166.020739232186,-32.03106814905947,2.24365827171605,1.3518242426931764,2.723684391750727
30,CS72+BigLong+FlushB_nocomp,0.2,3,3,1155,103.33236342851313,-33.44093901513738,1.9955972336125203,0.9131616221196527,2.581668672284641
30,CS72+BigLong+FlushB_nocomp,0.2,3,5,1498,139.49998381136334,-33.44093901513738,2.1452180011654023,1.2346647944897726,2.65308240749125
30,CS72+BigLong+FlushB_nocomp,0.2,3,8,1709,194.90567110845825,-33.44093901513738,2.3809454501890017,1.4879778843537077,2.872150757788473
30,CS72+BigLong+FlushB_nocomp,0.3,None,3,1155,171.2093381739995,-47.31001454622692,1.975270350241737,0.8819070079255983,2.5684388814521752
30,CS72+BigLong+FlushB_nocomp,0.3,None,5,1601,255.46809005042596,-49.796478738797745,2.1031835564749697,1.1192593843776648,2.676682032670946
30,CS72+BigLong+FlushB_nocomp,0.3,None,8,1958,402.8096152325123,-69.14158886744023,2.294957567196361,0.9504383092288244,3.0934712048415407
30,CS72+BigLong+FlushB_nocomp,0.3,1,3,959,144.00241005877103,-31.61595029163351,1.8958615869997475,1.3124899990040058,2.228226891156283
30,CS72+BigLong+FlushB_nocomp,0.3,1,5,1210,177.03242304638516,-41.28117417015049,1.8851017816383364,0.9050389852344307,2.3698588909004927
30,CS72+BigLong+FlushB_nocomp,0.3,1,8,1382,251.94675124286343,-32.04592514775849,2.176950778169439,1.3098776439032085,2.637453980023806
30,CS72+BigLong+FlushB_nocomp,0.3,2,3,1075,169.1171190950404,-45.274802353429024,1.993291293069006,1.1037514522192413,2.474263776482329
30,CS72+BigLong+FlushB_nocomp,0.3,2,5,1380,195.23866648991947,-45.274802353429024,1.8529342118348087,1.1317213929325916,2.241532412664939
30,CS72+BigLong+FlushB_nocomp,0.3,2,8,1568,289.6348423333378,-45.274802353429024,2.216134305221897,1.326985134121919,2.694447941932232
30,CS72+BigLong+FlushB_nocomp,0.3,3,3,1155,171.2093381739995,-47.31001454622692,1.975270350241737,0.8819070079255983,2.5684388814521752
30,CS72+BigLong+FlushB_nocomp,0.3,3,5,1498,235.90818018363348,-47.31001454622692,2.113677981384683,1.2067067974476158,2.6205474408887617
30,CS72+BigLong+FlushB_nocomp,0.3,3,8,1709,349.18918783018745,-47.31001454622692,2.3481979910630133,1.4535263922832693,2.8398380043699247
30,CS72+FlushC+MOM20_7d,0.1,None,3,1410,45.95710904899637,-15.887709794896598,2.163623966878747,1.771946968089082,2.7014877615791906
30,CS72+FlushC+MOM20_7d,0.1,None,5,1927,60.265678001592526,-17.670243508388317,2.213600352991014,1.8188854692298462,2.7178359576939237
30,CS72+FlushC+MOM20_7d,0.1,None,8,2388,75.98941236736407,-34.957362114397704,2.1810018398302238,1.4996077687555764,2.9626456836664565
30,CS72+FlushC+MOM20_7d,0.1,1,3,1347,38.132692182416086,-23.963298359047414,1.8967228201514226,1.5451181328979182,2.3795192776931273
30,CS72+FlushC+MOM20_7d,0.1,1,5,1810,46.95340131318597,-25.07750204311492,1.9234238816392761,1.6384037355415952,2.2905127373152343
30,CS72+FlushC+MOM20_7d,0.1,1,8,2222,63.926157384134456,-34.21421502797415,2.033841573512303,1.478505614661183,2.6696149234653146
30,CS72+FlushC+MOM20_7d,0.1,2,3,1394,45.11301338709581,-16.246269072081667,2.15323213183316,1.789138166284686,2.6522466412926735
30,CS72+FlushC+MOM20_7d,0.1,2,5,1875,54.57503734156515,-21.165089764193347,2.1078893122338904,1.7990588998486088,2.5039823901778955
30,CS72+FlushC+MOM20_7d,0.1,2,8,2297,70.59656775237164,-31.067105534180207,2.1535729264995127,1.5949416233066007,2.7988637555203693
30,CS72+FlushC+MOM20_7d,0.1,3,3,1410,45.95710904899637,-15.887709794896598,2.163623966878747,1.771946968089082,2.7014877615791906
30,CS72+FlushC+MOM20_7d,0.1,3,5,1907,57.275828986743484,-22.761711909042702,2.152019523338281,1.7483434062905159,2.6681924377503057
30,CS72+FlushC+MOM20_7d,0.1,3,8,2334,73.16573892286075,-31.71886451502316,2.1826145930972327,1.5911217042857573,2.8660508065612564
30,CS72+FlushC+MOM20_7d,0.15,None,3,1410,73.67195487369906,-23.522874956571883,2.1558050335449614,1.7642344547565678,2.692468297166336
30,CS72+FlushC+MOM20_7d,0.15,None,5,1927,97.88984622893248,-27.11332671027784,2.197207289309281,1.8020122916070955,2.701928948087727
30,CS72+FlushC+MOM20_7d,0.15,None,8,2388,124.09763458634573,-50.014981246826885,2.1526451766350254,1.4656776800404077,2.942194311509196
30,CS72+FlushC+MOM20_7d,0.15,1,3,1347,59.98961606252726,-34.242744633131714,1.888456542714858,1.536136740331825,2.3713359100131473
30,CS72+FlushC+MOM20_7d,0.15,1,5,1810,74.37817582347684,-36.25059478724509,1.910698916343339,1.6249226599784272,2.2785930111956274
30,CS72+FlushC+MOM20_7d,0.15,1,8,2222,102.75908692301346,-48.26448193036623,2.0134238936829063,1.455878948872115,2.651590299626607
30,CS72+FlushC+MOM20_7d,0.15,2,3,1394,72.2327254306355,-23.91637803572697,2.145865676765696,1.7823117020878725,2.643149384567698
30,CS72+FlushC+MOM20_7d,0.15,2,5,1875,87.78354935450365,-30.739931047250344,2.093727868046703,1.7857886608815972,2.488549466314176
30,CS72+FlushC+MOM20_7d,0.15,2,8,2297,114.81799558735636,-44.361080753472194,2.131408868591368,1.572188165013738,2.7774889091211463
30,CS72+FlushC+MOM20_7d,0.15,3,3,1410,73.67195487369906,-23.522874956571883,2.1558050335449614,1.7642344547565678,2.692468297166336
30,CS72+FlushC+MOM20_7d,0.15,3,5,1907,92.51416323228231,-33.561099936526986,2.136529105650092,1.7332235460377887,2.652138882260914
30,CS72+FlushC+MOM20_7d,0.15,3,8,2334,119.38630268368549,-45.43814124754431,2.1591195067265434,1.5658502113355746,2.84491507323021
30,CS72+FlushC+MOM20_7d,0.2,None,3,1410,104.66732082070283,-30.88550946720787,2.147848780769355,1.756357397114807,2.683448282916277
30,CS72+FlushC+MOM20_7d,0.2,None,5,1927,140.53013162214475,-36.593013788925354,2.18077051065591,1.7848557742166988,2.6863074957074495
30,CS72+FlushC+MOM20_7d,0.2,None,8,2388,178.01309148705653,-63.03411122377075,2.1232072604257053,1.4301634976412159,2.9216644599036172
30,CS72+FlushC+MOM20_7d,0.2,1,3,1347,83.59410780655323,-43.466625346924346,1.8800745884093202,1.526980143387051,2.3632103787907845
30,CS72+FlushC+MOM20_7d,0.2,1,5,1810,104.15695096888325,-46.406553580721834,1.8979745026845336,1.6114010605935698,2.266747156987166
30,CS72+FlushC+MOM20_7d,0.2,1,8,2222,145.50517880195798,-60.45529936026583,1.9927907514078451,1.4329748796132822,2.6334660596586215
30,CS72+FlushC+MOM20_7d,0.2,2,3,1394,102.51180016699699,-31.24060453262423,2.138391650441321,1.7753672819704156,2.6340499553510193
30,CS72+FlushC+MOM20_7d,0.2,2,5,1875,124.84503556787283,-40.131517792774964,2.079696701940853,1.7725553611259537,2.4733720405698643
30,CS72+FlushC+MOM20_7d,0.2,2,8,2297,164.45321998722687,-56.02604318004518,2.1090030912874895,1.5491056950995306,2.756015766219408
30,CS72+FlushC+MOM20_7d,0.2,3,3,1410,104.66732082070283,-30.88550946720787,2.147848780769355,1.756357397114807,2.683448282916277
30,CS72+FlushC+MOM20_7d,0.2,3,5,1907,132.080219986941,-43.714530671168596,2.121139809509899,1.7180728675098837,2.6363736367684565
30,CS72+FlushC+MOM20_7d,0.2,3,8,2334,171.44413013295969,-57.50380319550028,2.1351513091890957,1.539818811736383,2.823678802123924
30,CS72+FlushC+MOM20_7d,0.3,None,3,1410,176.44945907419202,-44.629896837603546,2.131550449347043,1.740119326091433,2.6654041064840768
30,CS72+FlushC+MOM20_7d,0.3,None,5,1927,239.51668833889883,-54.6842160297536,2.147479285317001,1.7493358066771176,2.655749060599424
30,CS72+FlushC+MOM20_7d,0.3,None,8,2388,295.48069099610177,-82.97503290181615,2.05969367613354,1.3528310030260553,2.880131465759322
30,CS72+FlushC+MOM20_7d,0.3,1,3,1347,135.3722764145628,-59.001512004108626,1.8629681297582117,1.5081170111568811,2.347131762982794
30,CS72+FlushC+MOM20_7d,0.3,1,5,1810,169.2011405031161,-63.55690790496187,1.8724033803631561,1.5840687100314188,2.2432094198424397
30,CS72+FlushC+MOM20_7d,0.3,1,8,2222,238.57578026704275,-78.7980615379456,1.9505036409246224,1.3858546372833154,2.5966926849985064
30,CS72+FlushC+MOM20_7d,0.3,2,3,1394,172.51628315930233,-44.75131617660879,2.123164789503632,1.7611656561395954,2.615841245723313
30,CS72+FlushC+MOM20_7d,0.3,2,5,1875,209.24297315014292,-56.991324833262325,2.0518804858442357,1.7460741689538335,2.4436163482897784
30,CS72+FlushC+MOM20_7d,0.3,2,8,2297,275.46073946370836,-74.47865889225973,2.0631225530071156,1.5015584179066,2.7125431701617515
30,CS72+FlushC+MOM20_7d,0.3,3,3,1410,176.44945907419202,-44.629896837603546,2.131550449347043,1.740119326091433,2.6654041064840768
30,CS72+FlushC+MOM20_7d,0.3,3,5,1907,222.75890626761924,-61.55142355927313,2.09047632155322,1.6874871452712061,2.60553367016354
30,CS72+FlushC+MOM20_7d,0.3,3,8,2334,287.7716582143495,-76.50969481774051,2.0850025276121875,1.4842579386563146,2.7806722368254233
30,CS72+FlushB_nocomp+MOM20_season,0.1,None,3,1137,34.93404648226666,-23.09942639486803,1.8369569339682004,1.2298808212023489,2.2282658360105545
30,CS72+FlushB_nocomp+MOM20_season,0.1,None,5,1620,46.076743842261415,-28.286951208228295,1.7439223659268288,1.0277634142242926,2.181515186351642
30,CS72+FlushB_nocomp+MOM20_season,0.1,None,8,2123,64.1140236289216,-31.86304400506633,1.8456987223506656,1.2118551845624468,2.249927991129506
30,CS72+FlushB_nocomp+MOM20_season,0.1,1,3,947,22.861270353416895,-18.41087970011429,1.4707410824014118,0.9572048939925809,1.7707912914276391
30,CS72+FlushB_nocomp+MOM20_season,0.1,1,5,1280,26.391982753719788,-22.277604311530595,1.306351009893492,1.0335246932849358,1.4800868714618312
30,CS72+FlushB_nocomp+MOM20_season,0.1,1,8,1638,35.468615552521875,-23.263736205552643,1.371937360506937,1.3903914699925208,1.3949292778433706
30,CS72+FlushB_nocomp+MOM20_season,0.1,2,3,1069,34.00278005375852,-15.990116448143265,1.8842046592604849,1.3332658203987489,2.228602028617591
30,CS72+FlushB_nocomp+MOM20_season,0.1,2,5,1424,34.60503658227194,-17.47222443832316,1.5653968274281147,1.3155955694522048,1.7314253567383624
30,CS72+FlushB_nocomp+MOM20_season,0.1,2,8,1799,42.72234752389108,-20.206444229938192,1.5408873251076083,1.7468800660786648,1.4588366477670414
30,CS72+FlushB_nocomp+MOM20_season,0.1,3,3,1137,34.93404648226666,-23.09942639486803,1.8369569339682004,1.2298808212023489,2.2282658360105545
30,CS72+FlushB_nocomp+MOM20_season,0.1,3,5,1525,37.85196649531963,-21.367283573703723,1.619604085765121,1.2347718373130694,1.8631054362641586
30,CS72+FlushB_nocomp+MOM20_season,0.1,3,8,1916,51.03111823218076,-20.324910368878633,1.7136771106552298,1.6328087844710388,1.7858348534984467
30,CS72+FlushB_nocomp+MOM20_season,0.15,None,3,1137,54.64133579233901,-33.047338608369756,1.8271356970691668,1.2143267366556392,2.2225137036575306
30,CS72+FlushB_nocomp+MOM20_season,0.15,None,5,1620,72.1135225056132,-40.71240362106609,1.72792241690367,1.0012005383090685,2.1729710907441575
30,CS72+FlushB_nocomp+MOM20_season,0.15,None,8,2123,100.72492274681606,-46.518648189150056,1.8111611026981729,1.1615526998182781,2.2280874563012274
30,CS72+FlushB_nocomp+MOM20_season,0.15,1,3,947,35.001786733985774,-26.601725024445834,1.4673830196868656,0.9524623138398254,1.768058678982835
30,CS72+FlushB_nocomp+MOM20_season,0.15,1,5,1280,39.99569186368201,-31.804903256146954,1.3007501497322902,1.0271616115634037,1.4747044592818908
30,CS72+FlushB_nocomp+MOM20_season,0.15,1,8,1638,53.69930591004719,-33.13524189121123,1.358953225946803,1.3812278711523516,1.3799766088502172
30,CS72+FlushB_nocomp+MOM20_season,0.15,2,3,1069,53.25371142488711,-23.381600867399342,1.8762205550154132,1.3220348308553809,2.222649687836323
30,CS72+FlushB_nocomp+MOM20_season,0.15,2,5,1424,53.29158098285354,-25.452302074059496,1.5537529572001196,1.3034442461538445,1.7197802538368971
30,CS72+FlushB_nocomp+MOM20_season,0.15,2,8,1799,65.46470948743675,-29.385782680456927,1.5246760352866877,1.732537108817955,1.4408887758789166
30,CS72+FlushB_nocomp+MOM20_season,0.15,3,3,1137,54.64133579233901,-33.047338608369756,1.8271356970691668,1.2143267366556392,2.2225137036575306
30,CS72+FlushB_nocomp+MOM20_season,0.15,3,5,1525,58.65404567790495,-31.100786485081557,1.6072157421354696,1.217755161059416,1.8532538488504895
30,CS72+FlushB_nocomp+MOM20_season,0.15,3,8,1916,79.50695409033692,-29.64556166140453,1.694492903028683,1.614040523180228,1.765793863586336
30,CS72+FlushB_nocomp+MOM20_season,0.2,None,3,1137,75.69154105551954,-42.01067442195834,1.8173588042569966,1.1985986175490904,2.2169641759214374
30,CS72+FlushB_nocomp+MOM20_season,0.2,None,5,1620,99.50768924705358,-51.83752439710635,1.711484224151973,0.9741219287960233,2.1641296255240103
30,CS72+FlushB_nocomp+MOM20_season,0.2,None,8,2123,138.24285820039762,-59.848349628940035,1.7759948542907833,1.1105426742826092,2.2063551013304705
30,CS72+FlushB_nocomp+MOM20_season,0.2,1,3,947,47.50958225970845,-34.152518226972525,1.4640702780094297,0.9476864358723804,1.7654090137735703
30,CS72+FlushB_nocomp+MOM20_season,0.2,1,5,1280,53.59892312032819,-40.36033335727349,1.2950776610099584,1.0208395336273088,1.4691976765066237
30,CS72+FlushB_nocomp+MOM20_season,0.2,1,8,1638,71.5842726767847,-41.95516667336307,1.3460468693727652,1.3722552533871897,1.365085517686186
30,CS72+FlushB_nocomp+MOM20_season,0.2,2,3,1069,73.91659697696188,-30.36350309425012,1.8683570132588905,1.310836007676164,2.21686598667939
30,CS72+FlushB_nocomp+MOM20_season,0.2,2,5,1424,72.53738175026308,-33.33971335211334,1.542237408384414,1.2913962934305045,1.708295093538246
30,CS72+FlushB_nocomp+MOM20_season,0.2,2,8,1799,88.27954796372597,-37.91469556586726,1.5085433451446886,1.7184422492084472,1.4231399475810935
30,CS72+FlushB_nocomp+MOM20_season,0.2,3,3,1137,75.69154105551954,-42.01067442195834,1.8173588042569966,1.1985986175490904,2.2169641759214374
30,CS72+FlushB_nocomp+MOM20_season,0.2,3,5,1525,80.27576919184129,-40.290320968381366,1.5949650114285052,1.2008954047425284,1.843516206461316
30,CS72+FlushB_nocomp+MOM20_season,0.2,3,8,1916,108.94852615361602,-38.723148317921996,1.6754462777392678,1.5954921331001435,1.7459450206616032
30,CS72+FlushB_nocomp+MOM20_season,0.3,None,3,1137,121.07117227098469,-57.2186838208488,1.7978870376905836,1.166523282417718,2.206472138306684
30,CS72+FlushB_nocomp+MOM20_season,0.3,None,5,1620,155.4830420438892,-70.03607626898606,1.677184485161397,0.9180269514801576,2.1457574873409033
30,CS72+FlushB_nocomp+MOM20_season,0.3,None,8,2123,205.92696099746695,-80.64541830606748,1.7039059649177013,1.0091976171174035,2.162978725877326
30,CS72+FlushB_nocomp+MOM20_season,0.3,1,3,947,73.23618296400637,-47.45149146595568,1.457582305666479,0.9380177390500899,1.7603688962989232
30,CS72+FlushB_nocomp+MOM20_season,0.3,1,5,1280,79.88336237966752,-54.849175635897105,1.2835517756234809,1.0082931027771105,1.45787295365383
30,CS72+FlushB_nocomp+MOM20_season,0.3,1,8,1638,104.01325831685106,-56.78034639125173,1.3202493324834401,1.3548266912802263,1.3351865354501502
30,CS72+FlushB_nocomp+MOM20_season,0.3,2,3,1069,118.99090776454706,-43.09569006278644,1.8529828780262694,1.2885138928979631,2.2058044084219013
30,CS72+FlushB_nocomp+MOM20_season,0.3,2,5,1424,111.33139454353804,-47.84843331938706,1.5195418768679696,1.2675820586553816,1.685731788043099
30,CS72+FlushB_nocomp+MOM20_season,0.3,2,8,1799,130.99799239031117,-53.240320006503474,1.4763199997623662,1.6909110013836854,1.3878846575960249
30,CS72+FlushB_nocomp+MOM20_season,0.3,3,3,1137,121.07117227098469,-57.2186838208488,1.7978870376905836,1.166523282417718,2.206472138306684
30,CS72+FlushB_nocomp+MOM20_season,0.3,3,5,1525,124.23635338666901,-56.51678531120672,1.570845804418353,1.1676566201724492,1.8243242563419355
30,CS72+FlushB_nocomp+MOM20_season,0.3,3,8,1916,166.542315021549,-55.67021198125619,1.6375969827579269,1.559023795045403,1.7065094119432265
30,CS72+CS24+FlushB_nocomp+BigLong,0.1,None,3,1895,31.41308683530044,-15.87839339648982,1.5143983148238924,1.0963208638965223,1.7805188397987424
30,CS72+CS24+FlushB_nocomp+BigLong,0.1,None,5,2835,60.98555569311186,-25.098865352402978,1.8978578657507874,1.9457966408556797,1.8981377025074695
30,CS72+CS24+FlushB_nocomp+BigLong,0.1,None,8,3645,98.80503507194796,-24.649861922524472,2.4322060297278325,2.1183678107566895,2.6382631196194852
30,CS72+CS24+FlushB_nocomp+BigLong,0.1,1,3,1798,32.4274588996935,-14.165775856137142,1.7090477203055252,1.594483914040083,1.802432753851769
30,CS72+CS24+FlushB_nocomp+BigLong,0.1,1,5,2563,47.12817974280195,-21.289674478283416,1.7250694419369381,2.0407858333012894,1.6589918205439882
30,CS72+CS24+FlushB_nocomp+BigLong,0.1,1,8,3129,65.98323034058646,-20.29093481634562,2.190966069750558,2.310589069909636,2.211449998787386
30,CS72+CS24+FlushB_nocomp+BigLong,0.1,2,3,1862,33.61390250283325,-14.542348345489575,1.6412172351275234,1.2516877249475684,1.881920471222482
30,CS72+CS24+FlushB_nocomp+BigLong,0.1,2,5,2679,52.022815618624875,-25.401675033285297,1.897461227515173,2.090820727428561,1.8329324873155688
30,CS72+CS24+FlushB_nocomp+BigLong,0.1,2,8,3291,71.87441375726091,-19.304841455681565,2.19529652963078,2.4285869887045353,2.154385113813565
30,CS72+CS24+FlushB_nocomp+BigLong,0.1,3,3,1895,31.41308683530044,-15.87839339648982,1.5143983148238924,1.0963208638965223,1.7805188397987424
30,CS72+CS24+FlushB_nocomp+BigLong,0.1,3,5,2757,57.353440867280405,-25.353154142112245,1.8779361379448116,2.0508646844414358,1.838115044466489
30,CS72+CS24+FlushB_nocomp+BigLong,0.1,3,8,3421,81.48845912107751,-20.242430777613627,2.311833629121901,2.4261841860394306,2.316329809860821
30,CS72+CS24+FlushB_nocomp+BigLong,0.15,None,3,1895,48.49597692676917,-23.227573562828606,1.510767661729633,1.0936333617241294,1.7767969890875595
30,CS72+CS24+FlushB_nocomp+BigLong,0.15,None,5,2835,97.97232278417536,-35.6945678025541,1.887627150088059,1.9300840105879176,1.889750772035965
30,CS72+CS24+FlushB_nocomp+BigLong,0.15,None,8,3645,168.03783856170676,-35.85508340606606,2.4056543722605674,2.068826466187663,2.624296925691899
30,CS72+CS24+FlushB_nocomp+BigLong,0.15,1,3,1798,50.653017822583,-20.69289210902452,1.707816054402823,1.596883785533319,1.7989052868595863
30,CS72+CS24+FlushB_nocomp+BigLong,0.15,1,5,2563,74.5531582091792,-30.532354886957346,1.7224885527619205,2.0423580394467185,1.6529856448952671
30,CS72+CS24+FlushB_nocomp+BigLong,0.15,1,8,3129,108.38047802418549,-29.291105981792054,2.1809636296392925,2.3095241143175373,2.196730898511489
30,CS72+CS24+FlushB_nocomp+BigLong,0.15,2,3,1862,52.43907911233661,-21.248249932182883,1.6404453182644774,1.2545524286330592,1.8792397944930423
30,CS72+CS24+FlushB_nocomp+BigLong,0.15,2,5,2679,83.01973515071326,-36.08850543676018,1.8913372587283,2.0915725038587913,1.8218775065135084
30,CS72+CS24+FlushB_nocomp+BigLong,0.15,2,8,3291,118.92232850740636,-28.08531016033623,2.1857248219748873,2.421577162974639,2.1429977332419075
30,CS72+CS24+FlushB_nocomp+BigLong,0.15,3,3,1895,48.49597692676917,-23.227573562828606,1.510767661729633,1.0936333617241294,1.7767969890875595
30,CS72+CS24+FlushB_nocomp+BigLong,0.15,3,5,2757,92.09667404194082,-36.01693156780542,1.873199828935891,2.048920768149194,1.8307373391074186
30,CS72+CS24+FlushB_nocomp+BigLong,0.15,3,8,3421,136.43911323932852,-29.347063977950526,2.3001981312867774,2.4174073834486043,2.302231256620366
30,CS72+CS24+FlushB_nocomp+BigLong,0.2,None,3,1895,66.28334639084844,-30.187646578755146,1.5072552982744836,1.0909041084639222,1.7732422777309467
30,CS72+CS24+FlushB_nocomp+BigLong,0.2,None,5,2835,138.81105944752306,-45.09861408868014,1.8770940476496973,1.9136704895750447,1.8814660473873857
30,CS72+CS24+FlushB_nocomp+BigLong,0.2,None,8,3645,251.25575515504423,-46.320289377874644,2.377825512900995,2.0165556128635305,2.610243134104222
30,CS72+CS24+FlushB_nocomp+BigLong,0.2,1,3,1798,70.17565559738898,-26.85972142357731,1.7066562131415013,1.59920284616612,1.7955711278988857
30,CS72+CS24+FlushB_nocomp+BigLong,0.2,1,5,2563,104.36787299383488,-39.05919883424319,1.7197543888982332,2.043815778656722,1.647118852644336
30,CS72+CS24+FlushB_nocomp+BigLong,0.2,1,8,3129,157.5068466362422,-37.55344752044634,2.170759426338594,2.3083746393376483,2.182043283490061
30,CS72+CS24+FlushB_nocomp+BigLong,0.2,2,3,1862,72.5027760876836,-27.59230487605332,1.6397743097868134,1.2573819843479725,1.8767037006404175
30,CS72+CS24+FlushB_nocomp+BigLong,0.2,2,5,2679,117.17871854897885,-45.551239782471875,1.8852623179483057,2.092267859385437,1.8112343060721998
30,CS72+CS24+FlushB_nocomp+BigLong,0.2,2,8,3291,173.95322443814106,-36.25757960458682,2.175873770427495,2.414663374644481,2.1314167192177464
30,CS72+CS24+FlushB_nocomp+BigLong,0.2,3,3,1895,66.28334639084844,-30.187646578755146,1.5072552982744836,1.0909041084639222,1.7732422777309467
30,CS72+CS24+FlushB_nocomp+BigLong,0.2,3,5,2757,130.71104172198312,-45.45961278006811,1.8682791110396653,2.0469689208991375,1.8233665019327279
30,CS72+CS24+FlushB_nocomp+BigLong,0.2,3,8,3421,201.85436762727628,-37.7593684567883,2.2883802546860816,2.4087101248533163,2.28811869827609
30,CS72+CS24+FlushB_nocomp+BigLong,0.3,None,3,1895,103.11442701732436,-42.959224193378866,1.5005921913106064,1.0853179331534668,1.7666747722709129
30,CS72+CS24+FlushB_nocomp+BigLong,0.3,None,5,2835,228.8208597971952,-60.6794184764616,1.8552809785163833,1.878277237955993,1.8655461522868306
30,CS72+CS24+FlushB_nocomp+BigLong,0.3,None,8,3645,453.7288159005467,-65.05591916487839,2.3177324973373876,1.9029617848293767,2.5819675201456262
30,CS72+CS24+FlushB_nocomp+BigLong,0.3,1,3,1798,112.84114816797062,-38.14793610553625,1.7046038863608224,1.603611761558674,1.7895371200631534
30,CS72+CS24+FlushB_nocomp+BigLong,0.3,1,5,2563,170.07317694389945,-53.831362919638394,1.7141521222389655,2.0464099615333353,1.6361156545183928
30,CS72+CS24+FlushB_nocomp+BigLong,0.3,1,8,3129,276.1788102221763,-51.99177115051214,2.149900694665572,2.305874436451208,2.1528859688021664
30,CS72+CS24+FlushB_nocomp+BigLong,0.3,2,3,1862,115.82116747316537,-39.23938161851682,1.6387612698077927,1.262951046061046,1.872118088508633
30,CS72+CS24+FlushB_nocomp+BigLong,0.3,2,5,2679,193.71632321158182,-61.1737408746492,1.8734604887231299,2.0935167676471034,1.7913333336230597
30,CS72+CS24+FlushB_nocomp+BigLong,0.3,2,8,3291,308.0514670175333,-50.75493388675315,2.1554844358186624,2.4011187211664837,2.107799334564422
30,CS72+CS24+FlushB_nocomp+BigLong,0.3,3,3,1895,103.11442701732436,-42.959224193378866,1.5005921913106064,1.0853179331534668,1.7666747722709129
30,CS72+CS24+FlushB_nocomp+BigLong,0.3,3,5,2757,217.97204568703538,-61.053921322869,1.8582806606213313,2.043080767671694,1.8090688818381122
30,CS72+CS24+FlushB_nocomp+BigLong,0.3,3,8,3421,364.91675682335875,-52.52227670783371,2.2643406857126855,2.391574727084699,2.2598957935700694
30,CS72+CS24+FlushC+FlushB_nocomp,0.1,None,3,1891,34.12576231910711,-14.555972606660571,1.7087748066704098,1.7996778907001738,1.6555253346284078
30,CS72+CS24+FlushC+FlushB_nocomp,0.1,None,5,2738,61.12139212446439,-18.194299841800245,2.188791676136742,2.205591440424612,2.183236960998605
30,CS72+CS24+FlushC+FlushB_nocomp,0.1,None,8,3444,99.38675065847451,-22.55879226736015,2.594863394385906,2.210711811975398,2.8430365005941214
30,CS72+CS24+FlushC+FlushB_nocomp,0.1,1,3,1734,16.648485358099528,-16.32265473121666,1.1440040502759292,1.873723517653933,0.7564466917027748
30,CS72+CS24+FlushC+FlushB_nocomp,0.1,1,5,2332,23.586718548516707,-16.463406996283314,1.2724660807642472,1.6531332500798197,1.1273983445263434
30,CS72+CS24+FlushC+FlushB_nocomp,0.1,1,8,2747,40.80629036621903,-16.867138005270398,1.7850281189413733,2.145736277933608,1.678531491050847
30,CS72+CS24+FlushC+FlushB_nocomp,0.1,2,3,1840,26.5548617897744,-14.926624022062995,1.5100505650157008,1.6130715936414683,1.4498435433990788
30,CS72+CS24+FlushC+FlushB_nocomp,0.1,2,5,2508,37.90051800567087,-15.42088112478167,1.7416383590674924,1.7397990508634886,1.759419664504344
30,CS72+CS24+FlushC+FlushB_nocomp,0.1,2,8,2977,56.948598801945,-18.934883374263713,2.152759271755352,2.0870353049593757,2.232780490179038
30,CS72+CS24+FlushC+FlushB_nocomp,0.1,3,3,1891,34.12576231910711,-14.555972606660571,1.7087748066704098,1.7996778907001738,1.6555253346284078
30,CS72+CS24+FlushC+FlushB_nocomp,0.1,3,5,2623,47.97793088762254,-17.00658659997768,1.9938769967749463,2.0485369387198613,1.9763757355664793
30,CS72+CS24+FlushC+FlushB_nocomp,0.1,3,8,3136,69.59504709367515,-20.185129513322064,2.37212522147561,2.499419865690805,2.352586168835153
30,CS72+CS24+FlushC+FlushB_nocomp,0.15,None,3,1891,53.161813473824715,-21.328154214248162,1.7038520860992488,1.7943738468922061,1.650318580063686
30,CS72+CS24+FlushC+FlushB_nocomp,0.15,None,5,2738,99.60281202841172,-26.472984290308265,2.1775221343406117,2.189695691061121,2.1744924694208336
30,CS72+CS24+FlushC+FlushB_nocomp,0.15,None,8,3444,171.05202236130052,-33.15232797496821,2.5688252532865885,2.1629103896668154,2.8297070042500887
30,CS72+CS24+FlushC+FlushB_nocomp,0.15,1,3,1734,25.063591430851794,-23.711117042347563,1.1443179676288813,1.8769262117763317,0.755019713512899
30,CS72+CS24+FlushC+FlushB_nocomp,0.15,1,5,2332,35.812775064899526,-24.007054985209365,1.2703957074467846,1.6583392676653865,1.1223595038693006
30,CS72+CS24+FlushC+FlushB_nocomp,0.15,1,8,2747,64.36240642097945,-24.824662992986813,1.7754194915057842,2.1482091925266107,1.664351063273321
30,CS72+CS24+FlushC+FlushB_nocomp,0.15,2,3,1840,40.91831717893199,-21.848739448288757,1.509061247790841,1.6151928517015888,1.4468343210466585
30,CS72+CS24+FlushC+FlushB_nocomp,0.15,2,5,2508,59.555360366243825,-22.75963741516309,1.739318294783031,1.7458425941917748,1.7521054976205235
30,CS72+CS24+FlushC+FlushB_nocomp,0.15,2,8,2977,92.73569348786899,-27.624436309855337,2.1434859118718164,2.0872801002203167,2.2187553296981513
30,CS72+CS24+FlushC+FlushB_nocomp,0.15,3,3,1891,53.161813473824715,-21.328154214248162,1.7038520860992488,1.7943738468922061,1.650318580063686
30,CS72+CS24+FlushC+FlushB_nocomp,0.15,3,5,2623,76.87608138003942,-24.879219044749767,1.990267378975632,2.051691713185414,1.9685916957868732
30,CS72+CS24+FlushC+FlushB_nocomp,0.15,3,8,3136,116.03436663195232,-29.300434948203257,2.3643968333052983,2.49574976821619,2.343078632369312
30,CS72+CS24+FlushC+FlushB_nocomp,0.2,None,3,1891,73.34275649526019,-27.75639488373267,1.699118612493082,1.7892356339624043,1.6453631494979948
30,CS72+CS24+FlushC+FlushB_nocomp,0.2,None,5,2738,143.44615965455304,-34.23222269261411,2.166054293778696,2.1731249611076238,2.165907180407679
30,CS72+CS24+FlushC+FlushB_nocomp,0.2,None,8,3444,259.4524836651854,-43.26729330832971,2.5414689565589974,2.1118658328838285,2.816571498358528
30,CS72+CS24+FlushC+FlushB_nocomp,0.2,1,3,1734,33.44662483127458,-30.60655264055002,1.1447310891740141,1.8800920289732492,0.7538149068363009
30,CS72+CS24+FlushC+FlushB_nocomp,0.2,1,5,2332,48.113973494681225,-31.100336692843545,1.2682494152014998,1.663418875852928,1.1173063645858206
30,CS72+CS24+FlushC+FlushB_nocomp,0.2,1,8,2747,89.82832476084424,-32.398197777733664,1.7656381207467282,2.1505592386907346,1.650158792670579
30,CS72+CS24+FlushC+FlushB_nocomp,0.2,2,3,1840,55.8734155819534,-28.404214086334832,1.5081948805543088,1.6174217182061348,1.4439662313880333
30,CS72+CS24+FlushC+FlushB_nocomp,0.2,2,5,2508,82.86596563167517,-29.7966053436047,1.7370591024202513,1.7518908485987277,1.7449238139774843
30,CS72+CS24+FlushC+FlushB_nocomp,0.2,2,8,2977,133.70098953680798,-35.75066194586422,2.134175991110048,2.0874108276203556,2.2048505764234236
30,CS72+CS24+FlushC+FlushB_nocomp,0.2,3,3,1891,73.34275649526019,-27.75639488373267,1.699118612493082,1.7892356339624043,1.6453631494979948
30,CS72+CS24+FlushC+FlushB_nocomp,0.2,3,5,2623,109.07742799195579,-32.303315976820265,1.9868372281386653,2.0549479490103777,1.9610820155804338
30,CS72+CS24+FlushC+FlushB_nocomp,0.2,3,8,3136,171.34615757520123,-37.73687261596608,2.356542366503219,2.492066169500131,2.333512886299637
30,CS72+CS24+FlushC+FlushB_nocomp,0.3,None,3,1891,116.35019286703061,-39.575891385684926,1.6902342564290085,1.7794891374908453,1.636172967471118
30,CS72+CS24+FlushC+FlushB_nocomp,0.3,None,5,2738,245.8321035236043,-48.27011838465408,2.142216675124428,2.1373270327900156,2.1490776254085717
30,CS72+CS24+FlushC+FlushB_nocomp,0.3,None,8,3444,485.65591407285604,-61.99927055743579,2.481667922884408,1.9988057869327298,2.790690955588931
30,CS72+CS24+FlushC+FlushB_nocomp,0.3,1,3,1734,49.81324680534351,-42.99052915951918,1.1458537942333344,1.8863163121047821,0.7520568388694243
30,CS72+CS24+FlushC+FlushB_nocomp,0.3,1,5,2332,72.18284099024513,-43.96999061417631,1.2637492619493789,1.6732217194430419,1.1071878551651864
30,CS72+CS24+FlushC+FlushB_nocomp,0.3,1,8,2747,145.39508408031492,-46.25560549341764,1.7455364052691023,2.1549207414706415,1.6217387290834906
30,CS72+CS24+FlushC+FlushB_nocomp,0.3,2,3,1840,87.03164384557911,-40.414026691541814,1.506862550736492,1.6222326267925762,1.4386814631868539
30,CS72+CS24+FlushC+FlushB_nocomp,0.3,2,5,2508,133.62798996211689,-42.845306830285836,1.7326922570514216,1.764049033342727,1.730875596251949
30,CS72+CS24+FlushC+FlushB_nocomp,0.3,2,8,2977,231.22446263039635,-50.2478344655136,2.115398182997957,2.0873639987120285,2.1773299185348733
30,CS72+CS24+FlushC+FlushB_nocomp,0.3,3,3,1891,116.35019286703061,-39.575891385684926,1.6902342564290085,1.7794891374908453,1.636172967471118
30,CS72+CS24+FlushC+FlushB_nocomp,0.3,3,5,2623,182.86415728616362,-45.761295696492525,1.9804275404457983,2.0618238378616787,1.946687518779274
30,CS72+CS24+FlushC+FlushB_nocomp,0.3,3,8,3136,310.9707550961259,-52.5621719997736,2.3403843278945664,2.484675455564074,2.3141034674875183
30,CS72+FlushC+FlushB_nocomp+BigLong,0.1,None,3,1230,53.46024123954882,-15.809395572083218,2.069790996961278,1.6387130258065892,2.3364996206758204
30,CS72+FlushC+FlushB_nocomp+BigLong,0.1,None,5,1697,73.55255307798333,-17.694033594119407,2.186305918444837,1.5174872021974175,2.5719800916655298
30,CS72+FlushC+FlushB_nocomp+BigLong,0.1,None,8,2056,100.88074761567248,-22.46489810051042,2.5074142633867638,1.4896970699273338,3.0913663023379256
30,CS72+FlushC+FlushB_nocomp+BigLong,0.1,1,3,994,38.918412584856284,-9.298647149257611,2.0483108299234156,1.443469265213816,2.3963376698149874
30,CS72+FlushC+FlushB_nocomp+BigLong,0.1,1,5,1246,51.038858751466854,-15.524774716576683,1.874420368304801,0.9007817789483381,2.353847751803599
30,CS72+FlushC+FlushB_nocomp+BigLong,0.1,1,8,1424,61.8807910961755,-10.593219493270157,2.09394605194847,1.2193371693275257,2.552775239420223
30,CS72+FlushC+FlushB_nocomp+BigLong,0.1,2,3,1143,48.74997056502668,-15.194088892283908,1.9622911660968514,1.5291780974049407,2.2290998346259747
30,CS72+FlushC+FlushB_nocomp+BigLong,0.1,2,5,1450,55.891684099835715,-15.194088892283908,1.9498672765270058,1.228976578533068,2.344534581628824
30,CS72+FlushC+FlushB_nocomp+BigLong,0.1,2,8,1639,70.53639143833539,-15.194088892283908,2.1970441800602862,1.3377859338875762,2.66028687034419
30,CS72+FlushC+FlushB_nocomp+BigLong,0.1,3,3,1230,53.46024123954882,-15.809395572083218,2.069790996961278,1.6387130258065892,2.3364996206758204
30,CS72+FlushC+FlushB_nocomp+BigLong,0.1,3,5,1580,64.56331032888751,-15.809395572083218,2.056506114498899,1.3935900130353924,2.4305305689609926
30,CS72+FlushC+FlushB_nocomp+BigLong,0.1,3,8,1788,80.60614273171498,-15.809395572083218,2.3303448377496525,1.7116161562435732,2.697101512710627
30,CS72+FlushC+FlushB_nocomp+BigLong,0.15,None,3,1230,86.2220690403528,-23.08793700754216,2.061379570487367,1.6237573678867623,2.3308604683431025
30,CS72+FlushC+FlushB_nocomp+BigLong,0.15,None,5,1697,120.99572773249801,-25.9029395552813,2.1689454338601197,1.4867723828013042,2.5610049895356037
30,CS72+FlushC+FlushB_nocomp+BigLong,0.15,None,8,2056,171.3506643783631,-33.030195412273066,2.4738640543368726,1.4306427734662943,3.074454934276579
30,CS72+FlushC+FlushB_nocomp+BigLong,0.15,1,3,994,61.61333020575099,-13.79811882435381,2.0444697562115217,1.4426276808145835,2.390996030413066
30,CS72+FlushC+FlushB_nocomp+BigLong,0.15,1,5,1246,81.28925529271535,-22.476077989935327,1.8674577367805292,0.8983764256718262,2.3450446123520643
30,CS72+FlushC+FlushB_nocomp+BigLong,0.15,1,8,1424,100.39546453772901,-15.811937559330802,2.083124438667776,1.2117916564585705,2.5399371000663824
30,CS72+FlushC+FlushB_nocomp+BigLong,0.15,2,3,1143,78.02567582575004,-22.165273003765417,1.9567656982757837,1.5194319780456575,2.2251506901152696
30,CS72+FlushC+FlushB_nocomp+BigLong,0.15,2,5,1450,89.68660747995042,-22.165273003765417,1.9404040744481832,1.218758770853224,2.335127860356004
30,CS72+FlushC+FlushB_nocomp+BigLong,0.15,2,8,1639,115.81990715205701,-22.165273003765417,2.185032778138752,1.324118840776407,2.648612298898058
30,CS72+FlushC+FlushB_nocomp+BigLong,0.15,3,3,1230,86.2220690403528,-23.08793700754216,2.061379570487367,1.6237573678867623,2.3308604683431025
30,CS72+FlushC+FlushB_nocomp+BigLong,0.15,3,5,1580,105.19182892232647,-23.08793700754216,2.045867347174262,1.3785227619726277,2.42141430660857
30,CS72+FlushC+FlushB_nocomp+BigLong,0.15,3,8,1788,134.4170009159269,-23.08793700754216,2.314575594119796,1.6931333354928702,2.68168030568357
30,CS72+FlushC+FlushB_nocomp+BigLong,0.2,None,3,1230,123.17458971199646,-29.963220519443478,2.0528711185019857,1.6087509043375752,2.3251338388667513
30,CS72+FlushC+FlushB_nocomp+BigLong,0.2,None,5,1697,175.61587426976124,-33.68021522969498,2.151294300438964,1.4553173887435822,2.5500428435888187
30,CS72+FlushC+FlushB_nocomp+BigLong,0.2,None,8,2056,255.69445468295427,-43.12841922566187,2.438968139037179,1.3691286878119107,3.0578015148954933
30,CS72+FlushC+FlushB_nocomp+BigLong,0.2,1,3,994,86.52120253326183,-18.18950744323048,2.040675085580076,1.4417954947823814,2.3857193394109704
30,CS72+FlushC+FlushB_nocomp+BigLong,0.2,1,5,1246,114.62005935761992,-28.930905372684347,1.8604995013643038,0.8959379924396658,2.336215143980975
30,CS72+FlushC+FlushB_nocomp+BigLong,0.2,1,8,1424,144.12949955083093,-21.02511293375915,2.07221327313721,1.2044388686718015,2.5269138559953745
30,CS72+FlushC+FlushB_nocomp+BigLong,0.2,2,3,1143,110.66127423446316,-28.739103662518485,1.951153150657992,1.509683121263598,2.221103658490522
30,CS72+FlushC+FlushB_nocomp+BigLong,0.2,2,5,1450,127.27704250850995,-28.739103662518485,1.9309680951730617,1.20857720678476,2.325736335219491
30,CS72+FlushC+FlushB_nocomp+BigLong,0.2,2,8,1639,168.152789009713,-28.739103662518485,2.173114779119384,1.3105677375350357,2.6370155228857675
30,CS72+FlushC+FlushB_nocomp+BigLong,0.2,3,3,1230,123.17458971199646,-29.963220519443478,2.0528711185019857,1.6087509043375752,2.3251338388667513
30,CS72+FlushC+FlushB_nocomp+BigLong,0.2,3,5,1580,151.50785053262803,-29.963220519443478,2.0351068157398218,1.363422268298336,2.4121363724062452
30,CS72+FlushC+FlushB_nocomp+BigLong,0.2,3,8,1788,198.07965382484483,-29.963220519443478,2.298991838135184,1.674702550111686,2.666561396506797
30,CS72+FlushC+FlushB_nocomp+BigLong,0.3,None,3,1230,209.5691262936134,-42.54681644235552,2.035702275707196,1.5784970067962112,2.3136500471026613
30,CS72+FlushC+FlushB_nocomp+BigLong,0.3,None,5,1697,304.0911145827006,-47.936649749627925,2.115022804251526,1.3895578755307876,2.52837323372744
30,CS72+FlushC+FlushB_nocomp+BigLong,0.3,None,8,2056,458.6338693377157,-63.601002290203446,2.3639449142809332,1.238995409531482,3.0252805845357615
30,CS72+FlushC+FlushB_nocomp+BigLong,0.3,1,3,994,142.9672976566206,-26.627756023452022,2.033237890405248,1.440168259866606,2.3753756381823723
30,CS72+FlushC+FlushB_nocomp+BigLong,0.3,1,5,1246,189.8041964515641,-40.47303934632169,1.8467862977274487,0.8909844287505723,2.318768606134336
30,CS72+FlushC+FlushB_nocomp+BigLong,0.3,1,8,1424,246.9436675146122,-31.214498208224185,2.050343911521971,1.1902612578318792,2.5006335903325034
30,CS72+FlushC+FlushB_nocomp+BigLong,0.3,2,3,1143,185.86886864927288,-40.751822102910594,1.939809485392094,1.4901200106026178,2.2129336146508587
30,CS72+FlushC+FlushB_nocomp+BigLong,0.3,2,5,1450,212.70146998351387,-40.751822102910594,1.9122954185525485,1.1882669341489274,2.3072011539283737
30,CS72+FlushC+FlushB_nocomp+BigLong,0.3,2,8,1639,293.78004957005845,-40.751822102910594,2.1496266784256584,1.2837547218335186,2.614174604363005
30,CS72+FlushC+FlushB_nocomp+BigLong,0.3,3,3,1230,209.5691262936134,-42.54681644235552,2.035702275707196,1.5784970067962112,2.3136500471026613
30,CS72+FlushC+FlushB_nocomp+BigLong,0.3,3,5,1580,260.3116920098786,-42.54681644235552,2.013444003110299,1.3330510821478954,2.3934556451835602
30,CS72+FlushC+FlushB_nocomp+BigLong,0.3,3,8,1788,355.622294775011,-42.54681644235552,2.2684087667805652,1.6379249492917076,2.637257084122479
30,CS72+FlushC+FlushB_nocomp+MOM20_7d,0.1,None,3,1552,51.56920965083316,-22.977250612167367,2.217704198610794,1.6631245859105723,2.947470349265495
30,CS72+FlushC+FlushB_nocomp+MOM20_7d,0.1,None,5,2197,65.84093896224503,-26.015492656859685,2.2011605165751966,1.67708147103573,2.8473343878771877
30,CS72+FlushC+FlushB_nocomp+MOM20_7d,0.1,None,8,2787,88.45726494900657,-29.657275795023942,2.386402132133158,1.624721033966767,3.3047678503094082
30,CS72+FlushC+FlushB_nocomp+MOM20_7d,0.1,1,3,1404,36.57175632628204,-20.92375235593171,1.8379221784884068,1.5842007927398816,2.1982965284266784
30,CS72+FlushC+FlushB_nocomp+MOM20_7d,0.1,1,5,1890,42.902606112214016,-24.354936980531583,1.7888784841381038,1.473982230252533,2.2034083247465284
30,CS72+FlushC+FlushB_nocomp+MOM20_7d,0.1,1,8,2311,61.195808602648306,-33.40274490312689,1.923654216787895,1.4168675662693857,2.5053154134208557
30,CS72+FlushC+FlushB_nocomp+MOM20_7d,0.1,2,3,1506,50.687587418941234,-20.762102539524964,2.252180063009777,1.733096416321562,2.9549501775757823
30,CS72+FlushC+FlushB_nocomp+MOM20_7d,0.1,2,5,2033,55.78350812853148,-20.093611097819807,2.060615064224557,1.7632688625992357,2.4428117278843695
30,CS72+FlushC+FlushB_nocomp+MOM20_7d,0.1,2,8,2481,70.34262842280936,-27.960349325860346,2.2126935145570323,1.5908091932745327,2.963661409850966
30,CS72+FlushC+FlushB_nocomp+MOM20_7d,0.1,3,3,1552,51.56920965083316,-22.977250612167367,2.217704198610794,1.6631245859105723,2.947470349265495
30,CS72+FlushC+FlushB_nocomp+MOM20_7d,0.1,3,5,2120,61.974606780473195,-22.50891100108241,2.1511511255778393,1.698884230910494,2.7174992503116786
30,CS72+FlushC+FlushB_nocomp+MOM20_7d,0.1,3,8,2590,75.16994864214048,-28.14181025851058,2.2957107620457444,1.6846174372790548,3.048260998449177
30,CS72+FlushC+FlushB_nocomp+MOM20_7d,0.15,None,3,1552,83.24885622096521,-33.73072900959456,2.208080708606931,1.652484232698896,2.9390498109672882
30,CS72+FlushC+FlushB_nocomp+MOM20_7d,0.15,None,5,2197,107.60184857180649,-38.12497179223169,2.1855016039498314,1.6600003055857933,2.833747201984588
30,CS72+FlushC+FlushB_nocomp+MOM20_7d,0.15,None,8,2787,146.93429204510156,-44.50176081516244,2.3493559986613346,1.5809152098519919,3.2799897286569393
30,CS72+FlushC+FlushB_nocomp+MOM20_7d,0.15,1,3,1404,57.35737025057115,-30.72616879456276,1.8312361120274012,1.5754314150499844,2.1936276202552305
30,CS72+FlushC+FlushB_nocomp+MOM20_7d,0.15,1,5,1890,67.27162266649636,-35.36855732892171,1.7781712683205761,1.4630722066292838,2.193229878360112
30,CS72+FlushC+FlushB_nocomp+MOM20_7d,0.15,1,8,2311,97.45729447996223,-47.51988828143862,1.9027138872510865,1.395378687423311,2.48464144163556
30,CS72+FlushC+FlushB_nocomp+MOM20_7d,0.15,2,3,1506,81.9455754723695,-30.11763978103098,2.2440812120609315,1.7241325634295432,2.947022713891193
30,CS72+FlushC+FlushB_nocomp+MOM20_7d,0.15,2,5,2033,89.91642149892903,-29.743715992908026,2.050875233330941,1.7528801401720084,2.433906798807511
30,CS72+FlushC+FlushB_nocomp+MOM20_7d,0.15,2,8,2481,114.31274606544272,-41.29834205259599,2.1877940267408267,1.5677545185932935,2.938409008387225
30,CS72+FlushC+FlushB_nocomp+MOM20_7d,0.15,3,3,1552,83.24885622096521,-33.73072900959456,2.208080708606931,1.652484232698896,2.9390498109672882
30,CS72+FlushC+FlushB_nocomp+MOM20_7d,0.15,3,5,2120,100.77106023519006,-33.60861104507058,2.1381942776100558,1.6861577700583161,2.7044516750724834
30,CS72+FlushC+FlushB_nocomp+MOM20_7d,0.15,3,8,2590,123.13467152304196,-41.92135782262794,2.268415398283057,1.657814286422509,3.022236513466948
30,CS72+FlushC+FlushB_nocomp+MOM20_7d,0.2,None,3,1552,119.04077027997641,-43.849501344397076,2.198323266351669,1.6416774028166565,2.930567980487991
30,CS72+FlushC+FlushB_nocomp+MOM20_7d,0.2,None,5,2197,155.24621339858223,-49.47510276533427,2.169630451538606,1.6426116640766708,2.8201615716252126
30,CS72+FlushC+FlushB_nocomp+MOM20_7d,0.2,None,8,2787,213.94270855994836,-58.31883461330777,2.31083513028852,1.5352970153332628,3.254927098891673
30,CS72+FlushC+FlushB_nocomp+MOM20_7d,0.2,1,3,1404,79.68206299152682,-39.933882317889534,1.8244111819032696,1.5665150791324693,2.1888946577196893
30,CS72+FlushC+FlushB_nocomp+MOM20_7d,0.2,1,5,1890,93.20781215616888,-45.810545278422424,1.7673688592226549,1.4521740443303557,2.1828490865315224
30,CS72+FlushC+FlushB_nocomp+MOM20_7d,0.2,1,8,2311,136.60391734275174,-59.67676680518863,1.8818830930975425,1.3736464705999034,2.4644764939424353
30,CS72+FlushC+FlushB_nocomp+MOM20_7d,0.2,2,3,1506,117.40170486698096,-38.95468977643702,2.2358183480570597,1.7149871675254305,2.9390543445913098
30,CS72+FlushC+FlushB_nocomp+MOM20_7d,0.2,2,5,2033,128.11467108851326,-39.52835664359172,2.0409957243809584,1.742557300917247,2.424637816059836
30,CS72+FlushC+FlushB_nocomp+MOM20_7d,0.2,2,8,2481,163.52603333653383,-53.556809999958055,2.162748757745862,1.544444906879933,2.913121494662823
30,CS72+FlushC+FlushB_nocomp+MOM20_7d,0.2,3,3,1552,119.04077027997641,-43.849501344397076,2.198323266351669,1.6416774028166565,2.930567980487991
30,CS72+FlushC+FlushB_nocomp+MOM20_7d,0.2,3,5,2120,144.75046676832605,-44.19055052855926,2.1252167695312933,1.6734320307245303,2.6914096795527365
30,CS72+FlushC+FlushB_nocomp+MOM20_7d,0.2,3,8,2590,177.46142063974287,-54.661170436823646,2.240710996564184,1.6305452018377842,2.995865401666899
30,CS72+FlushC+FlushB_nocomp+MOM20_7d,0.3,None,3,1552,202.90610891666952,-61.455252127806204,2.1784144350693975,1.6195373794365828,2.913490080383357
30,CS72+FlushC+FlushB_nocomp+MOM20_7d,0.3,None,5,2197,266.12946127574264,-68.69540427099685,2.1370036045231826,1.6065815402920098,2.7929016400082407
30,CS72+FlushC+FlushB_nocomp+MOM20_7d,0.3,None,8,2787,362.19850437710255,-81.79873867392178,2.227748764455245,1.4373132137659763,3.203801720447638
30,CS72+FlushC+FlushB_nocomp+MOM20_7d,0.3,1,3,1404,128.26246385950296,-56.261844017730844,1.8103426322858522,1.54821013276153,2.179241336967766
30,CS72+FlushC+FlushB_nocomp+MOM20_7d,0.3,1,5,1890,148.0337985011392,-63.73400936805515,1.7453814913476664,1.4302549371827402,2.1614606370261775
30,CS72+FlushC+FlushB_nocomp+MOM20_7d,0.3,1,8,2311,218.8981355506911,-78.13176383125018,1.839899703236573,1.3289805943297455,2.4248770622759457
30,CS72+FlushC+FlushB_nocomp+MOM20_7d,0.3,2,3,1506,201.16604095403633,-55.69221392423485,2.218818747125689,1.696141191218158,2.9230003695384457
30,CS72+FlushC+FlushB_nocomp+MOM20_7d,0.3,2,5,2033,215.28941819503845,-57.85401540974897,2.020765982311132,1.7220175024145865,2.404995588859013
30,CS72+FlushC+FlushB_nocomp+MOM20_7d,0.3,2,8,2481,272.7884231025041,-73.68617430457876,2.1117590058693922,1.4966723204369272,2.862034726269497
30,CS72+FlushC+FlushB_nocomp+MOM20_7d,0.3,3,3,1552,202.90610891666952,-61.455252127806204,2.1784144350693975,1.6195373794365828,2.913490080383357
30,CS72+FlushC+FlushB_nocomp+MOM20_7d,0.3,3,5,2120,246.62720228605713,-62.901157535979316,2.099069579222537,1.647863759730511,2.665191365502476
30,CS72+FlushC+FlushB_nocomp+MOM20_7d,0.3,3,8,2590,299.6820323344635,-75.47272059363273,2.1835579573811366,1.57398465192688,2.9418400538742486
16,CS72+FlushB,0.1,None,3,867,37.142207014498396,-14.511152858313302,2.132544952856621,1.709319244613521,2.406950541838079
16,CS72+FlushB,0.1,None,5,1057,45.04157166413507,-22.714118583511166,1.924289304770564,1.2931244261586323,2.295343954063909
16,CS72+FlushB,0.1,None,8,1138,47.60435240296332,-23.45712616211718,1.9373249023810737,1.4052170060981433,2.2581298138888948
16,CS72+FlushB,0.1,1,3,563,18.27409795891446,-7.7727522720453806,1.6241315380197314,1.3058469076758694,1.8214480945896292
16,CS72+FlushB,0.1,1,5,605,20.107230682028355,-7.7727522720453806,1.6867881397780113,1.3889832581658434,1.876417158204247
16,CS72+FlushB,0.1,1,8,617,20.83009345908209,-7.7727522720453806,1.7119360815751838,1.3943160277626216,1.913009523871098
16,CS72+FlushB,0.1,2,3,756,28.232549895051328,-11.945697576361825,1.8730214841228807,1.2981661941390794,2.218219179326594
16,CS72+FlushB,0.1,2,5,807,30.573638311855646,-11.945697576361825,1.9578969915875923,1.3944867777721055,2.296500118609951
16,CS72+FlushB,0.1,2,8,822,30.900948018919316,-11.945697576361825,1.9540081952529864,1.4015193947741456,2.2844443684148747
16,CS72+FlushB,0.1,3,3,867,37.142207014498396,-14.511152858313302,2.132544952856621,1.709319244613521,2.406950541838079
16,CS72+FlushB,0.1,3,5,928,38.13006240578321,-14.511152858313302,2.1471176939626373,1.674304310512258,2.450229398614498
16,CS72+FlushB,0.1,3,8,945,37.91417054932067,-14.511152858313302,2.1143692587026472,1.6910259556100014,2.3842884976594982
16,CS72+FlushB,0.15,None,3,867,58.84923164725673,-21.295649048117017,2.1262445301145023,1.6945274482336194,2.406239200185127
16,CS72+FlushB,0.15,None,5,1057,71.3043357626383,-32.508591927548004,1.9154438407187622,1.2655162025121651,2.2975333809985172
16,CS72+FlushB,0.15,None,8,1138,75.49228767709104,-33.48635313393133,1.926049194028392,1.3728096838369002,2.2592357854872076
16,CS72+FlushB,0.15,1,3,563,28.072518221157395,-11.487350741333135,1.6245423500925096,1.3067938391416503,1.8215973551941538
16,CS72+FlushB,0.15,1,5,605,30.982135217488448,-11.487350741333135,1.6865857760578786,1.3892236182471351,1.8759793189955287
16,CS72+FlushB,0.15,1,8,617,32.14791643091146,-11.487350741333135,1.7119271924695656,1.3944495695882908,1.9129174428323217
16,CS72+FlushB,0.15,2,3,756,44.05454994222342,-17.844310149988928,1.8708020438715156,1.2926252050459976,2.218075981351603
16,CS72+FlushB,0.15,2,5,807,47.95782895617282,-17.844310149988928,1.9559953995207702,1.3900397967017881,2.296212992188203
16,CS72+FlushB,0.15,2,8,822,48.478381456648535,-17.844310149988928,1.951889056784398,1.3968128285180217,2.2839038365533186
16,CS72+FlushB,0.15,3,3,867,58.84923164725673,-21.295649048117017,2.1262445301145023,1.6945274482336194,2.406239200185127
16,CS72+FlushB,0.15,3,5,928,60.5095393145882,-21.295649048117017,2.1406552009639985,1.6612725057151794,2.448181440424978
16,CS72+FlushB,0.15,3,8,945,60.09399843446324,-21.295649048117017,2.1077918826183444,1.6777373431147138,2.382017313657855
16,CS72+FlushB,0.2,None,3,867,82.70954233031054,-27.76275596952422,2.1197964618938783,1.6795378927940319,2.405433543897276
16,CS72+FlushB,0.2,None,5,1057,99.90661846834041,-41.3604553608885,1.9061124580223805,1.2372922854953712,2.299446793718086
16,CS72+FlushB,0.2,None,8,1138,105.88809412633839,-42.49159971578257,1.9143863229470717,1.3400658516528565,2.2601172109009773
16,CS72+FlushB,0.2,1,3,563,38.300009548492106,-15.08986893072015,1.6249554782280133,1.3077407905460272,1.8217505108540493
16,CS72+FlushB,0.2,1,5,605,42.39213904537191,-15.08986893072015,1.6864001962647117,1.3894781582828977,1.8755609573211065
16,CS72+FlushB,0.2,1,8,617,44.05801050343807,-15.08986893072015,1.711931849117076,1.3946004789591897,1.9128384345928953
16,CS72+FlushB,0.2,2,3,756,61.006806237677225,-23.6458924767729,1.8685354349069419,1.2871271097631451,2.2178350863754908
16,CS72+FlushB,0.2,2,5,807,66.76340124182245,-23.6458924767729,1.9540515900961135,1.3856106575324618,2.295851504099008
16,CS72+FlushB,0.2,2,8,822,67.4912987516099,-23.6458924767729,1.9497093353058783,1.392128551370354,2.2832594858222373
16,CS72+FlushB,0.2,3,3,867,82.70954233031054,-27.76275596952422,2.1197964618938783,1.6795378927940319,2.405433543897276
16,CS72+FlushB,0.2,3,5,928,85.17044526229434,-27.76275596952422,2.1340479340901415,1.6480222921271037,2.4460568997524827
16,CS72+FlushB,0.2,3,8,945,84.47024342329445,-27.76275596952422,2.101063727484684,1.6642320542150602,2.3796579601584344
16,CS72+FlushB,0.3,None,3,867,136.8841978078402,-39.74217015650201,2.1064736976929135,1.6489186573858228,2.4036078893788257
16,CS72+FlushB,0.3,None,5,1057,163.08309413527348,-57.53639761505871,1.8859292057398818,1.1786252521493492,2.3025877373086914
16,CS72+FlushB,0.3,None,8,1138,172.83117803137492,-57.73292347664678,1.8898080699795425,1.2732492495747372,2.261315540353357
16,CS72+FlushB,0.3,1,3,563,59.98739277247074,-21.96616260419565,1.6257935133798314,1.3096364884139615,1.8220750906069298
16,CS72+FlushB,0.3,1,5,605,66.75376821246945,-21.96616260419565,1.686083208040425,1.3900297080166084,1.874788512238726
16,CS72+FlushB,0.3,1,8,617,69.59737031120467,-21.96616260419565,1.7119853084060306,1.3949537789188515,1.9127252257286294
16,CS72+FlushB,0.3,2,3,756,98.19643750733897,-34.8338899119381,1.8638857626237368,1.2762504680637186,2.2171048847868438
16,CS72+FlushB,0.3,2,5,807,108.61329852819743,-34.8338899119381,1.9500626510934858,1.3767984733351009,2.294949628332617
16,CS72+FlushB,0.3,2,8,822,109.77101387734626,-34.8338899119381,1.945189325579694,1.3828190287188389,2.281696454849645
16,CS72+FlushB,0.3,3,3,867,136.8841978078402,-39.74217015650201,2.1064736976929135,1.6489186573858228,2.4036078893788257
16,CS72+FlushB,0.3,3,5,928,141.34155499613848,-39.74217015650201,2.1204166780764035,1.6208224304869892,2.441647511565183
16,CS72+FlushB,0.3,3,8,945,139.72958360630506,-39.74217015650201,2.0871690764460147,1.636526774216562,2.3747347648932555
16,CS72+FlushB+BigLong,0.1,None,3,1008,34.99524830605964,-14.511152858313292,1.9114908055023703,1.5063648880544958,2.1634225175366373
16,CS72+FlushB+BigLong,0.1,None,5,1277,46.433919489937715,-22.7141185835112,2.1176095933599166,1.46161489152176,2.5563919446697376
16,CS72+FlushB+BigLong,0.1,None,8,1403,52.088679300600596,-23.457126162117202,2.050090054245591,1.5679909205030003,2.350650937131882
16,CS72+FlushB+BigLong,0.1,1,3,779,27.630285558630007,-11.998178632031742,1.6395454155134777,1.1626363083710927,1.918192044357261
16,CS72+FlushB+BigLong,0.1,1,5,910,34.33816511090071,-14.019658731561845,2.033037267017226,1.3627412811695927,2.4107359469313883
16,CS72+FlushB+BigLong,0.1,1,8,968,41.66469885181358,-14.619680614174591,2.082489736149375,1.7331317704016687,2.323490927041492
16,CS72+FlushB+BigLong,0.1,2,3,933,28.251110981989115,-11.998178632031664,1.704012485144195,1.0060682118710584,2.1014381139896035
16,CS72+FlushB+BigLong,0.1,2,5,1081,38.28715497982165,-14.583782209759178,2.069592038983596,1.3081563414475914,2.520954019203972
16,CS72+FlushB+BigLong,0.1,2,8,1145,45.13417104447153,-14.313529549824,2.1194431307514487,1.5996632990511586,2.4302611647394707
16,CS72+FlushB+BigLong,0.1,3,3,1008,34.99524830605964,-14.511152858313292,1.9114908055023703,1.5063648880544958,2.1634225175366373
16,CS72+FlushB+BigLong,0.1,3,5,1178,46.99323010413779,-14.511152858313281,2.260634949036581,1.7720026334816699,2.5685560689736806
16,CS72+FlushB+BigLong,0.1,3,8,1248,52.85783092078311,-15.186280339853376,2.2094770484828015,1.9631214657189915,2.380291027745429
16,CS72+FlushB+BigLong,0.15,None,3,1008,54.640974065499684,-21.295649048116992,1.9014996164483056,1.4887546412187138,2.1581389924413625
16,CS72+FlushB+BigLong,0.15,None,5,1277,73.29794136998018,-32.50859192754806,2.0974085932693565,1.4294143729103364,2.547163281251843
16,CS72+FlushB+BigLong,0.15,None,8,1403,82.38444171065338,-33.486353133931324,2.0268667692608866,1.5256942086158143,2.339596059428053
16,CS72+FlushB+BigLong,0.15,1,3,779,42.58425705806055,-17.537961390296918,1.6426269805572271,1.157523188206606,1.9240787059411704
16,CS72+FlushB+BigLong,0.15,1,5,910,53.66787690218167,-20.452601357850607,2.0292495040084377,1.3522277844339137,2.4104301727646336
16,CS72+FlushB+BigLong,0.15,1,8,968,65.84008228973164,-21.353364696107825,2.0789146072569777,1.7217604318457769,2.3219102980633193
16,CS72+FlushB+BigLong,0.15,2,3,933,43.49990028564341,-17.844310149988964,1.6966647439969633,0.9963024388368376,2.0963334715807402
16,CS72+FlushB+BigLong,0.15,2,5,1081,60.07040565864521,-21.25612496414965,2.0584156824153603,1.2955861730181506,2.512174580517798
16,CS72+FlushB+BigLong,0.15,2,8,1145,71.41185273921928,-20.914143777740037,2.1071801215623944,1.5816710017469409,2.420604246186233
16,CS72+FlushB+BigLong,0.15,3,3,1008,54.640974065499684,-21.295649048116992,1.9014996164483056,1.4887546412187138,2.1581389924413625
16,CS72+FlushB+BigLong,0.15,3,5,1178,74.92864125809169,-21.29564904811698,2.248320139099033,1.7535007082289231,2.560844822310484
16,CS72+FlushB+BigLong,0.15,3,8,1248,84.64426339807936,-22.162282035160608,2.1949987955023005,1.9379897573754317,2.3703796562314023
16,CS72+FlushB+BigLong,0.2,None,3,1008,75.60175320249927,-27.76275596952421,1.8914930995085297,1.4710758776399808,2.1529260786721744
16,CS72+FlushB+BigLong,0.2,None,5,1277,102.31088959982198,-41.36045536088855,2.0770801570123854,1.3967210245072,2.538038894968549
16,CS72+FlushB+BigLong,0.2,None,8,1403,115.07980695642352,-42.49159971578257,2.0036823607451586,1.4832579659467016,2.328872719856896
16,CS72+FlushB+BigLong,0.2,1,3,779,58.24804216313639,-22.78820578881364,1.6452707460318798,1.1524553799649833,1.9294313563896497
16,CS72+FlushB+BigLong,0.2,1,5,910,74.42420933791172,-26.518402951060683,2.0251576494477264,1.3418529060129567,2.40967630565571
16,CS72+FlushB+BigLong,0.2,1,8,968,92.29347058336663,-27.71344040057392,2.0748929267374088,1.7103198723116628,2.3199120917258167
16,CS72+FlushB+BigLong,0.2,2,3,933,59.37615252646666,-23.645892476772936,1.689346675452426,0.9866275479676746,2.091206316341718
16,CS72+FlushB+BigLong,0.2,2,5,1081,83.54050764418469,-27.534592864873943,2.047416497934283,1.2831128730821402,2.503520953436892
16,CS72+FlushB+BigLong,0.2,2,8,1145,100.12248672473696,-27.155023747879603,2.0950279538056003,1.5639614203092904,2.4110658476058067
16,CS72+FlushB+BigLong,0.2,3,3,1008,75.60175320249927,-27.76275596952421,1.8914930995085297,1.4710758776399808,2.1529260786721744
16,CS72+FlushB+BigLong,0.2,3,5,1178,105.85400059530188,-27.76275596952421,2.235953780178276,1.734881163512228,2.5531477332123687
16,CS72+FlushB+BigLong,0.2,3,8,1248,120.02378166893122,-28.739680558027125,2.18049988089127,1.9128103328941004,2.3606775775979365
16,CS72+FlushB+BigLong,0.3,None,3,1008,120.90292925376968,-39.74217015650202,1.8714423118822445,1.4354678524707685,2.1427463759176577
16,CS72+FlushB+BigLong,0.3,None,5,1277,165.28300908412965,-57.53639761505871,2.0358816861791924,1.3294735729561136,2.5201997727841734
16,CS72+FlushB+BigLong,0.3,None,8,1403,185.4561774624556,-57.73292347664678,1.9573058548258926,1.3975939659904246,2.3084926171243545
16,CS72+FlushB+BigLong,0.3,1,3,779,91.49633464851041,-32.46789403931307,1.6494589393256538,1.1424461441073426,1.9387995335768635
16,CS72+FlushB+BigLong,0.3,1,5,910,120.067757723911,-37.60121806464579,2.016262416730922,1.3214866303403798,2.4070689503254146
16,CS72+FlushB+BigLong,0.3,1,8,968,152.01420779299636,-39.348964458943705,2.0658631890926693,1.6872389715748988,2.3150407405962445
16,CS72+FlushB+BigLong,0.3,2,3,933,92.54704320950091,-34.83388991193812,1.6748307246079306,0.9675355798717363,2.0809469338591184
16,CS72+FlushB+BigLong,0.3,2,5,1081,135.11024840628377,-38.96770488018571,2.0259506100060274,1.2584243463658296,2.4866526150959
16,CS72+FlushB+BigLong,0.3,2,8,1145,164.40538952606505,-38.594277575640746,2.071203257863641,1.52931152578085,2.3925358880026995
16,CS72+FlushB+BigLong,0.3,3,3,1008,120.90292925376968,-39.74217015650202,1.8714423118822445,1.4354678524707685,2.1427463759176577
16,CS72+FlushB+BigLong,0.3,3,5,1178,176.37426308419379,-39.742170156502056,2.211140454026838,1.6972445659244584,2.537932624748992
16,CS72+FlushB+BigLong,0.3,3,8,1248,201.06111543773136,-40.74110255510074,2.1515958283198238,1.8621935468506392,2.3420550478702142
16,FlushB,0.1,None,3,641,26.479239749386217,-14.511152858313302,1.6815295948408546,1.5109076329643938,1.79536428931313
16,FlushB,0.1,None,5,774,32.95404945507574,-22.714118583511166,1.538745739935438,1.1350791214340556,1.7802660984437253
16,FlushB,0.1,None,8,836,35.63386476568575,-23.45712616211718,1.5860086850172215,1.2311644886192539,1.803924382024872
16,FlushB,0.1,1,3,312,10.695096931344805,-7.7727522720453806,1.1342352184075069,1.1183714935534042,1.1632939210097235
16,FlushB,0.1,1,5,312,10.695096931344805,-7.7727522720453806,1.1342352184075069,1.1183714935534042,1.1632939210097235
16,FlushB,0.1,1,8,312,10.695096931344805,-7.7727522720453806,1.1342352184075069,1.1183714935534042,1.1632939210097235
16,FlushB,0.1,2,3,518,19.992239632219324,-11.945697576361825,1.4780781418573599,1.1748491100876277,1.6669765528485327
16,FlushB,0.1,2,5,518,19.992239632219324,-11.945697576361825,1.4780781418573599,1.1748491100876277,1.6669765528485327
16,FlushB,0.1,2,8,518,19.992239632219324,-11.945697576361825,1.4780781418573599,1.1748491100876277,1.6669765528485327
16,FlushB,0.1,3,3,641,26.479239749386217,-14.511152858313302,1.6815295948408546,1.5109076329643938,1.79536428931313
16,FlushB,0.1,3,5,641,26.479239749386217,-14.511152858313302,1.6815295948408546,1.5109076329643938,1.79536428931313
16,FlushB,0.1,3,8,641,26.479239749386217,-14.511152858313302,1.6815295948408546,1.5109076329643938,1.79536428931313
16,FlushB,0.15,None,3,641,40.782465965223416,-21.295649048117017,1.673356086855675,1.4963486435303617,1.7913049736884807
16,FlushB,0.15,None,5,774,50.485798694824126,-32.508591927548004,1.5279800500749434,1.1057760731406818,1.7797825579664106
16,FlushB,0.15,None,8,836,54.79554756892717,-33.48635313393133,1.5729907109338799,1.1973629646427577,1.8027552998813676
16,FlushB,0.15,1,3,312,16.062163275107586,-11.487350741333135,1.1342352184075075,1.1183714935534008,1.163293921009726
16,FlushB,0.15,1,5,312,16.062163275107586,-11.487350741333135,1.1342352184075075,1.1183714935534008,1.163293921009726
16,FlushB,0.15,1,8,312,16.062163275107586,-11.487350741333135,1.1342352184075075,1.1183714935534008,1.163293921009726
16,FlushB,0.15,2,3,518,30.481048691434577,-17.844310149988928,1.4745494361628306,1.1689836412965315,1.6648500448537906
16,FlushB,0.15,2,5,518,30.481048691434577,-17.844310149988928,1.4745494361628306,1.1689836412965315,1.6648500448537906
16,FlushB,0.15,2,8,518,30.481048691434577,-17.844310149988928,1.4745494361628306,1.1689836412965315,1.6648500448537906
16,FlushB,0.15,3,3,641,40.782465965223416,-21.295649048117017,1.673356086855675,1.4963486435303617,1.7913049736884807
16,FlushB,0.15,3,5,641,40.782465965223416,-21.295649048117017,1.673356086855675,1.4963486435303617,1.7913049736884807
16,FlushB,0.15,3,8,641,40.782465965223416,-21.295649048117017,1.673356086855675,1.4963486435303617,1.7913049736884807
16,FlushB,0.2,None,3,641,55.67819269593415,-27.76275596952422,1.665130514708294,1.481588689462401,1.7873109868270751
16,FlushB,0.2,None,5,774,68.39789289404237,-41.3604553608885,1.5168702332248984,1.0758824583273838,1.779229375182329
16,FlushB,0.2,None,8,836,74.47946381474662,-42.49159971578257,1.5597288700603797,1.163290447775706,1.8015107133261767
16,FlushB,0.2,1,3,312,21.422473009038832,-15.08986893072015,1.1342352184075073,1.1183714935534044,1.1632939210097242
16,FlushB,0.2,1,5,312,21.422473009038832,-15.08986893072015,1.1342352184075073,1.1183714935534044,1.1632939210097242
16,FlushB,0.2,1,8,312,21.422473009038832,-15.08986893072015,1.1342352184075073,1.1183714935534044,1.1632939210097242
16,FlushB,0.2,2,3,518,41.229089346475625,-23.6458924767729,1.471051363236742,1.1631517151736892,1.6627588145649104
16,FlushB,0.2,2,5,518,41.229089346475625,-23.6458924767729,1.471051363236742,1.1631517151736892,1.6627588145649104
16,FlushB,0.2,2,8,518,41.229089346475625,-23.6458924767729,1.471051363236742,1.1631517151736892,1.6627588145649104
16,FlushB,0.2,3,3,641,55.67819269593415,-27.76275596952422,1.665130514708294,1.481588689462401,1.7873109868270751
16,FlushB,0.2,3,5,641,55.67819269593415,-27.76275596952422,1.665130514708294,1.481588689462401,1.7873109868270751
16,FlushB,0.2,3,8,641,55.67819269593415,-27.76275596952422,1.665130514708294,1.481588689462401,1.7873109868270751
16,FlushB,0.3,None,3,641,86.78986147672836,-39.74217015650201,1.6485141263559016,1.4514244137780854,1.7795363294507591
16,FlushB,0.3,None,5,774,104.13859348267107,-57.53639761505871,1.4935042632883213,1.013953041838982,1.7779565621490043
16,FlushB,0.3,None,8,836,113.95980659619767,-57.73292347664678,1.532357875026595,1.0940288470615829,1.7988289121986187
16,FlushB,0.3,1,3,312,32.060292157590965,-21.96616260419565,1.1342352184075082,1.1183714935534022,1.1632939210097262
16,FlushB,0.3,1,5,312,32.060292157590965,-21.96616260419565,1.1342352184075082,1.1183714935534022,1.1632939210097262
16,FlushB,0.3,1,8,312,32.060292157590965,-21.96616260419565,1.1342352184075082,1.1183714935534022,1.1632939210097262
16,FlushB,0.3,2,3,518,63.26010603782524,-34.8338899119381,1.46414108823808,1.1515791903136559,1.658678154693621
16,FlushB,0.3,2,5,518,63.26010603782524,-34.8338899119381,1.46414108823808,1.1515791903136559,1.658678154693621
16,FlushB,0.3,2,8,518,63.26010603782524,-34.8338899119381,1.46414108823808,1.1515791903136559,1.658678154693621
16,FlushB,0.3,3,3,641,86.78986147672836,-39.74217015650201,1.6485141263559016,1.4514244137780854,1.7795363294507591
16,FlushB,0.3,3,5,641,86.78986147672836,-39.74217015650201,1.6485141263559016,1.4514244137780854,1.7795363294507591
16,FlushB,0.3,3,8,641,86.78986147672836,-39.74217015650201,1.6485141263559016,1.4514244137780854,1.7795363294507591
16,FlushB_nocomp,0.1,None,3,474,23.910482602141037,-12.691451990982594,1.6575600396645256,1.2866482164355504,1.892810900270673
16,FlushB_nocomp,0.1,None,5,577,32.661320112878634,-20.044338564963994,1.5700409078728077,1.1194276814775554,1.8313058394252557
16,FlushB_nocomp,0.1,None,8,631,35.21020825830619,-20.381315937447518,1.6164071817444312,1.2245278200435359,1.8505970130281209
16,FlushB_nocomp,0.1,1,3,236,10.70021171341271,-4.77636280491871,1.193922336812936,0.9800687216109188,1.3281052952022618
16,FlushB_nocomp,0.1,1,5,236,10.70021171341271,-4.77636280491871,1.193922336812936,0.9800687216109188,1.3281052952022618
16,FlushB_nocomp,0.1,1,8,236,10.70021171341271,-4.77636280491871,1.193922336812936,0.9800687216109188,1.3281052952022618
16,FlushB_nocomp,0.1,2,3,376,16.960758519836496,-11.918132957285021,1.3622934524095567,0.732170439070289,1.7302509223306877
16,FlushB_nocomp,0.1,2,5,376,16.960758519836496,-11.918132957285021,1.3622934524095567,0.732170439070289,1.7302509223306877
16,FlushB_nocomp,0.1,2,8,376,16.960758519836496,-11.918132957285021,1.3622934524095567,0.732170439070289,1.7302509223306877
16,FlushB_nocomp,0.1,3,3,474,23.910482602141037,-12.691451990982594,1.6575600396645256,1.2866482164355504,1.892810900270673
16,FlushB_nocomp,0.1,3,5,474,23.910482602141037,-12.691451990982594,1.6575600396645256,1.2866482164355504,1.892810900270673
16,FlushB_nocomp,0.1,3,8,474,23.910482602141037,-12.691451990982594,1.6575600396645256,1.2866482164355504,1.892810900270673
16,FlushB_nocomp,0.15,None,3,474,36.84808396402794,-18.748982629990408,1.6515371753341876,1.2778314453515949,1.8887999522497743
16,FlushB_nocomp,0.15,None,5,577,50.44221272985616,-29.03904613913644,1.5627586209326272,1.0954889055343016,1.8325437758640597
16,FlushB_nocomp,0.15,None,8,631,54.60962795238164,-29.526036953839863,1.6073468133156414,1.1969556622161772,1.85128346571453
16,FlushB_nocomp,0.15,1,3,236,16.155090190036248,-7.1340097307224575,1.1939223368129417,0.9800687216109226,1.3281052952022692
16,FlushB_nocomp,0.15,1,5,236,16.155090190036248,-7.1340097307224575,1.1939223368129417,0.9800687216109226,1.3281052952022692
16,FlushB_nocomp,0.15,1,8,236,16.155090190036248,-7.1340097307224575,1.1939223368129417,0.9800687216109226,1.3281052952022692
16,FlushB_nocomp,0.15,2,3,376,25.794177854943445,-17.59186632540607,1.36069812583467,0.7289051879770582,1.7299109687125478
16,FlushB_nocomp,0.15,2,5,376,25.794177854943445,-17.59186632540607,1.36069812583467,0.7289051879770582,1.7299109687125478
16,FlushB_nocomp,0.15,2,8,376,25.794177854943445,-17.59186632540607,1.36069812583467,0.7289051879770582,1.7299109687125478
16,FlushB_nocomp,0.15,3,3,474,36.84808396402794,-18.748982629990408,1.6515371753341876,1.2778314453515949,1.8887999522497743
16,FlushB_nocomp,0.15,3,5,474,36.84808396402794,-18.748982629990408,1.6515371753341876,1.2778314453515949,1.8887999522497743
16,FlushB_nocomp,0.15,3,8,474,36.84808396402794,-18.748982629990408,1.6515371753341876,1.2778314453515949,1.8887999522497743
16,FlushB_nocomp,0.2,None,3,474,50.38413103072057,-24.599912029184733,1.6455427823288153,1.2689763557015719,1.8848733013655996
16,FlushB_nocomp,0.2,None,5,577,69.00297762777699,-37.36473702224578,1.5551081943753717,1.0709476863351375,1.8336677592325938
16,FlushB_nocomp,0.2,None,8,631,74.99535065351441,-37.97766785353556,1.597982442253175,1.169047587382423,1.8518448429680472
16,FlushB_nocomp,0.2,1,3,236,21.668546317935466,-9.470204112829917,1.1939223368129364,0.9800687216109152,1.3281052952022647
16,FlushB_nocomp,0.2,1,5,236,21.668546317935466,-9.470204112829917,1.1939223368129364,0.9800687216109152,1.3281052952022647
16,FlushB_nocomp,0.2,1,8,236,21.668546317935466,-9.470204112829917,1.1939223368129364,0.9800687216109152,1.3281052952022647
16,FlushB_nocomp,0.2,2,3,376,34.82021886176974,-23.067514414322144,1.3590894868616312,0.725655405012893,1.7295396701841408
16,FlushB_nocomp,0.2,2,5,376,34.82021886176974,-23.067514414322144,1.3590894868616312,0.725655405012893,1.7295396701841408
16,FlushB_nocomp,0.2,2,8,376,34.82021886176974,-23.067514414322144,1.3590894868616312,0.725655405012893,1.7295396701841408
16,FlushB_nocomp,0.2,3,3,474,50.38413103072057,-24.599912029184733,1.6455427823288153,1.2689763557015719,1.8848733013655996
16,FlushB_nocomp,0.2,3,5,474,50.38413103072057,-24.599912029184733,1.6455427823288153,1.2689763557015719,1.8848733013655996
16,FlushB_nocomp,0.2,3,8,474,50.38413103072057,-24.599912029184733,1.6455427823288153,1.2689763557015719,1.8848733013655996
16,FlushB_nocomp,0.3,None,3,474,79.01815238340323,-35.64665087276796,1.6336339073390582,1.2511570598877522,1.8772721271659152
16,FlushB_nocomp,0.3,None,5,577,107.66553740783627,-52.07606269301994,1.538594840231247,1.019658680954428,1.835629163848823
16,FlushB_nocomp,0.3,None,8,631,117.79497195740434,-52.84823321121045,1.5782796410958178,1.1120187682572604,1.8526356668394601
16,FlushB_nocomp,0.3,1,3,236,32.83398783361204,-14.075102143997775,1.1939223368129366,0.9800687216109145,1.3281052952022654
16,FlushB_nocomp,0.3,1,5,236,32.83398783361204,-14.075102143997775,1.1939223368129366,0.9800687216109145,1.3281052952022654
16,FlushB_nocomp,0.3,1,8,236,32.83398783361204,-14.075102143997775,1.1939223368129366,0.9800687216109145,1.3281052952022654
16,FlushB_nocomp,0.3,2,3,376,53.30150592349059,-33.40681518853202,1.3558370898252532,0.7191991467395442,1.7287150711530697
16,FlushB_nocomp,0.3,2,5,376,53.30150592349059,-33.40681518853202,1.3558370898252532,0.7191991467395442,1.7287150711530697
16,FlushB_nocomp,0.3,2,8,376,53.30150592349059,-33.40681518853202,1.3558370898252532,0.7191991467395442,1.7287150711530697
16,FlushB_nocomp,0.3,3,3,474,79.01815238340323,-35.64665087276796,1.6336339073390582,1.2511570598877522,1.8772721271659152
16,FlushB_nocomp,0.3,3,5,474,79.01815238340323,-35.64665087276796,1.6336339073390582,1.2511570598877522,1.8772721271659152
16,FlushB_nocomp,0.3,3,8,474,79.01815238340323,-35.64665087276796,1.6336339073390582,1.2511570598877522,1.8772721271659152
16,CS72+FlushB_nocomp,0.1,None,3,708,34.87591183421665,-12.691451990982594,2.1619172584360626,1.437460605712586,2.610284188595485
16,CS72+FlushB_nocomp,0.1,None,5,862,45.04429582496392,-20.044338564963994,1.9839119546741746,1.2906633419271059,2.3771588943987987
16,CS72+FlushB_nocomp,0.1,None,8,934,47.30045926836131,-20.381315937447518,1.987752914552707,1.4135710269030466,2.32361984255722
16,CS72+FlushB_nocomp,0.1,1,3,492,18.76955155125475,-4.795361908003148,1.7358908656634942,1.1831345244447402,2.0495885440675523
16,CS72+FlushB_nocomp,0.1,1,5,529,20.12233446990703,-5.367140232673329,1.7636972107925706,1.2806837417227865,2.0445198505923625
16,CS72+FlushB_nocomp,0.1,1,8,541,20.843762243443464,-5.367140232673339,1.7868340639806284,1.2866525247704739,2.0762414744232105
16,CS72+FlushB_nocomp,0.1,2,3,625,25.473462740921814,-11.918132957285021,1.8115051209300244,0.8575905746582585,2.353024362211006
16,CS72+FlushB_nocomp,0.1,2,5,666,27.393300311868884,-11.918132957285021,1.8815603969141634,0.9953770312308856,2.385788461356721
16,CS72+FlushB_nocomp,0.1,2,8,680,27.566369843451287,-11.918132957285021,1.8697229264222868,1.0031595968320939,2.358411797835483
16,CS72+FlushB_nocomp,0.1,3,3,708,34.87591183421665,-12.691451990982594,2.1619172584360626,1.437460605712586,2.610284188595485
16,CS72+FlushB_nocomp,0.1,3,5,762,35.271728496348565,-12.691451990982594,2.146943954688938,1.444203900395838,2.5779709799918757
16,CS72+FlushB_nocomp,0.1,3,8,778,34.90464037792156,-12.691451990982594,2.1025555870212123,1.4631726050699239,2.4915065813522324
16,CS72+FlushB_nocomp,0.15,None,3,708,55.24388395269861,-18.748982629990408,2.1564824865322816,1.4275687633887189,2.6080648319960362
16,CS72+FlushB_nocomp,0.15,None,5,862,71.76998080997228,-29.03904613913644,1.9778515539977835,1.2671545629608547,2.380645137757516
16,CS72+FlushB_nocomp,0.15,None,8,934,75.5157786097089,-29.526036953839863,1.9798261146819824,1.3860378550476316,2.3263527527694383
16,CS72+FlushB_nocomp,0.15,1,3,492,28.963210754025127,-7.138091302734095,1.7367049735166193,1.1827704358075557,2.0510120788893924
16,CS72+FlushB_nocomp,0.15,1,5,529,31.095348424444722,-7.983308314858473,1.7635951565281662,1.2795065386075037,2.0449264159129723
16,CS72+FlushB_nocomp,0.15,1,8,541,32.25733206174009,-7.983308314858483,1.7868637378989964,1.2853563320187613,2.076883450242936
16,CS72+FlushB_nocomp,0.15,2,3,625,39.64152740963583,-17.59186632540607,1.8102977917399745,0.8538602957219441,2.3535989647089166
16,CS72+FlushB_nocomp,0.15,2,5,666,42.79525146093101,-17.59186632540607,1.880240275154645,0.9915865490305212,2.386180344526031
16,CS72+FlushB_nocomp,0.15,2,8,680,43.06101169513978,-17.59186632540607,1.8684001067376712,0.9990823713802546,2.3588966245455736
16,CS72+FlushB_nocomp,0.15,3,3,708,55.24388395269861,-18.748982629990408,2.1564824865322816,1.4275687633887189,2.6080648319960362
16,CS72+FlushB_nocomp,0.15,3,5,762,55.88021989122962,-18.748982629990408,2.14138748853717,1.4353476044905544,2.574986129291235
16,CS72+FlushB_nocomp,0.15,3,8,778,55.218230414550185,-18.748982629990408,2.0970914172552493,1.4540150438360624,2.4886412902404973
16,CS72+FlushB_nocomp,0.2,None,3,708,77.67729019030372,-24.599912029184733,2.151027720075005,1.417656573030508,2.605844944653524
16,CS72+FlushB_nocomp,0.2,None,5,862,101.34337426112529,-37.36473702224578,1.9712872519137312,1.2430473458841624,2.383811841539605
16,CS72+FlushB_nocomp,0.2,None,8,934,106.79406510600136,-37.97766785353556,1.9714857508171653,1.358136662396247,2.328845408019429
16,CS72+FlushB_nocomp,0.2,1,3,492,39.7040844481211,-9.444296075407731,1.7374491048617806,1.182426742591371,2.0523189268452526
16,CS72+FlushB_nocomp,0.2,1,5,529,42.68187234068244,-10.554753843749909,1.7634478919513124,1.2783632650638892,2.045249418170724
16,CS72+FlushB_nocomp,0.2,1,8,541,44.340827224954296,-10.554753843749943,1.7868453477081336,1.2840975697910026,2.0774371003577228
16,CS72+FlushB_nocomp,0.2,2,3,625,54.767776798343725,-23.067514414322144,1.809034026998752,0.8501651875843963,2.354057369514122
16,CS72+FlushB_nocomp,0.2,2,5,666,59.35366807749498,-23.067514414322144,1.878868399639288,0.9878315282865114,2.386466342860571
16,CS72+FlushB_nocomp,0.2,2,8,680,59.71148898835872,-23.067514414322144,1.8670214644870187,0.995045659566962,2.3592698627404087
16,CS72+FlushB_nocomp,0.2,3,3,708,77.67729019030372,-24.599912029184733,2.151027720075005,1.417656573030508,2.605844944653524
16,CS72+FlushB_nocomp,0.2,3,5,762,78.57587707985054,-24.599912029184733,2.1357901987819607,1.426463581806353,2.571968582603693
16,CS72+FlushB_nocomp,0.2,3,8,778,77.52262463821651,-24.599912029184733,2.0915934860390895,1.4448324271842221,2.4857547971433798
16,CS72+FlushB_nocomp,0.3,None,3,708,128.97478606044163,-35.64665087276796,2.140060700964402,1.3977716614743332,2.60142959578848
16,CS72+FlushB_nocomp,0.3,None,5,862,168.72935428357826,-52.07606269301994,1.956593577692183,1.1926380660497002,2.389343898874557
16,CS72+FlushB_nocomp,0.3,None,8,934,178.048763010415,-52.84823321121045,1.9535272050458523,1.3010022462733069,2.333232878646808
16,CS72+FlushB_nocomp,0.3,1,3,492,62.837498767519676,-13.947529070030107,1.7387554535482013,1.1817995884679946,2.054625329696435
16,CS72+FlushB_nocomp,0.3,1,5,529,67.69268231690737,-15.564193512872981,1.7630413186119542,1.276175626811562,2.045681175815527
16,CS72+FlushB_nocomp,0.3,1,8,541,70.5223870471781,-15.564193512872993,1.7866862636332341,1.2816888567254605,2.0783133117972703
16,CS72+FlushB_nocomp,0.3,2,3,625,87.85214939406274,-33.40681518853202,1.8063602139956105,0.8428769486058042,2.354666638551534
16,CS72+FlushB_nocomp,0.3,2,5,666,95.93550968706653,-33.40681518853202,1.8759925944117082,0.9804226433380364,2.3867619229100376
16,CS72+FlushB_nocomp,0.3,2,8,680,96.45606286073685,-33.40681518853202,1.8641187759749678,0.987088013808372,2.3597206009347653
16,CS72+FlushB_nocomp,0.3,3,3,708,128.97478606044163,-35.64665087276796,2.140060700964402,1.3977716614743332,2.60142959578848
16,CS72+FlushB_nocomp,0.3,3,5,762,130.42829285859958,-35.64665087276796,2.1244852863431887,1.4086122565097294,2.565873945956348
16,CS72+FlushB_nocomp,0.3,3,8,778,128.22574315155072,-35.64665087276796,2.080507316542558,1.4263911784718484,2.4799513360336465
16,CS72+FlushC+FlushB_nocomp,0.1,None,3,760,36.754366803356284,-11.215560959552718,2.2500271089011727,1.747874531436419,2.5757436073545037
16,CS72+FlushC+FlushB_nocomp,0.1,None,5,918,47.01232110982092,-16.792187452999098,2.0733457564845033,1.5701297133947305,2.3760922817318666
16,CS72+FlushC+FlushB_nocomp,0.1,None,8,990,49.06177118013355,-18.30916562087014,2.067455914305369,1.6543963502737364,2.3230422742065637
16,CS72+FlushC+FlushB_nocomp,0.1,1,3,519,18.536280999100295,-6.999477344977589,1.731375653560071,1.0766716269845764,2.1014684398210517
16,CS72+FlushC+FlushB_nocomp,0.1,1,5,557,20.092048487231693,-7.0108148099083945,1.7750935736478493,1.174095247496319,2.1168076670882177
16,CS72+FlushC+FlushB_nocomp,0.1,1,8,569,20.812149107307775,-7.010814809908439,1.7981675516714488,1.1797530818304278,2.146926604609826
16,CS72+FlushC+FlushB_nocomp,0.1,2,3,673,26.732943609517235,-9.542871843851131,1.8851204521271472,1.1244420770427526,2.3422906529001732
16,CS72+FlushC+FlushB_nocomp,0.1,2,5,715,28.891876526272696,-9.542871843851131,1.9647443601192354,1.2486622941231844,2.394538051042077
16,CS72+FlushC+FlushB_nocomp,0.1,2,8,729,29.06682431319425,-9.542871843851131,1.9528213885367702,1.2559484994375798,2.3675511898390122
16,CS72+FlushC+FlushB_nocomp,0.1,3,3,760,36.754366803356284,-11.215560959552718,2.2500271089011727,1.747874531436419,2.5757436073545037
16,CS72+FlushC+FlushB_nocomp,0.1,3,5,814,37.48342532141906,-11.215560959552718,2.2504744076355943,1.7528364082456493,2.5702591960773074
16,CS72+FlushC+FlushB_nocomp,0.1,3,8,830,37.11116439377924,-11.215560959552718,2.206519873532249,1.7708613831289945,2.4848711283754317
16,CS72+FlushC+FlushB_nocomp,0.15,None,3,760,58.3982981197126,-16.548021715511098,2.243912769508771,1.7362585900678555,2.5734462298690537
16,CS72+FlushC+FlushB_nocomp,0.15,None,5,918,75.16885237291172,-24.525899921050577,2.0669074068214655,1.5453487242963724,2.3795015795299737
16,CS72+FlushC+FlushB_nocomp,0.15,None,8,990,78.56706707392951,-26.66940268755196,2.0591794282561726,1.6257488336283672,2.325716972864546
16,CS72+FlushC+FlushB_nocomp,0.15,1,3,519,28.561750806126838,-10.341987500788152,1.7321794310648855,1.0763015757173668,2.1029346248744853
16,CS72+FlushC+FlushB_nocomp,0.15,1,5,557,31.022771462397003,-10.378690696925386,1.7750022252010027,1.172951568123711,2.1172865855668497
16,CS72+FlushC+FlushB_nocomp,0.15,1,8,569,32.182376969546,-10.378690696925364,1.798210041512643,1.17849635657402,2.1476480509090483
16,CS72+FlushC+FlushB_nocomp,0.15,2,3,673,41.67120276195169,-14.178622576055622,1.8831581072986543,1.1188186190083946,2.342741696515569
16,CS72+FlushC+FlushB_nocomp,0.15,2,5,715,45.24116265680811,-14.178622576055622,1.9627059437841665,1.2430394235054791,2.394833444458861
16,CS72+FlushC+FlushB_nocomp,0.15,2,8,729,45.511372985486176,-14.178622576055622,1.9507931732996098,1.2500571983910038,2.367948160638188
16,CS72+FlushC+FlushB_nocomp,0.15,3,3,760,58.3982981197126,-16.548021715511098,2.243912769508771,1.7362585900678555,2.5734462298690537
16,CS72+FlushC+FlushB_nocomp,0.15,3,5,814,59.61601268650296,-16.548021715511098,2.2442436202065807,1.742070773056991,2.5672361558543626
16,CS72+FlushC+FlushB_nocomp,0.15,3,8,830,58.93978018792152,-16.548021715511098,2.2003865129777016,1.7598130904824218,2.4819781953397557
16,CS72+FlushC+FlushB_nocomp,0.2,None,3,760,82.35574677011417,-21.696978216580188,2.237780760101127,1.7246186264289545,2.5711545470381387
16,CS72+FlushC+FlushB_nocomp,0.2,None,5,918,106.50477602792154,-31.830444740830888,2.0599644919830635,1.520007160473162,2.3825926036121516
16,CS72+FlushC+FlushB_nocomp,0.2,None,8,990,111.43689874031102,-34.517785827412006,2.0504889861400826,1.5967386258194132,2.3281518181394834
16,CS72+FlushC+FlushB_nocomp,0.2,1,3,519,39.09327480011995,-13.58291236235557,1.732915986355946,1.0759543523889328,2.1042826679646067
16,CS72+FlushC+FlushB_nocomp,0.2,1,5,557,42.5432283931344,-13.656765760209277,1.7748651615087827,1.1718435498902562,2.1176761964113746
16,CS72+FlushC+FlushB_nocomp,0.2,1,8,569,44.19824778382726,-13.6567657602093,1.7982036300404312,1.1772786337946035,2.1482752408864947
16,CS72+FlushC+FlushB_nocomp,0.2,2,3,673,57.65963062004993,-18.716756213509633,1.8811496255346707,1.1132578911533924,2.343078792419675
16,CS72+FlushC+FlushB_nocomp,0.2,2,5,715,62.88327996787984,-18.716756213509633,1.9606229309070975,1.2374784873501539,2.395020793652008
16,CS72+FlushC+FlushB_nocomp,0.2,2,8,729,63.24910882546111,-18.716756213509633,1.9487160883066241,1.2442325013457873,2.3682309204095504
16,CS72+FlushC+FlushB_nocomp,0.2,3,3,760,82.35574677011417,-21.696978216580188,2.237780760101127,1.7246186264289545,2.5711545470381387
16,CS72+FlushC+FlushB_nocomp,0.2,3,5,814,84.14887435420204,-21.696978216580188,2.237970951732311,1.7312792036286984,2.564180277608478
16,CS72+FlushC+FlushB_nocomp,0.2,3,8,830,83.06550820845781,-21.696978216580188,2.1942180899039134,1.7487411819862786,2.4790630985846356
16,CS72+FlushC+FlushB_nocomp,0.3,None,3,760,137.49717690738845,-31.44651983241269,2.225466535628793,1.7012601297679988,2.566612381574825
16,CS72+FlushC+FlushB_nocomp,0.3,None,5,918,178.4650780590844,-45.19213252544929,2.044518615761384,1.4672356913599873,2.3879758466628873
16,CS72+FlushC+FlushB_nocomp,0.3,None,8,990,186.81294218749608,-48.73459604066734,2.0318333651949394,1.5373753446688676,2.332423944627748
16,CS72+FlushC+FlushB_nocomp,0.3,1,3,519,61.66205383393566,-19.76952774134586,1.73421477026886,1.0753272347203164,2.106667221561478
16,CS72+FlushC+FlushB_nocomp,0.3,1,5,557,67.3310542043326,-19.94920799119695,1.7744775502437373,1.1697315138535176,2.1182250420170146
16,CS72+FlushC+FlushB_nocomp,0.3,1,8,569,70.15120112295492,-19.94920799119693,1.7980662109898053,1.1749566378822274,2.149281964889986
16,CS72+FlushC+FlushB_nocomp,0.3,2,3,673,92.72652960915863,-27.48088398959556,1.8770163438739698,1.102318267410512,2.3434517417028307
16,CS72+FlushC+FlushB_nocomp,0.3,2,5,715,102.04000651758997,-27.48088398959556,1.9563459584960563,1.226534725259403,2.39511304148761
16,CS72+FlushC+FlushB_nocomp,0.3,2,8,729,102.57775122517496,-27.48088398959556,1.944437101473346,1.232774756295767,2.3684934232938413
16,CS72+FlushC+FlushB_nocomp,0.3,3,3,760,137.49717690738845,-31.44651983241269,2.225466535628793,1.7012601297679988,2.566612381574825
16,CS72+FlushC+FlushB_nocomp,0.3,3,5,814,140.69818936203941,-31.44651983241269,2.225312803045583,1.7096109945334577,2.5580081378496224
16,CS72+FlushC+FlushB_nocomp,0.3,3,8,830,138.40383239702115,-31.44651983241269,2.1817877945943955,1.7265186510936847,2.4731993813893247
16,CS72+FlushBTC+FlushB_nocomp,0.1,None,3,727,35.558641840175056,-11.153098051274824,2.1685958284852074,1.6529600819936834,2.496047189661223
16,CS72+FlushBTC+FlushB_nocomp,0.1,None,5,883,46.14845134218537,-18.292041779676293,2.008469166924743,1.5075660632066359,2.3066410615753377
16,CS72+FlushBTC+FlushB_nocomp,0.1,None,8,954,48.258481667400076,-18.636404299788033,2.006614050766828,1.6012315889147148,2.2558243512913436
16,CS72+FlushBTC+FlushB_nocomp,0.1,1,3,502,17.812093136011555,-5.740932420247358,1.6345457548625681,1.0966788061420274,1.9398782097454665
16,CS72+FlushBTC+FlushB_nocomp,0.1,1,5,539,19.15397062164208,-5.740932420247358,1.6677743891433678,1.195147666793881,1.9412089195083315
16,CS72+FlushBTC+FlushB_nocomp,0.1,1,8,551,19.86958261930214,-5.740932420247358,1.6928163890163246,1.2009394447515367,1.975528414188903
16,CS72+FlushBTC+FlushB_nocomp,0.1,2,3,641,25.401131159063418,-11.661480438007743,1.7862638263371802,1.0241509292726743,2.22934383609488
16,CS72+FlushBTC+FlushB_nocomp,0.1,2,5,682,27.320046560411914,-11.661480438007743,1.8568051957928062,1.155392761953655,2.2658899832658888
16,CS72+FlushBTC+FlushB_nocomp,0.1,2,8,696,27.493016573476293,-11.661480438007743,1.8456761282241667,1.163015525714895,2.2409758788059815
16,CS72+FlushBTC+FlushB_nocomp,0.1,3,3,727,35.558641840175056,-11.153098051274824,2.1685958284852074,1.6529600819936834,2.496047189661223
16,CS72+FlushBTC+FlushB_nocomp,0.1,3,5,780,36.0472087097657,-11.153098051274824,2.1591008363260453,1.658456862921418,2.4746663567405114
16,CS72+FlushBTC+FlushB_nocomp,0.1,3,8,796,35.678016163639015,-11.153098051274824,2.11549754704044,1.6770054657348257,2.3908930524608873
16,CS72+FlushBTC+FlushB_nocomp,0.15,None,3,727,56.38370162691317,-16.628634204380543,2.1631888290951142,1.6418965188851287,2.494381382300812
16,CS72+FlushBTC+FlushB_nocomp,0.15,None,5,883,73.67873516706331,-26.74061048549753,2.0022784530025146,1.4825142431054803,2.310286508295458
16,CS72+FlushBTC+FlushB_nocomp,0.15,None,8,954,77.17948060962208,-27.243375003515624,1.9986603694931675,1.5724524994465239,2.258781179330658
16,CS72+FlushBTC+FlushB_nocomp,0.15,1,3,502,27.409299921958443,-8.514401042669661,1.6360266180538512,1.0963215274653426,1.942322395629629
16,CS72+FlushBTC+FlushB_nocomp,0.15,1,5,539,29.515746918253562,-8.514401042669661,1.668302552753986,1.1939986207567586,1.942575019588273
16,CS72+FlushBTC+FlushB_nocomp,0.15,1,8,551,30.663729516414516,-8.514401042669661,1.693459589429951,1.1996747202197544,1.977102469144384
16,CS72+FlushBTC+FlushB_nocomp,0.15,2,3,641,39.498450468641956,-17.158774384294762,1.7850365714808512,1.0188923660756664,2.2305737661608895
16,CS72+FlushBTC+FlushB_nocomp,0.15,2,5,682,42.64963362368193,-17.158774384294762,1.8555051786162722,1.1501370735614944,2.266975519243254
16,CS72+FlushBTC+FlushB_nocomp,0.15,2,8,696,42.915122844463085,-17.158774384294762,1.844371831169492,1.1574797086686477,2.242143197137798
16,CS72+FlushBTC+FlushB_nocomp,0.15,3,3,727,56.38370162691317,-16.628634204380543,2.1631888290951142,1.6418965188851287,2.494381382300812
16,CS72+FlushBTC+FlushB_nocomp,0.15,3,5,780,57.18266362438263,-16.628634204380543,2.1536673190490494,1.6483326407833392,2.472389764243138
16,CS72+FlushBTC+FlushB_nocomp,0.15,3,8,796,56.515142951725196,-16.628634204380543,2.1101464157981686,1.6665931529885727,2.3887308405040555
16,CS72+FlushBTC+FlushB_nocomp,0.2,None,3,727,79.35896529795289,-22.009760116819123,2.1577737292396106,1.630803494443392,2.492737823368
16,CS72+FlushBTC+FlushB_nocomp,0.2,None,5,883,104.24743026513697,-34.69967962130917,1.9956041146166457,1.4568724901099643,2.313656682158247
16,CS72+FlushBTC+FlushB_nocomp,0.2,None,8,954,109.3345361667112,-35.338689943781695,1.9903119193888241,1.5432856629196716,2.2615386721552073
16,CS72+FlushBTC+FlushB_nocomp,0.2,1,3,502,37.467581897922805,-11.224349741729,1.6374451455545407,1.0959853431148245,1.94465958678269
16,CS72+FlushBTC+FlushB_nocomp,0.2,1,5,539,40.397698813347205,-11.224349741729,1.6687928916174084,1.1928838422129913,1.943867248559324
16,CS72+FlushBTC+FlushB_nocomp,0.2,1,8,551,42.030095728007886,-11.224349741729,1.6940618054389782,1.1984476787969611,1.9785974090833927
16,CS72+FlushBTC+FlushB_nocomp,0.2,2,3,641,54.52421899712532,-22.437112861849485,1.7837663506934893,1.0136877008193692,2.2317026008331724
16,CS72+FlushBTC+FlushB_nocomp,0.2,2,5,682,59.10469923299972,-22.437112861849485,1.8541682842502634,1.1449344687419916,2.267972985046431
16,CS72+FlushBTC+FlushB_nocomp,0.2,2,8,696,59.4619610964328,-22.437112861849485,1.843026384713746,1.152001806312631,2.24321600008803
16,CS72+FlushBTC+FlushB_nocomp,0.2,3,3,727,79.35896529795289,-22.009760116819123,2.1577737292396106,1.630803494443392,2.492737823368
16,CS72+FlushBTC+FlushB_nocomp,0.2,3,5,780,80.50949122282769,-22.009760116819123,2.14820720345097,1.6381761843104325,2.4701078311528173
16,CS72+FlushBTC+FlushB_nocomp,0.2,3,8,796,79.44483419592383,-22.009760116819123,2.104775505766332,1.6561508548609039,2.3865735231677645
16,CS72+FlushBTC+FlushB_nocomp,0.3,None,3,727,132.01173956430446,-32.4157478459257,2.1469213494468207,1.608524244348931,2.48953871033463
16,CS72+FlushBTC+FlushB_nocomp,0.3,None,5,883,174.24432497062458,-49.107736448007735,1.9807513277772753,1.403413521206126,2.319712793975298
16,CS72+FlushBTC+FlushB_nocomp,0.3,None,8,954,182.89581810621777,-49.92773387453444,1.9723916413934726,1.4835407968464798,2.266562723618071
16,CS72+FlushBTC+FlushB_nocomp,0.3,1,3,502,58.95463254827455,-16.45717178428294,1.6401225753588242,1.0953753192289715,1.9490550857276308
16,CS72+FlushBTC+FlushB_nocomp,0.3,1,5,539,63.694044065207535,-16.45717178428294,1.6696831596225403,1.1907542695662476,1.9462659982490285
16,CS72+FlushBTC+FlushB_nocomp,0.3,1,8,551,66.45627438085772,-16.45717178428294,1.695164734702924,1.1961032398813904,1.981383411563272
16,CS72+FlushBTC+FlushB_nocomp,0.3,2,3,641,87.29613683002032,-32.348322119973716,1.781118882444793,1.0034334830486642,2.2336964858041948
16,CS72+FlushBTC+FlushB_nocomp,0.3,2,5,682,95.36289505908555,-32.348322119973716,1.8514057881237125,1.1346805190057112,2.2697431716799823
16,CS72+FlushBTC+FlushB_nocomp,0.3,2,8,696,95.88192693443499,-32.348322119973716,1.8402328721331735,1.1412112705111295,2.2451154817153025
16,CS72+FlushBTC+FlushB_nocomp,0.3,3,3,727,132.01173956430446,-32.4157478459257,2.1469213494468207,1.608524244348931,2.48953871033463
16,CS72+FlushBTC+FlushB_nocomp,0.3,3,5,780,133.9668525371132,-32.4157478459257,2.137217942715934,1.617761036087476,2.4655606678560584
16,CS72+FlushBTC+FlushB_nocomp,0.3,3,8,796,131.73047949402078,-32.4157478459257,2.093984016646884,1.6351701435518649,2.382301314188218
16,CS24+FlushB_nocomp,0.1,None,3,1661,33.65262779048614,-11.996304083468367,1.9868900608795481,1.8208787731477327,2.098945998691515
16,CS24+FlushB_nocomp,0.1,None,5,2084,48.411393947801514,-15.581075342507722,2.1901861259604862,2.0359466424173442,2.296893573947517
16,CS24+FlushB_nocomp,0.1,None,8,2292,57.4765019804091,-17.04137613365848,2.354660964673295,2.3010076173434952,2.3961226963251416
16,CS24+FlushB_nocomp,0.1,1,3,1503,20.60643839879468,-9.915955466394855,1.6680725715593918,1.6416590538425815,1.7086612755774973
16,CS24+FlushB_nocomp,0.1,1,5,1789,27.94293477545171,-10.913612750947731,1.9732019041785485,2.059431175218565,1.9411458728489386
16,CS24+FlushB_nocomp,0.1,1,8,1912,32.223119040127735,-10.410761007234115,2.1183760867308874,2.37651105789197,1.9731871031379244
16,CS24+FlushB_nocomp,0.1,2,3,1605,26.792760891519542,-10.824490470023074,1.777297865862847,1.376764662977683,2.0261094921786715
16,CS24+FlushB_nocomp,0.1,2,5,1915,35.69205202595225,-11.091479144357287,2.1065216200949965,1.8393129095870606,2.281355386867409
16,CS24+FlushB_nocomp,0.1,2,8,2050,39.75659585243632,-10.62282668996386,2.233078526701048,2.1249672671425723,2.3099499518867095
16,CS24+FlushB_nocomp,0.1,3,3,1661,33.65262779048614,-11.996304083468367,1.9868900608795481,1.8208787731477327,2.098945998691515
16,CS24+FlushB_nocomp,0.1,3,5,1997,43.23135662237034,-11.091044129924587,2.3014821662109717,2.1857094392394356,2.3836335723772453
16,CS24+FlushB_nocomp,0.1,3,8,2145,47.93087180946205,-10.74990683799214,2.417327795147844,2.4232286570838903,2.417554433030321
16,CS24+FlushB_nocomp,0.15,None,3,1661,53.120238892376406,-17.602361708331937,1.9844397484793157,1.814152513768182,2.0991561980033135
16,CS24+FlushB_nocomp,0.15,None,5,2084,78.11985385734343,-22.8335801804456,2.1834981287663204,2.0184886046580264,2.296611274360557
16,CS24+FlushB_nocomp,0.15,None,8,2292,94.24974243916331,-24.821156128517686,2.3473961759505784,2.2800852572938908,2.397287390315507
16,CS24+FlushB_nocomp,0.15,1,3,1503,31.859703025482776,-14.584620592401121,1.6699983269089231,1.6413890500291632,1.7116234165821647
16,CS24+FlushB_nocomp,0.15,1,5,1789,43.90792660846912,-16.025551746221367,1.9747874920270039,2.0590866913072445,1.94366294571513
16,CS24+FlushB_nocomp,0.15,1,8,1912,51.07463459864581,-15.329156039513347,2.1197738140120346,2.374796939248304,1.976329059239907
16,CS24+FlushB_nocomp,0.15,2,3,1605,41.78525339351522,-15.970200332076645,1.7778631107169027,1.3747409513103084,2.028354093420875
16,CS24+FlushB_nocomp,0.15,2,5,1915,56.79079831739558,-16.282323028615398,2.1074321107754375,1.837960843372573,2.2836408664194487
16,CS24+FlushB_nocomp,0.15,2,8,2050,63.76657717531096,-15.683628059799792,2.2335975005405864,2.1223841921602684,2.3123285964380127
16,CS24+FlushB_nocomp,0.15,3,3,1661,53.120238892376406,-17.602361708331937,1.9844397484793157,1.814152513768182,2.0991561980033135
16,CS24+FlushB_nocomp,0.15,3,5,1997,69.66102398158421,-16.28142576625783,2.299666442213567,2.180603689309712,2.383706911369515
16,CS24+FlushB_nocomp,0.15,3,8,2145,77.94981884057515,-15.845830983832087,2.415628092498561,2.417508866765604,2.418250681506974
16,CS24+FlushB_nocomp,0.2,None,3,1661,74.41257057474031,-22.957566266739914,1.9819175058414134,1.8073517769722878,2.099318993581265
16,CS24+FlushB_nocomp,0.2,None,5,2084,111.76855221387515,-29.734122284426324,2.1766457319152237,2.0006137343316572,2.2963672358722738
16,CS24+FlushB_nocomp,0.2,None,8,2292,137.03188063078372,-32.12480913638321,2.3400112327671954,2.2589159782955264,2.398484548865849
16,CS24+FlushB_nocomp,0.2,1,3,1503,43.74794865854979,-19.067376267723812,1.6718871797430517,1.6411251186812168,1.7145300727617008
16,CS24+FlushB_nocomp,0.2,1,5,1789,61.27882384238621,-20.915502249806938,1.9763371890000125,2.058751590579971,1.946121952464175
16,CS24+FlushB_nocomp,0.2,1,8,1912,71.90507931719574,-20.05967504716092,2.1211256747536975,2.3731147950366025,1.9793814473005054
16,CS24+FlushB_nocomp,0.2,2,3,1605,57.8477451934541,-20.939035398110327,1.7784042954606534,1.372749019558994,2.0305472141720924
16,CS24+FlushB_nocomp,0.2,2,5,1915,80.23159857945919,-21.24466633665024,2.1083043136005117,1.836632818506184,2.28585656048369
16,CS24+FlushB_nocomp,0.2,2,8,2050,90.81646012468731,-20.57760707913583,2.2340761921190944,2.119850130851003,2.3146195133304435
16,CS24+FlushB_nocomp,0.2,3,3,1661,74.41257057474031,-22.957566266739914,1.9819175058414134,1.8073517769722878,2.099318993581265
16,CS24+FlushB_nocomp,0.2,3,5,1997,99.6509659266077,-21.243204539797844,2.2978216183295204,2.175479139029217,2.3837636732994048
16,CS24+FlushB_nocomp,0.2,3,8,2145,112.5580163972327,-20.756268656722977,2.4138893030351234,2.411789644677183,2.418902964249782
16,CS24+FlushB_nocomp,0.3,None,3,1661,122.5368507806555,-32.946273462447486,1.976679255203755,1.7935260100001205,2.0995385286350046
16,CS24+FlushB_nocomp,0.3,None,5,2084,191.28294278620535,-42.500444022693394,2.162357900766573,1.963373369417934,2.2959958909298255
16,CS24+FlushB_nocomp,0.3,None,8,2292,242.10630094814712,-45.357738907763625,2.3248315678813207,2.2157285265515885,2.4009697242284513
16,CS24+FlushB_nocomp,0.3,1,3,1503,69.4078831867324,-27.49573904367476,1.6755640682361062,1.640614553427983,1.7201920164606521
16,CS24+FlushB_nocomp,0.3,1,5,1789,100.4302146858524,-30.053365707373747,1.9793406185939957,2.058108942218762,1.9508838879710069
16,CS24+FlushB_nocomp,0.3,1,8,1912,119.92405462618572,-28.968616312133822,2.1237047106718894,2.3698439347690465,1.9852391851780784
16,CS24+FlushB_nocomp,0.3,2,3,1605,93.13258829248501,-30.349838617519243,1.7794234946643248,1.3688602544077901,2.0347931734735174
16,CS24+FlushB_nocomp,0.3,2,5,1915,134.58161303273118,-30.599815793517905,2.109946538332572,1.8340479162204917,2.2900982134533368
16,CS24+FlushB_nocomp,0.3,2,8,2050,154.8243139779337,-29.86711944374433,2.234925218331755,2.114924312780786,2.3189592372467627
16,CS24+FlushB_nocomp,0.3,3,3,1661,122.5368507806555,-32.946273462447486,1.976679255203755,1.7935260100001205,2.0995385286350046
16,CS24+FlushB_nocomp,0.3,3,5,1997,171.26761786791437,-30.505619366915305,2.2940589016200468,2.1651815986486596,2.3838414464048436
16,CS24+FlushB_nocomp,0.3,3,8,2145,197.15955576832425,-30.024922141832977,2.4103099993454222,2.4003561891406564,2.4200926892135994
16,CS72+CS24+FlushB_nocomp,0.1,None,3,1453,35.50670363914836,-11.996304083468367,2.0706352754965196,1.6572595255115903,2.338409764904694
16,CS72+CS24+FlushB_nocomp,0.1,None,5,1896,51.9042068645531,-15.581075342507722,2.3077155632142725,1.9440661392947836,2.542189208535274
16,CS72+CS24+FlushB_nocomp,0.1,None,8,2121,60.736346791045584,-17.04137613365848,2.444640108811192,2.263502961767213,2.5681424242908104
16,CS72+CS24+FlushB_nocomp,0.1,1,3,1302,21.044826727373533,-11.302563082863914,1.6649682473989946,1.5774875655070777,1.7402032294322534
16,CS72+CS24+FlushB_nocomp,0.1,1,5,1604,29.93519492826291,-11.701523171286187,2.0987282318920384,1.95090569332884,2.206424427693632
16,CS72+CS24+FlushB_nocomp,0.1,1,8,1741,35.207815014367874,-11.670718545594527,2.292268434687874,2.320771637333181,2.28961020169984
16,CS72+CS24+FlushB_nocomp,0.1,2,3,1403,27.229814910982775,-11.479652913266513,1.8019708450817242,1.1531548968600533,2.1894562376021733
16,CS72+CS24+FlushB_nocomp,0.1,2,5,1731,38.47292811640317,-11.877816453593915,2.248834362207883,1.7332626016816612,2.5718276644259306
16,CS72+CS24+FlushB_nocomp,0.1,2,8,1879,43.13062347791687,-11.847073331212087,2.3770382119686673,2.0735139314207847,2.576348673681536
16,CS72+CS24+FlushB_nocomp,0.1,3,3,1453,35.50670363914836,-11.996304083468367,2.0706352754965196,1.6572595255115903,2.338409764904694
16,CS72+CS24+FlushB_nocomp,0.1,3,5,1810,45.93977773930982,-11.877385286577368,2.407393842568005,2.05377964200229,2.6375698458390207
16,CS72+CS24+FlushB_nocomp,0.1,3,8,1974,51.2410718625316,-11.846642013774622,2.5414831523306787,2.3479476141888336,2.672959765018436
16,CS72+CS24+FlushB_nocomp,0.15,None,3,1453,56.24233647781847,-17.602361708331937,2.066363189239095,1.648831400489175,2.3370508236183456
16,CS72+CS24+FlushB_nocomp,0.15,None,5,1896,84.32262311988971,-22.8335801804456,2.2990995712835023,1.9254753463848695,2.5396876551777465
16,CS72+CS24+FlushB_nocomp,0.15,None,8,2121,100.0851965021571,-24.821156128517686,2.433096395660772,2.2408723469326146,2.5634920364101705
16,CS72+CS24+FlushB_nocomp,0.15,1,3,1302,32.52355148503248,-16.603241611633912,1.6655199205906772,1.5766241196794595,1.741387124341113
16,CS72+CS24+FlushB_nocomp,0.15,1,5,1604,47.145745994544555,-17.158401939643987,2.0960467668694,1.9487851019400895,2.2032613246878054
16,CS72+CS24+FlushB_nocomp,0.15,1,8,1741,56.018187442484276,-17.13726276220524,2.2878489367565353,2.3167357529350974,2.284802023084122
16,CS72+CS24+FlushB_nocomp,0.15,2,3,1403,42.470637181974766,-16.85824647375771,1.8004825205718051,1.1503705122530707,2.1889953409641603
16,CS72+CS24+FlushB_nocomp,0.15,2,5,1731,61.51479568478675,-17.411709270764884,2.2464997448717923,1.7304941262730709,2.569958714116132
16,CS72+CS24+FlushB_nocomp,0.15,2,8,1879,69.5301272990899,-17.390634731246514,2.372904531267335,2.0688481978853015,2.5725597088525203
16,CS72+CS24+FlushB_nocomp,0.15,3,3,1453,56.24233647781847,-17.602361708331937,2.066363189239095,1.648831400489175,2.3370508236183456
16,CS72+CS24+FlushB_nocomp,0.15,3,5,1810,74.37687171028603,-17.410824112849433,2.4030592617626576,2.047620250884909,2.6344797620068285
16,CS72+CS24+FlushB_nocomp,0.15,3,8,1974,83.74747318659715,-17.389749347460093,2.5352729222220716,2.3404751784225244,2.667569341305922
16,CS72+CS24+FlushB_nocomp,0.2,None,3,1453,79.05869420518829,-22.957566266739914,2.062040981376311,1.6403908961354159,2.3356315106237844
16,CS72+CS24+FlushB_nocomp,0.2,None,5,1896,121.46781833621318,-29.734122284426324,2.2903194213304454,1.9064913198883673,2.53719979953142
16,CS72+CS24+FlushB_nocomp,0.2,None,8,2121,146.20786570569248,-32.12480913638321,2.4214873391641145,2.2180256041123263,2.558916909962298
16,CS72+CS24+FlushB_nocomp,0.2,1,3,1302,44.63232660466569,-21.677375799690267,1.6659903207914253,1.5757728930819384,1.7424445818881484
16,CS72+CS24+FlushB_nocomp,0.2,1,5,1604,65.93343486836187,-22.36235262213111,2.0933697619623524,1.9466952928163297,2.2000913691958544
16,CS72+CS24+FlushB_nocomp,0.2,1,8,1741,79.146089733677,-22.36438004733997,2.283469124085863,2.3127600312114054,2.2800244308000495
16,CS72+CS24+FlushB_nocomp,0.2,2,3,1403,58.794103260411305,-22.003368830024716,1.798983269975645,1.1476408521427008,2.1884813549047655
16,CS72+CS24+FlushB_nocomp,0.2,2,5,1731,87.32596627536249,-22.68549465414512,2.2441633469991813,1.7277677834950318,2.5680591910052066
16,CS72+CS24+FlushB_nocomp,0.2,2,8,1879,99.51266969161424,-22.687513640840717,2.3688045013964834,2.064259719481913,2.5687789960599567
16,CS72+CS24+FlushB_nocomp,0.2,3,3,1453,79.05869420518829,-22.957566266739914,2.062040981376311,1.6403908961354159,2.3356315106237844
16,CS72+CS24+FlushB_nocomp,0.2,3,5,1810,106.9000362302884,-22.684059600856642,2.3987030038640222,2.041464719169109,2.631361497323333
16,CS72+CS24+FlushB_nocomp,0.2,3,8,1974,121.51452129602349,-22.686078625027207,2.529098847406262,2.333033504004383,2.6622263667820514
16,CS72+CS24+FlushB_nocomp,0.3,None,3,1453,131.07278060091852,-32.946273462447486,2.053267864615176,1.6234712991115896,2.33265683511
16,CS72+CS24+FlushB_nocomp,0.3,None,5,1896,210.75385493198183,-42.500444022693394,2.2721960715407294,1.867106093819926,2.5323104692796052
16,CS72+CS24+FlushB_nocomp,0.3,None,8,2121,260.6002911628922,-45.357738907763625,2.3980307787948045,2.1715803435985443,2.5500005897963023
16,CS72+CS24+FlushB_nocomp,0.3,1,3,1302,70.68396629447315,-31.167874981773615,1.6667155850350786,1.5741066009010096,1.744222845748483
16,CS72+CS24+FlushB_nocomp,0.3,1,5,1604,108.42745159999203,-32.04057965120053,2.0880350773923078,1.9426053923559132,2.193741082603304
16,CS72+CS24+FlushB_nocomp,0.3,1,8,1741,132.83279559143307,-32.120760392846314,2.2748247277668887,2.304981677884404,2.27055909804942
16,CS72+CS24+FlushB_nocomp,0.3,2,3,1403,94.60766323640335,-31.705618091589816,1.7959646216655678,1.1423455544744623,2.1873147951752676
16,CS72+CS24+FlushB_nocomp,0.3,2,5,1731,147.86775505899476,-32.57150485552916,2.2394957682165426,1.7224394049342129,2.5641863566440515
16,CS72+CS24+FlushB_nocomp,0.3,2,8,1879,171.22024520718213,-32.65105919429466,2.3607056262899055,2.0553057303279467,2.5612472505241937
16,CS72+CS24+FlushB_nocomp,0.3,3,3,1453,131.07278060091852,-32.946273462447486,2.053267864615176,1.6234712991115896,2.33265683511
16,CS72+CS24+FlushB_nocomp,0.3,3,5,1810,185.43601316690217,-32.47998458989263,2.389948943729966,2.029175789905521,2.6250736618190182
16,CS72+CS24+FlushB_nocomp,0.3,3,8,1974,214.79135637981264,-32.55964690725386,2.5168651664361352,2.31824460634277,2.651690654571829
16,CS24+FlushC+FlushB_nocomp,0.1,None,3,1699,36.55089334657517,-10.953250585915486,2.084091049740188,2.059544881628036,2.1037234648682284
16,CS24+FlushC+FlushB_nocomp,0.1,None,5,2132,50.22718153050734,-15.604194620789224,2.223588096878622,2.123421778548129,2.2951008266452146
16,CS24+FlushC+FlushB_nocomp,0.1,None,8,2344,59.171582501979756,-16.430707936645327,2.3888040876956715,2.3887703068782193,2.3945290810666737
16,CS24+FlushC+FlushB_nocomp,0.1,1,3,1523,21.633509989068124,-10.774954141996496,1.7245289725220527,1.6607830078525199,1.7835317663270487
16,CS24+FlushC+FlushB_nocomp,0.1,1,5,1812,28.03306342498113,-11.763090230649853,1.9698063421486798,1.9364685333033933,2.007070146778766
16,CS24+FlushC+FlushB_nocomp,0.1,1,8,1938,32.29365524046868,-11.416690601635715,2.113324187296509,2.258163406087849,2.0367695398762486
16,CS24+FlushC+FlushB_nocomp,0.1,2,3,1638,29.0737600276207,-10.953686274548325,1.8732645092349263,1.6172501704645121,2.0396866160775473
16,CS24+FlushC+FlushB_nocomp,0.1,2,5,1955,36.81740669694178,-11.939842967520953,2.1201978247597775,1.8609594722221572,2.2911095666638928
16,CS24+FlushC+FlushB_nocomp,0.1,2,8,2094,41.32430756014016,-11.594137232736056,2.270191482779672,2.2026214776344175,2.3196281529038503
16,CS24+FlushC+FlushB_nocomp,0.1,3,3,1699,36.55089334657517,-10.953250585915486,2.084091049740188,2.059544881628036,2.1037234648682284
16,CS24+FlushC+FlushB_nocomp,0.1,3,5,2042,45.43007331114251,-11.939412103987056,2.3494313377996816,2.31157656809598,2.3789384318901425
16,CS24+FlushC+FlushB_nocomp,0.1,3,8,2193,50.14797310033743,-11.593704677722016,2.476458928890007,2.574767744551861,2.413017806032268
16,CS24+FlushC+FlushB_nocomp,0.15,None,3,1699,58.04931266209419,-16.074741614202093,2.081758682954371,2.053006356524625,2.1039939692318494
16,CS24+FlushC+FlushB_nocomp,0.15,None,5,2132,81.31484023506736,-22.773281659263176,2.2169834646814914,2.1064283247347437,2.2948734843150844
16,CS24+FlushC+FlushB_nocomp,0.15,None,8,2344,97.35577721654604,-23.996629097502385,2.3821258463350596,2.36937941177088,2.395738451891749
16,CS24+FlushC+FlushB_nocomp,0.15,1,3,1523,33.541134469123904,-15.816984351487552,1.7270164395869436,1.6621454139954628,1.7865765093480068
16,CS24+FlushC+FlushB_nocomp,0.15,1,5,1812,44.06756251400379,-17.23710083204718,1.9722153912599574,1.9384730050765075,2.0096580048452997
16,CS24+FlushC+FlushB_nocomp,0.15,1,8,1938,51.22399355507965,-16.707528968716666,2.11622454350153,2.260534918384138,2.0399748284669537
16,CS24+FlushC+FlushB_nocomp,0.15,2,3,1638,45.58058641757019,-16.07564109173755,1.8739270369524756,1.6153509140766167,2.041926714184751
16,CS24+FlushC+FlushB_nocomp,0.15,2,5,1955,58.69867107034654,-17.49139418976926,2.121566429391025,1.8609420305122981,2.293396874744308
16,CS24+FlushC+FlushB_nocomp,0.15,2,8,2094,66.51049846748943,-16.96344946382313,2.27180916269786,2.202955335671338,2.3220081610147187
16,CS24+FlushC+FlushB_nocomp,0.15,3,3,1699,58.04931266209419,-16.074741614202093,2.081758682954371,2.053006356524625,2.1039939692318494
16,CS24+FlushC+FlushB_nocomp,0.15,3,5,2042,73.4990097338161,-17.49050988587494,2.347680578997993,2.3066811347460656,2.3790625823184435
16,CS24+FlushC+FlushB_nocomp,0.15,3,8,2193,81.92276574117577,-16.96255950156662,2.4754231366608086,2.5706479233701227,2.4137627229311196
16,CS24+FlushC+FlushB_nocomp,0.2,None,3,1699,81.81992816467375,-20.968499160141196,2.0793764794838547,2.046440748085671,2.104219488660801
16,CS24+FlushC+FlushB_nocomp,0.2,None,5,2132,116.71751445449136,-29.53898228998404,2.2102185013864,2.089024020363075,2.2946874194043025
16,CS24+FlushC+FlushB_nocomp,0.2,None,8,2344,142.0362794071707,-31.14248544330224,2.375299966339751,2.3496470261315032,2.3969830847309717
16,CS24+FlushC+FlushB_nocomp,0.2,1,3,1523,46.18790914883644,-20.63755810635255,1.7294615600851395,1.6634921012158852,1.7895659061694225
16,CS24+FlushC+FlushB_nocomp,0.2,1,5,1812,61.528257034649684,-22.449773328715196,1.9745679761285981,1.9404252219140197,2.0121878562573907
16,CS24+FlushC+FlushB_nocomp,0.2,1,8,1938,72.1731871526684,-21.733934856057637,2.1190330672572726,2.262812047695599,2.0430903293036047
16,CS24+FlushC+FlushB_nocomp,0.2,2,3,1638,63.43560944905802,-20.969966055847312,1.8745576162300617,1.6134576704169146,2.044117039007453
16,CS24+FlushC+FlushB_nocomp,0.2,2,5,1955,83.09044649788015,-22.77459085216298,2.1228846194983775,1.8609064390576115,2.295616220708495
16,CS24+FlushC+FlushB_nocomp,0.2,2,8,2094,95.06023059173178,-22.061750654170186,2.273348434083537,2.2032270706485257,2.324302325889367
16,CS24+FlushC+FlushB_nocomp,0.2,3,3,1699,81.81992816467375,-20.968499160141196,2.0793764794838547,2.046440748085671,2.104219488660801
16,CS24+FlushC+FlushB_nocomp,0.2,3,5,2042,105.5653195005755,-22.773157452537152,2.3458894444056524,2.3017277575453625,2.37917304826274
16,CS24+FlushC+FlushB_nocomp,0.2,3,8,2193,118.84071077597889,-22.06030402334389,2.474303044086154,2.5663990481459327,2.4144665354192245
16,CS24+FlushC+FlushB_nocomp,0.3,None,3,1699,136.4098204779679,-30.099739145610226,2.0744919562413275,2.033240856068992,2.104571221395087
16,CS24+FlushC+FlushB_nocomp,0.3,None,5,2132,201.0228947076299,-41.91564759368489,2.196115462362981,2.0527423959851663,2.2944395142913447
16,CS24+FlushC+FlushB_nocomp,0.3,None,8,2344,252.72834138815358,-44.215556085095656,2.361160179663116,2.3090582900060017,2.399570287503094
16,CS24+FlushC+FlushB_nocomp,0.3,1,3,1523,73.70765397285071,-29.64067074371277,1.7342354218278186,1.6661404067647378,1.7953938778656915
16,CS24+FlushC+FlushB_nocomp,0.3,1,5,1812,100.93362306620418,-32.12247459194813,1.9791192005552,1.9441835275392414,2.0170917758545084
16,CS24+FlushC+FlushB_nocomp,0.3,1,8,1938,120.58899027995875,-31.069813439894222,2.1243983508889235,2.26711069266778,2.049073779966171
16,CS24+FlushC+FlushB_nocomp,0.3,2,3,1638,103.21805199100069,-30.2757044028227,1.8757312131254882,1.6096869235100912,2.0483625554767664
16,CS24+FlushC+FlushB_nocomp,0.3,2,5,1955,139.9081706645033,-32.65246531705468,2.1253858063244304,1.8607909718742688,2.299870611164444
16,CS24+FlushC+FlushB_nocomp,0.3,2,8,2094,163.24313688843182,-31.60802338990497,2.276214372107143,2.203608220789046,2.3286541638316507
16,CS24+FlushC+FlushB_nocomp,0.3,3,3,1699,136.4098204779679,-30.099739145610226,2.0744919562413275,2.033240856068992,2.104571221395087
16,CS24+FlushC+FlushB_nocomp,0.3,3,5,2042,182.8839315681309,-32.56535014865396,2.342201278182361,2.2916595265585324,2.379366314825226
16,CS24+FlushC+FlushB_nocomp,0.3,3,8,2193,210.1409652041589,-31.51955721831169,2.4718350853123034,2.557543007359517,2.415767355607959
16,CS24+BigLong+FlushB_nocomp,0.1,None,3,1765,36.570541557754076,-12.470703401482819,1.8266978897833657,1.4437996389618721,2.0619692190936374
16,CS24+BigLong+FlushB_nocomp,0.1,None,5,2288,51.52387601272919,-15.581075342507722,2.220761223031101,1.9555632992153262,2.3963849964333064
16,CS24+BigLong+FlushB_nocomp,0.1,None,8,2566,64.90730379745804,-17.041376133658513,2.34435199876394,2.2796887478642556,2.4001324004824567
16,CS24+BigLong+FlushB_nocomp,0.1,1,3,1649,30.530029808986136,-15.249130046780113,1.7153666945805432,1.505787002047287,1.88033254630512
16,CS24+BigLong+FlushB_nocomp,0.1,1,5,2057,43.28932352808166,-16.213146372004562,2.238054215509084,2.024704614824067,2.398050476633732
16,CS24+BigLong+FlushB_nocomp,0.1,1,8,2255,54.94915081928868,-16.455869841891012,2.3337865118708683,2.5416690680964145,2.312891438933737
16,CS24+BigLong+FlushB_nocomp,0.1,2,3,1723,32.932590862587816,-14.589506307245214,1.741722420842889,1.1917899168718664,2.0568772605555674
16,CS24+BigLong+FlushB_nocomp,0.1,2,5,2158,45.14310099611705,-15.700161431033399,2.1499939770831937,1.787968474133001,2.3798708385043374
16,CS24+BigLong+FlushB_nocomp,0.1,2,8,2371,55.45727116683803,-16.111756846052394,2.26389155481373,2.308642753899674,2.289594644763124
16,CS24+BigLong+FlushB_nocomp,0.1,3,3,1765,36.570541557754076,-12.470703401482819,1.8266978897833657,1.4437996389618721,2.0619692190936374
16,CS24+BigLong+FlushB_nocomp,0.1,3,5,2224,51.29812017183974,-13.810218038818867,2.289238398890125,2.047320705680191,2.4516763263869135
16,CS24+BigLong+FlushB_nocomp,0.1,3,8,2450,63.99551402828756,-14.05990259004055,2.4253260635708256,2.57440597996238,2.3798019538428155
16,CS24+BigLong+FlushB_nocomp,0.15,None,3,1765,57.55018476417326,-18.300911279143627,1.8263389366093108,1.4360000073604369,2.065566776029356
16,CS24+BigLong+FlushB_nocomp,0.15,None,5,2288,82.86374785678959,-22.83358018044559,2.207825325487052,1.9336617910284524,2.3893621714051805
16,CS24+BigLong+FlushB_nocomp,0.15,None,8,2566,106.53949396951683,-24.821156128517686,2.328119595363601,2.2524358395169934,2.3897834042069634
16,CS24+BigLong+FlushB_nocomp,0.15,1,3,1649,47.67962447638971,-22.096624268293617,1.716197429639237,1.503919143792174,1.8817576089308357
16,CS24+BigLong+FlushB_nocomp,0.15,1,5,2057,69.15721112578339,-23.47623082181711,2.2356745964855493,2.0190439587886373,2.396204325794518
16,CS24+BigLong+FlushB_nocomp,0.15,1,8,2255,89.45991469949186,-23.821090733310303,2.329874510630694,2.5336573392155195,2.308556094351734
16,CS24+BigLong+FlushB_nocomp,0.15,2,3,1723,51.51178494738913,-21.21950310861902,1.7435839982259054,1.1891847882215685,2.0614519147628028
16,CS24+BigLong+FlushB_nocomp,0.15,2,5,2158,72.13506295414491,-22.81271915244697,2.1440551156711867,1.781132876465258,2.374236363718272
16,CS24+BigLong+FlushB_nocomp,0.15,2,8,2371,90.14773732920634,-23.39382397272126,2.2548966756701883,2.2981249263990886,2.2803642001014834
16,CS24+BigLong+FlushB_nocomp,0.15,3,3,1765,57.55018476417326,-18.300911279143627,1.8263389366093108,1.4360000073604369,2.065566776029356
16,CS24+BigLong+FlushB_nocomp,0.15,3,5,2224,82.90460640256683,-20.13013510802256,2.2817577595896648,2.0375023066385873,2.4452101475542776
16,CS24+BigLong+FlushB_nocomp,0.15,3,8,2450,105.51232754622832,-20.54181186720735,2.414395433989859,2.561002319352386,2.3689612692318005
16,CS24+BigLong+FlushB_nocomp,0.2,None,3,1765,80.31663584255047,-23.908443648813115,1.8257474227979837,1.4281701588750375,2.068908308632997
16,CS24+BigLong+FlushB_nocomp,0.2,None,5,2288,118.0201329003217,-29.734122284426345,2.1948413554037716,1.9114378018431448,2.3825400014389486
16,CS24+BigLong+FlushB_nocomp,0.2,None,8,2566,154.8260799611625,-32.12480913638319,2.3119338068205235,2.2251761951864535,2.379674452397916
16,CS24+BigLong+FlushB_nocomp,0.2,1,3,1649,66.09563983735742,-28.46536166648963,1.7168767680352561,1.5020182902286978,1.8830263094295538
16,CS24+BigLong+FlushB_nocomp,0.2,1,5,2057,98.03989999526617,-30.216194948786946,2.233101380953293,2.0133783281943383,2.3941961894169523
16,CS24+BigLong+FlushB_nocomp,0.2,1,8,2255,129.2388939547771,-30.651104290680507,2.3254807809167537,2.525733357224092,2.303843225206725
16,CS24+BigLong+FlushB_nocomp,0.2,2,3,1723,71.48283035396123,-27.43152320061728,1.7452387541348529,1.1865821426445922,2.0657463567112098
16,CS24+BigLong+FlushB_nocomp,0.2,2,5,2158,102.22944531796401,-29.45759103997264,2.13820716563571,1.7743785472141416,2.3687390059622886
16,CS24+BigLong+FlushB_nocomp,0.2,2,8,2371,129.9638874612742,-30.185626079083583,2.245887427681867,2.287825095071091,2.2712402579819346
16,CS24+BigLong+FlushB_nocomp,0.2,3,3,1765,80.31663584255047,-23.908443648813115,1.8257474227979837,1.4281701588750375,2.068908308632997
16,CS24+BigLong+FlushB_nocomp,0.2,3,5,2224,118.81349404072843,-26.080098951358156,2.274348640643473,2.0277116244961597,2.438906818737834
16,CS24+BigLong+FlushB_nocomp,0.2,3,8,2450,154.2673132229354,-26.773696442827386,2.403464804293972,2.5477637344107356,2.3583165659478085
16,CS24+BigLong+FlushB_nocomp,0.3,None,3,1765,130.99052434720892,-34.362087465832325,1.823935426648646,1.412431326682334,2.0749020081493406
16,CS24+BigLong+FlushB_nocomp,0.3,None,5,2288,199.43257205162587,-42.50044402269343,2.1686610729559135,1.865788168704355,2.3695254046355756
16,CS24+BigLong+FlushB_nocomp,0.3,None,8,2566,272.0166806830498,-45.35773890776357,2.279765677262016,2.170502359429338,2.360214464408056
16,CS24+BigLong+FlushB_nocomp,0.3,1,3,1649,106.68133531056361,-39.876825597115484,1.7178273124767782,1.4981214719514018,1.8851405924385702
16,CS24+BigLong+FlushB_nocomp,0.3,1,5,2057,165.3000473760732,-42.23973920228815,2.2274747972931928,2.0020446155903473,2.3897728701518925
16,CS24+BigLong+FlushB_nocomp,0.3,1,8,2255,226.2008533235779,-42.82073657360259,2.3155734888054154,2.5101293894136676,2.2935557956514487
16,CS24+BigLong+FlushB_nocomp,0.3,2,3,1723,115.42692826906693,-38.676058477381794,1.7479940556527729,1.1813882226269143,2.073575514298019
16,CS24+BigLong+FlushB_nocomp,0.3,2,5,2158,171.9431203030379,-41.41907490191535,2.126831874367477,1.7611067135829155,2.3582041468703836
16,CS24+BigLong+FlushB_nocomp,0.3,2,8,2371,226.13055366658088,-42.37821433763443,2.2280032341703775,2.2678319734472603,2.2534257060810416
16,CS24+BigLong+FlushB_nocomp,0.3,3,3,1765,130.99052434720892,-34.362087465832325,1.823935426648646,1.412431326682334,2.0749020081493406
16,CS24+BigLong+FlushB_nocomp,0.3,3,5,2224,204.21048972643914,-36.929861404362526,2.2598146584857233,2.0082329499413842,2.426843518610352
16,CS24+BigLong+FlushB_nocomp,0.3,3,8,2450,275.8612596904288,-38.28310483967253,2.3817934546621586,2.5217538600175096,2.337692060959808
16,CS72+BigLong+FlushB_nocomp,0.1,None,3,869,29.972539113983167,-13.158491879352841,1.7398260715355105,0.8903003959536206,2.2336677275221475
16,CS72+BigLong+FlushB_nocomp,0.1,None,5,1106,45.779592031564206,-20.044338564963926,2.164846369293355,1.3608975391196252,2.681654342594883
16,CS72+BigLong+FlushB_nocomp,0.1,None,8,1217,52.11732850494259,-20.381315937447532,2.0928835679912465,1.4811859961968319,2.458965660192653
16,CS72+BigLong+FlushB_nocomp,0.1,1,3,716,28.522079921376275,-13.158491879352841,1.6840295722557095,0.8803484758066283,2.0883183902909184
16,CS72+BigLong+FlushB_nocomp,0.1,1,5,843,37.27605418616775,-12.302488510412212,2.128964271528789,1.4392703907095945,2.516073182434553
16,CS72+BigLong+FlushB_nocomp,0.1,1,8,895,43.129001082368504,-13.173067258103433,2.119996173046123,1.6900816957161897,2.4097498425527784
16,CS72+BigLong+FlushB_nocomp,0.1,2,3,812,24.94360661185684,-13.158491879352862,1.5776342658114424,0.4546950771703052,2.1825728919581473
16,CS72+BigLong+FlushB_nocomp,0.1,2,5,956,37.45817341360302,-12.181507471385789,2.0553183340581764,1.1271561136180501,2.580404675085232
16,CS72+BigLong+FlushB_nocomp,0.1,2,8,1013,43.42403038636129,-13.060446324032915,2.0256679842539738,1.4052142614428367,2.3784856503162617
16,CS72+BigLong+FlushB_nocomp,0.1,3,3,869,29.972539113983167,-13.158491879352841,1.7398260715355105,0.8903003959536206,2.2336677275221475
16,CS72+BigLong+FlushB_nocomp,0.1,3,5,1031,44.822837277163295,-12.691451990982506,2.2432824854497473,1.4539403404954656,2.717553297769894
16,CS72+BigLong+FlushB_nocomp,0.1,3,8,1094,50.89249399581577,-13.060446324032993,2.1950113532784927,1.7645540554586143,2.462639477677311
16,CS72+BigLong+FlushB_nocomp,0.15,None,3,869,46.49586949897944,-19.204346914415705,1.7326274617467154,0.8771481415096166,2.2309795203576095
16,CS72+BigLong+FlushB_nocomp,0.15,None,5,1106,72.64834472233666,-29.039046139136392,2.146767186602377,1.3299209422722396,2.6746718056564256
16,CS72+BigLong+FlushB_nocomp,0.15,None,8,1217,83.13387998825579,-29.526036953839895,2.074237662699746,1.4445024422699715,2.4513684401277245
16,CS72+BigLong+FlushB_nocomp,0.15,1,3,716,44.10128875007588,-19.204346914415748,1.6875039066685475,0.8745176580762649,2.0961878865817245
16,CS72+BigLong+FlushB_nocomp,0.15,1,5,843,58.69083213494268,-18.03914534351474,2.125376265062504,1.4267682437015854,2.516230678606886
16,CS72+BigLong+FlushB_nocomp,0.15,1,8,895,68.4472540386161,-19.28663372771301,2.116979453207313,1.6762651378614473,2.4094999408273834
16,CS72+BigLong+FlushB_nocomp,0.15,2,3,812,38.273441696982324,-19.204346914415737,1.5718738770911684,0.4465873285896029,2.1792313342793137
16,CS72+BigLong+FlushB_nocomp,0.15,2,5,956,58.86330668356648,-17.867906006640233,2.0457122723766994,1.1130574583676018,2.574726264370252
16,CS72+BigLong+FlushB_nocomp,0.15,2,8,1013,68.72036312548875,-19.128180267526762,2.0165764085395557,1.3879020623287492,2.372883605092793
16,CS72+BigLong+FlushB_nocomp,0.15,3,3,869,46.49586949897944,-19.204346914415705,1.7326274617467154,0.8771481415096166,2.2309795203576095
16,CS72+BigLong+FlushB_nocomp,0.15,3,5,1031,71.4105407651263,-18.74898262999035,2.231475131724645,1.436598036580106,2.7106252508188673
16,CS72+BigLong+FlushB_nocomp,0.15,3,8,1094,81.6151681832898,-19.128180267526762,2.1836598311074313,1.743657184821089,2.455444876339711
16,CS72+BigLong+FlushB_nocomp,0.2,None,3,869,63.951310198915955,-24.914080064987964,1.7255012126014027,0.8640566389604277,2.2283982257415866
16,CS72+BigLong+FlushB_nocomp,0.2,None,5,1106,102.05948229209865,-37.36473702224576,2.128567362611996,1.29859391203015,2.667707467593579
16,CS72+BigLong+FlushB_nocomp,0.2,None,8,1217,117.31432172982461,-37.9776678535356,2.0556125556151423,1.4077785111959942,2.44398273659573
16,CS72+BigLong+FlushB_nocomp,0.2,1,3,716,60.5231930931049,-24.914080064987985,1.690354466632638,0.8686411335871952,2.10323637081442
16,CS72+BigLong+FlushB_nocomp,0.2,1,5,843,82.00596055481549,-23.507100683036953,2.1214260329122667,1.414480960118184,2.5158541921698414
16,CS72+BigLong+FlushB_nocomp,0.2,1,8,895,96.38547043965472,-25.093850701036956,2.113492047531427,1.6626244653963627,2.408715401059847
16,CS72+BigLong+FlushB_nocomp,0.2,2,3,812,52.08342074102252,-24.91408006498791,1.566217475991662,0.4385072221620808,2.175996469490331
16,CS72+BigLong+FlushB_nocomp,0.2,2,5,956,82.02877902851189,-23.291944201234383,2.0362492318800918,1.0992537081028397,2.569011538551726
16,CS72+BigLong+FlushB_nocomp,0.2,2,8,1013,96.4291489526663,-24.896008866205797,2.0075736959456196,1.3709312919698715,2.367315141894585
16,CS72+BigLong+FlushB_nocomp,0.2,3,3,869,63.951310198915955,-24.914080064987964,1.7255012126014027,0.8640566389604277,2.2283982257415866
16,CS72+BigLong+FlushB_nocomp,0.2,3,5,1031,100.86330864872002,-24.599912029184733,2.2197543082955282,1.4194483291177447,2.703661557942693
16,CS72+BigLong+FlushB_nocomp,0.2,3,8,1094,116.01481346011764,-24.896008866205765,2.172369629699653,1.7229975187444728,2.4483529085901248
16,CS72+BigLong+FlushB_nocomp,0.3,None,3,869,101.2491199279757,-35.64665087276789,1.711422546152643,0.8380789952283949,2.2235045509689164
16,CS72+BigLong+FlushB_nocomp,0.3,None,5,1106,167.61882072848397,-52.07606269301993,2.0916182960226157,1.2344627058742328,2.6539249179589537
16,CS72+BigLong+FlushB_nocomp,0.3,None,8,1217,193.9631405311351,-52.84823321121046,2.018373198368933,1.3339489516557015,2.4299812639386937
16,CS72+BigLong+FlushB_nocomp,0.3,1,3,716,95.72470709926692,-35.38130231814708,1.6944866675605266,0.8567532607314646,2.1152665232169277
16,CS72+BigLong+FlushB_nocomp,0.3,1,5,843,134.37641392941023,-33.661587714439165,2.112661514094326,1.3904974105875267,2.513774432893416
16,CS72+BigLong+FlushB_nocomp,0.3,1,8,895,160.3326670770833,-35.81848696662037,2.1054797883947103,1.635833967193785,2.4059547726691877
16,CS72+BigLong+FlushB_nocomp,0.3,2,3,812,80.79954445982096,-35.3813023181471,1.5551689158488715,0.4224294420900955,2.1697968600147988
16,CS72+BigLong+FlushB_nocomp,0.3,2,5,956,133.3905749199945,-33.40681518853204,2.0177678667200563,1.072454575508525,2.5575807140308746
16,CS72+BigLong+FlushB_nocomp,0.3,2,8,1013,158.91015753836078,-35.55959113062433,1.989984643401602,1.3379362936328216,2.3564899535758643
16,CS72+BigLong+FlushB_nocomp,0.3,3,3,869,101.2491199279757,-35.64665087276789,1.711422546152643,0.8380789952283949,2.2235045509689164
16,CS72+BigLong+FlushB_nocomp,0.3,3,5,1031,168.3158571346051,-35.64665087276789,2.196603916317976,1.3856864316148156,2.689750409399463
16,CS72+BigLong+FlushB_nocomp,0.3,3,8,1094,195.95031638556364,-35.64665087276789,2.1501526287909636,1.6823382039474841,2.434681287057791
16,CS72+FlushC+MOM20_7d,0.1,None,3,918,29.71788030090203,-18.815047895409055,1.8144567442649593,1.2966403249303913,2.1880614466696633
16,CS72+FlushC+MOM20_7d,0.1,None,5,1200,31.617067125287356,-23.502223291548642,1.3865890451033895,0.659985058232154,1.8350045434639743
16,CS72+FlushC+MOM20_7d,0.1,None,8,1429,43.77696481970763,-26.803565679732966,1.6595475588281798,0.6466069315054269,2.2979941177171748
16,CS72+FlushC+MOM20_7d,0.1,1,3,868,24.196848271423477,-21.10947186443528,1.5830455879680123,1.0441202573264887,1.9623579547175687
16,CS72+FlushC+MOM20_7d,0.1,1,5,1124,25.0592326356077,-26.406622842723813,1.2415810281794364,0.4989579914411483,1.6959652779717713
16,CS72+FlushC+MOM20_7d,0.1,1,8,1331,33.977147514279515,-29.231448134106774,1.452509168370934,0.4486400419343594,2.05959357899176
16,CS72+FlushC+MOM20_7d,0.1,2,3,906,28.435533923049583,-19.085516137709636,1.793495214236884,1.2938087401237102,2.147464236300352
16,CS72+FlushC+MOM20_7d,0.1,2,5,1169,27.56188479846935,-26.231062775473347,1.3128510159715472,0.5569411603237667,1.7805443830755743
16,CS72+FlushC+MOM20_7d,0.1,2,8,1381,36.466577528917135,-29.95337580629528,1.4916019032278451,0.4908130897527784,2.0950714718212433
16,CS72+FlushC+MOM20_7d,0.1,3,3,918,29.71788030090203,-18.815047895409055,1.8144567442649593,1.2966403249303913,2.1880614466696633
16,CS72+FlushC+MOM20_7d,0.1,3,5,1186,30.347525595968495,-25.60539107180788,1.355470918830354,0.6065201127994502,1.8066167890378497
16,CS72+FlushC+MOM20_7d,0.1,3,8,1401,40.785494290739166,-29.35927492394298,1.607477809714109,0.5727523281669792,2.238078254767154
16,CS72+FlushC+MOM20_7d,0.15,None,3,918,46.16905600946068,-27.34554151181343,1.8049816330232165,1.2785646116313538,2.185149853882146
16,CS72+FlushC+MOM20_7d,0.15,None,5,1200,47.75990729619317,-34.631417859384904,1.3705087315432096,0.6275662507718965,1.8294295624278403
16,CS72+FlushC+MOM20_7d,0.15,None,8,1429,67.11271414809774,-38.82937897472682,1.6338873616069514,0.6094405125277664,2.2827167182865264
16,CS72+FlushC+MOM20_7d,0.15,1,3,868,37.116374061024885,-30.29583627698298,1.5758552217043635,1.027721477736095,1.9618392564698637
16,CS72+FlushC+MOM20_7d,0.15,1,5,1124,37.317527987904775,-38.143867127857035,1.2268862884319849,0.4694521159250244,1.6907627104762926
16,CS72+FlushC+MOM20_7d,0.15,1,8,1331,51.01758388584771,-41.418137628049635,1.4294387471138426,0.4129501044104006,2.0466120177570257
16,CS72+FlushC+MOM20_7d,0.15,2,3,906,44.09537097729985,-27.593374988982088,1.7847920779009687,1.2773489603800283,2.1444704581081275
16,CS72+FlushC+MOM20_7d,0.15,2,5,1169,41.244583219196194,-37.853152480280386,1.296091032028734,0.5250602768535666,1.7737786355283391
16,CS72+FlushC+MOM20_7d,0.15,2,8,1381,54.88333843792439,-42.48747631767061,1.4665181705505441,0.45210745800734176,2.080873925750213
16,CS72+FlushC+MOM20_7d,0.15,3,3,918,46.16905600946068,-27.34554151181343,1.8049816330232165,1.2785646116313538,2.185149853882146
16,CS72+FlushC+MOM20_7d,0.15,3,5,1186,45.705863244551615,-37.15024105629063,1.3397752945580055,0.5742179863137997,1.8011221310789058
16,CS72+FlushC+MOM20_7d,0.15,3,8,1401,62.1256099534851,-41.83698137654011,1.5816596039314574,0.5336331916945621,2.2228575667476584
16,CS72+FlushC+MOM20_7d,0.2,None,3,918,63.57616426870101,-35.28610798237405,1.7954550123210067,1.2603875737390575,2.1822397740549597
16,CS72+FlushC+MOM20_7d,0.2,None,5,1200,63.60455928371485,-45.06805515607405,1.3542719009680726,0.5944216129110789,1.8241621783045636
16,CS72+FlushC+MOM20_7d,0.2,None,8,1429,90.56142589660803,-49.72907149870319,1.608510757845107,0.5720601783011895,2.2679860381212293
16,CS72+FlushC+MOM20_7d,0.2,1,3,868,50.46538684259427,-38.63959587993414,1.5685780345618272,1.0111936674180149,1.9612790698620421
16,CS72+FlushC+MOM20_7d,0.2,1,5,1124,49.02372026692503,-48.755280874573316,1.2120750969637673,0.43963351639545056,1.6856559779470255
16,CS72+FlushC+MOM20_7d,0.2,1,8,1331,67.47432680772233,-52.06100489470149,1.4066191797650034,0.3773139953274285,2.03401618259139
16,CS72+FlushC+MOM20_7d,0.2,2,3,906,60.6201994488472,-35.4399295549115,1.7760552442446953,1.2608168422456962,2.1414766072639844
16,CS72+FlushC+MOM20_7d,0.2,2,5,1169,54.42165417878406,-48.370903753027385,1.2791675529307083,0.4925474332329078,1.7672465663569004
16,CS72+FlushC+MOM20_7d,0.2,2,8,1381,72.69835941105238,-53.43068192542874,1.4416263932348214,0.41310676877741226,2.0671852164017577
16,CS72+FlushC+MOM20_7d,0.2,3,3,918,63.57616426870101,-35.28610798237405,1.7954550123210067,1.2603875737390575,2.1822397740549597
16,CS72+FlushC+MOM20_7d,0.2,3,5,1186,60.69787995252967,-47.69221745937866,1.3239634228671076,0.5412770149748699,1.7959316626283164
16,CS72+FlushC+MOM20_7d,0.2,3,8,1401,83.30966767989476,-52.8185085546111,1.5560981084686556,0.4941890528350468,2.208180405848447
16,CS72+FlushC+MOM20_7d,0.3,None,3,918,100.7771583791818,-49.41569964393236,1.7762100746175673,1.2236521392700777,2.1764255718416
16,CS72+FlushC+MOM20_7d,0.3,None,5,1200,92.57630610919469,-63.307538483730056,1.3209278650574803,0.5252939897499005,1.814428461417616
16,CS72+FlushC+MOM20_7d,0.3,None,8,1429,134.6484716833471,-67.87480743614134,1.5581567276686823,0.49611756776243965,2.2400721977008886
16,CS72+FlushC+MOM20_7d,0.3,1,3,868,78.00338918383791,-53.70309996378646,1.5537210146563918,0.9776417771768655,1.9600492062459942
16,CS72+FlushC+MOM20_7d,0.3,1,5,1124,69.59246191117438,-66.44132438444163,1.1819116389352362,0.37873449439092705,1.6756978725905614
16,CS72+FlushC+MOM20_7d,0.3,1,8,1331,96.62266423569004,-69.08718497109881,1.3614203639682838,0.3057992427466554,2.0098885559112682
16,CS72+FlushC+MOM20_7d,0.3,2,3,906,95.83862634317319,-49.249732210950484,1.7584483693972108,1.2274647405082915,2.135490008290751
16,CS72+FlushC+MOM20_7d,0.3,2,5,1169,77.7972063417536,-65.99458933534014,1.2444699096691927,0.4249887024206164,1.7548180094919748
16,CS72+FlushC+MOM20_7d,0.3,2,8,1381,104.10913281244993,-70.85645809790411,1.3919318293045493,0.333516131082776,2.0412061162151933
16,CS72+FlushC+MOM20_7d,0.3,3,3,918,100.7771583791818,-49.41569964393236,1.7762100746175673,1.2236521392700777,2.1764255718416
16,CS72+FlushC+MOM20_7d,0.3,3,5,1186,87.90834084647881,-65.53056818010428,1.291607558593952,0.47285169347046835,1.7863401358854847
16,CS72+FlushC+MOM20_7d,0.3,3,8,1401,122.40307904323444,-70.45877961919285,1.505262747086273,0.4136316900091037,2.180363887663666
16,CS72+FlushB_nocomp+MOM20_season,0.1,None,3,877,20.503851746411563,-17.104891383395472,1.3874451525287403,1.1144128658786143,1.5752488600381074
16,CS72+FlushB_nocomp+MOM20_season,0.1,None,5,1199,25.174664911952284,-26.02922330532227,1.2941432951022516,0.947908049630606,1.5241003574338463
16,CS72+FlushB_nocomp+MOM20_season,0.1,None,8,1483,46.26991095185049,-21.55811959321021,1.6045519740421117,1.4003845954608398,1.7437606326334294
16,CS72+FlushB_nocomp+MOM20_season,0.1,1,3,742,13.903687104549899,-11.70916081295006,1.1791380016364255,1.3473656312920652,1.0834443280114732
16,CS72+FlushB_nocomp+MOM20_season,0.1,1,5,981,20.037683143963527,-16.143033468564806,1.2666768366072965,1.6848017092259526,1.0327746991963127
16,CS72+FlushB_nocomp+MOM20_season,0.1,1,8,1203,36.93370951399481,-19.730529404614927,1.5025418537311377,1.6075446025526305,1.471998587096981
16,CS72+FlushB_nocomp+MOM20_season,0.1,2,3,833,14.874766323230194,-14.142898240840706,1.1350610756061281,1.0129713726539702,1.21879339238299
16,CS72+FlushB_nocomp+MOM20_season,0.1,2,5,1079,22.167795363631203,-16.762633738202513,1.3167522855976603,1.4266221436903068,1.2572485924207728
16,CS72+FlushB_nocomp+MOM20_season,0.1,2,8,1311,37.87039254854425,-19.644189886438788,1.5298606113602724,1.5444397766585907,1.5432573509850378
16,CS72+FlushB_nocomp+MOM20_season,0.1,3,3,877,20.503851746411563,-17.104891383395472,1.3874451525287403,1.1144128658786143,1.5752488600381074
16,CS72+FlushB_nocomp+MOM20_season,0.1,3,5,1139,24.944174104012973,-19.30659001494216,1.3964235977312416,1.2647266088070106,1.487650421776352
16,CS72+FlushB_nocomp+MOM20_season,0.1,3,8,1374,43.76526800639693,-18.64172641581796,1.6671857878919616,1.6301230573108416,1.7088734345975556
16,CS72+FlushB_nocomp+MOM20_season,0.15,None,3,877,31.12707833352337,-25.181420511390407,1.3803433125627496,1.1011114152729584,1.5724894347332314
16,CS72+FlushB_nocomp+MOM20_season,0.15,None,5,1199,37.80493964698388,-37.51455767457061,1.282460565630528,0.9219856211237246,1.5219540467775472
16,CS72+FlushB_nocomp+MOM20_season,0.15,None,8,1483,71.76768142555349,-30.982139369061912,1.5909014912526565,1.3738450459175042,1.7371911221657812
16,CS72+FlushB_nocomp+MOM20_season,0.15,1,3,742,20.898652734742118,-17.26609062594132,1.1767873870247603,1.3424932980534183,1.0826862316520656
16,CS72+FlushB_nocomp+MOM20_season,0.15,1,5,981,30.208453314043695,-23.490691988354573,1.2626353633431022,1.6770638610397175,1.0309476916865798
16,CS72+FlushB_nocomp+MOM20_season,0.15,1,8,1203,56.96119130474182,-28.43266517638875,1.4971539886716907,1.6030064940214905,1.4662327468707481
16,CS72+FlushB_nocomp+MOM20_season,0.15,2,3,833,22.291590386400586,-20.668655173120232,1.1314205981792367,1.0048058228859966,1.2179735908109204
16,CS72+FlushB_nocomp+MOM20_season,0.15,2,5,1079,33.486105093837025,-24.44115966803677,1.3111595353568652,1.417083045485979,1.2540318187588606
16,CS72+FlushB_nocomp+MOM20_season,0.15,2,8,1311,58.37921467452807,-28.354946344778575,1.52268470117281,1.5367755442682831,1.5362083800967516
16,CS72+FlushB_nocomp+MOM20_season,0.15,3,3,877,31.12707833352337,-25.181420511390407,1.3803433125627496,1.1011114152729584,1.5724894347332314
16,CS72+FlushB_nocomp+MOM20_season,0.15,3,5,1139,37.85253808903926,-28.211757261051005,1.3883267092398204,1.249544512655937,1.4841491655364816
16,CS72+FlushB_nocomp+MOM20_season,0.15,3,8,1374,68.23998270297994,-27.032210003845947,1.6579235908939463,1.6180375621899405,1.7009126179875718
16,CS72+FlushB_nocomp+MOM20_season,0.2,None,3,877,41.87491545863659,-32.877328845856404,1.3733299036464068,1.0879642315716826,1.5697934884232907
16,CS72+FlushB_nocomp+MOM20_season,0.2,None,5,1199,50.149108938227215,-47.88913795556524,1.270743877781687,0.8959351285277073,1.5198916892176089
16,CS72+FlushB_nocomp+MOM20_season,0.2,None,8,1483,98.14945509471174,-39.57262661270742,1.577609608318642,1.3471210902849202,1.7313545484516546
16,CS72+FlushB_nocomp+MOM20_season,0.2,1,3,742,27.864675857415968,-22.61811185815241,1.1744649025697793,1.3376213880595371,1.08197131408011
16,CS72+FlushB_nocomp+MOM20_season,0.2,1,5,981,40.34634644606514,-30.36935329966539,1.2587396781522877,1.6694892619881139,1.0293014549498687
16,CS72+FlushB_nocomp+MOM20_season,0.2,1,8,1203,77.70731098793975,-36.4054755408027,1.4922747463548804,1.5984926984425725,1.4612883632245992
16,CS72+FlushB_nocomp+MOM20_season,0.2,2,3,833,29.614807680361864,-26.839267423456825,1.1278463820804678,0.9966993383265483,1.2172186558029596
16,CS72+FlushB_nocomp+MOM20_season,0.2,2,5,1079,44.79281085604745,-31.64819388364133,1.3057248904913805,1.40772619274477,1.2509884692307371
16,CS72+FlushB_nocomp+MOM20_season,0.2,2,8,1311,79.5577333559619,-36.35747067242391,1.5159115136550319,1.5292066060177614,1.5297852265554674
16,CS72+FlushB_nocomp+MOM20_season,0.2,3,3,877,41.87491545863659,-32.877328845856404,1.3733299036464068,1.0879642315716826,1.5697934884232907
16,CS72+FlushB_nocomp+MOM20_season,0.2,3,5,1139,50.837971321270835,-36.56241967326254,1.3804379231053288,1.2346367821192914,1.4808231692330736
16,CS72+FlushB_nocomp+MOM20_season,0.2,3,8,1374,94.02374536838278,-34.81231531047734,1.6490435572199944,1.6060149801204917,1.6935792619357852
16,CS72+FlushB_nocomp+MOM20_season,0.3,None,3,877,63.317621369289625,-46.98845819766285,1.3595823440280626,1.0621650406305516,1.564602158596794
16,CS72+FlushB_nocomp+MOM20_season,0.3,None,5,1199,72.93208985696984,-65.24158855366686,1.2470747714393515,0.8430687642409218,1.516067851745867
16,CS72+FlushB_nocomp+MOM20_season,0.3,None,8,1483,150.84010403861018,-56.855645077856295,1.5518665413275958,1.2929458273444074,1.7216039884287133
16,CS72+FlushB_nocomp+MOM20_season,0.3,1,3,742,41.52523639266599,-32.69443496897605,1.1699030833252613,1.3278701664380361,1.0806754100003744
16,CS72+FlushB_nocomp+MOM20_season,0.3,1,5,981,60.08946926729885,-42.77057003246699,1.2513747982861616,1.6547751547443068,1.0265639034796428
16,CS72+FlushB_nocomp+MOM20_season,0.3,1,8,1203,120.15461053441392,-50.30919902671926,1.4837893469078796,1.5895686268492666,1.4534323095841895
16,CS72+FlushB_nocomp+MOM20_season,0.3,2,3,833,43.72903374770245,-38.14654278155222,1.1208951240550205,0.9806570820163073,1.2159050264651758
16,CS72+FlushB_nocomp+MOM20_season,0.3,2,5,1079,66.82309555295272,-44.66077150346308,1.2953213042999017,1.389493368159469,1.2454406782540948
16,CS72+FlushB_nocomp+MOM20_season,0.3,2,8,1311,122.52331067949976,-50.35389291443037,1.5034123040404777,1.5143386513557926,1.5185537592651082
16,CS72+FlushB_nocomp+MOM20_season,0.3,3,3,877,63.317621369289625,-46.98845819766285,1.3595823440280626,1.0621650406305516,1.564602158596794
16,CS72+FlushB_nocomp+MOM20_season,0.3,3,5,1139,76.31162460985257,-51.50009671020659,1.3652803686603259,1.2056166363415226,1.4747021539708636
16,CS72+FlushB_nocomp+MOM20_season,0.3,3,8,1374,147.79916902087683,-48.596965061571986,1.6323153340143124,1.582201350772263,1.6805549959719333
16,CS72+CS24+FlushB_nocomp+BigLong,0.1,None,3,1568,38.19282978720886,-14.295313747878314,1.9609260403070452,1.58256236895097,2.1975843624207525
16,CS72+CS24+FlushB_nocomp+BigLong,0.1,None,5,2094,56.828141607292594,-15.581075342507722,2.379370038927452,1.7617210625481106,2.7798114445514126
16,CS72+CS24+FlushB_nocomp+BigLong,0.1,None,8,2391,69.8734215788412,-17.041376133658513,2.478300138101346,2.3161327373433247,2.5941656960845147
16,CS72+CS24+FlushB_nocomp+BigLong,0.1,1,3,1454,33.05588283679188,-16.790858888568373,1.9337010349398842,1.7460422352133724,2.084338280827845
16,CS72+CS24+FlushB_nocomp+BigLong,0.1,1,5,1869,47.2670890938206,-15.84234458266015,2.379715185032114,1.8358297825799208,2.7101489318152256
16,CS72+CS24+FlushB_nocomp+BigLong,0.1,1,8,2080,60.399256386421165,-17.521945970861996,2.5221359753440455,2.620228712313502,2.561799390069583
16,CS72+CS24+FlushB_nocomp+BigLong,0.1,2,3,1528,32.4380950539573,-16.141775136775227,1.802469279203835,1.1551738622990522,2.1731561323705204
16,CS72+CS24+FlushB_nocomp+BigLong,0.1,2,5,1968,49.94337602448881,-15.327089408045202,2.316494248865635,1.6231850608891436,2.728891382914654
16,CS72+CS24+FlushB_nocomp+BigLong,0.1,2,8,2195,60.10735647195289,-17.182224075269847,2.485773911891479,2.3247225149015436,2.61634982761404
16,CS72+CS24+FlushB_nocomp+BigLong,0.1,3,3,1568,38.19282978720886,-14.295313747878314,1.9609260403070452,1.58256236895097,2.1975843624207525
16,CS72+CS24+FlushB_nocomp+BigLong,0.1,3,5,2032,56.29870175889216,-13.42878200213109,2.451183936869882,1.9151131091141809,2.7851838808016796
16,CS72+CS24+FlushB_nocomp+BigLong,0.1,3,8,2276,68.86633671053501,-15.156552781942768,2.571327289931095,2.563520409520826,2.6155700863126827
16,CS72+CS24+FlushB_nocomp+BigLong,0.15,None,3,1568,60.42219335209158,-20.833763568846265,1.9574478943415798,1.5736691654225277,2.197328012959259
16,CS72+CS24+FlushB_nocomp+BigLong,0.15,None,5,2094,92.43278374568867,-22.83358018044559,2.365680410896469,1.7391866277032728,2.773162628270397
16,CS72+CS24+FlushB_nocomp+BigLong,0.15,None,8,2391,115.77905396833587,-24.821156128517686,2.459284028638131,2.2864005126221603,2.5810073784218246
16,CS72+CS24+FlushB_nocomp+BigLong,0.15,1,3,1454,51.977464017968074,-24.281046655446346,1.9334611847022243,1.7440311892703124,2.084070439514993
16,CS72+CS24+FlushB_nocomp+BigLong,0.15,1,5,1869,76.14276489080206,-22.980445622439326,2.3764721916355707,1.8289650532832673,2.7087312487846567
16,CS72+CS24+FlushB_nocomp+BigLong,0.15,1,8,2080,99.38223456899809,-25.313219391244967,2.5163087403361586,2.6094870397733767,2.5560175636688123
16,CS72+CS24+FlushB_nocomp+BigLong,0.15,2,3,1528,50.74322894753445,-23.428811749989585,1.8006078758816977,1.1517022380199071,2.1727885903353483
16,CS72+CS24+FlushB_nocomp+BigLong,0.15,2,5,1968,80.65191517654473,-22.31263516762216,2.3099302591058257,1.615732865507665,2.7235415892954373
16,CS72+CS24+FlushB_nocomp+BigLong,0.15,2,8,2195,98.64153021185282,-24.89432157403142,2.4741626274186936,2.3117667547068472,2.6046005205223572
16,CS72+CS24+FlushB_nocomp+BigLong,0.15,3,3,1568,60.42219335209158,-20.833763568846265,1.9574478943415798,1.5736691654225277,2.197328012959259
16,CS72+CS24+FlushB_nocomp+BigLong,0.15,3,5,2032,91.96089044137943,-19.612671092396983,2.44288965216741,1.904621610809569,2.778627233589519
16,CS72+CS24+FlushB_nocomp+BigLong,0.15,3,8,2276,114.59384941975199,-22.098172292445785,2.558241903129452,2.5480724674998556,2.6027517134535563
16,CS72+CS24+FlushB_nocomp+BigLong,0.2,None,3,1568,84.78712950357492,-26.986534660227623,1.9538968732169095,1.564760883802905,2.197003323443442
16,CS72+CS24+FlushB_nocomp+BigLong,0.2,None,5,2094,133.1835366001713,-29.734122284426345,2.351936389410836,1.7164165703287846,2.766551520769921
16,CS72+CS24+FlushB_nocomp+BigLong,0.2,None,8,2391,169.87607067116258,-32.12480913638319,2.4402461362052428,2.256679485351112,2.5679280598667877
16,CS72+CS24+FlushB_nocomp+BigLong,0.2,1,3,1454,72.55767581252364,-31.21280396484022,1.9331117048120652,1.7420122055965626,2.083726626502539
16,CS72+CS24+FlushB_nocomp+BigLong,0.2,1,5,1869,108.85370958460965,-29.627837548540846,2.373001488385151,1.8221275816504223,2.7070122544439057
16,CS72+CS24+FlushB_nocomp+BigLong,0.2,1,8,2080,145.12692799494732,-32.5033536470223,2.5098416577206764,2.5988481606841054,2.549605985961022
16,CS72+CS24+FlushB_nocomp+BigLong,0.2,2,3,1528,70.4246579420581,-30.221868276277895,1.7987157740270359,1.1482583896830794,2.172331163397836
16,CS72+CS24+FlushB_nocomp+BigLong,0.2,2,5,1968,115.53579655839363,-28.86283773994318,2.3034147143598345,1.6083731556061243,2.7181692112798355
16,CS72+CS24+FlushB_nocomp+BigLong,0.2,2,8,2195,143.59030100564576,-32.05030795809205,2.4625403724792916,2.2990484502380126,2.592876225279686
16,CS72+CS24+FlushB_nocomp+BigLong,0.2,3,3,1568,84.78712950357492,-26.986534660227623,1.9538968732169095,1.564760883802905,2.197003323443442
16,CS72+CS24+FlushB_nocomp+BigLong,0.2,3,5,2032,133.2416279325523,-25.456869524766823,2.434633175617047,1.8941853358137235,2.772086405711837
16,CS72+CS24+FlushB_nocomp+BigLong,0.2,3,8,2276,169.12595787174794,-28.729508027767004,2.5450638955662153,2.532802961655033,2.5899244016911553
16,CS72+CS24+FlushB_nocomp+BigLong,0.3,None,3,1568,139.86981560907398,-38.220380505295395,1.946595895567238,1.5469029930135858,2.196163682304411
16,CS72+CS24+FlushB_nocomp+BigLong,0.3,None,5,2094,230.4998455516773,-42.50044402269343,2.324256806236983,1.6699322898962035,2.753614826383631
16,CS72+CS24+FlushB_nocomp+BigLong,0.3,None,8,2391,304.3145458636226,-45.35773890776357,2.402259064466688,2.1971362957814846,2.542214128102843
16,CS72+CS24+FlushB_nocomp+BigLong,0.3,1,3,1454,118.80637178432791,-43.52911256595584,1.9321172521112313,1.7379520116876537,2.08282568562971
16,CS72+CS24+FlushB_nocomp+BigLong,0.3,1,5,1869,186.6695500152576,-41.54391241938901,2.3655090453034355,1.8085397763314297,2.7028243341536475
16,CS72+CS24+FlushB_nocomp+BigLong,0.3,1,8,2080,259.60176660991465,-45.21299161465524,2.4954174062916907,2.5778586721270638,2.5353217542713105
16,CS72+CS24+FlushB_nocomp+BigLong,0.3,2,3,1528,113.75173948796112,-42.41250630806943,1.79485398032391,1.1414569451732535,2.171167433613903
16,CS72+CS24+FlushB_nocomp+BigLong,0.3,2,5,1968,198.64850583421386,-40.713361733600316,2.2906266957575077,1.5939236717214031,2.707534440346635
16,CS72+CS24+FlushB_nocomp+BigLong,0.3,2,8,2195,254.78076594605517,-44.788983539002224,2.4394831094493346,2.2742757996062455,2.5697338225240514
16,CS72+CS24+FlushB_nocomp+BigLong,0.3,3,3,1568,139.86981560907398,-38.220380505295395,1.946595895567238,1.5469029930135858,2.196163682304411
16,CS72+CS24+FlushB_nocomp+BigLong,0.3,3,5,2032,234.23334966503995,-36.170067542113436,2.41835134321258,1.8734980609697793,2.7592361445743645
16,CS72+CS24+FlushB_nocomp+BigLong,0.3,3,8,2276,308.26620530716775,-40.865204445685535,2.518719898448615,2.502773433809872,2.5645139951314726
16,CS72+CS24+FlushC+FlushB_nocomp,0.1,None,3,1491,37.95471847333174,-13.023413819301677,2.142613202496045,1.886189578235255,2.314761524732941
16,CS72+CS24+FlushC+FlushB_nocomp,0.1,None,5,1944,53.76020691101451,-15.604194620789224,2.3393831881869507,2.0360511672955073,2.538723929075515
16,CS72+CS24+FlushC+FlushB_nocomp,0.1,None,8,2173,62.464027961596244,-16.430707936645327,2.483378766075133,2.3532205404490134,2.5740632435836184
16,CS72+CS24+FlushC+FlushB_nocomp,0.1,1,3,1322,21.139721708578474,-12.849262419927,1.6621824904079325,1.4753504650628302,1.7899576179018533
16,CS72+CS24+FlushC+FlushB_nocomp,0.1,1,5,1627,30.025537735626106,-12.550159001414352,2.093374231041135,1.8251041447736456,2.269296402755111
16,CS72+CS24+FlushC+FlushB_nocomp,0.1,1,8,1767,35.27886241166043,-12.752234722831634,2.296709205814589,2.2007537331958837,2.3684377692446446
16,CS72+CS24+FlushC+FlushB_nocomp,0.1,2,3,1434,29.330572580344526,-13.023839379023638,1.8804868605207812,1.3970692963523021,2.1818880288064437
16,CS72+CS24+FlushC+FlushB_nocomp,0.1,2,5,1771,39.61904762470103,-12.725335112815483,2.2595885634385824,1.76093134092158,2.5785567309141437
16,CS72+CS24+FlushC+FlushB_nocomp,0.1,2,8,1923,44.73395739376444,-12.927006044027479,2.4209181423019106,2.1547389590733763,2.5982663486582287
16,CS72+CS24+FlushC+FlushB_nocomp,0.1,3,3,1491,37.95471847333174,-13.023413819301677,2.142613202496045,1.886189578235255,2.314761524732941
16,CS72+CS24+FlushC+FlushB_nocomp,0.1,3,5,1855,48.17764096153381,-12.724908092562359,2.4532439718470567,2.18763199279031,2.630593141228652
16,CS72+CS24+FlushC+FlushB_nocomp,0.1,3,8,2022,53.50543335236093,-12.92658001051631,2.6073364724063457,2.5034251822131535,2.6797804882498255
16,CS72+CS24+FlushC+FlushB_nocomp,0.15,None,3,1491,60.418532780737124,-19.03562591285901,2.1385171958230904,1.878081120333929,2.3134413848543742
16,CS72+CS24+FlushC+FlushB_nocomp,0.15,None,5,1944,87.6218680956539,-22.773281659263176,2.3308338140005755,2.0178402858270097,2.5362674239358998
16,CS72+CS24+FlushC+FlushB_nocomp,0.15,None,8,2173,103.27740710101243,-23.996629097502385,2.472252988637014,2.332043488524677,2.5692551689449017
16,CS72+CS24+FlushC+FlushB_nocomp,0.15,1,3,1322,32.67903510061843,-18.78696233000565,1.663286343137493,1.4760237298969316,1.7912686913457139
16,CS72+CS24+FlushC+FlushB_nocomp,0.15,1,5,1627,47.30588357671854,-18.367546103394105,2.0915697664470825,1.8253425000109267,2.266282188937569
16,CS72+CS24+FlushC+FlushB_nocomp,0.15,1,8,1767,56.169532535721075,-18.59790200451734,2.2937051935155264,2.2008097171398315,2.3635023824109034
16,CS72+CS24+FlushC+FlushB_nocomp,0.15,2,3,1434,45.96118839898842,-19.03649365681431,1.879187818482906,1.394597933450451,2.1814278008356696
16,CS72+CS24+FlushC+FlushB_nocomp,0.15,2,5,1771,63.474023722354936,-18.618366108603578,2.2577285046235054,1.7594151413937418,2.576695467181822
16,CS72+CS24+FlushC+FlushB_nocomp,0.15,2,8,1923,72.36454141395647,-18.84801422911304,2.4177610088204493,2.152940123543075,2.5942681384440984
16,CS72+CS24+FlushC+FlushB_nocomp,0.15,3,3,1491,60.418532780737124,-19.03562591285901,2.1385171958230904,1.878081120333929,2.3134413848543742
16,CS72+CS24+FlushC+FlushB_nocomp,0.15,3,5,1855,78.31488222426542,-18.617493883275536,2.4489774155913113,2.181569024740028,2.6275556342114035
16,CS72+CS24+FlushC+FlushB_nocomp,0.15,3,8,2022,87.84326895351494,-18.84714446508866,2.6016582375117054,2.497460963242258,2.6742388151060754
16,CS72+CS24+FlushC+FlushB_nocomp,0.2,None,3,1491,85.35160653981875,-24.729756595203135,2.1343930334534917,1.8700005098825419,2.3120668108040707
16,CS72+CS24+FlushC+FlushB_nocomp,0.2,None,5,1944,126.62824884222594,-29.53898228998404,2.3221229052915597,1.9992419635458951,2.533826280568585
16,CS72+CS24+FlushC+FlushB_nocomp,0.2,None,8,2173,151.39004752603591,-31.14248544330224,2.461028854004883,2.3105545342692646,2.564521925948185
16,CS72+CS24+FlushC+FlushB_nocomp,0.2,1,3,1322,44.858102278820525,-24.414565647206533,1.6643038224693703,1.4766890783719866,1.7924522773593188
16,CS72+CS24+FlushC+FlushB_nocomp,0.2,1,5,1627,66.18375735459618,-23.891539906431735,2.089746859073882,1.825548575925739,2.2632567734562343
16,CS72+CS24+FlushC+FlushB_nocomp,0.2,1,8,1767,79.41938437047322,-24.11116302908888,2.2906934594855355,2.2007995962946953,2.3585949308759697
16,CS72+CS24+FlushC+FlushB_nocomp,0.2,2,3,1434,63.92474293738309,-24.73115367858987,1.8778667656241197,1.392148654664391,2.1809167086208343
16,CS72+CS24+FlushC+FlushB_nocomp,0.2,2,5,1771,90.28451993708164,-24.21031862033286,2.2558517611077886,1.757898831427341,2.57480281285866
16,CS72+CS24+FlushC+FlushB_nocomp,0.2,2,8,1923,103.93683990667695,-24.429021856074616,2.4145959812254527,2.151106070690029,2.5902779532281897
16,CS72+CS24+FlushC+FlushB_nocomp,0.2,3,3,1491,85.35160653981875,-24.729756595203135,2.1343930334534917,1.8700005098825419,2.3120668108040707
16,CS72+CS24+FlushC+FlushB_nocomp,0.2,3,5,1855,113.01484538736037,-24.208911869599813,2.444675790629392,2.175470799989839,2.6244911339596424
16,CS72+CS24+FlushC+FlushB_nocomp,0.2,3,8,2022,128.04748178810726,-24.427619164745597,2.595965662217116,2.491396608241792,2.66874441724851
16,CS72+CS24+FlushC+FlushB_nocomp,0.3,None,3,1491,142.909026452536,-35.20809594961882,2.126089249010111,1.8539351374298323,2.3091977793384535
16,CS72+CS24+FlushC+FlushB_nocomp,0.3,None,5,1944,221.09543258900507,-41.91564759368489,2.304143512326369,1.9606450147320211,2.5290336460994287
16,CS72+CS24+FlushC+FlushB_nocomp,0.3,None,8,2173,271.741840194757,-44.215556085095656,2.438248192083536,2.2665462335227327,2.555288633058492
16,CS72+CS24+FlushC+FlushB_nocomp,0.3,1,3,1322,71.08216311928726,-34.78257656693353,1.6661083876788534,1.4779983350517505,1.7944797447567968
16,CS72+CS24+FlushC+FlushB_nocomp,0.3,1,5,1627,108.9325038949342,-34.095238392807126,2.086055679460938,1.8258725372783926,2.257183336935527
16,CS72+CS24+FlushC+FlushB_nocomp,0.3,1,8,1767,133.51789831723346,-34.201123438244096,2.2846535586458145,2.2006033216911556,2.3488617245560306
16,CS72+CS24+FlushC+FlushB_nocomp,0.3,2,3,1434,103.83007719362926,-35.29179709798675,1.8751706232940601,1.387314756585992,2.17976248817891
16,CS72+CS24+FlushC+FlushB_nocomp,0.3,2,5,1771,153.45673227694485,-34.609825690770556,2.2520627246843303,1.7548751091062786,2.570941761637174
16,CS72+CS24+FlushC+FlushB_nocomp,0.3,2,8,1923,180.13926460899947,-34.71488398108241,2.408252858815249,2.1473526096688706,2.5823264101102446
16,CS72+CS24+FlushC+FlushB_nocomp,0.3,3,3,1491,142.909026452536,-35.20809594961882,2.126089249010111,1.8539351374298323,2.3091977793384535
16,CS72+CS24+FlushC+FlushB_nocomp,0.3,3,5,1855,197.6132232395185,-34.52524240092158,2.4359920731219997,2.1631832031642935,2.618314052061634
16,CS72+CS24+FlushC+FlushB_nocomp,0.3,3,8,2022,228.4946667145051,-34.630436585898316,2.5845536581616697,2.4789953914395157,2.657905193818176
16,CS72+FlushC+FlushB_nocomp+BigLong,0.1,None,3,917,33.52715069902552,-12.203235006329505,1.9264488702700002,1.354591400413359,2.27568490799344
16,CS72+FlushC+FlushB_nocomp+BigLong,0.1,None,5,1155,48.91108281500631,-16.792187452999087,2.29507953020458,1.7156109009502805,2.681051377872855
16,CS72+FlushC+FlushB_nocomp+BigLong,0.1,None,8,1267,55.160597717784384,-18.309165620870115,2.2103518499131303,1.7962314253296796,2.4706418688198326
16,CS72+FlushC+FlushB_nocomp+BigLong,0.1,1,3,741,29.443106575736433,-13.158491879352862,1.723427479476676,0.8546809118977822,2.1539775174825126
16,CS72+FlushC+FlushB_nocomp+BigLong,0.1,1,5,866,37.43878063880517,-12.302488510412212,2.1528051085607096,1.438822440506483,2.5535960361508017
16,CS72+FlushC+FlushB_nocomp+BigLong,0.1,1,8,921,44.0324049754107,-13.5415568793123,2.172091641023055,1.7246156536600525,2.4689521591725576
16,CS72+FlushC+FlushB_nocomp+BigLong,0.1,2,3,858,27.055775833006713,-12.20323500632955,1.7053140825850477,0.8694774480744978,2.181884787101909
16,CS72+FlushC+FlushB_nocomp+BigLong,0.1,2,5,997,38.59458313451951,-12.1815074713858,2.1437660668323377,1.453004720056711,2.5579792579069824
16,CS72+FlushC+FlushB_nocomp+BigLong,0.1,2,8,1056,45.624597944159426,-13.422285167907111,2.1802694013985118,1.6789906307185196,2.4837187548914264
16,CS72+FlushC+FlushB_nocomp+BigLong,0.1,3,3,917,33.52715069902552,-12.203235006329505,1.9264488702700002,1.354591400413359,2.27568490799344
16,CS72+FlushC+FlushB_nocomp+BigLong,0.1,3,5,1076,46.98810770700976,-12.181507471385789,2.3417134824856274,1.834888589672667,2.660749645488402
16,CS72+FlushC+FlushB_nocomp+BigLong,0.1,3,8,1141,53.86109178785796,-13.422285167907077,2.303482324735974,2.0660411700843446,2.47452171361097
16,CS72+FlushC+FlushB_nocomp+BigLong,0.15,None,3,917,52.42487691075692,-17.841311084741896,1.9176899774800547,1.339910378317026,2.270985606947685
16,CS72+FlushC+FlushB_nocomp+BigLong,0.15,None,5,1155,78.10597906684802,-24.5258999210506,2.2767299763810978,1.684333074852727,2.6733657529678743
16,CS72+FlushC+FlushB_nocomp+BigLong,0.15,None,8,1267,88.52395130265155,-26.6694026875519,2.191349795022993,1.758299332714717,2.462765652690283
16,CS72+FlushC+FlushB_nocomp+BigLong,0.15,1,3,741,45.60696819049876,-19.204346914415748,1.7264937860852478,0.8477409093548586,2.161660780999346
16,CS72+FlushC+FlushB_nocomp+BigLong,0.15,1,5,866,58.94729914375931,-18.03914534351475,2.1492188704840536,1.4266419236504062,2.553962885566657
16,CS72+FlushC+FlushB_nocomp+BigLong,0.15,1,8,921,70.0061344884623,-19.81014663572134,2.1691835992960224,1.7105040792623534,2.4691693376682595
16,CS72+FlushC+FlushB_nocomp+BigLong,0.15,2,3,858,41.714482716169066,-17.84131108474186,1.6986832833412384,0.8597016487064028,2.177889971466569
16,CS72+FlushC+FlushB_nocomp+BigLong,0.15,2,5,997,60.82667628111083,-17.867906006640254,2.1331474021569155,1.4385592783811465,2.550465902038911
16,CS72+FlushC+FlushB_nocomp+BigLong,0.15,2,8,1056,72.5663137679063,-19.64260741993691,2.170142867603818,1.661067125801423,2.4770947114452126
16,CS72+FlushC+FlushB_nocomp+BigLong,0.15,3,3,917,52.42487691075692,-17.841311084741896,1.9176899774800547,1.339910378317026,2.270985606947685
16,CS72+FlushC+FlushB_nocomp+BigLong,0.15,3,5,1076,75.22395564351554,-17.86790600664021,2.330020128418224,1.8167111846522128,2.6536757284665855
16,CS72+FlushC+FlushB_nocomp+BigLong,0.15,3,8,1141,86.88399166826757,-19.64260741993693,2.291950387327498,2.0444735273294503,2.4670346823114566
16,CS72+FlushC+FlushB_nocomp+BigLong,0.2,None,3,917,72.68119756109743,-23.186219184078126,1.9090416023062824,1.3252980027602421,2.2664475108021125
16,CS72+FlushC+FlushB_nocomp+BigLong,0.2,None,5,1155,110.41275308259509,-31.830444740830867,2.258229102371124,1.6527009959658128,2.665703240378152
16,CS72+FlushC+FlushB_nocomp+BigLong,0.2,None,8,1267,125.67636070641429,-34.51778582741203,2.172307453854018,1.7202648683968171,2.4550936094881943
16,CS72+FlushC+FlushB_nocomp+BigLong,0.2,1,3,741,62.70079224089395,-24.91408006498793,1.729075744603016,0.8408227681302215,2.1687146093709315
16,CS72+FlushC+FlushB_nocomp+BigLong,0.2,1,5,866,82.3586615831789,-23.507100683036974,2.1452634860979645,1.4146815874706677,2.5537619956764246
16,CS72+FlushC+FlushB_nocomp+BigLong,0.2,1,8,921,98.75241283765568,-25.754225484025405,2.165760719271655,1.6965427934995145,2.468794737100513
16,CS72+FlushC+FlushB_nocomp+BigLong,0.2,2,3,858,57.03377820264532,-23.186219184078062,1.692169230420952,0.8500328687493038,2.173998542853171
16,CS72+FlushC+FlushB_nocomp+BigLong,0.2,2,5,997,85.00641374994807,-23.291944201234394,2.1227199392985123,1.4243832344351757,2.543045658011193
16,CS72+FlushC+FlushB_nocomp+BigLong,0.2,2,8,1056,102.33111868473857,-25.545389634211812,2.1600702530349816,1.643439096729418,2.470496927393553
16,CS72+FlushC+FlushB_nocomp+BigLong,0.2,3,3,917,72.68119756109743,-23.186219184078126,1.9090416023062824,1.3252980027602421,2.2664475108021125
16,CS72+FlushC+FlushB_nocomp+BigLong,0.2,3,5,1076,106.76224771506782,-23.291944201234337,2.3183456091865087,1.7986864965085965,2.6465621886786326
16,CS72+FlushC+FlushB_nocomp+BigLong,0.2,3,8,1141,124.22527443233622,-25.54538963421186,2.2804060985951096,2.023071318128957,2.4596424843906433
16,CS72+FlushC+FlushB_nocomp+BigLong,0.3,None,3,917,116.90323799820032,-33.04241213520863,1.892030488020638,1.2962789090421685,2.2577991884097908
16,CS72+FlushC+FlushB_nocomp+BigLong,0.3,None,5,1155,183.57144206064083,-45.19213252544924,2.220610428289267,1.5879440808977294,2.6505383014754638
16,CS72+FlushC+FlushB_nocomp+BigLong,0.3,None,8,1267,210.2611681815291,-48.73459604066738,2.134090700454675,1.6436002232308045,2.4405042830225763
16,CS72+FlushC+FlushB_nocomp+BigLong,0.3,1,3,741,99.5145227690357,-35.38130231814704,1.7329966466852686,0.8270348359214685,2.1812069222365644
16,CS72+FlushC+FlushB_nocomp+BigLong,0.3,1,5,866,134.90421453264196,-33.661587714439214,2.136472243111826,1.391365122860423,2.551945928836465
16,CS72+FlushC+FlushB_nocomp+BigLong,0.3,1,8,921,164.812748865798,-36.70202247915586,2.157763329952918,1.6690275237208405,2.4667127451593136
16,CS72+FlushC+FlushB_nocomp+BigLong,0.3,2,3,858,89.28434485708796,-33.04241213520863,1.6794459915892441,0.8309968721206474,2.166476464704985
16,CS72+FlushC+FlushB_nocomp+BigLong,0.3,2,5,997,138.98026411731817,-33.37618971855044,2.102425882899164,1.3967754810485784,2.5285200108640162
16,CS72+FlushC+FlushB_nocomp+BigLong,0.3,2,8,1056,170.26421078502304,-36.42970489864912,2.140272980126291,1.6089981817156707,2.457621282390903
16,CS72+FlushC+FlushB_nocomp+BigLong,0.3,3,3,917,116.90323799820032,-33.04241213520863,1.892030488020638,1.2962789090421685,2.2577991884097908
16,CS72+FlushC+FlushB_nocomp+BigLong,0.3,3,5,1076,179.84554642861747,-33.376189718550386,2.295111520688051,1.7630554550131583,2.6323261398361466
16,CS72+FlushC+FlushB_nocomp+BigLong,0.3,3,8,1141,212.21784072567505,-36.42970489864915,2.257504317265132,1.9807159653208048,2.4453542066812273
16,CS72+FlushC+FlushB_nocomp+MOM20_7d,0.1,None,3,1057,33.84652913569148,-19.335891942302418,1.7372792510698323,1.2606480388681571,2.049777094795577
16,CS72+FlushC+FlushB_nocomp+MOM20_7d,0.1,None,5,1417,38.22123821973775,-23.685880498948364,1.6183345518864498,1.0294332478289403,2.0311992598444872
16,CS72+FlushC+FlushB_nocomp+MOM20_7d,0.1,None,8,1700,52.62088808989822,-24.409469932414783,1.8133515320844367,1.078753212661126,2.29214293220881
16,CS72+FlushC+FlushB_nocomp+MOM20_7d,0.1,1,3,944,26.386427805709832,-17.00065913790517,1.5314030984750806,1.0787276509717767,1.8269136459224442
16,CS72+FlushC+FlushB_nocomp+MOM20_7d,0.1,1,5,1209,27.82000088880101,-24.198352675304392,1.3237602883336035,0.8567876367028238,1.6287054685359774
16,CS72+FlushC+FlushB_nocomp+MOM20_7d,0.1,1,8,1422,36.47549537486623,-22.66025946166722,1.558119017154161,0.7924642055162837,2.0553813363608295
16,CS72+FlushC+FlushB_nocomp+MOM20_7d,0.1,2,3,1024,29.288359531177257,-15.91284118088161,1.624298491070321,1.205555152904622,1.9032239067469239
16,CS72+FlushC+FlushB_nocomp+MOM20_7d,0.1,2,5,1311,32.805710547129266,-23.29012501443645,1.5620355215852093,0.9923819880785075,1.9704436411929613
16,CS72+FlushC+FlushB_nocomp+MOM20_7d,0.1,2,8,1534,42.46413755733038,-23.94628713217045,1.6229858086108861,0.9487117264047882,2.042539446153966
16,CS72+FlushC+FlushB_nocomp+MOM20_7d,0.1,3,3,1057,33.84652913569148,-19.335891942302418,1.7372792510698323,1.2606480388681571,2.049777094795577
16,CS72+FlushC+FlushB_nocomp+MOM20_7d,0.1,3,5,1365,35.83456121513573,-22.275546230703437,1.588234641954472,1.037279505775635,1.96772772462798
16,CS72+FlushC+FlushB_nocomp+MOM20_7d,0.1,3,8,1599,49.29076861520987,-21.220521119126435,1.778996544578664,1.0874380332112048,2.2129538326402836
16,CS72+FlushC+FlushB_nocomp+MOM20_7d,0.15,None,3,1057,52.76262069223377,-28.352309140776633,1.7297245172837465,1.2420324581000133,2.0495286439521903
16,CS72+FlushC+FlushB_nocomp+MOM20_7d,0.15,None,5,1417,58.54974362662722,-35.298091372444986,1.5958297902578944,0.9928235047341414,2.0193489008215924
16,CS72+FlushC+FlushB_nocomp+MOM20_7d,0.15,None,8,1700,81.55424331846237,-36.32106974297362,1.7829062452112916,1.0269566408071749,2.2793521753848704
16,CS72+FlushC+FlushB_nocomp+MOM20_7d,0.15,1,3,944,40.44079152285758,-25.02146165064967,1.5243417037541114,1.0636503002221742,1.8253670110476192
16,CS72+FlushC+FlushB_nocomp+MOM20_7d,0.15,1,5,1209,41.63740412612012,-35.31335916901796,1.307256625462476,0.8279573715697449,1.6205795762038058
16,CS72+FlushC+FlushB_nocomp+MOM20_7d,0.15,1,8,1422,55.25016885458891,-33.02607718871911,1.5361687723042794,0.7594182528183211,2.0436027511132453
16,CS72+FlushC+FlushB_nocomp+MOM20_7d,0.15,2,3,1024,45.24516438343586,-23.674156915917234,1.616880826745294,1.1882708586639616,1.9023872648431326
16,CS72+FlushC+FlushB_nocomp+MOM20_7d,0.15,2,5,1311,49.878463297828034,-34.24036978030164,1.5412998608801056,0.9632307662544799,1.9570246568553704
16,CS72+FlushC+FlushB_nocomp+MOM20_7d,0.15,2,8,1534,64.95085152570894,-35.01071486020657,1.5988520558421624,0.9094414216866391,2.0287983171170807
16,CS72+FlushC+FlushB_nocomp+MOM20_7d,0.15,3,3,1057,52.76262069223377,-28.352309140776633,1.7297245172837465,1.2420324581000133,2.0495286439521903
16,CS72+FlushC+FlushB_nocomp+MOM20_7d,0.15,3,5,1365,54.82345079539526,-33.06715945980135,1.5682057275591614,1.0064877916873682,1.95552199999448
16,CS72+FlushC+FlushB_nocomp+MOM20_7d,0.15,3,8,1599,76.34063226976973,-31.62050984369872,1.7511103342445309,1.0453899807858338,2.195304610729902
16,CS72+FlushC+FlushB_nocomp+MOM20_7d,0.2,None,3,1057,72.85820316136893,-36.851312470344666,1.722168002817478,1.2234640465562028,2.049287539829091
16,CS72+FlushC+FlushB_nocomp+MOM20_7d,0.2,None,5,1417,79.04193166442303,-46.29743878404003,1.573516445207991,0.9557541843537369,2.0081978767673303
16,CS72+FlushC+FlushB_nocomp+MOM20_7d,0.2,None,8,1700,110.98030323389803,-47.60065892141845,1.7515204555654866,0.9739292604547006,2.2660131792766682
16,CS72+FlushC+FlushB_nocomp+MOM20_7d,0.2,1,3,944,54.91118848508667,-32.66798419665891,1.5172588586732556,1.0484966007408274,1.8238653223381114
16,CS72+FlushC+FlushB_nocomp+MOM20_7d,0.2,1,5,1209,54.946237135013256,-45.58417613691497,1.2907589595484021,0.7987991795388439,1.6127571022602254
16,CS72+FlushC+FlushB_nocomp+MOM20_7d,0.2,1,8,1422,73.70504816385572,-42.63586163136939,1.5139140962477,0.7263012597167077,2.0313487257083453
16,CS72+FlushC+FlushB_nocomp+MOM20_7d,0.2,2,3,1024,61.919716996012994,-31.209125465270702,1.6094575976490677,1.1709791373020673,1.9015716844924293
16,CS72+FlushC+FlushB_nocomp+MOM20_7d,0.2,2,5,1311,66.90431272895295,-44.47898963567103,1.520763045557756,0.933842016593879,1.944136576584266
16,CS72+FlushC+FlushB_nocomp+MOM20_7d,0.2,2,8,1534,87.41303598984939,-45.28107410907896,1.5744049073200472,0.8695424316752052,2.0149944263320045
16,CS72+FlushC+FlushB_nocomp+MOM20_7d,0.2,3,3,1057,72.85820316136893,-36.851312470344666,1.722168002817478,1.2234640465562028,2.049287539829091
16,CS72+FlushC+FlushB_nocomp+MOM20_7d,0.2,3,5,1365,73.97911075447077,-43.314696343485046,1.5483667563372665,0.9753535073910421,1.9439039763641863
16,CS72+FlushC+FlushB_nocomp+MOM20_7d,0.2,3,8,1599,104.00926038354382,-41.60530069098331,1.7231092767599239,1.0025259839442615,2.1780311264774865
16,CS72+FlushC+FlushB_nocomp+MOM20_7d,0.3,None,3,1057,115.8963258792265,-52.229851233327864,1.7070376057179715,1.1864366973948228,2.048840924448515
16,CS72+FlushC+FlushB_nocomp+MOM20_7d,0.3,None,5,1417,118.08087931771314,-65.48633174519547,1.5289576722452296,0.8795681085350794,1.9877175693761922
16,CS72+FlushC+FlushB_nocomp+MOM20_7d,0.3,None,8,1700,166.12621948173194,-67.33833496739676,1.6854012798554046,0.8623479079870767,2.2384645109528805
16,CS72+FlushC+FlushB_nocomp+MOM20_7d,0.3,1,3,944,84.50446909434757,-46.71623698176629,1.5029781679521623,1.017878583167608,1.8209709277319888
16,CS72+FlushC+FlushB_nocomp+MOM20_7d,0.3,1,5,1209,78.57859757320007,-63.25779351051865,1.257533674743907,0.7391364630474185,1.5979065522301446
16,CS72+FlushC+FlushB_nocomp+MOM20_7d,0.3,1,8,1422,107.31740390854019,-59.40385610530914,1.4685257939057947,0.6594992656536274,2.005794145572005
16,CS72+FlushC+FlushB_nocomp+MOM20_7d,0.3,2,3,1024,96.77675613832338,-45.35965580714701,1.5945580565432063,1.136307845955643,1.8999927444622107
16,CS72+FlushC+FlushB_nocomp+MOM20_7d,0.3,2,5,1311,99.05026117552791,-62.32994535583849,1.4799209699267903,0.8739194946139345,1.919717571648429
16,CS72+FlushC+FlushB_nocomp+MOM20_7d,0.3,2,8,1534,129.07000570632454,-63.104293622259654,1.5242867566067428,0.786915604408112,1.987459455145292
16,CS72+FlushC+FlushB_nocomp+MOM20_7d,0.3,3,3,1057,115.8963258792265,-52.229851233327864,1.7070376057179715,1.1864366973948228,2.048840924448515
16,CS72+FlushC+FlushB_nocomp+MOM20_7d,0.3,3,5,1365,110.75488101726351,-61.49441733920711,1.5088561177966897,0.9115736618955917,1.9221557847727981
16,CS72+FlushC+FlushB_nocomp+MOM20_7d,0.3,3,8,1599,157.23746203802637,-59.73694062664884,1.6661877011284507,0.9131301622756489,2.1446237563881825
