start,t,n_open,equity_marked,gross_notional,gross_x,maintenance,maintenance_pct_equity,liq_buffer_pct,liq_buffer_25pct_mm,has_cs,has_fl,max_position_frac
5000.0,1653897600,0,5000.0,0.0,0.0,0.0,0.0,,,False,False,0.0
5000.0,1654012800,1,5000.0,563.0,0.1126,95.71000000000001,1.9142,1049.5174302895418,1150.7992895204263,False,True,0.1126
5000.0,1654488000,2,4974.40624882,1130.9,0.22734371569838424,169.635,3.4101557354757634,499.8383639079753,553.1501457623721,False,True,0.12969387053038517
5000.0,1654588800,2,4878.474677804,1207.35,0.24748514233212693,181.1025,3.712277134981904,457.72312992762465,505.419547251308,False,True,0.15595038413573709
5000.0,1654603200,2,4905.324677803999,1234.1999999999998,0.25160414061572833,185.13,3.774062109235926,449.9408693227335,496.59965189909786,False,True,0.15509676728281166
5000.0,1654646400,3,4885.724677804,1696.2,0.34717470014343826,264.062,5.4047662816458315,322.7107078929545,350.7192294779703,False,True,0.15571896702577986
5000.0,1654704000,3,4892.626836533999,1953.1999999999998,0.39921295149982705,330.452,6.754081417623431,281.1388358841915,300.6571668055157,False,True,0.15549929013980568
5000.0,1655035200,1,4868.244134913999,373.35,0.0766908950441524,56.002500000000005,1.150363425662286,1516.3950038724108,1705.247671055399,False,True,0.0766908950441524
5000.0,1655164800,1,4814.021886296499,433.65,0.09008060416892154,65.0475,1.3512090625338231,1288.372809814502,1446.8225177897689,False,True,0.09008060416892154
5000.0,1655193600,1,4816.271886296499,435.9,0.09050568786206707,65.38499999999999,1.357585317931006,1282.2387450701049,1439.8705777461191,False,True,0.09003852154481622
5000.0,1655366400,3,4849.271886296499,1933.5,0.3987196522149758,290.025,5.980794783224637,277.4150435082067,301.0703826426342,False,True,0.1675509270362906
5000.0,1655539200,2,4775.9843207045,1577.28,0.330252340478232,236.59199999999998,4.95378510717348,338.5867793777896,370.39834996149483,False,True,0.193400969931105
5000.0,1655668800,3,4810.002754165499,2583.78,0.537168091590473,403.785,8.394693737967595,202.12054404553675,214.881956109034,False,True,0.19203315407669694
5000.0,1655798400,3,5019.606487936699,2789.05,0.5556312046975688,438.0285,8.72635137938972,194.87605655399994,206.63399068675466,False,True,0.18497465931471024
5000.0,1655841600,4,4979.906487936699,3486.1499999999996,0.7000432655602735,542.8245000000001,10.90029504198393,150.7506386207268,157.13108492890245,False,True,0.18644928418820592
5000.0,1655928000,2,4771.181279985699,1550.35,0.324940493563608,232.5525,4.87410740345412,344.41018289879133,376.99820728529687,False,True,0.19460589432954498
5000.0,1656129600,1,4872.637034553699,743.1999999999999,0.15252521267841,156.07199999999997,3.2030294662466097,803.3282409549024,840.8390804724971,False,True,0.15252521267841
5000.0,1656144000,2,4864.437034553699,1362.4499999999998,0.28008379804735234,248.46749999999997,5.1078366979581284,414.3664316588187,442.7146718097251,False,True,0.1527823250092057
5000.0,1656201600,2,4853.887034553699,1351.9,0.2785190488316141,246.65699999999998,5.081638658751344,416.8522247644815,445.38915941057746,False,True,0.1531143998015057
5000.0,1656662400,1,4828.233480535699,646.5999999999999,0.1339206156054116,96.98999999999998,2.0088092340811743,860.8364987055729,962.2813651996493,False,True,0.1339206156054116
5000.0,1657036800,0,4868.653130555698,0.0,0.0,0.0,0.0,,,False,False,0.0
5000.0,1657296000,1,4868.653130555698,716.3,0.147124878440096,121.771,2.501122933481632,798.4273484650367,872.9262656346409,False,True,0.147124878440096
5000.0,1657569600,1,4904.498517545699,698.6,0.142440658815734,118.76200000000001,2.421491199867478,825.3575166763302,902.7289851218052,False,True,0.142440658815734
5000.0,1657800000,1,5032.198517545698,826.3,0.16420258404332638,140.471,2.7914439287365487,713.2576075881449,778.6717523975473,False,True,0.13882600170963066
5000.0,1657915200,1,5115.808470805699,636.3,0.12437916775640896,95.445,1.8656875163461344,928.2272458987526,1038.6575453519197,False,True,0.12437916775640896
5000.0,1657958400,2,5109.808470805699,1365.1,0.26715287036673513,204.765,4.0072930555010275,422.72649457317914,465.7566938496031,False,True,0.14380186736904038
5000.0,1658016000,3,5197.108470805699,1909.0,0.3673196375876394,295.482,5.685507656033048,303.7850504801123,329.656607005811,False,True,0.14138631204787713
5000.0,1658073600,4,5187.038470805698,2595.9300000000003,0.5004647670555596,440.02250000000004,8.4831161842463,220.18643985447878,233.08568776537103,False,True,0.14166079625892272
5000.0,1658088000,4,5150.768470805699,2559.66,0.49694720593791514,433.94499999999994,8.424859367288178,221.8935026946556,234.9714920890899,False,True,0.14265832451309163
5000.0,1658188800,4,5350.988912861699,2738.31,0.5117390532090557,462.6295,8.645682275439187,214.80868746125387,227.21612541368938,False,True,0.13732041160351244
5000.0,1658952000,1,5493.859736978097,763.92,0.13904978222472691,114.588,2.085746733370904,828.4316400513293,925.5558587248399,False,True,0.13904978222472691
5000.0,1659009600,1,5634.739736978097,904.8000000000001,0.16057529579622482,135.72,2.408629436943372,715.012708297979,797.0144027377097,False,True,0.13557325371866938
5000.0,1659067200,2,5645.899736978097,1409.26,0.2496076915376273,221.255,3.918861657263935,456.6180055621059,500.83824011449013,False,True,0.13530527207145895
5000.0,1659096000,3,5644.499736978098,2047.31,0.3627088485074624,316.8985,5.614288506808547,307.8805958570027,334.270969351855,False,True,0.13533883171176844
5000.0,1659268800,2,5606.308613479698,1637.05,0.2920014064270221,304.0725,5.4237560035295616,397.773864411042,423.28547191429277,False,True,0.17395581785403824
5000.0,1659960000,0,5534.472001362195,0.0,0.0,0.0,0.0,,,False,False,0.0
5000.0,1660219200,1,5534.472001362195,533.45,0.09638679170636374,90.68650000000001,1.6385754590081838,1229.5018675573292,1349.9820667634442,False,True,0.09638679170636374
5000.0,1660449600,2,5561.972001362195,1276.6,0.22952291016339976,202.709,3.6445526865355324,499.0509280143139,547.5818059806984,False,True,0.12866839312113193
5000.0,1661356800,1,5486.556219590695,800.28,0.14586198846235499,120.04199999999999,2.1879298269353247,788.917146585562,880.7727661303036,False,True,0.14586198846235499
5000.0,1662753600,1,5400.207692636695,1061.44,0.19655540312779032,159.216,2.948331046916855,580.8969493869255,645.0165426385157,False,True,0.19655540312779032
5000.0,1662998400,1,5376.345510361495,900.4799999999999,0.16748923562753937,135.07199999999997,2.5123385344130904,684.7685822935605,762.7377265993687,False,True,0.16748923562753937
5000.0,1663041600,2,5379.9855103614955,1471.97,0.27360110862103315,243.5095,4.526211074937225,418.1230092755522,453.9941267246385,False,True,0.16737591546775268
5000.0,1663531200,1,5254.3026961889955,715.1999999999999,0.13611701520712585,150.19199999999998,2.8584573193496428,903.3696330297971,946.2160134580529,False,True,0.13611701520712585
5000.0,1663761600,2,5327.3026961889955,1349.45,0.25330830196026954,272.1595,5.108767335385228,469.2460572323802,493.0344655169632,False,True,0.1342518044847788
5000.0,1663790400,2,5314.682103372996,1337.75,0.2517083757749102,269.90049999999997,5.078394055379266,472.42440094535755,496.3802009217463,False,True,0.14796745782798681
5000.0,1663905600,3,5651.982103372995,2279.55,0.4033186868443211,429.6425,7.601625273080705,282.30274234646834,297.25718399818646,False,True,0.1391370293849111
5000.0,1664294400,1,5542.406984993995,666.6,0.12027265442700474,139.986,2.5257257429670994,1025.8787242636913,1075.258922891088,False,True,0.12027265442700474
5000.0,1664524800,1,5536.4632060319955,569.9499999999999,0.1029447823980908,108.2905,1.9559508655637252,1175.7957338757237,1261.8593925857815,False,True,0.1029447823980908
5000.0,1664568000,2,5539.513206031996,1532.4,0.2766308054526099,310.344,5.6023695306306935,427.8993111634815,448.6568525217084,False,True,0.1731921135155533
5000.0,1664784000,1,5477.366133284994,576.35,0.10522393171740374,109.5065,1.999254702630671,1149.8199360781489,1233.805530964401,False,True,0.10522393171740374
5000.0,1665100800,1,5499.154226615994,733.5,0.1333841477749157,154.035,2.8010671032732297,922.4231362750112,966.2857035430118,False,True,0.1333841477749157
5000.0,1665259200,2,5540.854226615994,1377.6,0.24862592366761319,253.152,4.568826207048752,470.24871106676295,502.94756355168363,False,True,0.13238030996674963
5000.0,1665417600,2,5556.280849665994,1118.9,0.20137570980906425,199.089,3.5831342112947353,582.4231118855931,628.7789614402232,False,True,0.10841784573150441
5000.0,1665432000,2,5511.490969513993,1075.8,0.19519219135994786,190.998,3.465450656754724,601.3201789229674,649.7541016934987,False,True,0.10559756030069685
5000.0,1665446400,3,5507.390969513994,1688.7,0.30662431800243545,307.547,5.584259437951976,376.4857310894588,401.50932429395334,False,True,0.11203126914638636
5000.0,1665691200,1,5522.893785965993,973.65,0.17629345008844885,146.04749999999999,2.644401751326732,649.6894687928072,722.9813979651816,False,True,0.17629345008844885
5000.0,1665720000,2,5502.193785965993,1701.3000000000002,0.30920394049721955,300.096,5.45411542511336,371.2591304311144,397.8815247920996,False,True,0.1769566899812601
5000.0,1666123200,1,5427.133789985993,622.1999999999999,0.11464615100295986,93.32999999999998,1.7196922650443978,1008.5283321016495,1129.665443048536,False,True,0.11464615100295986
5000.0,1666281600,2,5388.833789985993,1392.3000000000002,0.25836759014302785,225.01300000000003,4.175541662059406,442.3779918722637,482.7272656741595,False,True,0.15001390495699468
5000.0,1666641600,1,5421.451980145993,425.6,0.07850295484652418,72.352,1.3345502323909113,1514.2619293374605,1665.1165351334562,False,True,0.07850295484652418
5000.0,1666771200,2,5411.8519801459925,1353.1999999999998,0.25004379368917906,211.29999999999998,3.904393556497454,455.42972065382196,499.9065898261891,False,True,0.1731754681092955
5000.0,1666828800,2,5417.522938065993,1792.2,0.33081539672073806,285.81600000000003,5.275769078737556,340.66393018420223,369.7111883395449,False,True,0.17299419138861494
5000.0,1667073600,2,5388.774009893993,1767.4,0.327978125776844,282.178,5.236404411873842,343.8271187670256,373.19784315144597,False,True,0.16961186316625293
5000.0,1667620800,1,5406.8629585489925,478.7,0.08853562660453777,81.379,1.5051056522771422,1340.3479701674448,1472.651753651972,False,True,0.08853562660453777
5000.0,1667764800,2,5359.312958548992,1013.8500000000001,0.18917536778342853,160.7005,2.998528006162732,609.3436682022309,671.4800622773248,False,True,0.1087266230777766
5000.0,1668038400,1,5279.550486042993,947.4000000000001,0.17944709544961157,142.11,2.6917064317441737,637.9615400716502,709.6897454145369,False,True,0.17944709544961157
5000.0,1668081600,4,5362.750486042993,3616.9750000000004,0.674462667881618,562.4782499999999,10.488614964725596,157.15427544792746,164.35490010457144,False,True,0.2441704128148211
5000.0,1668254400,2,5062.5995201127425,1968.64,0.388859516179182,295.296,5.832892742687729,284.896800664582,309.54970741985954,False,True,0.20452733736618794
5000.0,1668470400,1,5032.042860389943,921.83,0.18319200085838808,138.2745,2.747880012875821,624.5592507984363,694.5004842382278,False,True,0.18319200085838808
5000.0,1668787200,1,5017.081212113042,480.2,0.09571302111686456,72.03,1.4356953167529682,1211.5175569280061,1359.7198978517401,False,True,0.09571302111686456
5000.0,1669060800,1,5008.845372841042,650.375,0.12984529399259614,97.55624999999999,1.9476794098889423,888.4085648037521,993.5297067775856,False,True,0.12984529399259614
5000.0,1669132800,2,5008.790372841042,1260.67,0.2516915075615221,189.10049999999998,3.7753726134228307,449.7785605918274,496.4157020040711,False,True,0.12984671978418214
5000.0,1669420800,1,5196.230528751543,501.1,0.0964352903950925,75.165,1.4465293559263874,1202.3115096790689,1349.2863776362783,False,True,0.0964352903950925
5000.0,1669435200,2,5192.130528751542,1107.35,0.21327468442251668,202.7235,3.9044376653748194,551.5433196740912,591.8385368975836,False,True,0.11755289983951152
5000.0,1669651200,1,5135.489656914043,667.45,0.12996813246452454,100.1175,1.9495219869678682,887.5522126643622,992.5591743529437,False,True,0.12996813246452454
5000.0,1670270400,0,5143.154423164543,0.0,0.0,0.0,0.0,,,False,False,0.0
5000.0,1672632000,1,5143.154423164543,775.8100000000001,0.15084322502660735,116.3715,2.26264837539911,762.2822936732601,850.5865994963616,False,True,0.15084322502660735
5000.0,1672891200,1,5312.592439034743,1125.145,0.21178831482213797,168.77175,3.1768247223320696,537.8465666030227,596.226108816759,False,True,0.21178831482213797
5000.0,1673222400,1,5321.172351914792,1203.6,0.22619075654764156,180.54,3.3928613482146237,502.4761355066948,556.1396202409209,False,True,0.22619075654764156
5000.0,1673251200,2,5344.722351914792,2152.7999999999997,0.4027898660121682,341.433,6.388227068103524,276.21621415841145,297.6912146608939,False,True,0.225194111265443
5000.0,1673265600,4,5410.872351914792,3912.95,0.7231643523461223,637.6905,11.785354717790284,145.73446323611282,151.04153650195008,False,True,0.22244102645926803
5000.0,1673352000,5,5324.397351914792,4461.375,0.8379117306854593,719.47725,13.512839152420833,123.06376094629503,125.79241756677533,False,True,0.2260537522743591
5000.0,1673524800,2,5389.925085646791,1849.75,0.34318658805218444,343.54049999999995,6.373752780253626,335.0386905438314,355.18223800670654,False,True,0.20432565991181006
5000.0,1673611200,2,5443.100150628791,1904.15,0.34982821320677543,352.9065,6.483556984694319,328.1363403378509,347.80611825950615,False,True,0.202329549250123
5000.0,1673625600,3,5450.000150628791,2884.4500000000003,0.5292568661061795,500.4015,9.181678645316486,207.61316938933038,218.5922284723854,False,True,0.20207338891044582
5000.0,1673654400,5,5634.200150628791,4830.43,0.8573408595470134,811.5864999999999,14.404644462434032,120.00003609567756,122.18629675146356,False,True,0.19546696435288904
5000.0,1674043200,3,5666.102499553289,2723.2,0.48061255514080353,424.828,7.497711169776633,228.04291470455124,244.09040832125388,False,True,0.1922044297797048
5000.0,1674273600,1,5630.484892053288,1083.0,0.19234577851874118,162.45,2.8851866777811175,593.9965120909552,659.8627137030826,False,True,0.19234577851874118
5000.0,1674288000,3,5618.634892053287,2826.3500000000004,0.5030314398960941,459.72450000000003,8.182138701523588,217.98592096862333,231.72630858661228,False,True,0.19275144600189992
5000.0,1674446400,3,5646.341598063288,2856.95,0.5059824933333722,465.6105,8.24623328067338,216.64557032003563,230.18039508628846,False,True,0.1853766694454018
5000.0,1674633600,1,5606.912813880286,862.3,0.15379229687062707,129.345,2.306884453059406,747.3266181252992,833.6368338753392,False,True,0.15379229687062707
5000.0,1674734400,2,5647.662813880286,1586.95,0.28099234184090205,238.0425,4.21488512761353,401.0371588771125,441.17544672739416,False,True,0.1526826279148113
5000.0,1675036800,0,5760.901866882286,0.0,0.0,0.0,0.0,,,False,False,0.0
5000.0,1675281600,1,5760.901866882286,696.9,0.1209706424624712,104.535,1.8145596369370682,954.878641864777,1068.8624607800807,False,True,0.1209706424624712
5000.0,1676217600,1,5795.717469882286,441.3,0.07614242797259112,66.195,1.1421364195888666,1527.4449740425443,1717.7709705815503,False,True,0.07614242797259112
5000.0,1676390400,1,5790.109890882286,873.5999999999999,0.15087796543821422,131.04,2.2631694815732137,762.102711010866,850.3830724789815,False,True,0.15087796543821422
5000.0,1676534400,2,5823.109890882286,1791.3000000000002,0.307619130252854,286.389,4.918145207055468,367.9101881029699,400.10308274305703,False,True,0.15192912663132915
5000.0,1676952000,1,5779.0539798822865,1842.0,0.3187372892539619,313.14000000000004,5.418533917317353,253.62222314477418,230.99040086350863,True,False,0.3187372892539619
5000.0,1677052800,2,5912.853979882287,3608.0,0.6101960258575214,575.364,9.730732434076689,127.58846659966206,111.1054097534875,True,False,0.32130000275058734
5000.0,1677096000,3,5914.453979882286,5316.400000000001,0.8988826387158416,848.6,14.347900970849881,82.17119188779051,68.99938273842879,True,False,0.3212130834836272
5000.0,1677153600,4,5935.653979882286,7241.2,1.2199498192688794,1254.124,21.12865750346302,55.10713870221178,45.5764677664728,True,False,0.32784929960465664
5000.0,1677225600,4,5945.603999882287,7216.9,1.2138211694123728,1250.301,21.028998904480584,55.45283500276288,45.907566959578624,True,False,0.32730064095061284
5000.0,1677340800,4,6265.92884988229,7354.2,1.1736807385130386,1263.284,20.16116094302175,58.052267342559496,48.161636614530906,True,False,0.36722408682365204
5000.0,1677369600,4,6159.93256738229,8282.55,1.3445845241646424,1412.5095000000001,22.930600043893936,48.96744643374586,39.497933050882054,True,False,0.39560497998041877
5000.0,1677398400,5,6156.982567382289,10609.92,1.7232337242934452,1761.18,28.60459617557088,35.53283513497012,26.424346780238032,True,False,0.39579452651204694
5000.0,1677571200,4,6094.475370762292,9230.76,1.514611092578002,1533.3899999999999,25.160328112183425,42.3729265270578,32.818839365445896,True,False,0.3998539417668029
5000.0,1677643200,3,6030.6101642812955,6118.16,1.014517575060191,1060.246,17.581073409117568,69.24049941284034,58.855213518852665,True,False,0.38543695193022237
5000.0,1677700800,3,6026.396196501495,5514.45,0.9150493628681938,970.0695000000001,16.097008367341576,77.97534877490145,67.42697743566804,True,False,0.34379584953322045
5000.0,1677772800,4,6118.646196501495,7064.162,1.1545302299124813,1201.4213,19.635410537169903,59.49035558690087,49.29225231812629,True,False,0.3386124860732489
5000.0,1677888000,4,6431.2489809909985,6534.508000000001,1.0160558266853308,995.4982,15.479080392353316,72.1878659408142,58.73583114127028,True,False,0.28062978207413397
5000.0,1678161600,1,6502.1445092574195,2644.5,0.40671196960247447,396.675,6.100679544037117,200.76021633932345,176.69939903217755,True,False,0.40671196960247447
5000.0,1678377600,2,6714.54450925742,3189.2999999999997,0.47498381991553934,523.827,7.801378027620394,182.34255365028454,164.00162164223974,True,True,0.39384652173412465
5000.0,1678752000,1,6905.962301912422,848.3000000000001,0.12283588628410062,161.17700000000002,2.333881839397912,981.5979529010704,1052.125789133156,False,True,0.12283588628410062
5000.0,1679169600,1,6896.542947009421,854.9,0.12396065776270038,162.431,2.3552524974913074,972.478471528606,1042.2767492508942,False,True,0.12396065776270038
5000.0,1679500800,1,7001.87080066042,1645.2,0.23496577512467437,345.492,4.934281277618163,512.1441739729554,534.1251965848464,False,True,0.23496577512467437
5000.0,1679515200,2,7041.4708006604205,2592.2000000000003,0.36813331665834326,526.214,7.47306940406039,315.3582260799647,328.85429625596896,False,True,0.23364436870855113
5000.0,1679716800,2,7113.87378124842,3125.8,0.4393949198591841,629.502,8.848934059798966,259.75952315181996,270.11426541465306,False,True,0.23126640288960573
5000.0,1680134400,2,7178.069639662416,2082.8999999999996,0.2901755074220704,417.08299999999997,5.810517603443247,405.8661089220736,426.1586979475679,False,True,0.14859148121195465
5000.0,1680321600,3,7249.713866400415,3178.85,0.4384793743009258,581.6155,8.02259938417101,256.73840257398456,270.747864433172,False,True,0.14733684938249175
5000.0,1680393600,3,7302.892713132414,3234.05,0.4428450652416645,589.6714999999999,8.074492165818405,253.8676370698224,267.7501466430601,False,True,0.14746211430211295
5000.0,1680580800,1,7183.477608043415,744.3,0.1036127681621224,156.303,2.1758681314045707,1195.1038199248321,1253.50935698749,False,True,0.1036127681621224
5000.0,1681300800,1,7198.878634324414,1178.4,0.16369216094036682,200.32800000000003,2.7827667359862365,715.5455461688314,781.2037377601735,False,True,0.16369216094036682
5000.0,1681444800,2,7254.0786343244135,2603.87,0.3589525467340765,415.25249999999994,5.724400312330957,312.47242308555127,338.1178084581495,False,True,0.18889649107417153
5000.0,1681776000,1,7226.468415171912,855.2249999999999,0.11834618943389581,128.28374999999997,1.7751928415084368,976.4454369829629,1093.3048285806913,False,True,0.11834618943389581
5000.0,1681876800,2,7223.773415171912,1888.8799999999999,0.2614810697180551,283.332,3.922216045770827,432.27866218711074,476.58248381205885,False,True,0.14346380214852528
5000.0,1682179200,2,7083.594086926411,5431.700000000001,0.7668000076436944,814.755,11.502000114655415,100.35834864617468,84.3296807544807,True,False,0.40346750038582363
5000.0,1682553600,1,7106.943386205411,868.45,0.12219739947354342,130.2675,1.8329609921031516,945.1153185296877,1057.7973610003123,False,True,0.12219739947354342
5000.0,1683460800,1,7101.297586610412,2457.0,0.34599310478590634,368.55,5.189896571788595,238.28095721577785,211.21848063851564,True,False,0.34599310478590634
5000.0,1683720000,2,7084.266755450411,3577.66,0.5050148622999636,582.394,8.220949607126586,172.32949013513397,161.74711331846683,True,True,0.32286333631356584
5000.0,1683979200,1,7148.092974477111,2172.7999999999997,0.3039691855937201,369.376,5.167476155093242,266.65018371966033,243.18457196160205,True,False,0.3039691855937201
5000.0,1684483200,1,7137.493758829111,973.1999999999999,0.13635038192448817,165.444,2.3179564927162986,863.1380960127949,944.5394929208262,False,True,0.13635038192448817
5000.0,1684512000,3,7143.7937588291115,5694.799999999999,0.7971674704300805,873.81,12.231736098484735,100.55173309987384,86.2921932314405,True,True,0.342087143400476
5000.0,1684814400,1,7195.996981984112,2380.3199999999997,0.33078390749181324,357.04799999999994,4.961758612377198,249.83666726520192,221.84973388398578,True,False,0.33078390749181324
5000.0,1685030400,2,7258.756981984112,4698.771000000001,0.6473244677652283,704.81565,9.709867016478425,121.28872462855962,103.58562665827486,True,False,0.3280466622467252
5000.0,1685073600,2,7251.652159705713,4700.3369999999995,0.6481746361357119,705.0505499999999,9.722619542035678,121.1125298445199,103.42352745695831,True,False,0.32836806669125107
5000.0,1685361600,1,7018.427270775395,1228.8600000000001,0.17509050854127264,184.329,2.6263576281190892,654.2743365946434,728.1775814739292,False,True,0.17509050854127264
5000.0,1685462400,2,7070.447270775395,4912.13,0.6947410555345676,736.8195,10.421115833018513,120.30401000734791,106.23108294601036,True,True,0.5135813705887056
5000.0,1685664000,2,7081.011645975394,5992.409,0.8462645310583384,898.8613499999999,12.693967965875077,89.70987904973708,74.53308872575812,True,False,0.5128151430260504
5000.0,1685966400,2,7027.348288446713,2004.8000000000002,0.28528541886788,361.188,5.13974809806723,405.57992326940376,434.0348688778074,False,True,0.1434111358415051
5000.0,1686009600,3,7033.548288446713,2739.55,0.3894975747163032,471.65250000000003,6.705754772093271,289.3382874863927,308.9880108507705,False,True,0.14328472040995432
5000.0,1686067200,4,7121.398288446712,4079.7999999999993,0.5728931081721406,700.378,9.834838210583548,190.00350617492325,199.4035095984023,False,True,0.17586433861336068
5000.0,1686225600,2,6964.5262286262105,4672.367,0.6708808103550856,724.86705,10.407987940666912,125.06758059367091,110.61562741064304,True,True,0.4984929176847719
5000.0,1686254400,2,6989.809672626211,7123.402,1.0191124413439996,1068.5103,15.286686620159992,72.28226030479125,58.49967948040794,True,False,0.526514336207564
5000.0,1686398400,3,7902.851672626211,7302.360000000001,0.9240158239707085,1095.354,13.860237359560628,84.35441770247868,70.81446142923474,True,True,0.46568443296836093
5000.0,1686513600,2,7733.978252665222,3439.391,0.44471174958563464,515.9086500000001,6.67067624378452,199.2263507254233,183.53093445188486,True,True,0.30151248475471243
5000.0,1686974400,2,7823.422969530242,2863.41,0.3660047540765821,429.51149999999996,5.490071311148731,303.78881738619106,330.96065970434984,False,True,0.20395803808825777
5000.0,1687348800,1,7758.668091280641,1738.8,0.2241106307865007,260.82,3.3616594617975104,507.3037585948823,561.6109264075333,False,True,0.2241106307865007
5000.0,1687406400,2,7799.968091280642,3271.59,0.4194363312405362,490.7385,6.291544968608043,262.841420740397,284.55361017244996,False,True,0.22292398887423068
5000.0,1687449600,3,7782.018091280641,4557.4400000000005,0.5856372918364688,735.768,9.454719731690048,184.37610792555301,194.33887127512054,False,True,0.22343818526305378
5000.0,1687608000,3,8430.323903128641,4692.54,0.5566262997627548,757.449,8.98481492174811,194.9859584728445,206.20499496729252,False,True,0.17691965541756727
5000.0,1687752000,2,8610.629233102538,2816.92,0.32714450056340677,422.538,4.907167508451102,341.97096508003057,374.23376042403464,False,True,0.17953624040121188
5000.0,1687780800,2,8840.067486242539,3740.5200000000004,0.42313251633216936,600.33,6.791011504541915,262.3961443811533,281.7767756441186,False,True,0.2220118797796872
5000.0,1688011200,1,8768.368192949338,1539.3,0.17555147846525812,292.467,3.335478090839904,679.7944225850083,726.177976391809,False,True,0.17555147846525812
5000.0,1688054400,2,8772.268192949337,2756.7,0.3142516780569571,475.23300000000006,5.417447227411104,363.67105870693456,390.9550401058917,False,True,0.17547343128852397
5000.0,1688126400,4,8845.918192949337,5491.150000000001,0.6207552319867412,888.1064999999999,10.039732231616924,172.8815226914396,181.4587883642913,False,True,0.17401246161499698
5000.0,1688155200,5,9025.038192949338,6727.77,0.7454561250783359,1096.6875,12.151610625390694,140.79620912940518,145.52807627588015,False,True,0.17055883499779012
5000.0,1688400000,2,8940.523194825335,2270.19,0.2539213813923058,362.8035,4.057967213932024,449.7106220907685,491.76357895596607,False,True,0.12934813486858726
5000.0,1688457600,2,8915.768769825334,2291.1800000000003,0.25698064397478604,343.677,3.8547096596217907,440.1580777963029,485.5124881691433,False,True,0.1297072669620901
5000.0,1688558400,3,8752.888769825335,3569.3,0.4077853716483622,564.215,6.446043298814352,272.4939151413466,293.63605449529166,False,True,0.1646313620444597
5000.0,1688688000,3,8877.550737488933,3545.04,0.39932635755374296,599.1360000000001,6.748888490942821,281.01440975296316,300.56231570453116,False,True,0.16231954540285684
5000.0,1688716800,3,8847.458396774933,3512.9199999999996,0.3970541417047551,594.0419999999999,6.714267232005742,282.759895986572,302.47309538408444,False,True,0.16287163334108154
5000.0,1688889600,2,8869.538070595732,2392.94,0.26979308064904395,398.509,4.493007379055466,424.73412570280607,460.8725707342283,False,True,0.1582652883190924
5000.0,1688947200,2,8836.425294671733,2709.66,0.30664662571570594,406.44899999999996,4.5996993857355895,366.00972705808255,401.47769066582686,False,True,0.15885835653999583
5000.0,1689220800,1,8872.975263295732,1305.0600000000002,0.1470825694058405,195.75900000000001,2.206238541087607,782.2237844638859,873.1869557257374,False,True,0.1470825694058405
5000.0,1689307200,2,9292.315263295732,2816.24,0.3030719384999811,422.4359999999999,4.546079077499716,370.53490023810355,406.6062202698507,False,True,0.14044508424664995
5000.0,1689350400,4,9077.175263295732,4501.2,0.4958811380673626,698.8739999999999,7.699245412016573,220.34673679468128,235.54830603085796,False,True,0.14377380210748075
5000.0,1689408000,5,9297.305263295731,6029.03,0.6484706943851399,981.2055,10.553654765684007,164.74621420169683,172.27863107433495,False,True,0.14065365855659162
5000.0,1689609600,1,9096.27191032613,632.4000000000001,0.06952298768488843,120.15600000000002,1.3209367660128803,1752.3125522848736,1884.4975564676633,False,True,0.06952298768488843
5000.0,1689854400,2,9269.27191032613,1985.9,0.21424552210920397,400.93100000000004,4.325377482489817,559.5277201210956,589.0056169546052,False,True,0.1273562812074703
5000.0,1689897600,2,9308.75965373813,2883.2999999999997,0.309740514015973,503.8469999999999,5.412611548066658,370.03936004359537,397.1345173349116,False,True,0.18198987437812922
5000.0,1689912000,3,9244.55965373813,4440.900000000001,0.4803798305530192,801.0989999999999,8.665626379251798,231.97588697124178,244.2248088972394,False,True,0.1832537258078024
5000.0,1690070400,2,9112.371499751129,2896.45,0.31785907763737525,497.0155,5.45429364917326,359.05776964326924,386.13976878597964,False,True,0.17797781840262916
5000.0,1690084800,2,9094.777291363129,2103.25,0.23125909877940112,346.4975,3.809851400419139,497.9802101527181,543.2205581116925,False,True,0.14654014686710892
5000.0,1690257600,1,9006.537748928129,711.75,0.07902592759184356,135.2325,1.5014926242450275,1538.7746684060983,1653.8766418785865,False,True,0.07902592759184356
5000.0,1690329600,2,9017.937748928129,1504.2,0.16680088528874454,254.55599999999998,2.822773976569715,701.2702616847781,766.0229356848051,False,True,0.08661071097910777
5000.0,1690560000,1,9078.49576627063,806.9999999999999,0.08889137812876999,153.32999999999998,1.6889361844466297,1365.3932054814557,1466.624661919972,False,True,0.08889137812876999
5000.0,1690891200,1,9049.74610693063,747.1500000000001,0.08256032723700447,141.95850000000002,1.568646217503085,1471.8956903609235,1581.6473455897974,False,True,0.08256032723700447
5000.0,1691121600,2,9006.11346586163,4333.095,0.4811281821426004,649.96425,7.216922732139006,185.29447021660516,171.2169516609548,True,True,0.30591386733504977
5000.0,1691150400,3,9015.30846586163,5676.299999999999,0.6296290383733966,877.533,9.73381003348875,144.5498336043341,134.63307086117732,True,True,0.30560185604660667
5000.0,1691380800,2,9096.40030642378,4064.87,0.4468657780077502,635.9425,6.991144613005918,198.82592842216266,182.57050991318,True,True,0.3027868065629174
5000.0,1691424000,2,9081.05455042378,3707.8199999999997,0.40830280001202823,575.5889999999999,6.3383497676835265,215.14648385462158,196.51392198641432,True,True,0.3032984753815258
5000.0,1691467200,3,9082.82455042378,6523.049999999999,0.7181741718985039,1165.9485,12.836849303068393,107.6289343028896,97.23859500304235,True,True,0.3080649620023155
5000.0,1691611200,3,8925.98373637978,5284.05,0.5919851700450349,812.7975,9.105971106436904,152.90970301048375,142.04113673271053,True,True,0.3085676695526988
5000.0,1691784000,1,8846.064779380678,1415.75,0.16004291572677337,212.36249999999998,2.4006437359016006,717.4498887000804,799.7765405267576,False,True,0.16004291572677337
5000.0,1692072000,1,9058.792004690678,3135.5,0.3461278279020454,658.4549999999999,7.2686843859429535,221.41372274290757,211.12848361513448,True,False,0.3461278279020454
5000.0,1692158400,2,9182.292004690678,4570.0,0.49769708888210734,866.22,9.433592392373283,167.36512903849766,162.96325133659022,True,True,0.3414724775032489
5000.0,1692331200,1,9511.342460085682,1973.3,0.20746808437199557,295.995,3.1120212655799335,549.4139384361032,609.3357968942503,False,True,0.20746808437199557
5000.0,1692374400,2,9544.942460085682,3747.9500000000003,0.392663446183452,631.8345,6.619573691954224,286.03265700792156,306.228025456963,False,True,0.2067377575351341
5000.0,1692590400,2,9846.109310695681,2807.55,0.28514308661495363,496.0725,5.038259116838403,404.50477284315684,434.26816076629945,False,True,0.1768261904332835
5000.0,1693310400,1,9778.10045915718,1238.3,0.1266401388666787,235.277,2.406162638466895,951.4062448375741,1019.51874442458,False,True,0.1266401388666787
5000.0,1693353600,3,9763.10045915718,4196.45,0.4298275960137224,678.3995,6.948607185166301,258.2311129177134,276.8685582387393,False,True,0.1634880237765976
5000.0,1694044800,1,9537.51481535768,2891.7,0.30319218957790467,433.75499999999994,4.547882843668569,273.75982580903,243.85903974430764,True,False,0.30319218957790467
5000.0,1694088000,2,9571.414815357679,4087.7000000000003,0.42707374811936255,662.351,6.92009502019737,208.02500053956004,190.21374883295633,True,True,0.3021183446526801
5000.0,1695096000,1,9625.20683429068,2947.0,0.3061752386973174,559.93,5.81732953524903,258.49608729831164,241.2882751079927,True,False,0.3061752386973174
5000.0,1695182400,2,9611.70683429068,4256.86,0.4428828379173245,756.949,7.875281810505417,191.45832168711675,182.91641122453385,True,True,0.306605273216022
5000.0,1695355200,1,9667.811914790282,2875.0,0.29737856149246006,546.25,5.650192668356741,266.6148897271547,249.0173750202513,True,False,0.29737856149246006
5000.0,1695657600,1,9733.081623540282,3949.3999999999996,0.4057707674461541,750.386,7.709644581476928,191.12988598928294,177.15565146179736,True,False,0.4057707674461541
5000.0,1695916800,1,9696.774274518286,2843.25,0.29321606541586187,540.2175,5.571105242901375,270.62641430775636,252.83634642098406,True,False,0.29321606541586187
5000.0,1696190400,2,9729.557648928287,7172.705,0.7372077188719958,1281.6457500000001,13.17270318184685,107.67721365133009,99.81264207255074,True,True,0.5286468496917286
5000.0,1696564800,1,9780.711977699888,2778.25,0.2840539631812526,527.8675,5.397025300443798,279.87040623026525,261.63662673121246,True,False,0.2840539631812526
5000.0,1696838400,1,9804.31842386989,1445.85,0.14747073049768455,216.87749999999997,2.212060957465268,780.1184260729912,870.8008828827234,False,True,0.14747073049768455
5000.0,1697457600,1,9761.79273712339,1396.5,0.14305773925000595,209.475,2.1458660887500893,804.7275952168984,898.6912745791518,False,True,0.14305773925000595
5000.0,1697673600,1,9713.81755208839,1875.2,0.19304459754824688,281.28,2.8956689632237027,591.7823700115683,657.3533526797775,False,True,0.19304459754824688
5000.0,1697760000,2,9890.13755208839,3895.92,0.39391969823284634,584.3879999999999,5.9087954734926935,281.0104070287827,305.1451279659538,False,True,0.189603025248525
5000.0,1697803200,3,9979.05755208839,5625.34,0.5637145562731767,876.6110000000001,8.78450690783465,191.68174372739293,203.1929934211595,False,True,0.18791353694593768
5000.0,1697961600,3,10547.669461336389,5802.97,0.5501660837279181,908.0405000000001,8.608920703559395,196.93090495657572,209.01772624102,False,True,0.18798655070375866
5000.0,1698120000,2,11070.13484015939,4286.09,0.3871759524058596,684.9034999999999,6.186948125648473,288.3836019089649,311.0406715727509,False,True,0.1896544197802898
5000.0,1698148800,3,10996.37484015939,6149.93,0.5592688580913143,1079.7404999999999,9.81905869611434,195.58705527987442,205.07317080919378,False,True,0.190926558117363
5000.0,1698321600,1,11091.155826729584,1579.6000000000001,0.14241978245343723,268.53200000000004,2.421136301708433,825.4815026169186,902.8661962293901,False,True,0.14241978245343723
5000.0,1698926400,1,11201.612422729584,2002.0499999999997,0.1787287333685613,300.30749999999995,2.6809310005284193,640.5966192141046,712.6761684426519,False,True,0.1787287333685613
5000.0,1699358400,2,11231.45041372958,2794.15,0.24877908881513358,528.7815,4.708042866428058,472.44714993298356,502.617392945002,False,True,0.129079499672437
5000.0,1699588800,3,11212.95041372958,4203.71,0.3748977606155121,738.3974999999999,6.58522041706237,302.26863850603894,322.31918674153957,False,True,0.12929246509686412
5000.0,1700208000,1,11506.156039601978,2179.1,0.18938557694680627,326.86499999999995,2.840783654202094,603.5568402282636,670.6977522586988,False,True,0.18938557694680627
5000.0,1700640000,1,11456.599032601978,998.45,0.08715064541917864,149.7675,1.3072596812876798,1332.2805092130423,1496.5845771081144,False,True,0.08715064541917864
5000.0,1700683200,2,11497.549032601979,4616.68,0.40153601318934423,692.502,6.023040197840163,216.2150156943199,196.97359688072095,True,True,0.31113413735887635
5000.0,1700697600,3,11474.159032601978,8188.37,0.7136357424308015,1370.0234999999998,11.940077665886434,109.28164486788448,97.03881893465447,True,True,0.3117683823133124
5000.0,1700726400,4,11490.169032601978,11547.359999999999,1.0049773825986152,2075.9339999999997,18.067044915612517,70.72525938034364,61.83350965308997,True,True,0.3113339751443079
5000.0,1701158400,2,11262.955308546389,7715.200000000001,0.6850067134818218,1393.191,12.369675292441581,108.35903189209144,96.78717657140594,True,False,0.3490957650357089
5000.0,1701288000,3,11224.775308546388,11311.679999999998,1.0077422210302456,2076.633,18.50044159386318,68.32931309976388,59.38538083500515,True,False,0.35028318090308175
5000.0,1701417600,2,11141.102746046394,6955.200000000001,0.6242829061484214,1388.7420000000002,12.4650317985158,116.87953662724875,108.14702951514138,True,False,0.3193849012174959
5000.0,1701432000,3,11165.902746046395,10286.05,0.9212018261257082,1887.0254999999997,16.899891956054827,76.22459292268742,66.84307578552617,True,False,0.31867553219195976
5000.0,1701676800,1,10697.138417193397,1101.3,0.10295276709048583,165.195,1.5442915063572875,1125.0814189854127,1261.758941516801,False,True,0.10295276709048583
5000.0,1701950400,1,10918.803593669398,1344.55,0.12314078080675023,201.68249999999998,1.847111712101253,937.7395974309704,1049.4382104217668,False,True,0.12314078080675023
5000.0,1702339200,1,11228.096669698398,4986.24,0.44408595211479746,747.9359999999999,6.661289281721961,182.76663760753766,160.14530659893467,True,False,0.44408595211479746
5000.0,1702353600,4,11188.966669698399,15821.669999999998,1.4140421065734103,2598.3224999999998,23.222184645850216,46.637609487074435,36.575401558487314,True,False,0.4456390073538761
5000.0,1702468800,5,11719.346669698396,17242.690000000002,1.4713013008295754,2807.8035,23.958703323111614,45.7822220383519,36.00347789598743,True,True,0.42547081680691706
5000.0,1702800000,0,11208.158149484008,0.0,0.0,0.0,0.0,,,False,False,0.0
5000.0,1702886400,0,11208.158149484008,0.0,0.0,0.0,0.0,,,False,False,0.0
5000.0,1703937600,1,11208.158149484008,3050.5,0.27216782269800827,457.575,4.082517340470124,306.4524888858992,273.93628977502726,True,False,0.27216782269800827
5000.0,1703952000,2,11218.658149484008,6479.7,0.577582444679271,1178.337,10.503368444774265,131.1082872736709,118.50836488706587,True,False,0.30660529576420026
5000.0,1703995200,3,11226.308149484008,10094.849999999999,0.8992136921222839,1756.4085,15.645468453319888,79.90627872545359,68.9666168351903,True,False,0.3227062674354359
5000.0,1704009600,4,11242.158149484008,13148.6,1.1695797039293112,2214.41,19.69737456594699,58.762886631486985,48.400639760789794,True,False,0.32225129301941713
5000.0,1704369600,2,11235.844476686007,9391.5,0.8358517260974057,1463.351,13.023952076200445,90.02881270950661,75.7107552717756,True,False,0.4861761847393588
5000.0,1704384000,3,11303.144476686008,15057.85,1.3321823879238641,2313.1475,20.46463711731832,51.75291157969488,40.05183728984421,True,False,0.5072614980571372
5000.0,1704916800,1,12631.301607082503,6634.095,0.525210719082204,995.11425,7.878160786233059,152.52153894038892,132.3198158251578,True,False,0.525210719082204
5000.0,1704988800,2,12675.826607082503,13594.33,1.0724610253349705,2039.1495,16.086915380024557,68.03781018219587,54.59478536762019,True,False,0.552607748364604
5000.0,1705219200,2,13616.836564982515,13201.45,0.9694946353361737,1980.2175,14.542419530042606,76.64914980506926,62.51721782066373,True,False,0.5144190404703587
5000.0,1705305600,2,13734.030801382514,13035.87,0.9491656301431745,1955.3805000000002,14.237484452147617,78.57016531998123,64.28455209438273,True,False,0.4933679047317931
5000.0,1705680000,2,13324.847848982528,7975.545,0.5985467969609127,1196.3317499999998,8.97820195441369,132.23592542259718,113.65705138878938,True,False,0.3178404022319395
5000.0,1706083200,1,14055.362410682535,4486.44,0.31919774594998407,672.9659999999999,4.787966189249761,259.3786263512221,230.62833624312438,True,False,0.31919774594998407
5000.0,1706342400,1,14014.580637561336,3397.305,0.24241217685063474,509.59574999999995,3.636182652759521,345.67002726038885,310.01642507955773,True,False,0.24241217685063474
5000.0,1707321600,1,13943.820868087985,2254.8,0.16170603605216743,338.22,2.4255905407825114,709.8895359488247,791.2081407420013,False,True,0.16170603605216743
5000.0,1707753600,1,14049.526036267986,2764.1000000000004,0.19673973291801067,414.61500000000007,2.95109599377016,580.3361603188778,644.380981694728,False,True,0.19673973291801067
5000.0,1709697600,1,13991.188655553986,2154.25,0.15397190710775258,452.3925,3.233410049262804,795.5305397516528,832.625501871741,False,True,0.15397190710775258
5000.0,1711771200,1,14028.888671421484,4408.599999999999,0.31425154930346283,749.462,5.342276338158868,257.44992346779634,234.57312836585743,True,False,0.31425154930346283
5000.0,1711814400,2,14046.738671421484,7065.45,0.5029957604589649,1147.6325,8.170099315187612,157.0556021009345,139.04706617607073,True,False,0.3138522117571269
5000.0,1711900800,3,13953.138671421484,11940.300000000001,0.8557429465282864,1880.0080000000003,13.473728343649245,87.35789876333786,73.48601741277176,True,False,0.3426648378255462
5000.0,1711915200,4,13891.338671421485,15255.1,1.0981734993895274,2378.208,17.120077886321095,65.29195016284797,52.84823394889045,True,False,0.34418929039837026
5000.0,1712145600,3,15278.246514222485,10716.77,0.7014397882652165,1607.5155,10.521596823978244,110.92514056269214,94.05112931767675,True,False,0.31294494401233447
5000.0,1712361600,2,15408.419961127485,5451.29,0.3537864371397306,817.6935,5.306796557095959,258.99589081723315,244.0549002189361,True,True,0.21616557754804838
5000.0,1712606400,1,15360.895769363886,7246.4,0.4717433220562815,1086.9599999999998,7.076149830844222,171.28668111498712,149.58374662578808,True,False,0.4717433220562815
5000.0,1712678400,2,15566.495769363886,9061.84,0.5821374401960414,1359.2759999999998,8.732061602940618,144.7529646986724,128.92623250048837,True,True,0.46551260523652965
5000.0,1712764800,2,15508.190165701484,10453.2,0.6740438367282021,1567.98,10.110657550923031,115.96374204280681,98.68664267938226,True,False,0.4672627768020552
5000.0,1712880000,2,15402.465039573484,7765.5,0.5041725451119763,1207.12,7.837187079461319,158.20735793529076,138.67583583360747,True,False,0.2745989027816758
5000.0,1712952000,4,16312.665039573483,11009.45,0.6749019840284698,1818.8435000000004,11.149885659931115,128.04253548344036,116.05140928132518,True,True,0.25927707028492913
5000.0,1713038400,4,16341.525639642483,8859.55,0.542149502767835,1567.5594999999998,9.5924917573014,177.6949308735485,171.40000139096946,True,True,0.25881916372237396
5000.0,1713052800,5,16267.425639642483,10420.25,0.6405592520187485,1830.9225,11.255145961990326,150.2092606529649,145.16765520296428,True,True,0.25999811486416324
5000.0,1713081600,5,16413.625639642483,10782.45,0.6569206729047137,1892.7085000000002,11.531324897703872,145.99900410880284,140.88415185385242,True,True,0.2576822508845843
5000.0,1713470400,1,16420.87295567398,2207.4,0.13442647086781503,419.406,2.5541029464884852,894.9396337836693,958.5348044863629,False,True,0.13442647086781503
5000.0,1713499200,2,16444.272955673983,3989.5,0.24260725972828434,687.657,4.181741581726352,477.20669806753335,516.251759390867,False,True,0.13423518363810374
5000.0,1714032000,1,16646.914137530977,2282.8,0.13713052047606575,342.42,2.056957807140986,840.2732525346053,938.9763528725528,False,True,0.13713052047606575
5000.0,1714579200,1,16501.16364861898,2044.4,0.1238942927622623,306.66,1.8584143914339346,931.9290370607213,1042.8529086688172,False,True,0.1238942927622623
5000.0,1714636800,3,16422.36364861898,13518.86,0.8231981881083759,2027.8290000000002,12.347972821625639,101.90634131819445,89.76651782228929,True,True,0.5346830814295365
5000.0,1714852800,2,16312.30258660898,4554.540000000001,0.2792088962191575,683.181,4.188133443287362,403.71150251394863,444.20636951580843,False,True,0.16996374271992648
5000.0,1715601600,1,16301.580665117981,2110.25,0.1294506369259945,358.7425,2.2006608277419066,910.2352210948558,996.6603113449738,False,True,0.1294506369259945
5000.0,1716292800,1,16312.023311180481,2652.93,0.16263647675035173,397.93949999999995,2.439547151255276,705.7273106552103,786.4909520759052,False,True,0.16263647675035173
5000.0,1716451200,2,16294.113311180481,5089.27,0.31233795314949186,812.4755,4.986313059714064,361.99162272539587,393.55469608753265,False,True,0.16281524188122878
5000.0,1716508800,2,16269.389318780477,4423.0,0.2718602347842482,712.9849999999999,4.382371003790349,419.3083941380419,457.1147582720771,False,True,0.150850775767407
5000.0,1716552000,3,16183.589318780478,5961.85,0.3683886116092606,942.8425,5.825917115345141,303.6605707160325,328.6032986132487,False,True,0.15165053633386077
5000.0,1716854400,1,16411.837389280478,2139.2,0.13034494244972444,363.664,2.215864021645316,903.8495073758279,989.5934548292495,False,True,0.13034494244972444
5000.0,1717776000,1,16376.222141280477,1671.3999999999999,0.10206261160727702,250.70999999999998,1.5309391741091554,1135.047909204716,1273.054297098678,False,True,0.10206261160727702
5000.0,1717790400,2,16380.572141280478,4669.15,0.2850419362479612,879.9765,5.372074262182711,409.0759011504877,434.4340944648877,False,True,0.18274086974388212
5000.0,1718798400,1,16339.308185280473,5191.6,0.3177368307843619,778.74,4.766052461765428,260.63118993692945,231.7806947419751,True,False,0.3177368307843619
5000.0,1719057600,1,16388.981464224475,5142.6720000000005,0.3137883834468875,771.4008,4.706825751703311,264.074880245378,234.94888982574778,True,False,0.3137883834468875
5000.0,1719316800,1,16590.472642592635,6795.36,0.40959411744270063,1019.3039999999999,6.143911761640509,199.25576637194683,175.3153050621911,True,False,0.40959411744270063
5000.0,1719360000,2,16575.688642592635,8637.944,0.5211212750343338,1332.2476000000001,8.037358982339214,163.0534349527998,145.8608679549982,True,True,0.4099594379770592
5000.0,1719662400,1,16761.848062552635,4888.6320000000005,0.29165232746152925,733.2948,4.374784911922938,285.1078257111536,254.29919965426132,True,False,0.29165232746152925
5000.0,1720094400,2,16696.830945032634,4147.9,0.2484243874574303,663.5749999999999,3.974257164036364,460.1538589262665,503.38262558668674,False,True,0.12447871136997593
5000.0,1720195200,3,16555.180945032633,7196.0,0.4346675535527235,1310.62,7.91667577872805,259.0242421905235,273.41450704155335,False,True,0.19267382281056142
5000.0,1720224000,4,16562.380945032633,10218.800000000001,0.6169885859958323,1885.294,11.382988993291058,176.1213941051057,182.77007013260047,False,True,0.19259006362588618
5000.0,1720771200,1,16542.91456308613,3298.4,0.19938445474173286,692.664,4.1870735495763896,608.2830556543768,635.3914852892768,False,True,0.19938445474173286
5000.0,1720944000,2,16940.514563086133,6592.8,0.38917353870501076,1210.68,7.146654226419464,292.26094109916045,309.2730365062115,False,True,0.1947048295207814
5000.0,1720987200,3,16940.614563086132,9204.9,0.5433628140066195,1703.6989999999998,10.056890165675496,203.12634687546876,212.05212532580302,False,True,0.1947036801833191
5000.0,1721332800,1,17434.71555982212,3092.1,0.1773530511232239,587.499,3.369707971341254,672.6507160151307,718.4627732963411,False,True,0.1773530511232239
5000.0,1721361600,2,17399.31555982212,5965.799999999999,0.3428755561957858,1075.3200000000002,6.180243103832721,333.79127529040346,355.5346711773134,False,True,0.17771388704163554
5000.0,1721620800,1,17414.523922848115,2360.0,0.13551906503189817,401.20000000000005,2.3038241055422692,868.5585012685376,950.5380747371817,False,True,0.13551906503189817
5000.0,1721750400,2,17419.523922848115,4389.4,0.2519816281685342,786.686,4.5161165338632046,461.67522381316184,495.8057721738162,False,True,0.13548016641858585
5000.0,1722052800,1,17412.48574983211,2998.2,0.1721867884388022,509.694,2.927175403459638,679.2345186160737,741.0195339351217,False,True,0.1721867884388022
5000.0,1722096000,2,17452.68574983211,5075.8,0.2908320285345668,903.634,5.177621444359603,396.65372254680454,425.1214455476866,False,True,0.17179017848464048
5000.0,1722470400,1,17530.15374579811,2445.6000000000004,0.13950818888774427,513.576,2.9296719666426294,880.7643044702398,922.4050673753192,False,True,0.13950818888774427
5000.0,1722499200,2,17522.95374579811,4425.8,0.2525715735031988,889.67,5.077169140010639,470.3810025592416,494.5698328226341,False,True,0.13956551135600864
5000.0,1722643200,2,17243.498543934107,5174.4,0.3000783157093282,917.5680000000001,5.321240336827011,383.5230176792063,410.99511811827733,False,True,0.1901238308251124
5000.0,1722816000,1,16505.664388018107,3311.0,0.20059780219471451,695.31,4.212553846089005,604.4429725241946,631.346597725485,False,True,0.20059780219471451
5000.0,1722844800,2,16354.464388018108,6401.8,0.391440517287145,1214.6979999999999,7.427317527377619,291.8733116876843,307.28887475435255,False,True,0.2024523653875062
5000.0,1722902400,3,17604.964388018107,10814.2,0.6142699162379515,2044.7040000000002,11.614360330042022,177.43619916148094,183.72651252388042,False,True,0.18807195101476365
5000.0,1723104000,2,18451.29389979811,6625.95,0.3591048972491029,1135.6985,6.155115766772467,315.38801819548905,337.96022003985564,False,True,0.17136467595015636
5000.0,1723161600,2,18572.15906388011,6234.740000000001,0.3357035645966212,1057.5030000000002,5.694022953188437,338.3012225223629,363.84247114031183,False,True,0.16588270590421902
5000.0,1723435200,1,18385.348035080104,1989.8,0.10822748615927033,378.062,2.0563222370261367,1117.258886685063,1198.6395976198683,False,True,0.10822748615927033
5000.0,1724500800,1,18365.635977476104,2059.05,0.11211427704029692,350.03850000000006,1.9059427096850476,1054.1530865928114,1155.9294158293778,False,True,0.11211427704029692
5000.0,1724587200,2,18358.585977476105,5063.5,0.27581100234039474,981.2549999999999,5.3449377920711765,425.68074619421674,450.0894895487602,False,True,0.16403768807111654
5000.0,1724760000,1,18233.934425655603,2473.8,0.13567011607321025,420.54600000000005,2.306391973244575,867.5686702987358,949.4426617972674,False,True,0.13567011607321025
5000.0,1725235200,1,18128.919549389604,1812.6000000000001,0.0999838956238862,308.14200000000005,1.6997262256060655,1184.5314092776005,1300.2147596005445,False,True,0.0999838956238862
5000.0,1725595200,1,18272.241350897602,1898.8500000000001,0.10391992769440522,322.8045,1.7666387708048887,1138.890777639199,1249.7057939207134,False,True,0.10391992769440522
5000.0,1725811200,1,18249.879941563104,1867.65,0.10233765953421586,317.50050000000005,1.7397402120816696,1156.8161291258104,1269.5431828992303,False,True,0.10233765953421586
5000.0,1726243200,1,18615.777610541605,2857.4,0.15349345376697734,485.75800000000004,2.609388714038615,764.4500987308205,835.3247759287747,False,True,0.15349345376697734
5000.0,1728604800,1,18583.455369839605,6152.5,0.33107405902485304,1292.0249999999999,6.952555239521914,232.2704318924257,221.6377780718681,True,False,0.33107405902485304
5000.0,1728907200,1,18543.68374108961,5490.0,0.2960576806988519,1152.8999999999999,6.21721129467589,261.795055489163,250.21761371350982,True,False,0.2960576806988519
5000.0,1729785600,2,18497.240441089623,12302.0,0.66507217869496,2347.036,12.688573776585143,110.24755786721818,100.28769592644852,True,False,0.3455866846927055
5000.0,1729886400,3,19259.640441089625,14011.6,0.7275109856208347,2573.3480000000004,13.3613501657584,105.32049438723195,96.79479338446187,True,True,0.3319065077851654
5000.0,1730088000,2,18984.067340545636,8827.05,0.46497148591268606,1695.6495,8.931961047032738,177.63512759223076,172.66130579926585,True,True,0.32623145972374096
5000.0,1731513600,1,18996.992211265646,4074.0,0.21445500185992739,611.1,3.216825027898911,530.9391611442909,588.3977159635295,False,True,0.21445500185992739
5000.0,1731528000,2,19084.492211265646,7892.0,0.4135294726543116,1333.02,6.9848334723473195,270.6437923467619,289.094310039967,False,True,0.21347175260943557
5000.0,1731816000,1,24333.668255575638,5153.4,0.21178064671031205,773.0099999999999,3.1767097006546803,537.866679806493,596.2489037806921,False,True,0.21178064671031205
5000.0,1731830400,2,24204.668255575638,9696.3,0.40059627744604265,1734.759,7.167043074843183,282.2306542863453,299.50384174823574,False,True,0.21290934234609452
5000.0,1731844800,3,24658.56825557564,15051.7,0.6104044583609028,2746.711,11.138971944889505,178.0729528126814,185.10106947455006,False,True,0.20899023603427364
5000.0,1732104000,1,28749.95071224663,4298.35,0.14950808239713018,644.7525,2.2426212359569524,769.2472477399776,858.4802141053078,False,True,0.14950808239713018
5000.0,1732147200,2,28864.05071224663,7700.15,0.26677302076430076,1352.2845,4.6850129023167355,433.40184526982546,466.46733223372934,False,True,0.14891707483649438
5000.0,1732176000,3,28728.900712246632,12299.8,0.4281333324653389,2234.4139999999998,7.777582659288831,263.22375229570565,278.0961285250886,False,True,0.16480964751921875
5000.0,1732420800,2,38180.42550489513,17046.85,0.446481404399603,3026.2275,7.926123032892878,250.73207701651717,265.2979915538267,False,True,0.1392559126748947
5000.0,1732464000,2,36894.51687146712,10233.349999999999,0.277367773527185,1744.0384999999999,4.727094017996955,414.0557025321445,447.3762012956608,False,True,0.14410948972506693
5000.0,1732694400,2,35746.04721290262,9862.2,0.2758962394152553,1678.098,4.694499478516569,416.2698511443603,449.94013793950785,False,True,0.13901397182193492
5000.0,1733025600,1,37068.641906568606,5378.1,0.1450848944926411,806.715,2.1762734173896163,793.2372116233615,885.6688398398097,False,True,0.1450848944926411
5000.0,1733198400,2,42093.641906568606,15659.5,0.3720158031172013,2664.309,6.329480841581069,303.41480095651235,325.0743800382609,False,True,0.12776513878122675
5000.0,1733947200,1,40893.044634475606,12313.35,0.30111110850423234,1847.0025,4.5166666275634855,275.7420207899175,245.6826591267241,True,False,0.30111110850423234
5000.0,1733976000,2,40444.6946344756,23747.7,0.5871647743819814,4001.5950000000003,9.89399236702108,131.32982165664245,116.24795541286304,True,False,0.3044490782112108
5000.0,1734292800,1,40560.53521519564,20321.0,0.5010042370542221,3251.36,8.016067792867554,158.2750951334344,139.67928828382713,True,False,0.5010042370542221
5000.0,1734710400,1,42984.22284552564,7441.2,0.17311468039661387,1413.828,3.2891789275356635,689.6935321982058,736.8690147740622,False,True,0.17311468039661387
5000.0,1734724800,2,43041.22284552564,29006.368,0.6739206296276352,4650.883199999999,10.805648381998708,124.6118553427938,110.0919283097766,True,True,0.4997108952315904
5000.0,1734782400,3,42876.76084552564,50362.229999999996,1.174581031935753,8278.0905,19.306706795841954,61.919637741032275,51.05865944190584,True,True,0.5047629432170245
5000.0,1735099200,1,41812.326455154514,11566.5,0.27662895085270034,2197.635,5.255950066201307,287.810977261953,269.19605035337923,True,False,0.27662895085270034
5000.0,1735286400,3,42543.12645515452,37889.380000000005,0.890611084729278,6116.835000000001,14.377963045212176,82.77533401851197,69.82596485908086,True,False,0.3213134797323713
5000.0,1735401600,3,42881.396603834524,41405.270000000004,0.9655765268684714,6210.790499999999,14.483647903027068,77.01310381154804,62.8520555066242,True,False,0.3322902500504339
5000.0,1735574400,2,42896.75498795211,31168.5,0.7265934220141808,4675.275,10.89890133021271,106.63352280264036,90.10284097842914,True,False,0.39649852313483785
5000.0,1735675200,2,43265.33036836551,30715.185,0.7099260479115201,4607.27775,10.648890718672803,109.44325397686352,92.68779365871444,True,False,0.3931207702608039
5000.0,1736179200,1,41904.3828182062,22499.1,0.5369151980499952,3824.847,9.12755836684992,144.657394342141,128.999321104244,True,False,0.5369151980499952
5000.0,1736424000,2,45689.332818206196,22769.95,0.49836468592350897,3952.0075000000006,8.649737818944933,165.7508990674413,151.30525857774583,True,True,0.4924366063632823
5000.0,1736481600,3,46354.2268584562,34934.915,0.7536511202457253,5402.28925,11.654361675572815,105.55246004100512,90.34052242811241,True,True,0.34641263781688264
5000.0,1736524800,4,46406.3388584562,48178.653,1.0381912080362454,7654.766949999999,16.495089115622278,71.46746491115624,59.138312571927884,True,True,0.3460236337319671
5000.0,1736769600,2,47788.33937352874,18477.45,0.3866518536158878,3387.6765000000005,7.08891864502939,230.33246450801542,215.67840759677992,True,True,0.27037662679605917
5000.0,1737129600,1,50130.36975812623,8084.249999999999,0.1612645196715216,1697.6924999999997,3.3865549131019534,758.3534205732312,793.4656030038035,False,True,0.1612645196715216
5000.0,1737201600,2,49986.61975812623,15035.8,0.30079649459704977,3015.612,6.0328384167440285,390.76766318568593,409.93424367732337,False,True,0.16172827926988917
5000.0,1737331200,2,49719.121091401226,16052.7,0.32286773473910557,3236.7209999999995,6.5100125041425585,362.6909820264314,379.6324696481067,False,True,0.18776277204977643
5000.0,1737504000,2,50081.29100040122,33667.75,0.6722620229524489,5863.405000000001,11.707775264725159,124.45922877468654,111.6436979394263,True,True,0.48194544345525425
5000.0,1738022400,1,51168.138452275205,16007.349999999999,0.3128382326226337,2401.1024999999995,4.692573489339504,264.91654283419643,235.72321940746073,True,False,0.3128382326226337
5000.0,1738051200,2,51249.4384522752,30862.55,0.602202695913244,4928.1125,9.61593463036514,129.42293524819553,112.84563576833465,True,False,0.3123419589251979
5000.0,1738238400,2,50036.3691569852,22790.199999999997,0.4554726968397232,3679.2599999999993,7.353171427080587,193.21479984697402,175.7480606136292,True,True,0.3199142997322245
5000.0,1738540800,1,49746.48069441369,5969.0,0.1199883874533117,895.35,1.7998258117996755,962.8399809686063,1077.8853117644203,False,True,0.1199883874533117
5000.0,1738555200,2,50156.73069441369,12480.5,0.24883001398235158,1872.0749999999998,3.732450209735273,455.1538583193423,502.50770609525455,False,True,0.12164369398740615
5000.0,1738627200,3,51232.98069441369,22938.5,0.44772917150419,3628.41,7.082176267748624,246.526922942429,264.46574213317456,False,True,0.1831193475928868
5000.0,1738886400,1,50102.78820896868,16559.734,0.3305152186527558,2483.9601,4.957728279791337,250.0503728894106,222.04634305825778,True,False,0.3305152186527558
5000.0,1739160000,1,50210.93223173022,7614.9,0.15165820791488613,1142.235,2.274873118723292,758.0910989790175,845.8365788428866,False,True,0.15165820791488613
5000.0,1740096000,1,50121.76854288522,6212.75,0.12395312816394823,931.9124999999999,1.859296922459223,931.4783127275783,1042.342087757922,False,True,0.12395312816394823
5000.0,1740571200,1,49897.12437210522,21884.1,0.43858439289608064,3282.615,6.5787658934412105,185.22286032207714,162.40503149631093,True,False,0.43858439289608064
5000.0,1740729600,2,51662.649372105225,28589.375,0.5533857699414961,4288.40625,8.300786549122442,156.16230845731374,141.31251448673154,True,True,0.4235961621398402
5000.0,1740931200,2,53947.33733055822,20429.4,0.3786915353174968,3064.41,5.6803730297624515,293.0201936802625,318.7562195042975,False,True,0.15946106750901964
5000.0,1741060800,1,51826.03915014923,10299.6,0.19873407593739187,1544.94,2.981011139060878,574.3352585954135,637.5799597414685,False,True,0.19873407593739187
5000.0,1741233600,2,52632.43915014923,21420.45,0.4069818983477468,3419.3565,6.496671169362488,273.38940631661745,294.28156520302934,False,True,0.1959713470731435
5000.0,1741320000,1,51731.98149093323,8392.0,0.16222073383117594,1426.64,2.7577524751299913,722.2217012607134,788.5920160618562,False,True,0.16222073383117594
5000.0,1741780800,1,50900.01822885323,7186.799999999999,0.14119444845161339,1078.0199999999998,2.1179167267742005,815.5801686892185,910.9908578477808,False,True,0.14119444845161339
5000.0,1741953600,2,51311.218228853235,13160.4,0.2564819245043702,2196.556,4.280849443494281,447.9693639279549,486.52136438460064,False,True,0.14006293843864986
5000.0,1742025600,3,51066.41822885323,22523.799999999996,0.4410687254206863,3598.4259999999995,7.046560390967149,250.81666670816253,268.96271634953985,False,True,0.1881510458975412
5000.0,1742529600,1,50659.89461040723,6267.8,0.1237231156559174,1065.526,2.1032929661505957,953.3209633019567,1044.3418660541652,False,True,0.1237231156559174
5000.0,1743480000,1,51048.547338003234,5329.599999999999,0.10440257907265392,1012.6239999999999,1.9836490023804245,1159.0503013684402,1243.7743254779155,False,True,0.10440257907265392
5000.0,1743494400,2,51153.74733800323,11319.0,0.22127411165419877,1915.2419999999997,3.744089337863865,523.6045561572644,569.2375337986657,False,True,0.11502969589147773
5000.0,1743782400,1,50612.189606981236,6624.400000000001,0.1308854655655178,993.6600000000001,1.9632819834827673,881.2079692363922,985.3690318012445,False,True,0.1308854655655178
5000.0,1743811200,2,50500.189606981236,12862.2,0.25469607342270073,2310.318,4.574869951935027,456.6945650736165,490.16642675935407,False,True,0.13117574511213778
5000.0,1744027200,1,48839.58970198724,4926.6,0.10087308329290778,738.99,1.5130962493936166,1148.6408644068392,1288.459646327751,False,True,0.10087308329290778
5000.0,1744041600,3,48902.58970198724,15613.800000000001,0.3192837045062566,2625.21,5.368243309808437,356.2925590998503,384.26810216592366,False,True,0.12075434115015861
5000.0,1744070400,4,49396.33970198724,23087.05,0.46738382113505456,4027.7025,8.15384808732693,238.0387744228245,251.94255193271985,False,True,0.1412958944348504
5000.0,1744473600,1,50258.56278170423,9466.6,0.18835795287497067,1419.99,2.82536929312456,606.9459409826527,674.5387331136731,False,True,0.18835795287497067
5000.0,1744617600,2,50117.76278170423,17494.68,0.3490714475065621,2624.2019999999998,5.236071712598431,319.3815342163462,348.6324054451923,False,True,0.18888712254043064
5000.0,1744632000,3,49515.11278170423,26544.53,0.5360894585260476,3981.6794999999997,8.041341877890714,201.80709561366913,215.38137502882506,False,True,0.19494048297041516
5000.0,1744689600,5,50083.38633279224,44116.54,0.880861763357135,7471.551,14.918222482707767,116.28284383655358,118.03358810638743,False,True,0.19272858140744367
5000.0,1744948800,1,48703.76180589242,6616.0,0.13584166303966203,992.4,2.0376249455949305,848.4131482661003,948.2015680349137,False,True,0.13584166303966203
5000.0,1745611200,1,48650.89530061242,8576.93,0.17629541958073758,1286.5395,2.6444312937110634,649.6820136124727,722.9729487608025,False,True,0.17629541958073758
5000.0,1746633600,1,48017.04728401912,5903.099999999999,0.12293758850025437,1003.5269999999999,2.0899390045043242,959.5432149703479,1051.2278245671848,False,True,0.12293758850025437
5000.0,1747814400,1,49985.61711074612,10156.0,0.2031784458617121,1726.5200000000002,3.454033579649106,572.5038449672592,622.9042550971002,False,True,0.2031784458617121
5000.0,1748016000,1,49696.98972862612,6143.759999999999,0.12362438919436428,921.5639999999999,1.854365837915464,934.0022038358215,1045.2024976805978,False,True,0.12362438919436428
5000.0,1748836800,1,49356.68116000372,6085.75,0.12330144282333957,1034.5775,2.096124527996773,956.6512262252719,1048.027357022634,False,True,0.12330144282333957
5000.0,1749153600,1,49781.13916998372,7246.5,0.1455671790726996,1231.9050000000002,2.4746420442358934,807.1904121554938,882.6240561187465,False,True,0.1455671790726996
5000.0,1749283200,2,50123.73916998372,13894.5,0.27720398019149844,2235.9570000000003,4.460874302328564,410.75271729909747,447.6602412943608,False,True,0.14457221508206078
5000.0,1749715200,1,50055.29154871272,5976.88,0.11940555763586815,896.532,1.7910833645380222,967.6258309216754,1083.3092750445655,False,True,0.11940555763586815
5000.0,1750320000,1,50282.02559181192,7441.92,0.1480035840324592,1116.288,2.220053760486888,777.2462513123104,867.5457514872849,False,True,0.1480035840324592
5000.0,1750593600,1,50262.375378871126,9799.24,0.19496173680878842,1469.886,2.9244260521318264,585.7895987956705,650.5615453017598,False,True,0.19496173680878842
5000.0,1750723200,2,50542.655378871124,18199.77,0.3600873334329846,2729.9655000000002,5.40131000149477,309.07106730968144,336.947209617639,False,True,0.19388059306627722
5000.0,1751414400,1,50894.147749939024,7554.75,0.14844044618094723,1133.2124999999999,2.226606692714208,774.9068700438022,864.8944527163092,False,True,0.14844044618094723
5000.0,1751486400,2,50995.99774993902,14794.800000000001,0.29011688471214764,2504.7480000000005,4.911656032856021,394.5569127774156,426.25154558754,False,True,0.14814397861269482
5000.0,1751644800,2,50612.31621559903,13638.85,0.26947689850630513,2460.6365,4.86173462111109,430.7636431850137,461.4524315036241,False,True,0.14103681739426033
5000.0,1751976000,1,51102.256791979526,6855.9,0.13416041541781829,1439.7389999999998,2.8173687237741842,916.9320814499333,960.5017924605967,False,True,0.13416041541781829
5000.0,1752148800,2,51605.65679197953,16150.5,0.312959876958878,3215.781,6.231450581014196,374.1084424948043,392.70637063438306,False,True,0.17035341756112124
5000.0,1752163200,3,51995.95679197953,25742.760000000002,0.4950915722733824,4673.01,8.987256487452155,224.6013682743247,235.97711507742773,False,True,0.17697452970842187
5000.0,1752638400,1,57579.8215683039,9181.4,0.15945516588842829,1744.466,3.0296481518801373,750.7846051652994,802.8473735785234,False,True,0.15945516588842829
5000.0,1752724800,2,57719.8215683039,19050.4,0.33004953034125944,3424.996,5.933829847250936,347.47789924858193,370.6464365983839,False,True,0.16855561461649693
5000.0,1752897600,1,57452.92848030388,6996.75,0.12178230396730148,1329.3825,2.3138637753787283,990.2930413512777,1061.5164846593802,False,True,0.12178230396730148
5000.0,1753315200,1,57312.744934751376,8599.2,0.15003992584528797,1633.8480000000002,2.8507585910604716,799.3694638081661,855.3190209128193,False,True,0.15003992584528797
5000.0,1753646400,1,57540.32435075136,17789.35,0.3091631860043157,2668.4024999999997,4.637447790064734,268.22067502650333,238.76302102438305,True,False,0.3091631860043157
5000.0,1754107200,1,58211.70284635738,5801.55,0.09966294948135217,1102.2945,1.8935960401456913,1215.2863011248776,1304.509205214868,False,True,0.09966294948135217
5000.0,1754208000,2,58189.65284635738,30817.722,0.5296082807259636,4853.838299999999,8.341411337881604,159.32862260849106,141.68346449936226,True,True,0.43028649897792565
5000.0,1754380800,2,58215.18085242188,47757.490000000005,0.8203614469749292,8063.8415,13.851784675276031,89.84260676838544,77.51799075273324,True,False,0.43009781354923604
5000.0,1754481600,2,58937.19296778356,40379.958,0.6851354122357444,6933.8477,11.764808181126309,109.91156703292538,96.76523877074575,True,False,0.38185479943542616
5000.0,1754654400,2,56544.798854704066,38479.07000000001,0.6805059135301683,6567.586500000001,11.614837497036444,110.94544243190181,97.55959560291672,True,False,0.3518121985209795
5000.0,1754755200,2,56096.83192075367,36548.286,0.6515213916470485,6291.7749,11.215918412091797,116.25813776738508,102.7895216115003,True,False,0.3546216304710837
5000.0,1755014400,1,55952.155186256474,18096.399999999998,0.32342632629180684,3438.316,6.14510019954433,243.85666003794282,227.35154035612157,True,False,0.32342632629180684
5000.0,1755345600,1,57090.01305725648,28230.456,0.49449027050821,4234.568399999999,7.4173540576231485,162.80734616437402,141.78275847122407,True,False,0.49449027050821
5000.0,1756252800,2,58028.73282970592,26173.129,0.4510374037773494,3925.9693500000003,6.765561056660242,193.72772039685046,176.9465527698038,True,True,0.3262785188772483
5000.0,1756324800,3,57944.52882970592,44343.133,0.7652686784341749,6651.469950000001,11.479030176512625,104.98587878245434,90.34506134729507,True,True,0.32675266125028035
5000.0,1756555200,2,58785.30550465257,38610.112,0.6567986960099101,5791.516799999999,9.851980440148651,119.3510016115728,101.80292148264698,True,False,0.3516841806387102
5000.0,1756843200,1,58510.39175607171,17298.36,0.2956459439225157,2594.754,4.434689158837735,281.0803665834907,250.59393725681142,True,False,0.2956459439225157
5000.0,1756958400,2,58333.551756071705,25680.32,0.4402324087411159,3852.0480000000002,6.60348613111674,201.25537240994925,185.41956006631835,True,True,0.29654220391611047
5000.0,1757044800,3,58341.53175607171,44689.4,0.7659963435113116,6703.41,11.489945152669675,105.65681841931263,91.30202342124645,True,True,0.3193522596886734
5000.0,1757073600,5,59421.081756071704,78719.026,1.3247659529853042,11979.125900000001,20.15972369734915,53.82710836300224,42.21903256472172,True,True,0.31355033347396466
5000.0,1757217600,4,58749.16366807931,61905.218,1.0537208384744292,9459.5347,16.10156487238597,71.59908808437177,59.135718498249204,True,True,0.3171364294692626
5000.0,1757318400,3,57271.33456000931,43490.5,0.7593764024204874,6523.575,11.390646036307311,106.80018835546505,92.4266496150877,True,True,0.3091923059946435
5000.0,1757390400,2,56851.47122167955,35678.520000000004,0.6275742603191327,5351.778,9.41361390478699,125.5162544071202,107.47495405455057,True,False,0.3207797372365209
5000.0,1757433600,3,57473.39122167955,52298.600000000006,0.9099619648035044,7844.789999999999,13.649429472052562,82.5171331740355,67.91576252011265,True,False,0.31730857727986117
5000.0,1757563200,4,55522.39122167954,71079.05,1.280187117954065,10998.4465,19.809028858442776,54.246226578901,42.49086471659883,True,False,0.32845847591807553
5000.0,1757592000,4,56527.92050137955,69729.8,1.2335461729624082,11486.492,20.32003282292982,55.458612295891996,44.853672893230204,True,False,0.3226157947833042
5000.0,1757721600,2,53620.92259398357,55175.15,1.0289854655762827,9907.926500000001,18.477724777364614,67.16491973759655,57.74648202168341,True,False,0.5364995342923811
5000.0,1757779200,3,54361.32259398357,85199.75,1.5672861868417725,14393.142500000002,26.47680706280859,40.13155867923363,31.043645169365934,True,False,0.5659354580053009
5000.0,1758038400,1,58567.28364501359,19055.2,0.32535570738600167,2858.28,4.880335610790024,254.22253172482687,225.8847291868407,True,False,0.32535570738600167
5000.0,1758067200,2,58744.08364501359,39639.0,0.6747743353958114,6361.062,10.828430039762734,113.87598052588189,98.55815463561359,True,False,0.3534075044127824
5000.0,1758096000,3,58924.58364501359,56703.0,0.9622978473908727,9092.057,15.429989382316837,75.73901280306451,63.134343713755655,True,False,0.35232493325825703
5000.0,1758110400,4,59146.93364501358,74431.25,1.2584126583251027,11747.494000000002,19.861543576385184,55.00131174459166,43.57215136923116,True,False,0.35100044449641954
5000.0,1758124800,5,57907.08364501359,93319.1,1.6115316836204678,14592.943,25.20061809615343,40.13837514411027,29.64221356186555,True,False,0.35851572369398205
5000.0,1758182400,5,55010.40729943358,95787.95999999999,1.7412697833449104,14797.532,26.899513612858424,36.36360843738307,25.943483752599878,True,False,0.37739404267624393
5000.0,1758340800,3,56540.42988899358,53877.380000000005,0.9529000770913492,8081.607,14.293501156370235,78.21112841788968,63.95423814445851,True,False,0.32037251990413596
5000.0,1758398400,3,56932.464433929585,52425.45,0.9208357748300181,7863.8175,13.812536622450272,81.38869315990543,66.877597707113,True,False,0.31816644826646123
5000.0,1758470400,3,57287.04961746959,50679.100000000006,0.884651947314555,7929.665,13.841985322947863,84.21502247568189,70.43104493563553,True,False,0.31619711821354063
5000.0,1758715200,2,60861.05017241359,35409.62,0.5818108609642441,5617.177000000001,9.229510473590368,134.65314675287368,117.50173014545446,True,False,0.33063708140089065
5000.0,1758758400,2,61042.05394361359,41126.94,0.6737476435178642,6381.432000000001,10.454156745601523,115.05471486923102,98.73881974902793,True,False,0.3479420928335604
5000.0,1759075200,1,62030.59515444139,18811.100000000002,0.30325519129979084,3197.8870000000006,5.155338252096445,267.3122036668084,243.80422263213265,True,False,0.30325519129979084
5000.0,1759089600,2,61596.59515444139,39829.7,0.6466217799885664,6359.357,10.324202147951778,119.5894476790063,103.71992790192523,True,False,0.33418405592692496
5000.0,1759118400,3,62222.44515444139,60121.65000000001,0.966237341698369,9607.8475,15.441128159063032,75.45529444614365,62.79539254753171,True,False,0.3361777241006882
5000.0,1759348800,1,58874.11104568539,29338.4,0.49832429702817693,4400.76,7.4748644554226535,161.4543783712617,140.5380281015608,True,False,0.49832429702817693
5000.0,1759622400,2,59599.76767920539,63624.5,1.067529329014463,9543.675,16.01293993521694,68.41238377095696,54.939393069280406,True,False,0.5622756816834422
5000.0,1759939200,1,61692.9024883604,34842.45,0.5647724226716959,5226.367499999999,8.471586340075438,140.92388673152234,121.64997579300054,True,False,0.5647724226716959
5000.0,1759968000,2,62030.8024883604,45862.149999999994,0.7393447796940185,6879.322499999998,11.090171695410277,111.79159360591623,97.90194413841034,True,True,0.5616959414081079
5000.0,1760126400,5,66644.7024883604,76417.29999999999,1.1466372741831414,12282.758,18.430209065972203,75.3275463473501,67.24135478565455,True,True,0.5228089960501404
5000.0,1760140800,5,67614.8031854644,84609.8,1.2513502371354845,13524.777,20.002686339117393,68.28569050814643,60.33973888146544,True,True,0.5153080147912092
5000.0,1760356800,5,72662.5735307009,99575.72,1.3703852638515197,15835.048999999999,21.792579357665442,59.861476564017835,51.18058439419373,True,True,0.513379421996921
5000.0,1760385600,3,74269.2837010454,67940.41,0.9147847752710141,10191.0615,13.721771629065211,92.7923762301844,82.07036497341971,True,True,0.5022731894137674
5000.0,1760400000,3,74150.0420641614,64403.83,0.868560936813386,9660.5745,13.02841405220079,97.87505575203834,86.79576647408155,True,True,0.5030809013934425
5000.0,1760788800,1,74445.2028774943,13996.95,0.18801681584551702,2099.5425,2.8202522376827552,608.0792002584958,675.8230936262952,False,True,0.18801681584551702
5000.0,1760932800,2,75527.2528774943,29091.4,0.3851775205856678,4643.9580000000005,6.148718274624036,289.9415606650966,312.82740089279207,False,True,0.18552773291950925
5000.0,1762516800,1,74798.5476137143,8214.3,0.1098189772670654,1560.7169999999999,2.0865605680742427,1100.727692338313,1180.7859077253784,False,True,0.1098189772670654
5000.0,1762948800,1,75580.41661603929,8299.6,0.10981151429957454,1410.9320000000002,1.8667957430927673,1076.6883324329071,1180.8684212257506,False,True,0.10981151429957454
5000.0,1763136000,1,74428.0743623193,12624.5,0.16962013471614693,2146.165,2.8835422901744976,689.82247048142,752.7368673327715,False,True,0.16962013471614693
5000.0,1763524800,1,73878.5081037493,29295.055,0.3965301378157269,4394.25825,5.947952067235903,206.25012251844964,181.7501127169737,True,False,0.3965301378157269
5000.0,1763654400,2,76132.8581037493,41407.854999999996,0.543889406379199,6211.17825,8.158341095687986,161.44879880113132,147.5693975532636,True,True,0.38478858839212965
5000.0,1763755200,3,76269.5581037493,52667.255,0.6905409747930735,8660.58825,11.355235909743994,130.3028302973022,119.8926178476184,True,True,0.38409892135667034
5000.0,1764705600,1,78084.52977065492,15185.1,0.19447001915233073,2277.765,2.917050287284961,587.3153890454917,652.2907742515573,False,True,0.19447001915233073
5000.0,1764763200,2,78118.12977065492,27965.4,0.35798860113654696,4194.8099999999995,5.369829017048204,310.9864743393198,339.118004251229,False,True,0.1943863741308395
5000.0,1766174400,1,77030.81515999592,10628.599999999999,0.13797854764906736,1594.2899999999997,2.0696782147360104,835.0004057863405,933.000459891186,False,True,0.13797854764906736
5000.0,1766246400,2,77112.51515999592,22601.5,0.2930976891767253,3390.225,4.396465337650879,383.7449110483084,421.57756585474954,False,True,0.15420583773370242
5000.0,1766980800,1,76882.67206820792,11721.86,0.15246426385389844,1758.279,2.2869639578084766,753.9898864495398,841.1885379761451,False,True,0.15246426385389844
5000.0,1767369600,1,76544.12701791372,11757.0,0.15359767572041802,1998.69,2.6111604872471066,763.9174920443572,834.735357862422,False,True,0.15359767572041802
5000.0,1767470400,2,77014.37701791372,21112.050000000003,0.27413128324194963,3766.7445000000007,4.890962760269875,422.29081821541695,453.0516270276214,False,True,0.15265980788580935
5000.0,1767542400,3,77389.22701791373,36245.54,0.468353818698952,6052.617,7.821007177909875,236.26930727413745,251.3517231560581,False,True,0.19070664701927742
5000.0,1767744000,1,78345.3852068945,14727.7,0.187984269413024,3092.817,3.947669657673504,646.7840562461564,675.9458725792847,False,True,0.187984269413024
5000.0,1767787200,2,77882.5852068945,24435.65,0.313749857366533,4521.2415,5.805202135996586,368.38324224841773,391.6336593291331,False,True,0.18910132426749804
5000.0,1770364800,1,77529.19056378398,16405.2,0.2116003002314759,3445.092,4.443606304860994,571.631799393832,596.7854953615031,False,True,0.2116003002314759
5000.0,1770408000,2,78744.79056378399,34143.55,0.4335975720494605,6509.2355,8.266242697956585,261.398034909764,274.1714635757324,False,True,0.209826578770521
5000.0,1770422400,3,78882.44056378398,46506.95,0.5895729096058417,8857.496500000001,11.228730293705695,185.99192698450187,192.8190748946383,False,True,0.20946043101493267
5000.0,1770451200,4,76887.59056378399,59360.85,0.7720472128822368,10696.8745,13.912354934735722,136.01584207559037,139.36767653828855,False,True,0.21489488588269842
5000.0,1770868800,1,76971.99855317299,11048.0,0.14353271589236358,2320.08,3.0141870337396353,855.3231302896106,895.6070305717233,False,True,0.14353271589236358
5000.0,1771761600,1,79111.317867493,11983.95,0.15148211814739887,1797.5925,2.272231772210983,758.9928526216854,846.8585663045767,False,True,0.15148211814739887
5000.0,1771905600,2,78264.867867493,21719.06,0.27750714454372605,3257.8590000000004,4.162607168155891,406.2953914400964,447.1347769654426,False,True,0.15312042716649735
5000.0,1772193600,1,78354.8818471523,11971.050000000001,0.15277988707011333,2035.0785000000003,2.597258080191927,768.1161660654147,839.3818904457258,False,True,0.15277988707011333
5000.0,1772251200,2,77600.9818471523,20695.85,0.2666957235253006,3328.7205000000004,4.289533999139926,427.659973095452,466.612190992573,False,True,0.15426415639403793
5000.0,1772798400,1,79785.6744133643,12184.699999999999,0.15271789189713275,2071.399,2.596204162251257,768.4362940781085,839.73616544644,False,True,0.15271789189713275
5000.0,1773849600,1,79285.4140176633,10091.550000000001,0.12728129284601825,1513.7325,1.9092193926902734,906.6604823157322,1014.2152132911633,False,True,0.12728129284601825
5000.0,1773921600,2,79068.06401766329,20383.800000000003,0.2578006715258185,3057.57,3.867010072887277,438.70186426974175,483.86211283904066,False,True,0.13291839291337934
5000.0,1774296000,1,79165.3272975243,11645.0,0.14709722548401777,1746.75,2.2064583822602666,782.1440890816488,873.0966342925352,False,True,0.14709722548401777
5000.0,1775044800,1,78879.2310219743,10302.85,0.1306154974701746,1545.4275,1.9592324620526187,883.065805286593,987.4745793248055,False,True,0.1306154974701746
5000.0,1775102400,2,78587.13102197429,21808.4,0.27750599514699176,3271.26,4.162589927204876,406.29714735916275,447.136767007051,False,True,0.15012190732222022
5000.0,1775520000,1,78679.65414633129,10413.6,0.1323544201227983,1562.04,1.9853163018419744,871.2318974997773,974.0628171664143,False,True,0.1323544201227983
5000.0,1775649600,3,79325.2541463313,40727.75,0.5134272866604312,6411.0185,8.081938808760189,212.47430177413978,226.35939589536633,False,True,0.19026475442686022
5000.0,1776456000,1,79172.67750730728,15080.699999999999,0.19047859027640082,2262.1049999999996,2.857178854146012,599.9922183929463,666.6578475120057,False,True,0.19047859027640082
5000.0,1778673600,1,78267.50405664128,10392.550000000001,0.13278243793847105,1558.8825000000002,1.9917365690770659,868.3666388466767,970.8155240262339,False,True,0.13278243793847105
5000.0,1781985600,1,78104.19287227029,10597.8,0.1356879779467331,1589.6699999999998,2.0353196692009963,849.394079262514,949.3132898308492,False,True,0.1356879779467331
5000.0,1785297600,1,78501.19956237428,10899.0,0.1388386427310584,2288.79,2.9156114973522262,885.1399624675158,927.0140937991165,False,True,0.1388386427310584
5000.0,1787212800,1,78380.19137963427,14820.6,0.18908603996916082,2223.09,2.836290599537412,604.5409083194558,671.8130294287166,False,True,0.18908603996916082
5000.0,1787227200,2,78409.09137963426,29977.899999999998,0.38232683828531605,5404.388999999999,6.892554045593389,297.0869827255628,315.40842367047844,False,True,0.19294191188560825
25000.0,1653897600,1,25000.0,4026.0,0.16104,603.9,2.4156,712.8985126092165,794.6183142904454,False,True,0.16104
25000.0,1654012800,2,24883.0,8413.0,0.3381023188522284,1352.0300000000002,5.433549009363824,333.2540713244781,361.02460477831926,False,True,0.18100711329019814
25000.0,1654488000,2,24620.864733680002,7756.9,0.3150539221065206,1163.5349999999999,4.725808831597809,355.77174528757325,389.8746446592497,False,True,0.1578336115337234
25000.0,1654588800,2,23966.875307584003,7376.4,0.30777478938465685,1106.46,4.616621840769853,364.6034141887164,399.8838694138786,False,True,0.16214045219196038
25000.0,1654603200,3,24116.875307584003,9958.4,0.41292248158153366,1493.76,6.193837223723005,267.26612481551496,289.568274790917,False,True,0.16113198540185572
25000.0,1654646400,4,23951.675307584002,13646.0,0.5697305021364899,2123.956,8.867671980036718,189.44311710304183,200.69544489309692,False,True,0.16224334832935658
25000.0,1654704000,4,24013.892577424,14317.8,0.5962298679332181,2391.798,9.960059545900455,181.3021210077275,190.29406358913616,False,True,0.17379939493540061
25000.0,1655035200,1,23734.976078807995,3360.15,0.14156955494048898,504.0225,2.1235433241073345,813.3724274846973,908.4887511493235,False,True,0.14156955494048898
25000.0,1655164800,1,23246.975841250496,2601.9,0.1119242355551069,390.285,1.6788635333266035,1033.484166152359,1157.9487216393404,False,True,0.1119242355551069
25000.0,1655193600,2,23260.475841250496,4804.4,0.20654779518653701,808.22,3.474649467689263,561.8429560542944,612.1992573821358,False,True,0.11185927655812394
25000.0,1655366400,4,23458.875841250498,13303.95,0.5671179680573654,2083.1685,8.880086642246175,190.50105682256176,201.77354185536873,False,True,0.1806842761214791
25000.0,1655539200,2,23132.461066603497,8751.34,0.37831426473832364,1312.701,5.674713971074855,293.3300038703786,319.1073377197625,False,True,0.19465892483445815
25000.0,1655668800,3,23286.6308841,13338.89,0.5728132191551905,2092.7355000000002,8.986853918094738,188.45459916187352,199.43596890096055,False,True,0.19732781538344016
25000.0,1655798400,3,24453.755336234597,14972.35,0.612272012790386,2357.3215,9.639916109355259,175.15960297857904,184.4348000256882,False,True,0.2050359926751456
25000.0,1655841600,4,24255.455336234598,18826.45,0.7761738437404493,2936.7455,12.107566975305847,134.1668111967381,138.44948878650052,False,True,0.20671226041713858
25000.0,1655928000,3,23122.769639765596,11655.650000000001,0.50407672530522,1748.3474999999999,7.561150879578298,215.74411541149158,231.17666413302382,False,True,0.2168382109112612
25000.0,1656129600,2,24731.9163560056,7988.0,0.3229834633522157,1421.1599999999999,5.746259123405545,354.9767674559697,379.484499349117,False,True,0.1502511955203848
25000.0,1656144000,3,24550.9163560056,11571.7,0.4713347490660711,1956.2549999999999,7.968154718271705,234.98300240920304,249.55124837325081,False,True,0.15334254515836374
25000.0,1656201600,3,24622.7570234656,10531.7,0.42772220795434246,1799.1149999999998,7.3067162961703875,261.36180779764067,278.39547301278486,False,True,0.15289514478058747
25000.0,1656662400,1,24187.426352067603,3233.0,0.13366448967910283,484.95,2.0049673451865426,862.5198359588653,964.1891474200476,False,True,0.13366448967910283
25000.0,1657036800,1,24389.524602167603,2670.0,0.10947322850904218,400.5,1.6420984276356327,1057.0180481237103,1184.620454540205,False,True,0.10947322850904218
25000.0,1657296000,2,24729.514089767603,10036.599999999999,0.4058551237022837,1605.772,6.493342304143471,274.276050819298,295.19112169151043,False,True,0.20309739939767654
25000.0,1657569600,1,24759.250577572602,3493.0,0.14107858349977787,593.8100000000001,2.3983359194962244,833.5238662375561,911.766411969562,False,True,0.14107858349977787
25000.0,1657800000,2,25397.750577572602,7871.5,0.3099290220981578,1263.355,4.974279104526687,365.22194318636474,396.87269393927636,False,True,0.14725713557099795
25000.0,1657915200,2,25945.8003438726,7157.55,0.27586545433701903,1073.6325,4.137981815055285,408.81829584100376,449.9940686198042,False,True,0.14414664224775953
25000.0,1657958400,3,25856.8003438726,10926.25,0.4225677521847455,1638.9374999999998,6.338516282771182,260.76287240116665,282.1979220546555,False,True,0.14919479396893653
25000.0,1658016000,4,26733.0503438726,15911.9,0.5952145301535751,2468.973,9.23565761572699,180.4969806342964,190.67553503036598,False,True,0.15371983171168127
25000.0,1658073600,4,26622.1562460726,15398.78,0.5784197139280063,2619.144,9.838211359706769,187.8223467872841,197.17978736906517,False,True,0.15436014881800694
25000.0,1658088000,5,26432.586246072602,19331.21,0.7313400898435454,3205.5434999999998,12.12724123987786,144.03772238544437,148.98038799138874,False,True,0.15594387781908603
25000.0,1658188800,5,28125.033530028602,21263.69,0.7560414097745743,3507.5265000000004,12.471190465444517,138.64203846753608,143.02384976473104,False,True,0.14655982527448413
25000.0,1658952000,1,28999.508240238196,4074.24,0.1404934168623866,611.136,2.107401252935799,819.7377913062443,915.7028301470768,False,True,0.1404934168623866
25000.0,1659009600,2,29750.868240238196,8442.1,0.283759785826419,1266.315,4.256396787396284,396.95382791204304,436.5476716336487,False,True,0.13694524701264246
25000.0,1659067200,3,29858.388240238197,12002.72,0.4019882085873851,1869.4699999999998,6.261121614999423,276.2087014554876,298.35135414015264,False,True,0.136452107435237
25000.0,1659096000,4,29929.588240238198,15697.469999999998,0.5244799852908055,2423.2344999999996,8.09645117917838,207.21610476353388,220.88672667411333,False,True,0.1361274992257486
25000.0,1659268800,2,29647.284987318395,9016.55,0.30412734265066166,1668.4635,5.6277109378268,380.7633659091846,405.07951100762335,False,True,0.17763346634447902
25000.0,1659960000,1,29252.255143939892,4353.0,0.14880903980156207,652.9499999999999,2.2321355970234307,772.9437478936742,862.669580946164,False,True,0.14880903980156207
25000.0,1660219200,1,29210.192354809893,4267.6,0.14609968836091133,725.4920000000001,2.483694702135493,804.1736828693505,879.2855423754144,False,True,0.14609968836091133
25000.0,1660449600,2,29430.192354809893,8304.400000000001,0.2821728074313038,1335.4120000000003,4.53755783822374,403.1400305870793,439.19034656021535,False,True,0.145007546962313
25000.0,1661356800,1,28986.31310548989,4534.92,0.15645039034443828,680.2379999999999,2.3467558551665735,734.3297087928365,818.9070032985481,False,True,0.15645039034443828
25000.0,1662753600,1,28497.004786083893,5970.6,0.2095167560527504,895.59,3.142751340791256,543.8691704269329,603.0517264838574,False,True,0.2095167560527504
25000.0,1662998400,1,28362.780010785893,4888.32,0.17234981895784027,733.2479999999999,2.585247284367604,664.9591634220994,740.2870518783793,False,True,0.17234981895784027
25000.0,1663041600,2,28382.540010785895,10018.73,0.3529891967453475,1707.2355000000002,6.015090613282739,320.94474117483804,344.3930519574956,False,True,0.18006316552563154
25000.0,1663531200,1,27531.98134083339,4291.2,0.15586237499135636,901.1519999999999,3.2731098748184833,785.5590640850334,822.1222141695686,False,True,0.15586237499135636
25000.0,1663761600,2,27969.98134083339,9780.45,0.3496766723158845,1952.8694999999998,6.982019316362591,332.37744205675546,347.9712943110441,False,True,0.18059540113549083
25000.0,1663790400,2,27864.55778393739,9877.150000000001,0.35447000726111344,1974.9585,7.087708031521214,327.6255616424556,342.81508713123907,False,True,0.18127867088964922
25000.0,1663905600,3,30215.507783937388,15855.1,0.5247338589632637,2996.8140000000003,9.918132177123667,211.68213075939818,220.76373140871505,False,True,0.16717408941527875
25000.0,1664294400,1,29417.248189162383,3999.6000000000004,0.13596105163478528,839.916,2.8551820843304907,904.4363989931393,947.3396736061065,False,True,0.13596105163478528
25000.0,1664524800,1,29381.585515390383,5699.5,0.19398204351547135,1082.905,3.6856588267939556,612.9773245301003,654.0155104925083,False,True,0.19398204351547135
25000.0,1664568000,2,29412.085515390383,11966.1,0.4068429623509197,2398.281,8.154066459330325,282.3402545072224,294.3934449864242,False,True,0.21202508733142547
25000.0,1664784000,1,29016.33538804637,4034.45,0.13904064541734104,766.5455,2.6417722629294795,864.4619170494846,925.6188704134435,False,True,0.13904064541734104
25000.0,1665100800,1,29168.852041363367,4401.0,0.15088012355642552,924.2099999999999,3.1684825946849355,812.3769926099468,850.3704322158105,False,True,0.15088012355642552
25000.0,1665259200,2,29419.052041363368,9169.2,0.31167557632747817,1654.452,5.623743408434203,369.46814505773665,394.4619238517845,False,True,0.15357394907380648
25000.0,1665417600,2,29505.01177966336,8131.3,0.2755904678406054,1438.473,4.8753513834943885,419.3525214332204,450.47633678359523,False,True,0.1531265275790901
25000.0,1665432000,2,29182.63767852336,6948.6,0.2381073320563393,1249.686,4.28229282687388,490.14516938706834,526.6382231149364,False,True,0.12494758150951703
25000.0,1665446400,3,29156.937678523358,10624.9,0.36440383819272526,1948.7490000000003,6.683654578153537,313.5974544302348,332.5610930113646,False,True,0.12696806642786934
25000.0,1665691200,1,29244.81730966736,5517.349999999999,0.18866077847496582,827.6024999999998,2.8299116771244868,605.9433862839601,673.4025044551547,False,True,0.18866077847496582
25000.0,1665720000,2,29127.51730966736,9391.25,0.3224184849040692,1648.1595000000002,5.658427673315567,354.88875933540174,380.20788584646857,False,True,0.18942053802054742
25000.0,1666123200,1,28710.15799733586,3733.2,0.13003063237570547,559.9799999999999,1.950459485635582,887.1171238469398,992.0660736931985,False,True,0.13003063237570547
25000.0,1666281600,2,28480.35799733586,7545.4,0.2649334675043698,1212.65,4.257846759206591,430.5824167594783,469.93767500438884,False,True,0.1419223733205215
25000.0,1666641600,1,28641.03839579986,3830.4,0.1337381678368798,651.168,2.2735488532269565,880.3972278776718,963.63959885129,False,True,0.1337381678368798
25000.0,1666771200,2,28554.63839579986,9211.0,0.32257456292477016,1456.53,5.100852547354418,349.451456976426,380.00779351934074,False,True,0.19145751118333715
25000.0,1666828800,2,28587.62701707986,10171.400000000001,0.35579728229709423,1619.1330000000003,5.663754459342284,315.3373721503299,341.4118937029954,False,True,0.1912365792632493
25000.0,1667073600,2,28418.55826940986,10177.7,0.3581356908930676,1620.529,5.702361761765939,313.1645875653281,338.96503492157507,False,True,0.19297249170810526
25000.0,1667620800,1,28525.645165582362,4308.3,0.15103251740641374,732.4110000000001,2.567552795909034,777.2398462475306,849.4787631806005,False,True,0.15103251740641374
25000.0,1667764800,2,28097.69516558236,7376.550000000001,0.2625322097250076,1184.0895,4.214187295513206,434.61893161179404,474.54085655367095,False,True,0.15333286145396563
25000.0,1668038400,1,27587.545788571362,4973.85,0.18029331199372245,746.0775,2.7043996799058365,634.8844051701307,706.2023258594813,False,True,0.18029331199372245
25000.0,1668081600,4,28024.34578857136,22049.149999999998,0.7867855387722159,3506.6925,12.51302180773857,132.224400614489,136.13258433134678,False,True,0.24919761027384943
25000.0,1668254400,2,26207.117304330357,10594.220000000001,0.40424972639968515,1589.1329999999998,6.063745895995276,273.3786392550161,296.49579115568497,False,True,0.21730432744157613
25000.0,1668470400,1,26032.607864787456,4963.7,0.19067240692063203,744.555,2.8600861038094805,599.3643940842862,665.9463132955244,False,True,0.19067240692063203
25000.0,1668787200,1,25952.045143296455,3121.3,0.12027183147861654,468.195,1.804077472179248,960.5292720528006,1075.2665083265072,False,True,0.12027183147861654
25000.0,1669060800,1,25898.512188028453,3606.625,0.13925993021588154,540.99375,2.088898953238223,827.1548783966908,924.1088621829164,False,True,0.13925993021588154
25000.0,1669132800,2,25898.207188028453,6658.07,0.25708613540931585,998.7104999999999,3.8562920311397373,439.97022433419284,485.29958757875187,False,True,0.13926157026294764
25000.0,1669420800,1,26919.496600645954,3758.25,0.13961070876451004,563.7375,2.09416063146765,825.032273332659,921.7032431103468,False,True,0.13961070876451004
25000.0,1669435200,2,26888.746600645954,7186.15,0.26725492663266665,1285.4415,4.780592859501749,433.9022187021432,465.5661070373048,False,True,0.13977036772363777
25000.0,1669651200,1,26532.550469733458,3470.7400000000002,0.13081064347580101,520.611,1.962159652137015,881.7221033294968,985.9517171067631,False,True,0.13081064347580101
25000.0,1670270400,1,26572.40725423606,2719.8,0.1023542945875339,407.97,1.5353144188130083,1131.7630299042776,1269.3314338915143,False,True,0.1023542945875339
25000.0,1672632000,1,26501.82080898806,4100.71,0.15473314190582893,615.1065,2.3209971285874342,742.675244300967,828.3652768744294,False,True,0.15473314190582893
25000.0,1672891200,1,27397.42175001626,5890.465,0.21500070531259038,883.56975,3.2250105796888557,529.546768529185,586.819670999743,False,True,0.21500070531259038
25000.0,1673222400,1,27442.340117447104,6178.48,0.2251440647392854,926.7719999999999,3.377160971089281,504.89418142530207,558.8800722820091,False,True,0.2251440647392854
25000.0,1673251200,2,27563.230117447103,11236.169999999998,0.40765069812654775,1784.1615,6.472976833258207,272.73640959429,293.7440737362418,False,True,0.22415660188132727
25000.0,1673265600,4,27904.510117447106,22142.25,0.7935007605152584,3629.4015,13.00650498691515,131.12573474280364,134.6984316857116,False,True,0.22141510365154007
25000.0,1673352000,5,27434.695117447103,25481.835000000003,0.9288178669714766,4127.15125,15.043546984326925,109.14487959788728,110.21831233868937,False,True,0.22520680377711919
25000.0,1673524800,2,27866.971637492697,10364.3,0.3719205708759431,1907.0609999999997,6.843445440746089,306.954913270072,325.1661522404497,False,True,0.21077281293449046
25000.0,1673611200,2,28172.6220273847,11460.05,0.40677967385713903,2077.8555,7.375442363796517,278.1307350576105,294.44443409798623,False,True,0.2084860966895687
25000.0,1673625600,3,28208.4220273847,16606.2,0.588696524175607,2852.178,10.11108667202692,184.35512192277065,193.15574526289134,False,True,0.20822150187266472
25000.0,1673654400,5,29286.9220273847,28610.15,0.9768916642468648,4780.2564999999995,16.322153948203322,102.84001280737867,103.15399500939209,False,True,0.20055368039385968
25000.0,1674043200,3,29546.23327769019,16694.059999999998,0.5650148309295782,2626.719,8.890199218671258,191.36178100531006,202.64867286280426,False,True,0.20748837736379164
25000.0,1674273600,1,29343.23796689018,6498.0,0.22144795360798633,974.6999999999999,3.321719304119795,513.6157363693839,568.7645012186351,False,True,0.22144795360798633
25000.0,1674288000,3,29272.137966890183,16510.949999999997,0.5640500198063971,2673.3885,9.132877492665138,192.22136405240323,203.05232157560232,False,True,0.22198583538209304
25000.0,1674446400,3,29422.17820295018,15980.550000000001,0.5431463941849697,2600.9565000000002,8.840122176063772,200.46365162701076,212.1499005808117,False,True,0.18973442283889944
25000.0,1674633600,1,29230.77392735217,4311.5,0.14749866051153684,646.725,2.2124799076730524,779.967362999152,870.6296780657055,False,True,0.14749866051153684
25000.0,1674734400,2,29434.52392735217,8618.650000000001,0.29280752157812484,1292.7975000000001,4.392112823671872,384.1426841088073,422.028375323315,False,True,0.14647765360979792
25000.0,1675036800,1,29996.567655362167,3099.0,0.10331182005905348,464.84999999999997,1.5496773008858022,1121.1099464860456,1257.2579393508515,False,True,0.10331182005905348
25000.0,1675281600,1,29837.782425362166,4529.85,0.15181590694051111,679.4775000000001,2.277238604107667,757.2852996784638,844.9233396355924,False,True,0.15181590694051111
25000.0,1676217600,1,30064.083844862165,3971.7000000000003,0.13210780080626833,595.755,1.9816170120940246,872.8912599246185,975.9434279145678,False,True,0.13210780080626833
25000.0,1676390400,1,30013.615633862166,4368.0,0.14553394876796868,655.1999999999999,2.18300923151953,790.7351765207435,882.8332000568427,False,True,0.14553394876796868
25000.0,1676534400,2,30178.615633862166,9841.2,0.3260984572452555,1582.344,5.243262378889632,346.2497909378995,375.5411350087681,False,True,0.17589276010540025
25000.0,1676952000,1,29950.340935862165,9670.5,0.32288447135573883,1643.9850000000001,5.489036013047561,250.17803228217778,227.7666382161184,True,False,0.32288447135573883
25000.0,1677052800,2,30652.790935862165,18942.0,0.6179535181522036,3020.661,9.854440355269523,125.81412578312876,109.45957527552387,True,False,0.3253847266589679
25000.0,1677096000,3,30661.190935862163,29193.6,0.9521352272671956,4660.35,15.199507448189589,76.80297553420552,64.02167854834528,True,False,0.3346249668338755
25000.0,1677153600,4,30782.990935862163,39385.600000000006,1.2794598186401638,6808.103999999999,22.116447404948435,51.900767550188576,42.526387178790536,True,False,0.3350486644228073
25000.0,1677225600,4,30843.35354086217,40959.1,1.3279716794004321,7077.296,22.94593546912398,49.475105378143205,40.24224856671591,True,False,0.3463469037453244
25000.0,1677340800,4,32727.084003362186,42283.25,1.2919956448199317,7232.396500000001,22.099116741525112,51.48814426438355,41.91971336803521,True,False,0.393728937129755
25000.0,1677369600,4,32103.906308362188,47028.25,1.4648762536336717,7995.557499999999,24.905248050507097,43.81439581105359,34.61212153692674,True,False,0.43013768690207976
25000.0,1677398400,5,32085.65630836218,59365.926,1.8502325596664833,9843.8949,30.680048447176315,32.1367128524995,23.23780790800727,True,False,0.43038234491095834
25000.0,1677571200,4,31726.354655676198,50664.198,1.5969120483539576,8405.0237,26.492245299591165,39.48135811594111,30.096685088237184,True,False,0.43525643427582994
25000.0,1677643200,3,31384.614492543216,33712.288,1.074166069747641,5831.7552,18.581573469336664,64.61873198778828,54.47637963354659,True,False,0.39253074154939893
25000.0,1677700800,3,31367.530463310275,30684.15,0.9782137626642428,5379.5205,17.149965013319346,72.061466852938,61.78171587170647,True,False,0.35427239045796594
25000.0,1677772800,4,31877.98046331028,39790.906,1.248225434035793,6739.4709,21.141461290989696,54.026017492478715,44.0909869472392,True,False,0.348599561154447
25000.0,1677888000,4,33649.807761935794,37101.004,1.1025621383183102,5657.0826,16.811634229896598,65.4676749776165,52.558268799271936,True,False,0.29499128405805064
25000.0,1678161600,1,34037.45454988826,14104.0,0.4143670608308253,2115.6,6.21550591246238,196.8103686273907,173.0655391371994,True,False,0.4143670608308253
25000.0,1678377600,2,35170.25454988826,17703.699999999997,0.5033713922908256,2939.5049999999997,8.357929271823648,172.76757271433772,155.5621423460733,True,True,0.40102069719153655
25000.0,1678752000,1,36159.180381098275,5938.1,0.16422108956606943,1128.239,3.1202007017553193,728.3150465491262,778.5802502730563,False,True,0.16422108956606943
25000.0,1679169600,1,36093.244896777265,5984.3,0.16580110813296073,1137.017,3.150221054526254,721.1509601724773,770.8430369862756,False,True,0.16580110813296073
25000.0,1679500800,1,36830.53987233425,9048.6,0.2456819810778005,1900.206,5.15932160263381,488.6458954603545,509.37367655157334,False,True,0.2456819810778005
25000.0,1679515200,2,37048.339872334254,16071.9,0.43380891169165847,3238.989,8.742602262776979,263.45815748534574,274.02165578709224,False,True,0.2442376643914622
25000.0,1679716800,2,37400.96222674425,16967.6,0.45366747243382427,3419.6440000000002,9.143197918995574,250.8224726057883,260.567687645821,False,True,0.24193495197109213
25000.0,1680134400,2,37745.864174338225,12497.400000000001,0.33109322765211563,2502.498,6.629860131010963,352.6134240669715,369.37298077294184,False,True,0.16954440281038288
25000.0,1680321600,3,38175.72953476622,18208.05,0.47695355719183113,3329.3955,8.721236085267096,234.20352986062164,246.21869290243401,False,True,0.15972975695059868
25000.0,1680393600,3,38470.00261515821,18514.449999999997,0.48126978792314423,3373.8075,8.76996951040141,231.80122716164928,243.71155225717004,False,True,0.16795943750349615
25000.0,1680580800,1,37792.77038504922,4962.0,0.13129495269716882,1042.02,2.757194006640545,937.5239257610809,982.1918684683386,False,True,0.13129495269716882
25000.0,1681300800,1,37895.44389358921,6284.8,0.16584579448779602,1068.4160000000002,2.8193785062925327,705.9876706467395,770.6263555157249,False,True,0.16584579448779602
25000.0,1681444800,2,38189.84389358921,13928.83,0.36472602608198096,2220.9085,5.815442729193286,307.21879535653886,332.23787299281867,False,True,0.19244985710019505
25000.0,1681776000,1,38041.3646883167,4887.0,0.12846542283749615,733.05,1.9269813425624422,898.1406778684553,1004.5594349175827,False,True,0.12846542283749615
25000.0,1681876800,2,38025.9646883167,10053.35,0.26438119538592125,1508.0025,3.965717930788819,427.3432085508132,470.9889696909215,False,True,0.13626873223263863
25000.0,1682179200,2,37285.5977897617,31017.800000000003,0.8318976183484236,4652.67,12.478464275226353,91.4844345750468,76.16567980904307,True,False,0.4407465878021271
25000.0,1682553600,1,37419.8871396177,6079.15,0.16245773209625206,911.8725,2.436865981443781,706.5232056845737,787.392966442517,False,True,0.16245773209625206
25000.0,1683460800,1,37380.3665424527,13221.0,0.3536883455913942,1983.1499999999999,5.305325183870913,232.81286058380576,206.18783173710128,True,False,0.3536883455913942
25000.0,1683720000,2,37288.724450972695,19689.719999999998,0.5280341521439836,3201.7879999999996,8.586477674262412,164.59531770897058,154.30494018734535,True,True,0.3329826960513289
25000.0,1683979200,1,37625.321638214096,11795.199999999999,0.3134910078222487,2005.184,5.329347132978229,258.1097572227998,235.19073276054053,True,False,0.3134910078222487
25000.0,1684483200,1,37567.783038982096,5514.799999999999,0.14679599257367898,937.516,2.495531873752543,800.2620558169888,874.9566751041344,False,True,0.14679599257367898
25000.0,1684512000,3,37603.48303898209,30692.425,0.8162122899142703,4714.87375,12.538396363741812,98.11599929783115,84.09705048054964,True,True,0.3493140512112404
25000.0,1684814400,1,37880.44522628085,12794.22,0.33775262998027206,1919.1329999999998,5.066289449704081,244.41276047873552,216.8597396404367,True,False,0.33775262998027206
25000.0,1685030400,2,38217.78022628085,25685.835,0.6720912320893214,3852.8752499999996,10.08136848133982,116.3385424936786,99.03145909418433,True,False,0.346146477416367
25000.0,1685073600,2,38179.04905653446,25405.28,0.665424640681348,3810.7919999999995,9.981369610220218,117.63476300487778,100.22398196448756,True,False,0.34649762964004016
25000.0,1685361600,1,36926.10466041047,6861.135,0.1858071698354909,1029.17025,2.7871075475323632,615.5204283498192,684.2564854631286,False,True,0.1858071698354909
25000.0,1685462400,2,37216.54966041047,27486.58,0.7385579869925224,4122.987,11.078369804887837,112.31828062859586,98.57863635677447,True,True,0.5463967021540309
25000.0,1685664000,2,37276.65908861046,32909.848,0.8828540111861929,4936.477199999999,13.242810167792891,85.45131321920381,70.61520816166751,True,False,0.5455156255194868
25000.0,1685966400,2,36972.790967357505,10926.7,0.2955335454563588,1971.5790000000002,5.3325133115881505,390.85135719950074,417.8280843238123,False,True,0.14991835495712805
25000.0,1686009600,3,37006.69096735751,15089.05,0.4077384279861606,2597.3175,7.018507821439685,275.45717511448083,293.6736990719099,False,True,0.1497810221640521
25000.0,1686067200,4,37489.320967357504,23399.18,0.6241558768262035,4014.9070000000006,10.709468447016787,172.68851902445607,180.2885170469364,False,True,0.20879279213447258
25000.0,1686225600,2,36589.451900035994,26731.998,0.7305930155235176,4159.8747,11.36905442411371,114.42799316838683,100.82031114571974,True,True,0.5255134198930453
25000.0,1686254400,2,36727.12342503599,38697.768000000004,1.0536563822915865,5804.6652,15.804845734373796,69.4848708295707,55.92608116320504,True,False,0.5344257368825167
25000.0,1686398400,3,41619.77142503599,39701.92,0.9539197030793319,5955.288,14.308795546189979,81.26218306728136,67.8983941923263,True,True,0.4716008600708702
25000.0,1686513600,2,40716.44533702343,19194.549,0.471420057451489,2879.18235,7.071300861772335,186.57812670784463,171.0132700470556,True,True,0.32453837486605136
25000.0,1686974400,2,41217.99374784522,15634.779999999999,0.3793192869999246,2345.2169999999996,5.689789304998868,292.5060571807006,318.1735314714606,False,True,0.2101533629460758
25000.0,1687348800,1,40863.94447984842,9936.0,0.24314833348747877,1490.3999999999999,3.6472250023121813,466.2018622696838,515.028777238975,False,True,0.24314833348747877
25000.0,1687406400,2,41099.94447984842,18307.4,0.4454361248340918,2746.1099999999997,6.681541872511374,246.46950529068226,265.99877266277326,False,True,0.2417521513896859
25000.0,1687449600,3,40996.94447984842,25158.0,0.6136554887002891,4051.844,9.883282891952199,175.04419317211728,183.9438454559102,False,True,0.24235952522959187
25000.0,1687608000,3,44541.77769040842,26140.8,0.5868827279794253,4206.816,9.444652230182298,183.89254633544192,193.8557233158303,False,True,0.18264650451416242
25000.0,1687752000,2,45507.63194190241,16515.04,0.3629070398803442,2477.2560000000003,5.4436055982051625,306.5325406196762,334.07021270229967,False,True,0.19533075268228078
25000.0,1687780800,2,46826.261460742404,21344.440000000002,0.45582199676338625,3424.094,7.312336909216312,242.19491889689183,259.1785118169253,False,True,0.2375034788827593
25000.0,1688011200,1,46424.969970490005,8209.6,0.17683587098103512,1559.824,3.359881548639667,674.6865754649481,720.6615015021438,False,True,0.17683587098103512
25000.0,1688054400,2,46445.76997049001,14783.3,0.3182916336491522,2546.711,5.483192552557724,358.7524184271451,385.5697078955309,False,True,0.17675667784635907
25000.0,1688126400,4,46838.969970490005,29800.6,0.636235169534584,4813.738,10.27720721235502,168.1893147306373,176.23278265310097,False,True,0.17527285517107447
25000.0,1688155200,5,47811.219970490005,37470.35,0.7837145762673994,6108.4865,12.776261521396597,132.9727535817188,136.7966315428599,False,True,0.17170864924733403
25000.0,1688400000,2,47417.15703585899,13510.54,0.28492935562928673,2167.656,4.571459225952161,398.92412754868144,434.6189176337781,False,True,0.1412463424353984
25000.0,1688457600,2,47261.95401085899,12981.895,0.2746796079784864,1947.2842500000002,4.120194119677296,410.65943137920834,452.08068889643613,False,True,0.13831061657962948
25000.0,1688558400,3,46332.034010858995,19617.225,0.42340521884712085,3093.88875,6.677644994551447,261.6792674715374,281.5738227390062,False,True,0.1632833559223173
25000.0,1688688000,3,47047.603330314094,20864.43,0.4434748748733065,3550.7635,7.547171903891952,251.22835668755718,267.3225569725707,False,True,0.1607999018969261
25000.0,1688716800,3,46864.82237120859,20948.12,0.44699027842404626,3561.3500000000004,7.599196625117087,249.05990227747074,264.95801609696457,False,True,0.16142704948451297
25000.0,1688889600,2,47011.94020186589,14375.02,0.3057738084893901,2433.229,5.175768091152779,373.30004520985074,402.7188386693574,False,True,0.15848356753640827
25000.0,1688947200,2,46818.87077039789,14637.580000000002,0.31264273911652923,2195.6369999999997,4.689641086747938,358.6516492673039,393.1385358362778,False,True,0.15913711453098084
25000.0,1689220800,1,47009.85668882988,7069.075000000001,0.1503743150461401,1060.3612500000002,2.2556147256921015,764.7143357233463,853.3429138197926,False,True,0.1503743150461401
25000.0,1689307200,2,49281.28168882988,15345.619999999999,0.311388411058275,2301.843,4.670826165874125,360.1674475792547,394.85644058982194,False,True,0.143443408080076
25000.0,1689350400,4,48111.31668882988,27007.055000000004,0.5613451648948593,4193.22225,8.715667203873368,192.50642765771076,204.19135142690124,False,True,0.1477448652252398
25000.0,1689408000,5,49417.741688829876,35505.83,0.7184834593124588,5760.826500000001,11.657405423894852,146.77058346565624,152.2427319262963,False,True,0.14554185914217363
25000.0,1689609600,1,48192.663681678874,5691.6,0.1181009632004164,1081.404,2.2439183008079113,1021.8927716235681,1095.6441933534534,False,True,0.1181009632004164
25000.0,1689854400,2,49749.663681678874,13938.1,0.2801647080306381,2782.029,5.592055893685424,421.0051610614425,442.5771918379968,False,True,0.13446322055165003
25000.0,1689897600,2,50076.05337238688,16621.05,0.3319161331744494,2897.4855,5.786169845401079,343.7777981980328,368.37456817218236,False,True,0.197344825210393
25000.0,1689912000,3,49705.05337238688,25169.949999999997,0.506386137671525,4529.4765,9.112708251343118,218.86889790772918,229.97034623899734,False,True,0.19881781286829842
25000.0,1690070400,2,48956.457763286875,16863.4,0.34445711087876335,2873.5240000000003,5.869550476658251,329.402017310853,353.7492064730867,False,True,0.1822006821475788
25000.0,1690084800,2,48856.364617152874,15210.85,0.31133814640518004,2560.7174999999997,5.241318137495975,365.9696617181905,394.9255706039033,False,True,0.16912944843012215
25000.0,1690257600,1,48129.23774623787,6405.75,0.13309477357140814,1217.0925,2.528800697856755,904.1287702307942,968.4590718492577,False,True,0.13309477357140814
25000.0,1690329600,2,48231.83774623787,11455.0,0.2374987256398602,1978.584,4.102236390846068,488.088046643772,528.0731877926713,False,True,0.13281165096181008
25000.0,1690560000,1,48795.87142632037,7262.999999999999,0.14884455974860109,1379.9699999999998,2.82804663522342,805.9775562307243,862.4557607291823,False,True,0.14884455974860109
25000.0,1690891200,1,48537.12449226037,5977.200000000001,0.12314697383758513,1135.6680000000001,2.3397925029141176,979.0590352859459,1049.3837581088217,False,True,0.12314697383758513
25000.0,1691121600,2,48188.063363708374,24554.205,0.5095495291992246,3683.1307500000003,7.643242937988368,174.1553231036966,160.36115854638214,True,True,0.3239849022809648
25000.0,1691150400,3,48240.16836370838,32600.5,0.6757957342563033,5046.603,10.461412493320848,133.88070191248366,124.12383378975407,True,True,0.3236349608544326
25000.0,1691380800,2,48701.75546022722,22553.04,0.4630847448285138,3540.228,7.269199983748353,192.83609716794678,177.5118838402573,True,True,0.30162033916819037
25000.0,1691424000,2,48598.18092422722,20422.24,0.42022642847150443,3179.8320000000003,6.543109103112101,210.05968522381843,192.3141793831956,True,True,0.30226316542389353
25000.0,1691467200,3,48613.92092422722,35754.0,0.7354683456972846,6394.776,13.154207433642945,105.15598276738798,95.0269651552982,True,True,0.313369086680847
25000.0,1691611200,3,47780.409825543225,28655.6,0.5997353330502583,4419.48,9.249564865886441,151.14973760446478,140.4905132237188,True,True,0.30743645886743903
25000.0,1691784000,1,47360.77866519803,7645.05,0.16142154363728373,1146.7575,2.421323154559256,711.1717603539395,792.6613284011314,False,True,0.16142154363728373
25000.0,1692072000,1,48509.50568187203,17245.25,0.3555024887925118,3621.5025,7.4655522646427475,215.1173412435502,205.03358632375654,True,False,0.3555024887925118
25000.0,1692158400,2,49188.75568187203,25914.0,0.5268277198878262,4881.0599999999995,9.923121519007767,158.2945728391972,154.0857394226673,True,True,0.3505933370531579
25000.0,1692331200,1,50922.33844982456,11839.8,0.23250699713380485,1775.9699999999998,3.4876049570070724,488.34656835245187,540.1261107994455,False,True,0.23250699713380485
25000.0,1692374400,2,51123.938449824556,22487.7,0.4398663460185191,3791.007,7.415326586625702,253.16205090293008,269.7890458625503,False,True,0.2315901387687519
25000.0,1692590400,2,52930.93955348455,17156.65,0.32413273115365554,3023.1375,5.7114752269705,353.1167645232178,378.02078341622286,False,True,0.19735716176820253
25000.0,1693310400,1,52503.08784965606,8048.95,0.15330431655845414,1529.3005,2.912782014610629,781.848584799782,836.3964715837647,False,True,0.15330431655845414
25000.0,1693353600,3,52405.58784965606,25790.35,0.4921297720004349,4186.6105,7.988862775494039,223.19736520455663,237.59791472213996,False,True,0.18274577946677595
25000.0,1694044800,1,51030.612126808555,16386.3,0.32110725929136125,2457.9449999999997,4.816608889370419,257.75862671499203,229.13793657779271,True,False,0.32110725929136125
25000.0,1694088000,2,51222.712126808554,22343.7,0.43620689089412595,3597.535,7.023320028611194,201.7637672885849,183.61302210052776,True,True,0.3199030141050236
25000.0,1695096000,1,51475.85718082956,15913.8,0.3091507528295528,3023.622,5.873864303761503,255.85444090980053,238.7734277461301,True,False,0.3091507528295528
25000.0,1695182400,2,51402.95718082956,23066.82,0.4487449996087509,4099.491,7.975204589063763,188.89444421814534,180.42704778024503,True,True,0.30958919238862315
25000.0,1695355200,1,51704.42175236676,17825.0,0.3447480775507186,3386.75,6.550213473463654,227.78729596740845,212.05350576097283,True,False,0.3447480775507186
25000.0,1695657600,1,52109.09394661676,22568.0,0.4330913913628938,4287.92,8.228736435894982,178.06567023813284,164.71851806670244,True,False,0.4330913913628938
25000.0,1695916800,1,51901.62338077678,17628.15,0.3396454455898403,3349.3485000000005,6.453263466206965,231.44930688841083,215.53974015776714,True,False,0.3396454455898403
25000.0,1696190400,2,52104.880302118785,40818.945,0.7833996501540786,7311.56175,14.032393333610024,99.98458780474667,92.14248390183987,True,True,0.5703496453247116
25000.0,1696564800,1,52409.125424110185,17225.15,0.32866699950836764,3272.7785000000003,6.2446729906589855,239.7137199698505,223.4074614112977,True,False,0.32866699950836764
25000.0,1696838400,1,52555.4853903642,7711.2,0.14672493161701083,1156.6799999999998,2.2008739742551624,784.1734465737262,875.3965727835564,False,True,0.14672493161701083
25000.0,1697457600,1,52328.6817277162,9775.5,0.18680959804921568,1466.325,2.802143970738235,612.1228248016946,680.4058681085871,False,True,0.18680959804921568
25000.0,1697673600,1,51992.855432471195,10430.800000000001,0.20061987196582465,1564.6200000000001,3.0092980794873694,568.7707156009825,631.2734776811135,False,True,0.20061987196582465
25000.0,1697760000,2,52973.635432471194,21094.68,0.398210918087559,3164.2019999999998,5.973163771313384,277.79199992588707,301.4975999160053,False,True,0.19690549675973804
25000.0,1697803200,3,53471.190432471194,31107.135000000002,0.5817550488105409,4856.36825,9.082214573346954,185.19391317387402,195.85820287412602,False,True,0.1950732705899463
25000.0,1697961600,3,56657.97855266319,31995.160000000003,0.5647070512807076,5017.325,8.855460657383729,191.41882049713473,202.7772890343964,False,True,0.19247968739060123
25000.0,1698120000,2,59571.92856035519,23363.545,0.3921905092652702,3731.27775,6.263483221329091,284.433020900096,306.6374976363401,False,True,0.19031279117501856
25000.0,1698148800,3,59171.22356035519,33481.24,0.5658365331223686,5874.6630000000005,9.928243234665903,193.0574752543758,202.30598213748033,False,True,0.19160158127262403
25000.0,1698321600,1,59690.94152999127,9872.5,0.1653936049080351,1678.325,2.8116912834365966,707.9738537435591,772.8243981428719,False,True,0.1653936049080351
25000.0,1698926400,1,60381.29525499127,11211.48,0.18567803079834114,1681.722,2.7851704619751176,615.960796223695,684.755569053521,False,True,0.18567803079834114
25000.0,1699358400,2,60548.38800459125,16281.650000000001,0.2689031126438147,3090.5365,5.104242411483608,435.57999485480315,462.50820610598436,False,True,0.1356807385091252
25000.0,1699588800,3,60431.48800459125,23781.07,0.3935211722437357,4204.423499999999,6.957339027760776,287.21499621802565,305.48791120888035,False,True,0.13594320231492316
25000.0,1700208000,1,61982.22562311204,11985.050000000001,0.1933626919574665,1797.7575000000002,2.900440379361998,590.7798183188717,656.2171274280546,False,True,0.1933626919574665
25000.0,1700640000,1,61709.66208461204,7987.6,0.12943840121904984,1198.14,1.9415760182857476,891.2567727715024,996.7576758077024,False,True,0.12943840121904984
25000.0,1700683200,2,62037.26208461204,28213.820000000003,0.4547882845235729,4232.073,6.821824267853594,192.99704986289603,176.7418241579574,True,True,0.32075271105388986
25000.0,1700697600,3,61912.15208461205,49636.92999999999,0.8017316201860313,8296.1475,13.399869364356928,96.72113483995344,85.52627773299115,True,True,0.3434737653916146
25000.0,1700726400,4,62005.492084612044,68564.19,1.1057760803903955,12273.9525,19.794944104711067,63.48187777693045,55.020558873186154,True,True,0.34295671697890456
25000.0,1701158400,2,60684.4459595637,42393.65,0.6985916956092582,7647.4845,12.602050458029726,105.98672869729542,94.51610504792808,True,False,0.3538625039818093
25000.0,1701288000,3,60475.18595956371,62173.56,1.0280838167504254,11406.242999999999,18.861030055578002,66.68805971057535,57.81466714733878,True,False,0.3550869610282538
25000.0,1701417600,2,60014.58970206374,39323.55,0.6552331723872099,7862.7705000000005,13.101431733573312,110.5231741942323,102.09394055636123,True,False,0.32609820540566015
25000.0,1701432000,3,60156.58970206374,57749.48,0.9599859348080505,10618.932,17.652150915788543,72.45693771864079,63.33455428802301,True,False,0.3253284485860508
25000.0,1701676800,1,57546.80020410276,8810.4,0.1530997374094115,1321.56,2.2964960611411724,750.7870405043071,837.5586459048815,False,True,0.1530997374094115
25000.0,1701950400,1,59320.12161591076,10756.4,0.18132801664915896,1613.4599999999998,2.7199202497373838,631.1608915284444,701.982343732237,False,True,0.18132801664915896
25000.0,1702339200,1,61794.46622414276,27780.48,0.44956258541393984,4167.072,6.743438781209098,180.38125182218266,157.95075167640806,True,False,0.44956258541393984
25000.0,1702353600,4,61576.45622414276,89317.94,1.450520953574792,14673.098999999998,23.829073479949635,45.10326820000593,35.15259865970287,True,False,0.451154251210512
25000.0,1702468800,5,64552.82622414275,98049.97,1.5189105688346969,15962.095499999998,24.727183043195986,43.97369283672099,34.3080540027256,True,True,0.43035265262499234
25000.0,1702800000,1,61806.24085884202,8457.2,0.13683407828208194,1268.5800000000002,2.0525111742312294,842.1318814854869,941.0827990168852,False,True,0.13683407828208194
25000.0,1702886400,1,60971.80877484202,7636.400000000001,0.12524476726940903,1145.46,1.8786715090411354,921.6900599118466,1031.2487345667596,False,True,0.12524476726940903
25000.0,1703937600,1,62408.29556097002,21353.5,0.3421580385757951,3203.025,5.132370578636926,241.09791821509768,213.81008475788988,True,False,0.3421580385757951
25000.0,1703952000,2,62481.79556097002,40980.1,0.6558726366948182,7329.021,11.72985016547469,114.16637980428173,101.97490110755226,True,False,0.34175554348727316
25000.0,1703995200,3,62526.24556097002,63125.29999999999,1.0095808477488997,10870.240499999998,17.385084299360834,69.80961921748518,59.24080590314188,True,False,0.3548853733487425
25000.0,1704009600,4,62634.04556097002,82969.9,1.3246773261553797,13846.570000000002,22.1070982657847,50.39171079153167,40.39206561509176,True,False,0.3542745770493121
25000.0,1704369600,2,62599.30483486902,63786.600000000006,1.0189665870613573,9891.544000000002,15.80136397056317,71.53785094650188,58.51091587871938,True,False,0.5168651646428095
25000.0,1704384000,3,63105.30483486903,95036.2,1.5059938344119599,14578.059999999998,23.101164059261222,44.270923176299355,33.12106741209689,True,False,0.5127207622982898
25000.0,1704916800,1,71576.296755065,39804.57,0.5561138505979395,5970.6855,8.341707758969092,143.3211252202951,123.85543520267146,True,False,0.5561138505979395
25000.0,1704988800,2,71843.44675506502,79231.06,1.1028293265232874,11884.659,16.54243989784931,65.80509753214483,52.540689729573245,True,False,0.5540459401357125
25000.0,1705219200,2,77296.42650246508,74646.88500000001,0.9657223286721984,11197.03275,14.485834930082977,76.99950734420561,62.839546756669165,True,False,0.5135249040100724
25000.0,1705305600,2,77958.38884206508,77097.27,0.988954122130338,11564.5905,14.83431183195507,74.88428278816129,60.893540165108384,True,False,0.504993119852131
25000.0,1705680000,2,75675.56390516515,50817.425,0.6715169650229923,7622.6137499999995,10.072754475344883,116.44918725377325,99.13325227347141,True,False,0.34200769263423325
25000.0,1706083200,1,80284.18162566521,28040.249999999996,0.34926245036339887,4206.037499999999,5.238936755450983,235.9283812924673,209.0541107890699,True,False,0.34926245036339887
25000.0,1706342400,1,80029.2955436577,24913.57,0.3113056266552929,3737.0355,4.669584399829393,266.28498320448307,236.9821845481244,True,False,0.3113056266552929
25000.0,1707321600,1,79510.3905675198,13904.6,0.1748777725873738,2085.69,2.6231665888106073,655.0917179970048,729.1039470632721,False,True,0.1748777725873738
25000.0,1707753600,1,80162.2391046298,16031.78,0.19999166913332989,2404.767,2.999875036999948,570.6127388638272,633.3611040456708,False,True,0.19999166913332989
25000.0,1709697600,1,79823.8822964886,13848.750000000002,0.17349131114121716,2908.2375,3.6433175339655604,703.0351164672459,735.196989345499,False,True,0.17349131114121716
25000.0,1711771200,1,80066.2395413511,25821.8,0.32250546732201707,4389.706,5.482592944474291,250.48911345681043,228.05781019557458,True,False,0.32250546732201707
25000.0,1711814400,2,80170.7895413511,49789.55,0.6210435282581216,7982.7775,9.957214523729471,124.95257706442777,108.81544748462456,True,False,0.32208489086516273
25000.0,1711900800,3,79508.7895413511,78182.8,0.9833227301157507,12248.489000000001,15.405201199333794,74.37724407682732,61.35680946842641,True,False,0.3487821932640224
25000.0,1711915200,4,79160.9895413511,101301.6,1.2796909258831761,15722.049,19.86085455865521,54.21035925939302,42.515095154549265,True,False,0.3503145951139748
25000.0,1712145600,3,88727.5143953641,71310.375,0.8037008078716773,10696.556250000001,12.055512118075162,95.1516621290034,79.53952915868312,True,False,0.31254397453794697
25000.0,1712361600,2,89553.73813744911,39119.65,0.4368287780456275,5867.9475,6.552431670684412,205.35615530444494,190.66646861787265,True,True,0.2789473172148207
25000.0,1712606400,1,89236.11743372212,44384.2,0.4973793266270829,6657.629999999999,7.460689899406242,161.78590664504412,140.84303411344058,True,False,0.4973793266270829
25000.0,1712678400,2,90495.41743372212,55924.82,0.6179851045049739,8388.723,9.269776567574608,135.7728649175302,120.48331515064288,True,True,0.4904579840466122
25000.0,1712764800,2,90102.89861052691,68871.35,0.7643633119695621,10330.7025,11.46544967954343,100.71985964066639,84.66227086941308,True,False,0.4925945855732381
25000.0,1712880000,2,89438.83221299291,51897.0,0.5802513149591508,8038.32,8.987505539939576,135.8139277691233,117.87129462279964,True,False,0.2955092250875842
25000.0,1712952000,4,95346.58221299291,72007.95000000001,0.7552231902675108,11871.3765,12.450762496636491,112.24705801386705,100.44675920556179,True,True,0.2771992386780947
25000.0,1713038400,4,95617.94017378292,56955.2,0.595653910725179,10059.178,10.520178516414104,161.3419388900889,155.60094794403608,True,True,0.26539998617286686
25000.0,1713052800,5,95133.34017378291,67508.5,0.7096197807906273,11841.119000000002,12.446865608176351,134.78364124904888,129.97455138263737,True,True,0.26675190793935205
25000.0,1713081600,5,96215.04017378291,69886.2,0.7263542152429813,12245.757,12.727487280451998,131.24834587890808,126.36128864473,True,True,0.2637529429303802
25000.0,1713470400,1,96275.51144493092,13244.4,0.1375676929805325,2516.436,2.613786166630118,873.9689604190592,935.886477252584,False,True,0.1375676929805325
25000.0,1713499200,2,96415.91144493091,30971.8,0.32123121107131686,5181.162,5.373762403272288,353.7514250129482,381.7363384107733,False,True,0.18240765177068333
25000.0,1714032000,1,98280.67730575691,14267.5,0.14517095721280976,2140.125,2.1775643581921464,792.7564893949178,885.1240213142402,False,True,0.14517095721280976
25000.0,1714579200,1,97369.73675005691,12777.5,0.13122660516993265,1916.625,1.96839907754899,878.8712856934355,982.7207904525602,False,True,0.13122660516993265
25000.0,1714636800,3,96877.23675005691,83946.096,0.8665203386898903,12591.9144,12.997805080348353,95.92919848560273,83.88251909810603,True,True,0.5679981990193138
25000.0,1714852800,2,96144.56328452071,29506.440000000002,0.3068966043631772,4425.965999999999,4.6034490654476565,365.69722440062617,401.12352098737637,False,True,0.17302070373726725
25000.0,1715601600,1,96053.49067848672,14771.75,0.15378670671578681,2511.1975,2.614374014168376,762.9533267647337,833.6683482863052,False,True,0.15378670671578681
25000.0,1716292800,1,96126.58920092422,18570.51,0.1931880674678245,2785.5764999999997,2.8978210120173675,591.329781027739,656.8404184981042,False,True,0.1931880674678245
25000.0,1716451200,2,96001.21920092423,33170.64,0.345523111853153,5270.106,5.489624031721946,325.1948984235364,352.5549871851502,False,True,0.19344035580561894
25000.0,1716508800,2,95805.6512541242,26538.0,0.2769982736154889,4277.91,4.465195887717371,411.1741742918568,448.01744042065064,False,True,0.15370178906190676
25000.0,1716552000,3,95290.8512541242,38478.85,0.40380424241760177,6063.2175,6.362853747449951,275.2611220963348,296.8596644793151,False,True,0.15453214874458035
25000.0,1716854400,1,96620.3844946242,14439.599999999999,0.1494467246795462,2454.732,2.540594319552286,785.7045442187949,858.8463622687998,False,True,0.1494467246795462
25000.0,1717776000,1,96379.98157062421,11699.8,0.12139242827543763,1754.9699999999998,1.820886424131564,951.499538661035,1065.0328104825066,False,True,0.12139242827543763
25000.0,1717790400,2,96410.4315706242,29191.75,0.30278621850806636,5426.452499999999,5.628491037326104,382.8438464556322,407.02136309345025,False,True,0.18111629328418477
25000.0,1718798400,1,96130.92371962419,31798.55,0.33078377664136227,4769.782499999999,4.961756649620433,249.8367712545389,221.84982955417576,True,False,0.33078377664136227
25000.0,1719057600,1,96435.1725531562,32141.7,0.3332985170144547,4821.255,4.9994777552168195,247.85333735670264,220.02507036816644,True,False,0.3332985170144547
25000.0,1719316800,1,97694.4924179572,40154.4,0.4110200995590539,6023.16,6.165301493385808,198.51922106312503,174.63768337807502,True,False,0.4110200995590539
25000.0,1719360000,2,97607.1324179572,53036.36,0.5433656197673796,8211.346000000001,8.412649564212916,157.1171324377373,140.81911113775166,True,True,0.41138796935512295
25000.0,1719662400,1,98802.7906808772,31776.108,0.32161144215686727,4766.4162,4.824171632353009,257.3340964795125,228.74736876115148,True,False,0.32161144215686727
25000.0,1720094400,2,98380.1794169972,26196.6,0.2662792460355485,4210.942,4.280274771762079,428.32121475280485,467.39413723916954,False,True,0.14304304061442552
25000.0,1720195200,3,97478.7294169972,44433.65,0.4558291872057596,8084.235500000001,8.29333286179494,245.93104220976437,259.1738976113739,False,True,0.19633514013225178
25000.0,1720224000,4,97508.1294169972,64279.850000000006,0.659225547493633,11857.3655,12.160386596374472,163.38554865135623,168.92420028359783,False,True,0.2032322855384981
25000.0,1720771200,1,97380.63015156219,19319.2,0.19838852931976103,4057.032,4.166159115714982,611.4701276487204,638.7485344566522,False,True,0.19838852931976103
25000.0,1720944000,2,99709.43015156219,39028.8,0.39142536408717526,7153.2,7.174045613465907,290.3670210178387,307.30206121825313,False,True,0.1937549935912187
25000.0,1720987200,3,99717.83015156219,54186.799999999996,0.543401314666002,10013.696,10.042031585304331,203.07410172389564,212.03473946068584,False,True,0.19373867211747933
25000.0,1721332800,1,102641.96934623414,20098.649999999998,0.19581317591640113,3818.7434999999996,3.7204503424116218,607.0257580793486,647.5878187256965,False,True,0.19581317591640113
25000.0,1721361600,2,102411.86934623413,39262.55,0.38337890178784984,7072.0045,6.905453972420873,296.17349866355676,314.4514109797899,False,True,0.19625313089492064
25000.0,1721620800,1,102496.86246004411,14632.0,0.14275558928161267,2487.44,2.4268450177874152,823.4915259181404,900.6639553494088,False,True,0.14275558928161267
25000.0,1721750400,2,102527.86246004411,29339.9,0.2861651388805066,5281.321,5.151108072752585,404.20733685079284,432.5981000164467,False,True,0.14315035589198694
25000.0,1722052800,1,102504.37594567808,18988.6,0.18524672556479888,3228.062,3.149194334601581,629.9043468292648,686.4274771577199,False,True,0.18524672556479888
25000.0,1722096000,2,102758.97594567809,33505.0,0.32605424189622023,5981.086000000001,5.820499810315167,351.6138364103234,375.5965813885612,False,True,0.1847877504154773
25000.0,1722470400,1,103222.33480645207,15285.000000000002,0.14807841760855606,3209.8500000000004,3.1096467697796775,828.2504549132066,867.0904791752441,False,True,0.14807841760855606
25000.0,1722499200,2,103177.33480645207,29151.8,0.2825407348879982,5843.642,5.6636876800141716,417.59495883995675,438.57502135466575,False,True,0.14814300087003385
25000.0,1722643200,2,101362.18979480206,32942.4,0.3249969250535007,5865.648,5.78682052141379,352.6883202047353,376.9269585490717,False,True,0.19406052730136178
25000.0,1722816000,1,96944.20383486206,19629.5,0.2024824509718759,4122.195,4.2521314704093935,598.5695698566711,625.1599469156936,False,True,0.2024824509718759
25000.0,1722844800,2,96047.80383486206,39400.850000000006,0.4102212484498146,7447.468500000001,7.753918572469041,277.2799972198938,291.6945237978776,False,True,0.21518191124426642
25000.0,1722902400,3,103833.80383486206,66158.25,0.6371552187880789,12474.424500000003,12.013837535836986,170.18045656016457,175.93017012967556,False,True,0.19904644958274012
25000.0,1723104000,2,108774.18992033457,40525.9,0.37256908122856053,6929.7210000000005,6.370740159108773,303.14301194887236,324.542132053278,False,True,0.1770180960584696
25000.0,1723161600,2,109523.54090482657,38202.8,0.3488090294048962,6464.1720000000005,5.902084562456958,324.71274090621233,348.9197682013764,False,True,0.17580695292468812
25000.0,1723435200,1,108375.77483007654,12933.699999999999,0.1193412459590612,2457.403,2.267483673222163,1011.0287235086648,1083.911021389358,False,True,0.1193412459590612
25000.0,1724500800,1,108247.64645565052,15786.050000000001,0.14583273185960313,2683.6285000000003,2.479156441613253,805.683269734915,880.9561518399729,False,True,0.14583273185960313
25000.0,1724587200,2,108193.59645565052,33499.85,0.3096287682213418,6405.6885,5.920580061894649,375.6820743673892,397.2898742557575,False,True,0.16422275053295962
25000.0,1724760000,1,107318.88897564152,15461.25,0.14406830100066806,2628.4125000000004,2.4491611170113576,815.8014661655421,892.1536225565333,False,True,0.14406830100066806
25000.0,1725235200,1,106662.54599897901,13896.6,0.1302856580990765,2362.422,2.2148561876843007,904.2701092265006,990.0589208773274,False,True,0.1302856580990765
25000.0,1725595200,1,107761.34647720701,14557.85,0.13509343076999492,2474.8345000000004,2.296588323089914,871.3595706072464,953.6379248053527,False,True,0.13509343076999492
25000.0,1725811200,1,107589.90900564252,10583.35,0.09836749652279156,1799.1695000000002,1.6722474408874566,1204.3324873121917,1322.127952625492,False,True,0.09836749652279156
25000.0,1726243200,1,109663.32912985401,18573.100000000002,0.1693647288238652,3157.4270000000006,2.8792003900057086,690.8936257914526,753.9222792092077,False,True,0.1693647288238652
25000.0,1728604800,1,109453.23456529102,37450.0,0.34215526063471735,7864.5,7.185260473329064,224.18593290291412,213.81198305002087,True,False,0.34215526063471735
25000.0,1728907200,1,109211.14639029105,33489.0,0.3066445239968399,7032.69,6.4395350039336385,252.15744059611293,240.88840249703733,True,False,0.3066445239968399
25000.0,1729785600,2,108927.84226029112,74284.35,0.6819592535624829,14151.861499999999,12.991959820688527,107.1687481324221,97.30906147557714,True,False,0.34966312753157996
25000.0,1729886400,3,113535.54226029111,85332.65,0.751594155461615,15628.292500000001,13.765110192692473,101.70687362668932,93.28654431753142,True,True,0.33547248061474433
25000.0,1730088000,2,111908.57056144718,54356.350000000006,0.4857210643232532,10413.9705,9.305784577314261,169.8199490033631,164.95197952257237,True,True,0.3366614354109108
25000.0,1731513600,1,111996.34298700723,25317.0,0.22605202388561063,3797.5499999999997,3.3907803582841596,502.7953455455749,556.5013916183183,False,True,0.22605202388561063
25000.0,1731528000,2,112540.09298700723,47622.0,0.4231558614892736,8013.75,7.120795609192529,263.9004323266169,281.75939128136076,False,True,0.2249598283424455
25000.0,1731816000,1,144059.2198446822,32208.749999999996,0.2235799279957641,4831.312499999999,3.353698919936461,508.549813490332,563.0231219557096,False,True,0.2235799279957641
25000.0,1731830400,2,143252.9698446822,58914.799999999996,0.41126407406336235,10487.957999999999,7.321284865068597,274.1558325126429,290.87036385805084,False,True,0.22483827061261893
25000.0,1731844800,3,146014.1198446822,91084.95,0.6238091911719816,16563.9345,11.344063517705925,173.70963677310894,180.40723865604903,False,True,0.22058654350867585
25000.0,1732104000,1,171119.8786713612,25790.100000000002,0.15071364122183814,3868.5150000000003,2.2607046183275723,762.9528780485588,851.3465951217003,False,True,0.15071364122183814
25000.0,1732147200,2,171804.4786713612,48940.649999999994,0.28486248075998566,8689.0545,5.057525023326656,405.23964862799346,434.7287750131672,False,True,0.15011308319460628
25000.0,1732176000,3,171032.32867136117,78944.7,0.4615776479994746,14439.774999999998,8.44271671453766,242.76061660619118,255.53102981599557,False,True,0.17994375823027298
25000.0,1732420800,2,232139.44294615719,110424.75,0.47568284216832596,19613.512499999997,8.449021954683156,234.03043092123613,246.96547400971514,False,True,0.1472380116287593
25000.0,1732464000,2,223803.13682887514,71385.0,0.31896335775929074,12275.52,5.484963336052853,357.85734678917015,384.687514797927,False,True,0.17512824241587283
25000.0,1732694400,2,215502.2181636301,66627.0,0.3091708315939947,11484.81,5.329323334982855,369.98423197125487,397.9277033107301,False,True,0.17294021526823344
25000.0,1733025600,1,223945.46487972006,32268.600000000002,0.14409133052697137,4840.29,2.1613699579045704,798.8285639170625,892.0057057726708,False,True,0.14409133052697137
25000.0,1733198400,2,254095.46487972006,96585.20000000001,0.3801138286577451,16537.776,6.508489243532311,296.7711851410984,317.43878617665376,False,True,0.13446363561102231
25000.0,1733947200,1,246635.61648427404,75639.15,0.30668380778987325,11345.8725,4.600257116848099,270.49454862677544,240.85498473663338,True,False,0.30668380778987325
25000.0,1733976000,2,243881.46648427402,155295.3,0.6367654838175814,26370.375,10.812783513297603,119.73152962675752,105.63495043792001,True,False,0.3153253140084706
25000.0,1734292800,1,244958.50111431428,125990.2,0.5143328336304785,20158.432,8.229325338087657,153.8160611139448,135.54130471374077,True,False,0.5143328336304785
25000.0,1734710400,1,259985.36442236026,44647.2,0.17172966678027388,8482.967999999999,3.2628636688252035,695.4451470789156,743.0807588452291,False,True,0.17172966678027388
25000.0,1734724800,2,260327.36442236026,175993.496,0.6760468550454215,28198.5924,10.831973988815886,124.06921222965532,109.53518011786201,True,True,0.5032290642617809
25000.0,1734782400,3,259346.15042236025,304123.11,1.1726532647765076,49961.0025,19.26421595949491,62.03956874361661,51.157385291918246,True,True,0.505132988427443
25000.0,1735099200,1,253012.99315992353,77110.0,0.30476695697307765,14650.9,5.790572182488475,259.76433661823665,242.49564846056128,True,False,0.30476695697307765
25000.0,1735286400,3,257884.99315992353,240845.5,0.9339259995274066,39016.345,15.129358448478852,78.20596200240286,65.65989172641333,True,False,0.3312930269929218
25000.0,1735401600,3,260189.09415112363,256636.296,0.9863453225712063,38495.4444,14.795179838568094,75.11684424408443,61.10749670455768,True,False,0.3358876215973889
25000.0,1735574400,2,260274.13298827855,190599.84999999998,0.7323042355829638,28589.977499999997,10.984563533744456,105.70023168081491,89.24421314634972,True,False,0.39862528330724456
25000.0,1735675200,2,262523.87365481403,189701.35100000002,0.7226060942915749,28455.20265,10.839091414373621,107.29389839020958,90.71038651899279,True,False,0.3952091996647157
25000.0,1736179200,1,254098.16491320072,134994.6,0.5312694802267219,22949.082000000002,9.031581163854273,146.34905302081074,130.58271362747885,True,False,0.5312694802267219
25000.0,1736424000,2,276807.8649132007,146759.2,0.5301843574640469,25638.550000000003,9.262218762476111,157.67308946185997,144.4650696765608,True,True,0.48768339744367656
25000.0,1736481600,3,280785.9791547007,231510.83,0.8245099370593847,36104.0665,12.858215573544806,96.13117672077708,81.90022850278488,True,True,0.35201009786013493
25000.0,1736524800,4,281553.5731547007,320069.73600000003,1.1367987002038027,51174.432400000005,18.175735376614103,64.43219355205909,52.7481722645563,True,True,0.3510504196147859
25000.0,1736769600,2,290702.7514483492,126469.80000000002,0.43504851388539617,23274.738000000005,8.006370040888779,203.9747645183732,190.64218379607644,True,True,0.2963129848989572
25000.0,1737129600,1,307434.51764398714,56589.75,0.18407090535465379,11883.8475,3.8654890124477297,661.099885286931,691.0252125022338,False,True,0.18407090535465379
25000.0,1737201600,2,306428.26764398714,109980.8,0.3589120574469236,22008.022,7.182112201727174,323.3048360073239,338.159712294009,False,True,0.18467535790708056
25000.0,1737331200,2,304303.7769769121,112179.40000000001,0.36864281184558284,22527.688000000002,7.403026089192841,314.30084567365776,328.3537226703086,False,True,0.19940633206338373
25000.0,1737504000,2,306851.862945912,216055.40000000002,0.7041032696551807,37666.5365,12.275153273760436,118.21851908012326,105.74902454433153,True,True,0.5022030777996715
25000.0,1738022400,1,313780.7032403639,105648.51,0.33669537007529293,15847.276499999998,5.050430551129394,245.22120093470397,217.60350485992768,True,False,0.33669537007529293
25000.0,1738051200,2,314317.28324036393,202199.18,0.6432964102879916,32271.622000000003,10.26721205633523,120.29031283833966,104.35946901084918,True,False,0.33612058780493065
25000.0,1738238400,2,306397.7428209789,157368.12,0.5136073084322509,25604.147999999997,8.35650673019478,171.23394846872344,155.51492599571256,True,True,0.34480838216137893
25000.0,1738540800,1,304035.6983520069,38201.6,0.1256484031548522,5730.24,1.8847260473227831,918.6725112591739,1027.8288460937304,False,True,0.1256484031548522
25000.0,1738555200,2,306661.2983520069,77434.7,0.25250887678403794,11615.204999999998,3.787633151760568,448.265507585567,494.700908596976,False,True,0.12457261547281907
25000.0,1738627200,3,313326.0983520069,147091.25,0.46945099936983226,23323.5225,7.443849274820744,234.31195006146243,250.68636949467935,False,True,0.20104214213663035
25000.0,1738886400,1,306249.2804893679,103254.812,0.3371593619257,15488.2218,5.057390428885499,244.86578234062932,217.27651975337898,True,False,0.3371593619257
25000.0,1739160000,1,306923.5902783516,45689.4,0.1488624577816384,6853.41,2.232936866724576,772.660051355332,862.3480582027097,False,True,0.1488624577816384
25000.0,1740096000,1,306388.6081452816,42246.7,0.13788600123137637,6337.004999999999,2.0682900184706456,835.5726862767328,933.6490444469639,False,True,0.13788600123137637
25000.0,1740571200,1,304861.0277839776,133930.69199999998,0.4393171963420078,20089.603799999997,6.589757945130116,184.89214197703006,162.10077061886764,True,False,0.4393171963420078
25000.0,1740729600,2,315666.0407839776,179597.679,0.5689483688329515,26939.65185,8.534225532494272,152.28527965242293,137.9624504084142,True,True,0.4242796965659474
25000.0,1740931200,2,331482.99908970995,133902.0,0.40394831821755606,20085.3,6.059224773263341,273.59578962464207,296.74189490792764,False,True,0.17036167814059405
25000.0,1741060800,1,317745.19357642997,64086.4,0.2016911704585226,9612.96,3.0253675568778386,565.6559115349241,627.7433664062473,False,True,0.2016911704585226
25000.0,1741233600,2,322762.79357642995,137867.0,0.4271465074159894,22055.31,6.833287615221153,259.6520986581147,278.81561560676107,False,True,0.21304500199065535
25000.0,1741320000,1,316766.09704466996,56646.0,0.17882595558202005,9629.820000000002,3.040041244894341,653.2565534772709,712.2705858481798,False,True,0.17882595558202005
25000.0,1741780800,1,311150.34502562997,47612.549999999996,0.15302104195345845,7141.882499999999,2.295315629301877,751.182229760925,838.0065270623815,False,True,0.15302104195345845
25000.0,1741953600,2,313874.54502563,92054.75,0.293285172241295,15476.932499999999,4.930929489276107,389.66586182170835,421.2867632586477,False,True,0.1516929319518794
25000.0,1742025600,3,312194.99502563,149740.15,0.47963661296910576,24109.942499999997,7.7227190967685635,229.3119292393352,244.65489718968053,False,True,0.1901534327772499
25000.0,1742529600,1,309391.35082954395,40293.0,0.13023311702788687,6849.81,2.213962989474077,904.6431899275875,990.4717968531969,False,True,0.13023311702788687
25000.0,1743480000,1,311889.83264980395,35974.8,0.11534457437858583,6835.212,2.191546913193131,1046.8734858221192,1122.6233646878886,False,True,0.11534457437858583
25000.0,1743494400,2,312599.93264980393,77033.69999999998,0.24642903581907827,13022.450999999997,4.165852145140622,468.00755543733266,507.7284489771862,False,True,0.1290748838554662
25000.0,1743782400,1,308909.69099950395,44714.700000000004,0.14475007195572834,6707.205000000001,2.171251079335925,795.1128744462216,887.7945910390512,False,True,0.14475007195572834
25000.0,1743811200,2,308153.69099950395,82057.5,0.26628757790907687,14594.553,4.736127921318163,435.1412902248458,467.3784699745162,False,True,0.14510519038395028
25000.0,1744027200,1,297609.39947033895,34486.200000000004,0.11587738848764771,5172.93,1.7381608273147156,997.624862290488,1117.308177262553,False,True,0.11587738848764771
25000.0,1744041600,3,298050.39947033895,102568.8,0.34413240237984427,17140.788,5.75096964488578,328.8261132312653,354.1144408700487,False,True,0.1287829174804372
25000.0,1744070400,4,301326.44947033894,154701.35,0.5134011643250322,26929.3455,8.936933862704537,214.7552627385907,226.37260930633025,False,True,0.1621381066477179
25000.0,1744473600,1,306961.3186323339,61102.6,0.19905635104853805,9165.39,2.985845265728071,573.3768306621282,636.4937414170786,False,True,0.19905635104853805
25000.0,1744617600,2,306052.5186323339,111589.67,0.36460954642250326,16738.4505,5.469143196337549,305.0188175306844,332.35465986810897,False,True,0.19964743395365941
25000.0,1744632000,3,302202.16863233387,167584.81999999998,0.5545453917767464,25137.722999999998,8.318180876651198,194.5033991337387,207.1038523515705,False,True,0.20219113673647668
25000.0,1744689600,5,305799.1006439019,281018.41000000003,0.9189641480575883,47776.639500000005,15.623538263977801,110.62446515938356,111.7575645163375,False,True,0.19570201440745605
25000.0,1744948800,1,297076.0725190271,43004.0,0.14475753511668524,6450.599999999999,2.171363026750279,795.0709715622271,887.7471011038573,False,True,0.14475753511668524
25000.0,1745611200,1,296732.4402347071,54071.950000000004,0.18222459922895723,8110.7925000000005,2.7333689884343584,627.9686227108339,698.3644390722783,False,True,0.18222459922895723
25000.0,1746633600,1,292736.44186922756,40478.4,0.13827591720911425,6881.328,2.3506905925549426,850.8334115223718,930.9223087514248,False,True,0.13827591720911425
25000.0,1747814400,1,306235.2063953556,63475.0,0.20727531869099514,10790.75,3.523680417746917,560.7832633004276,609.9334780524733,False,True,0.20727531869099514
25000.0,1748016000,1,304431.2852571056,37740.24,0.12396965038638097,5661.035999999999,1.8595447557957143,931.3518167629894,1042.1987256647215,False,True,0.12396965038638097
25000.0,1748836800,1,302340.818335568,41383.1,0.13687566312686533,7035.127,2.326886273156711,859.7470696031119,940.7867570274437,False,True,0.13687566312686533
25000.0,1749153600,1,305227.132803432,45894.5,0.15036179640542086,7802.0650000000005,2.5561505388921546,780.7982550956168,853.4167356391492,False,True,0.15036179640542086
25000.0,1749283200,2,307396.932803432,91151.20000000001,0.29652605563988355,14633.966,4.760608984136428,382.61049373979193,416.31799004062407,False,True,0.1493004487112033
25000.0,1749715200,1,306925.405137451,37995.880000000005,0.12379516118251675,5699.3820000000005,1.8569274177377513,932.6894300968822,1043.7146874431332,False,True,0.12379516118251675
25000.0,1750320000,1,308366.7858400102,48372.48,0.1568666997265298,7255.872,2.353000495897947,732.3340335856748,816.6452380637647,False,True,0.1568666997265298
25000.0,1750593600,1,308239.05945589504,61022.54,0.1979714709346611,9153.381,2.9695720640199164,576.615630987761,640.1643817861292,False,True,0.1979714709346611
25000.0,1750723200,2,309984.43945589504,116902.92000000001,0.3771251234584409,17535.438000000002,5.656876851876613,294.3105687793266,320.21864461657026,False,True,0.19685678451186372
25000.0,1751414400,1,312109.10640627344,48854.049999999996,0.15652875548080458,7328.107499999999,2.3479313322120685,733.953236356462,818.4803345373234,False,True,0.15652875548080458
25000.0,1751486400,2,312767.73640627344,97100.68,0.31045619064068003,16468.622,5.265447833342978,367.4706087822706,396.1421848007292,False,True,0.15619913537546096
25000.0,1751644800,2,310279.27581754146,89182.4,0.28742622195767714,16107.888000000003,5.191416009837597,402.5636022277392,430.55382499617497,False,True,0.15337150660356685
25000.0,1751976000,1,313419.2128589895,45706.0,0.14583024308903358,9598.26,3.0624351048697056,841.4288816164886,880.9717553027014,False,True,0.14583024308903358
25000.0,1752148800,2,316775.2128589895,104739.6,0.33064329451377933,20881.764000000003,6.591981680490699,352.85128137457474,369.9209759046746,False,True,0.17576375214933418
25000.0,1752163200,3,319293.4128589895,164514.44,0.5152453303903736,29967.237999999998,9.38548582373496,215.0369316925591,225.44306980711602,False,True,0.17932296030574993
25000.0,1752638400,1,354940.3043880069,66565.15,0.18753900071949442,12647.378499999999,3.563241013670394,634.8424950908941,677.6298946981656,False,True,0.18753900071949442
25000.0,1752724800,2,355955.3043880069,129197.15,0.36295891199634833,23315.1185,6.550012940553204,314.1611293017238,334.0177053833432,False,True,0.18700423671012656
25000.0,1752897600,1,354255.9513425068,46645.0,0.1316703355955819,8862.55,2.501736376316056,914.1635900861561,979.2966772930483,False,True,0.1316703355955819
25000.0,1753315200,1,353321.39437215676,53745.0,0.1521136304114941,10211.55,2.890158977818387,788.1522010595457,843.2043771443093,False,True,0.1521136304114941
25000.0,1753646400,1,354743.7657221567,110179.2,0.31058812203706165,16526.879999999997,4.658821830555924,266.93027337137784,237.57585150166761,True,False,0.31058812203706165
25000.0,1754107200,1,358901.9809207488,38677.0,0.1077647994607767,7348.63,2.0475311897547575,1122.1565339044093,1203.929056616762,False,True,0.1077647994607767
25000.0,1754208000,2,358754.9809207488,197864.14,0.5515300149761807,31220.821000000004,8.702547047534061,152.73676597860114,135.61428040065684,True,True,0.44413080925334364
25000.0,1754380800,2,358989.96096117876,305957.25,0.8522724401005918,51704.0855,14.402654982764625,85.91531847623456,73.86669829492291,True,False,0.4438400995208622
25000.0,1754481600,2,363637.6835134804,255704.98700000002,0.7031861619218592,44015.44205,12.104202629584814,106.64012542507079,93.76788158253024,True,False,0.39947028755784875
25000.0,1754654400,2,348229.86505633086,238779.98,0.6856964435298337,40768.181,11.7072615220424,109.98522864771442,96.66970239509386,True,False,0.35545371727372377
25000.0,1754755200,2,345446.0852775128,231942.109,0.6714278114156952,39828.40435,11.529557302119663,112.45431933004544,99.14907103910582,True,False,0.35831814362742637
25000.0,1755014400,1,344428.004892321,110840.45,0.3218102141103543,21059.6855,6.114394068096732,245.16147626877984,228.59372540787848,True,False,0.3218102141103543
25000.0,1755345600,1,351397.38435219607,178792.888,0.5088054036873557,26818.9332,7.632081055310334,157.85982014938546,137.23103453743462,True,False,0.5088054036873557
25000.0,1756252800,2,357342.60957770917,167155.27000000002,0.4677731273008173,25073.290500000003,7.01659690951226,185.79627072995532,169.08714578860068,True,True,0.3428392436736774
25000.0,1756324800,3,356832.58957770915,285909.89,0.8012437718717282,42886.4835,12.018656578075925,99.47118585326888,85.07432397708972,True,True,0.3433292630165446
25000.0,1756555200,2,362303.57297895674,245579.064,0.6778267792966637,36836.859599999996,10.167401689449955,115.24375439960383,98.02425404763551,True,False,0.3543866899912065
25000.0,1756843200,1,360627.13569035986,110277.045,0.30579242127438133,16541.55675,4.58688631911572,271.32106346564404,241.61537838839254,True,False,0.30579242127438133
25000.0,1756958400,2,359499.7806903599,164737.68000000002,0.45824139220237786,24710.652000000002,6.8736208830356675,193.01949689965326,177.57638215893667,True,True,0.3067513554201095
25000.0,1757044800,3,359574.75069035986,283926.25,0.7896167610625615,42588.9375,11.844251415938423,102.20756643117592,88.08922287251583,True,True,0.32470967379059146
25000.0,1757073600,5,366430.2206903598,499783.01,1.3639241028166333,76070.015,20.759754710373777,51.923299300371916,40.450327568073675,True,True,0.3186347451911236
25000.0,1757217600,4,362134.20259841636,390772.63,1.0790823600645694,59734.422999999995,16.49510666802209,69.57407367521449,57.234859174491035,True,True,0.3224147268118623
25000.0,1757318400,3,352718.1509813453,276423.42000000004,0.7836949111661102,41463.513,11.755423667491652,103.00027128505297,88.80515541718732,True,True,0.3177387375392749
25000.0,1757390400,2,350039.2132414361,226211.38,0.6462458245898666,33931.706999999995,9.693687368847996,121.51293731723732,103.79190233185831,True,False,0.3223644544137676
25000.0,1757433600,3,353972.1932414361,338661.9,0.9567471865480878,50799.28499999999,14.351207798221312,77.8441908765404,63.61665560641715,True,False,0.32879277587948147
25000.0,1757563200,4,341437.19324143603,461353.30000000005,1.3512098539123396,71406.12299999999,20.913399129750786,50.68536727532194,39.2061993689324,True,False,0.34086356818691177
25000.0,1757592000,4,347866.65855948604,451725.2,1.2985584817774478,74410.964,21.39065707191813,51.97432019888411,41.6067748373544,True,False,0.3345635378853019
25000.0,1757721600,2,328914.32791039714,351663.15,1.069163366138918,63236.0305,19.225684360344058,64.03442327608964,54.82486075902969,True,False,0.5442097981476889
25000.0,1757779200,3,333579.22791039717,536510.65,1.6083454996907431,90845.8875,27.23367640997183,38.691449901468054,29.740556376339917,True,False,0.568118108513954
25000.0,1758038400,1,360233.39184012724,119095.0,0.330605109625303,17864.25,4.959076644379545,249.97883811434951,221.98053106520157,True,False,0.330605109625303
25000.0,1758067200,2,361338.39184012724,245519.4,0.6794722220068691,39378.498,10.897955736024546,113.00886952845374,97.73844082060391,True,False,0.35293620296075506
25000.0,1758096000,3,362460.89184012724,355822.89999999997,0.9816863226086882,57031.833,15.734616970802843,73.97978863430573,61.49242599959188,True,False,0.35184319983478424
25000.0,1758110400,4,363830.39184012724,466644.65,1.2825884270961372,73631.7475,20.237932056086986,53.71299684438413,42.373867025391114,True,False,0.350518821022622
25000.0,1758124800,5,356021.79184012726,584753.25,1.6424647687369243,91424.92550000001,25.679586922885516,39.131234329542075,28.707285247598335,True,False,0.35820672476494775
25000.0,1758182400,5,337842.3400686872,597097.85,1.7673860827467722,92202.0395,27.291439989805383,35.636201936267284,25.26458637473737,True,False,0.37748199344721506
25000.0,1758340800,3,347356.2749065992,341981.5,0.9845266221027836,51297.22499999999,14.767899331541752,75.27970141446102,61.25732530130412,True,False,0.33896321588449624
25000.0,1758398400,3,349879.8033124492,334647.2,0.9564633249240563,50197.079999999994,14.346949873860842,77.87116475070103,63.64147157064496,True,False,0.33651842399961307
25000.0,1758470400,3,352156.1165637492,327797.85,0.9308310564035318,51315.2775,14.571741079133188,79.35384381110602,65.9447044118805,True,False,0.33434319173236876
25000.0,1758715200,2,375268.0356404132,224708.71000000002,0.5987952307649216,35707.4745,9.515192105041255,130.39149690038298,113.6015984927022,True,False,0.3321634089812051
25000.0,1758758400,2,376370.2721428132,256528.47000000003,0.6815853668237131,39812.614,10.578044268303199,113.57104239478761,97.37341189235275,True,False,0.35426376594750414
25000.0,1759075200,1,382550.7702735861,118241.20000000001,0.30908629439025387,20101.004000000004,5.254467004634316,261.99507872058047,238.82739368246337,True,False,0.30908629439025387
25000.0,1759089600,2,379822.7702735861,249893.8,0.6579221140954811,39903.454,10.505808793732289,117.29556149403201,101.59494001806722,True,False,0.33943357294544424
25000.0,1759118400,3,383747.6202735861,376124.15,0.9801341562244711,60111.398499999996,15.664305216314993,74.18841102849417,61.62147956170026,True,False,0.33916874821844667
25000.0,1759348800,1,362802.5585284201,182800.80000000002,0.5038575271945893,27420.120000000003,7.557862907918841,159.53808903910235,138.77504191597413,True,False,0.5038575271945893
25000.0,1759622400,2,367323.9575526601,397395.73,1.081867168827475,59609.3595,16.22800753241213,67.33286020716407,53.94623139059096,True,False,0.5686760847066543
25000.0,1759939200,1,380403.23594320123,214674.44999999998,0.5643339217862318,32201.167499999996,8.465008826793476,141.04352303775048,121.76004119473043,True,False,0.5643339217862318
25000.0,1759968000,2,382485.13594320125,284997.25,0.7451198052368808,42749.587499999994,11.176797078553209,111.01546404773872,97.24775868059206,True,True,0.5612622029627812
25000.0,1760126400,5,410247.13594320125,479785.25,1.169502984821389,77147.22449999998,18.805061081689313,73.67333466366368,65.63035546648274,True,True,0.5232808012332393
25000.0,1760140800,5,416473.05288723926,528358.15,1.268649067057536,84516.1635,20.293308994203493,67.20989676405404,59.28157734350228,True,True,0.5154581995443615
25000.0,1760356800,5,448294.6121111158,621759.18,1.386943235993853,98938.77,22.07003326095668,59.02149251113764,50.36425208335834,True,True,0.5137433593400292
25000.0,1760385600,3,458400.14550765825,424344.94,0.9257085630504249,63651.741,13.885628445756375,91.6961242012816,81.0667741932879,True,True,0.5024177724571695
25000.0,1760400000,3,457538.1040239423,407456.02,0.8905400805233883,61118.403,13.358101207850824,95.48736656022297,84.62665738107398,True,True,0.503364371129947
25000.0,1760788800,1,458783.35928884085,87275.1,0.19023161636743965,13091.265000000001,2.8534742455115953,600.7940871334581,667.5666320845859,False,True,0.19023161636743965
25000.0,1760932800,2,465530.25928884087,181599.5,0.39009172094939065,28991.475,6.2276241815705635,286.0523123137469,308.46662337641595,False,True,0.18812418366485184
25000.0,1762516800,1,460972.7435688378,57500.1,0.1247364422348182,10925.019,2.3699924024615457,966.2843625947485,1035.5871116023284,False,True,0.1247364422348182
25000.0,1762948800,1,466445.8265851128,56022.3,0.12010462267428512,9523.791000000001,2.0417785854628474,982.6595420191059,1076.8098931678103,False,True,0.12010462267428512
25000.0,1763136000,1,458667.5163725028,82059.25,0.17890791710951753,13950.0725,3.041434590861798,652.9478995286689,711.9290088117269,False,True,0.17890791710951753
25000.0,1763524800,1,455095.3356917978,186563.245,0.40994321490111996,27984.48675,6.149148223516799,199.0749776089384,175.14897940022334,True,False,0.40994321490111996
25000.0,1763654400,2,469451.9856917978,261830.245,0.5577359410124967,39274.53675,8.366039115187451,156.87443579596086,143.01903569077265,True,True,0.39740644557094607
25000.0,1763755200,3,470405.88569179777,335773.445,0.7137951611855325,55338.516749999995,11.763993273302045,125.54438226226958,115.20308554863075,True,True,0.3966005755341105
25000.0,1764705600,1,482279.85276386904,94726.1,0.19641313950217867,14208.915,2.94619709253268,581.3304796533424,645.5078769404546,False,True,0.19641313950217867
25000.0,1764763200,2,482489.4527638691,177081.10000000003,0.36701548393569494,26562.165,5.505232259035423,302.90360994373833,329.9574246029034,False,True,0.19632781495507443
25000.0,1766174400,1,475611.94050545304,67687.4,0.1423164437967342,10153.109999999999,2.134746656951013,809.0111662200978,903.5459883827775,False,True,0.1423164437967342
25000.0,1766246400,2,476132.240505453,143122.26,0.3005935070644746,21468.339,4.508902605967118,373.7355095241468,410.2335774606996,False,True,0.15733981786335685
25000.0,1766980800,1,474677.38901574025,73415.86,0.154664750626168,11012.378999999999,2.3199712593925197,743.0114515819081,828.7463117928291,False,True,0.154664750626168
25000.0,1767369600,1,472557.027911266,74461.0,0.15757040018878282,12658.37,2.678696803209308,744.1409174840392,812.8492820156699,False,True,0.15757040018878282
25000.0,1767470400,2,475535.277911266,135190.45,0.2842911057909489,24137.400500000003,5.0758380337250175,406.47049265519354,435.6694972771287,False,True,0.15658354586658926
25000.0,1767542400,3,477978.92791126604,229394.34,0.4799256339655745,38371.145,8.027790088504355,230.1331955584064,244.4874870125485,False,True,0.1919754923108969
25000.0,1767744000,1,484137.4597343988,94030.7,0.19422314491340104,19746.447,4.078686043181421,625.1540454130957,653.1622611684608,False,True,0.19422314491340104
25000.0,1767787200,2,481182.6597343988,154134.55,0.3203244067129903,28584.7365,5.940516750079498,360.4927085251296,382.9113565469467,False,True,0.19541581164188807
25000.0,1770364800,1,478917.5511675432,104583.15,0.21837401812700097,21962.461499999998,4.58585438066702,553.0758675141558,577.2399137815773,False,True,0.21837401812700097
25000.0,1770408000,2,486667.00116754323,216596.84999999998,0.4450617146434239,41314.7685,8.489330158174562,254.07744411544044,266.2505871576884,False,True,0.21489673585654825
25000.0,1770422400,3,487538.8011675432,295713.45,0.6065434162200718,56342.0325,11.556420199802313,180.137116273518,186.4915460862729,False,True,0.21451246495570694
25000.0,1770451200,4,474843.25116754323,376352.9,0.7925834453256408,67872.627,14.293690988155559,131.92760114276197,134.89290722175673,False,True,0.22024773384238114
25000.0,1770868800,1,475393.24817285384,71812.0,0.1510580982712843,15080.519999999999,3.1722200636969697,811.388541551981,849.3292637680867,False,True,0.1510580982712843
25000.0,1771761600,1,489298.82371593383,75898.35,0.15511655929110382,11384.7525,2.326748389366557,740.7958782889666,826.2353287274955,False,True,0.15511655929110382
25000.0,1771905600,2,483937.9737159338,136912.74,0.2829138183736874,20536.911,4.243707275605312,398.1935653630736,437.95270741148346,False,True,0.1568348716617793
25000.0,1772193600,1,484508.18437122356,74106.5,0.15295200863566963,12598.105000000001,2.6001841468063844,767.2287325514242,838.3997973569094,False,True,0.15295200863566963
25000.0,1772251200,2,479841.18437122356,128896.8,0.26862387847951064,20723.309999999998,4.318785188719368,424.4273475610554,463.0236327265673,False,True,0.15443964047627134
25000.0,1772798400,1,493408.1868915085,76985.15,0.1560273056776977,13087.4755,2.652464196520861,751.7029612580166,821.2179437922051,False,True,0.1560273056776977
25000.0,1773849600,1,490247.45075503405,63432.600000000006,0.12938894409814258,9514.890000000001,1.9408341614721387,891.6041885959806,997.1514137421116,False,True,0.12938894409814258
25000.0,1773921600,2,488881.25075503404,127751.4,0.2613137644421814,19162.71,3.9197064666327215,432.5667256461368,476.90895573228846,False,True,0.13435778095100867
25000.0,1774296000,1,489492.8931940281,72199.0,0.14749754491610428,10829.85,2.2124631737415643,779.9733957436727,870.6365151761623,False,True,0.14749754491610428
25000.0,1775044800,1,487719.0962856181,65400.700000000004,0.13409501595914555,9810.105,2.011425239387183,859.6939667323549,960.9864956300021,False,True,0.13409501595914555
25000.0,1775102400,2,485864.8962856181,136954.1,0.2818769189686239,20543.115,4.228153784529359,399.72325746201534,439.68635845695064,False,True,0.1510864451438924
25000.0,1775520000,1,486445.5820810731,65518.90000000001,0.1346890637174712,9827.835000000001,2.0203359557620675,855.8244434382301,956.601035896661,False,True,0.1346890637174712
25000.0,1775649600,3,490507.4820810731,254696.9,0.519251814303421,40091.134999999995,8.17339927821398,209.88082360279233,223.44638252033334,False,True,0.1923110318313325
25000.0,1776456000,1,489552.784082114,93589.04999999999,0.19117254164017183,14038.357499999998,2.867588124602577,597.7502038490917,664.1168976956372,False,True,0.19117254164017183
25000.0,1778673600,1,483935.384138275,66421.95,0.1372537577889143,9963.2925,2.0588063668337147,839.5029436154676,938.1033360975301,False,True,0.1372537577889143
25000.0,1781985600,1,482891.612655556,66392.1,0.13748861703124493,9958.815,2.062329255468674,838.0387525829055,936.4439195939597,False,True,0.13748861703124493
25000.0,1785297600,1,485378.742802384,69208.65000000001,0.14258689946003147,14533.8165,2.994324888660661,861.1730409794187,901.7689364983212,False,True,0.14258689946003147
25000.0,1787212800,1,484610.34084198496,91539.0,0.1888919659472305,13730.85,2.833379489208458,605.180165370832,672.5375207536096,False,True,0.1888919659472305
25000.0,1787227200,2,484788.84084198496,186900.34999999998,0.3855293980682188,33746.023499999996,6.960973656363386,294.5021715347918,312.51145567998134,False,True,0.19633878089001738
100000.0,1653897600,1,100000.0,16104.0,0.16104,2415.6,2.4156,712.8985126092165,794.6183142904454,False,True,0.16104
100000.0,1654012800,2,99532.0,34215.0,0.3437587911425471,5503.83,5.529709038299241,327.4968244066682,354.53553509669246,False,True,0.18666358558051682
100000.0,1654488000,2,98457.86518354001,31728.4,0.3222535847273712,4759.26,4.833803770910568,347.42896949454087,380.41949876047954,False,True,0.16280822227983693
100000.0,1654588800,2,95783.796955484,30522.75,0.31866297818811257,4578.412499999999,4.779944672821688,351.5425454802382,385.0815515442699,False,True,0.1673534617493803
100000.0,1654603200,3,96405.246955484,43304.2,0.4491892440252355,6495.629999999999,6.737838660378531,244.2627272819455,263.49775758620495,False,True,0.1662746635294849
100000.0,1654646400,4,95688.396955484,58961.75,0.6161849490218766,9171.7505,9.585018447186306,173.76309966720126,183.05191519470165,False,True,0.171122105929078
100000.0,1654704000,4,95960.218193574,61922.0,0.6452882367888012,10311.932,10.746048929566255,165.95267069513258,173.29267614864722,False,True,0.18122093016629393
100000.0,1655035200,1,94696.26364144198,13440.6,0.14193379425075842,2016.09,2.129006913761376,811.239813711415,906.071788872937,False,True,0.14193379425075842
100000.0,1655164800,1,92744.26269121199,10407.6,0.11221826232692857,1561.14,1.6832739349039283,1030.7300625471883,1154.8274042201467,False,True,0.11221826232692857
100000.0,1655193600,2,92798.26269121199,20312.1,0.21888448566746238,3440.835,3.7078657511611453,529.6427250192086,575.8159762979504,False,True,0.11215296168454673
100000.0,1655366400,4,93592.06269121199,54310.5,0.5802895933513771,8540.667,9.125418069028136,185.82413375030666,196.43700006741972,False,True,0.18115425082507544
100000.0,1655539200,2,92315.09785613898,35005.36,0.37919431179666063,5250.804,5.68791467694991,292.60827772438944,318.28938142097473,False,True,0.19511174681381993
100000.0,1655668800,3,92931.77712612499,53355.56,0.5741368738444224,8370.942000000001,9.007620707219598,187.9772217386063,198.89932652098486,False,True,0.197783799776631
100000.0,1655798400,3,97600.27493466338,59889.4,0.6136191731026558,9429.286,9.66112647358038,174.73402643256688,183.95670449119737,False,True,0.20548712607035005
100000.0,1655841600,4,96807.07493466338,76042.6,0.7855066383456204,11857.502,12.248590310163605,132.3509281463797,136.4084954743146,False,True,0.20717080867835164
100000.0,1655928000,3,92237.13214878738,47320.200000000004,0.513027659225874,7098.030000000001,7.695414888388111,211.67207574526032,226.56168584462836,False,True,0.21743520784718656
100000.0,1656129600,2,98706.57542947539,32323.6,0.32747159811146326,5762.6759999999995,5.838188565378159,349.9272067096589,373.8266588683414,False,True,0.15435243228436837
100000.0,1656144000,3,97978.47542947538,46654.3,0.47616887071876957,7902.195,8.065235721786646,232.44229037229172,246.67937126045652,False,True,0.15549945978661955
100000.0,1656201600,3,98263.93809931539,44593.4,0.4538124653108187,7588.3859999999995,7.72245255663417,245.03585405835918,260.4737864028171,False,True,0.15504772447244455
100000.0,1656662400,1,96325.15304532339,13093.65,0.1359317850638567,1964.0475,2.0389767759578503,847.8389551228213,947.550815805864,False,True,0.1359317850638567
100000.0,1657036800,1,97143.65095822838,13350.0,0.13742534759930405,2002.5,2.0613802139895605,838.4327028704857,936.8903965865507,False,True,0.13742534759930405
100000.0,1657296000,2,98843.59839622838,41220.85,0.417031053794303,6605.7445,6.683027132945878,266.46705986849696,286.38706187517045,False,True,0.21378066301566676
100000.0,1657569600,1,99016.31242793339,13972.0,0.14110806247373817,2375.2400000000002,2.398837062053549,833.3454553507478,911.5689705881609,False,True,0.14110806247373817
100000.0,1657800000,2,101570.31242793339,31486.0,0.3099921546696047,5053.42,4.975292365656082,365.1436690173013,396.78507877758744,False,True,0.14728713186359926
100000.0,1657915200,2,103762.51149313338,28842.300000000003,0.2779645517919897,4326.344999999999,4.169468276879845,405.5977688535216,446.3441380339912,False,True,0.14417538458473028
100000.0,1657958400,3,103404.51149313338,44098.799999999996,0.4264688200081908,6614.82,6.397032300122863,258.21615392264476,279.3116411123308,False,True,0.15100404977046758
100000.0,1658016000,4,106933.41149313338,64065.299999999996,0.5991139635913878,9938.546999999999,9.294145638136863,179.19948845468966,189.21753584365405,False,True,0.15371809213302357
100000.0,1658073600,4,106493.24510193338,62538.98,0.5872577170518077,10649.52,10.000183570147078,184.70750148861325,193.7106534237972,False,True,0.15435345203600687
100000.0,1658088000,5,105718.87510193339,78252.61,0.7401952577016109,12992.218499999999,12.289402897517585,142.08719020929163,146.79931672896004,False,True,0.15596079682178218
100000.0,1658188800,5,112549.45438510938,86036.12999999999,0.7644295609431477,14209.2345,12.624880838053999,136.91280849679686,141.08866726123765,False,True,0.1464956013343536
100000.0,1658952000,1,116097.19072805156,16424.28,0.14147008981873274,2463.642,2.122051347280991,813.9567026095195,909.150929624122,False,True,0.14147008981873274
100000.0,1659009600,2,119126.11072805156,33919.2,0.28473354659779704,5087.88,4.271003198966956,395.5359335890676,434.9407247342766,False,True,0.1378730481472224
100000.0,1659067200,3,119558.05072805156,49643.44,0.41522456829711685,7752.362000000001,6.484182330501217,266.8961842616023,287.7780447340785,False,True,0.13737493962124642
100000.0,1659096000,4,119833.55072805156,64413.14,0.5375217508674027,9965.832999999999,8.316396317602495,201.78723940938266,214.71864431812423,False,True,0.1370591115778002
100000.0,1659268800,2,118653.77711095597,36066.2,0.30396166795662677,6673.854,5.624645217791188,380.9832774524224,405.31846848649053,False,True,0.17753669974029773
100000.0,1659960000,1,117073.65773744196,21765.0,0.18590860164984166,3264.75,2.788629024747625,615.174971891958,683.8649681442191,False,True,0.18590860164984166
100000.0,1660219200,1,116863.34379179197,17070.4,0.14607146643359148,2901.9680000000003,2.4832149293710555,804.3330115272598,879.4618660901674,False,True,0.14607146643359148
100000.0,1660449600,2,117743.34379179197,33933.25,0.28819675836627234,5448.995500000001,4.6278586326166975,394.23306055558504,429.31355447058354,False,True,0.1449797453534694
100000.0,1661356800,1,115908.03416769246,18273.059999999998,0.15765136671684943,2740.9589999999994,2.3647705007527415,728.6012057717913,812.4146998746969,False,True,0.15765136671684943
100000.0,1662753600,1,113936.40946890946,24147.760000000002,0.211940679125836,3622.164,3.1791101868875398,537.4472218439331,595.7735180897909,False,True,0.211940679125836
100000.0,1662998400,1,113393.54482214866,19681.92,0.17357178515646524,2952.2879999999996,2.6035767773469782,660.1535336948755,734.8406715208589,False,True,0.17357178515646524
100000.0,1663041600,2,113473.10482214866,40771.93,0.35930919546004864,6956.2075,6.130269821119962,314.992226832204,337.7491076896896,False,True,0.1851579723048082
100000.0,1663531200,1,110012.52812599015,17522.399999999998,0.15927640513753796,3679.7039999999993,3.3448045078882966,768.1511182936487,803.7858446026431,False,True,0.15927640513753796
100000.0,1663761600,2,111801.02812599015,40077.15,0.35846852816806385,8000.8765,7.156353241209643,323.6041481750994,338.6193566691249,False,True,0.18574292515984933
100000.0,1663790400,2,111368.07360199816,40649.75,0.36500361984595436,8128.4485,7.298724164924552,317.45231691295675,331.95984756609215,False,True,0.18646501935746346
100000.0,1663905600,3,121046.92360199816,65441.100000000006,0.5406258833571855,12362.54,10.213014616255748,204.76136429096448,213.29439470913167,False,True,0.17155537193393988
100000.0,1664294400,1,117759.35135139515,15998.400000000001,0.1358567265903207,3359.664,2.8529912583967345,905.1513327867212,948.0927372020129,False,True,0.1358567265903207
100000.0,1664524800,1,117616.70065630715,23367.949999999997,0.1986788429670757,4439.910499999999,3.774898016374438,597.9319208220543,637.7664744878186,False,True,0.1986788429670757
100000.0,1664568000,2,117741.75065630715,48677.25,0.41342386815778565,9752.3625,8.282841426799855,277.43018693710326,289.17667057008396,False,True,0.21389396590096427
100000.0,1664784000,1,116144.9717742111,16137.8,0.13894531767911839,3066.182,2.6399610359032493,865.0711011766953,926.2767892708309,False,True,0.13894531767911839
100000.0,1665100800,1,116755.03838747909,18337.5,0.15705960319367707,3850.875,3.298251667067219,779.3683027446289,815.601278891009,False,True,0.15705960319367707
100000.0,1665259200,2,117797.53838747909,37753.2,0.3204922659403624,6825.78,5.794501390638163,358.81350073002886,382.6933465683407,False,True,0.1559726990182413
100000.0,1665417600,2,118159.00396372906,33084.65,0.2800010908195867,5853.4365,4.95386411838476,412.41484689519643,442.8552877290185,False,True,0.1554955558498104
100000.0,1665432000,2,116847.11261909305,28332.300000000003,0.24247325727559696,5094.243,4.359750862314069,480.9045335377784,516.5554867017175,False,True,0.1270519199596738
100000.0,1665446400,3,116742.26261909306,44269.45,0.3792067157756096,8124.6145,6.959445806279266,300.50668820748416,318.2778797239573,False,True,0.1374138177563157
100000.0,1665691200,1,117025.40961832505,23043.05,0.19690638191444262,3456.4575,2.9535957287166394,579.8300654814004,643.8074075455871,False,True,0.19690638191444262
100000.0,1665720000,2,116535.50961832506,39266.3,0.3369470827270097,6892.734,5.914707047298249,338.6799452934072,362.3766762451094,False,True,0.19773415052176088
100000.0,1666123200,1,114791.01237301905,15243.9,0.13279698196635983,2286.585,1.9919547294953974,868.2696019431422,970.7055488688944,False,True,0.13279698196635983
100000.0,1666281600,2,113852.66237301905,31686.15,0.278308379791644,5100.534500000001,4.479943106898071,409.0637956944012,445.75153444231006,False,True,0.15265870501170536
100000.0,1666641600,1,114546.72180445105,16598.4,0.1449050635280164,2821.7280000000005,2.4633860799762792,810.9723001640095,886.8093455148371,False,True,0.1449050635280164
100000.0,1666771200,2,114172.32180445106,38248.2,0.33500413581419236,6061.71,5.3092640179309045,335.8881686212167,364.6717032590677,False,True,0.1929031454551831
100000.0,1666828800,2,114305.13916333104,42116.700000000004,0.3684584989640693,6716.676000000001,5.876092754152127,303.92200627697605,328.53464829337224,False,True,0.19267900079741415
100000.0,1667073600,2,113629.53935128904,41990.9,0.3695421123743528,6699.733,5.896119123820066,302.9931153914208,327.47353784205313,False,True,0.19304839327196616
100000.0,1667620800,1,114062.22732325154,17233.2,0.15108595022575907,2929.6440000000002,2.5684611538379047,776.9577252205784,849.1665492441065,False,True,0.15108595022575907
100000.0,1667764800,2,112350.42732325154,29855.82,0.2657383751118245,4788.801,4.262378981631992,429.0962013602476,468.4132935030269,False,True,0.15338793461298653
100000.0,1668038400,1,110268.28724009894,20132.25,0.1825751583151364,3019.8375,2.738627374727046,626.7289883299561,696.9595201072835,False,True,0.1825751583151364
100000.0,1668081600,4,112036.28724009894,90011.55,0.8034142528045497,14299.012499999999,12.762840372741517,129.08994727603593,132.62505347383967,False,True,0.24933350335088567
100000.0,1668254400,2,104595.55831929592,42610.18,0.4073803963063623,6391.527,6.110705944595434,271.142141369244,293.9610935518098,False,True,0.21778821554220412
100000.0,1668470400,1,103903.96837219181,19783.89,0.19040552839264638,2967.5834999999997,2.8560829258896954,600.2292172314523,666.9264461956458,False,True,0.19040552839264638
100000.0,1668787200,1,103582.8683822491,12965.4,0.1251693470406142,1944.81,1.8775402056092128,922.2560532807146,1031.890193718143,False,True,0.1251693470406142
100000.0,1669060800,1,103360.5007219051,14544.75,0.14071864879150633,2181.7125,2.110779731872595,818.3974870407462,914.1838186461791,False,True,0.14071864879150633
100000.0,1669132800,2,103359.27072190511,27971.22,0.27062129797005247,4195.683,4.059319469550786,417.0824310799167,459.360088557239,False,True,0.1407203233770254
100000.0,1669420800,1,107539.01324064612,15283.550000000001,0.14212098046500704,2292.5325000000003,2.131814706975106,810.1480945633866,904.8345071718384,False,True,0.14212098046500704
100000.0,1669435200,2,107413.96324064612,29400.0,0.2737074316318947,5264.49,4.901122573985692,423.2331251365565,453.80482195304364,False,True,0.14228643594277704
100000.0,1669651200,1,105954.62097127113,14016.45,0.1322872931025865,2102.4675,1.9843093965387975,871.6829445676215,974.5740038433044,False,True,0.1322872931025865
100000.0,1670270400,1,106115.58106253162,12919.050000000001,0.12174508088861223,1937.8575,1.8261762133291835,948.6922623615934,1061.8512306764726,False,True,0.12174508088861223
100000.0,1672632000,1,105780.29544760362,16347.425000000001,0.1545413059287342,2452.11375,2.3181195889310127,743.6190513372172,829.4349248488462,False,True,0.1545413059287342
100000.0,1672891200,1,109350.59649629712,23628.045000000002,0.21607605040179279,3544.2067500000003,3.241140756026892,526.82355050483,583.7333572388073,False,True,0.21607605040179279
100000.0,1673222400,1,109530.77466677815,24794.159999999996,0.22636706510503965,3719.1239999999993,3.3955059765755946,502.07103165459915,555.6805025418792,False,True,0.22636706510503965
100000.0,1673251200,2,110015.90466677815,45026.49,0.4092725514222562,7148.9175,6.4980763660063605,271.5775599578832,292.44794095439715,False,True,0.22536886893852145
100000.0,1673265600,4,111384.86466677814,89724.75,0.8055380797779204,14707.000499999998,13.203769240998625,128.8733197291904,132.1874988662967,False,True,0.22259900457907678
100000.0,1673352000,5,109487.45966677814,104969.645,0.9587366929461331,16980.70675,15.509270926259758,105.13452572179224,105.73856650561933,False,True,0.22645661955679938
100000.0,1673524800,2,111549.24982318832,44253.2,0.3967144563512865,8080.682999999999,7.244049612891458,286.0419329492286,302.7606284538017,False,True,0.21555546127036015
100000.0,1673611200,2,112881.12657770232,47966.4,0.4249284309452925,8663.993999999999,7.675325594873553,265.1673095476707,280.44499643556685,False,True,0.2130121370063441
100000.0,1673625600,3,113026.87657770232,69283.6,0.6129834079982718,11871.399000000001,10.503164698034276,176.19160355427292,184.18207017283999,False,True,0.21273745438298303
100000.0,1673654400,5,117535.32657770232,118488.17,1.0081068683777192,19779.0575,16.828181003882364,99.03469558365478,98.92777659035758,False,True,0.2045772169110695
100000.0,1674043200,3,118618.55334933827,68736.455,0.5794747369542377,10800.90825,9.105580826121459,186.0992968006093,196.76010272247,False,True,0.20672988590394742
100000.0,1674273600,1,117781.34364493824,25992.0,0.22068011109089627,3898.7999999999997,3.310201666363444,515.464231731656,570.8594626292103,False,True,0.22068011109089627
100000.0,1674288000,3,117496.94364493825,69107.05,0.5881604053364423,11206.6995,9.537864690221483,183.5744399249159,193.36219415132175,False,True,0.22121426476032197
100000.0,1674446400,3,118191.00458917825,67777.15,0.5734543862757367,11037.6705,9.338841427370884,188.85145763308995,199.17571450787028,False,True,0.19483208624921378
100000.0,1674633600,1,117444.27532192021,18970.6,0.16152852021097414,2845.5899999999997,2.4229278031646113,710.6890806388352,792.1142913906798,False,True,0.16152852021097414
100000.0,1674734400,2,118340.77532192021,36622.65,0.3094677206599001,5493.3975,4.642015809898501,362.5123276632492,397.5139713516824,False,True,0.16030484799845723
100000.0,1675036800,1,120821.65564546421,14462.0,0.11969708511888713,2169.2999999999997,1.7954562767833067,965.2261557303456,1080.5896431610583,False,True,0.11969708511888713
100000.0,1675281600,1,120080.6579054642,19164.75,0.15959897567423237,2874.7125,2.3939846351134855,719.4946322589141,802.0939165601027,False,True,0.15959897567423237
100000.0,1676217600,1,121038.08698796421,15886.800000000001,0.13125455297041957,2383.02,1.9688182945562935,878.6803916234137,982.5044438398688,False,True,0.13125455297041957
100000.0,1676390400,1,120836.21414396421,18782.399999999998,0.15543684592453927,2817.3599999999997,2.3315526888680886,739.2330626416484,824.4641376605348,False,True,0.15543684592453927
100000.0,1676534400,2,121545.71414396421,41167.05,0.3386960230554892,6608.560500000001,5.437098746379922,332.5873187946024,360.33333015591904,False,True,0.17832920027379146
100000.0,1676952000,1,120574.52662846421,39142.5,0.3246332462959848,6654.225,5.518765187031741,248.75207043399766,226.4319379262218,True,False,0.3246332462959848
100000.0,1677052800,2,123417.77662846421,77619.9,0.6289199345542114,12368.97,10.022032755650297,123.40282373638453,107.20220111436807,True,False,0.33480306588564884
100000.0,1677096000,3,123449.47662846421,119483.2,0.9678712560248336,19064.78,15.44338665556089,75.34191160958407,62.65562129468525,True,False,0.3393696040209871
100000.0,1677153600,4,123953.6766284642,160818.0,1.2974040332989236,27775.82,22.408226004666712,50.997353268767874,41.661593417883175,True,False,0.33798916772412546
100000.0,1677225600,4,124205.83955346422,167952.3,1.352209369574006,28995.652000000002,23.344837975608115,48.342816762808596,39.162435788477666,True,False,0.35434646356587074
100000.0,1677340800,4,131930.0800409643,173517.85,1.3152258373990429,29652.715500000002,22.47608391565656,50.34064077602043,40.826055666763644,True,False,0.4046325143092805
100000.0,1677369600,4,129364.4961197143,192575.75,1.4886290734807934,32718.040499999996,25.29136005733955,42.89796687481909,33.74072119452809,True,False,0.43326184294129944
100000.0,1677398400,5,129287.14611971428,242163.246,1.8730651365431747,40146.768899999995,31.052405521292762,31.57535068364104,22.71074104109565,True,False,0.4335210551256297
100000.0,1677571200,4,127811.53421338434,206358.908,1.6145562235054545,34228.7712,26.780659046666532,38.89757086670643,29.54921905804399,True,False,0.438526149810747
100000.0,1677643200,3,126434.93644354341,136673.348,1.0809777095196178,23654.7212,18.709007071445374,64.10618911360496,54.00707646002404,True,False,0.39158596027853115
100000.0,1677700800,3,126367.42892983368,125736.6,0.9950079784389382,22022.28,17.42718055316929,70.61852995219893,60.40136534936282,True,False,0.35771876014902393
100000.0,1677772800,4,128470.12892983368,162806.422,1.267270636031818,27558.0703,21.45095558754467,53.009916613442776,43.12779427329159,True,False,0.3518638953393516
100000.0,1677888000,4,135721.73550051375,152049.698,1.1203046987225156,23182.8437,17.081157719142375,64.22259855888043,51.40914439725557,True,False,0.2992004180483404
100000.0,1678161600,1,137314.7447752018,58179.00000000001,0.42369084321749234,8726.85,6.355362648262385,192.19230422332544,168.81691988545938,True,False,0.42369084321749234
100000.0,1678377600,2,141987.54477520182,73004.09999999999,0.5141584785875541,12120.488999999998,8.536304377394126,168.79997494939863,151.8124482902085,True,True,0.40974720770128414
100000.0,1678752000,1,146067.95368336188,25449.0,0.17422712756808348,4835.31,3.3103154237935866,685.1400388933854,731.9512420048561,False,True,0.17422712756808348
100000.0,1679169600,1,145785.37303627183,24792.1,0.170058898802088,4710.499,3.2311190772396716,702.5081019997949,750.7087501597787,False,True,0.170058898802088
100000.0,1679500800,1,148839.8807921508,37017.0,0.24870350475282108,7773.57,5.222773599809243,482.3863370068107,502.78027498050733,False,True,0.24870350475282108
100000.0,1679515200,2,149730.8807921508,66491.1,0.444070719735495,13391.469000000001,8.943692128939917,256.7615051640392,266.91914314778126,False,True,0.2472235507075205
100000.0,1679716800,2,151154.77468067277,69657.6,0.4608362530866628,14035.944,9.285809217507099,246.52058306331756,255.9957557742879,False,True,0.24489467883632218
100000.0,1680134400,2,152574.6556739387,51297.7,0.3362137687508619,10274.529999999999,6.7341000735779435,346.8774491925872,363.2397571403493,False,True,0.17301923365578406
100000.0,1680321600,3,154328.75028570415,74955.7,0.48568850496901433,13688.501,8.86970248554394,229.55227524879044,241.19104179438287,False,True,0.16380324439354774
100000.0,1680393600,3,155564.53203063813,75702.54999999999,0.48663116850498106,13772.6865,8.853359001708368,228.95552729683982,240.65925481706697,False,True,0.16614069841388882
100000.0,1680580800,1,152771.52964784714,20096.1,0.1315434888052991,4220.181,2.762413264911281,935.7023593270233,980.2731518244645,False,True,0.1315434888052991
100000.0,1681300800,1,153187.3573574341,25532.0,0.16667171782607257,4340.4400000000005,2.833419203043234,702.3877305749747,766.6424218363054,False,True,0.16667171782607257
100000.0,1681444800,2,154383.3573574341,56375.66,0.365166692608433,8990.909,5.8237553282274535,306.83383428021835,331.796718317643,False,True,0.1920392230579533
100000.0,1681776000,1,153786.3606455891,19914.524999999998,0.12949474138278327,2987.1787499999996,1.9424211207417488,890.86132975858,996.3095070597237,False,True,0.12949474138278327
100000.0,1681876800,2,153723.6056455891,42651.47,0.2774555659222129,6397.720499999999,4.161833488833192,406.3742017790162,447.22409534955176,False,True,0.14831619323687265
100000.0,1682179200,2,150568.61396099857,126000.85,0.8368334321828699,18900.127500000002,12.552501482743049,90.86790767922774,75.59847506488953,True,False,0.44368974544259626
100000.0,1682553600,1,151114.54278715307,26921.95,0.17815591738195535,4038.2925,2.6723387607293305,642.713037840009,715.074776218677,False,True,0.17815591738195535
100000.0,1683460800,1,150939.52299970808,53352.0,0.35346606998422264,8002.799999999999,5.301991049763339,232.96746627763122,206.3300689754207,True,False,0.35346606998422264
100000.0,1683720000,2,150569.71066594808,79554.87,0.5283590547404275,12933.0855,8.58943371996853,164.59907350232393,154.35517580779535,True,True,0.3320239494310594
100000.0,1683979200,1,151914.71144433247,47801.6,0.31466076949049393,8126.272,5.349233081338396,257.09621035524555,234.2420528925098,True,False,0.31466076949049393
100000.0,1684483200,1,151681.52870007648,22383.6,0.1475697152568895,3805.212,2.5086851593671216,795.958813542254,870.1944203200945,False,True,0.1475697152568895
100000.0,1684512000,3,151826.42870007647,124356.15,0.8190678728645967,19103.9925,12.582784607111277,97.73342706650885,83.74019013441112,True,True,0.3500882583822063
100000.0,1684814400,1,152945.751368324,51672.78,0.33785037856698347,7750.9169999999995,5.067755678504752,244.33827193270056,216.7912101780845,True,False,0.33785037856698347
100000.0,1685030400,2,154308.16636832402,103755.323,0.6723903565307262,15563.29845,10.085855347960893,116.28098467133607,98.9785058976292,True,False,0.3463521034423428
100000.0,1685073600,2,154151.71976803045,102826.481,0.6670472515956011,15423.972149999998,10.005708773934016,117.31688456369392,99.9315337985984,True,False,0.34670361174318837
100000.0,1685361600,1,149078.39865060552,27956.565000000002,0.18752928159311463,4193.4847500000005,2.8129392238967195,609.7059487925834,677.666741964928,False,True,0.18752928159311463
100000.0,1685462400,2,150261.8536506055,111932.51999999999,0.7449164061310576,16789.878,11.173746091965866,111.24482377971022,97.55323252616166,True,True,0.5509881449520264
100000.0,1685664000,2,150505.5681864055,134414.147,0.8930842135589575,20162.122049999998,13.396263203384361,84.32306390720554,69.5772187946291,True,False,0.5500959266667071
100000.0,1685966400,2,149270.58646118606,44357.55,0.2971620267033253,7999.0455,5.358755324566199,388.55157246961585,415.35566913617794,False,True,0.1502208206693866
100000.0,1686009600,3,149408.03646118604,61008.8,0.4083368033275049,10502.34,7.029300597714736,275.02560357860364,293.19450409599057,False,True,0.15008262293725613
100000.0,1686067200,4,151361.33646118606,94898.29999999999,0.6269652621912134,16283.229,10.757852289561109,171.82215285563512,179.3312932001045,False,True,0.2109931158555109
100000.0,1686225600,2,147707.02628440803,109130.64600000001,0.738831785766713,16981.9029,11.497017662045108,112.98300946937259,99.43743939824449,True,True,0.5315613479945069
100000.0,1686254400,2,148269.254106408,157229.511,1.0604323327017042,23584.42665,15.906484990525565,68.95753119306508,55.44092869761988,True,False,0.5352489663369132
100000.0,1686398400,3,168076.52510640805,161446.24,0.9605519860539092,24216.935999999998,14.408279790808637,80.61348929352081,67.29072250619248,True,True,0.4721716191464403
100000.0,1686513600,2,164422.7092128109,77998.493,0.47437786041493346,11699.773949999999,7.115667906224,185.36863812453367,169.8670095028598,True,True,0.32619273369703833
100000.0,1686974400,2,166460.0440079064,63391.19499999999,0.38081928535948895,9508.67925,5.712289280392334,291.28440380571215,316.78899097980707,False,True,0.21088724449894197
100000.0,1687348800,1,165024.3994973572,40986.0,0.24836327309681486,6147.9,3.725449096452223,456.0423774469825,503.5146944399134,False,True,0.24836327309681486
100000.0,1687406400,2,165997.8994973572,75179.05,0.45289157409607406,11276.8575,6.793373611441111,242.12164863882748,261.0712017906712,False,True,0.24690673872444108
100000.0,1687449600,3,165572.6494973572,103872.0,0.6273499899611014,16745.528,10.113704196215863,170.81733953069647,179.20087479122662,False,True,0.24754088386230844
100000.0,1687608000,3,180078.8864909172,107355.90000000001,0.5961603944358841,17299.737,9.60675476015483,180.75292580577437,190.32012398749356,False,True,0.18447220908196546
100000.0,1687752000,2,184041.19261451764,67534.76000000001,0.36695458794083413,10130.214,5.504318819112512,302.9568052232616,330.0177125863632,False,True,0.19844666012623427
100000.0,1687780800,2,189459.68599113362,87470.26000000001,0.4616827033276803,14029.877,7.405204398289023,238.87376648230935,255.4652990873829,False,True,0.23998192418691
100000.0,1688011200,1,187826.177141091,33351.5,0.17756577122339592,6336.785,3.3737496532445226,671.8167937033243,717.5621371995902,False,True,0.17756577122339592
100000.0,1688054400,2,187910.677141091,60618.4,0.3225915680910736,10430.2,5.55061594087524,353.6298913710613,379.9860045598718,False,True,0.17748592313867473
100000.0,1688126400,4,189510.827141091,121943.7,0.6434656100636023,19687.625,10.388654462123446,166.07639413217356,173.8779476551786,False,True,0.175987306388409
100000.0,1688155200,5,193491.837141091,153419.71,0.7929001670914361,25000.916500000003,12.92091535715264,131.20425449339783,134.82570971799387,False,True,0.17236644445977659
100000.0,1688400000,2,191895.73595516945,55073.770000000004,0.28699840424211565,8840.2155,4.606780581130393,395.9365063639427,431.24532411749897,False,True,0.14328093254986846
100000.0,1688457600,2,191259.29590516948,52784.585,0.2759844155557895,7917.687749999999,4.139766233336842,408.63447082953667,449.7857336068083,False,True,0.13968335433612725
100000.0,1688558400,3,187468.13590516947,80335.175,0.428527091348673,12677.111250000002,6.762275193482856,258.34470418933535,277.8099666473114,False,True,0.16718441162637998
100000.0,1688688000,3,190394.48867490576,85591.39,0.44954762396586667,14564.0175,7.649390274561847,247.5531122524711,263.26112346098637,False,True,0.164614796458291
100000.0,1688716800,3,189648.56866812674,86188.47,0.45446412069064696,14645.578500000001,7.722483013108766,244.61268827543367,260.0524968411308,False,True,0.16526225439036202
100000.0,1688889600,2,190244.99974612152,58426.6,0.30711240809466334,9891.678,5.199441779389873,371.5949553727964,400.81823403751383,False,True,0.15892349360218275
100000.0,1688947200,2,189460.56563228753,59639.6,0.3147863503994328,8945.939999999999,4.721795255991491,356.0891551967002,390.2343758895936,False,True,0.1595814933788391
100000.0,1689220800,1,190232.7453813275,28928.83,0.15207071706824846,4339.3245,2.2810607560237264,755.9868208058413,843.4517302466201,False,True,0.15207071706824846
100000.0,1689307200,2,199528.1153813275,62517.64,0.3133274720733949,9377.645999999999,4.699912081100923,357.8293015639548,392.2065417724821,False,True,0.1449862338684088
100000.0,1689350400,4,194754.5553813275,112795.48000000001,0.5791673513317703,17519.57,8.995717694868217,186.02287333842048,196.88222185419423,False,True,0.15410371244583224
100000.0,1689408000,5,200221.69538132747,148339.72,0.7408773545618177,24075.797999999995,12.024570041796421,141.7514388297896,146.63347562952342,False,True,0.15021898572338713
100000.0,1689609600,1,195047.84300655668,24663.600000000002,0.1264489759016249,4686.084000000001,2.402530542130873,952.8800227543637,1021.110424574713,False,True,0.1264489759016249
100000.0,1689854400,2,201794.84300655668,58562.1,0.2902061278052443,11669.829,5.783016466689798,405.4506424023624,426.11021578018705,False,True,0.13455001919507822
100000.0,1689897600,2,203195.66499962469,67445.29999999999,0.33192292758865977,11757.891,5.7864871280702355,343.7720975663004,368.3663452696723,False,True,0.19731572521527
100000.0,1689912000,3,201690.2649996247,104052.20000000001,0.5159009533761763,18744.438000000002,9.2936751310406,214.4539051436195,225.11420870117712,False,True,0.19878847400034208
100000.0,1690070400,2,198584.03651189565,70598.8,0.3555109526428171,12059.698,6.072843624204203,318.6320461695768,341.71371470316893,False,True,0.19192026040681764
100000.0,1690084800,2,198161.54761477766,64741.2,0.32670919650797076,10951.579999999998,5.526591880120791,348.0410674304405,374.7767987304894,False,True,0.1708295600608013
100000.0,1690257600,1,194981.4743318777,25623.0,0.13141248463629487,4868.37,2.4968372080896026,916.0033415766875,981.2836089028227,False,True,0.13141248463629487
100000.0,1690329600,2,195391.87433187768,46601.05,0.23850045023288444,8031.4935000000005,4.110454197475132,485.77271255861507,525.7152269655659,False,True,0.13113646658856823
100000.0,1690560000,1,197640.8797307077,30665.999999999996,0.1551602079579055,5826.539999999999,2.948043951200204,772.2162226179945,825.9935204274342,False,True,0.1551602079579055
100000.0,1690891200,1,196548.3926757877,25403.100000000002,0.12924603276661314,4826.589000000001,2.45567462256565,931.7507894112257,998.290852564124,False,True,0.12924603276661314
100000.0,1691121600,2,195064.88287944172,102416.28,0.5250369953227181,15362.442,7.875554929840772,168.1182180768485,154.23286254532306,True,True,0.3389758270373368
100000.0,1691150400,3,195261.56287944174,135607.5,0.6944915220397303,20986.802999999996,10.748046205569734,129.51070841154,119.5749197341363,True,True,0.33863438879071744
100000.0,1691380800,2,197154.27461435334,93031.29000000001,0.4718705195815576,14603.4405,7.407113301786271,188.96422022506258,173.77405001787196,True,True,0.3073427655501039
100000.0,1691424000,2,196727.02965335333,84160.84,0.42780516814744385,13103.054,6.660525512477106,206.0363687197754,188.44885906234384,True,True,0.3080102419416932
100000.0,1691467200,3,196791.16965335334,147053.8,0.747258122704563,26291.114,13.359905348553834,103.25584132538535,93.18700828542507,True,True,0.3175493093012121
100000.0,1691611200,3,193369.09147303732,118344.1,0.6120114600450584,18249.635,9.437720817209643,147.83503061456474,137.2169980452409,True,True,0.3133589734450865
100000.0,1691784000,1,191626.49632200712,31146.5,0.16253754359554617,4671.974999999999,2.438063153933192,706.1676132886506,786.9899617271374,False,True,0.16253754359554617
100000.0,1692072000,1,196306.49527882715,70548.75,0.3593806200849082,14815.2375,7.546993021783072,212.6086926045098,202.60521444116546,True,False,0.3593806200849082
100000.0,1692158400,2,199085.24527882715,105785.2,0.531356303435965,19933.98,10.012786217321949,156.71771928982236,152.47570988000516,True,True,0.35436453314856936
100000.0,1692331200,1,206199.34052567874,48204.9,0.2337781482574474,7230.735,3.5066722238617105,485.59526600646706,537.0079681406627,False,True,0.2337781482574474
100000.0,1692374400,2,207020.14052567873,93132.30000000002,0.44987072158057934,15734.109,7.600279354485486,247.14535191872727,263.04810901721345,False,True,0.23285125726219222
100000.0,1692590400,2,214497.05216200874,72058.65,0.3359423790382648,12707.2775,5.9242201102149625,339.99175783510105,363.56012713164205,False,True,0.20562800073674892
100000.0,1693310400,1,212714.76547257425,34672.4,0.16299949805069072,6587.756,3.0969904629631237,733.949162654774,784.6650956671559,False,True,0.16299949805069072
100000.0,1693353600,3,212294.76547257425,108837.80000000002,0.5126730268536012,17695.766,8.335469770349125,213.51180232885105,226.74146356330152,False,True,0.19047007546318323
100000.0,1694044800,1,206510.51905706426,66701.88,0.3229950721375531,10005.282000000001,4.844926082063297,256.1758666773048,227.68179734312045,True,False,0.3229950721375531
100000.0,1694088000,2,207292.47905706425,92362.77,0.44556739549906216,14912.1295,7.193762922722794,197.8679876791395,180.1800991759205,True,True,0.32177665250285353
100000.0,1695096000,1,208411.84211861037,64244.6,0.30825791541844066,12206.474,5.856900392950372,256.6417420357108,239.5229384179967,True,False,0.30825791541844066
100000.0,1695182400,2,208117.54211861035,93357.98,0.4485829452415569,16585.252999999997,7.969175895104378,189.0789724341695,180.64500678267711,True,True,0.3086938243936483
100000.0,1695355200,1,209330.11283137716,73025.0,0.3488509083202197,13874.75,6.628167258084174,224.92051223550948,209.32432764820504,True,False,0.3488509083202197
100000.0,1695657600,1,210987.96343362718,92528.8,0.4385501357242486,17580.472,8.332452578760725,175.65050419516638,162.41927999379843,True,False,0.4385501357242486
100000.0,1695916800,1,210137.33411368326,72218.55,0.34367310456565575,13721.524500000001,6.52978898674746,228.5497316082537,212.77934449105751,True,False,0.34367310456565575
100000.0,1696190400,2,210970.0318236973,164896.24,0.7816097792401145,29535.036,13.999635751433045,100.25866156371737,92.41412649657126,True,True,0.5688722657078316
100000.0,1696564800,1,212198.0102901521,71123.2,0.3351737365621319,13513.408,6.3683009946805065,234.75019496309696,218.68218560486832,True,False,0.3351737365621319
100000.0,1696838400,1,212802.33531210417,31808.699999999997,0.1494753333103611,4771.304999999999,2.2421299996554165,769.4196512352769,858.6756047333138,False,True,0.1494753333103611
100000.0,1697457600,1,211866.77020368117,39567.5,0.18675651666356746,5935.125,2.801347749953512,612.3018228825088,680.6087326001767,False,True,0.18675651666356746
100000.0,1697673600,1,210507.47329435617,42309.200000000004,0.20098668868082575,6346.38,3.014800330212386,567.7004564557399,630.0605173165054,False,True,0.20098668868082575
100000.0,1697760000,2,214485.69329435617,86864.22,0.4049884104894081,13029.632999999998,6.07482615734112,272.8478189962059,295.8941948623667,False,True,0.19725884440196972
100000.0,1697803200,3,216497.23829435618,127263.465,0.5878295076769928,19857.27375,9.172067924026564,183.0806606731399,193.48980431459643,False,True,0.19542604946523678
100000.0,1697961600,3,229467.62887176414,131288.40000000002,0.5721434463131587,20572.983000000004,8.965527338715399,188.67710706609552,199.70845748419927,False,True,0.19442154093522193
100000.0,1698120000,2,241369.37034481514,94967.375,0.3934524702298872,15160.488249999999,6.281032356484192,283.4453156949079,305.547073886957,False,True,0.18962265151794214
100000.0,1698148800,3,239744.59534481514,136246.59999999998,0.5682989424810261,23904.921,9.970994743643125,192.1278694302007,201.28496940578353,False,True,0.1909077446946077
100000.0,1698321600,1,241862.58989114457,40674.700000000004,0.1681727629655604,6914.699000000001,2.8589369704145273,695.9356751533999,759.5021471697626,False,True,0.1681727629655604
100000.0,1698926400,1,244706.84723814458,45646.74,0.186536423133176,6847.0109999999995,2.79804634699764,613.0450968823637,681.4511098000122,False,True,0.186536423133176
100000.0,1699358400,2,245387.1534329445,68404.0,0.278759499195594,12973.08,5.2867804277884,419.2859751072948,444.97622640575497,False,True,0.1417922638297687
100000.0,1699588800,3,244906.9534329445,99103.11,0.40465617088791406,17532.1425,7.158695273550206,278.7447763604673,296.16450440077944,False,True,0.14207028225324192
100000.0,1700208000,1,251243.74201223988,51208.85,0.2038213950718233,7681.327499999999,3.0573209260773497,559.5595626014319,620.8341709482896,False,True,0.2038213950718233
100000.0,1700640000,1,250079.15234773987,32948.85,0.13175368554586264,4942.327499999999,1.9763052831879395,875.2847657103445,978.656067805057,False,True,0.13175368554586264
100000.0,1700683200,2,251430.50234773988,115012.58,0.45743288473779664,17251.887,6.86149327106695,191.98996011330465,175.86878187249,True,True,0.32101268241659514
100000.0,1700697600,3,250924.16234773988,201896.41999999998,0.8046113140758623,33734.151,13.443962783165528,96.39171096291685,85.23022032196558,True,True,0.34369826800689846
100000.0,1700726400,4,251302.47234773988,279134.11,1.1107495576635158,49966.5745,19.883041353790876,63.15532989773235,54.71704420370232,True,True,0.3431808656488756
100000.0,1701158400,2,245928.91117692253,172644.7,0.7020105898643146,31141.188000000002,12.662678759878245,105.39872278934375,93.95839486618355,True,False,0.3554199853189209
100000.0,1701288000,3,245076.89117692254,254744.57,1.0394475332890456,46742.496499999994,19.072584230822603,65.78537413873524,56.963961564141684,True,False,0.35665561767265763
100000.0,1701417600,2,243186.0582564227,161510.75,0.6641447752308983,32276.682500000003,13.272423070391026,108.83542499920509,100.45566416175899,True,False,0.3340974831473678
100000.0,1701432000,3,243766.4582564227,236544.33000000002,0.9703727563337464,43500.1835,17.84502421339744,71.51230076015136,62.44254538045285,True,False,0.3333020079183076
100000.0,1701676800,1,233114.02108006575,38545.5,0.16535041445130877,5781.825,2.4802562167696314,693.8543862373978,773.0349710690508,False,True,0.16535041445130877
100000.0,1701950400,1,240872.30225672576,44370.149999999994,0.1842061108076658,6655.522499999999,2.763091662114987,621.0237122366535,690.493540534874,False,True,0.1842061108076658
100000.0,1702339200,1,251078.97376568275,112902.72,0.44967015081623474,16935.408,6.7450522622435205,180.33498277615553,157.9081841540631,True,False,0.44967015081623474
100000.0,1702353600,4,250192.95876568276,366266.73500000004,1.4639370220767314,60135.42225,24.035617367761176,44.57236749021695,34.64715953867505,True,False,0.45126257971847483
100000.0,1702468800,5,262379.24876568274,402865.445,1.535431810614635,65540.46674999999,24.979287446825023,43.37849646400678,33.73674775441271,True,True,0.43030354165251666
100000.0,1702800000,1,251327.1379718858,40171.700000000004,0.15983829014315887,6025.755,2.397574352147383,718.3909625927346,800.8430909384326,False,True,0.15983829014315887
100000.0,1702886400,1,247363.5855728858,32454.7,0.13120241576720357,4868.205,1.9680362365080535,879.0365741384898,982.908117356955,False,True,0.13120241576720357
100000.0,1703937600,1,253468.6544139298,85414.0,0.33698052407108975,12812.1,5.054707861066347,245.00265653826202,217.40244401520107,True,False,0.33698052407108975
100000.0,1703952000,2,253762.6544139298,165171.2,0.6508885256637403,29578.752,11.656069750812133,115.11371382208596,102.90891119707541,True,False,0.33659011093364166
100000.0,1703995200,3,253943.05441392979,255107.94999999998,1.00458723153015,43960.452,17.311145643047993,70.21223272324497,59.6346972060823,True,False,0.3548714896258124
100000.0,1704009600,4,254375.50441392977,338322.1,1.3300105321834332,56441.10999999999,22.188107353354592,50.14003063100277,40.14989961670958,True,False,0.3542681918513578
100000.0,1704369600,2,254322.04409023077,260472.45,1.0241835344308068,40398.6995,15.884859546688359,71.10131527922746,58.11099994344301,True,False,0.5221065302262589
100000.0,1704384000,3,256381.4940902308,388963.8,1.5171290009844012,59668.61,23.273368544689212,43.847229871384194,32.7311783955691,True,False,0.5179125758322805
100000.0,1704916800,1,291035.65009775874,161769.855,0.5558420590249393,24265.47825,8.33763088537409,143.39758323719332,123.92577657821786,True,False,0.5558420590249393
100000.0,1704988800,2,292121.3750977588,323194.56200000003,1.1063708086812976,48479.1843,16.59556213021946,65.5527040107645,52.30848768990334,True,False,0.5563113344431426
100000.0,1705219200,2,314381.36437885906,305402.449,0.9714394159571157,45810.36735,14.571591239356735,76.46958895748709,62.35202184088813,True,False,0.5169213268129967
100000.0,1705305600,2,317088.723663339,318081.89,1.0031321401946651,47712.283500000005,15.04698210291998,73.64153386749855,59.75021115809868,True,False,0.5166489306442054
100000.0,1705680000,2,307776.28783203935,208892.37,0.6787149571249537,31333.855499999998,10.180724356874306,115.07587556548415,97.86980552024542,True,False,0.3424851236672398
100000.0,1706083200,1,326679.79391823953,115525.82999999999,0.3536362889616413,17328.874499999998,5.3045443344246195,232.84905158796207,206.2211274609251,True,False,0.3536362889616413
100000.0,1706342400,1,325629.66326036863,101919.15,0.31299098792024654,15287.872499999998,4.694864818803698,264.78088440508645,235.5984136526795,True,False,0.31299098792024654
100000.0,1707321600,1,323506.8701761681,56370.0,0.17424668591830303,8455.5,2.6137002887745457,657.5282433838777,731.8653425017282,False,True,0.17424668591830303
100000.0,1707753600,1,326149.4993806681,66061.99,0.20255125372090546,9909.2985,3.038268805813582,563.179061293381,624.9362694658316,False,True,0.20255125372090546
100000.0,1709697600,1,324755.2359816035,56318.25000000001,0.17341752729489565,11826.8325,3.6417680731928086,703.3455463216101,735.5239754587626,False,True,0.17341752729489565
100000.0,1711771200,1,325740.82211071096,105806.4,0.324817747172134,17987.088,5.521901701926279,248.6025227035456,226.29196125051868,True,False,0.324817747172134
100000.0,1711814400,2,326169.222110711,204341.9,0.6264904416108293,32758.845,10.043512011345058,123.7492430109028,107.69548374003021,True,False,0.3243911222380336
100000.0,1711900800,3,323452.2221107109,321808.9,0.9949194285944698,50406.447,15.583892629047059,73.35693633038483,60.40852123374112,True,False,0.3547664605646873
100000.0,1711915200,4,322023.62211071094,427333.5,1.3270253194440618,66258.65699999999,20.575713224298937,51.817064246973224,40.28520995629145,True,False,0.3563403182905297
100000.0,1712145600,3,362480.79131530994,307120.64,0.8472742483417446,46068.096000000005,12.709113725126171,89.58742538021085,74.42043134979399,True,False,0.31656849893649347
100000.0,1712361600,2,366088.0390412699,164557.14,0.44950154730799363,24683.571,6.742523209619904,198.63779430294008,183.84652133764735,True,True,0.29114483029581983
100000.0,1712606400,1,364784.60501803475,182971.6,0.5015880535609609,27445.74,7.523820803414414,160.31894758199812,139.49343177543824,True,False,0.5015880535609609
100000.0,1712678400,2,369976.0050180347,231000.92,0.6243673018436418,34650.138,9.365509527654625,134.29964924263794,119.10613949779992,True,True,0.4945499100437093
100000.0,1712764800,2,368319.72412159154,285968.30000000005,0.7764132118691389,42895.244999999995,11.646198178037082,98.95425749351195,83.03791689403097,True,False,0.49677382995540176
100000.0,1712880000,2,365575.1646868595,229810.0,0.6286258537197082,35655.759999999995,9.753332130901624,124.2794568636119,107.26170825877361,True,False,0.32394432510600135
100000.0,1712952000,4,392102.7146868595,316590.7,0.8074177712664785,51996.056000000004,13.260825302248932,103.81610889367667,92.29418343283699,True,True,0.3020280032862746
100000.0,1713038400,4,393842.1251872725,249385.7,0.6332123560460089,43698.727,11.095493398330916,149.43615592858654,143.03263988380874,True,True,0.3006940914298801
100000.0,1713052800,5,391837.9251872725,293975.3,0.7502471841118986,51230.399,13.074385021693669,125.52345734380319,120.04990268736037,True,True,0.3022321025801682
100000.0,1713081600,5,396287.52518727246,304472.89999999997,0.7683131076511078,53004.905,13.375365519000788,122.14703956334847,116.61106750870182,True,True,0.29883857672288766
100000.0,1713470400,1,396088.41436298145,55185.0,0.13932495371961984,10485.15,2.6471741206727772,862.6500186532649,923.6620201455262,False,True,0.13932495371961984
100000.0,1713499200,2,396673.41436298145,133152.8,0.3356736175874814,22203.72,5.597481251839626,337.5149161786484,363.8779050464143,False,True,0.19507937058063038
100000.0,1714032000,1,404821.8080654054,60494.200000000004,0.1494341431087779,9074.130000000001,2.2415121466316683,769.6365992216762,858.9214791178998,False,True,0.1494341431087779
100000.0,1714579200,1,400959.42010923737,53665.5,0.13384272150378554,8049.825,2.007640822556783,861.3477606310491,962.8607953818557,False,True,0.13384272150378554
100000.0,1714636800,3,398890.92010923737,347453.108,0.8710479243419454,52117.966199999995,13.06571886512918,95.45132092865248,83.46072822081287,True,True,0.5679337296972325
100000.0,1714852800,2,396030.07658676483,122580.3,0.30952270356957173,18387.045,4.642840553543575,362.44479701374604,397.43743661557886,False,True,0.17501827284780622
100000.0,1715601600,1,395655.0642411378,60775.2,0.15360652622143528,10331.784,2.6113109457643997,763.8722965176225,834.6853414795023,False,True,0.15360652622143528
100000.0,1716292800,1,395955.81244773784,76934.97,0.1943019083983131,11540.245499999999,2.914528625974696,587.8388048683313,652.8839788507755,False,True,0.1943019083983131
100000.0,1716451200,2,395436.42244773783,138262.68,0.3496457891869413,21976.343999999997,5.557491104124194,321.1555985801615,348.0049737670719,False,True,0.19455711622054234
100000.0,1716508800,2,394633.9266681377,111070.35,0.2814515998098744,17908.8345,4.538087906228144,404.3784497775132,440.4011681703085,False,True,0.1567201799454245
100000.0,1716552000,3,392479.2266681377,160904.45,0.4099693412208371,25359.5055,6.461362481597739,270.84722526714205,291.89423840723504,False,True,0.15758056935913972
100000.0,1716854400,1,398071.9398726377,60967.2,0.15315623608010737,10364.424,2.6036560133618254,766.1783532836968,837.2373776339579,False,True,0.15315623608010737
100000.0,1717776000,1,397056.9053046377,48470.6,0.12207469345687728,7270.589999999999,1.831120401853159,946.0830599425526,1058.8941346015597,False,True,0.12207469345687728
100000.0,1717790400,2,397183.0553046377,121186.7,0.305115483607553,22533.402,5.6733039587293,379.76394190555874,403.65967586062135,False,True,0.18276195076933435
100000.0,1718798400,1,396024.42707613757,131736.85,0.33264829387575373,19760.5275,4.989724408136306,248.3633088474667,220.49424413966938,True,False,0.33264829387575373
100000.0,1719057600,1,397284.8865293416,133709.472,0.3365581640119221,20056.4208,5.048372460178832,245.32648876821762,217.7003696667602,True,False,0.3365581640119221
100000.0,1719316800,1,402523.65716691373,166795.2,0.4143736573744667,25019.280000000002,6.215604860617002,196.80702789847444,173.06246566659652,True,False,0.4143736573744667
100000.0,1719360000,2,402160.77716691373,221078.18000000002,0.5497258622718526,34240.129,8.514039892505204,155.2502946296239,139.09718359855344,True,True,0.4147475573700042
100000.0,1719662400,1,407164.44310693373,131381.985,0.3226754870770852,19707.297749999998,4.840132306156279,256.4425075721883,227.92710696641328,True,False,0.3226754870770852
100000.0,1720094400,2,405417.10807358375,110108.5,0.2715931267015381,17700.029000000002,4.365881125269983,419.56876342384646,457.59710718498417,False,True,0.14599211237345552
100000.0,1720195200,3,401627.90807358373,185637.75,0.4622132732020919,33744.0505,8.401819151924478,242.1982338863132,255.13379010004428,False,True,0.19749237641490733
100000.0,1720224000,4,401745.50807358377,267607.35,0.6661116169866048,49328.06050000001,12.278434857065053,161.45253559366375,166.83332032227258,False,True,0.20374092144176004
100000.0,1720771200,1,401254.07512260816,80339.6,0.20022126871970394,16871.316,4.204646643113782,605.6296702816294,632.5965860299829,False,True,0.20022126871970394
100000.0,1720944000,2,410938.4751226082,163892.40000000002,0.39882466578750225,29985.300000000003,7.29678572712218,284.4906469654022,300.9823315969161,False,True,0.1955027452127226
100000.0,1720987200,3,411003.42512260814,227690.15000000002,0.5539860158880108,42024.480500000005,10.224849218096786,198.73299442825004,207.346628812655,False,True,0.19547185032833622
100000.0,1721332800,1,423342.57107638393,84517.4,0.1996430450760183,16058.305999999999,3.7932178564443473,594.9308430467747,634.5253104905166,False,True,0.1996430450760183
100000.0,1721361600,2,422374.97107638395,165004.59999999998,0.3906590382936301,29721.778,7.036822736976286,290.24615784285163,307.9702594767128,False,True,0.2001003984317895
100000.0,1721620800,1,422735.2213489918,60888.00000000001,0.1440334207443139,10350.960000000003,2.448568152653337,816.0039870736231,892.3777456948095,False,True,0.1440334207443139
100000.0,1721750400,2,422864.2213489918,121749.0,0.28791511282653537,21911.97,5.181798055673277,401.6067498692537,429.7661268664677,False,True,0.14398948155452684
100000.0,1722052800,1,422763.2371185117,77953.2,0.18438973201955036,13252.044,3.134625444332356,632.9271661212849,689.7727305075554,False,True,0.18438973201955036
100000.0,1722096000,2,423808.4371185117,138083.0,0.32581465564685574,24655.802,5.8176760631845035,351.90205008723893,375.8972860463265,False,True,0.1839349884820758
100000.0,1722470400,1,425699.8820020797,63585.600000000006,0.14936720137425213,13352.976,3.1367112288592947,820.874708838781,859.3213599768493,False,True,0.14936720137425213
100000.0,1722499200,2,425512.6820020797,121529.85,0.2856080562116032,24358.6395,5.724539016179299,412.83219632432144,433.5069060559521,False,True,0.149432913963512
100000.0,1722643200,2,417949.79675361566,137964.4,0.3300980191200595,24563.108,5.877047480532721,346.89788962335257,370.5870951768386,False,True,0.19740744137420432
100000.0,1722816000,1,399417.7979799166,81119.5,0.20309435485916635,17035.095,4.264981452042493,596.6860470654547,623.1759695756123,False,True,0.20309435485916635
100000.0,1722844800,2,395713.39797991666,162922.85,0.4117193171414143,30793.4885,7.781765453785025,276.1838136029414,290.51188786996755,False,True,0.21608505154616905
100000.0,1722902400,3,427914.39797991666,273267.95,0.6386042425541973,51523.207500000004,12.040540758438828,169.74075066511065,175.45534116723977,False,True,0.19982442844564707
100000.0,1723104000,2,448292.6377341891,168486.85,0.37584121579953916,28777.661500000002,6.4193919501893415,300.277297963254,321.4264102187117,False,True,0.18039778750047575
100000.0,1723161600,2,451428.1453607871,160349.85,0.3552056991746635,27130.1595,6.009851131084712,318.4949494089893,342.03601925064646,False,True,0.17914478933378616
100000.0,1723435200,1,446610.16822753695,53724.6,0.12029417111844312,10207.673999999999,2.285589251250419,1002.8339185252584,1075.060632007279,False,True,0.12029417111844312
100000.0,1724500800,1,446077.9426722289,65889.6,0.1477087156681375,11201.232000000002,2.511048166358338,795.1905068226371,869.3441608837184,False,True,0.1477087156681375
100000.0,1724587200,2,445852.34267222893,139746.9,0.31343762637294426,26720.288999999997,5.9930803188901445,370.82599395307795,392.0569903372731,False,True,0.1661601676375232
100000.0,1724760000,1,442202.58510145394,64318.799999999996,0.14545098144381816,10934.196,2.472666684544909,807.8516216050868,883.3557945762958,False,True,0.14545098144381816
100000.0,1725235200,1,439472.19831853796,58003.200000000004,0.13198377558791138,9860.544000000002,2.2437241849944938,892.3721498010785,976.8918457798603,False,True,0.13198377558791138
100000.0,1725595200,1,444058.49596679397,60130.25,0.13541065095283403,10222.1425,2.3019810661981785,869.2702953458895,951.3257935161176,False,True,0.13541065095283403
100000.0,1725811200,1,443350.38467120146,45446.15,0.10250617022404047,7725.8455,1.742604893808688,1154.8807597011883,1267.401374069315,False,True,0.10250617022404047
100000.0,1726243200,1,452253.89461634494,78578.5,0.17374864193631664,13358.345000000001,2.953726912917383,672.9446589268993,734.0587558791017,False,True,0.17374864193631664
100000.0,1728604800,1,451365.03299703996,154615.0,0.3425497960561202,32469.149999999998,7.193545717178524,223.90773510050957,213.54268757729326,True,False,0.3425497960561202
100000.0,1728907200,1,450365.55467454006,138622.5,0.30779996063459286,29110.725,6.46379917332645,251.14572838776579,239.9090650793573,True,False,0.30779996063459286
100000.0,1729785600,2,449192.86134954036,308640.35,0.6870998552219441,58786.681500000006,13.087180709725265,106.25407125211481,96.43140278956795,True,False,0.35162079273805363
100000.0,1729886400,3,468339.56134954037,353765.65,0.7553614496725608,64804.88250000001,13.837157449023094,101.06332683026228,92.64202807520473,True,True,0.33724579991678083
100000.0,1730088000,2,461522.54754761164,223826.2,0.48497348870460033,42894.696,9.294171265939049,170.05166177865456,165.17127063749467,True,True,0.33659482256167383
100000.0,1731513600,1,461880.2821933319,104469.0,0.22618198703765363,15670.349999999999,3.392729805564804,502.49630168176196,556.1624752393302,False,True,0.22618198703765363
100000.0,1731528000,2,464124.0321933319,197488.25,0.4255074857182483,33254.2575,7.16495057212376,262.35115406655655,280.01798904885527,False,True,0.22508853830797368
100000.0,1731816000,1,594944.0657062917,133129.5,0.22376809463920688,19969.425,3.3565214195881032,508.1073344165702,562.521645672113,False,True,0.22376809463920688
100000.0,1731830400,2,591611.5657062917,243999.0,0.4124310850966941,43451.969999999994,7.344678927655028,273.3321933046287,289.9530001933296,False,True,0.22502856218009226
100000.0,1731844800,3,603046.0657062917,377971.0,0.6267696971993636,68756.83,11.401588354526702,172.78937627803143,179.3976489223747,False,True,0.22076174204714827
100000.0,1732104000,1,707160.8417401966,106844.7,0.15108967252354397,16026.704999999998,2.2663450878531592,761.0101244144364,849.1448076696946,False,True,0.15108967252354397
100000.0,1732147200,2,709997.0417401965,203380.35,0.2864523907050606,36129.019499999995,5.088615497812228,402.90742096081357,432.13086825755875,False,True,0.1504861199676615
100000.0,1732176000,3,706806.9917401966,330397.3,0.4674505259017659,60469.357,8.555285630539847,239.44821256989934,251.90184332224536,False,True,0.18421860779761587
100000.0,1732420800,2,964168.0915686726,466129.94999999995,0.48345299339000164,82822.4925,8.590047028547717,229.9317641292363,242.46045666554932,False,True,0.14888996146557845
100000.0,1732464000,2,928960.3041494025,305042.9,0.3283702205976507,52550.104999999996,5.656873040244407,347.1030526433051,372.7124192037262,False,True,0.1828299328199117
100000.0,1732694400,2,893239.7396191984,283125.0,0.31696417819554296,48928.71,5.477668293269067,360.51426332125004,387.32408635488366,False,True,0.18080140508398054
100000.0,1733025600,1,928702.4079707082,135348.85,0.14573974271882043,20302.3275,2.1860961407823063,789.5936884756409,881.5395136057264,False,True,0.14573974271882043
100000.0,1733198400,2,1055164.9079707083,405048.25,0.383871987156006,69351.4515,6.572569934435804,293.66185822314543,314.00467984434226,False,True,0.13574835451595238
100000.0,1733947200,1,1023882.1067776677,316042.64999999997,0.3086709377065298,47406.39749999999,4.630064065597947,268.6692167703831,239.17567942875252,True,False,0.3086709377065298
100000.0,1733976000,2,1012374.4567776676,654933.1,0.6469277208796991,111335.277,10.99744034972732,117.58793744109678,103.66141907045683,True,False,0.32338113413295855
100000.0,1734292800,1,1017109.9432521246,528346.0,0.5194581013638089,84535.36,8.311329621820942,152.16233419990527,134.0066461375121,True,False,0.5194581013638089
100000.0,1734710400,1,1080125.8216407045,191610.9,0.17739683299945946,36406.070999999996,3.3705398269897295,672.4789153568827,718.2772285854334,False,True,0.17739683299945946
100000.0,1734724800,2,1081593.5716407045,740559.29,0.6846927620664586,118807.03950000001,10.984443936716241,122.49247961967772,108.11592200383988,True,True,0.5061796356366179
100000.0,1734782400,3,1077340.6116407046,1275804.75,1.184216705668461,209713.7085,19.465868661594648,61.34430523385191,50.52153136105954,True,True,0.5081778539530133
100000.0,1735099200,1,1050711.2705685936,327717.5,0.3119006231109097,62266.325000000004,5.926111839107285,253.4579339460024,236.4919531165943,True,False,0.3119006231109097
100000.0,1735286400,3,1071417.2705685936,1010956.6000000001,0.9435694456031052,163923.95,15.299730040099757,77.24132641131847,64.7844325320073,True,False,0.33491069246025124
100000.0,1735401600,3,1081296.424781194,1071331.192,0.9907839954402786,160699.6788,14.861759931604178,74.72188950780257,60.74413834717838,True,False,0.3373507797122462
100000.0,1735574400,2,1081634.4125377405,796212.75,0.7361200242620964,119431.9125,11.041800363931447,105.08470583016592,88.67792936375265,True,False,0.40098275810438555
100000.0,1735675200,2,1091037.3772763235,792124.363,0.7260286214735072,118818.65445,10.890429322102609,106.72662331260328,90.18849344759504,True,False,0.3975269399869093
100000.0,1736179200,1,1055862.2857418235,567669.6,0.5376360228655851,96503.83200000001,9.13981238871495,144.44396712059742,128.7995532248792,True,False,0.5376360228655851
100000.0,1736424000,2,1151359.4857418234,620209.1000000001,0.5386754594725017,108396.281,9.414633947290584,155.12173402914257,142.0773077552997,True,True,0.4930428828093158
100000.0,1736481600,3,1168084.5622958234,967757.9400000001,0.8284998973857771,151078.589,12.933874299567927,95.7051484936104,81.54399686270523,True,True,0.3525697225126939
100000.0,1736524800,4,1171496.9142958233,1335509.938,1.1400029498180655,213664.6757,18.23860337083619,64.26754647085532,52.613316724624795,True,True,0.3515427526734445
100000.0,1736769600,2,1209585.6562033254,526821.75,0.43553901891793256,97004.29950000001,8.019630441425644,203.89729652721772,190.6168076175661,True,True,0.2955366146801512
100000.0,1737129600,1,1279693.4240942157,240910.65,0.1882565350920044,50591.2365,3.953387236932093,645.8102013824333,674.9200787894963,False,True,0.1882565350920044
100000.0,1737201600,2,1275409.6740942157,470771.80000000005,0.3691141831226409,94179.18000000001,7.3842297038310605,313.66267721715195,327.8918360854001,False,True,0.18888883697004458
100000.0,1737331200,2,1266228.6138258106,479950.30000000005,0.37903921516184014,96356.145,7.60969574908495,304.9766148876305,318.43325967315377,False,True,0.20397533050499392
100000.0,1737504000,2,1277135.4208228101,906100.2,0.7094785605556486,158160.997,12.384042789926134,117.35350108778644,104.97961489297003,True,True,0.5030013963484979
100000.0,1738022400,1,1305968.7794686817,441802.86,0.3382951161969909,66270.42899999999,5.074426742954862,243.9999065703062,216.47991404468166,True,False,0.3382951161969909
100000.0,1738051200,2,1308212.6594686816,847325.4299999999,0.6476970115425525,135254.1435,10.338849920236381,119.37542236813879,103.51454240845166,True,False,0.3377148637129334
100000.0,1738238400,2,1274992.0977072646,655517.0700000001,0.5141342218346089,106584.01049999999,8.359582046952532,170.90364719780274,155.14203281535356,True,True,0.3465141947110616
100000.0,1738540800,1,1265280.2000417907,158775.4,0.1254863547179161,23816.309999999998,1.8822953207687416,919.8816397189628,1029.1991916814911,False,True,0.1254863547179161
100000.0,1738555200,2,1276192.8500417906,325880.05,0.25535329553784025,48882.00749999999,3.830299433067603,443.0756374539328,488.8190557811239,False,True,0.12441332827934327
100000.0,1738627200,3,1304263.1000417906,616639.3,0.47278750735203806,97749.675,7.494628575850068,232.5183173669719,248.68201449194922,False,True,0.20140798278474875
100000.0,1738886400,1,1274462.3549867047,432501.288,0.33935979851245734,64875.193199999994,5.09039697768686,243.19347767879634,215.73799946449265,True,False,0.33935979851245734
100000.0,1739160000,1,1277286.822404712,194179.94999999998,0.15202532946705177,29126.992499999997,2.2803799420057764,756.2177914350382,843.7134969597098,False,True,0.15202532946705177
100000.0,1740096000,1,1275013.1483391644,180169.75,0.14130815061373259,27025.462499999998,2.119622259205989,814.9097208990995,910.2310170189794,False,True,0.14130815061373259
100000.0,1740571200,1,1268498.4673865444,559357.596,0.4409604034858871,83903.6394,6.614406052288306,184.15454916227404,161.42218522929215,True,False,0.4409604034858871
100000.0,1740729600,2,1313625.2863865444,749530.777,0.5705818735126303,112429.61655,8.558728102689455,151.78678399227366,137.4701340483505,True,True,0.42581214125274136
100000.0,1740931200,2,1379464.9946046032,558211.75,0.4046581480380374,83731.76250000001,6.069872220570562,273.084906896016,296.1628944821514,False,True,0.17057337512753934
100000.0,1741060800,1,1322173.6155047559,267789.6,0.20253739513457772,40168.439999999995,3.0380609270186656,563.2188042204671,624.9813114498627,False,True,0.20253739513457772
100000.0,1741233600,2,1343140.0155047558,576414.55,0.42915447633609655,92215.3535,6.865654543494872,258.3491817101261,277.355103314621,False,True,0.2141686992267125
100000.0,1741320000,1,1318054.258648872,237074.0,0.17986664694898288,40302.58,3.057732998132709,649.3583664989925,707.9565922588852,False,True,0.17986664694898288
100000.0,1741780800,1,1294551.296495112,200332.05,0.15475018297257287,30049.807499999995,2.321252744588593,742.5915177239413,828.2703867538,False,True,0.15475018297257287
100000.0,1741953600,2,1306013.4964951118,385619.25,0.2952643682740405,64795.8875,4.961348996307445,386.8850445687577,418.2393847454838,False,True,0.15339202124451384
100000.0,1742025600,3,1298966.946495112,626327.0,0.4821731620577128,100819.54999999999,7.7615177408503335,227.9981751914482,243.19249561227326,False,True,0.19073179703955792
100000.0,1742529600,1,1287274.3565847813,170126.0,0.132159860972726,28921.420000000002,2.2467176365363417,891.1558935161887,975.5458554912486,False,True,0.132159860972726
100000.0,1743480000,1,1297823.5020481013,153226.0,0.11806381973989016,29112.94,2.243212575057913,1022.221643756186,1095.9993752566809,False,True,0.11806381973989016
100000.0,1743494400,2,1300848.0020481013,323529.9,0.24870692001726802,54779.505000000005,4.211061162699501,463.65271278879476,502.77291302312443,False,True,0.12859257940714777
100000.0,1743782400,1,1285382.3981789234,186311.25,0.14494616564219182,27946.6875,2.1741924846328775,794.0133138554426,886.5484223695015,False,True,0.14494616564219182
100000.0,1743811200,2,1282232.3981789234,344022.85,0.26829992011478937,61255.1235,4.77722475169064,431.7951308629712,463.62295825366385,False,True,0.14530224806720413
100000.0,1744027200,1,1238002.4022164939,144513.6,0.11673127591777355,21677.04,1.750969138766603,990.1981643058825,1108.89125288,False,True,0.11673127591777355
100000.0,1744041600,3,1239850.4022164939,429234.15,0.3461983391162785,71746.76250000001,5.786727364183417,326.75380462660206,351.8023483504263,False,True,0.12919183613897864
100000.0,1744070400,4,1253545.6022164938,646498.1,0.515735605355621,112539.55500000001,8.97769931951497,213.6881332644455,225.1970685794733,False,True,0.16239437132566528
100000.0,1744473600,1,1277097.429288911,254737.6,0.19946606590684168,38210.64,2.9919909886026255,572.1628333436681,635.1178777894905,False,True,0.19946606590684168
100000.0,1744617600,2,1273308.629288911,465041.53,0.36522294697688973,69756.2295,5.478344204653346,304.4768925802519,331.74047825761875,False,True,0.2000595881787593
100000.0,1744632000,3,1257261.729288911,698029.13,0.5551979462500581,104704.36949999997,8.32796919375087,194.2540471120134,206.82125339361525,False,True,0.20261302325974392
100000.0,1744689600,5,1272245.013027279,1174009.24,0.9227854917713302,199579.992,15.687229264519088,110.08136539711899,111.15672911595131,False,True,0.19574413532769752
100000.0,1744948800,1,1235754.0530080209,181940.0,0.1472299439820806,27291.0,2.2084491597312095,781.4231278624633,872.2795449107916,False,True,0.1472299439820806
100000.0,1745611200,1,1234300.2241128208,225983.46000000002,0.18308629909099333,33897.519,2.7462944863648997,624.9300177116141,694.9206867398293,False,True,0.18308629909099333
100000.0,1746633600,1,1217599.706806058,168660.0,0.13851843020102217,28672.2,2.3548133134173765,849.3079445537812,929.2341253061845,False,True,0.13851843020102217
100000.0,1747814400,1,1273844.558998258,266595.0,0.20928377651481145,45321.15,3.557824200751795,555.2049684127871,603.7601650434846,False,True,0.20928377651481145
100000.0,1748016000,1,1266268.090217608,158421.24,0.1251087674275795,23763.185999999998,1.8766315114136924,922.7111690011561,1032.4059915346436,False,True,0.1251087674275795
100000.0,1748836800,1,1257492.9906981303,175269.6,0.13938018048330789,29795.832000000002,2.369463068216234,843.9302670005292,923.2828288139189,False,True,0.13938018048330789
100000.0,1749153600,1,1269717.3813855543,190824.5,0.15028895626502844,32440.165,2.5549122565054834,781.1866093863098,853.8465143875161,False,True,0.15028895626502844
100000.0,1749283200,2,1278739.1813855544,382702.9,0.29928143719294603,61402.361000000004,4.801789285401313,378.87792662107995,412.1782045151488,False,True,0.1492286329986664
100000.0,1749715200,1,1276733.9216808951,157960.4,0.12372225513679143,23694.059999999998,1.8558338270518715,933.2494366651351,1044.34936155382,False,True,0.12372225513679143
100000.0,1750320000,1,1282726.1785342311,201396.96,0.15700697730371102,30209.543999999998,2.355104659555665,731.663964443643,815.885826369462,False,True,0.15700697730371102
100000.0,1750593600,1,1282194.3946465207,253889.40000000002,0.19801162839273917,38083.41,2.970174425891088,576.4951124139421,640.0277940691343,False,True,0.19801162839273917
100000.0,1750723200,2,1289456.1946465208,485811.45000000007,0.37675684681415317,72871.7175,5.6513527022122965,294.61550473264776,320.56423869700086,False,True,0.19689649098129994
100000.0,1751414400,1,1298306.3548191022,204985.55,0.15788688797457312,30747.832499999997,2.368303319618597,727.4880206801964,811.1530901042228,False,True,0.15788688797457312
100000.0,1751486400,2,1301069.8848191022,409998.07999999996,0.3151237952579351,69589.67199999999,5.348649815968615,361.7655098634057,389.78080574396915,False,True,0.15755152923895452
100000.0,1751644800,2,1290615.4058540103,379025.2,0.2936778828772744,68458.524,5.304331847387213,393.5247971852622,420.67883818947837,False,True,0.1567074118925229
100000.0,1751976000,1,1303960.1382801645,190822.55,0.14634078481239624,40072.735499999995,3.073156481060321,838.400635498072,877.7820027246358,False,True,0.14634078481239624
100000.0,1752148800,2,1317971.4382801645,442196.25,0.33551277148845254,88113.9645,6.685574659719552,347.33662884136703,364.0683296251878,False,True,0.18009677076897573
100000.0,1752163200,3,1328625.2882801646,692101.06,0.5209151640459052,126103.161,9.491251002999793,212.4605284586338,222.6264515532196,False,True,0.18007406761743772
100000.0,1752638400,1,1480143.2476511493,275442.0,0.18609144786296936,52333.98,3.535737509396418,639.9632194535855,683.1602770098723,False,True,0.18609144786296936
100000.0,1752724800,2,1484343.2476511493,539082.0,0.3631788003570285,97236.78,6.550828465981112,313.934926726411,333.795290920775,False,True,0.18556489574487858
100000.0,1752897600,1,1477193.2617111488,193576.75,0.1310436183385814,36779.5825,2.489828748433047,918.6477677992166,984.1395892231541,False,True,0.1310436183385814
100000.0,1753315200,1,1473314.850284196,223579.2,0.15175249197880045,42480.048,2.883297347597208,790.0836566502509,845.2903491822708,False,True,0.15175249197880045
100000.0,1753646400,1,1479231.9151001954,461375.39999999997,0.31190200487849046,69206.31,4.678530073177358,265.75088785103344,236.49081682295073,True,False,0.31190200487849046
100000.0,1754107200,1,1496644.4412443,164377.25,0.109830528527763,31231.6775,2.086780042027497,1100.6094579256849,1180.6582145597397,False,True,0.109830528527763
100000.0,1754208000,2,1496019.6912443,829541.5850000001,0.5544991084375613,130981.33775,8.755321772606987,151.95847196450433,134.92836064401473,True,True,0.4450403219266696
100000.0,1754380800,2,1497115.5464161274,1277075.9,0.8530242726135135,215785.433,14.413412078750925,85.83048439209105,73.78396672687207,True,False,0.4447145623420987
100000.0,1754481600,2,1516500.354938245,1069807.408,0.7054448780815253,184066.4552,12.137580752989377,106.26538592468565,93.40361591051872,True,False,0.399341284707224
100000.0,1754654400,2,1452238.942440833,1007086.8700000001,0.6934718802591474,172017.1485,11.84496183602433,108.57581467404968,95.36156299532198,True,False,0.3607209080342802
100000.0,1754755200,2,1440476.7521581224,976806.5190000001,0.6781133520805167,167838.65385,11.651604484317025,111.18188662251012,97.97437663563522,True,False,0.36366636894011894
100000.0,1755014400,1,1436293.1164888327,463720.25,0.32285906315112906,88106.8475,6.134322199871452,244.31316894307326,227.78613683380576,True,False,0.32285906315112906
100000.0,1755345600,1,1465450.724433208,746930.8150000001,0.5096935724596884,112039.62225,7.645403586895324,157.5620118564456,136.95705090792995,True,False,0.5096935724596884
100000.0,1756252800,2,1490287.685079266,702868.957,0.4716330706058378,105430.34354999999,7.074496059087565,184.28682653867517,167.70301688742393,True,True,0.3445192241340244
100000.0,1756324800,3,1488113.253079266,1197213.989,0.8045180610566265,179582.09835000001,12.067770915849398,99.06624188395546,84.71537279411314,True,True,0.345022635836072
100000.0,1756555200,2,1510965.9166819965,1023210.216,0.6771894750921431,153481.5324,10.157842126382146,115.36448573960246,98.13532688043423,True,False,0.3543059509744524
100000.0,1756843200,1,1503972.12905965,467055.72000000003,0.3105481218538431,70058.35800000001,4.658221827807647,266.9663354196518,237.60902858607963,True,False,0.3105481218538431
100000.0,1756958400,2,1499197.44905965,693954.72,0.46288413873387596,104093.208,6.94326208100814,190.7415861928091,175.26991667054702,True,True,0.31153716296205947
100000.0,1757044800,3,1499426.67905965,1192308.45,0.795176227454979,178846.26750000002,11.927643411824684,101.35297709644506,87.2621021844343,True,True,0.3255546315249874
100000.0,1757073600,5,1528260.91905965,2093769.977,1.3700343644777042,318679.13605,20.85240367502727,51.62241152140121,40.16565423562779,True,True,0.3194122769954487
100000.0,1757217600,4,1510272.0503804313,1634218.036,1.0820686482202642,249813.14990000005,16.540937100509353,69.35751509843969,57.036129264488075,True,True,0.3232168004943468
100000.0,1757318400,3,1470884.8566867944,1156993.47,0.7865969010015897,173549.02049999998,11.798953515023845,102.59379621101483,88.43051610518783,True,True,0.3194276070380719
100000.0,1757390400,2,1459655.3317092562,946594.17,0.6485052665765544,141989.12550000002,9.727578998648317,121.04413246613667,103.36060186884575,True,False,0.3228894450363835
100000.0,1757433600,3,1476109.901709256,1425847.1,0.9659491467057743,213877.065,14.489237200586613,76.97836402314996,62.82009490129795,True,False,0.3358201848155055
100000.0,1757563200,4,1423417.651709256,1939054.3,1.3622525319055596,300068.44399999996,21.08084325353661,50.16916605931524,38.72626266151519,True,False,0.3482516177909898
100000.0,1757592000,4,1450401.387081081,1900293.05,1.3101842475649597,312971.6595,21.57827910864402,51.39149071048254,41.0601143684057,True,False,0.3417726323315276
100000.0,1757721600,2,1370691.2742600904,1474747.75,1.0759153265902857,265210.95650000003,19.34870101534446,63.53485939811815,54.355293602453195,True,False,0.5468450949354849
100000.0,1757779200,3,1390240.5242600904,2245243.7,1.6150037787130087,380293.69000000006,27.354524872766085,38.46629029572077,29.535487813998646,True,False,0.5682795071884957
100000.0,1758038400,1,1501885.344978369,499008.05000000005,0.3322544238602894,74851.2075,4.983816357904341,248.67319274332152,220.77933732385583,True,False,0.3322544238602894
100000.0,1758067200,2,1506515.294978369,1031187.8999999999,0.6844855166338062,165414.381,10.979933728610108,112.07574440336279,96.87610337385603,True,False,0.3563254895515067
100000.0,1758096000,3,1511224.794978369,1490753.4,0.9864537724325373,238964.80599999998,15.81265783846674,73.5530206345281,61.09857981760734,True,False,0.35521505588298896
100000.0,1758110400,4,1516985.3949783691,1958439.875,1.2910077324956222,309019.50025,20.370631205345674,53.27398179273594,41.967095925408245,True,False,0.3538661623091331
100000.0,1758124800,5,1484273.244978369,2463236.025,1.659556980720149,385061.26574999996,25.942747876965985,38.59189779094056,28.205636160371405,True,False,0.3616650787286967
100000.0,1758182400,5,1407739.0925973689,2516326.045,1.787494613335783,388550.36075,27.601020870500918,35.085442183700344,24.755379626406686,True,False,0.38132762159041234
100000.0,1758340800,3,1447568.1218987207,1443836.46,0.9974221165537784,216575.469,14.961331748306678,74.13778661781227,60.2067636883873,True,False,0.3472468703860894
100000.0,1758398400,3,1458245.626771408,1407320.05,0.9650775042033499,211098.0075,14.476162563050249,77.05967030532886,62.89489668090257,True,False,0.3447042739383416
100000.0,1758470400,3,1467789.7990101678,1383821.15,0.9427924563402785,216632.3725,14.759086937795193,78.17518027988643,64.85430644040483,True,False,0.342462865145255
100000.0,1758715200,2,1565362.1372682338,942310.9,0.6019762951750312,149796.011,9.569415755859156,129.6179075519314,112.89559845000063,True,False,0.3320906310581869
100000.0,1758758400,2,1569940.5669450338,1071885.55,0.6827554956973912,166363.99599999998,10.596834014151865,113.35167256706053,97.1722534701608,True,False,0.355501578690998
100000.0,1759075200,1,1595782.0656607854,494463.2,0.3098563460764622,84058.744,5.267557883299857,261.30786175688877,238.18415860444787,True,False,0.3098563460764622
100000.0,1759089600,2,1584374.0656607854,1046487.8,0.6605055098295538,167090.59399999998,10.546158108837291,116.78548980996322,101.11935299471513,True,False,0.34121777913256124
100000.0,1759118400,3,1600815.9156607853,1575070.85,0.9839175351713328,251710.5405,15.723890425970612,73.85149543216704,61.30762705237216,True,False,0.3404669423061205
100000.0,1759348800,1,1513096.2777976303,763926.8,0.5048765311298795,114589.02,7.573147966948191,159.18976368548834,138.4545825906493,True,False,0.5048765311298795
100000.0,1759622400,2,1531991.2601396702,1660084.6600000001,1.083612356801991,249012.699,16.25418535202986,67.20341186851279,53.82713891903176,True,False,0.5701945714235739
100000.0,1759939200,1,1586616.4503252606,899160.0,0.5667154149420736,134874.0,8.500731224131105,140.396007319417,121.16432673386366,True,False,0.5667154149420736
100000.0,1759968000,2,1595336.4503252606,1194255.8,0.7485918094308649,179138.37,11.228877141462974,110.44638018090292,96.70825866183975,True,True,0.5636177872176602
100000.0,1760126400,5,1711466.2503252607,2013827.75,1.1766681052677936,323911.8995,18.9259881366893,73.13634610735404,65.0912393626138,True,True,0.5253740760760643
100000.0,1760140800,5,1737631.4439727927,2217805.5,1.2763382636132394,354858.518,20.421966880886867,66.71492696007783,58.78062886683452,True,True,0.5174630115717903
100000.0,1760356800,5,1871221.6383659928,2605917.89,1.3926291982576506,414812.49250000005,22.16800425962511,58.738552029724666,50.090877575522406,True,True,0.5136965714223911
100000.0,1760385600,3,1913697.923817398,1773562.92,0.9267726624597783,266034.43799999997,13.901589936896674,91.5945532897846,80.97586447590281,True,True,0.5022946035717809
100000.0,1760400000,3,1910053.7687520322,1704645.16,0.8924592531830977,255696.774,13.386888797746467,95.28782491870656,84.44720257489483,True,True,0.5032529218421131
100000.0,1760788800,1,1915004.2045717835,364744.05000000005,0.1904664486528169,54711.607500000006,2.8569967297922534,600.0315909106135,666.7024696986954,False,True,0.1904664486528169
100000.0,1760932800,2,1943201.1545717835,761934.2,0.3921025871188846,121669.994,6.261317502500764,284.4967973380326,306.7137301483136,False,True,0.1898893478587469
100000.0,1762516800,1,1923953.9032931875,240952.8,0.1252383435941821,45781.032,2.37952852828946,962.3179061908113,1031.3033386860761,False,True,0.1252383435941821
100000.0,1762948800,1,1946888.7273613873,235501.15000000002,0.1209628196466955,40035.19550000001,2.056367933993824,975.5425371845955,1068.9337411509523,False,True,0.1209628196466955
100000.0,1763136000,1,1914191.0159120823,345370.25,0.1804262203348794,58712.942500000005,3.06724574569295,647.2809256439702,705.6575577126605,False,True,0.1804262203348794
100000.0,1763524800,1,1899156.4532669173,778631.725,0.40998819431679917,116794.75875,6.149822914751987,199.0517062944663,175.12756979090904,True,False,0.40998819431679917
100000.0,1763654400,2,1959074.7032669173,1092943.525,0.5578876207106483,163941.52875,8.368314310659725,156.83278180142636,142.98106607458146,True,True,0.39744871581546526
100000.0,1763755200,3,1963047.8032669171,1403733.125,0.7150784217602333,231444.46875,11.790057703374751,125.32285480755017,114.99973408767184,True,True,0.39664430163350883
100000.0,1764705600,1,2012913.9645662268,396258.8,0.19685828951233483,59438.81999999999,2.952874342685022,579.9760289060723,643.9728327602153,False,True,0.19685828951233483
100000.0,1764763200,2,2013790.7645662269,740588.3500000001,0.36775834065339147,111088.2525,5.5163751098008715,302.2561107810196,329.22359221848893,False,True,0.19677257785287075
100000.0,1766174400,1,1985027.1387059283,282497.0,0.14231392331702045,42374.549999999996,2.134708849755307,809.0258069188984,903.5625811747515,False,True,0.14231392331702045
100000.0,1766246400,2,1987198.6387059283,599190.74,0.30152533739163356,89878.611,4.5228800608745034,372.5259854759769,408.8627835394404,False,True,0.1582741824968329
100000.0,1766980800,1,1981106.3981373291,308470.0,0.15570592285706053,46270.5,2.3355888428559077,737.9250906799324,822.9817694372567,False,True,0.15570592285706053
100000.0,1767369600,1,1972197.317866429,311952.39999999997,0.15817504525230652,53031.907999999996,2.688975769289211,741.2180453706342,809.614636876835,False,True,0.15817504525230652
100000.0,1767470400,2,1984674.617866429,568761.7,0.2865767994813336,101576.12900000002,5.118024288998904,403.0729127262428,431.9288008472744,False,True,0.15718062658319074
100000.0,1767542400,3,1995024.317866429,964119.3999999999,0.4832619789973656,161316.45799999998,8.085939432182924,228.4131963067008,242.5694670689722,False,True,0.19298411380355768
100000.0,1767744000,1,2020929.2393552528,391983.4,0.19396196183744485,82316.514,4.073201198586341,626.0316530438622,654.0866745395349,False,True,0.19396196183744485
100000.0,1767787200,2,2008611.6393552527,643427.25,0.3203343231678846,119294.0355,5.939128956670408,360.46515496209844,382.89847103517457,False,True,0.19515141320490573
100000.0,1770364800,1,1999173.321147174,436788.45,0.21848453327166262,91725.5745,4.588175198704915,552.7826613869314,576.9310699942345,False,True,0.21848453327166262
100000.0,1770408000,2,2031538.6711471742,906152.05,0.44604223531138193,172812.0005,8.506458821303958,253.46040652143245,265.5920212135368,False,True,0.21510703005876564
100000.0,1770422400,3,2035187.9711471742,1238266.5,0.6084285665770844,235893.158,11.5907307503903,179.50345821818297,185.8104423829253,False,True,0.2147213211729417
100000.0,1770451200,4,1982048.1211471742,1575436.65,0.7948528762703123,284103.9175,14.333855695469477,131.4877382810533,134.41259464137977,False,True,0.22047812327940514
100000.0,1770868800,1,1984369.7871519984,299677.0,0.15101872742685807,62932.17,3.1713932759640193,811.6070019995783,849.5593754395559,False,True,0.15101872742685807
100000.0,1771761600,1,2042398.8235529284,317352.75,0.1553823603599309,47602.9125,2.330735405398963,739.4984662605879,824.7649284286664,False,True,0.1553823603599309
100000.0,1771905600,2,2019983.5735529284,572462.96,0.2833998095306789,85869.444,4.250997142960183,397.48045667606647,437.1445175662086,False,True,0.15710659935803908
100000.0,1772193600,1,2022367.7893031996,308967.10000000003,0.15277493126334535,52524.40700000001,2.5971738314768715,768.1417470932578,839.4102001165386,False,True,0.15277493126334535
100000.0,1772251200,2,2002909.9893031996,538971.45,0.2690941943863912,86635.9035,4.325501593316238,423.6399506142283,462.15611279674766,False,True,0.1542591038289683
100000.0,1772798400,1,2059560.023931686,322894.55,0.15677841201423035,54892.0735,2.665233004241916,748.0035172106651,817.1238923798027,False,True,0.15677841201423035
100000.0,1773849600,1,2046303.1234456096,266224.7,0.13010032431154436,39933.705,1.9515048646731654,886.6324612013879,991.5167893615727,False,True,0.13010032431154436
100000.0,1773921600,2,2040569.2234456094,535492.0,0.26242285429346685,80323.79999999999,3.9363428144020025,430.6639662976476,474.75249513733405,False,True,0.13476690564588928
100000.0,1774296000,1,2043136.7609078158,301372.60000000003,0.14750485908055064,45205.89000000001,2.21257288620826,779.9338449979764,870.5916909977067,False,True,0.14750485908055064
100000.0,1775044800,1,2035732.5892965817,272801.55,0.13400657406298275,40920.2325,2.010098610944741,860.2729958167423,961.6427285923079,False,True,0.13400657406298275
100000.0,1775102400,2,2027998.2892965816,572680.05,0.28238685063123803,85902.0075,4.23580275946857,398.96957385800357,438.8321837057374,False,True,0.1516829681876589
100000.0,1775520000,1,2030426.789929347,273790.9,0.13484401474506114,41068.635,2.022660221175917,854.8207258679556,955.4634893170162,False,True,0.13484401474506114
100000.0,1775649600,3,2047400.689929347,1064977.0,0.5201605163260695,167651.40399999998,8.188499926987198,209.48352463238402,222.99779743967517,False,True,0.19304609104807877
100000.0,1776456000,1,2043373.0004085458,391654.64999999997,0.19167065920989154,58748.197499999995,2.875059888148373,596.1508970477363,662.3043499874344,False,True,0.19167065920989154
100000.0,1778673600,1,2019865.1134397788,277887.75,0.13757737987105695,41683.1625,2.0636606980658545,837.4866770696309,935.8182340122485,False,True,0.13757737987105695
100000.0,1781985600,1,2015498.3143794239,277413.0,0.1376399067271937,41611.95,2.064598600907905,837.098208162951,935.3779692513443,False,True,0.1376399067271937
100000.0,1785297600,1,2025890.548326264,289368.45,0.1428351843780842,60767.3745,2.999538871939768,859.6298899854755,900.1434841180342,False,True,0.1428351843780842
100000.0,1787212800,1,2022677.7810745167,383592.00000000006,0.18964562897221457,57538.80000000001,2.8446844345832187,602.7050128857855,669.7323479372237,False,True,0.18964562897221457
100000.0,1787227200,2,2023425.7810745167,783351.55,0.38714123212565293,141443.4255,6.990294718143214,293.185626376118,311.07155632734185,False,True,0.1971960393764033
