start_equity,strat,coin,t_in,notional,qv,participation_pct,pnl
5000.0,FL,AAVE,1654012800,563.0,44234639.541,0.0012727581954820025,-25.593751179999952
5000.0,FL,SOL,1654488000,645.15,286816787.517,0.00022493453245366995,-56.73157101600037
5000.0,FL,HBAR,1654488000,485.75,3070950.12597,0.015817580230045886,-40.24784127000001
5000.0,FL,AAVE,1654646400,481.59999999999997,26319856.535,0.0018297972078972807,-1.0502665279999561
5000.0,FL,SOL,1654588800,760.8,262780440.05,0.00028951926553408633,23.55222175999988
5000.0,FL,XLM,1654704000,695.6,7439862.79131,0.00934963479182013,-31.684656852000465
5000.0,FL,HBAR,1655035200,373.35,4172783.41776,0.008947265233344383,-54.22224861749998
5000.0,FL,SOL,1655164800,433.65000000000003,479268079.91,9.048171955900621e-05,15.634526283000012
5000.0,FL,AVAX,1655366400,812.5,105110334.12,0.0007729972574080139,-55.17209187500002
5000.0,FL,HBAR,1655366400,652.1,1974401.31195,0.03302773332114327,-5.681566539000044
5000.0,FL,BCH,1655539200,923.68,53605658.14636,0.0017231016872847047,9.15373377120004
5000.0,FL,AAVE,1655668800,810.9000000000001,19520096.971,0.004154180182632865,114.21051492899997
5000.0,FL,AVAX,1655668800,808.0,87410136.54,0.0009243779176917871,-6.035722879999894
5000.0,FL,SOL,1655798400,928.5,395434915.83,0.00023480475871765662,-7.150661159999931
5000.0,FL,HBAR,1655841600,736.8,2706867.53894,0.027219654800268816,-6.34358427199984
5000.0,FL,XRP,1656129600,743.1999999999999,39995092.37678,0.0018582279870704348,-20.448117320000357
5000.0,FL,SOL,1656144000,627.4499999999999,169565303.07,0.0003700344284119115,-23.95543669800007
5000.0,FL,SOL,1656662400,646.5999999999999,232822150.73,0.00027772271580372575,40.41965001999974
5000.0,FL,AAVE,1657296000,716.3,26532108.17,0.0026997477750747463,35.84538699000003
5000.0,FL,AAVE,1657569600,698.6,45537037.611,0.0015341358082354593,211.30995325999993
5000.0,FL,BCH,1657915200,636.3,10466830.67857,0.006079204102372396,88.23044205599997
5000.0,FL,SOL,1657958400,734.8000000000001,59255048.41,0.001240063116505688,173.95496316799884
5000.0,FL,AAVE,1658016000,456.59999999999997,22296500.9,0.002047854961851884,24.797251438
5000.0,FL,XRP,1658073600,697.0,59455327.15802,0.0011723087456024213,39.82213954000005
5000.0,FL,BCH,1658188800,702.96,27195651.55187,0.0025848249991703683,51.246469970400035
5000.0,FL,BCH,1658952000,763.92,17121009.4595,0.0044618864431274574,107.58255350160009
5000.0,FL,AAVE,1659067200,493.29999999999995,22626976.841,0.0021801410036631236,-17.483676999999975
5000.0,FL,SOL,1659096000,639.45,290715862.92,0.00021995703763023268,-4.320517290001138
5000.0,FL,XRP,1659268800,975.25,44952229.36792,0.0021695253243568468,-45.16609482750013
5000.0,FL,AAVE,1660219200,533.45,36936303.36,0.0014442430656926466,11.87684504800003
5000.0,FL,SOL,1660449600,715.6500000000001,201208118.0,0.0003556765040663022,-59.79262681950041
5000.0,FL,BCH,1661356800,800.28,19992848.92541,0.004002831227233857,-86.34852695399994
5000.0,FL,BCH,1662753600,1061.44,19163703.56257,0.005538804107120371,-23.862182275199988
5000.0,FL,BCH,1662998400,900.4799999999999,21361498.61206,0.004215434583281617,-74.92426412799998
5000.0,FL,XLM,1663041600,567.85,3681500.21719,0.015424418484305459,-47.118550044500275
5000.0,FL,XRP,1663531200,715.1999999999999,443911218.73898,0.00016111329694069705,70.279407184
5000.0,FL,XLM,1663761600,561.25,15196612.12029,0.0036932573889323535,36.47745412499972
5000.0,FL,XRP,1663790400,786.4,303677061.89667,0.0002589593020587056,188.8350124959998
5000.0,FL,HBAR,1663905600,604.5,3151654.20883,0.019180403684718024,-7.487584999999953
5000.0,FL,XRP,1664294400,666.6,622819682.94367,0.00010702937274708603,-5.943778962000052
5000.0,FL,XRP,1664568000,959.4,319502731.82104,0.000300279122664084,-64.49160003600069
5000.0,FL,XLM,1664524800,569.9499999999999,13020485.00853,0.00437733309954747,5.3945272889992655
5000.0,FL,XLM,1664784000,576.35,15078813.30922,0.0038222503865578635,21.78809333099977
5000.0,FL,XRP,1665100800,733.5,212481508.76393,0.0003452065096238229,61.526623049999074
5000.0,FL,HBAR,1665259200,602.4,1859820.0565,0.03239023032871568,-22.089880152000006
5000.0,FL,XRP,1665417600,520.9,432644967.58585,0.0001203989504157673,-33.337267567999945
5000.0,FL,XLM,1665446400,617.0,25140541.43916,0.0024542033093962485,-50.74862238000018
5000.0,FL,HBAR,1665432000,582.0,2556239.81219,0.02276781690139568,68.38870639999996
5000.0,FL,HBAR,1665691200,973.6499999999999,12451473.63338,0.007819556372747977,-71.8180013145
5000.0,FL,XRP,1665720000,748.35,207982968.10956,0.0003598131168153099,-23.941994665500243
5000.0,FL,HBAR,1666123200,622.1999999999999,3299353.94089,0.018858237435179857,-40.710552335999985
5000.0,FL,AAVE,1666281600,808.4000000000001,25536335.628,0.0031656852094065066,35.028742496000035
5000.0,FL,AAVE,1666641600,425.6,14248213.057,0.0029870412401708656,-9.629042080000046
5000.0,FL,SOL,1666771200,937.1999999999999,157648786.95,0.0005944860205598937,-27.148928172000144
5000.0,FL,AAVE,1666828800,849.3000000000001,23727291.811,0.003579422408444707,6.993591514999942
5000.0,FL,AVAX,1667073600,914.0,27571241.467,0.0033150484032210374,15.195357140000084
5000.0,FL,AAVE,1667620800,478.7,11278686.375,0.004244288599610963,-58.07484732500002
5000.0,FL,BCH,1667764800,582.7,20230168.03842,0.00288035175433723,-69.23762518099994
5000.0,FL,AVAX,1668081600,778.65,78433872.631,0.0009927471051483544,-73.73249191949996
5000.0,FL,SOL,1668081600,1309.425,1384367590.83,9.458651074133656e-05,-91.43597301074998
5000.0,FL,XLM,1668081600,498.3,32360860.44212,0.001539823086259556,-37.58250100000062
5000.0,FL,HBAR,1668038400,947.4000000000001,6227059.86501,0.015214242684954157,11.591244270000052
5000.0,FL,SOL,1668254400,1035.4399999999998,132130731.638,0.0007836481242204926,-56.347903992799814
5000.0,FL,SOL,1668470400,921.8299999999999,132079614.96,0.0006979351054885904,-14.96164827690061
5000.0,FL,HBAR,1668787200,480.2,2725101.64961,0.017621361025880383,-8.235839272000046
5000.0,FL,SOL,1669060800,650.375,101535001.108,0.0006405426630253482,154.1074939525002
5000.0,FL,AVAX,1669132800,610.35,22029244.123,0.0027706352364707506,33.27766195800001
5000.0,FL,HBAR,1669420800,501.1,1916017.30965,0.02615320840141764,-23.317012999999974
5000.0,FL,XRP,1669435200,610.3499999999999,47168804.91397,0.0012939696079076032,-37.423858837499736
5000.0,FL,SOL,1669651200,667.45,126730125.355,0.0005266703541327054,7.664766250500082
5000.0,FL,SOL,1672632000,775.81,282610197.243,0.00027451592602404447,169.4380158701996
5000.0,FL,SOL,1672891200,1125.145,126914340.718,0.0008865388998868456,8.579912880049081
5000.0,FL,SOL,1673222400,1203.6,637145067.293,0.00018890517431354573,-7.743916908000835
5000.0,FL,AAVE,1673251200,925.6500000000001,10329213.61,0.008961476013080536,-9.514348499999967
5000.0,FL,HBAR,1673265600,892.4,7516652.98983,0.011872305415820225,-25.660648859999963
5000.0,FL,XLM,1673265600,801.5999999999999,6169284.73062,0.012993402558021354,-1.8783520000009841
5000.0,FL,AVAX,1673352000,634.9,53907506.391,0.0011777580572823495,146.625064982
5000.0,FL,XRP,1673524800,1101.3,294430580.49671,0.00037404402699681735,61.03173899999797
5000.0,FL,BCH,1673654400,1023.28,68379510.98934,0.0014964716553172248,-26.05212639999991
5000.0,FL,AVAX,1673611200,782.75,91021177.195,0.0008599647072494666,43.05009632750018
5000.0,FL,HBAR,1673625600,973.4,6294117.04855,0.01546523511545191,88.5756005520001
5000.0,FL,AAVE,1673654400,738.5,23384199.252,0.003158115409647126,76.49703944500017
5000.0,FL,AAVE,1674043200,817.4,72593466.911,0.0011259966423729797,-4.4814060000000016
5000.0,FL,AVAX,1674043200,816.75,87622982.567,0.0009321184648964449,-9.345647500000009
5000.0,FL,SOL,1674043200,1089.05,433189661.362,0.00025140258347253647,-21.79055400000128
5000.0,FL,HBAR,1674273600,1083.0,17973362.63807,0.006025583647358566,-39.19329398999994
5000.0,FL,AVAX,1674288000,860.9,71482126.034,0.0012043570158930621,47.26958781699995
5000.0,FL,XLM,1674288000,894.3,12596069.69548,0.007099833691146632,47.21708899999826
5000.0,FL,HBAR,1674446400,1046.6999999999998,3814275.95998,0.027441643210458434,-78.86546099999975
5000.0,FL,AVAX,1674633600,862.3,32493620.791,0.002653751656506183,158.14059000200015
5000.0,FL,HBAR,1674734400,683.9000000000001,11247432.82974,0.006080498637801684,-4.15153700000007
5000.0,FL,HBAR,1675281600,696.9,10082816.36238,0.006911759323518019,34.81560300000013
5000.0,FL,HBAR,1676217600,441.3,19506262.25277,0.0022623503892311965,-5.607579000000048
5000.0,FL,HBAR,1676390400,873.5999999999999,23649877.52181,0.003693888051616178,-3.060767999999814
5000.0,FL,AAVE,1676534400,884.7,7431127.916,0.011905325947830179,-7.995143000000004
5000.0,CS,AAVE,1676952000,1842.0,6976929.072,0.026401300357092122,118.4500200000001
5000.0,CS,LTC,1677052800,1899.8,112049206.5707,0.0016955050893656064,56.424850000003296
5000.0,CS,DOGE,1677096000,1710.0000000000002,47412160.67707,0.003606669629859349,95.4537174999999
5000.0,CS,XRP,1677153600,1946.0,87725084.24407,0.002218293680500563,66.20755138000264
5000.0,CS,AAVE,1677225600,1709.1999999999998,9210609.926,0.018556860118190608,75.47525199999984
5000.0,CS,LTC,1677340800,2301.0,57301935.55893,0.004015571162746543,-62.790103889996224
5000.0,CS,DOGE,1677369600,2436.8999999999996,26198272.84083,0.009301758229657384,-21.975102591000656
5000.0,CS,BTC,1677398400,2324.42,979346877.5853,0.00023734389246547077,-51.25396777979936
5000.0,CS,XRP,1677571200,2071.85,57276248.70584,0.003617293462497222,49.9987844895031
5000.0,CS,DOGE,1677643200,1646.1999999999998,39758732.84427,0.004140474009692311,117.8527049999995
5000.0,CS,HBAR,1677700800,1767.7499999999998,3248449.99134,0.05441826116186554,155.90487407999947
5000.0,CS,BTC,1677772800,1641.962,1803088104.1112,9.106388069757556e-05,72.56344870641996
5000.0,CS,LTC,1677888000,1804.8,31986802.77441,0.005642326970683896,50.77850048000134
5000.0,CS,LTC,1678161600,2644.5,29908535.20812,0.008841957593703997,438.6931340550025
5000.0,FL,XRP,1678377600,757.1999999999999,310824615.62305,0.00024361004950723984,-34.87534140000006
5000.0,FL,XLM,1678752000,848.3000000000001,5188506.51413,0.01634959882366538,-9.419354903001
5000.0,FL,XLM,1679169600,854.9,4128278.80913,0.020708388157052865,105.32785365099849
5000.0,FL,XLM,1679515200,907.4,12082316.52787,0.007510149216062346,-22.79701941200104
5000.0,FL,XRP,1679500800,1645.2,809839251.60319,0.0002031514274892328,149.9442163159984
5000.0,FL,XLM,1679716800,1345.8,6391572.12849,0.021055852503035797,49.05164209799807
5000.0,FL,XRP,1680134400,1066.6,768406072.34702,0.00013880681561276268,-4.755773262000795
5000.0,FL,XLM,1680134400,1016.3,16233574.25288,0.006260482036602002,58.5788467319989
5000.0,FL,HBAR,1680321600,1068.1499999999999,10089800.11252,0.010586433706199773,-3.022592895000066
5000.0,FL,XLM,1680393600,1076.8999999999999,6419330.64615,0.016775892368869824,-18.49077327400051
5000.0,FL,XRP,1680321600,1018.0,348709367.594,0.0002919336543850037,-26.90173891999931
5000.0,FL,XRP,1680580800,744.3,103434948.9177,0.0007195827017734757,15.40102628099914
5000.0,FL,AAVE,1681300800,1178.4,12567304.838,0.009376712152607691,68.00498400000006
5000.0,FL,SOL,1681444800,1370.27,187803601.98,0.0007296292432910451,-40.41520315250148
5000.0,FL,SOL,1681776000,855.225,92327474.535,0.0009262952380180145,-57.9533602585008
5000.0,FL,AVAX,1681876800,1036.35,32655429.175,0.0031735917309376467,-84.92096798699995
5000.0,CS,AVAX,1682179200,2573.7000000000003,24178738.071,0.010644476119648687,-0.3705480209997747
5000.0,CS,LINK,1682179200,2858.0,25520031.48227,0.011199045745635506,23.7198473000001
5000.0,FL,AVAX,1682553600,868.45,51360911.412,0.0016908773153061585,-5.6457995949999535
5000.0,CS,BCH,1683460800,2457.0,6103543.42616,0.04025530463941998,-17.030831160000446
5000.0,FL,BCH,1683720000,1290.41,80503785.93376,0.001602918403193824,-47.58600847330014
5000.0,CS,AAVE,1683720000,2287.25,11945046.543,0.019148104544978665,111.41222749999974
5000.0,CS,AAVE,1683979200,2172.7999999999997,2942633.11,0.07383863087165493,-10.599215648000094
5000.0,FL,AAVE,1684483200,973.1999999999999,2123278.595,0.045834776571088635,-8.844708000000006
5000.0,CS,LINK,1684512000,2271.5,16550433.68435,0.013724715879487303,-8.815176614999993
5000.0,CS,SOL,1684512000,2443.7999999999997,33556034.828,0.007282743663029076,76.16310777000079
5000.0,CS,SOL,1684814400,2380.3199999999997,56945334.838,0.004180008786973707,58.661177721601504
5000.0,CS,SOL,1685073600,2316.12,36413316.518,0.006360640066540176,-139.90722959999772
5000.0,CS,BTC,1685030400,2381.2110000000002,2114028469.75789,0.00011263854929412135,-96.32365933032028
5000.0,FL,SOL,1685361600,1228.8600000000001,55599173.28,0.0022102127199111476,-4.915624800001752
5000.0,CS,AVAX,1685462400,3631.25,17487947.191,0.020764301037395558,1.2616958749998473
5000.0,CS,BTC,1685664000,2428.659,2287550516.89141,0.00010616854063185214,12.574946596319725
5000.0,FL,SOL,1685966400,997.0,174610094.24,0.0005709864623460041,-34.98567993000109
5000.0,FL,HBAR,1686009600,728.5500000000001,2287265.30044,0.03185244841776112,-14.797837810499958
5000.0,FL,XRP,1685966400,1007.8000000000001,380978309.69507,0.0002645294953423017,38.761457919999
5000.0,FL,AAVE,1686067200,1252.3999999999999,12257921.749,0.010217066364468924,-55.11655600000002
5000.0,CS,BTC,1686225600,3471.7670000000003,3367354779.87239,0.00010310071931688668,123.12373992451
5000.0,CS,SOL,1686254400,3680.2350000000006,43916038.138,0.008380161681332404,634.1448401145009
5000.0,FL,HBAR,1686398400,1092.0,4540568.20484,0.024049853470673278,35.39369280000067
5000.0,CS,BTC,1686513600,2331.8910000000005,1942771269.02003,0.00012002910672939125,69.55102406502031
5000.0,FL,HBAR,1686974400,1595.6499999999999,4565750.46517,0.03494825247618056,-29.435873264000136
5000.0,FL,SOL,1686974400,1267.76,137007212.963,0.0009253235450766886,-35.31900498559985
5000.0,FL,HBAR,1687348800,1738.8,6361064.16805,0.02733504888590101,71.4058118480001
5000.0,FL,BCH,1687406400,1491.49,75710619.13311,0.0019699878525332743,742.7130559739003
5000.0,FL,XLM,1687449600,1303.8,5445363.55624,0.023943304914984746,63.84227399999746
5000.0,FL,HBAR,1687608000,1297.0000000000002,5455322.36532,0.02377494698104647,-28.561746860000216
5000.0,FL,AAVE,1687780800,1962.6000000000001,38433899.916,0.005106429491384951,-131.75335420200014
5000.0,FL,BCH,1687752000,1545.92,192621200.22977,0.0008025700172960893,292.0540609087999
5000.0,FL,XLM,1688011200,1539.3000000000002,30909578.18683,0.004980009726098002,45.288429653998094
5000.0,FL,HBAR,1688054400,1213.5,1683102.38804,0.0720990005494045,28.915245000000056
5000.0,FL,BCH,1688126400,1473.25,1487753197.62833,9.902516105148018e-05,-18.977490802499666
5000.0,FL,SOL,1688126400,1187.55,482139145.463,0.00024630856282362043,60.67881802449825
5000.0,FL,AAVE,1688155200,1057.5,24161734.028,0.004376755404949448,33.595574999999975
5000.0,FL,SOL,1688400000,1156.44,85765529.304,0.0013483738856212772,-45.31803233640105
5000.0,FL,BCH,1688457600,1136.84,236729962.94748,0.00048022649344654984,-22.292340713999806
5000.0,FL,AAVE,1688558400,1441.0,57194332.664,0.0025194803975866877,30.946949689999897
5000.0,FL,BCH,1688716800,1112.52,217204881.11693,0.0005121984341599977,-38.66727586920011
5000.0,FL,XLM,1688688000,962.2,6703768.13599,0.014353121714253682,16.76722407600018
5000.0,FL,AVAX,1688947200,1328.8,54850862.99,0.0024225689944791877,-15.652358175999916
5000.0,FL,SOL,1688889600,1403.74,128163373.217,0.0010952739185658416,29.32232679999901
5000.0,FL,SOL,1689220800,1305.0600000000002,149129305.645,0.0008751197454822697,351.99956009039875
5000.0,FL,BCH,1689307200,1091.84,154819085.90144,0.0007052360460874187,-64.14095859200002
5000.0,FL,AAVE,1689350400,1184.7,80071470.368,0.0014795531973563671,-18.90124828800008
5000.0,FL,AVAX,1689350400,715.4,180574861.196,0.00039617917757859373,-2.616257999999923
5000.0,FL,XLM,1689408000,1307.7,54289895.29432,0.0024087355352420733,-43.04444818000017
5000.0,FL,XLM,1689609600,632.4000000000001,48919835.93765,0.0012927271481572738,203.78774341199997
5000.0,FL,XRP,1689854400,1180.5,657957353.9511,0.00017941892326470385,-31.111734945000876
5000.0,FL,HBAR,1689897600,1694.1000000000001,9807535.80653,0.017273452102739645,-98.47641904199972
5000.0,FL,XLM,1689912000,1621.8,100275258.88051,0.0016173481057102721,-70.9442083880002
5000.0,FL,HBAR,1690070400,1332.75,5347224.69648,0.02492414431129722,-28.688932500000067
5000.0,FL,XLM,1690084800,775.25,59861982.75356,0.0012950623489895944,-64.30060993499964
5000.0,FL,HBAR,1690329600,781.05,4964302.22893,0.01573332895504121,-7.129321499999999
5000.0,FL,XLM,1690257600,711.75,33418087.689,0.0021298346171803296,79.08733884250005
5000.0,FL,XLM,1690560000,806.9999999999999,48822722.82044,0.0016529188733860275,-28.749659339999898
5000.0,FL,XLM,1690891200,747.1500000000001,75684445.79703,0.0009871909507056464,-43.632641068999874
5000.0,CS,ETH,1691121600,2755.0950000000003,307858608.03314,0.0008949221909375433,1.9444019821501473
5000.0,FL,HBAR,1691121600,1578.0,3785893.59074,0.04168104470394162,82.14243858000012
5000.0,FL,AAVE,1691150400,1304.4,45412553.561,0.002872333523918396,-26.395755999999935
5000.0,CS,XRP,1691467200,2798.1000000000004,103798854.01239,0.0026956945012764823,-148.7408140439999
5000.0,CS,ETH,1691380800,2754.27,365313656.49184,0.0007539466294388373,-20.4830276241005
5000.0,FL,AAVE,1691424000,970.8000000000001,14201995.107,0.006835659304807842,32.41810799999992
5000.0,FL,HBAR,1691611200,1492.5,10512585.86921,0.014197268099101467,-80.93403737500003
5000.0,FL,HBAR,1691784000,1415.75,3175113.22851,0.04458896102626159,212.72722531000053
5000.0,CS,XRP,1692072000,3135.5,62693624.68164,0.005001305979550804,604.9399288350035
5000.0,FL,HBAR,1692158400,1558.0,70387258.51392,0.0022134687909344916,-152.38947343999965
5000.0,FL,HBAR,1692331200,1973.2999999999997,20862244.17573,0.009458713949363269,202.3168506099997
5000.0,FL,XLM,1692374400,1741.0500000000002,17627868.18159,0.009876690601863584,123.83693225400069
5000.0,FL,HBAR,1692590400,934.0500000000001,38816960.36533,0.002406293515023041,-59.39578379250017
5000.0,FL,XLM,1693310400,1238.3,49298367.46843,0.0025118478837924813,-57.923720101000676
5000.0,FL,AVAX,1693353600,1596.1499999999999,19386787.761,0.008233184474278621,-98.18727179849981
5000.0,FL,HBAR,1693353600,1377.0,10657624.8477,0.012920327180564697,-84.47465189999998
5000.0,CS,BCH,1694044800,2891.7,15289264.35138,0.018913270995533523,10.1774390339997
5000.0,FL,XLM,1694088000,1229.9,12115202.40261,0.010151708235060444,77.51457989900112
5000.0,CS,XLM,1695096000,2947.0,4948417.96918,0.059554387247695365,67.02660686000071
5000.0,FL,SOL,1695182400,1296.36,59199413.82,0.0021898189802042195,-24.421526360400236
5000.0,CS,XLM,1695355200,2875.0,9019119.82584,0.03187672473053362,65.2697087500005
5000.0,CS,XLM,1695657600,3949.3999999999996,6433831.84831,0.06138488062968888,-36.30734902199656
5000.0,CS,XLM,1695916800,2843.25,7213072.27508,0.039418016228992596,32.78337441000157
5000.0,FL,SOL,1696190400,2029.2050000000002,382240920.999,0.0005308706861360113,-28.278234693401757
5000.0,CS,XLM,1696190400,5143.5,11183327.10131,0.0459925740649891,79.43256346500237
5000.0,CS,XLM,1696564800,2778.25,3034901.17037,0.09154334339201199,23.60644617000233
5000.0,FL,AVAX,1696838400,1445.85,71548177.792,0.0020208061820991123,-42.52568674649982
5000.0,FL,AVAX,1697457600,1396.5,83958222.551,0.0016633272567814345,-47.97518503500026
5000.0,FL,SOL,1697673600,1875.2,103121600.677,0.0018184356989119548,498.6019092479989
5000.0,FL,AVAX,1697760000,1844.3999999999999,24812888.555,0.007433233724125756,196.3967081480005
5000.0,FL,AAVE,1697803200,1640.5,31246019.278,0.005250268795536009,457.5486706749999
5000.0,FL,SOL,1697961600,1982.82,260706404.672,0.0007605566892361644,265.83733357019827
5000.0,FL,AAVE,1698120000,2099.5,23693344.98,0.008861138019018536,-16.29815499999992
5000.0,FL,XRP,1698148800,1937.6000000000001,897569665.28283,0.00021587182309569807,-24.748192000002526
5000.0,FL,AAVE,1698321600,1579.6000000000001,28167751.492,0.005607831354407634,110.45659600000003
5000.0,FL,SOL,1698926400,2002.0499999999997,1029741256.666,0.00019442262675597267,29.837990999996308
5000.0,FL,AAVE,1699358400,1449.75,21162543.682,0.006850546993710867,12.564997500000072
5000.0,FL,XRP,1699358400,1344.4,257787119.19969,0.0005215155839336508,-53.17107794800111
5000.0,FL,SOL,1699588800,1428.06,386290277.011,0.00036968572210771295,315.31170632039897
5000.0,FL,AVAX,1700208000,2179.1,353627507.003,0.0006162133761787692,-49.55700699999983
5000.0,FL,AVAX,1700640000,998.45,74665794.024,0.0013372254498211936,36.883208500000066
5000.0,CS,BCH,1700683200,3577.28,22217088.07387,0.016101480032422958,-69.25419493759941
5000.0,CS,XLM,1700697600,3544.2,2701689.02412,0.13118460223801753,-71.67473461799636
5000.0,CS,XRP,1700726400,3375.9000000000005,148363493.43877,0.0022754249861292484,-89.59800299999353
5000.0,CS,BCH,1701158400,3783.3500000000004,15315380.13275,0.024702945452263283,-44.76599800000005
5000.0,CS,XRP,1701158400,3931.85,86305092.18794,0.0045557566770659495,-42.886564499992915
5000.0,CS,XLM,1701288000,3558.2999999999997,2443731.73691,0.14560927233769638,-91.81554840599624
5000.0,CS,BCH,1701432000,3355.65,13498991.13523,0.02485852436218246,-340.3334520000006
5000.0,CS,XRP,1701417600,3362.7000000000007,75018407.07552,0.004482499870484876,-46.015328447000336
5000.0,FL,AVAX,1701676800,1101.3,205619215.743,0.0005356016926825051,221.66517647600006
5000.0,FL,AVAX,1701950400,1344.55,182561588.542,0.000736491181270957,309.29307602899996
5000.0,CS,SOL,1702339200,4986.24,371476381.526,0.001342276453624551,-315.955423974394
5000.0,CS,BCH,1702353600,3285.1,14584681.06432,0.02252431839621558,6.554211999999833
5000.0,CS,LINK,1702353600,3760.0,59285762.67283,0.006342163498426522,36.06799999999946
5000.0,CS,XRP,1702353600,3751.2,82964357.70352,0.0045214597012915156,-35.48388770399421
5000.0,FL,AVAX,1702468800,1951.3999999999999,694250314.987,0.0002810801749562822,288.87857946400015
5000.0,CS,ADA,1703937600,3050.5,47249923.3077,0.006456095135085395,-14.51101327999977
5000.0,CS,XRP,1703952000,3439.7,49587009.09822,0.006936695845451734,-6.6574039180028866
5000.0,CS,DOGE,1703995200,3622.7999999999997,19798721.62903,0.018298151102281505,-35.09145640799954
5000.0,CS,LINK,1704009600,3069.6000000000004,36779451.47927,0.008345964598547967,83.9462008080004
5000.0,CS,AVAX,1704369600,3928.9,129078687.333,0.0030438022582799733,460.23919699999954
5000.0,CS,DOGE,1704369600,5462.6,103437546.57094,0.005281061066402629,300.0654539999995
5000.0,CS,HBAR,1704384000,5733.650000000001,4462556.32707,0.12848353230231535,635.1524793964988
5000.0,CS,SOL,1704916800,6634.095,1422507902.01,0.00046636612637624303,406.2949579000125
5000.0,CS,BTC,1704988800,7004.76,6294000990.52087,0.0001112926421611559,606.6242363999995
5000.0,CS,SOL,1705219200,6775.93,217483804.301,0.0031156021119724563,-366.28373739998653
5000.0,CS,ETH,1705305600,6349.75,573721727.70718,0.0011067647769548703,46.91078500000006
5000.0,CS,ETH,1705680000,3740.37,2509910449.38486,0.00014902404191020864,259.85171819999965
5000.0,CS,SOL,1705680000,4235.175,1119680604.806,0.00037824849174142853,470.66284350000797
5000.0,CS,ETH,1706083200,4486.44,819141597.68185,0.0005477001793946873,-40.781773121200544
5000.0,CS,ETH,1706342400,3397.305,440004534.10533,0.0007721068163326563,-70.75976947335003
5000.0,FL,HBAR,1707321600,2254.8,12344849.25461,0.018265107604760574,105.70516818000033
5000.0,FL,BCH,1707753600,2764.1000000000004,111611739.34624,0.002476531605179324,-58.33738071400022
5000.0,FL,XRP,1709697600,2154.25,223865016.68284,0.0009622986350976072,37.700015867498806
5000.0,CS,AAVE,1711771200,4408.599999999999,6659088.223,0.06620425878685643,293.1554599259993
5000.0,CS,AVAX,1711814400,2674.7,44497397.937,0.0060109132758434,307.9523828749999
5000.0,CS,LINK,1711900800,4781.25,21342235.51959,0.022402760927323188,374.03782187500065
5000.0,CS,ADA,1711915200,3253.0,25598295.5687,0.012707877332182873,406.8756250299995
5000.0,CS,ETH,1712145600,3330.77,1714496006.73149,0.00019427108531735633,-3.441310363599568
5000.0,FL,BCH,1712361600,2118.0299999999997,369940952.18113,0.0005725319101635908,-46.57288139999978
5000.0,FL,BCH,1712678400,2021.04,178901841.11323,0.0011296921191106411,-169.90560366239984
5000.0,CS,LINK,1712606400,7246.4,20754123.18413,0.03491547166657026,223.474873871999
5000.0,CS,ETH,1712764800,3524.0,1754032932.63916,0.00020090842848074155,443.2538609199998
5000.0,FL,AVAX,1712952000,1966.5500000000002,79893342.811,0.0024614691672774,-274.9203988430001
5000.0,FL,XRP,1712952000,2187.6000000000004,178060889.22604,0.00122856850233009,-276.2728620080008
5000.0,CS,DOT,1712880000,4229.5,24182237.0274,0.017490110593191648,851.8926390649998
5000.0,FL,AVAX,1713038400,1694.5,406063544.952,0.00041729921857434985,39.52786945000031
5000.0,FL,XLM,1713038400,1577.5500000000002,44753416.80637,0.0035249822529203156,63.388385938499695
5000.0,FL,XRP,1713038400,2393.0,719125333.05044,0.0003327653595304719,82.94954478999844
5000.0,FL,AAVE,1713052800,1638.8,27152188.168,0.006035609321282603,76.58887678800012
5000.0,FL,XLM,1713470400,2207.4,4619651.72022,0.047782822898494996,63.81148943599786
5000.0,FL,AVAX,1713499200,1758.7,98568223.143,0.0017842464274196437,162.22969242100024
5000.0,FL,HBAR,1714032000,2282.8,150795991.39556,0.0015138333445561436,-145.75048891200035
5000.0,CS,BTC,1714636800,8780.76,3155967688.8392,0.00027822718309355256,-472.90967842199814
5000.0,FL,HBAR,1714579200,2044.4,105185582.90024,0.0019436123693291195,136.40861641200027
5000.0,FL,SOL,1714636800,2772.5,678480695.452,0.00040863358656843964,156.97388632500073
5000.0,FL,HBAR,1714852800,1634.3999999999999,11489333.76517,0.01422536792302697,-20.055807816000005
5000.0,FL,AAVE,1715601600,2110.25,4777474.319,0.04417082874956632,10.442646062500028
5000.0,FL,SOL,1716292800,2652.93,746843004.198,0.00035521923417477255,-65.13399240000346
5000.0,FL,AVAX,1716508800,1946.2499999999998,28972142.068,0.006717660003985867,-56.6948624999998
5000.0,FL,AAVE,1716451200,2454.25,7171946.39,0.03422013867005495,245.61604250000022
5000.0,FL,HBAR,1716552000,1624.65,5937903.11853,0.02736066870020274,-23.97310949999997
5000.0,FL,AAVE,1716854400,2139.2,14593083.749,0.014658998994277613,-35.61524799999968
5000.0,FL,AVAX,1717776000,1671.3999999999999,195871737.85,0.0008533135093129006,-28.908377999999885
5000.0,FL,XRP,1717790400,2993.4,68906645.58786,0.0043441383257921615,-8.005578000003872
5000.0,CS,BTC,1718798400,5191.6,1759678243.0735,0.0002950312092813182,49.67327894400061
5000.0,CS,BTC,1719057600,5142.6720000000005,462862149.9318,0.0011110590919472985,201.49117836816094
5000.0,CS,BTC,1719316800,6795.36,4722098463.886,0.0001439055126014427,83.71887039999899
5000.0,FL,AAVE,1719360000,1827.8,8278790.006,0.02207810560088266,87.65654955999986
5000.0,CS,BTC,1719662400,4888.6320000000005,755080453.1662,0.0006474319364911395,-65.01711752000006
5000.0,FL,AAVE,1720094400,2069.5,15941180.309,0.01298210019512552,-33.09793802499991
5000.0,FL,HBAR,1720094400,2078.3999999999996,7068635.29363,0.029403129651815237,-49.17421118399989
5000.0,FL,XLM,1720224000,3015.6,3879441.7006,0.07773283458631697,-101.09456910000016
5000.0,FL,XRP,1720195200,3189.75,60278151.15944,0.005291718373317197,29.450336362498835
5000.0,FL,XRP,1720771200,3298.4,253316448.16282,0.0013020867866740111,449.01399591999626
5000.0,FL,SOL,1720944000,2896.8,326784313.374,0.000886456259203805,316.1773548959971
5000.0,FL,XLM,1720987200,2612.0,8529330.20797,0.03062374109469097,126.60964591999691
5000.0,FL,XLM,1721332800,3092.1000000000004,3678685.20277,0.08405448766509543,62.97583817999531
5000.0,FL,AAVE,1721361600,2909.1000000000004,4792589.402,0.06069996313028613,-83.16747515399962
5000.0,FL,AAVE,1721620800,2360.0,7964644.316,0.02963095282559006,-21.22879999999992
5000.0,FL,XLM,1721750400,2024.4,8736790.52016,0.023170980182353352,19.190626983996957
5000.0,FL,XLM,1722096000,2037.4,6806447.30817,0.029933383860247364,-40.90767051600074
5000.0,FL,AAVE,1722052800,2998.2,7873845.216,0.03807796467610927,158.57566648199997
5000.0,FL,XRP,1722470400,2445.6000000000004,211580705.39507,0.0011558709927890168,-195.2552018640005
5000.0,FL,XLM,1722499200,1987.4,5401566.78167,0.036793028399540705,-82.38102444400126
5000.0,FL,AAVE,1722643200,3278.3999999999996,35923109.946,0.009126158634172056,-746.8531314720001
5000.0,FL,XRP,1722816000,3311.0,555806161.44414,0.0005957112802414956,962.4905967600013
5000.0,FL,AAVE,1722844800,3242.0,39959239.692,0.008113267482036354,599.8889150200002
5000.0,FL,XLM,1722902400,3161.9000000000005,8889591.39261,0.03556856395703988,407.4751640820007
5000.0,FL,SOL,1723104000,3080.7999999999997,460657830.131,0.0006687827273279811,-10.959607800000876
5000.0,FL,XLM,1723161600,3057.3,8544991.41294,0.03577885397719905,-79.21142100000579
5000.0,FL,XLM,1723435200,1989.8,3750142.8253,0.05305931247674072,-19.7120576040012
5000.0,FL,AAVE,1724500800,2059.05,21193131.131,0.009715647901541785,-85.87829675550034
5000.0,FL,XRP,1724587200,3011.5,45010561.71444,0.006690651894339434,-45.82325506499982
5000.0,FL,AAVE,1724760000,2473.8,27896975.032,0.008867628110798246,-105.01487626599999
5000.0,FL,AAVE,1725235200,1812.6000000000001,19041369.472,0.009519273299461978,143.32180150800014
5000.0,FL,AAVE,1725595200,1898.8500000000001,60216537.481,0.003153369621425244,-22.3614093345001
5000.0,FL,AAVE,1725811200,1867.65,17507150.468,0.010667926818894582,365.89766897849984
5000.0,FL,AAVE,1726243200,2857.4,38795120.273,0.007365359302645717,-32.322240701999895
5000.0,CS,XRP,1728604800,6152.5,43357629.13817,0.014190120913653997,-39.771628749994974
5000.0,CS,XRP,1728907200,5490.0,96462129.07069,0.00569135271312204,-46.44329999998901
5000.0,CS,AAVE,1729785600,5909.6,10810467.048,0.05466553825806546,116.14565138400036
5000.0,CS,XRP,1729785600,6392.4,20545248.56709,0.03111376325833088,208.83124807201085
5000.0,FL,SOL,1729886400,2472.0,1123230291.38,0.00022007953479984076,198.43451471999674
5000.0,CS,XRP,1730088000,6193.200000000001,24835778.34504,0.02493660522315322,-23.659643999987857
5000.0,FL,HBAR,1731513600,4074.0,21759740.78158,0.018722649506232685,2447.1998228999996
5000.0,FL,XLM,1731528000,3730.5,15196821.58253,0.02454789628042036,2889.4762214099947
5000.0,FL,HBAR,1731816000,5153.4,23939662.8035,0.021526618993340907,2412.253958724
5000.0,FL,XRP,1731830400,4671.900000000001,714497841.01113,0.0006538718148383075,360.894627252
5000.0,FL,XLM,1731844800,4901.5,164207722.82299,0.0029849387810362855,1643.1338706949923
5000.0,FL,HBAR,1732104000,4298.35,144238893.67713,0.0029800214702295174,1308.3361699625007
5000.0,FL,XRP,1732147200,3287.7000000000003,416389377.74629,0.0007895734559307674,1126.9386226859974
5000.0,FL,XLM,1732176000,4734.8,80829011.71888,0.005857797713112516,6018.691366571995
5000.0,FL,HBAR,1732420800,5316.849999999999,68693336.03445,0.00773997931521855,-601.1635223894989
5000.0,FL,XLM,1732464000,5225.9,726947898.75914,0.0007188823310336714,-856.706136175006
5000.0,FL,HBAR,1732694400,4893.0,39418320.68352,0.012413009776049807,984.1423242699993
5000.0,FL,XLM,1732694400,4969.2,872747202.23025,0.000569374497827266,338.4523693959928
5000.0,FL,HBAR,1733025600,5378.1,90358600.47938,0.005951951415213976,4336.9322536829995
5000.0,FL,XRP,1733198400,5256.400000000001,2484955812.25028,0.00021152891226826313,-512.5295257760025
5000.0,CS,LTC,1733947200,12313.35,46522670.97223,0.026467418449276057,-758.8589924999845
5000.0,CS,XLM,1733976000,10986.0,61018959.69186,0.018004240084521707,426.34957322001753
5000.0,CS,DOGE,1734292800,20321.0,510616291.20335,0.0039797006774128325,2423.6876303299987
5000.0,FL,XLM,1734710400,7441.2,59540744.68905,0.012497660280974777,-415.7368102000066
5000.0,CS,AAVE,1734782400,21642.600000000002,108755619.175,0.01990021312386133,-1405.2374578620036
5000.0,CS,BTC,1734724800,21508.168,3054856527.7819,0.0007040647508122702,649.0778776908753
5000.0,CS,XLM,1735099200,11566.5,24327179.77454,0.04754558525565346,1171.5901486800155
5000.0,CS,ETH,1735286400,13669.68,2459812533.82331,0.0005557203978773573,-16.89939612240249
5000.0,CS,SOL,1735286400,13384.0,562780516.399,0.0023781917834751433,-159.33221976001224
5000.0,CS,BTC,1735401600,14249.070000000002,1162938383.1871,0.001225264399731102,131.99538041339812
5000.0,CS,ETH,1735574400,17008.5,1791466128.37586,0.0009494178946838294,-291.725436310004
5000.0,CS,BTC,1735675200,14032.335,1341088992.3054,0.0010463388395931656,-743.5721138493027
5000.0,CS,AAVE,1736179200,22499.1,48279065.363,0.04660218633238664,4454.344040249998
5000.0,FL,XLM,1736424000,4055.8,89198509.97561,0.004546936939988121,236.17708891599435
5000.0,CS,BTC,1736481600,16057.69,2488185246.0634,0.0006453574960065833,155.22057007980362
5000.0,CS,ETH,1736481600,14825.925000000001,1233173301.51621,0.0012022580266513427,432.06485607674466
5000.0,CS,AAVE,1736524800,12920.85,46396947.608,0.027848491476564548,851.498575245
5000.0,FL,XRP,1736769600,6162.75,1616525847.54907,0.0003812342381870222,2096.6818093524903
5000.0,FL,XRP,1737129600,8084.25,872259455.46747,0.0009268171241167466,-33.24866672500336
5000.0,FL,XLM,1737201600,7095.299999999999,132160164.89881,0.0053687130350000695,-211.7300910000084
5000.0,FL,XRP,1737331200,9335.400000000001,1319230858.54352,0.0007076396022381277,106.95688155598482
5000.0,CS,DOGE,1737504000,24136.449999999997,247438750.68063,0.009754514979407162,1175.7905703179986
5000.0,CS,AAVE,1738051200,14936.5,37051955.235,0.04031231254940816,-867.1692952900014
5000.0,CS,ETH,1738022400,16007.349999999999,1213032435.85228,0.0013196143422787529,-133.7566350715036
5000.0,FL,XLM,1738238400,6518.25,93024205.15929,0.007007047239843086,-420.7318275000083
5000.0,FL,AVAX,1738540800,5969.0,304661295.33,0.0019592249135337515,563.3544063899983
5000.0,FL,AAVE,1738627200,9381.75,38172566.086,0.024577205469665315,-209.4465975350006
5000.0,FL,HBAR,1738555200,6101.25,101723470.32439,0.005997878346603279,2.3997057000006556
5000.0,CS,BTC,1738886400,16559.734,1613807538.9398,0.0010261281844599023,108.14402276153766
5000.0,FL,AVAX,1739160000,7614.9,32175552.57,0.023666726417311067,-89.16368884499987
5000.0,FL,AVAX,1740096000,6212.75,20665665.355,0.030063150124981786,-224.64417077999883
5000.0,CS,BTC,1740571200,21884.1,9878484269.8158,0.0002215329741108963,694.1129584529976
5000.0,FL,HBAR,1740729600,8470.8,31959376.91918,0.026504897205665984,2750.4856550160025
5000.0,FL,SOL,1740931200,8602.5,4536384342.615,0.00018963340295458932,-1515.6838354249971
5000.0,FL,HBAR,1741060800,10299.6,63129081.49949,0.016315143124778723,792.1023082199985
5000.0,FL,AAVE,1741233600,10314.449999999999,72668984.993,0.014193744416539684,-886.1599674359993
5000.0,FL,AAVE,1741320000,8392.0,42007050.504,0.019977598758572437,-831.96326208
5000.0,FL,AVAX,1741780800,7186.799999999999,98112104.876,0.007325090017264547,220.04633114800092
5000.0,FL,XLM,1741953600,5562.4,37879287.42979,0.014684542338105006,-282.73055780000135
5000.0,FL,BCH,1742025600,9608.199999999999,155052125.94011,0.0061967547634343536,-177.4393917939987
5000.0,FL,AAVE,1742529600,6267.800000000001,20112194.809,0.03116417705538147,388.652727596
5000.0,FL,XLM,1743480000,5329.599999999999,6161514.31124,0.08649821668477829,-112.23938260800314
5000.0,FL,HBAR,1743494400,5884.199999999999,28525089.9659,0.020628155799102474,-324.11834841399775
5000.0,FL,HBAR,1743782400,6624.400000000001,18019475.90711,0.03676244544596433,-886.2561322680007
5000.0,FL,XRP,1743811200,6349.799999999999,117946770.59008,0.005383614971594698,-886.3437727259978
5000.0,FL,AVAX,1744027200,4926.6,172304823.703,0.002859235100981229,370.88016639599937
5000.0,FL,HBAR,1744041600,5905.200000000001,30126518.29832,0.01960133574522385,866.1660714559983
5000.0,FL,XRP,1744041600,4719.0,694673798.43893,0.0006793116439117943,184.7617003699999
5000.0,FL,XLM,1744070400,6979.5,13600543.28427,0.05131780292977186,-2.8348585050017316
5000.0,FL,HBAR,1744473600,9466.6,15664327.40918,0.06043413006326813,-251.436448911999
5000.0,FL,BCH,1744617600,8168.88,24983924.54509,0.032696544473055575,-500.5477035168011
5000.0,FL,SOL,1744632000,9652.5,1165385686.30156,0.0008282665656065283,-29.19816832500419
5000.0,FL,HBAR,1744689600,9167.95,8315667.60074,0.11024911576773654,-396.3911449135031
5000.0,FL,XLM,1744689600,8449.35,5997335.2758,0.14088506997589725,-138.2890940165032
5000.0,FL,XRP,1744689600,8601.6,137618900.60616,0.00625030425480305,-238.93841612800077
5000.0,FL,HBAR,1744948800,6616.0,10221476.95133,0.06472645813811807,-52.866505280000375
5000.0,FL,BCH,1745611200,8576.93,15063022.71677,0.05694029784905729,-633.8480165933015
5000.0,FL,AAVE,1746633600,5903.099999999999,33595529.058,0.017571088074870823,1968.569826727
5000.0,FL,AAVE,1747814400,10156.0,66537776.555,0.015263509732106948,-288.6273821199997
5000.0,FL,BCH,1748016000,6143.759999999999,30266479.96117,0.020298891737268617,-340.3085686223998
5000.0,FL,AAVE,1748836800,6085.75,28256806.2,0.021537288952351595,424.4580099800007
5000.0,FL,AAVE,1749153600,7246.5,94807369.217,0.007643393187520938,350.204507925
5000.0,FL,AVAX,1749283200,6305.400000000001,65310675.746,0.009654470617517962,-76.05212919600076
5000.0,FL,BCH,1749715200,5976.88,39958792.07095,0.01495760930257245,226.7340430992008
5000.0,FL,BCH,1750320000,7441.92,111869892.54051,0.006652299229933696,-19.650212940798987
5000.0,FL,BCH,1750593600,9799.24,212867061.79651,0.004603455282042447,777.818777410398
5000.0,FL,AVAX,1750723200,8120.250000000001,35616964.735,0.022798826515445354,-146.04640634250035
5000.0,FL,BCH,1751414400,7554.75,50736867.54065,0.01489005996270304,-245.23153433999872
5000.0,FL,XLM,1751486400,7138.200000000001,9131292.94323,0.07817293831638936,-20.40992770200012
5000.0,FL,AAVE,1751644800,6537.25,43063904.557,0.015180346666771014,473.75050408250024
5000.0,FL,XRP,1751976000,6855.9,257262231.3807,0.0026649461769825632,1467.5866617419872
5000.0,FL,BCH,1752163200,9201.960000000001,53969012.56098,0.017050450922374456,-65.87152544159983
5000.0,FL,XLM,1752148800,8791.2,28714901.57906,0.030615462761714216,5075.849640023988
5000.0,FL,XLM,1752638400,9181.4,63477657.65854,0.014463986761119525,130.1489219999817
5000.0,FL,AAVE,1752724800,9729.0,70347867.729,0.013829843482220208,-257.04201000000006
5000.0,FL,XLM,1752897600,6996.75,35991130.28052,0.019440206366030555,-140.18354555250755
5000.0,FL,XLM,1753315200,8599.2,51486185.76699,0.016701955819600288,227.5794159999831
5000.0,CS,LTC,1753646400,17789.350000000002,35085444.45119,0.05070293473052081,671.37849560602
5000.0,FL,XLM,1754107200,5801.549999999999,21197681.79376,0.027368794646723166,217.29600606449736
5000.0,CS,BTC,1754208000,25038.222,1254969382.1135,0.0019951261247372434,-75.9058846383191
5000.0,CS,XLM,1754380800,22505.45,33512515.25453,0.06715535921153475,-1680.9821130794967
5000.0,CS,BTC,1754481600,18458.608,4327493797.3323,0.0004265426795384173,-230.12893395040362
5000.0,CS,XLM,1754654400,19893.149999999998,117073679.63609,0.016991991762653702,-65.49620054399114
5000.0,CS,BTC,1754755200,16309.986,885585194.0286,0.001841718460287771,-424.3305339532013
5000.0,CS,XLM,1755014400,18096.399999999998,39104034.70983,0.04627757758063495,1137.8578710000065
5000.0,CS,BTC,1755345600,28230.456,916212701.854,0.0030812120311008925,938.7197724494397
5000.0,FL,HBAR,1756252800,7239.6,12829518.90871,0.056429239876524234,-137.30004717600033
5000.0,CS,BTC,1756252800,18933.529000000002,1711684901.225,0.0011061340195528896,515.1227221226541
5000.0,CS,AVAX,1756324800,18315.0,147469942.404,0.012419479998049567,474.54030149999926
5000.0,CS,BTC,1756555200,20673.862,1453494111.2145,0.0014223560894048265,-370.70405008085714
5000.0,CS,ETH,1756843200,17298.36,1967531080.28996,0.0008791911941462545,71.14815994360187
5000.0,FL,BCH,1756958400,8205.12,46220226.22665,0.017752228125765927,194.24575206400002
5000.0,CS,DOGE,1757073600,17127.2,638432821.39626,0.002682694157631591,-1166.0277453599977
5000.0,CS,AVAX,1757044800,18631.5,64553916.505,0.028861920405025936,-35.81936271000447
5000.0,CS,BTC,1757073600,17707.856,9927727838.502,0.00017836766164484167,-300.3948285801587
5000.0,FL,BCH,1757217600,8412.04,19033058.40288,0.04419699567951269,-222.23250974960018
5000.0,CS,ETH,1757318400,17241.88,2998020022.07725,0.000575108900975703,-461.9407202999992
5000.0,CS,LTC,1757390400,18236.8,56284383.13431,0.032401172375793805,-273.48042953598974
5000.0,CS,ADA,1757433600,17242.0,61377016.9212,0.02809194852551478,-899.125126140001
5000.0,CS,AAVE,1757563200,16829.45,45526087.77,0.03696660711331752,-859.0192701749996
5000.0,CS,XLM,1757592000,17360.100000000002,47416487.02323,0.03661194890185569,-936.8230815449969
5000.0,CS,AAVE,1757721600,28767.6,26917236.883,0.1068742684289732,2089.9664119439967
5000.0,CS,XLM,1757721600,26407.550000000003,19225478.39608,0.13735705013917573,1900.9527461860284
5000.0,CS,HBAR,1757779200,30765.000000000004,24890516.57244,0.12360129172274602,955.441892899998
5000.0,CS,DOGE,1758096000,17244.5,254409389.58753,0.006778248250962058,-1116.8163455800038
5000.0,CS,ADA,1758124800,17648.0,217396192.029,0.008117897482604391,-890.3766400000021
5000.0,CS,HBAR,1758038400,19055.2,14687962.5277,0.12973344644680185,76.32665907199802
5000.0,CS,AAVE,1758067200,20760.6,24533727.43,0.0846206515468734,-216.7074295120018
5000.0,CS,ETH,1758110400,17950.6,2295888686.56818,0.0007818584631309793,-35.99545506399792
5000.0,CS,LTC,1758182400,17933.5,43410564.06815,0.041311372899569564,151.73518354000188
5000.0,CS,ADA,1758340800,18114.0,49299688.3388,0.03674262578602117,1640.0588416399992
5000.0,CS,HBAR,1758398400,16926.7,5952287.7049,0.28437301486730426,1582.2417133040003
5000.0,CS,AAVE,1758470400,16390.0,22069161.592,0.07426652766882327,1049.2237711999992
5000.0,CS,BCH,1758715200,20122.920000000002,18593177.18502,0.10822744171024451,539.206979752801
5000.0,CS,DOGE,1758758400,21239.100000000002,473896064.54642,0.004481805524240547,684.4142310750013
5000.0,CS,AAVE,1759075200,18811.100000000002,14090583.781,0.1335012111092603,-1145.4546820919986
5000.0,CS,DOGE,1759118400,20917.8,173664503.76223,0.012044948476425139,-1152.6363427859974
5000.0,CS,LINK,1759089600,20584.6,64094343.71444,0.032116094505485096,-858.393083878001
5000.0,CS,LINK,1759348800,29338.4,52896481.9853,0.05546380193706111,725.656633519995
5000.0,CS,BCH,1759622400,30113.0,43027002.36538,0.0699862838323807,1202.6780053100063
5000.0,CS,LINK,1759622400,33511.5,74700127.19033,0.04486136939849561,890.4568038449981
5000.0,FL,AVAX,1759968000,11357.599999999999,67519565.125,0.01682119838742074,-2610.0993028959992
5000.0,CS,LINK,1759939200,34842.450000000004,96350776.94413,0.03616208514873083,8052.170345236502
5000.0,FL,AAVE,1760126400,12316.150000000001,357388263.93,0.0034461540131637647,2026.0244378825005
5000.0,FL,HBAR,1760126400,14735.699999999999,263835101.4695,0.0055851931444775875,2737.170196182001
5000.0,FL,XLM,1760126400,14345.999999999998,290356471.61138,0.004940823230281234,1442.9555362800052
5000.0,FL,AVAX,1760140800,15346.800000000001,189579490.746,0.008095179462509348,1000.7783631159975
5000.0,FL,HBAR,1760385600,13594.699999999999,10834558.39545,0.12547534937565272,-1091.073352152004
5000.0,FL,AVAX,1760400000,13995.599999999999,80430415.443,0.017400879907077563,-855.0982145999992
5000.0,CS,BCH,1760356800,37303.47,39065009.00574,0.09549074977691373,2049.4723800848956
5000.0,FL,HBAR,1760788800,13996.95,11298216.94145,0.12388636253433144,1293.3818537039954
5000.0,FL,AAVE,1760932800,14012.400000000001,34472977.846,0.04064748935411712,-940.0371174840004
5000.0,FL,XLM,1762516800,8214.3,26736229.39648,0.030723479658210387,781.8690023249923
5000.0,FL,AAVE,1762948800,8299.6,53480106.757,0.015519041571310377,-1152.34225372
5000.0,FL,AAVE,1763136000,12624.5,33681908.253,0.0374815461914203,-549.5662585700004
5000.0,CS,ETH,1763524800,29295.055,3452001760.58736,0.0008486396309083989,3127.5439662366475
5000.0,FL,HBAR,1763654400,14367.150000000001,31251990.91367,0.045971951162047844,-717.1752233309978
5000.0,FL,XRP,1763755200,12675.0,380215990.33521,0.0033336314942528675,1795.6529239999861
5000.0,FL,HBAR,1764705600,15185.1,13875929.13089,0.1094348339254312,-594.5892036420021
5000.0,FL,AVAX,1764763200,12746.699999999999,69770749.183,0.018269403939704002,-459.1254070170004
5000.0,FL,HBAR,1766174400,10628.6,7054108.01756,0.15067248720237786,-18.26939809200105
5000.0,FL,BCH,1766246400,11891.199999999999,19236947.29555,0.061814381550812585,-129.8736936959979
5000.0,FL,BCH,1766980800,11721.86,29236909.39371,0.04009267820394802,-338.5450502942029
5000.0,FL,AAVE,1767369600,11757.0,26752900.156,0.043946637304528656,1229.6001145200034
5000.0,FL,BCH,1767542400,14758.64,23656468.17777,0.06238733478342597,-273.12304385919725
5000.0,FL,XLM,1767470400,8884.800000000001,4596490.12918,0.19329531338697822,844.7811183199882
5000.0,FL,XRP,1767744000,14727.7,335451765.15553,0.004390407662088647,-863.9679726730046
5000.0,FL,SOL,1767787200,10170.750000000002,791724985.0484,0.0012846316829799478,47.77332956249268
5000.0,FL,AAVE,1770408000,16522.75,15879775.278,0.10404901650523218,-250.42025915000067
5000.0,FL,XRP,1770364800,16405.199999999997,542012529.4228,0.003026719699168251,317.6179127639999
5000.0,FL,SOL,1770451200,14848.75,337236453.2129,0.004403067894509574,-238.12993338749567
5000.0,FL,XLM,1770422400,12225.75,8890689.96737,0.1375118246713147,-386.25973083749295
5000.0,FL,XRP,1770868800,11048.0,92077508.80093,0.011998586999009268,2139.3193143199983
5000.0,FL,AVAX,1771761600,11983.95,28697117.433,0.0417601176424053,-754.4210824575005
5000.0,FL,BCH,1771905600,10581.560000000001,30696243.39229,0.03447184029905686,-2.0149378832023004
5000.0,FL,AAVE,1772193600,11971.050000000001,26383288.723,0.045373607989833614,911.4655923870001
5000.0,FL,AVAX,1772251200,9478.7,43872338.055,0.02160518545448193,519.3269738249993
5000.0,FL,AAVE,1772798400,12184.7,26238514.512,0.04643822345364641,-500.26039570099937
5000.0,FL,AVAX,1773849600,10091.550000000001,30278277.27,0.033329340074439454,-112.4356838429996
5000.0,FL,SOL,1773921600,10509.599999999999,641608852.1781,0.0016380073255414978,-7.651036295997589
5000.0,FL,HBAR,1774296000,11645.0,3290875.42962,0.3538572106129419,-286.0962755500013
5000.0,FL,HBAR,1775044800,10302.85,7494022.48934,0.13748090581067063,-252.4009427935025
5000.0,FL,AVAX,1775102400,11797.650000000001,23621654.214,0.04994421598555029,52.824067150500724
5000.0,FL,AVAX,1775520000,10413.6,50462817.987,0.020636184056710236,732.0623696399991
5000.0,FL,AAVE,1775649600,15092.8,17868404.511,0.08446641103691543,-458.2138523839995
5000.0,FL,SOL,1775649600,14575.750000000002,555365890.7716,0.002624531005991225,219.17484371998762
5000.0,FL,SOL,1776456000,15080.699999999999,207493162.9277,0.007268046709208822,-905.1734506659981
5000.0,FL,SOL,1778673600,10392.550000000001,1204435365.5098,0.0008628565963438941,-163.31118437099812
5000.0,FL,AVAX,1781985600,10597.8,15012840.174,0.07059157279482538,397.00669010400077
5000.0,FL,XRP,1785297600,10899.0,119773109.14934,0.009099705332363461,-121.00818274000983
5000.0,FL,SOL,1787212800,14820.6,560597041.4964,0.002643717127089971,1240.0758119999714
5000.0,FL,XRP,1787227200,15128.399999999998,650398631.89004,0.0023260196529069094,2806.5254519999708
25000.0,FL,AVAX,1653897600,4026.0,145537670.24,0.0027662941102196384,-174.38525688000018
25000.0,FL,AAVE,1654012800,4504.0,44234639.541,0.01018206556385602,-204.75000943999962
25000.0,FL,SOL,1654488000,3870.8999999999996,286816787.517,0.0013496071947220196,-340.38942609600224
25000.0,FL,HBAR,1654488000,3886.0,3070950.12597,0.1265406418403671,-321.9827301600001
25000.0,FL,AAVE,1654646400,3852.7999999999997,26319856.535,0.014638377663178246,-8.402132223999649
25000.0,FL,SOL,1654588800,3804.0,262780440.05,0.0014475963276704316,117.76110879999942
25000.0,FL,AVAX,1654603200,2432.0,170358193.76,0.0014275802920440638,-142.7675340800002
25000.0,FL,XLM,1654704000,4173.6,7439862.79131,0.05609780875092078,-190.10794111200278
25000.0,FL,HBAR,1655035200,3360.15,4172783.41776,0.08052538710009945,-488.0002375574998
25000.0,FL,SOL,1655164800,2601.9,479268079.91,0.0005428903173540372,93.80715769800007
25000.0,FL,XLM,1655193600,2189.0,8128844.14907,0.02692879774611545,57.78852702999814
25000.0,FL,AVAX,1655366400,4062.5,105110334.12,0.00386498628704007,-275.8604593750001
25000.0,FL,HBAR,1655366400,4238.650000000001,1974401.31195,0.21468026658743128,-36.93018250350028
25000.0,FL,BCH,1655539200,4502.94,53605658.14636,0.008400120725512935,44.62445213460019
25000.0,FL,AAVE,1655668800,4595.1,19520096.971,0.0235403543682529,647.1929179309998
25000.0,FL,AVAX,1655668800,4040.0,87410136.54,0.004621889588458936,-30.17861439999947
25000.0,FL,SOL,1655798400,5013.9,395434915.83,0.0012679456970753455,-38.61357026399962
25000.0,FL,HBAR,1655841600,4052.3999999999996,2706867.53894,0.14970810140147847,-34.88971349599912
25000.0,FL,AVAX,1655928000,3214.0,48778023.89,0.006589032813727625,1049.3406674600003
25000.0,FL,XRP,1656129600,3715.9999999999995,39995092.37678,0.009291139935352173,-102.24058660000179
25000.0,FL,SOL,1656144000,3764.7,169565303.07,0.0022202065704714693,-143.73262018800045
25000.0,FL,AVAX,1656201600,3151.5,91418278.84,0.0034473412100831016,-289.8574646100002
25000.0,FL,SOL,1656662400,3232.9999999999995,232822150.73,0.0013886135790186287,202.09825009999872
25000.0,FL,AVAX,1657036800,2670.0,85485764.3,0.003123327049671123,339.98948760000013
25000.0,FL,AVAX,1657296000,5022.5,85661075.14,0.0058632231638366525,-221.181221125
25000.0,FL,AAVE,1657296000,5014.099999999999,26532108.17,0.01889823442552322,250.91770893000017
25000.0,FL,AAVE,1657569600,3493.0,45537037.611,0.007670679041177297,1056.5497662999996
25000.0,FL,AVAX,1657800000,3740.0,105666943.02,0.003539422919892852,495.7259022000004
25000.0,FL,BCH,1657915200,3287.5499999999997,10466830.67857,0.03140922119559071,455.85728395599983
25000.0,FL,SOL,1657958400,3857.7000000000003,59255048.41,0.006510331361654862,913.2635566319939
25000.0,FL,AAVE,1658016000,4109.4,22296500.9,0.018430694656666954,223.175262942
25000.0,FL,XRP,1658073600,3833.5,59455327.15802,0.006447698100813318,219.0217674700003
25000.0,FL,AVAX,1658088000,4122.0,45129412.02,0.009133733003596973,586.2674600000008
25000.0,FL,BCH,1658188800,3983.44,27195651.55187,0.014647341661965421,290.39666316560016
25000.0,FL,BCH,1658952000,4074.24,17121009.4595,0.02379672769667977,573.7736186752005
25000.0,FL,AAVE,1659067200,3453.0999999999995,22626976.841,0.015260987025641866,-122.38573899999983
25000.0,FL,AVAX,1659009600,3616.5,206955059.19,0.001747480836735567,69.73886740500042
25000.0,FL,SOL,1659096000,3623.55,290715862.92,0.001246423213237985,-24.48293131000645
25000.0,FL,XRP,1659268800,5266.35,44952229.36792,0.011715436751526972,-243.89691206850077
25000.0,FL,AVAX,1659960000,4353.0,281669552.16,0.001545427955069604,-42.062789129999544
25000.0,FL,AAVE,1660219200,4267.6,36936303.36,0.011553944525541173,95.01476038400024
25000.0,FL,SOL,1660449600,3816.8,201208118.0,0.001896941355020278,-318.8940097040022
25000.0,FL,BCH,1661356800,4534.92,19992848.92541,0.02268271028765852,-489.30831940599967
25000.0,FL,BCH,1662753600,5970.6,19163703.56257,0.03115577310255209,-134.22477529799994
25000.0,FL,BCH,1662998400,4888.32,21361498.61206,0.022883787737814496,-406.73171955199984
25000.0,FL,XLM,1663041600,5110.650000000001,3681500.21719,0.13881976635874915,-424.0669504005025
25000.0,FL,XRP,1663531200,4291.2,443911218.73898,0.0009666797816441822,421.676443104
25000.0,FL,XLM,1663761600,5051.25,15196612.12029,0.03323931650039118,328.2970871249975
25000.0,FL,XRP,1663790400,4915.0,303677061.89667,0.00161849563786691,1180.2188280999987
25000.0,FL,HBAR,1663905600,3627.0,3151654.20883,0.11508242210830814,-44.92550999999972
25000.0,FL,XRP,1664294400,3999.6000000000004,622819682.94367,0.0006421762364825162,-35.66267377200032
25000.0,FL,XRP,1664568000,6236.099999999999,319502731.82104,0.001951814297316546,-419.1954002340045
25000.0,FL,XLM,1664524800,5699.499999999999,13020485.00853,0.043773330995474695,53.94527288999266
25000.0,FL,XLM,1664784000,4034.4500000000003,15078813.30922,0.026755752705905043,152.5166533169984
25000.0,FL,XRP,1665100800,4401.0,212481508.76393,0.002071239057742937,369.15973829999444
25000.0,FL,HBAR,1665259200,4518.0,1859820.0565,0.24292672746536756,-165.67410114000006
25000.0,FL,XRP,1665417600,3646.2999999999997,432644967.58585,0.000842792652910371,-233.3608729759996
25000.0,FL,XLM,1665446400,3702.0,25140541.43916,0.014725219856377491,-304.4917342800011
25000.0,FL,HBAR,1665432000,3492.0,2556239.81219,0.1366069014083741,410.3322383999998
25000.0,FL,HBAR,1665691200,5517.349999999999,12451473.63338,0.04431081944557188,-406.96867411550005
25000.0,FL,XRP,1665720000,3991.2000000000003,207982968.10956,0.001919003289681653,-127.69063821600129
25000.0,FL,HBAR,1666123200,3733.2,3299353.94089,0.11314942461107916,-244.26331401599992
25000.0,FL,AAVE,1666281600,4042.0000000000005,25536335.628,0.015828426047032534,175.14371248000018
25000.0,FL,AAVE,1666641600,3830.4,14248213.057,0.02688337116153779,-86.6613787200004
25000.0,FL,SOL,1666771200,5467.0,157648786.95,0.0034678351199327133,-158.36874767000086
25000.0,FL,AAVE,1666828800,4671.150000000001,23727291.811,0.01968682324644589,38.464753332499676
25000.0,FL,AVAX,1667073600,5484.0,27571241.467,0.019890290419326224,91.1721428400005
25000.0,FL,AAVE,1667620800,4308.3,11278686.375,0.03819859739649867,-522.6736259250001
25000.0,FL,BCH,1667764800,3496.2000000000003,20230168.03842,0.017282110526023377,-415.4257510859997
25000.0,FL,AVAX,1668081600,4671.9,78433872.631,0.0059564826308901265,-442.39495151699975
25000.0,FL,SOL,1668081600,6983.6,1384367590.83,0.0005044613906204616,-487.6585227239999
25000.0,FL,XLM,1668081600,4983.0,32360860.44212,0.01539823086259556,-375.82501000000616
25000.0,FL,HBAR,1668038400,4973.85,6227059.86501,0.07987477409600932,60.85403241750028
25000.0,FL,SOL,1668254400,5694.919999999999,132130731.638,0.004310064683212708,-309.91347196039897
25000.0,FL,SOL,1668470400,4963.7,132079614.96,0.003758112106477025,-80.56272149100329
25000.0,FL,HBAR,1668787200,3121.2999999999997,2725101.64961,0.11453884666822249,-53.5329552680003
25000.0,FL,SOL,1669060800,3606.625,101535001.108,0.0035521002222314766,854.5961028275011
25000.0,FL,AVAX,1669132800,3051.75,22029244.123,0.013853176182353754,166.38830979000002
25000.0,FL,HBAR,1669420800,3758.25,1916017.30965,0.19614906301063229,-174.87759749999978
25000.0,FL,XRP,1669435200,3458.6499999999996,47168804.91397,0.007332494444809752,-212.06853341249854
25000.0,FL,SOL,1669651200,3470.7400000000002,126730125.355,0.002738685841490068,39.85678450260043
25000.0,FL,AVAX,1670270400,2719.8,15197107.702,0.017896826510231705,-70.5864452479998
25000.0,FL,SOL,1672632000,4100.71,282610197.243,0.001451012751841378,895.6009410281979
25000.0,FL,SOL,1672891200,5890.465,126914340.718,0.004641291887642897,44.9183674308452
25000.0,FL,SOL,1673222400,6178.48,637145067.293,0.0009697132281428682,-39.752106794404284
25000.0,FL,AAVE,1673251200,4936.8,10329213.61,0.047794538736429526,-50.74319199999982
25000.0,FL,HBAR,1673265600,5354.4,7516652.98983,0.07123383249492135,-153.96389315999977
25000.0,FL,XLM,1673265600,5210.4,6169284.73062,0.08445711662713881,-12.209288000006396
25000.0,FL,AVAX,1673352000,3809.3999999999996,53907506.391,0.0070665483436940955,879.7503898919999
25000.0,FL,XRP,1673524800,5873.599999999999,294430580.49671,0.001994901477316359,325.50260799998915
25000.0,FL,BCH,1673654400,5755.95,68379510.98934,0.008417653061159389,-146.5432109999995
25000.0,FL,AVAX,1673611200,5479.25,91021177.195,0.006019752950746267,301.35067429250125
25000.0,FL,HBAR,1673625600,5110.349999999999,6294117.04855,0.08119248435612252,465.02190289800046
25000.0,FL,AAVE,1673654400,5169.5,23384199.252,0.022106807867529884,535.4792761150013
25000.0,FL,AAVE,1674043200,6130.5,72593466.911,0.008444974817797348,-33.610545000000016
25000.0,FL,AVAX,1674043200,4900.5,87622982.567,0.00559271078937867,-56.073885000000054
25000.0,FL,SOL,1674043200,5663.06,433189661.362,0.0013072934340571895,-113.31088080000667
25000.0,FL,HBAR,1674273600,6498.0,17973362.63807,0.036153501884151396,-235.15976393999964
25000.0,FL,AVAX,1674288000,5165.4,71482126.034,0.007226142095358372,283.6175269019997
25000.0,FL,XLM,1674288000,4918.65,12596069.69548,0.03904908530130647,259.69398949999044
25000.0,FL,HBAR,1674446400,5582.4,3814275.95998,0.14635543045577834,-420.6157919999988
25000.0,FL,AVAX,1674633600,4311.5,32493620.791,0.013268758282530916,790.7029500100008
25000.0,FL,HBAR,1674734400,4103.400000000001,11247432.82974,0.0364829918268101,-24.909222000000423
25000.0,FL,AVAX,1675036800,3099.0,45811063.128,0.0067647415021588365,-158.78522999999998
25000.0,FL,HBAR,1675281600,4529.849999999999,10082816.36238,0.04492643560286712,226.30141950000083
25000.0,FL,HBAR,1676217600,3971.7000000000003,19506262.25277,0.020361153503080768,-50.46821100000043
25000.0,FL,HBAR,1676390400,4368.0,23649877.52181,0.018469440258080894,-15.303839999999072
25000.0,FL,AAVE,1676534400,5308.200000000001,7431127.916,0.07143195568698109,-47.97085800000002
25000.0,CS,AAVE,1676952000,9670.5,6976929.072,0.13860682687473364,621.8626050000006
25000.0,CS,LTC,1677052800,9973.949999999999,112049206.5707,0.008901401719169432,296.23046250001727
25000.0,CS,DOGE,1677096000,10260.000000000002,47412160.67707,0.021640017779156095,572.7223049999993
25000.0,CS,XRP,1677153600,10313.8,87725084.24407,0.011756956506652984,350.90002231401394
25000.0,CS,AAVE,1677225600,10682.499999999998,9210609.926,0.1159803757386913,471.720324999999
25000.0,CS,LTC,1677340800,12885.600000000002,57301935.55893,0.022487198511380643,-351.6245817839789
25000.0,CS,DOGE,1677369600,13809.099999999999,26198272.84083,0.05270996330139184,-124.52558134900372
25000.0,CS,BTC,1677398400,12319.426,979346877.5853,0.001257922630066995,-271.6460292329366
25000.0,CS,XRP,1677571200,11112.65,57276248.70584,0.01940184675339419,268.17529862551663
25000.0,CS,DOGE,1677643200,9877.199999999999,39758732.84427,0.024842844058153866,707.116229999997
25000.0,CS,HBAR,1677700800,9545.849999999999,3248449.99134,0.2938586102740739,841.8863200319971
25000.0,CS,BTC,1677772800,9617.206,1803088104.1112,0.0005333741583715139,425.0144852804597
25000.0,CS,LTC,1677888000,9926.4,31986802.77441,0.031032798338761425,279.28175264000737
25000.0,CS,LTC,1678161600,14104.0,29908535.20812,0.04715710716642132,2339.696714960013
25000.0,FL,XRP,1678377600,4732.5,310824615.62305,0.001522562809420249,-217.9708837500004
25000.0,FL,XLM,1678752000,5938.1,5188506.51413,0.11444719176565765,-65.935484321007
25000.0,FL,XLM,1679169600,5984.3,4128278.80913,0.14495871709937005,737.2949755569894
25000.0,FL,XLM,1679515200,6805.5,12082316.52787,0.056326119120467595,-170.9776455900078
25000.0,FL,XRP,1679500800,9048.6,809839251.60319,0.0011173328511907804,824.6931897379912
25000.0,FL,XLM,1679716800,7177.599999999999,6391572.12849,0.11229788001619091,261.6087578559897
25000.0,FL,XRP,1680134400,6399.599999999999,768406072.34702,0.0008328408936765762,-28.534639572004767
25000.0,FL,XLM,1680134400,6097.799999999999,16233574.25288,0.037562892219612,351.4730803919934
25000.0,FL,HBAR,1680321600,6052.849999999999,10089800.11252,0.05998979100179872,-17.128026405000377
25000.0,FL,XLM,1680393600,6461.4,6419330.64615,0.10065535421321896,-110.94463964400308
25000.0,FL,XRP,1680321600,5599.0,348709367.594,0.0016056350991175204,-147.9595640599962
25000.0,FL,XRP,1680580800,4962.0,103434948.9177,0.004797218011823171,102.67350853999427
25000.0,FL,AAVE,1681300800,6284.8,12567304.838,0.05000913148057434,362.6932480000003
25000.0,FL,SOL,1681444800,7349.63,187803601.98,0.0039134659412883325,-216.77245327250796
25000.0,FL,SOL,1681776000,4887.0,92327474.535,0.005293115645817226,-331.1620586200046
25000.0,FL,AVAX,1681876800,5181.75,32655429.175,0.015867958654688236,-424.60483993499986
25000.0,CS,AVAX,1682179200,14584.300000000001,24178738.071,0.06031869801134255,-2.0997721189987217
25000.0,CS,LINK,1682179200,16433.5,25520031.48227,0.06439451303740416,136.3891219750006
25000.0,FL,AVAX,1682553600,6079.150000000001,51360911.412,0.01183614120714311,-39.52059716499968
25000.0,CS,BCH,1683460800,13221.0,6103543.42616,0.2166118773454504,-91.64209148000239
25000.0,FL,BCH,1683720000,7273.22,80503785.93376,0.009034630999819734,-268.21204775860076
25000.0,CS,AAVE,1683720000,12416.5,11945046.543,0.1039468532441699,604.8092349999986
25000.0,CS,AAVE,1683979200,11795.199999999999,2942633.11,0.4008382818746983,-57.53859923200051
25000.0,FL,AAVE,1684483200,5514.799999999999,2123278.595,0.2597304005695022,-50.12001200000003
25000.0,CS,LINK,1684512000,12006.5,16550433.68435,0.07254492679157575,-46.59450496499996
25000.0,CS,SOL,1684512000,13135.425,33556034.828,0.03914474718878129,409.3767042637543
25000.0,CS,SOL,1684814400,12794.22,56945334.838,0.02246754722998368,315.3038302536081
25000.0,CS,SOL,1685073600,12159.63,36413316.518,0.033393360349335925,-734.5129553999881
25000.0,CS,BTC,1685030400,13228.95,2114028469.75789,0.0006257697183006741,-535.1314407240015
25000.0,FL,SOL,1685361600,6861.135,55599173.28,0.01234035435283724,-27.44557180000978
25000.0,CS,AVAX,1685462400,20335.0,17487947.191,0.11628008580941511,7.065496899999147
25000.0,CS,BTC,1685664000,12952.848,2287550516.89141,0.0005662322167032114,67.06638184703853
25000.0,FL,SOL,1685966400,5383.8,174610094.24,0.003083326896668422,-188.9226716220059
25000.0,FL,HBAR,1686009600,4128.450000000001,2287265.30044,0.1804972077006464,-83.85441425949976
25000.0,FL,XRP,1685966400,5542.900000000001,380978309.69507,0.0014549122243826594,213.18801855999453
25000.0,FL,AAVE,1686067200,7827.499999999999,12257921.749,0.06385666477793077,-344.47847500000006
25000.0,CS,BTC,1686225600,19228.248000000003,3367354779.87239,0.0005710193685242956,681.91609804344
25000.0,CS,SOL,1686254400,19627.920000000002,43916038.138,0.044694195633772825,3382.1058139440042
25000.0,FL,HBAR,1686398400,5896.799999999999,4540568.20484,0.12986920874163568,191.12594112000357
25000.0,CS,BTC,1686513600,13214.049000000003,1942771269.02003,0.0006801649381332171,394.1224697017818
25000.0,FL,HBAR,1686974400,8662.1,4565750.46517,0.18971908487069447,-159.79474057600078
25000.0,FL,SOL,1686974400,6972.68,137007212.963,0.0050892794979217875,-194.25452742079918
25000.0,FL,HBAR,1687348800,9936.0,6361064.16805,0.15620027934800576,408.03321056000067
25000.0,FL,BCH,1687406400,8135.400000000001,75710619.13311,0.010745388286545133,4051.1621234940017
25000.0,FL,XLM,1687449600,6953.599999999999,5445363.55624,0.12769762621325198,340.49212799998645
25000.0,FL,HBAR,1687608000,7782.000000000001,5455322.36532,0.14264968188627883,-171.3704811600013
25000.0,FL,AAVE,1687780800,11121.400000000001,38433899.916,0.02893643378451473,-746.6023404780008
25000.0,FL,BCH,1687752000,8889.04,192621200.22977,0.004614777599452514,1679.3108502255996
25000.0,FL,XLM,1688011200,8209.6,30909578.18683,0.02656005187252267,241.5382914879898
25000.0,FL,HBAR,1688054400,6552.9,1683102.38804,0.3893346029667843,156.1423230000003
25000.0,FL,BCH,1688126400,7955.549999999999,1487753197.62833,0.0005347358696779929,-102.47845033349819
25000.0,FL,SOL,1688126400,6668.549999999999,482139145.463,0.001383117314317253,340.7349012144901
25000.0,FL,AAVE,1688155200,6697.5,24161734.028,0.02771945089801317,212.77197499999988
25000.0,FL,SOL,1688400000,6456.79,85765529.304,0.007528420861385464,-253.02568054490584
25000.0,FL,BCH,1688457600,6536.83,236729962.94748,0.002761302337317662,-128.18095910549889
25000.0,FL,AAVE,1688558400,7565.25,57194332.664,0.013227272087330112,162.47148587249947
25000.0,FL,BCH,1688716800,6675.12,217204881.11693,0.003073190604959986,-232.00365521520067
25000.0,FL,XLM,1688688000,6735.400000000001,6703768.13599,0.10047185199977576,117.37056853200127
25000.0,FL,AVAX,1688947200,7308.4,54850862.99,0.013324129469635532,-86.08796996799956
25000.0,FL,SOL,1688889600,7450.62,128163373.217,0.0058133769523879275,155.63388839999476
25000.0,FL,SOL,1689220800,7069.075000000001,149129305.645,0.004740231954695627,1906.6642838229932
25000.0,FL,BCH,1689307200,6005.12,154819085.90144,0.0038787982534808038,-352.7752722560001
25000.0,FL,AAVE,1689350400,7108.200000000001,80071470.368,0.008877319184138205,-113.40748972800048
25000.0,FL,AVAX,1689350400,5723.2,180574861.196,0.00316943342062875,-20.930063999999383
25000.0,FL,XLM,1689408000,7192.35,54289895.29432,0.013248045443831402,-236.74446499000092
25000.0,FL,XLM,1689609600,5691.6,48919835.93765,0.011634544333415464,1834.0896907079998
25000.0,FL,XRP,1689854400,6689.5,657957353.9511,0.0010167072318333218,-176.29983135500495
25000.0,FL,HBAR,1689897600,9882.25,9807535.80653,0.10076180393264793,-574.4457777449983
25000.0,FL,XLM,1689912000,8919.9,100275258.88051,0.008895414581406497,-390.19314613400115
25000.0,FL,HBAR,1690070400,8263.050000000001,5347224.69648,0.15452969473004277,-177.87138150000044
25000.0,FL,XLM,1690084800,6977.25,59861982.75356,0.01165556114090635,-578.7054894149967
25000.0,FL,HBAR,1690329600,4946.65,4964302.22893,0.099644416715261,-45.15236949999999
25000.0,FL,XLM,1690257600,6405.75,33418087.689,0.01916851155462297,711.7860495825005
25000.0,FL,XLM,1690560000,7262.999999999999,48822722.82044,0.014876269860474248,-258.7469340599991
25000.0,FL,XLM,1690891200,5977.200000000001,75684445.79703,0.00789752760564517,-349.061128551999
25000.0,CS,ETH,1691121600,15612.205,307858608.03314,0.005071225748646079,11.018277898850833
25000.0,FL,HBAR,1691121600,8942.0,3785893.59074,0.2361925866556692,465.47381862000066
25000.0,FL,AAVE,1691150400,7826.400000000001,45412553.561,0.017234001143510373,-158.3745359999996
25000.0,CS,XRP,1691467200,15234.100000000002,103798854.01239,0.01467655895139418,-809.8110986839994
25000.0,CS,ETH,1691380800,14689.44,365313656.49184,0.0040210486903404655,-109.24281399520268
25000.0,FL,AAVE,1691424000,5824.8,14201995.107,0.04101395582884705,194.5086479999995
25000.0,FL,HBAR,1691611200,7761.0,10512585.86921,0.07382579411532764,-420.85699435000015
25000.0,FL,HBAR,1691784000,7645.049999999999,3175113.22851,0.24078038954181255,1148.727016674003
25000.0,CS,XRP,1692072000,17245.25,62693624.68164,0.027507182887529423,3327.1696085925187
25000.0,FL,HBAR,1692158400,9348.0,70387258.51392,0.01328081274560695,-914.336840639998
25000.0,FL,HBAR,1692331200,11839.8,20862244.17573,0.05675228369617962,1213.9011036599986
25000.0,FL,XLM,1692374400,10446.300000000001,17627868.18159,0.059260143611181496,743.0215935240042
25000.0,FL,HBAR,1692590400,5915.650000000001,38816960.36533,0.015239858928479259,-376.17329735250104
25000.0,FL,XLM,1693310400,8048.95,49298367.46843,0.016327011244651128,-376.5041806565044
25000.0,FL,AVAX,1693353600,9576.9,19386787.761,0.04939910684567173,-589.1236307909988
25000.0,FL,HBAR,1693353600,8262.0,10657624.8477,0.07752196308338818,-506.84791139999993
25000.0,CS,BCH,1694044800,16386.3,15289264.35138,0.1071752023080233,57.672154525998316
25000.0,FL,XLM,1694088000,6149.5,12115202.40261,0.050758541175302214,387.5728994950056
25000.0,CS,XLM,1695096000,15913.8,4948417.96918,0.321593691137555,361.94367704400383
25000.0,FL,SOL,1695182400,7080.12,59199413.82,0.011959780584192278,-133.3791055068013
25000.0,CS,XLM,1695355200,17825.0,9019119.82584,0.19763569332930844,404.6721942500031
25000.0,CS,XLM,1695657600,22567.999999999996,6433831.84831,0.350770746455365,-207.47056583998028
25000.0,CS,XLM,1695916800,17628.149999999998,7213072.27508,0.24439170061975407,203.2569213420097
25000.0,FL,SOL,1696190400,11100.945000000002,382240920.999,0.0029041749300381795,-154.69857802860963
25000.0,CS,XLM,1696190400,29718.0,11183327.10131,0.26573487237549254,458.9437000200137
25000.0,CS,XLM,1696564800,17225.149999999998,3034901.17037,0.5675687290304743,146.3599662540144
25000.0,FL,AVAX,1696838400,7711.2,71548177.792,0.010777632971195265,-226.80366264799906
25000.0,FL,AVAX,1697457600,9775.5,83958222.551,0.011643290797470042,-335.8262952450018
25000.0,FL,SOL,1697673600,10430.800000000001,103121600.677,0.010115048575197749,2773.4731201919944
25000.0,FL,AVAX,1697760000,9683.099999999999,24812888.555,0.03902447705166021,1031.0827177770027
25000.0,FL,AAVE,1697803200,9514.900000000001,31246019.278,0.03045155901410886,2653.7822899149996
25000.0,FL,SOL,1697961600,10905.51,260706404.672,0.004183061790798904,1462.1053346360907
25000.0,FL,AAVE,1698120000,11337.300000000001,23693344.98,0.0478501453027001,-88.01003699999957
25000.0,FL,XRP,1698148800,10518.4,897569665.28283,0.0011718756110909324,-134.3473280000137
25000.0,FL,AAVE,1698321600,9872.5,28167751.492,0.03504894596504771,690.353725
25000.0,FL,SOL,1698926400,11211.48,1029741256.666,0.0010887667098334471,167.09274959997936
25000.0,FL,AAVE,1699358400,8215.25,21162543.682,0.03881976629769491,71.20165250000039
25000.0,FL,XRP,1699358400,8066.400000000001,257787119.19969,0.0031290935036019053,-319.02646768800673
25000.0,FL,SOL,1699588800,7616.32,386290277.011,0.0019716571845744693,1681.6624337087944
25000.0,FL,AVAX,1700208000,11985.05,353627507.003,0.003389173568983231,-272.563538499999
25000.0,FL,AVAX,1700640000,7987.6,74665794.024,0.010697803598569549,295.0656680000005
25000.0,CS,BCH,1700683200,19898.620000000003,22217088.07387,0.0895644826803527,-385.22645934039673
25000.0,CS,XLM,1700697600,21265.199999999997,2701689.02412,0.7871076134281051,-430.0484077079782
25000.0,CS,XRP,1700726400,19027.800000000003,148363493.43877,0.012825122649092127,-505.00692599996347
25000.0,CS,BCH,1701158400,20919.7,15315380.13275,0.13659275720663225,-247.52963600000027
25000.0,CS,XRP,1701158400,21473.95,86305092.18794,0.02488144031320634,-234.2266214999613
25000.0,CS,XLM,1701288000,19570.649999999998,2443731.73691,0.80085099785733,-504.98551623297936
25000.0,CS,BCH,1701432000,18567.93,13498991.13523,0.13755050147074294,-1883.1784344000032
25000.0,CS,XRP,1701417600,19564.800000000003,75018407.07552,0.026079999246457458,-267.72554732800194
25000.0,FL,AVAX,1701676800,8810.4,205619215.743,0.004284813541460041,1773.3214118080004
25000.0,FL,AVAX,1701950400,10756.4,182561588.542,0.005891929450167656,2474.3446082319997
25000.0,CS,SOL,1702339200,27780.479999999996,371476381.526,0.00747839738447964,-1760.3230764287666
25000.0,CS,BCH,1702353600,19006.65,14584681.06432,0.13031927072096158,37.920797999999046
25000.0,CS,LINK,1702353600,21056.0,59285762.67283,0.03551611559118852,201.98079999999695
25000.0,CS,XRP,1702353600,21256.8,82964357.70352,0.025621604973985256,-201.0753636559672
25000.0,FL,AVAX,1702468800,11708.4,694250314.987,0.0016864810497376934,1733.2714767840012
25000.0,FL,AVAX,1702800000,8457.2,152073700.25,0.005561250884338892,-834.4320839999999
25000.0,FL,AVAX,1702886400,7636.400000000001,309538464.805,0.0024670278069676105,1436.4867861280004
25000.0,CS,ADA,1703937600,21353.5,47249923.3077,0.04519266594559777,-101.5770929599984
25000.0,CS,XRP,1703952000,19700.1,49587009.09822,0.039728348933041745,-38.12876789401653
25000.0,CS,DOGE,1703995200,22189.649999999998,19798721.62903,0.11207617550147422,-214.93517049899717
25000.0,CS,LINK,1704009600,19952.4,36779451.47927,0.054248769890561786,545.6503052520027
25000.0,CS,AVAX,1704369600,31431.2,129078687.333,0.024350418066239787,3681.9135759999963
25000.0,CS,DOGE,1704369600,32355.400000000005,103437546.57094,0.03128013093176942,1777.3107659999969
25000.0,CS,HBAR,1704384000,31755.600000000002,4462556.32707,0.7116011019820542,3517.7675781959933
25000.0,CS,SOL,1704916800,39804.57,1422507902.01,0.0027981967582574583,2437.7697474000747
25000.0,CS,BTC,1704988800,39693.64000000001,6294000990.52087,0.0006306583055798835,3437.5373395999973
25000.0,CS,SOL,1705219200,38235.605,217483804.301,0.017580897631844578,-2066.8868038999244
25000.0,CS,ETH,1705305600,39368.450000000004,573721727.70718,0.006861941617120198,290.84686700000043
25000.0,CS,ETH,1705680000,24935.8,2509910449.38486,0.0009934936127347243,1732.3447879999976
25000.0,CS,SOL,1705680000,25881.625,1119680604.806,0.0023115185606420634,2876.2729325000487
25000.0,CS,ETH,1706083200,28040.249999999996,819141597.68185,0.003423126121216795,-254.88608200750338
25000.0,CS,ETH,1706342400,24913.57,440004534.10533,0.005662116653106146,-518.9049761379002
25000.0,FL,HBAR,1707321600,13904.6,12344849.25461,0.11263483022935686,651.8485371100019
25000.0,FL,BCH,1707753600,16031.78,111611739.34624,0.014363883310040076,-338.3568081412012
25000.0,FL,XRP,1709697600,13848.75,223865016.68284,0.006186205511341761,242.3572448624923
25000.0,CS,AAVE,1711771200,25821.8,6659088.223,0.3877678014658734,1717.053408137996
25000.0,CS,AVAX,1711814400,24072.3,44497397.937,0.054098219482590595,2771.571445874999
25000.0,CS,LINK,1711900800,27731.25,21342235.51959,0.1299360133784745,2169.4193668750036
25000.0,CS,ADA,1711915200,22771.0,25598295.5687,0.08895514132528011,2848.129375209997
25000.0,CS,ETH,1712145600,24980.775,1714496006.73149,0.0014570331398801725,-25.809827726996758
25000.0,FL,BCH,1712361600,14120.2,369940952.18113,0.003816879401090606,-310.4858759999986
25000.0,FL,BCH,1712678400,12799.919999999998,178901841.11323,0.0071547167543673925,-1076.0688231951988
25000.0,CS,LINK,1712606400,44384.2,20754123.18413,0.21385726395774282,1368.7836024659937
25000.0,CS,ETH,1712764800,26430.0,1754032932.63916,0.0015068132136055615,3324.4039568999983
25000.0,FL,AVAX,1712952000,11799.300000000001,79893342.811,0.014768815003664398,-1649.5223930580005
25000.0,FL,XRP,1712952000,14219.400000000001,178060889.22604,0.007985695265145585,-1795.773603052005
25000.0,CS,DOT,1712880000,25377.0,24182237.0274,0.10494066355914988,5111.355834389999
25000.0,FL,AVAX,1713038400,11861.5,406063544.952,0.002921094530020449,276.69508615000217
25000.0,FL,XLM,1713038400,11568.7,44753416.80637,0.025849869854748977,464.8481635489977
25000.0,FL,XRP,1713038400,14358.0,719125333.05044,0.0019965921571828316,497.69726873999053
25000.0,FL,AAVE,1713052800,11061.9,27152188.168,0.04074036291865757,516.9749183190008
25000.0,FL,XLM,1713470400,13244.400000000001,4619651.72022,0.28669693739097,382.8689366159872
25000.0,FL,AVAX,1713499200,17587.0,98568223.143,0.017842464274196435,1622.296924210002
25000.0,FL,HBAR,1714032000,14267.500000000002,150795991.39556,0.009461458403475898,-910.9405557000022
25000.0,CS,BTC,1714636800,55026.096000000005,3155967688.8392,0.0017435570140529296,-2963.5673181111883
25000.0,FL,HBAR,1714579200,12777.5,105185582.90024,0.012147577308306998,852.5538525750015
25000.0,FL,SOL,1714636800,16635.0,678480695.452,0.002451801519410638,941.8433179500043
25000.0,FL,HBAR,1714852800,11985.599999999999,11489333.76517,0.10431936476886443,-147.075923984
25000.0,FL,AAVE,1715601600,14771.749999999998,4777474.319,0.3091958012469642,73.09852243750018
25000.0,FL,SOL,1716292800,18570.51,746843004.198,0.0024865346392234076,-455.9379468000242
25000.0,FL,AVAX,1716508800,11677.499999999998,28972142.068,0.0403059600239152,-340.1691749999988
25000.0,FL,AAVE,1716451200,14725.5,7171946.39,0.20532083202032972,1473.696255000001
25000.0,FL,HBAR,1716552000,12455.650000000001,5937903.11853,0.20976512670155437,-183.7938394999998
25000.0,FL,AAVE,1716854400,14439.599999999999,14593083.749,0.09894824321137388,-240.40292399999782
25000.0,FL,AVAX,1717776000,11699.8,195871737.85,0.0059731945651903045,-202.3586459999992
25000.0,FL,XRP,1717790400,17461.5,68906645.58786,0.025340806900454278,-46.699205000022594
25000.0,CS,BTC,1718798400,31798.550000000003,1759678243.0735,0.001807066156848074,304.24883353200374
25000.0,CS,BTC,1719057600,32141.700000000004,462862149.9318,0.006944119324670616,1259.319864801006
25000.0,CS,BTC,1719316800,40154.4,4722098463.886,0.0008503507562812524,494.7024159999941
25000.0,FL,AAVE,1719360000,12794.6,8278790.006,0.15454673920617862,613.5958469199991
25000.0,CS,BTC,1719662400,31776.108000000004,755080453.1662,0.004208307587192406,-422.6112638800004
25000.0,FL,AAVE,1720094400,14072.599999999999,15941180.309,0.08827828132685352,-225.0659785699994
25000.0,FL,HBAR,1720094400,12124.0,7068635.29363,0.1715182563022556,-286.8495652399994
25000.0,FL,XLM,1720224000,19816.8,3879441.7006,0.5108157701386543,-664.335739800001
25000.0,FL,XRP,1720195200,19138.5,60278151.15944,0.031750310239903184,176.702018174993
25000.0,FL,XRP,1720771200,19319.2,253316448.16282,0.007626508321947779,2629.9391189599783
25000.0,FL,SOL,1720944000,17380.800000000003,326784313.374,0.005318737555222831,1897.0641293759827
25000.0,FL,XLM,1720987200,15149.599999999999,8529330.20797,0.1776176983492076,734.335946335982
25000.0,FL,XLM,1721332800,20098.65,3678685.20277,0.5463541698231204,409.3429481699695
25000.0,FL,AAVE,1721361600,19394.0,4792589.402,0.40466642086857413,-554.4498343599975
25000.0,FL,AAVE,1721620800,14632.0,7964644.316,0.18371190751865837,-131.61855999999952
25000.0,FL,XLM,1721750400,14676.900000000001,8736790.52016,0.1679896063220618,139.13204563397795
25000.0,FL,XLM,1722096000,14261.800000000001,6806447.30817,0.20953368702173156,-286.35369361200526
25000.0,FL,AAVE,1722052800,18988.6,7873845.216,0.24116044294869204,1004.3125543859998
25000.0,FL,XRP,1722470400,15285.000000000002,211580705.39507,0.007224193704931355,-1220.3450116500032
25000.0,FL,XLM,1722499200,13911.800000000001,5401566.78167,0.2575511987967849,-576.6671711080088
25000.0,FL,AAVE,1722643200,19670.399999999998,35923109.946,0.05475695180503233,-4481.118788832
25000.0,FL,XRP,1722816000,19629.5,555806161.44414,0.003531716875717438,5706.194252220008
25000.0,FL,AAVE,1722844800,20667.75,39959239.692,0.05172208019798176,3824.291833252501
25000.0,FL,XLM,1722902400,18971.4,8889591.39261,0.2134113837422393,2444.850984492004
25000.0,FL,SOL,1723104000,19255.0,460657830.131,0.004179892045799882,-68.49754875000548
25000.0,FL,XLM,1723161600,18343.8,8544991.41294,0.2146731238631943,-475.2685260000346
25000.0,FL,XLM,1723435200,12933.699999999999,3750142.8253,0.3448855310988147,-128.12837442600778
25000.0,FL,AAVE,1724500800,15786.050000000001,21193131.131,0.07448663391182034,-658.4002751255026
25000.0,FL,XRP,1724587200,17767.85,45010561.71444,0.03947484617660266,-270.3572048834989
25000.0,FL,AAVE,1724760000,15461.250000000002,27896975.032,0.05542267569248904,-656.3429766625001
25000.0,FL,AAVE,1725235200,13896.6,19041369.472,0.07298109529587515,1098.8004782280009
25000.0,FL,AAVE,1725595200,14557.85,60216537.481,0.024175833764260208,-171.43747156450075
25000.0,FL,AAVE,1725811200,10583.35,17507150.468,0.060451585307069296,2073.420124211499
25000.0,FL,AAVE,1726243200,18573.100000000002,38795120.273,0.04787483546719717,-210.09456456299932
25000.0,CS,XRP,1728604800,37450.0,43357629.13817,0.08637464903963303,-242.0881749999694
25000.0,CS,XRP,1728907200,33489.0,96462129.07069,0.034717251550044445,-283.304129999933
25000.0,CS,AAVE,1729785600,36196.3,10810467.048,0.334826421830651,711.3921147270022
25000.0,CS,XRP,1729785600,38088.049999999996,20545248.56709,0.18538617274755478,1244.2861864290646
25000.0,FL,SOL,1729886400,15656.0,1123230291.38,0.0013938370537323248,1256.7519265599794
25000.0,CS,XRP,1730088000,37675.3,24835778.34504,0.15169768177418208,-143.92950099992612
25000.0,FL,HBAR,1731513600,25317.0,21759740.78158,0.11634789336016024,15207.59889945
25000.0,FL,XLM,1731528000,21761.25,15196821.58253,0.14319606163578544,16855.277958224968
25000.0,FL,HBAR,1731816000,32208.75,23939662.8035,0.13454136870838068,15076.587242025
25000.0,FL,XRP,1731830400,27512.300000000003,714497841.01113,0.003850578465158922,2125.2683604840004
25000.0,FL,XLM,1731844800,29409.000000000004,164207722.82299,0.017909632686217716,9858.803224169955
25000.0,FL,HBAR,1732104000,25790.100000000002,144238893.67713,0.017880128821377104,7850.017019775003
25000.0,FL,XRP,1732147200,22465.95,416389377.74629,0.005395418615526911,7700.747255020982
25000.0,FL,XLM,1732176000,30776.2,80829011.71888,0.03807568513523135,39121.493882717965
25000.0,FL,HBAR,1732420800,34179.75,68693336.03445,0.04975700988354782,-3864.6226439324932
25000.0,FL,XLM,1732464000,39194.25,726947898.75914,0.005391617482752536,-6425.296021312546
25000.0,FL,HBAR,1732694400,29358.0,39418320.68352,0.07447805865629883,5904.853945619996
25000.0,FL,XLM,1732694400,37269.0,872747202.23025,0.004270308733704495,2538.392770469946
25000.0,FL,HBAR,1733025600,32268.600000000002,90358600.47938,0.035711708491283856,26021.593522098
25000.0,FL,XRP,1733198400,34166.600000000006,2484955812.25028,0.0013749379297437105,-3331.441917544017
25000.0,CS,LTC,1733947200,75639.15000000001,46522670.97223,0.16258557047412436,-4661.562382499905
25000.0,CS,XLM,1733976000,76902.0,61018959.69186,0.12602968059165193,2984.4470125401226
25000.0,CS,DOGE,1734292800,125990.2,510616291.20335,0.024674144199959558,15026.863308045991
25000.0,FL,XLM,1734710400,44647.2,59540744.68905,0.07498596168584866,-2494.42086120004
25000.0,CS,AAVE,1734782400,129855.6,108755619.175,0.11940127874316799,-8431.424747172021
25000.0,CS,BTC,1734724800,131004.296,3054856527.7819,0.0042883943913111,3953.4743459353313
25000.0,CS,XLM,1735099200,77110.0,24327179.77454,0.31697056837102305,7810.600991200105
25000.0,CS,ETH,1735286400,85435.5,2459812533.82331,0.0034732524867334825,-105.62122576501557
25000.0,CS,SOL,1735286400,83172.0,562780516.399,0.014778763225881246,-990.135937080076
25000.0,CS,BTC,1735401600,87394.296,1162938383.1871,0.0075149549850174234,809.5716665355084
25000.0,CS,ETH,1735574400,103751.84999999999,1791466128.37586,0.00579144915757136,-1779.5251614910244
25000.0,CS,BTC,1735675200,87935.96599999999,1341088992.3054,0.00655705672811717,-4659.718580122296
25000.0,CS,AAVE,1736179200,134994.59999999998,48279065.363,0.2796131179943198,26726.064241499986
25000.0,FL,XLM,1736424000,34474.3,89198509.97561,0.03864896398989903,2007.5052557859522
25000.0,CS,BTC,1736481600,98235.28,2488185246.0634,0.003948069387334392,949.584664017622
25000.0,CS,ETH,1736481600,98839.5,1233173301.51621,0.008015053511008952,2880.4323738449643
25000.0,CS,AAVE,1736524800,86139.0,46396947.608,0.18565660984376367,5676.657168299999
25000.0,FL,XRP,1736769600,44371.799999999996,1616525847.54907,0.0027448865149465596,15096.109027337929
25000.0,FL,XRP,1737129600,56589.75,872259455.46747,0.006487719868817226,-232.74066707502354
25000.0,FL,XLM,1737201600,54397.299999999996,132160164.89881,0.04116013326833387,-1623.2640310000643
25000.0,FL,XRP,1737331200,60680.100000000006,1319230858.54352,0.00459965741454783,695.2197301139014
25000.0,CS,DOGE,1737504000,154101.94999999998,247438750.68063,0.0622788264069842,7506.970564337991
25000.0,CS,AAVE,1738051200,97087.25,37051955.235,0.26203003157115307,-5636.6004193850085
25000.0,CS,ETH,1738022400,105648.51,1213032435.85228,0.008709454659039769,-882.7937914719238
25000.0,FL,XLM,1738238400,49973.25,93024205.15929,0.05372069550546366,-3225.610677500064
25000.0,FL,AVAX,1738540800,38201.6,304661295.33,0.01253903944661601,3605.468200895989
25000.0,FL,AAVE,1738627200,62991.75,38172566.086,0.16501837958203855,-1406.284297735004
25000.0,FL,HBAR,1738555200,36607.5,101723470.32439,0.035987270079619674,14.398234200003941
25000.0,CS,BTC,1738886400,103254.81199999999,1613807538.9398,0.0063982110325146845,674.3097889837054
25000.0,FL,AVAX,1739160000,45689.399999999994,32175552.57,0.1420003585038664,-534.9821330699992
25000.0,FL,AVAX,1740096000,42246.7,20665665.355,0.20442942084987614,-1527.580361303992
25000.0,CS,BTC,1740571200,133930.69199999998,9878484269.8158,0.0013557818015586852,4247.971305732345
25000.0,FL,HBAR,1740729600,56471.99999999999,31959376.91918,0.1766993147044399,18336.571033440017
25000.0,FL,SOL,1740931200,55056.0,4536384342.615,0.0012136537789093715,-9700.376546719981
25000.0,FL,HBAR,1741060800,64086.40000000001,63129081.49949,0.1015164461097343,4928.636584479991
25000.0,FL,AAVE,1741233600,68763.0,72668984.993,0.09462496277693123,-5907.733116239997
25000.0,FL,AAVE,1741320000,56646.0,42007050.504,0.13484879162036395,-5615.75201904
25000.0,FL,AVAX,1741780800,47612.549999999996,98112104.876,0.04852872136437763,1457.8069438555062
25000.0,FL,XLM,1741953600,41718.0,37879287.42979,0.11013406753578756,-2120.4791835000105
25000.0,FL,BCH,1742025600,59364.95,155052125.94011,0.0382870919312194,-1096.3219564414921
25000.0,FL,AAVE,1742529600,40293.00000000001,20112194.809,0.2003411382131666,2498.4818202599995
25000.0,FL,XLM,1743480000,35974.799999999996,6161514.31124,0.5838629626222535,-757.6158326040211
25000.0,FL,HBAR,1743494400,40348.799999999996,28525089.9659,0.14145021119384554,-2222.5258176959846
25000.0,FL,HBAR,1743782400,44714.700000000004,18019475.90711,0.24814650676025926,-5982.228892809005
25000.0,FL,XRP,1743811200,38098.799999999996,117946770.59008,0.03230168982956819,-5318.062636355987
25000.0,FL,AVAX,1744027200,34486.200000000004,172304823.703,0.020014645706868603,2596.1611647719956
25000.0,FL,HBAR,1744041600,38383.8,30126518.29832,0.127408682343955,5630.079464463989
25000.0,FL,XRP,1744041600,29257.8,694673798.43893,0.004211732192253125,1145.5225422939993
25000.0,FL,XLM,1744070400,48856.5,13600543.28427,0.35922462050840304,-19.84400953501212
25000.0,FL,HBAR,1744473600,61102.6,15664327.40918,0.39007483949927607,-1622.9079884319938
25000.0,FL,BCH,1744617600,51395.87,24983924.54509,0.205715758976308,-3149.279301293207
25000.0,FL,SOL,1744632000,59845.5,1165385686.30156,0.0051352527067604755,-181.028643615026
25000.0,FL,HBAR,1744689600,56674.600000000006,8315667.60074,0.6815399883823713,-2450.4179867380194
25000.0,FL,XLM,1744689600,56731.35,5997335.2758,0.9459426126953101,-928.5124883965216
25000.0,FL,XRP,1744689600,55910.4,137618900.60616,0.04062697765621982,-1553.0997048320048
25000.0,FL,HBAR,1744948800,43004.0,10221476.95133,0.42072197789776744,-343.6322843200024
25000.0,FL,BCH,1745611200,54071.950000000004,15063022.71677,0.3589714429614481,-3995.998365479509
25000.0,FL,AAVE,1746633600,40478.399999999994,33595529.058,0.1204874610848285,13498.764526127998
25000.0,FL,AAVE,1747814400,63475.0,66537776.555,0.09539693582566842,-1803.9211382499984
25000.0,FL,BCH,1748016000,37740.24,30266479.96117,0.12469319210036439,-2090.466921537599
25000.0,FL,AAVE,1748836800,41383.100000000006,28256806.2,0.14645356487599084,2886.3144678640056
25000.0,FL,AAVE,1749153600,45894.5,94807369.217,0.04840815685429927,2217.961883525
25000.0,FL,AVAX,1749283200,43086.9,65310675.746,0.06597221588637274,-519.6895495060052
25000.0,FL,BCH,1749715200,37995.880000000005,39958792.07095,0.09508765913778201,1441.3807025592052
25000.0,FL,BCH,1750320000,48372.48,111869892.54051,0.04323994499456903,-127.72638411519341
25000.0,FL,BCH,1750593600,61022.54,212867061.79651,0.02866697152908251,4843.689659328387
25000.0,FL,AVAX,1750723200,54135.00000000001,35616964.735,0.1519921767696357,-973.6427089500022
25000.0,FL,BCH,1751414400,48854.049999999996,50736867.54065,0.09628905442547965,-1585.8305887319916
25000.0,FL,XLM,1751486400,47588.0,9131292.94323,0.5211529221092622,-136.0661846800008
25000.0,FL,AAVE,1751644800,41838.4,43063904.557,0.0971542186673345,3032.0032261280016
25000.0,FL,XRP,1751976000,45705.99999999999,257262231.3807,0.017766307846550415,9783.911078279914
25000.0,FL,BCH,1752163200,57256.64,53969012.56098,0.10609169462810772,-409.86726941439895
25000.0,FL,XLM,1752148800,55677.6,28714901.57906,0.19389793082419,32147.047720151924
25000.0,FL,XLM,1752638400,66565.15,63477657.65854,0.10486390401811654,943.5796844998671
25000.0,FL,AAVE,1752724800,61617.0,70347867.729,0.08758900872072799,-1627.9327300000004
25000.0,FL,XLM,1752897600,46645.0,35991130.28052,0.12960137577353703,-934.5569703500503
25000.0,FL,XLM,1753315200,53745.00000000001,51486185.76699,0.10438722387250181,1422.3713499998944
25000.0,CS,LTC,1753646400,110179.20000000001,35085444.45119,0.3140310796212902,4158.215198592124
25000.0,FL,XLM,1754107200,38677.0,21197681.79376,0.18245863097815448,1448.6400404299827
25000.0,CS,BTC,1754208000,159334.14,1254969382.1135,0.012696257157418822,-483.0374476983942
25000.0,CS,XLM,1754380800,145262.45,33512515.25453,0.4334573185471789,-10849.975457149478
25000.0,CS,BTC,1754481600,114212.637,4327493797.3323,0.0026392328296439573,-1423.9227788181224
25000.0,CS,XLM,1754654400,123779.59999999999,117073679.63609,0.10572794874540083,-407.5319144959449
25000.0,CS,BTC,1754755200,106014.909,885585194.0286,0.011971169991870511,-2758.1484706958086
25000.0,CS,XLM,1755014400,110840.44999999998,39104034.70983,0.28345016268138906,6969.379459875041
25000.0,CS,BTC,1755345600,178792.888,916212701.854,0.019514342863638987,5945.225225513119
25000.0,FL,HBAR,1756252800,44644.200000000004,12829518.90871,0.3479803125718995,-846.683624252002
25000.0,CS,BTC,1756252800,122511.07,1711684901.225,0.007157337773577521,3333.147025499526
25000.0,CS,AVAX,1756324800,119658.0,147469942.404,0.08114060265392384,3100.329969799995
25000.0,CS,BTC,1756555200,128395.564,1453494111.2145,0.008833579923672081,-2302.2672583969024
25000.0,CS,ETH,1756843200,110277.045,1967531080.28996,0.0056048438626823726,453.5695196404619
25000.0,FL,BCH,1756958400,53333.280000000006,46220226.22665,0.11538948281747853,1262.597388416
25000.0,CS,DOGE,1757073600,110256.35,638432821.39626,0.01726984363975337,-7506.303610754985
25000.0,CS,AVAX,1757044800,116757.4,64553916.505,0.18086803453816253,-224.46800631602798
25000.0,CS,BTC,1757073600,110674.1,9927727838.502,0.0011147978852802604,-1877.467678625992
25000.0,FL,BCH,1757217600,52875.68,19033058.40288,0.27780968712836546,-1396.8900612832012
25000.0,CS,ETH,1757318400,112072.22,2998020022.07725,0.003738207856342069,-3002.614681949995
25000.0,CS,LTC,1757390400,112840.2,56284383.13431,0.2004822540752242,-1692.1601577539366
25000.0,CS,ADA,1757433600,116383.5,61377016.9212,0.18962065254722477,-6069.094601445006
25000.0,CS,AAVE,1757563200,110156.40000000001,45526087.77,0.2419632465598965,-5622.671586599999
25000.0,CS,XLM,1757592000,111876.20000000001,47416487.02323,0.2359436707008478,-6037.30430328998
25000.0,CS,AAVE,1757721600,178998.39999999997,26917236.883,0.6649954480024998,13004.235452095978
25000.0,CS,XLM,1757721600,172664.75,19225478.39608,0.8981037893715336,12429.306417370184
25000.0,CS,HBAR,1757779200,189512.40000000002,24890516.57244,0.7613839570121155,5885.522060263988
25000.0,CS,DOGE,1758096000,111426.0,254409389.58753,0.043797911775447146,-7216.351771440025
25000.0,CS,ADA,1758124800,110300.0,217396192.029,0.05073685926627745,-5564.854000000014
25000.0,CS,HBAR,1758038400,119095.0,14687962.5277,0.8108340402925115,477.0416191999876
25000.0,CS,AAVE,1758067200,127529.4,24533727.43,0.5198125737879367,-1331.202781288011
25000.0,CS,ETH,1758110400,112191.24999999999,2295888686.56818,0.00488661539456862,-224.97159414998703
25000.0,CS,LTC,1758182400,112807.5,43410564.06815,0.259861861787615,954.4632513000118
25000.0,CS,ADA,1758340800,117741.0,49299688.3388,0.2388270676091376,10660.382470659995
25000.0,CS,HBAR,1758398400,107605.45,5952287.7049,1.8077998802278628,10058.536606004001
25000.0,CS,AAVE,1758470400,107280.0,22069161.592,0.4861081811050251,6867.6465023999945
25000.0,CS,BCH,1758715200,124650.31000000001,18593177.18502,0.6704088750384591,3340.087680135406
25000.0,CS,DOGE,1758758400,133334.35,473896064.54642,0.02813577912439899,4296.600450637508
25000.0,CS,AAVE,1759075200,118241.20000000001,14090583.781,0.8391504698296363,-7200.000858863991
25000.0,CS,DOGE,1759118400,130155.19999999998,173664503.76223,0.07494634607553419,-7171.959466223983
25000.0,CS,LINK,1759089600,128924.59999999998,64094343.71444,0.2011481708501435,-5376.251420078006
25000.0,CS,LINK,1759348800,182800.80000000002,52896481.9853,0.34558215053091923,4521.399024239969
25000.0,CS,BCH,1759622400,188507.38,43027002.36538,0.43811413679070316,7528.764313240638
25000.0,CS,LINK,1759622400,208888.35,74700127.19033,0.2796358692506226,5550.514077300488
25000.0,FL,AVAX,1759968000,72404.7,67519565.125,0.10723513971980725,-16639.383055961996
25000.0,CS,LINK,1759939200,214674.45,96350776.94413,0.2228051052712125,49611.75922387651
25000.0,FL,AAVE,1760126400,77255.85,357388263.93,0.021616784264390884,12708.698746717504
25000.0,FL,HBAR,1760126400,94144.75,263835101.4695,0.03568317842305125,17487.476253385008
25000.0,FL,XLM,1760126400,90857.99999999999,290356471.61138,0.031291880458447816,9138.718396440032
25000.0,FL,AVAX,1760140800,94273.2,189579490.746,0.04972753098398599,6147.638516283984
25000.0,FL,HBAR,1760385600,89336.59999999999,10834558.39545,0.8245522958971464,-7169.910599856025
25000.0,FL,AVAX,1760400000,90971.4,80430415.443,0.11310571939600418,-5558.138394899995
25000.0,CS,BCH,1760356800,230308.38,39065009.00574,0.5895515855792065,12653.264259654574
25000.0,FL,HBAR,1760788800,87275.1,11298216.94145,0.7724679075670078,8064.616264271972
25000.0,FL,AAVE,1760932800,87577.5,34472977.846,0.2540468084632319,-5875.231984275002
25000.0,FL,XLM,1762516800,57500.1,26736229.39648,0.21506435760747272,5473.083016274946
25000.0,FL,AAVE,1762948800,56022.3,53480106.757,0.10475353060634504,-7778.310212609999
25000.0,FL,AAVE,1763136000,82059.25,33681908.253,0.24363005024423193,-3572.1806807050025
25000.0,CS,ETH,1763524800,186563.245,3452001760.58736,0.00540449449157454,19917.516837612333
25000.0,FL,HBAR,1763654400,89623.65000000001,31251990.91367,0.28677740962991743,-4473.807345540986
25000.0,FL,XRP,1763755200,82875.0,380215990.33521,0.02179682130857644,11740.80757999991
25000.0,FL,HBAR,1764705600,94726.1,13875929.13089,0.6826649163919756,-3709.104079862013
25000.0,FL,AVAX,1764763200,82145.4,69770749.183,0.1177361587225369,-2958.8081785540026
25000.0,FL,HBAR,1766174400,67687.4,7054108.01756,0.9595458395519851,-116.34721942800668
25000.0,FL,BCH,1766246400,74914.56,19236947.29555,0.3894306037701193,-818.2042702847868
25000.0,FL,BCH,1766980800,73415.86,29236909.39371,0.2511067740142008,-2120.361104474218
25000.0,FL,AAVE,1767369600,74461.0,26752900.156,0.27832870292868145,7787.467391960022
25000.0,FL,BCH,1767542400,91760.23999999999,23656468.17777,0.3878864727839093,-1698.112837907183
25000.0,FL,XLM,1767470400,57751.200000000004,4596490.12918,1.2564195370153581,5491.077269079922
25000.0,FL,XRP,1767744000,94030.70000000001,335451765.15553,0.02803106430410444,-5516.10321014303
25000.0,FL,SOL,1767787200,63058.65000000001,791724985.0484,0.007964716434475676,296.1946432874546
25000.0,FL,AAVE,1770408000,104264.25,15879775.278,0.6565851731192237,-1580.2381870500042
25000.0,FL,XRP,1770364800,104583.15,542012529.4228,0.0192953380821976,2024.8141938704996
25000.0,FL,SOL,1770451200,93335.0,337236453.2129,0.027676426765488753,-1496.8167241499727
25000.0,FL,XLM,1770422400,78244.79999999999,8890689.96737,0.8800756778964139,-2472.062277359955
25000.0,FL,XRP,1770868800,71812.0,92077508.80093,0.07799081549356024,13905.575543079987
25000.0,FL,AVAX,1771761600,75898.35,28697117.433,0.26448074506856695,-4778.000188897502
25000.0,FL,BCH,1771905600,66375.24,30696243.39229,0.216232452784993,-12.639155812814423
25000.0,FL,AAVE,1772193600,74106.50000000001,26383288.723,0.2808842399370653,5642.406048110001
25000.0,FL,AVAX,1772251200,59457.3,43872338.055,0.13552343603265937,3257.5964721749956
25000.0,FL,AAVE,1772798400,76985.15000000001,26238514.512,0.29340513909349325,-3160.736136474496
25000.0,FL,AVAX,1773849600,63432.6,30278277.27,0.20949870903933368,-706.7385841559974
25000.0,FL,SOL,1773921600,65685.0,641608852.1781,0.010237545784634363,-47.81897684998493
25000.0,FL,HBAR,1774296000,72199.0,3290875.42962,2.19391470580024,-1773.796908410008
25000.0,FL,HBAR,1775044800,65400.7,7494022.48934,0.8727048803633876,-1602.1972890370157
25000.0,FL,AVAX,1775102400,73407.6,23621654.214,0.31076401057675734,328.68308449200447
25000.0,FL,AVAX,1775520000,65518.90000000001,50462817.987,0.12983599135680193,4605.892408984994
25000.0,FL,AAVE,1775649600,94330.0,17868404.511,0.5279150689807215,-2863.836577399997
25000.0,FL,SOL,1775649600,90786.1,555365890.7716,0.016347078837316772,1365.1461694559227
25000.0,FL,SOL,1776456000,93589.04999999999,207493162.9277,0.04510464281303121,-5617.399943838987
25000.0,FL,SOL,1778673600,66421.95,1204435365.5098,0.005514779115763149,-1043.7714827189877
25000.0,FL,AVAX,1781985600,66392.09999999999,15012840.174,0.44223544133228837,2487.1301468280044
25000.0,FL,XRP,1785297600,69208.65000000001,119773109.14934,0.05778312886050798,-768.4019603990624
25000.0,FL,SOL,1787212800,91539.0,560597041.4964,0.016328841079085117,7659.291779999823
25000.0,FL,XRP,1787227200,95182.84999999999,650398631.89004,0.014634540316205974,17657.722635499817
100000.0,FL,AVAX,1653897600,16104.0,145537670.24,0.011065176440878554,-697.5410275200007
100000.0,FL,AAVE,1654012800,18579.0,44234639.541,0.04200102045090608,-844.5937889399984
100000.0,FL,SOL,1654488000,15698.65,286816787.517,0.005473406956372636,-1380.4682280560091
100000.0,FL,HBAR,1654488000,16029.75,3070950.12597,0.5219801475915143,-1328.1787619100003
100000.0,FL,AAVE,1654646400,16374.4,26319856.535,0.062213105068507545,-35.709061951998514
100000.0,FL,SOL,1654588800,15786.599999999999,262780440.05,0.00600752475983229,488.70860151999756
100000.0,FL,AVAX,1654603200,12160.0,170358193.76,0.007137901460220319,-713.837670400001
100000.0,FL,XLM,1654704000,17390.0,7439862.79131,0.23374086979550324,-792.1164213000116
100000.0,FL,HBAR,1655035200,13440.6,4172783.41776,0.3221015484003978,-1952.0009502299993
100000.0,FL,SOL,1655164800,10407.6,479268079.91,0.002171561269416149,375.2286307920003
100000.0,FL,XLM,1655193600,9850.5,8128844.14907,0.12117958985751953,260.0483716349916
100000.0,FL,AVAX,1655366400,16250.0,105110334.12,0.01545994514816028,-1103.4418375000005
100000.0,FL,HBAR,1655366400,16954.600000000002,1974401.31195,0.8587210663497251,-147.72073001400113
100000.0,FL,BCH,1655539200,18011.76,53605658.14636,0.03360048290205174,178.49780853840076
100000.0,FL,AAVE,1655668800,18380.4,19520096.971,0.0941614174730116,2588.771671723999
100000.0,FL,AVAX,1655668800,16160.0,87410136.54,0.018487558353835743,-120.71445759999789
100000.0,FL,SOL,1655798400,20055.6,395434915.83,0.005071782788301382,-154.45428105599848
100000.0,FL,HBAR,1655841600,16946.399999999998,2706867.53894,0.6260520604061827,-145.90243825599632
100000.0,FL,AVAX,1655928000,12856.0,48778023.89,0.0263561312549105,4197.362669840001
100000.0,FL,XRP,1656129600,15235.599999999999,39995092.37678,0.038093673734943906,-419.18640506000736
100000.0,FL,SOL,1656144000,15058.8,169565303.07,0.008880826281885877,-574.9304807520018
100000.0,FL,AVAX,1656201600,14707.0,91418278.84,0.01608759231372114,-1352.6681681800007
100000.0,FL,SOL,1656662400,13093.649999999998,232822150.73,0.005623884995025447,818.4979129049948
100000.0,FL,AVAX,1657036800,13350.0,85485764.3,0.015616635248355614,1699.9474380000008
100000.0,FL,AVAX,1657296000,20090.0,85661075.14,0.02345289265534661,-884.7248845
100000.0,FL,AAVE,1657296000,21130.85,26532108.17,0.07964255936470502,1057.4389162050009
100000.0,FL,AAVE,1657569600,13972.0,45537037.611,0.03068271616470919,4226.199065199999
100000.0,FL,AVAX,1657800000,14960.0,105666943.02,0.014157691679571408,1982.9036088000016
100000.0,FL,BCH,1657915200,13362.3,10466830.67857,0.12766328614982034,1852.8392831759993
100000.0,FL,SOL,1657958400,15614.500000000002,59255048.41,0.02635134122574587,3696.5429673199756
100000.0,FL,AAVE,1658016000,16437.6,22296500.9,0.07372277862666782,892.701051768
100000.0,FL,XRP,1658073600,15856.75,59455327.15802,0.026670023962455085,905.9536745350013
100000.0,FL,AVAX,1658088000,16488.0,45129412.02,0.03653493201438789,2345.0698400000033
100000.0,FL,BCH,1658188800,16168.08,27195651.55187,0.059450974980918475,1178.6688093192006
100000.0,FL,BCH,1658952000,16424.28,17121009.4595,0.09593055852724032,2313.0249002844016
100000.0,FL,AAVE,1659067200,15292.3,22626976.841,0.06758437111355685,-541.9939869999993
100000.0,FL,AVAX,1659009600,14466.0,206955059.19,0.006989923346942268,278.9554696200017
100000.0,FL,SOL,1659096000,14494.2,290715862.92,0.00498569285295194,-97.9317252400258
100000.0,FL,XRP,1659268800,21065.4,44952229.36792,0.04686174700610789,-975.5876482740031
100000.0,FL,AVAX,1659960000,21765.0,281669552.16,0.00772713977534802,-210.31394564999772
100000.0,FL,AAVE,1660219200,17070.4,36936303.36,0.04621577810216469,380.05904153600096
100000.0,FL,SOL,1660449600,15982.85,201208118.0,0.007943441924147414,-1335.368665635509
100000.0,FL,BCH,1661356800,18273.059999999998,19992848.92541,0.09139797968850638,-1971.6246987829984
100000.0,FL,BCH,1662753600,24147.760000000002,19163703.56257,0.12600779343698845,-542.8646467607998
100000.0,FL,BCH,1662998400,19681.92,21361498.61206,0.09213735589172678,-1637.6303445119993
100000.0,FL,XLM,1663041600,21010.45,3681500.21719,0.5707034839193019,-1743.38635164651
100000.0,FL,XRP,1663531200,17522.399999999998,443911218.73898,0.003947275775047077,1721.8454760079999
100000.0,FL,XLM,1663761600,20766.25,15196612.12029,0.13665052339049708,1349.6658026249897
100000.0,FL,XRP,1663790400,20249.8,303677061.89667,0.006668202028011669,4862.501571771994
100000.0,FL,HBAR,1663905600,15112.5,3151654.20883,0.4795100921179506,-187.18962499999884
100000.0,FL,XRP,1664294400,15998.400000000001,622819682.94367,0.002568704945930065,-142.65069508800127
100000.0,FL,XRP,1664568000,25184.25,319502731.82104,0.007882326969932206,-1692.9045009450183
100000.0,FL,XLM,1664524800,23367.949999999997,13020485.00853,0.17947065708144627,221.17561884896992
100000.0,FL,XLM,1664784000,16137.800000000001,15078813.30922,0.10702301082362017,610.0666132679936
100000.0,FL,XRP,1665100800,18337.5,212481508.76393,0.008630162740595571,1538.165576249977
100000.0,FL,HBAR,1665259200,18373.2,1859820.0565,0.9879020250258281,-673.7413446360002
100000.0,FL,XRP,1665417600,14845.65,432644967.58585,0.0034313700868493675,-950.1121256879984
100000.0,FL,XLM,1665446400,16042.0,25140541.43916,0.06380928604430246,-1319.4641818800048
100000.0,FL,HBAR,1665432000,14259.0,2556239.81219,0.5578115140841942,1675.523306799999
100000.0,FL,HBAR,1665691200,23043.049999999996,12451473.63338,0.18506283415503544,-1699.6926977765
100000.0,FL,XRP,1665720000,16713.15,207982968.10956,0.008035826275541924,-534.7045475295054
100000.0,FL,HBAR,1666123200,15243.899999999998,3299353.94089,0.46202681716190647,-997.4085322319997
100000.0,FL,AAVE,1666281600,17380.600000000002,25536335.628,0.06806223200223989,753.1179636640006
100000.0,FL,AAVE,1666641600,16598.4,14248213.057,0.11649460836666377,-375.53264112000176
100000.0,FL,SOL,1666771200,22024.199999999997,157648786.95,0.0139704214831575,-637.9998120420032
100000.0,FL,AAVE,1666828800,19958.550000000003,23727291.811,0.08411642659845063,164.34940060249863
100000.0,FL,AVAX,1667073600,21936.0,27571241.467,0.0795611616773049,364.688571360002
100000.0,FL,AAVE,1667620800,17233.2,11278686.375,0.15279438958599467,-2090.6945037000005
100000.0,FL,BCH,1667764800,14334.42,20230168.03842,0.07085665315669586,-1703.2455794525986
100000.0,FL,AVAX,1668081600,20244.899999999998,78433872.631,0.025811424733857214,-1917.0447899069989
100000.0,FL,SOL,1668081600,27934.4,1384367590.83,0.0020178455624818466,-1950.6340908959996
100000.0,FL,XLM,1668081600,19932.0,32360860.44212,0.06159292345038224,-1503.3000400000246
100000.0,FL,HBAR,1668038400,20132.250000000004,6227059.86501,0.3233026570552759,246.31394073750113
100000.0,FL,SOL,1668254400,22779.679999999997,132130731.638,0.017240258732850833,-1239.6538878415959
100000.0,FL,SOL,1668470400,19783.89,132079614.96,0.014978761110101286,-321.09998994271314
100000.0,FL,HBAR,1668787200,12965.4,2725101.64961,0.4757767476987704,-222.36766034400125
100000.0,FL,SOL,1669060800,14544.75,101535001.108,0.01432486319129415,3446.403955665004
100000.0,FL,AVAX,1669132800,13427.7,22029244.123,0.060953975202356514,732.1085630760001
100000.0,FL,HBAR,1669420800,15283.550000000001,1916017.30965,0.797672856243238,-711.1688964999992
100000.0,FL,XRP,1669435200,14241.5,47168804.91397,0.030192624184510748,-873.223372874994
100000.0,FL,SOL,1669651200,14016.45,126730125.355,0.011060077436786813,160.96009126050177
100000.0,FL,AVAX,1670270400,12919.050000000001,15197107.702,0.0850099259236006,-335.28561492799906
100000.0,FL,SOL,1672632000,16347.425,282610197.243,0.005784442726935223,3570.3010486934913
100000.0,FL,SOL,1672891200,23628.045000000002,126914340.718,0.018617316897623755,180.17817048103075
100000.0,FL,SOL,1673222400,24794.16,637145067.293,0.0038914465908590425,-159.5246883048172
100000.0,FL,AAVE,1673251200,19747.2,10329213.61,0.1911781549457181,-202.9727679999993
100000.0,FL,HBAR,1673265600,22086.899999999998,7516652.98983,0.29383955904155057,-635.1010592849991
100000.0,FL,XLM,1673265600,21242.399999999998,6169284.73062,0.34432516778756594,-49.77632800002608
100000.0,FL,AVAX,1673352000,17142.3,53907506.391,0.03179946754662343,3958.876754514
100000.0,FL,XRP,1673524800,24045.05,294430580.49671,0.008166627922763845,1332.5263014999555
100000.0,FL,BCH,1673654400,23279.62,68379510.98934,0.03404473015846686,-592.685875599998
100000.0,FL,AVAX,1673611200,23482.5,91021177.195,0.025798941217484,1291.5028898250052
100000.0,FL,HBAR,1673625600,21171.45,6294117.04855,0.33636886376107905,1926.5193120060023
100000.0,FL,AAVE,1673654400,21416.5,23384199.252,0.09158534687976666,2218.414143905005
100000.0,FL,AAVE,1674043200,24522.0,72593466.911,0.03377989927118939,-134.44218000000006
100000.0,FL,AVAX,1674043200,21235.5,87622982.567,0.02423508008730757,-242.9868350000002
100000.0,FL,SOL,1674043200,22978.955,433189661.362,0.005304594511270519,-459.7806894000271
100000.0,FL,HBAR,1674273600,25992.0,17973362.63807,0.14461400753660558,-940.6390557599985
100000.0,FL,AVAX,1674288000,22383.399999999998,71482126.034,0.031313282413219616,1229.009283241999
100000.0,FL,XLM,1674288000,21016.05,12596069.69548,0.16684609174194584,1109.6015914999593
100000.0,FL,HBAR,1674446400,23027.399999999998,3814275.95998,0.6037161506300857,-1735.0401419999948
100000.0,FL,AVAX,1674633600,18970.6,32493620.791,0.05838253644313602,3479.092980044003
100000.0,FL,HBAR,1674734400,16755.550000000003,11247432.82974,0.14897221662614124,-101.71265650000171
100000.0,FL,AVAX,1675036800,14462.0,45811063.128,0.03156879367674124,-740.9977399999998
100000.0,FL,HBAR,1675281600,19164.75,10082816.36238,0.1900733813967455,957.4290825000035
100000.0,FL,HBAR,1676217600,15886.800000000001,19506262.25277,0.08144461401232307,-201.87284400000172
100000.0,FL,HBAR,1676390400,18782.399999999998,23649877.52181,0.07941859310974783,-65.80651199999599
100000.0,FL,AAVE,1676534400,21675.15,7431127.916,0.29168048572183936,-195.88100350000008
100000.0,CS,AAVE,1676952000,39142.5,6976929.072,0.5610276325882076,2517.062925000002
100000.0,CS,LTC,1677052800,41320.65,112049206.5707,0.03687723569370194,1227.2404875000716
100000.0,CS,DOGE,1677096000,41895.00000000001,47412160.67707,0.08836340593155405,2338.6160787499975
100000.0,CS,XRP,1677153600,41839.0,87725084.24407,0.04769331413076211,1423.4623546700564
100000.0,CS,AAVE,1677225600,44011.899999999994,9210609.926,0.47783914804340816,1943.4877389999958
100000.0,CS,LTC,1677340800,53383.200000000004,57301935.55893,0.09316125097571978,-1456.7304102479125
100000.0,CS,DOGE,1677369600,56048.7,26198272.84083,0.21394043928211987,-505.4273595930151
100000.0,CS,BTC,1677398400,49510.146,979346877.5853,0.005055424909514527,-1091.7095137097263
100000.0,CS,XRP,1677571200,45204.0,57276248.70584,0.07892276645448484,1090.8825706800678
100000.0,CS,DOGE,1677643200,40331.899999999994,39758732.84427,0.10144161323746162,2887.3912724999877
100000.0,CS,HBAR,1677700800,39597.59999999999,3248449.99134,1.218969050025788,3492.2691793919876
100000.0,CS,BTC,1677772800,39172.522,1803088104.1112,0.0021725240109278735,1731.1565619960188
100000.0,CS,LTC,1677888000,40608.0,31986802.77441,0.12695235684038766,1142.51626080003
100000.0,CS,LTC,1678161600,58179.0,29908535.20812,0.19452306706148795,9651.248949210056
100000.0,FL,XRP,1678377600,19497.899999999998,310824615.62305,0.0062729587748114254,-898.0400410500016
100000.0,FL,XLM,1678752000,25449.000000000004,5188506.51413,0.4904879647099614,-282.58064709003
100000.0,FL,XLM,1679169600,24792.1,4128278.80913,0.6005432565545331,3054.507755878956
100000.0,FL,XLM,1679515200,28583.1,12082316.52787,0.2365697003059639,-718.1061114780327
100000.0,FL,XRP,1679500800,37017.0,809839251.60319,0.004570907118507738,3373.7448671099637
100000.0,FL,XLM,1679716800,29607.6,6391572.12849,0.4632287550667875,1079.1361261559575
100000.0,FL,XRP,1680134400,26398.35,768406072.34702,0.0034354686864158765,-117.70538823451966
100000.0,FL,XLM,1680134400,24899.35,16233574.25288,0.15338180989674904,1435.181744933973
100000.0,FL,HBAR,1680321600,25279.549999999996,10089800.11252,0.25054559771339463,-71.53469851500157
100000.0,FL,XLM,1680393600,25845.6,6419330.64615,0.40262141685287584,-443.7785585760123
100000.0,FL,XRP,1680321600,22905.0,348709367.594,0.006568507223662584,-605.2891256999844
100000.0,FL,XRP,1680580800,20096.1,103434948.9177,0.01942873294788384,415.8277095869768
100000.0,FL,AAVE,1681300800,25532.0,12567304.838,0.20316209663983326,1473.4413200000013
100000.0,FL,SOL,1681444800,29647.660000000003,187803601.98,0.015786523627569885,-874.4380318450322
100000.0,FL,SOL,1681776000,19914.524999999998,92327474.535,0.021569446256705194,-1349.4853888765185
100000.0,FL,AVAX,1681876800,22799.699999999997,32655429.175,0.06981901808062822,-1868.2612957139988
100000.0,CS,AVAX,1682179200,59195.100000000006,24178738.071,0.2448229507519198,-8.522604482994822
100000.0,CS,LINK,1682179200,66805.75,25520031.48227,0.2617776943042299,554.4514306375024
100000.0,FL,AVAX,1682553600,26921.95,51360911.412,0.052417196774490915,-175.01978744499854
100000.0,CS,BCH,1683460800,53352.0,6103543.42616,0.8741151864559767,-369.81233376000966
100000.0,FL,BCH,1683720000,29562.12,80503785.93376,0.036721403418622144,-1090.1521941156032
100000.0,CS,AAVE,1683720000,49992.75,11945046.543,0.41852285648310517,2435.152972499994
100000.0,CS,AAVE,1683979200,47801.6,2942633.11,1.6244498791764088,-233.18274425600205
100000.0,FL,AAVE,1684483200,22383.6,2123278.595,1.0541998611350385,-203.42828400000013
100000.0,CS,LINK,1684512000,48675.0,16550433.68435,0.2941010545604422,-188.89664174999987
100000.0,CS,SOL,1684512000,53152.649999999994,33556034.828,0.1583996746708824,1656.5475939975172
100000.0,CS,SOL,1684814400,51672.78,56945334.838,0.09074102408388757,1273.4363997064327
100000.0,CS,SOL,1685073600,49314.055,36413316.518,0.1354286280834179,-2978.8580968999518
100000.0,CS,BTC,1685030400,53444.958,2114028469.75789,0.0025281096619347234,-2161.9310205249662
100000.0,FL,SOL,1685361600,27956.565,55599173.28,0.05028233937797861,-111.83046420003987
100000.0,CS,AVAX,1685462400,82792.5,17487947.191,0.4734260636526187,28.766665949996508
100000.0,CS,BTC,1685664000,53160.647,2287550516.89141,0.0023239113893860964,275.25160883055395
100000.0,FL,SOL,1685966400,21934.0,174610094.24,0.012561702171612092,-769.6849584600241
100000.0,FL,HBAR,1686009600,16513.800000000003,2287265.30044,0.7219888308025856,-335.41765703799905
100000.0,FL,XRP,1685966400,22423.550000000003,380978309.69507,0.005885781271366214,862.4424387199779
100000.0,FL,AAVE,1686067200,31936.199999999997,12257921.749,0.26053519229395755,-1405.4721780000004
100000.0,CS,BTC,1686225600,78515.346,3367354779.87239,0.0023316624214742066,2784.49073367738
100000.0,CS,SOL,1686254400,79360.96500000001,43916038.138,0.18071066600001415,13674.764372725518
100000.0,FL,HBAR,1686398400,24023.999999999996,4540568.20484,0.529096776354812,778.6612416000145
100000.0,CS,BTC,1686513600,53633.49300000001,1942771269.02003,0.0027606694547759984,1599.6735534954673
100000.0,FL,HBAR,1686974400,35104.299999999996,4565750.46517,0.7688615544759723,-647.589211808003
100000.0,FL,SOL,1686974400,28286.895,137007212.963,0.020646281599523614,-788.0552987411967
100000.0,FL,HBAR,1687348800,40986.0,6361064.16805,0.6443261523105238,1683.1369935600028
100000.0,FL,BCH,1687406400,33219.55,75710619.13311,0.0438770021700593,16542.245337600507
100000.0,FL,XLM,1687449600,29118.199999999997,5445363.55624,0.5347338097679926,1425.8107859999432
100000.0,FL,HBAR,1687608000,31646.800000000003,5455322.36532,0.5801087063375339,-696.9066233840052
100000.0,FL,AAVE,1687780800,45466.9,38433899.916,0.11829894988375136,-3052.286039013003
100000.0,FL,BCH,1687752000,36522.36,192621200.22977,0.018960716658620112,6899.777188970397
100000.0,FL,XLM,1688011200,33351.5,30909578.18683,0.10790021073212334,981.2493091699585
100000.0,FL,HBAR,1688054400,27182.399999999998,1683102.38804,1.6150176123066609,647.7014880000012
100000.0,FL,BCH,1688126400,32411.499999999996,1487753197.62833,0.002178553543132564,-417.5047976549927
100000.0,FL,SOL,1688126400,27313.649999999998,482139145.463,0.00566509694494327,1395.6128145634596
100000.0,FL,AAVE,1688155200,27495.0,24161734.028,0.11379564052868564,873.4849499999995
100000.0,FL,SOL,1688400000,26116.27,85765529.304,0.030450776916947177,-1023.4322302637237
100000.0,FL,BCH,1688457600,26715.739999999998,236729962.94748,0.011285322595993923,-523.8700067789955
100000.0,FL,AAVE,1688558400,31341.75,57194332.664,0.05479869864751046,673.0961557574977
100000.0,FL,BCH,1688716800,27534.87,217204881.11693,0.012676911245459943,-957.0150777627027
100000.0,FL,XLM,1688688000,27422.7,6703768.13599,0.4090639688562299,477.86588616600517
100000.0,FL,AVAX,1688947200,29898.0,54850862.99,0.054507802375781726,-352.17805895999817
100000.0,FL,SOL,1688889600,30234.4,128163373.217,0.023590515169110433,631.5578079999788
100000.0,FL,SOL,1689220800,28928.83,149129305.645,0.019398487691523643,7802.656915337172
100000.0,FL,BCH,1689307200,24293.44,154819085.90144,0.01569150202544507,-1427.1363286720004
100000.0,FL,AAVE,1689350400,30012.4,80071470.368,0.03748201433302797,-478.831623296002
100000.0,FL,AVAX,1689350400,25039.0,180574861.196,0.01386627121525078,-91.5690299999973
100000.0,FL,XLM,1689408000,30077.100000000002,54289895.29432,0.055400917310567684,-990.0223081400038
100000.0,FL,XLM,1689609600,24663.600000000002,48919835.93765,0.05041635877813368,7947.721993067999
100000.0,FL,XRP,1689854400,27151.5,657957353.9511,0.0041266352350881885,-715.5699037350201
100000.0,FL,HBAR,1689897600,40093.700000000004,9807535.80653,0.4088050330981716,-2330.6085839939933
100000.0,FL,XLM,1689912000,38112.299999999996,100275258.88051,0.03800768048419139,-1667.188897118005
100000.0,FL,HBAR,1690070400,33851.85,5347224.69648,0.6330732655069493,-728.6988855000017
100000.0,FL,XLM,1690084800,31010.0,59861982.75356,0.05180249395958378,-2572.024397399986
100000.0,FL,HBAR,1690329600,20567.649999999998,4964302.22893,0.4143109958160852,-187.73879949999997
100000.0,FL,XLM,1690257600,25623.0,33418087.689,0.07667404621849187,2847.144198330002
100000.0,FL,XLM,1690560000,30665.999999999996,48822722.82044,0.06281091718866905,-1092.4870549199964
100000.0,FL,XLM,1690891200,25403.100000000002,75684445.79703,0.03356449232399197,-1483.5097963459955
100000.0,CS,ETH,1691121600,66122.28,307858608.03314,0.021478132582501037,46.66564757160353
100000.0,FL,HBAR,1691121600,36294.0,3785893.59074,0.9586640281906573,1889.2760873400027
100000.0,FL,AAVE,1691150400,32283.9,45412553.561,0.07109025471698029,-653.2949609999984
100000.0,CS,XRP,1691467200,62490.90000000001,103798854.01239,0.06020384386184143,-3321.8781803159977
100000.0,CS,ETH,1691380800,60593.94,365313656.49184,0.016586825847654422,-450.62660773021105
100000.0,FL,AAVE,1691424000,23946.4,14201995.107,0.16861292951859344,799.646663999998
100000.0,FL,HBAR,1691611200,32238.0,10512585.86921,0.30666099094059174,-1748.1752073000007
100000.0,FL,HBAR,1691784000,31146.499999999996,3175113.22851,0.9809571425777549,4679.998956820012
100000.0,CS,XRP,1692072000,70548.75,62693624.68164,0.11252938453989308,13611.148398787578
100000.0,FL,HBAR,1692158400,38015.200000000004,70387258.51392,0.0540086384988016,-3718.303151935992
100000.0,FL,HBAR,1692331200,48204.899999999994,20862244.17573,0.23106286933444556,4942.311636329994
100000.0,FL,XLM,1692374400,44106.6,17627868.18159,0.25020949524721076,3137.202283768017
100000.0,FL,HBAR,1692590400,24596.65,38816960.36533,0.06336572922894008,-1564.0889732025043
100000.0,FL,XLM,1693310400,34672.4,49298367.46843,0.07033174074618948,-1621.864162828019
100000.0,FL,AVAX,1693353600,40435.799999999996,19386787.761,0.20857400668172504,-2487.4108855619957
100000.0,FL,HBAR,1693353600,34149.6,10657624.8477,0.3204241140780045,-2094.9713671199997
100000.0,CS,BCH,1694044800,66701.88,15289264.35138,0.4362661176303066,234.7595937175932
100000.0,FL,XLM,1694088000,26442.850000000002,12115202.40261,0.2182617270537995,1666.5634678285242
100000.0,CS,XLM,1695096000,64244.6,4948417.96918,1.298285641999759,1461.1800295480157
100000.0,FL,SOL,1695182400,28819.079999999998,59199413.82,0.04868136040607843,-542.9093167812052
100000.0,CS,XLM,1695355200,73025.0,9019119.82584,0.809668808155554,1657.8506022500126
100000.0,CS,XLM,1695657600,92528.79999999999,6433831.84831,1.4381600604669966,-850.6293199439193
100000.0,CS,XLM,1695916800,72218.55,7213072.27508,1.001217612216412,832.6977100140399
100000.0,FL,SOL,1696190400,44881.240000000005,382240920.999,0.01174161046983178,-625.4480143952388
100000.0,CS,XLM,1696190400,120015.0,11183327.10131,1.0731600615164123,1853.4264808500552
100000.0,CS,XLM,1696564800,71123.2,3034901.17037,2.3435095908355073,604.3250219520595
100000.0,FL,AVAX,1696838400,31808.7,71548177.792,0.04445773600618047,-935.5651084229962
100000.0,FL,AVAX,1697457600,39567.5,83958222.551,0.04712760560880731,-1359.2969093250074
100000.0,FL,SOL,1697673600,42309.200000000004,103121600.677,0.04102845545670098,11249.705577407976
100000.0,FL,AVAX,1697760000,40576.799999999996,24812888.555,0.16353114193076662,4320.72757925601
100000.0,FL,AAVE,1697803200,38387.700000000004,31246019.278,0.12285628981554264,10706.638893795
100000.0,FL,SOL,1697961600,44613.45,260706404.672,0.017112525507813697,5981.340005329461
100000.0,FL,AAVE,1698120000,45769.100000000006,23693344.98,0.19317280881460414,-355.2997789999983
100000.0,FL,XRP,1698148800,42904.0,897569665.28283,0.004780018939976171,-547.9956800000559
100000.0,FL,AAVE,1698321600,40674.700000000004,28167751.492,0.14440165737599658,2844.2573470000007
100000.0,FL,SOL,1698926400,45646.74,1029741256.666,0.004432835890036177,680.3061947999158
100000.0,FL,AAVE,1699358400,34794.0,21162543.682,0.16441312784906081,301.5599400000017
100000.0,FL,XRP,1699358400,33610.0,257787119.19969,0.013037889598341271,-1329.2769487000278
100000.0,FL,SOL,1699588800,31179.309999999998,386290277.011,0.008071471599351733,6884.305587995378
100000.0,FL,AVAX,1700208000,51208.85,353627507.003,0.014481014340201076,-1164.5896644999962
100000.0,FL,AVAX,1700640000,32948.85,74665794.024,0.04412843984409939,1217.145880500002
100000.0,CS,BCH,1700683200,80712.38,22217088.07387,0.36328964323154295,-1562.5477732795866
100000.0,CS,XLM,1700697600,86242.2,2701689.02412,3.1921586544584266,-1744.0852090379117
100000.0,CS,XRP,1700726400,77645.70000000001,148363493.43877,0.05233477468097271,-2060.754068999851
100000.0,CS,BCH,1701158400,85236.65000000001,15315380.13275,0.556542829895108,-1008.5516020000013
100000.0,CS,XRP,1701158400,87408.05,86305092.18794,0.10127797535938919,-953.4013184998424
100000.0,CS,XLM,1701288000,81247.84999999999,2443731.73691,3.3247450517107335,-2096.4550219369144
100000.0,CS,BCH,1701432000,75613.98,13498991.13523,0.5601454156278448,-7668.847118400012
100000.0,CS,XRP,1701417600,79482.00000000001,75018407.07552,0.10594999693873343,-1087.6350360200079
100000.0,FL,AVAX,1701676800,38545.5,205619215.743,0.01874605924388768,7758.281176660002
100000.0,FL,AVAX,1701950400,44370.15,182561588.542,0.024304208981941584,10206.671508957
100000.0,CS,SOL,1702339200,112902.71999999999,371476381.526,0.030392973985641614,-7154.133528563065
100000.0,CS,BCH,1702353600,77903.8,14584681.06432,0.534148121967398,155.42845599999606
100000.0,CS,LINK,1702353600,87984.0,59285762.67283,0.1484066258631806,843.9911999999873
100000.0,CS,XRP,1702353600,86590.2,82964357.70352,0.10437036143814582,-819.0864078338664
100000.0,FL,AVAX,1702468800,48785.0,694250314.987,0.007027004373907055,7221.964486600005
100000.0,FL,AVAX,1702800000,40171.700000000004,152073700.25,0.02641594170060974,-3963.552399
100000.0,FL,AVAX,1702886400,32454.7,309538464.805,0.010484868179612344,6105.068841044001
100000.0,CS,ADA,1703937600,85414.0,47249923.3077,0.18077066378239107,-406.3083718399936
100000.0,CS,XRP,1703952000,80051.2,49587009.09822,0.16143583058505853,-154.9359457280672
100000.0,CS,DOGE,1703995200,90117.15,19798721.62903,0.45516650866925246,-872.8999781489886
100000.0,CS,LINK,1704009600,83646.6,36779451.47927,0.22742753531043208,2287.533972018011
100000.0,CS,AVAX,1704369600,127689.25,129078687.333,0.09892357339409913,14957.773902499985
100000.0,CS,DOGE,1704369600,132783.2,103437546.57094,0.12837040746024853,7293.898727999987
100000.0,CS,HBAR,1704384000,130550.8,4462556.32707,2.925471197037334,14461.933377027972
100000.0,CS,SOL,1704916800,161769.855,1422507902.01,0.01137215862009762,9907.346281100305
100000.0,CS,BTC,1704988800,162510.432,6294000990.52087,0.002581989298138817,14073.682284479986
100000.0,CS,SOL,1705219200,156330.385,217483804.301,0.07188139158336453,-8450.68908429969
100000.0,CS,ETH,1705305600,163823.55000000002,573721727.70718,0.02855453124543566,1210.2982530000018
100000.0,CS,ETH,1705680000,103483.56999999999,2509910449.38486,0.004122998492849106,7189.23087019999
100000.0,CS,SOL,1705680000,105408.8,1119680604.806,0.009414184683342222,11714.275216000198
100000.0,CS,ETH,1706083200,115525.82999999999,819141597.68185,0.014103279619413196,-1050.1306578709139
100000.0,CS,ETH,1706342400,101919.15,440004534.10533,0.02316320448997969,-2122.793084200501
100000.0,FL,HBAR,1707321600,56370.0,12344849.25461,0.45662769011901433,2642.6292045000077
100000.0,FL,BCH,1707753600,66061.99,111611739.34624,0.05918910536378584,-1394.263399064605
100000.0,FL,XRP,1709697600,56318.25,223865016.68284,0.02515723574612316,985.5861291074688
100000.0,CS,AAVE,1711771200,105806.4,6659088.223,1.5889022108845545,7035.731038223984
100000.0,CS,AVAX,1711814400,98963.9,44497397.937,0.2224037912062058,11394.238166374995
100000.0,CS,LINK,1711900800,114750.0,21342235.51959,0.5376662622557565,8976.907725000015
100000.0,CS,ADA,1711915200,104096.0,25598295.5687,0.4066520746298519,13020.020000959985
100000.0,CS,ETH,1712145600,106584.64,1714496006.73149,0.0062166747301554024,-110.12193163518617
100000.0,FL,BCH,1712361600,57892.82,369940952.18113,0.015649205544471485,-1272.992091599994
100000.0,FL,BCH,1712678400,53220.719999999994,178901841.11323,0.02974855913658021,-4474.180896443196
100000.0,CS,LINK,1712606400,182971.59999999998,20754123.18413,0.8816156595808988,5642.7405652679745
100000.0,CS,ETH,1712764800,111006.0,1754032932.63916,0.006328615497143359,13962.496618979994
100000.0,FL,AVAX,1712952000,55063.40000000001,79893342.811,0.0689211366837672,-7697.771167604003
100000.0,FL,XRP,1712952000,58244.85000000001,178060889.22604,0.032710636374538644,-7355.764950963021
100000.0,CS,DOT,1712880000,118426.0,24182237.0274,0.48972309660936614,23852.993893819992
100000.0,FL,AVAX,1713038400,54224.0,406063544.952,0.013353574994379195,1264.89182240001
100000.0,FL,XLM,1713038400,47326.5,44753416.80637,0.10574946758760945,1901.6515781549906
100000.0,FL,XRP,1713038400,58389.200000000004,719125333.05044,0.008119474772543515,2023.968892875962
100000.0,FL,AAVE,1713052800,46705.799999999996,27152188.168,0.17201486565655416,2182.7829884580033
100000.0,FL,XLM,1713470400,55185.0,4619651.72022,1.194570572462375,1595.2872358999464
100000.0,FL,AVAX,1713499200,77382.8,98568223.143,0.07850684280646432,7138.106466524009
100000.0,FL,HBAR,1714032000,60494.200000000004,150795991.39556,0.0401165836307378,-3862.387956168009
100000.0,CS,BTC,1714636800,226543.608,3155967688.8392,0.0071782613238136565,-12201.06970328755
100000.0,FL,HBAR,1714579200,53665.5,105185582.90024,0.05101982469488939,3580.7261808150065
100000.0,FL,SOL,1714636800,69312.5,678480695.452,0.010215839664210991,3924.3471581250183
100000.0,FL,HBAR,1714852800,49576.799999999996,11489333.76517,0.43150282699848475,-608.359503752
100000.0,FL,AAVE,1715601600,60775.2,4777474.319,1.27211986798751,300.7482066000008
100000.0,FL,SOL,1716292800,76934.97,746843004.198,0.010301357791068404,-1888.8857796001005
100000.0,FL,AVAX,1716508800,48656.24999999999,28972142.068,0.16794150009964665,-1417.3715624999952
100000.0,FL,AAVE,1716451200,61847.100000000006,7171946.39,0.862347494485385,6189.524271000006
100000.0,FL,HBAR,1716552000,51988.8,5937903.11853,0.8755413984064877,-767.1395039999991
100000.0,FL,AAVE,1716854400,60967.2,14593083.749,0.417781471336912,-1015.0345679999909
100000.0,FL,AVAX,1717776000,48470.6,195871737.85,0.024746091770074117,-838.3429619999966
100000.0,FL,XRP,1717790400,72589.95000000001,68906645.58786,0.10534535440045993,-194.13526650009393
100000.0,CS,BTC,1718798400,131736.85,1759678243.0735,0.007486416935513448,1260.4594532040153
100000.0,CS,BTC,1719057600,133709.472,462862149.9318,0.02888753639062976,5238.770637572185
100000.0,CS,BTC,1719316800,166795.2,4722098463.886,0.0035322262183990487,2054.917727999976
100000.0,FL,AAVE,1719360000,53920.1,8278790.006,0.6513041152260385,2585.8682120199956
100000.0,CS,BTC,1719662400,131381.98500000002,755080453.1662,0.017399733293199375,-1747.3350333500018
100000.0,FL,AAVE,1720094400,59187.7,15941180.309,0.37128806558058985,-946.6010275149976
100000.0,FL,HBAR,1720094400,50920.799999999996,7068635.29363,0.7203766764694735,-1204.7681740079975
100000.0,FL,XLM,1720224000,81852.0,3879441.7006,2.109891224485746,-2743.9954470000043
100000.0,FL,XRP,1720195200,79318.45,60278151.15944,0.13158739688315432,732.3316975474709
100000.0,FL,XRP,1720771200,80339.59999999999,253316448.16282,0.03171511387541698,10936.698043479908
100000.0,FL,SOL,1720944000,73868.40000000001,326784313.374,0.02260463460969703,8062.522549847927
100000.0,FL,XLM,1720987200,63732.799999999996,8529330.20797,0.7472192827104597,3089.2753604479244
100000.0,FL,XLM,1721332800,84517.40000000001,3678685.20277,2.297489329512608,1721.339576919872
100000.0,FL,AAVE,1721361600,81454.8,4792589.402,1.6995989676480114,-2328.6893043119894
100000.0,FL,AAVE,1721620800,60888.0,7964644.316,0.7644785829002235,-547.7030399999979
100000.0,FL,XLM,1721750400,60732.0,8736790.52016,0.6951294054706005,575.7188095199087
100000.0,FL,XLM,1722096000,59084.600000000006,6806447.30817,0.8680681319471737,-1186.3224449640218
100000.0,FL,AAVE,1722052800,77953.2,7873845.216,0.9900270815788411,4122.967328532
100000.0,FL,XRP,1722470400,63585.600000000006,211580705.39507,0.030052645812514437,-5076.635248464013
100000.0,FL,XLM,1722499200,58131.450000000004,5401566.78167,1.0761960806865656,-2409.644964987037
100000.0,FL,AAVE,1722643200,82506.4,35923109.946,0.22967499229333005,-18795.803808712
100000.0,FL,XRP,1722816000,81119.5,555806161.44414,0.014594926365916642,23581.01962062003
100000.0,FL,AAVE,1722844800,85507.75,39959239.692,0.21398742983870883,15822.070133652507
100000.0,FL,XLM,1722902400,78144.1,8889591.39261,0.8790516520811286,10070.457626598016
100000.0,FL,SOL,1723104000,80871.0,460657830.131,0.017555546592359503,-287.689704750023
100000.0,FL,XLM,1723161600,76942.05,8544991.41294,0.9004344917595094,-1993.4874285001456
100000.0,FL,XLM,1723435200,53724.6,3750142.8253,1.4326014368719995,-532.2255553080324
100000.0,FL,AAVE,1724500800,65889.6,21193131.131,0.3109007328493371,-2748.105496176011
100000.0,FL,XRP,1724587200,74082.9,45010561.71444,0.16459003660075006,-1127.2520745989955
100000.0,FL,AAVE,1724760000,64318.8,27896975.032,0.2305583308807544,-2730.386782916
100000.0,FL,AAVE,1725235200,58003.200000000004,19041369.472,0.3046167455827833,4586.297648256004
100000.0,FL,AAVE,1725595200,60130.25000000001,60216537.481,0.09985670467846608,-708.1112955925032
100000.0,FL,AAVE,1725811200,45446.15,17507150.468,0.25958621925976816,8903.509945143496
100000.0,FL,AAVE,1726243200,78578.5,38795120.273,0.20254738082275722,-888.861619304997
100000.0,CS,XRP,1728604800,154615.0,43357629.13817,0.3566039081779135,-999.4783224998737
100000.0,CS,XRP,1728907200,138622.5,96462129.07069,0.1437066560063315,-1172.6933249997226
100000.0,CS,AAVE,1729785600,150694.80000000002,10810467.048,1.3939712255806693,2961.714110292009
100000.0,CS,XRP,1729785600,157945.55,20545248.56709,0.7687692338412587,5159.8720877792675
100000.0,FL,SOL,1729886400,64272.0,1123230291.38,0.00572206790479586,5159.297382719915
100000.0,CS,XRP,1730088000,155346.1,24835778.34504,0.6254931810140931,-593.4627369996954
100000.0,FL,HBAR,1731513600,104469.0,21759740.78158,0.4801022266241095,62753.19545865
100000.0,FL,XLM,1731528000,90775.5,15196821.58253,0.5973321428235621,70310.58805430988
100000.0,FL,HBAR,1731816000,133129.5,23939662.8035,0.5561043239946402,62316.56060037
100000.0,FL,XRP,1731830400,114202.0,714497841.01113,0.01598353325160307,8821.868666159999
100000.0,FL,XLM,1731844800,122537.50000000001,164207722.82299,0.07462346952590715,41078.34676737482
100000.0,FL,HBAR,1732104000,106844.70000000001,144238893.67713,0.07407481940284802,32521.499081925016
100000.0,FL,XRP,1732147200,93699.45000000001,416389377.74629,0.022502843494026877,32117.75074655093
100000.0,FL,XLM,1732176000,130207.0,80829011.71888,0.16108943711059417,165514.01258072988
100000.0,FL,HBAR,1732420800,143554.94999999998,68693336.03445,0.2089794415109008,-16231.415104516469
100000.0,FL,XLM,1732464000,169841.75,726947898.75914,0.023363675758594323,-27842.949425687697
100000.0,FL,HBAR,1732694400,121626.0,39418320.68352,0.3085519572903809,24462.966346139983
100000.0,FL,XLM,1732694400,161499.0,872747202.23025,0.018504671179386145,10999.702005369767
100000.0,FL,HBAR,1733025600,135348.85,90358600.47938,0.14979077728288506,109146.12838435548
100000.0,FL,XRP,1733198400,143236.90000000002,2484955812.25028,0.005764162859310171,-13966.42957739607
100000.0,CS,LTC,1733947200,316042.65,46522670.97223,0.6793304068647522,-19477.3808074996
100000.0,CS,XLM,1733976000,327382.8,61018959.69186,0.5365263545187469,12705.21728195652
100000.0,CS,DOGE,1734292800,528346.0,510616291.20335,0.10347221761273363,63015.878388579964
100000.0,FL,XLM,1734710400,191610.9,59540744.68905,0.3218147522351005,-10705.222862650171
100000.0,CS,AAVE,1734782400,542610.9,108755619.175,0.4989267718910948,-35231.31055068309
100000.0,CS,BTC,1734724800,547480.64,3054856527.7819,0.01792164820249415,16521.98234122228
100000.0,CS,XLM,1735099200,327717.5,24327179.77454,1.3471249155768479,33195.05421260045
100000.0,CS,ETH,1735286400,358829.10000000003,2459812533.82331,0.014587660444280627,-443.6091482130654
100000.0,CS,SOL,1735286400,345116.0,562780516.399,0.06132337384532333,-4108.495095240315
100000.0,CS,BTC,1735401600,364776.19200000004,1162938383.1871,0.03136676863311621,3379.0817385829923
100000.0,CS,ETH,1735574400,433716.75,1791466128.37586,0.024210156314437653,-7438.998625905102
100000.0,CS,BTC,1735675200,366711.68799999997,1341088992.3054,0.027344321674701393,-19432.01790859511
100000.0,CS,AAVE,1736179200,567669.6,48279065.363,1.1758090090017554,112386.52655399995
100000.0,FL,XLM,1736424000,148036.7,89198509.97561,0.16596319830956643,8620.463745433794
100000.0,CS,BTC,1736481600,408054.24000000005,2488185246.0634,0.01639967283969671,3944.428604380892
100000.0,CS,ETH,1736481600,411831.25,1233173301.51621,0.033396056295870634,12001.801557687351
100000.0,CS,AAVE,1736524800,357476.85000000003,46396947.608,0.7704749308516192,23558.127248445002
100000.0,FL,XRP,1736769600,186115.05,1616525847.54907,0.01151327399324807,63319.7906424452
100000.0,FL,XRP,1737129600,240910.65,872259455.46747,0.02761915029867905,-990.8102684051
100000.0,FL,XLM,1737201600,234144.9,132160164.89881,0.17716753015500233,-6987.093003000277
100000.0,FL,XRP,1737331200,258279.40000000002,1319230858.54352,0.019578028995254865,2959.1403897155797
100000.0,CS,DOGE,1737504000,642400.8999999999,247438750.68063,0.2596201679134522,31294.11825615596
100000.0,CS,AAVE,1738051200,407766.45,37051955.235,1.100526132598843,-23673.721761417037
100000.0,CS,ETH,1738022400,441802.86,1213032435.85228,0.036421355846893586,-3691.6831279734997
100000.0,FL,XLM,1738238400,206411.25,93024205.15929,0.22188982926169773,-13323.174537500265
100000.0,FL,AVAX,1738540800,158775.4,304661295.33,0.0521153826999978,14985.227209973955
100000.0,FL,AAVE,1738627200,262689.0,38172566.086,0.6881617531506289,-5864.504730980017
100000.0,FL,HBAR,1738555200,156192.0,101723470.32439,0.15354568567304394,61.432465920016824
100000.0,CS,BTC,1738886400,432501.288,1613807538.9398,0.026800053758835093,2824.467418007219
100000.0,FL,AVAX,1739160000,194179.94999999998,32175552.57,0.6035015236414322,-2273.674065547497
100000.0,FL,AVAX,1740096000,180169.75,20665665.355,0.8718313536244717,-6514.680952619967
100000.0,CS,BTC,1740571200,559357.5959999999,9878484269.8158,0.0056623828182745094,17741.527218058614
100000.0,FL,HBAR,1740729600,235299.99999999997,31959376.91918,0.7362471446018328,76402.37930600008
100000.0,FL,SOL,1740931200,229686.75,4536384342.615,0.005063211858887535,-40468.758405847424
100000.0,FL,HBAR,1741060800,267789.60000000003,63129081.49949,0.42419372124424687,20594.660013719964
100000.0,FL,AAVE,1741233600,287658.55,72668984.993,0.39584776095016233,-24714.01686960398
100000.0,FL,AAVE,1741320000,237074.0,42007050.504,0.5643671649296713,-23502.962153760003
100000.0,FL,AVAX,1741780800,200332.05,98112104.876,0.20418688423124928,6133.791480750527
100000.0,FL,XLM,1741953600,173825.0,37879287.42979,0.4588919480657815,-8835.329931250044
100000.0,FL,BCH,1742025600,247754.3,155052125.94011,0.15978774782855726,-4575.401459830967
100000.0,FL,AAVE,1742529600,170126.00000000003,20112194.809,0.8458848057889257,10549.145463319997
100000.0,FL,XLM,1743480000,153225.99999999997,6161514.31124,2.4868237296873756,-3226.88224998009
100000.0,FL,HBAR,1743494400,167279.4,28525089.9659,0.5864290005744848,-9214.221619197937
100000.0,FL,HBAR,1743782400,186311.25000000003,18019475.90711,1.0339437781677472,-24925.95372003752
100000.0,FL,XRP,1743811200,160861.6,117946770.59008,0.13638491261373237,-22454.042242391948
100000.0,FL,AVAX,1744027200,144513.6,172304823.703,0.08387089629544937,10879.15154761598
100000.0,FL,HBAR,1744041600,160178.55000000002,30126518.29832,0.5316862320891969,23494.754688243956
100000.0,FL,XRP,1744041600,122694.0,694673798.43893,0.01766210274170665,4803.804209619998
100000.0,FL,XLM,1744070400,203568.75,13600543.28427,1.496769252118346,-82.68337306255049
100000.0,FL,HBAR,1744473600,254737.6,15664327.40918,1.626227499884306,-6765.926261631974
100000.0,FL,BCH,1744617600,214092.73,24983924.54509,0.8569219363979982,-13118.52106300283
100000.0,FL,SOL,1744632000,249034.5,1165385686.30156,0.02136927739264843,-753.3127427851082
100000.0,FL,HBAR,1744689600,239200.15000000002,8315667.60074,2.876499656849126,-10342.20532637958
100000.0,FL,XLM,1744689600,235374.75,5997335.2758,3.9246555207571374,-3852.3390476025897
100000.0,FL,XRP,1744689600,234393.6,137618900.60616,0.17032079094338312,-6511.071839488021
100000.0,FL,HBAR,1744948800,181940.0,10221476.95133,1.779977598798247,-1453.8288952000103
100000.0,FL,BCH,1745611200,225983.46000000002,15063022.71677,1.5002530650664663,-16700.51730676264
100000.0,FL,AAVE,1746633600,168660.0,33595529.058,0.5020310878534521,56244.85219220001
100000.0,FL,AAVE,1747814400,266595.0,66537776.555,0.4006671304678074,-7576.468780649993
100000.0,FL,BCH,1748016000,158421.24,30266479.96117,0.5234214226538552,-8775.099519477593
100000.0,FL,AAVE,1748836800,175269.6,28256806.2,0.6202739218277259,12224.39068742402
100000.0,FL,AAVE,1749153600,190824.5,94807369.217,0.20127602060471803,9222.052042025
100000.0,FL,AVAX,1749283200,182856.6,65310675.746,0.2799796479080209,-2205.511746684022
100000.0,FL,BCH,1749715200,157960.4,39958792.07095,0.39530824585370045,5992.256853336021
100000.0,FL,BCH,1750320000,201396.96,111869892.54051,0.18002784791008064,-531.7838877103725
100000.0,FL,BCH,1750593600,253889.40000000002,212867061.79651,0.1192713413983725,20152.57741472395
100000.0,FL,AVAX,1750723200,224660.25000000003,35616964.735,0.6307675335939882,-4040.6172421425094
100000.0,FL,BCH,1751414400,204985.55,50736867.54065,0.40401696032134243,-6653.948965091965
100000.0,FL,XLM,1751486400,202249.0,9131292.94323,2.2148999189643646,-578.2812848900035
100000.0,FL,AAVE,1751644800,177813.2,43063904.557,0.4129054293361716,12886.013711044008
100000.0,FL,XRP,1751976000,190822.55,257262231.3807,0.07417433525934801,40847.82875181865
100000.0,FL,BCH,1752163200,239250.96000000002,53969012.56098,0.4433117239817359,-1712.6596614815955
100000.0,FL,XLM,1752148800,237362.4,28714901.57906,0.8266174945662836,137047.9402806477
100000.0,FL,XLM,1752638400,275442.0,63477657.65854,0.4339196028335857,3904.46765999945
100000.0,FL,AAVE,1752724800,259440.0,70347867.729,0.36879582619253887,-6854.453600000003
100000.0,FL,XLM,1752897600,193576.75,35991130.28052,0.5378457094601787,-3878.4114269527086
100000.0,FL,XLM,1753315200,223579.2,51486185.76699,0.43425085130960744,5917.06481599956
100000.0,CS,LTC,1753646400,461375.4,35085444.45119,1.3150051459141525,17412.52614410452
100000.0,FL,XLM,1754107200,164377.25,21197681.79376,0.7754491816571566,6156.720171827426
100000.0,CS,BTC,1754208000,665789.0850000001,1254969382.1135,0.05305221740778579,-2018.406477882576
100000.0,CS,XLM,1754380800,605601.2000000001,33512515.25453,1.8070896660558442,-45233.70049741192
100000.0,CS,BTC,1754481600,479923.808,4327493797.3323,0.011090109667998851,-5983.352282710494
100000.0,CS,XLM,1754654400,523852.94999999995,117073679.63609,0.44745578308321415,-1724.7332809917666
100000.0,CS,BTC,1754755200,443864.619,885585194.0286,0.050121052383545764,-11547.852388297837
100000.0,CS,XLM,1755014400,463720.24999999994,39104034.70983,1.1858629255037705,29157.60794437517
100000.0,CS,BTC,1755345600,746930.8150000001,916212701.854,0.08152373498954446,24836.960646058094
100000.0,FL,HBAR,1756252800,189436.2,12829518.90871,1.4765651101023842,-3592.6845677720084
100000.0,CS,BTC,1756252800,513432.75700000004,1711684901.225,0.029995751941993068,13968.916170502562
100000.0,CS,AVAX,1756324800,498168.0,147469942.404,0.33780985594694823,12907.49620079998
100000.0,CS,BTC,1756555200,535344.216,1453494111.2145,0.036831536630903924,-9599.283823146407
100000.0,CS,ETH,1756843200,467055.72000000003,1967531080.28996,0.02373816224194887,1921.0003184772506
100000.0,FL,BCH,1756958400,222124.32,46220226.22665,0.48057817569037753,5258.510002304
100000.0,CS,DOGE,1757073600,461363.95,638432821.39626,0.07226507387120099,-31409.872390634937
100000.0,CS,AVAX,1757044800,488145.3,64553916.505,0.7561823146116795,-938.467303002117
100000.0,CS,BTC,1757073600,461510.997,9927727838.502,0.004648707181618685,-7829.040219870386
100000.0,FL,BCH,1757217600,222318.2,19033058.40288,1.1680634572442639,-5873.287757668005
100000.0,CS,ETH,1757318400,469841.23000000004,2998020022.07725,0.01567171755158791,-12587.88462817498
100000.0,CS,LTC,1757390400,471307.3,56284383.13431,0.8373677985869212,-7067.759850820735
100000.0,CS,ADA,1757433600,495707.5,61377016.9212,0.8076435201085499,-25849.84737652503
100000.0,CS,AAVE,1757563200,460514.95,45526087.77,1.011540794646234,-23505.89093842499
100000.0,CS,XLM,1757592000,470651.60000000003,47416487.02323,0.992590614672532,-25398.314655219918
100000.0,CS,AAVE,1757721600,749555.7999999999,26917236.883,2.7846684385104683,54455.235955651915
100000.0,CS,XLM,1757721600,725191.9500000001,19225478.39608,3.772035915360441,52203.08695295478
100000.0,CS,HBAR,1757779200,790045.2000000001,24890516.57244,3.1740811714401174,24535.747809671946
100000.0,CS,DOGE,1758096000,464275.0,254409389.58753,0.1824912990643631,-30068.132381000105
100000.0,CS,ADA,1758124800,472084.0,217396192.029,0.21715375765966746,-23817.57512000006
100000.0,CS,HBAR,1758038400,499008.05000000005,14687962.5277,3.3973946288256234,1998.8043844479482
100000.0,CS,AAVE,1758067200,536809.7999999999,24533727.43,2.188048275712012,-5603.434963096046
100000.0,CS,ETH,1758110400,473447.07499999995,2295888686.56818,0.020621516965079578,-949.3801273129453
100000.0,CS,LTC,1758182400,470899.0,43410564.06815,1.084756694846762,3984.272238760049
100000.0,CS,ADA,1758340800,502663.5,49299688.3388,1.0196078655620875,45511.63285550998
100000.0,CS,HBAR,1758398400,448557.55,5952287.7049,7.535884893983562,41929.405402556
100000.0,CS,AAVE,1758470400,452960.0,22069161.592,2.0524567646656613,28996.729676799976
100000.0,CS,BCH,1758715200,519842.10000000003,18593177.18502,2.7958755775146495,13929.513643614026
100000.0,CS,DOGE,1758758400,558116.35,473896064.54642,0.11777188960920994,17984.885072137535
100000.0,CS,AAVE,1759075200,494463.2,14090583.781,3.509174692014842,-30109.09450070396
100000.0,CS,DOGE,1759118400,545024.8999999999,173664503.76223,0.3138378241912994,-30032.580264812932
100000.0,CS,LINK,1759089600,540616.6,64094343.71444,0.8434700609598456,-22544.113097638026
100000.0,CS,LINK,1759348800,763926.8,52896481.9853,1.4441920735150142,18894.98234203987
100000.0,CS,BCH,1759622400,786551.5599999999,43027002.36538,1.8280417337017838,31413.94949869736
100000.0,CS,LINK,1759622400,873533.1,74700127.19033,1.1693863623207856,23211.24068689295
100000.0,FL,AVAX,1759968000,303815.8,67519565.125,0.44996705686350497,-69820.15635246798
100000.0,CS,LINK,1759939200,899160.0,96350776.94413,0.9332151006124084,207797.9443932
100000.0,FL,AAVE,1760126400,323578.85000000003,357388263.93,0.09053986452766617,53229.18750436752
100000.0,FL,HBAR,1760126400,394589.3,263835101.4695,0.14955906086878873,73295.33525331802
100000.0,FL,XLM,1760126400,384153.99999999994,290356471.61138,0.13230426649975302,38639.14269372013
100000.0,FL,AVAX,1760140800,395728.2,189579490.746,0.20873998471184818,25805.784934633935
100000.0,FL,HBAR,1760385600,372883.19999999995,10834558.39545,3.4416095828750453,-29926.583373312104
100000.0,FL,AVAX,1760400000,383712.7,80430415.443,0.47707412411904326,-23443.94271694998
100000.0,CS,BCH,1760356800,961240.14,39065009.00574,2.4606167116427917,52811.04191001369
100000.0,FL,HBAR,1760788800,364744.05,11298216.94145,3.2283328589828724,33704.009481815876
100000.0,FL,AAVE,1760932800,368993.2,34472977.846,1.0703838863250839,-24754.31076041201
100000.0,FL,XLM,1762516800,240952.8,26736229.39648,0.9012220699741714,22934.824068199774
100000.0,FL,AAVE,1762948800,235501.15000000002,53480106.757,0.440352804585932,-32697.711449305
100000.0,FL,AAVE,1763136000,345370.25,33681908.253,1.0253880136652838,-15034.562645165011
100000.0,CS,ETH,1763524800,778631.725,3452001760.58736,0.0225559480846706,83126.82647102667
100000.0,FL,HBAR,1763654400,374230.05000000005,31251990.91367,1.1974598707447701,-18680.707007716945
100000.0,FL,XRP,1763755200,348075.0,380215990.33521,0.09154664949602105,49311.391835999624
100000.0,FL,HBAR,1764705600,396258.8,13875929.13089,2.8557280471969664,-15515.946837896052
100000.0,FL,AVAX,1764763200,343452.75,69770749.183,0.492258939486469,-12370.87902240251
100000.0,FL,HBAR,1766174400,282497.0,7054108.01756,4.004716107221095,-485.58137034002795
100000.0,FL,BCH,1766246400,314522.24,19236947.29555,1.634990392018993,-3435.1591982591444
100000.0,FL,BCH,1766980800,308470.0,29236909.39371,1.0550704790512637,-8909.080270900075
100000.0,FL,AAVE,1767369600,311952.39999999997,26752900.156,1.1660507764801602,32625.389705264086
100000.0,FL,BCH,1767542400,385007.99999999994,23656468.17777,1.6274956900024165,-7124.948970239928
100000.0,FL,XLM,1767470400,244332.00000000003,4596490.12918,5.315621118141901,23231.480753799675
100000.0,FL,XRP,1767744000,391983.4,335451765.15553,0.1168523885448209,-22994.839888066126
100000.0,FL,SOL,1767787200,263761.45,791724985.0484,0.03331478164527998,1238.92167998731
100000.0,FL,AAVE,1770408000,436998.25,15879775.278,2.7519170917073477,-6623.184095450018
100000.0,FL,XRP,1770364800,436788.44999999995,542012529.4228,0.08058641199035467,8456.576927341497
100000.0,FL,SOL,1770451200,390310.0,337236453.2129,0.11573778465568023,-6259.415391899886
100000.0,FL,XLM,1770422400,328465.14999999997,8890689.96737,3.6944843561693212,-10377.511435167311
100000.0,FL,XRP,1770868800,299677.0,92077508.80093,0.3254616723481264,58029.03640092995
100000.0,FL,AVAX,1771761600,317352.75,28697117.433,1.1058697820118442,-19978.187924337508
100000.0,FL,BCH,1771905600,277525.46,30696243.39229,0.9041023569343548,-52.846325391260336
100000.0,FL,AAVE,1772193600,308967.10000000003,26383288.723,1.1710712157376106,23524.492908274005
100000.0,FL,AVAX,1772251200,249462.15000000002,43872338.055,0.5686091990065927,13667.741720212482
100000.0,FL,AAVE,1772798400,322894.55,26238514.512,1.23061292152163,-13256.900486076482
100000.0,FL,AVAX,1773849600,266224.7,30278277.27,0.879259733392355,-2966.160421381989
100000.0,FL,SOL,1773921600,275001.2,641608852.1781,0.042861191685002534,-200.2021164119369
100000.0,FL,HBAR,1774296000,301372.60000000003,3290875.42962,9.157824610662937,-7404.171611234035
100000.0,FL,HBAR,1775044800,272801.55,7494022.48934,3.640255288639062,-6683.138007010566
100000.0,FL,AVAX,1775102400,307612.80000000005,23621654.214,1.3022491871787927,1377.3386397760187
100000.0,FL,AVAX,1775520000,273790.9,50462817.987,0.5425596724910067,19247.13980178498
100000.0,FL,AAVE,1775649600,395242.69999999995,17868404.511,2.211964139029223,-11999.475259305986
100000.0,FL,SOL,1775649600,378969.50000000006,555365890.7716,0.06823780615577185,5698.545936719678
100000.0,FL,SOL,1776456000,391654.64999999997,207493162.9277,0.18875544835974675,-23507.886968766947
100000.0,FL,SOL,1778673600,277887.75,1204435365.5098,0.02307203507615195,-4366.79906035495
100000.0,FL,AVAX,1781985600,277413.0,15012840.174,1.8478382290410174,10392.23394684002
100000.0,FL,XRP,1785297600,289368.45,119773109.14934,0.24159717657424987,-3212.767251747261
100000.0,FL,SOL,1787212800,383592.00000000006,560597041.4964,0.06842561975997574,32096.079839999264
100000.0,FL,XRP,1787227200,399011.54999999993,650398631.89004,0.06134876834541974,74022.10879649922
