side,doi,fwd,day,t,fade,coin
high,0.01917371727927386,0.036539124439848525,20393.0,1761955200.0,-0.037539124439848526,DOT
high,-0.015663824936199888,-0.0800533689126085,20394.0,1762056000.0,0.0790533689126085,DOT
low,0.010935265893442292,-0.08496023138105568,20395.0,1762128000.0,-0.08596023138105569,DOT
low,-0.03134338974247941,-0.0015337423312883347,20396.0,1762228800.0,-0.0025337423312883347,DOT
high,0.02557909020298399,0.05158132530120474,20397.0,1762372800.0,-0.05258132530120474,DOT
high,0.0752781807839138,0.14095371669004209,20399.0,1762473600.0,-0.1419537166900421,DOT
high,0.05396341573583352,-0.033497234173325174,20400.0,1762560000.0,0.032497234173325174,DOT
high,0.02649321735003185,-0.03347665847665848,20402.0,1762732800.0,0.03247665847665848,DOT
high,-0.001491923836183906,-0.02891642834445496,20403.0,1762819200.0,0.027916428344454958,DOT
low,0.0170919607033575,-0.023689197725836886,20403.0,1762833600.0,-0.024689197725836887,DOT
low,-0.02644666890658043,-0.037254225595032775,20404.0,1762948800.0,-0.038254225595032776,DOT
low,0.01377433164086228,-0.014030164854437088,20405.0,1763049600.0,-0.01503016485443709,DOT
high,-0.0007376827200988867,-0.010854341736694528,20407.0,1763179200.0,0.009854341736694527,DOT
low,-0.011834023247169312,-0.0007209805335256503,20408.0,1763280000.0,-0.0017209805335256503,DOT
low,0.021142445766509033,0.034171986481412064,20409.0,1763395200.0,0.033171986481412064,DOT
low,-0.019543569645032455,0.019230769230769162,20411.0,1763524800.0,0.01823076923076916,DOT
high,0.043767708334544464,-0.149854862119013,20412.0,1763611200.0,0.148854862119013,DOT
low,0.02340510998435863,-0.07713498622589521,20412.0,1763654400.0,-0.07813498622589521,DOT
low,-0.03012375257166422,-0.03626511046269287,20413.0,1763683200.0,-0.037265110462692874,DOT
low,0.030612982390314736,0.011245674740484546,20414.0,1763769600.0,0.010245674740484545,DOT
high,-0.0030009408929664305,-0.023096663815226792,20415.0,1763856000.0,0.02209666381522679,DOT
low,0.012750751809041061,-0.00043233895373984144,20415.0,1763928000.0,-0.0014323389537398415,DOT
high,-0.02041116047975422,-0.018819503849443975,20416.0,1764000000.0,0.017819503849443974,DOT
low,0.0858084507832777,0.0031055900621117516,20417.0,1764043200.0,0.0021055900621117516,DOT
high,-0.03393173956399864,-0.0034144259496372564,20418.0,1764172800.0,0.0024144259496372564,DOT
high,-0.004893370197413316,-0.022698072805139136,20419.0,1764259200.0,0.021698072805139135,DOT
low,-0.0026133233891401098,-0.010955302366345232,20420.0,1764345600.0,-0.011955302366345233,DOT
low,-0.009439433057736646,-0.0008822232024701115,20421.0,1764374400.0,-0.0018822232024701116,DOT
low,0.07019616885499591,0.003910068426197455,20422.0,1764532800.0,0.002910068426197455,DOT
low,0.10110387068448778,0.014734774066797574,20423.0,1764547200.0,0.013734774066797573,DOT
high,-0.01892761223128947,0.10939012584704733,20424.0,1764633600.0,-0.11039012584704733,DOT
high,0.014333730712247306,0.020069808027923353,20425.0,1764720000.0,-0.021069808027923353,DOT
low,-0.02620014994658737,-0.06475770925110125,20426.0,1764864000.0,-0.06575770925110125,DOT
low,-0.046490842998376136,-0.040344514959202216,20427.0,1764921600.0,-0.04134451495920222,DOT
low,0.01702491379944071,0.012844909609895483,20428.0,1764979200.0,0.011844909609895482,DOT
high,0.001153402857059893,0.003757632691404389,20429.0,1765065600.0,-0.004757632691404389,DOT
low,0.039147688156982996,0.006616257088846833,20429.0,1765094400.0,0.005616257088846833,DOT
low,0.0065516067501592,0.0436432637571158,20431.0,1765252800.0,0.0426432637571158,DOT
high,-0.04404168419431742,-0.019472090004327147,20431.0,1765281600.0,0.018472090004327146,DOT
low,-0.009546561947594512,-0.004840271055179035,20433.0,1765411200.0,-0.005840271055179035,DOT
low,0.04009590250296635,0.02824004034291483,20434.0,1765540800.0,0.02724004034291483,DOT
low,0.004566390101794715,-0.007470119521912344,20436.0,1765670400.0,-0.008470119521912345,DOT
low,0.03907037950393777,0.017094017094017033,20437.0,1765800000.0,0.016094017094017032,DOT
low,-0.003693430716465662,-0.03320835565077662,20439.0,1765944000.0,-0.03420835565077662,DOT
low,0.013258303604143595,0.004474272930648837,20440.0,1766016000.0,0.003474272930648837,DOT
high,-0.013299623425822915,-0.010275824770145991,20441.0,1766160000.0,0.00927582477014599,DOT
low,0.01408510757110637,-0.008752735229759279,20443.0,1766275200.0,-0.00975273522975928,DOT
high,-0.0034345450501039876,-0.004524886877828038,20444.0,1766404800.0,0.003524886877828038,DOT
low,0.004341991876677387,-0.010656197420078506,20444.0,1766419200.0,-0.011656197420078507,DOT
low,0.033216791506326615,-0.026508742244782835,20445.0,1766462400.0,-0.027508742244782836,DOT
low,0.025680238610154005,-0.008690614136732222,20446.0,1766548800.0,-0.009690614136732223,DOT
low,0.03907975538557351,-0.01501154734411092,20447.0,1766649600.0,-0.01601154734411092,DOT
high,-0.010172553486860969,0.0793832095945175,20449.0,1766793600.0,-0.0803832095945175,DOT
high,-0.015323674755142513,-0.041313559322033844,20451.0,1766966400.0,0.04031355932203384,DOT
low,-0.012471773638753292,-0.0076796489303345705,20451.0,1767024000.0,-0.008679648930334571,DOT
low,-0.0171793868340816,-0.0011049723756906271,20452.0,1767052800.0,-0.002104972375690627,DOT
low,0.004778390786356557,-0.008776741634668128,20453.0,1767153600.0,-0.009776741634668129,DOT
high,0.061774069960419675,0.054945054945055194,20454.0,1767268800.0,-0.055945054945055195,DOT
high,0.012995111863609132,0.06555723651033785,20455.0,1767312000.0,-0.06655723651033785,DOT
high,-0.019459624992357982,0.02528089887640439,20457.0,1767528000.0,-0.02628089887640439,DOT
low,-0.0005117264387283216,0.0009115770282590585,20458.0,1767600000.0,-8.842297174094151e-05,DOT
high,0.025782521374690726,-0.019178082191780743,20458.0,1767614400.0,0.018178082191780742,DOT
high,0.026650500606525407,0.02333028362305578,20459.0,1767657600.0,-0.024330283623055782,DOT
high,0.033680501835885,-0.03369763205828791,20460.0,1767758400.0,0.03269763205828791,DOT
low,-0.008756956127545346,-0.014458955223880632,20460.0,1767787200.0,-0.015458955223880633,DOT
low,-0.017346377918451727,-0.011283497884343907,20461.0,1767830400.0,-0.012283497884343908,DOT
low,0.005360119461231383,0.013468013468013407,20462.0,1767931200.0,0.012468013468013406,DOT
high,0.008766990195567814,-0.019266917293233043,20463.0,1768046400.0,0.018266917293233043,DOT
low,4.866496313193913e-05,-0.00718735026353623,20464.0,1768132800.0,-0.00818735026353623,DOT
low,-0.0032124674137793408,0.014584346135148474,20465.0,1768190400.0,0.013584346135148473,DOT
high,0.08519394850438089,-0.00533570475767009,20466.0,1768305600.0,0.00433570475767009,DOT
low,0.00157990280296616,-0.02642369020501134,20468.0,1768435200.0,-0.027423690205011342,DOT
low,0.02862784738859081,0.008890968647636832,20469.0,1768521600.0,0.007890968647636831,DOT
high,0.02440069766560038,-0.015130674002751032,20470.0,1768622400.0,0.014130674002751031,DOT
low,-0.09316182616633739,0.027819929185634695,20471.0,1768766400.0,0.026819929185634694,DOT
low,-0.012688209088686286,0.010670731707317138,20472.0,1768780800.0,0.009670731707317137,DOT
low,0.008369777658771227,0.014963880288957787,20473.0,1768896000.0,0.013963880288957786,DOT
high,-0.004692270106455898,-0.007739938080495334,20476.0,1769126400.0,0.006739938080495334,DOT
low,-0.008230270162211228,-0.010948905109488982,20477.0,1769227200.0,-0.011948905109488983,DOT
low,0.011446924044085982,-0.027938850817079586,20478.0,1769313600.0,-0.028938850817079587,DOT
high,0.0014615930075405625,-0.06178861788617884,20481.0,1769587200.0,0.06078861788617884,DOT
low,0.019725683020799245,-0.0726978998384491,20481.0,1769601600.0,-0.0736978998384491,DOT
low,0.025405919263985943,-0.05530973451327437,20482.0,1769644800.0,-0.05630973451327437,DOT
low,-0.023124640498984106,-0.029859484777517542,20483.0,1769731200.0,-0.030859484777517543,DOT
low,0.009381276968209562,-0.06638503319251665,20484.0,1769817600.0,-0.06738503319251665,DOT
low,-0.02026912620616428,0.01921802518224003,20485.0,1769976000.0,0.018218025182240027,DOT
high,-0.032126790272858585,-0.02653721682847887,20486.0,1770033600.0,0.02553721682847887,DOT
low,0.018265731185860945,-0.12516823687752354,20488.0,1770206400.0,-0.12616823687752354,DOT
low,0.0032723462816999227,-0.10751932536893882,20489.0,1770249600.0,-0.10851932536893882,DOT
low,-0.1260843425211179,0.047244094488189115,20490.0,1770336000.0,0.046244094488189114,DOT
high,-0.012091237117389686,0.012781954887217895,20491.0,1770422400.0,-0.013781954887217895,DOT
low,0.047163471633882015,-0.013178294573643501,20493.0,1770609600.0,-0.014178294573643502,DOT
low,0.017314121314576658,-0.025923016496465,20494.0,1770696000.0,-0.026923016496465002,DOT
low,0.03641481751193609,0.04516129032258065,20495.0,1770782400.0,0.04416129032258065,DOT
high,-0.00926505782429865,-0.01705426356589146,20496.0,1770854400.0,0.016054263565891458,DOT
low,0.013220919465465553,0.07198748043818481,20497.0,1770955200.0,0.07098748043818481,DOT
high,-0.0039539343862460274,0.07791225416036296,20497.0,1770984000.0,-0.07891225416036296,DOT
high,0.004842156525416641,0.06542750929368046,20498.0,1771027200.0,-0.06642750929368046,DOT
high,0.003115972667392164,-0.03495007132667616,20499.0,1771128000.0,0.03395007132667616,DOT
low,0.014142159541108201,0.014011799410029502,20499.0,1771171200.0,0.013011799410029501,DOT
low,0.021038477013541446,-0.06051660516605173,20502.0,1771401600.0,-0.06151660516605173,DOT
low,0.041584254787307984,0.060487038491751965,20503.0,1771488000.0,0.059487038491751965,DOT
high,-0.047832867050245476,0.019461077844311392,20504.0,1771588800.0,-0.020461077844311393,DOT
high,0.011162400661058891,-0.037572254335260014,20505.0,1771646400.0,0.03657225433526001,DOT
low,-0.029005092575556057,-0.030326004548900665,20506.0,1771747200.0,-0.031326004548900666,DOT
low,0.09804644961572273,-0.015748031496062964,20507.0,1771804800.0,-0.016748031496062965,DOT
low,-0.020074486740939035,0.11004016064257005,20508.0,1771905600.0,0.10904016064257005,DOT
high,-0.0316541849208124,0.24625098658247846,20509.0,1771977600.0,-0.24725098658247846,DOT
high,-0.05299671525870131,-0.06300686213349971,20511.0,1772150400.0,0.06200686213349971,DOT
low,0.035942510028964314,-0.03516624040920724,20511.0,1772179200.0,-0.03616624040920724,DOT
low,-0.006011536320348676,0.05826558265582671,20512.0,1772251200.0,0.05726558265582671,DOT
high,0.0014619823719748126,-0.03529411764705881,20512.0,1772308800.0,0.03429411764705881,DOT
low,0.00491643465334235,-0.021136063408190298,20514.0,1772424000.0,-0.0221360634081903,DOT
low,-0.013214346467249394,0.011221122112211379,20515.0,1772496000.0,0.010221122112211378,DOT
high,0.023209729926054523,-0.028314028314028294,20516.0,1772611200.0,0.027314028314028294,DOT
low,-0.0022464586351849114,-0.01051939513477973,20517.0,1772683200.0,-0.01151939513477973,DOT
high,0.011429598680853026,-0.02790395846852689,20518.0,1772755200.0,0.02690395846852689,DOT
low,0.04206865782918201,0.004106776180698102,20518.0,1772784000.0,0.0031067761806981018,DOT
low,-0.002780556608404372,0.003457814661134151,20519.0,1772899200.0,0.002457814661134151,DOT
low,-0.009101927663965892,0.03049203049203042,20520.0,1772928000.0,0.02949203049203042,DOT
high,0.014255602017614333,0.020847343644922578,20521.0,1773014400.0,-0.02184734364492258,DOT
high,0.03380466938123039,-0.0065919578114700395,20522.0,1773115200.0,0.005591957811470039,DOT
low,-0.009422833559944221,0.016172506738544534,20523.0,1773187200.0,0.015172506738544533,DOT
high,0.014606318169184895,-0.0045992115637319975,20523.0,1773244800.0,0.0035992115637319974,DOT
high,0.020699096114931148,-0.046511627906976605,20525.0,1773360000.0,0.045511627906976604,DOT
low,0.048232995664917455,-0.03422313483915129,20525.0,1773417600.0,-0.03522313483915129,DOT
low,0.040948525495744015,-0.01324041811846699,20526.0,1773446400.0,-0.014240418118466991,DOT
high,-0.12038121584175576,0.01895135818066973,20528.0,1773619200.0,-0.01995135818066973,DOT
high,0.0030210875875817944,-0.05606900800985826,20530.0,1773792000.0,0.055069008009858256,DOT
low,-0.034718456677454324,-0.013539651837524147,20530.0,1773835200.0,-0.014539651837524148,DOT
low,-0.02195843113994822,-0.007797270955165692,20531.0,1773892800.0,-0.008797270955165692,DOT
low,0.021790680090546743,-0.022029372496662147,20532.0,1774022400.0,-0.023029372496662148,DOT
low,0.019220069311557175,-0.049104180491041705,20533.0,1774080000.0,-0.050104180491041705,DOT
low,0.01493663985026461,0.023044692737430372,20534.0,1774152000.0,0.02204469273743037,DOT
low,0.05139064352584066,-0.01086169442433016,20536.0,1774339200.0,-0.01186169442433016,DOT
low,-0.007005574246190527,-0.0453547915142648,20537.0,1774440000.0,-0.046354791514264804,DOT
low,0.024370489711396104,-0.0030143180105500766,20538.0,1774483200.0,-0.004014318010550077,DOT
low,0.00553474318731606,0.007047768206734695,20539.0,1774598400.0,0.006047768206734695,DOT
low,0.009668290811741143,0.0023659305993690705,20540.0,1774728000.0,0.0013659305993690704,DOT
low,0.030539296161270713,-0.011182108626198062,20541.0,1774785600.0,-0.012182108626198063,DOT
high,-0.029159292800048586,-0.017227877838684402,20542.0,1774828800.0,0.0162278778386844,DOT
low,0.008540569174855017,0.006436041834271711,20542.0,1774886400.0,0.005436041834271711,DOT
high,-0.020310647420877515,-0.04627450980392156,20544.0,1775016000.0,0.04527450980392156,DOT
low,0.022961695572387697,0.0212418300653594,20545.0,1775088000.0,0.0202418300653594,DOT
high,-0.008891390393074072,0.0,20546.0,1775188800.0,-0.001,DOT
high,-0.008032333440420092,-0.0071827613727054596,20547.0,1775318400.0,0.0061827613727054595,DOT
low,0.016105960780102402,0.06448979591836723,20548.0,1775361600.0,0.06348979591836723,DOT
high,-0.007630292295700447,-0.029897718332021928,20549.0,1775433600.0,0.028897718332021927,DOT
low,0.013135209896093292,0.05834683954619124,20550.0,1775534400.0,0.05734683954619124,DOT
high,-0.025363824038910132,-0.0420811017597551,20550.0,1775592000.0,0.0410811017597551,DOT
high,-0.022203502421439314,-0.045176110260336855,20551.0,1775620800.0,0.044176110260336854,DOT
low,0.020710774247799657,0.027113237639553533,20552.0,1775692800.0,0.026113237639553533,DOT
high,-0.008205065498867126,-0.006833712984054552,20553.0,1775822400.0,0.005833712984054552,DOT
low,0.004269063771269455,-0.043715846994535346,20554.0,1775880000.0,-0.044715846994535347,DOT
low,0.08670989890410907,-0.034285714285714364,20555.0,1775952000.0,-0.035285714285714365,DOT
low,0.24905762968162004,0.011168384879725268,20556.0,1776052800.0,0.010168384879725267,DOT
low,0.06675511916400412,0.01636520241171402,20557.0,1776182400.0,0.015365202411714018,DOT
low,0.010667062281880968,0.08647260273972601,20558.0,1776225600.0,0.08547260273972601,DOT
high,-0.07908860957861819,0.045633359559402065,20559.0,1776297600.0,-0.046633359559402066,DOT
high,-0.014641817685550729,-0.010869565217391353,20561.0,1776484800.0,0.009869565217391352,DOT
low,-0.024137490211964097,-0.015444015444015413,20561.0,1776499200.0,-0.016444015444015414,DOT
low,-0.025538313095586185,0.003177124702144596,20562.0,1776556800.0,0.002177124702144596,DOT
high,-0.00584835252671656,-0.0007818608287724071,20563.0,1776700800.0,-0.00021813917122759287,DOT
high,0.015861826010132862,0.017147310989867437,20564.0,1776744000.0,-0.018147310989867438,DOT
high,0.011471940223173549,-0.03908045977011487,20565.0,1776816000.0,0.03808045977011487,DOT
low,-0.005730229838596279,-0.019138755980861233,20566.0,1776902400.0,-0.020138755980861234,DOT
high,-0.009198692374963291,-0.01273885350318471,20567.0,1777032000.0,0.01173885350318471,DOT
high,-0.0034859585700940388,-0.0031645569620253333,20568.0,1777075200.0,0.0021645569620253333,DOT
high,-0.004542328221848191,-0.03870458135860977,20569.0,1777190400.0,0.03770458135860977,DOT
low,0.030593733625718267,-0.013754045307443286,20570.0,1777262400.0,-0.014754045307443286,DOT
high,-0.002742726160076314,-0.0273972602739726,20572.0,1777420800.0,0.0263972602739726,DOT
low,-0.00010765583729588357,0.00919732441471588,20572.0,1777464000.0,0.008197324414715879,DOT
low,0.014993430508573491,0.0,20574.0,1777622400.0,-0.001,DOT
high,-0.0211548008390412,-0.014669926650366705,20575.0,1777737600.0,0.013669926650366704,DOT
high,-0.032094910215646144,0.012106537530266248,20577.0,1777852800.0,-0.013106537530266249,DOT
high,-0.011422862866424022,0.050000000000000044,20578.0,1777953600.0,-0.051000000000000045,DOT
high,-0.0006285760645721172,0.01067887109077037,20579.0,1778025600.0,-0.01167887109077037,DOT
low,-0.015214953590769187,-0.00452830188679243,20580.0,1778112000.0,-0.00552830188679243,DOT
high,0.0023115835348681557,0.0022744503411675776,20580.0,1778126400.0,-0.0032744503411675776,DOT
high,0.005535074985214772,-0.015294974508375803,20581.0,1778241600.0,0.014294974508375802,DOT
low,-0.003256026720641403,0.014136904761904656,20583.0,1778371200.0,0.013136904761904655,DOT
high,-0.031973980217005926,-0.013758146270818172,20583.0,1778428800.0,0.012758146270818171,DOT
low,-0.02354458082635169,0.005343511450381699,20585.0,1778572800.0,0.004343511450381699,DOT
high,0.01240199725483615,-0.050215208034433134,20586.0,1778630400.0,0.04921520803443313,DOT
low,0.004156794146754628,0.01283987915407847,20587.0,1778716800.0,0.01183987915407847,DOT
high,0.007170520094035293,-0.03595011005135729,20587.0,1778774400.0,0.034950110051357286,DOT
low,0.007624611623958666,-0.033460076045627396,20588.0,1778846400.0,-0.0344600760456274,DOT
low,0.00597097061603824,0.0174603174603174,20589.0,1778904000.0,0.016460317460317397,DOT
low,0.0011474406855551678,0.005649717514124131,20590.0,1779048000.0,0.004649717514124131,DOT
low,0.024187956653130893,0.02454991816693952,20591.0,1779062400.0,0.02354991816693952,DOT
high,-0.007235643070662823,0.03525641025641035,20593.0,1779292800.0,-0.036256410256410354,DOT
high,-0.0067757305954648794,0.0321568627450981,20594.0,1779321600.0,-0.033156862745098103,DOT
high,0.008961767521054487,-0.08054711246200619,20595.0,1779408000.0,0.07954711246200619,DOT
low,-0.014618269710191423,0.05271828665568368,20596.0,1779508800.0,0.051718286655683676,DOT
low,-0.0072241164270817615,-0.009501187648456089,20598.0,1779667200.0,-0.01050118764845609,DOT
low,0.017637925632491003,0.014388489208633004,20599.0,1779753600.0,0.013388489208633003,DOT
low,0.010268705712648263,0.005852842809364711,20600.0,1779912000.0,0.004852842809364711,DOT
low,0.02246366155583024,0.012562814070351758,20601.0,1779926400.0,0.011562814070351757,DOT
high,0.006424713284592043,0.004198152812762368,20602.0,1780056000.0,-0.005198152812762368,DOT
low,0.029333911969952053,0.0016722408026756952,20603.0,1780171200.0,0.0006722408026756952,DOT
low,0.009580460540464797,-0.028547439126784258,20604.0,1780200000.0,-0.02954743912678426,DOT
high,-0.006479418799750336,-0.02923473774720553,20605.0,1780272000.0,0.02823473774720553,DOT
low,0.029103705136461988,-0.019014693171996555,20605.0,1780286400.0,-0.020014693171996556,DOT
low,0.014722182945798412,-0.0149779735682819,20606.0,1780372800.0,-0.0159779735682819,DOT
low,-0.00844824920170495,-0.05929919137466311,20607.0,1780444800.0,-0.06029919137466311,DOT
low,0.007330055920206968,-0.033106134371957086,20608.0,1780545600.0,-0.034106134371957086,DOT
low,-0.012502404230916864,-0.05030181086519114,20609.0,1780617600.0,-0.051301810865191144,DOT
low,0.007270986060276208,0.025423728813559254,20610.0,1780704000.0,0.024423728813559253,DOT
high,0.0018096838358245826,-0.0030991735537190257,20611.0,1780790400.0,0.0020991735537190257,DOT
high,-0.01334386875291882,-0.04369918699186992,20612.0,1780905600.0,0.04269918699186992,DOT
low,-0.009787216004907395,-0.025746652935118464,20613.0,1780963200.0,-0.026746652935118465,DOT
low,0.019251602507037724,-0.0031612223393044925,20614.0,1781078400.0,-0.0041612223393044925,DOT
high,0.0006258433649297679,0.0021141649048626032,20615.0,1781164800.0,-0.0031141649048626032,DOT
low,-0.004118183228362882,0.01863354037267073,20616.0,1781236800.0,0.01763354037267073,DOT
high,0.0032433094434820564,0.04535864978902948,20616.0,1781251200.0,-0.04635864978902948,DOT
high,0.009193871365823059,-0.027217741935483875,20617.0,1781308800.0,0.026217741935483874,DOT
low,0.007538526374147203,0.05584281282316428,20618.0,1781409600.0,0.05484281282316428,DOT
high,-0.020533369393185397,0.010000000000000009,20618.0,1781467200.0,-0.01100000000000001,DOT
high,-0.01425180741444454,0.01905717151454356,20619.0,1781481600.0,-0.02005717151454356,DOT
high,-0.007427982275975853,-0.03816046966731901,20621.0,1781654400.0,0.03716046966731901,DOT
low,-0.003495700382096012,-0.02891326021934193,20621.0,1781712000.0,-0.02991326021934193,DOT
low,-0.00963491851735554,-0.030518819938962438,20622.0,1781740800.0,-0.03151881993896244,DOT
high,-0.0008578643723547996,-0.0031055900621117516,20625.0,1782000000.0,0.0021055900621117516,DOT
low,-5.65221018943296e-05,-0.01264488935721797,20625.0,1782072000.0,-0.01364488935721797,DOT
low,0.026839833073107888,-0.03415154749199578,20626.0,1782158400.0,-0.03515154749199578,DOT
low,-0.0035942003297722014,0.0022123893805310324,20627.0,1782187200.0,0.0012123893805310324,DOT
low,0.0022045339905742978,-0.029988465974625123,20628.0,1782302400.0,-0.030988465974625123,DOT
low,0.020411542107409808,0.015457788347205792,20629.0,1782388800.0,0.014457788347205791,DOT
low,0.010537515136430642,0.0011848341232227888,20630.0,1782432000.0,0.00018483412322278878,DOT
low,0.04358681858175095,0.008567931456548328,20631.0,1782590400.0,0.007567931456548328,DOT
low,0.0172041456313341,0.014833127317676054,20632.0,1782633600.0,0.013833127317676053,DOT
high,-0.014255408198165509,0.0012269938650306678,20633.0,1782691200.0,-0.002226993865030668,DOT
low,0.01816890804977489,0.03936039360393617,20634.0,1782806400.0,0.03836039360393617,DOT
high,-0.02522752041627163,0.005995203836930418,20635.0,1782864000.0,-0.006995203836930418,DOT
high,-0.018481762163116366,0.019070321811680557,20636.0,1782950400.0,-0.020070321811680558,DOT
high,0.0010504654494103427,0.021052631578947434,20637.0,1783036800.0,-0.022052631578947435,DOT
high,-0.0009539072419800787,-0.010101010101010055,20638.0,1783166400.0,0.009101010101010054,DOT
low,0.0055479350444742614,-0.004587155963302725,20639.0,1783209600.0,-0.005587155963302725,DOT
low,-0.0037340130539881278,-0.007954545454545436,20640.0,1783324800.0,-0.008954545454545437,DOT
high,0.0009530683037406451,-0.039548022598870136,20640.0,1783353600.0,0.038548022598870135,DOT
low,-0.005044976166037829,-0.02209302325581397,20641.0,1783382400.0,-0.02309302325581397,DOT
low,0.02397108632700684,-0.00832342449464929,20642.0,1783468800.0,-0.00932342449464929,DOT
high,-0.02490712662328043,0.03423848878394331,20644.0,1783641600.0,-0.03523848878394331,DOT
low,0.020920567509316035,-0.021201413427561877,20646.0,1783828800.0,-0.022201413427561878,DOT
low,-0.00614549931274655,0.009557945041815952,20647.0,1783900800.0,0.00855794504181595,DOT
high,-0.009382968433952033,0.017942583732057482,20648.0,1784001600.0,-0.018942583732057483,DOT
high,-0.005721636332316926,-0.0199530516431925,20649.0,1784073600.0,0.018953051643192498,DOT
low,0.009355474749732862,0.016686531585220488,20650.0,1784174400.0,0.015686531585220487,DOT
high,-0.032536177356461304,-0.012805587892898762,20650.0,1784217600.0,0.011805587892898761,DOT
low,0.010844072358640933,-0.009557945041816063,20652.0,1784347200.0,-0.010557945041816064,DOT
low,0.024072742704704053,-0.0012135922330097637,20653.0,1784448000.0,-0.0022135922330097637,DOT
low,0.02178281795790382,0.06009913258983879,20654.0,1784505600.0,0.05909913258983879,DOT
high,-0.03859189553481268,-0.018118059614260718,20655.0,1784592000.0,0.017118059614260717,DOT
low,-0.010182469752974543,-0.008523073176671114,20656.0,1784750400.0,-0.009523073176671115,DOT
low,0.024053108281145485,-0.010247651579846195,20657.0,1784764800.0,-0.011247651579846196,DOT
low,0.041309075764266456,0.013197211155378419,20658.0,1784865600.0,0.012197211155378418,DOT
high,-0.01713950659152952,0.0034317931119010048,20659.0,1784980800.0,-0.004431793111901005,DOT
high,-0.007939962609083917,-0.02099514563106797,20660.0,1785038400.0,0.019995145631067968,DOT
low,0.00748454295100931,-0.06913913790986126,20661.0,1785110400.0,-0.07013913790986126,DOT
low,-0.004818589280075947,0.0026360880453406565,20662.0,1785211200.0,0.0016360880453406565,DOT
low,0.004781801337549796,0.0009149130832570851,20663.0,1785283200.0,-8.508691674291493e-05,DOT
high,0.0044983908257516525,0.008150387800709868,20663.0,1785297600.0,-0.00915038780070987,DOT
high,-0.008696208196483646,0.006529119874640887,20664.0,1785369600.0,-0.007529119874640887,DOT
low,0.005602963500730418,0.026030655391120483,20665.0,1785484800.0,0.025030655391120482,DOT
high,-0.028786638451717472,0.03439771547248194,20666.0,1785585600.0,-0.03539771547248194,DOT
high,-0.006703204104376748,-0.0012591286829514159,20667.0,1785628800.0,0.00025912868295141587,DOT
low,-0.007215242306131131,0.05358043368633392,20668.0,1785715200.0,0.052580433686333916,DOT
high,-0.017830089817633343,0.008481764206955011,20668.0,1785744000.0,-0.009481764206955012,DOT
high,-0.024934049869211106,0.023094411870288267,20669.0,1785801600.0,-0.024094411870288268,DOT
low,0.015000307656160228,-0.02112337974075862,20671.0,1785974400.0,-0.02212337974075862,DOT
low,-0.006481750648701934,0.004046101029916649,20672.0,1786060800.0,0.003046101029916649,DOT
high,-0.006901217047201147,-0.011234582977164509,20673.0,1786147200.0,0.010234582977164508,DOT
low,0.005747426176540227,0.002964060763245735,20674.0,1786233600.0,0.001964060763245735,DOT
high,-0.007625169308473678,-0.011497094820126064,20675.0,1786334400.0,0.010497094820126063,DOT
low,-0.00047385402614652516,-0.006486074017550525,20676.0,1786449600.0,-0.007486074017550525,DOT
low,-0.00876887099782786,-0.0018099547511312153,20677.0,1786550400.0,-0.0028099547511312153,DOT
low,0.0502461101512337,-0.009218384835107729,20678.0,1786608000.0,-0.01021838483510773,DOT
low,0.004227959936546677,0.01677453440760801,20679.0,1786665600.0,0.01577453440760801,DOT
high,-0.007948029065768525,-0.012340867757859253,20680.0,1786752000.0,0.011340867757859252,DOT
low,0.015835608348797825,0.0006576351440221728,20681.0,1786838400.0,-0.0003423648559778272,DOT
low,0.03659171993313226,-0.017502302934596647,20682.0,1786968000.0,-0.01850230293459665,DOT
low,-0.009953579899882659,0.03531649008421622,20683.0,1787011200.0,0.03431649008421622,DOT
high,-0.029352071413831338,0.03673576489110464,20684.0,1787097600.0,-0.03773576489110464,DOT
high,-0.007017096640518972,0.07727994139909655,20685.0,1787198400.0,-0.07827994139909655,DOT
high,-0.02699440106034945,0.08913168487636569,20686.0,1787270400.0,-0.09013168487636569,DOT
high,-0.035187659109626845,-0.05881731784582889,20687.0,1787356800.0,0.057817317845828886,DOT
low,0.0044209107603707665,0.01020980590149212,20688.0,1787443200.0,0.009209805901492119,DOT
low,0.010760040104130342,-0.04290768001825851,20690.0,1787644800.0,-0.04390768001825851,DOT
low,0.004057298103636198,0.054369858113747505,20691.0,1787731200.0,0.053369858113747504,DOT
high,-0.006445482635134336,0.006210465784933783,20692.0,1787803200.0,-0.007210465784933783,DOT
low,-0.00494823865678673,-0.002132196162046851,20693.0,1787918400.0,-0.003132196162046851,DOT
low,0.02626874677505886,0.003577817531305927,20694.0,1787961600.0,0.002577817531305927,DOT
low,0.0009955824107512612,-0.012358882947118288,20695.0,1788048000.0,-0.013358882947118289,DOT
high,-0.000685617763992119,-0.03240577668193023,20695.0,1788076800.0,0.03140577668193023,DOT
high,-0.006217812233177189,-0.00770912438154403,20697.0,1788220800.0,0.00670912438154403,DOT
high,0.025208117575871603,0.014726345083487802,20698.0,1788307200.0,-0.015726345083487803,DOT
low,0.008237514548068425,0.05068799247324485,20698.0,1788336000.0,0.049687992473244846,DOT
high,0.021709112579605838,-0.024447421299397254,20699.0,1788436800.0,0.023447421299397253,DOT
low,0.0052531420054435785,0.04142350383339055,20700.0,1788523200.0,0.04042350383339055,DOT
high,0.008528635721181566,0.04156397042348203,20700.0,1788552000.0,-0.042563970423482034,DOT
high,-0.012229257476469635,0.08761462821787647,20701.0,1788580800.0,-0.08861462821787647,DOT
high,0.04019678498879231,0.02314962302219392,20702.0,1788652800.0,-0.024149623022193922,DOT
high,0.08524124940393452,0.1720298197603094,20703.0,1788782400.0,-0.1730298197603094,DOT
high,0.057067220206475255,-0.09895330112721423,20704.0,1788868800.0,0.09795330112721423,DOT
low,0.001076984604526876,0.01738343141693055,20706.0,1788998400.0,0.01638343141693055,DOT
high,0.014270992053007303,-0.06549790869449135,20707.0,1789084800.0,0.06449790869449135,DOT
low,-0.04956444448065411,-0.013891531874405283,20707.0,1789113600.0,-0.014891531874405284,DOT
low,0.008886429890158976,-0.008097560975609763,20708.0,1789214400.0,-0.009097560975609764,DOT
low,-0.01690754171298625,0.006623171213918422,20709.0,1789257600.0,0.005623171213918422,DOT
high,-6.403609939287236e-05,-0.026300236406619493,20710.0,1789358400.0,0.025300236406619492,DOT
low,-0.00549619576740934,-0.036641221374045796,20711.0,1789430400.0,-0.0376412213740458,DOT
high,0.02282884168453081,0.05910072648733555,20712.0,1789574400.0,-0.060100726487335554,DOT
high,0.053812200897701334,0.06333865065215338,20713.0,1789632000.0,-0.06433865065215338,DOT
high,-0.010171355308050245,-0.04065819258227399,20714.0,1789689600.0,0.03965819258227399,DOT
low,-0.005830458561364105,-0.030977734753146247,20715.0,1789790400.0,-0.03197773475314625,DOT
low,0.017060896612168586,0.07196304849884538,20716.0,1789862400.0,0.07096304849884538,DOT
high,-0.024204107888115445,0.06289696541990142,20716.0,1789920000.0,-0.06389696541990142,DOT
high,-0.017304238591231313,-0.01259763164525085,20717.0,1789977600.0,0.01159763164525085,DOT
high,-0.020515557326844625,-0.08085071168487246,20718.0,1790107200.0,0.07985071168487246,DOT
low,-0.005094094261905879,0.06672135630298048,20719.0,1790150400.0,0.06572135630298048,DOT
high,-0.0035212167908029723,0.08897551054995345,20721.0,1790323200.0,-0.08997551054995345,DOT
high,-0.007753785596891549,0.04299050114641334,20722.0,1790380800.0,-0.04399050114641334,DOT
low,-0.06050214934500642,0.0015849182515850213,20724.0,1790553600.0,0.0005849182515850213,DOT
low,0.018779724021358524,0.0023319730157407292,20725.0,1790640000.0,0.0013319730157407292,DOT
low,-0.010737387973402623,-0.0024728428861608975,20393.0,1761955200.0,-0.0034728428861608976,AAVE
low,-0.004118107834291229,-0.061930057547587514,20394.0,1762041600.0,-0.06293005754758751,AAVE
high,-0.001421821450373173,-0.056557641740093256,20394.0,1762113600.0,0.055557641740093255,AAVE
low,-0.009479859187552786,-0.08687650417630122,20395.0,1762128000.0,-0.08787650417630122,AAVE
low,0.037934982949095586,0.0017204736362717021,20396.0,1762228800.0,0.0007204736362717021,AAVE
high,0.0017328394740832032,0.014683772677157592,20398.0,1762387200.0,-0.015683772677157592,AAVE
low,0.006419181840612742,0.05781509225277759,20398.0,1762430400.0,0.05681509225277759,AAVE
low,0.05236655124889822,0.0039276902160230165,20399.0,1762502400.0,0.0029276902160230165,AAVE
high,-0.035674893494417326,-0.025481994326650326,20399.0,1762531200.0,0.024481994326650325,AAVE
low,0.008848710499226309,0.09908605104130253,20401.0,1762646400.0,0.09808605104130252,AAVE
high,-0.01187766467794138,0.03578947368421059,20401.0,1762689600.0,-0.036789473684210594,AAVE
high,0.0005882017409744034,-0.016040350797473568,20402.0,1762732800.0,0.015040350797473567,AAVE
high,-0.09466612937296692,-0.03800683476493949,20403.0,1762819200.0,0.03700683476493949,AAVE
low,-0.09125378973125808,-0.004437328453796852,20403.0,1762833600.0,-0.005437328453796852,AAVE
low,-0.06808849224817504,-0.061258358959340176,20404.0,1762948800.0,-0.062258358959340176,AAVE
low,0.053212097651605506,-0.12499999999999989,20405.0,1763049600.0,-0.1259999999999999,AAVE
low,-0.05834666079701012,-0.00850708924103416,20406.0,1763092800.0,-0.009507089241034161,AAVE
high,-0.00403197122053045,0.01531567303874315,20408.0,1763265600.0,-0.01631567303874315,AAVE
low,-0.002751907887535654,0.005657871947347015,20408.0,1763280000.0,0.004657871947347015,AAVE
low,-0.014862368185575625,0.05412920018930434,20409.0,1763395200.0,0.05312920018930434,AAVE
low,-0.007528645227666719,-0.004920422791884316,20411.0,1763553600.0,-0.005920422791884316,AAVE
high,-0.008334600069941134,-0.12542012099484656,20412.0,1763596800.0,0.12442012099484656,AAVE
low,0.03177299910635267,-0.041507140686721455,20412.0,1763654400.0,-0.042507140686721456,AAVE
low,-0.007965849015814874,0.017613527188881095,20413.0,1763683200.0,0.016613527188881094,AAVE
high,0.01366469811045845,0.044649966313468514,20415.0,1763856000.0,-0.045649966313468515,AAVE
high,-0.006719944262124078,0.04795966228893067,20416.0,1763942400.0,-0.04895966228893067,AAVE
high,0.006206865672002904,-0.00445522219715766,20417.0,1764043200.0,0.00345522219715766,AAVE
high,-0.00774762027387732,0.0009694619486184664,20418.0,1764172800.0,-0.0019694619486184664,AAVE
low,0.006972032379075843,0.008594897459609285,20421.0,1764374400.0,0.007594897459609285,AAVE
high,0.12497778119400271,-0.1024755946281215,20422.0,1764460800.0,0.1014755946281215,AAVE
low,-0.05934896856441696,-0.0867055231751318,20422.0,1764489600.0,-0.0877055231751318,AAVE
low,-0.01922764552109113,0.014362117661198326,20423.0,1764547200.0,0.013362117661198325,AAVE
high,-0.022324362356852978,0.04435656263360399,20424.0,1764676800.0,-0.04535656263360399,AAVE
high,-0.023923987206015407,-0.0014993278874986249,20425.0,1764720000.0,0.0004993278874986249,AAVE
low,0.01746517609526621,-0.0064214827787507645,20427.0,1764921600.0,-0.0074214827787507645,AAVE
low,-0.005278538281150547,0.022222222222222143,20428.0,1764993600.0,0.021222222222222142,AAVE
high,0.01707910968619153,0.018736475431466726,20429.0,1765065600.0,-0.019736475431466727,AAVE
high,0.018788289442733808,0.01915788380665595,20430.0,1765180800.0,-0.020157883806655952,AAVE
low,-0.03418419686930507,0.008863983698420785,20431.0,1765267200.0,0.007863983698420784,AAVE
high,0.00917396472013432,-0.02708982154332884,20431.0,1765296000.0,0.02608982154332884,AAVE
low,-0.0024994216573017702,0.07834028400992454,20433.0,1765411200.0,0.07734028400992454,AAVE
high,0.026186321296232773,-0.042541733979536867,20434.0,1765497600.0,0.041541733979536866,AAVE
low,0.008249491208083048,-0.03646622433519664,20436.0,1765699200.0,-0.03746622433519664,AAVE
low,0.06993711466675889,0.010361564050826333,20437.0,1765800000.0,0.009361564050826332,AAVE
low,-0.0014085916916133367,0.000929215632686553,20439.0,1765958400.0,-7.078436731344697e-05,AAVE
low,-0.0006619305792003871,0.02743747530062679,20440.0,1766016000.0,0.02643747530062679,AAVE
high,0.024684853907440907,-0.009530105216768558,20441.0,1766160000.0,0.008530105216768558,AAVE
low,0.027017830658672803,-0.09671789675167486,20443.0,1766275200.0,-0.09771789675167486,AAVE
low,0.010302567386354156,-0.048987223434091565,20444.0,1766361600.0,-0.049987223434091566,AAVE
low,-0.02966327350478426,-0.016716417910447867,20445.0,1766491200.0,-0.017716417910447868,AAVE
low,0.0029326882432216816,0.020284938941655284,20446.0,1766534400.0,0.019284938941655283,AAVE
high,0.005833810942965645,0.014761619788550062,20447.0,1766620800.0,-0.015761619788550063,AAVE
high,0.007509872509023907,0.012416736726379218,20448.0,1766736000.0,-0.01341673672637922,AAVE
high,0.00411597346754955,-0.009511650175550668,20449.0,1766793600.0,0.008511650175550667,AAVE
low,0.01808602143028404,-0.019941916747337696,20450.0,1766894400.0,-0.020941916747337697,AAVE
high,0.0004237225929635269,-0.01994024421927787,20451.0,1766966400.0,0.01894024421927787,AAVE
low,0.01007008315198954,-0.0015887726731100837,20451.0,1766995200.0,-0.0025887726731100838,AAVE
low,0.024823512053389063,0.029733850845578003,20453.0,1767182400.0,0.028733850845578,AAVE
high,-0.02085823791710595,0.08110999665663643,20455.0,1767312000.0,-0.08210999665663643,AAVE
high,-0.030354035047452488,0.042920542282205654,20458.0,1767571200.0,-0.043920542282205655,AAVE
high,0.008408120325603008,-0.034095513748190975,20459.0,1767686400.0,0.033095513748190974,AAVE
low,-0.004512989838129866,-0.016759442149996917,20460.0,1767787200.0,-0.017759442149996918,AAVE
low,-0.030425914094759587,-0.003082502266545717,20461.0,1767830400.0,-0.004082502266545717,AAVE
high,-0.006859110605259122,0.008400803555122627,20462.0,1767960000.0,-0.009400803555122628,AAVE
high,-0.0014737052899673753,-0.012945759664369172,20464.0,1768118400.0,0.011945759664369171,AAVE
high,-0.02042940552462691,0.017377187180566356,20465.0,1768176000.0,-0.018377187180566357,AAVE
low,0.007111597178791618,0.047300989738296106,20465.0,1768204800.0,0.046300989738296106,AAVE
high,-0.012045246402016985,0.02990621129003701,20466.0,1768276800.0,-0.03090621129003701,AAVE
high,-0.005137357491471151,-0.008303677342823224,20467.0,1768348800.0,0.0073036773428232235,AAVE
low,-0.011034991523739879,-0.016062884483937112,20468.0,1768435200.0,-0.017062884483937113,AAVE
low,-0.0222424388838951,0.017505088688572368,20469.0,1768564800.0,0.016505088688572367,AAVE
high,-0.004952397294012867,0.0011431184270689343,20470.0,1768651200.0,-0.0021431184270689343,AAVE
low,-0.002733668997627503,-0.054800855540782845,20471.0,1768708800.0,-0.055800855540782845,AAVE
low,0.016558854508609278,-0.009671656502187043,20472.0,1768780800.0,-0.010671656502187044,AAVE
low,0.0037426065373462603,-0.020945691709519654,20473.0,1768881600.0,-0.021945691709519655,AAVE
low,0.02703349740126737,-0.014784341454007754,20477.0,1769241600.0,-0.015784341454007755,AAVE
low,0.00934025112198289,-0.018310767246937476,20478.0,1769299200.0,-0.019310767246937477,AAVE
high,0.005801603318814852,0.027804846358734592,20480.0,1769472000.0,-0.028804846358734593,AAVE
high,-0.0007633375798832276,-0.08249672632038418,20481.0,1769587200.0,0.08149672632038418,AAVE
low,-0.013664109568457539,-0.09476707083599234,20482.0,1769644800.0,-0.09576707083599234,AAVE
low,0.01969077773161576,-0.039548819175184935,20483.0,1769731200.0,-0.040548819175184936,AAVE
low,0.003331962436030178,-0.06576629477392837,20484.0,1769817600.0,-0.06676629477392837,AAVE
high,-0.011454090011420837,-0.003754987092231876,20486.0,1770033600.0,0.002754987092231876,AAVE
low,0.020375357559585083,-0.1236421725239617,20488.0,1770206400.0,-0.1246421725239617,AAVE
low,0.012750321346977511,-0.1425237539589932,20489.0,1770249600.0,-0.1435237539589932,AAVE
high,-0.018759291967561542,0.009061546743226234,20491.0,1770422400.0,-0.010061546743226235,AAVE
high,-0.005839815474152021,-0.005393457117595091,20492.0,1770537600.0,0.004393457117595091,AAVE
low,0.03406412076358123,-0.02649124366610356,20493.0,1770624000.0,-0.02749124366610356,AAVE
low,-0.04090838090329452,-0.025745132416720606,20494.0,1770696000.0,-0.026745132416720607,AAVE
low,0.037272278608673215,0.03978026141314639,20495.0,1770782400.0,0.03878026141314639,AAVE
high,-0.006640096583223065,0.02195299690289665,20496.0,1770868800.0,-0.02295299690289665,AAVE
high,0.01661969014192155,0.0880355495933598,20497.0,1770984000.0,-0.0890355495933598,AAVE
high,0.004896647654550668,0.057322783788148035,20498.0,1771027200.0,-0.058322783788148036,AAVE
high,0.010314201955750724,-0.019271116636879304,20499.0,1771128000.0,0.018271116636879303,AAVE
high,0.021556443326120833,-0.028846913775389282,20501.0,1771344000.0,0.02784691377538928,AAVE
high,0.0022722639578056647,-0.035069745448813916,20502.0,1771387200.0,0.034069745448813915,AAVE
low,-0.07290446588398392,0.01529947916666674,20502.0,1771430400.0,0.01429947916666674,AAVE
low,0.07413185979423687,0.05500898280434585,20504.0,1771588800.0,0.05400898280434585,AAVE
low,0.0011283212263963893,-0.015446374029147503,20507.0,1771804800.0,-0.016446374029147504,AAVE
high,0.0014446308084115067,-0.018535999313481488,20509.0,1771977600.0,0.017535999313481487,AAVE
low,0.039097736158328456,0.015348391035144404,20510.0,1772078400.0,0.014348391035144403,AAVE
high,-0.0731339216467185,-0.09026883105728767,20511.0,1772164800.0,0.08926883105728767,AAVE
low,0.014827813757853914,-0.009301089556205122,20511.0,1772208000.0,-0.010301089556205123,AAVE
low,0.009787164497680578,0.07919123841617526,20512.0,1772236800.0,0.07819123841617526,AAVE
high,-0.0006789144192552721,-0.01804146066441159,20513.0,1772323200.0,0.01704146066441159,AAVE
high,-0.0015121170786260851,0.057945411182757756,20514.0,1772409600.0,-0.058945411182757756,AAVE
low,0.09375663461830097,0.07406733393994536,20515.0,1772524800.0,0.07306733393994536,AAVE
high,-0.01611295251088518,-0.04993576017130619,20517.0,1772726400.0,0.048935760171306186,AAVE
low,-0.06683025562296063,-0.025887640449438143,20518.0,1772798400.0,-0.026887640449438144,AAVE
low,0.03161286389434692,-0.021695715323166276,20519.0,1772841600.0,-0.022695715323166277,AAVE
low,-0.0026683724807605724,-0.011969935974761037,20520.0,1772928000.0,-0.012969935974761038,AAVE
low,0.031427588300566356,0.033475519287833766,20521.0,1773057600.0,0.032475519287833765,AAVE
high,-0.02388778945476655,-0.014557872034507535,20522.0,1773115200.0,0.013557872034507534,AAVE
low,-0.0012440194878614586,0.0483752524325316,20524.0,1773273600.0,0.0473752524325316,AAVE
high,0.017608266728722066,-0.026092286139567378,20525.0,1773360000.0,0.025092286139567377,AAVE
low,-0.008952548578853081,0.029246649764578025,20526.0,1773460800.0,0.028246649764578025,AAVE
high,-0.05586358492371457,0.06303191489361692,20527.0,1773561600.0,-0.06403191489361693,AAVE
high,-0.001249504333969198,0.012842034581165063,20528.0,1773619200.0,-0.013842034581165064,AAVE
low,-0.01330967929676019,-0.016469966531618807,20530.0,1773820800.0,-0.017469966531618808,AAVE
low,0.0057901407035116925,-0.008972633467922875,20531.0,1773921600.0,-0.009972633467922876,AAVE
low,0.019453292653178078,0.011498415572657184,20532.0,1774008000.0,0.010498415572657183,AAVE
high,-0.003402297155458367,-0.048872180451127734,20533.0,1774094400.0,0.04787218045112773,AAVE
low,0.02249534676701459,-0.01868645232206656,20533.0,1774123200.0,-0.01968645232206656,AAVE
low,0.02533698268949025,0.02437423830505292,20534.0,1774152000.0,0.02337423830505292,AAVE
low,-0.0054947321297462715,0.012354717671822169,20535.0,1774238400.0,0.011354717671822168,AAVE
high,0.015998186696466687,-0.0008222181618855462,20535.0,1774252800.0,-0.00017778183811445383,AAVE
high,-0.0001878746617712812,0.042758994756824986,20536.0,1774324800.0,-0.04375899475682499,AAVE
high,-0.027077336825651166,-0.07637624620719541,20537.0,1774411200.0,0.07537624620719541,AAVE
low,-0.0027162548403942832,-0.017485428809325576,20538.0,1774483200.0,-0.018485428809325577,AAVE
low,0.018301320544839017,-0.026661360923199262,20539.0,1774598400.0,-0.027661360923199263,AAVE
low,0.018147364840292335,-0.012770739681242316,20540.0,1774656000.0,-0.013770739681242317,AAVE
low,0.013768091091124202,0.02851770604826065,20541.0,1774756800.0,0.02751770604826065,AAVE
high,0.0024918384770400426,-0.011041329011345247,20542.0,1774828800.0,0.010041329011345246,AAVE
low,-0.005254649587752347,0.036729611952687424,20543.0,1774944000.0,0.03572961195268742,AAVE
high,-0.004777894461609589,-0.057333198748359626,20544.0,1775016000.0,0.056333198748359625,AAVE
low,-0.01653105031769475,0.00943096322983994,20545.0,1775088000.0,0.008430963229839938,AAVE
high,0.002858614376529456,-0.003569179088809604,20546.0,1775174400.0,0.002569179088809604,AAVE
low,0.010471289069184708,0.033034653999784114,20548.0,1775347200.0,0.03203465399978411,AAVE
high,-0.017078145535779132,-0.04420524610722132,20549.0,1775433600.0,0.04320524610722132,AAVE
low,0.01838811893864234,0.04898316203804942,20550.0,1775520000.0,0.04798316203804942,AAVE
high,-0.047742001607476325,-0.059377945334590065,20551.0,1775620800.0,0.058377945334590065,AAVE
low,-0.002879241248681441,-0.009613259668508345,20552.0,1775692800.0,-0.010613259668508346,AAVE
low,0.02717694396189585,0.019662297267273976,20553.0,1775793600.0,0.018662297267273975,AAVE
high,-0.04958515658583562,0.016611998730293065,20553.0,1775822400.0,-0.017611998730293066,AAVE
high,-0.005436086785413852,-0.04965590259396502,20554.0,1775923200.0,0.04865590259396502,AAVE
low,0.007001260171681123,0.06929590017825316,20555.0,1775952000.0,0.06829590017825315,AAVE
high,0.003374610429531133,0.04136278391331527,20556.0,1776038400.0,-0.04236278391331527,AAVE
high,0.10960572934861146,0.0816932788711473,20558.0,1776254400.0,-0.0826932788711473,AAVE
high,-0.08582548476512575,0.0036903535873671345,20559.0,1776340800.0,-0.0046903535873671345,AAVE
high,0.010809373917985088,-0.029969944182052455,20560.0,1776412800.0,0.028969944182052454,AAVE
low,-0.041332836545860174,-0.18661473087818692,20561.0,1776499200.0,-0.18761473087818692,AAVE
low,0.19091736779563995,-0.0011894463667819766,20562.0,1776556800.0,-0.0021894463667819766,AAVE
low,0.05516977846892024,0.005003891915934533,20563.0,1776686400.0,0.004003891915934533,AAVE
high,0.0047997106926478406,0.00995670995670972,20564.0,1776729600.0,-0.01095670995670972,AAVE
high,-0.033791582239184326,-0.02117298327334316,20565.0,1776859200.0,0.02017298327334316,AAVE
low,-0.01980903693182623,0.01999344477220588,20566.0,1776902400.0,0.01899344477220588,AAVE
high,-0.01850448465570853,0.004240432524117432,20567.0,1777017600.0,-0.005240432524117432,AAVE
high,-0.01218531792953581,0.012984271086245114,20568.0,1777104000.0,-0.013984271086245115,AAVE
low,0.036766332619441844,0.00971488912354812,20569.0,1777161600.0,0.00871488912354812,AAVE
high,-0.019371569867287497,0.012192580241767503,20569.0,1777190400.0,-0.013192580241767504,AAVE
high,-0.017616511611803554,0.021648190755072072,20570.0,1777248000.0,-0.022648190755072073,AAVE
low,-0.04354468514525278,-0.0024654303783899767,20572.0,1777464000.0,-0.0034654303783899767,AAVE
low,-0.028790558637026953,-0.004420008624407168,20573.0,1777507200.0,-0.005420008624407168,AAVE
low,0.019333925655450113,-0.00700808625336935,20574.0,1777608000.0,-0.008008086253369351,AAVE
low,0.005074015663735665,0.011074918566775338,20575.0,1777694400.0,0.010074918566775337,AAVE
high,-0.0248646579653361,-0.005237280889269003,20577.0,1777852800.0,0.004237280889269003,AAVE
high,0.003966492990941983,-0.003283898305084798,20579.0,1778025600.0,0.002283898305084798,AAVE
low,0.005531893202425087,-0.016898713997236747,20580.0,1778112000.0,-0.017898713997236748,AAVE
high,-0.02987907805854606,0.008928571428571397,20581.0,1778241600.0,-0.009928571428571398,AAVE
high,-0.016331119913056913,0.007873200041437878,20582.0,1778284800.0,-0.008873200041437879,AAVE
high,-0.010719821019011477,-0.002154750244858006,20583.0,1778414400.0,0.0011547502448580058,AAVE
low,-0.0057254891058100554,-0.0032659726474791873,20585.0,1778558400.0,-0.004265972647479187,AAVE
low,-0.002744828052792303,0.04247104247104261,20586.0,1778673600.0,0.04147104247104261,AAVE
high,-0.036298822321394475,-0.07227227227227229,20587.0,1778760000.0,0.07127227227227229,AAVE
low,0.03593841811176057,-0.025140267587397624,20588.0,1778846400.0,-0.026140267587397625,AAVE
low,0.032529129132519596,0.019539584503088347,20589.0,1778889600.0,0.018539584503088347,AAVE
low,0.01585388313164926,0.012672550350758094,20591.0,1779062400.0,0.011672550350758093,AAVE
high,0.012280431009137782,-0.009193054136874435,20592.0,1779163200.0,0.008193054136874434,AAVE
low,-0.016507533036887567,0.03355550448172839,20592.0,1779220800.0,0.03255550448172839,AAVE
low,-0.014368158731514202,0.018364320748260443,20593.0,1779235200.0,0.017364320748260442,AAVE
high,-0.003763329042557162,-0.016353046594982157,20594.0,1779321600.0,0.015353046594982156,AAVE
low,0.033389371599660045,-0.058976386848943574,20595.0,1779422400.0,-0.059976386848943575,AAVE
low,-0.006762693822488952,0.054628406771521254,20596.0,1779508800.0,0.05362840677152125,AAVE
high,-0.03126397410058679,0.012124038237351309,20597.0,1779609600.0,-0.01312403823735131,AAVE
low,1.6374152486786642e-05,-0.006352506352506282,20598.0,1779667200.0,-0.007352506352506282,AAVE
high,0.0021247156442638637,-0.004503984293798391,20599.0,1779782400.0,0.003503984293798391,AAVE
low,0.018378443904890185,-0.048994387277829676,20600.0,1779840000.0,-0.04999438727782968,AAVE
low,0.012617252651033528,0.004672322636173565,20601.0,1779926400.0,0.0036723226361735648,AAVE
high,-0.011096098356003004,0.016558322090028055,20602.0,1780027200.0,-0.017558322090028056,AAVE
high,-0.007097423921979207,0.0035125968992246737,20603.0,1780099200.0,-0.004512596899224674,AAVE
high,0.021539034246271793,-0.026674713337356604,20604.0,1780185600.0,0.025674713337356603,AAVE
low,-0.007658024155967946,-0.008239055582882293,20604.0,1780228800.0,-0.009239055582882294,AAVE
low,0.003126497706024356,-0.04351050679851676,20605.0,1780286400.0,-0.04451050679851676,AAVE
low,0.023519177171149153,-0.012794003618506022,20606.0,1780372800.0,-0.013794003618506023,AAVE
low,-0.01878745627855649,-0.06600052590060468,20607.0,1780444800.0,-0.06700052590060468,AAVE
low,-0.00025087299680981445,-0.0640045312942511,20608.0,1780545600.0,-0.0650045312942511,AAVE
low,0.04630352990111741,-0.11759619541720712,20609.0,1780617600.0,-0.11859619541720712,AAVE
low,0.004699888429993138,0.0362567368936797,20610.0,1780704000.0,0.0352567368936797,AAVE
high,-0.01473365430773399,-0.012293144208037843,20611.0,1780790400.0,0.011293144208037842,AAVE
high,-0.004993233360597427,-0.062207670720299424,20612.0,1780905600.0,0.06120767072029942,AAVE
low,-0.0029676780175755813,-0.014775977121067707,20613.0,1780963200.0,-0.015775977121067708,AAVE
high,0.012112176618021886,0.048353074801233076,20614.0,1781092800.0,-0.04935307480123308,AAVE
high,-0.00017057399012332386,0.004574132492113581,20615.0,1781136000.0,-0.005574132492113581,AAVE
high,-0.010041743212684806,0.04557515217730601,20616.0,1781251200.0,-0.04657515217730601,AAVE
high,0.008070792587813402,-0.001662133575098368,20617.0,1781308800.0,0.0006621335750983679,AAVE
high,0.006755143510079664,0.0608445588012716,20618.0,1781395200.0,-0.0618445588012716,AAVE
high,0.0026408495191809767,0.08018262234270201,20619.0,1781481600.0,-0.08118262234270202,AAVE
high,-0.0013445605761526203,-0.028519099947671323,20621.0,1781654400.0,0.02751909994767132,AAVE
low,-0.00559821012455719,0.03270830396165225,20622.0,1781769600.0,0.03170830396165225,AAVE
high,-0.008129896210114507,-0.008972813713673533,20624.0,1781928000.0,0.007972813713673532,AAVE
high,-0.0027411202504313836,-0.00013189132155089212,20625.0,1782000000.0,-0.0008681086784491079,AAVE
high,-0.010599199746558097,-0.0483487450462351,20626.0,1782115200.0,0.0473487450462351,AAVE
low,-0.013535950700676369,0.042749140893470816,20627.0,1782187200.0,0.041749140893470815,AAVE
low,0.07381799127559363,0.08291589770630114,20628.0,1782273600.0,0.08191589770630114,AAVE
high,0.10245180585622538,0.08495177698507073,20628.0,1782288000.0,-0.08595177698507073,AAVE
high,0.10291597856395929,0.052843544056626834,20629.0,1782345600.0,-0.053843544056626835,AAVE
high,0.005131668072555717,0.11498782890923853,20630.0,1782432000.0,-0.11598782890923853,AAVE
high,0.029768662518318,-0.08000000000000007,20631.0,1782532800.0,0.07900000000000007,AAVE
low,-0.03792604246590192,0.03496190049305259,20632.0,1782619200.0,0.03396190049305259,AAVE
low,0.0025791334342306627,-0.0517968056787933,20634.0,1782777600.0,-0.0527968056787933,AAVE
low,-0.012724449096972568,0.006426735218509005,20635.0,1782936000.0,0.005426735218509005,AAVE
high,-0.03453663871877466,0.029975601254792705,20636.0,1782979200.0,-0.030975601254792706,AAVE
high,-0.015199271964106198,0.026566992524439392,20637.0,1783080000.0,-0.027566992524439393,AAVE
high,0.0016248511427223722,0.002739413308982863,20638.0,1783123200.0,-0.003739413308982863,AAVE
low,-0.006213698128480716,0.032896983494593135,20639.0,1783209600.0,0.031896983494593134,AAVE
high,-0.0058436212331629545,0.018894713848842226,20640.0,1783310400.0,-0.019894713848842227,AAVE
low,-0.014150631015047543,-0.005283273381294973,20642.0,1783468800.0,-0.006283273381294973,AAVE
high,0.003976356558603733,0.03531960996749728,20643.0,1783584000.0,-0.03631960996749728,AAVE
high,0.007823948490486288,0.019534982482216856,20644.0,1783641600.0,-0.020534982482216857,AAVE
high,0.03758316526217387,-0.01310524209683861,20645.0,1783756800.0,0.012105242096838609,AAVE
low,-0.026501148445697287,0.00010504201680672232,20647.0,1783900800.0,-0.0008949579831932777,AAVE
high,0.008228630359500944,0.01911563911353853,20648.0,1783987200.0,-0.02011563911353853,AAVE
low,0.007554550254584624,-0.03509518238859932,20650.0,1784174400.0,-0.03609518238859932,AAVE
low,0.012905873453546546,-0.027535110029857424,20651.0,1784246400.0,-0.028535110029857425,AAVE
low,-0.004977641159813362,0.03172617693882196,20652.0,1784332800.0,0.03072617693882196,AAVE
high,-0.012220309601542745,-0.006061942025790801,20653.0,1784419200.0,0.005061942025790801,AAVE
high,0.02638902138949839,0.07255274026118985,20654.0,1784534400.0,-0.07355274026118985,AAVE
high,-0.006323201978805537,0.007062295773163196,20655.0,1784592000.0,-0.008062295773163197,AAVE
high,0.01780986263594264,-0.024347826086956514,20656.0,1784721600.0,0.023347826086956514,AAVE
low,-0.017959037964190627,-0.01928142450742809,20657.0,1784822400.0,-0.020281424507428092,AAVE
low,-0.018776428331715778,-0.021651023890784993,20658.0,1784894400.0,-0.022651023890784994,AAVE
low,-0.0026697257979304556,0.02452705675318967,20659.0,1784937600.0,0.023527056753189668,AAVE
high,-0.017535650165154792,0.09329039184111654,20660.0,1785024000.0,-0.09429039184111654,AAVE
high,0.027774640851099486,-0.03944361649279682,20661.0,1785124800.0,0.03844361649279682,AAVE
low,0.0034122271412906358,0.014997931319817859,20662.0,1785211200.0,0.013997931319817858,AAVE
low,-0.03687395161530116,0.037002390603887436,20663.0,1785355200.0,0.036002390603887435,AAVE
high,0.01716142518116337,-0.0337620578778135,20664.0,1785412800.0,0.0327620578778135,AAVE
high,0.002701319661997159,-0.071849593495935,20665.0,1785456000.0,0.070849593495935,AAVE
low,-0.009891492819634973,-0.03267485317672181,20665.0,1785513600.0,-0.03367485317672181,AAVE
low,0.041109190380304694,0.008649950728128797,20666.0,1785542400.0,0.007649950728128797,AAVE
high,-0.020009768430622854,0.002823325008144195,20667.0,1785686400.0,-0.003823325008144195,AAVE
low,0.014934853019462624,0.015551418245537185,20668.0,1785715200.0,0.014551418245537184,AAVE
high,-0.036276596418903684,-0.02530691363342663,20668.0,1785758400.0,0.02430691363342663,AAVE
low,0.05333508929623254,-0.007844437078775912,20669.0,1785844800.0,-0.008844437078775913,AAVE
low,0.004740836797742176,-0.008351893095768337,20670.0,1785931200.0,-0.009351893095768338,AAVE
low,0.007013883083729189,0.02161611588954271,20671.0,1785974400.0,0.020616115889542708,AAVE
high,-0.025549392011162686,0.000664672648720499,20672.0,1786060800.0,-0.001664672648720499,AAVE
high,-0.0060558011937754674,-0.0017499726566773122,20673.0,1786190400.0,0.0007499726566773121,AAVE
high,0.004268821517064314,0.004391743522178304,20674.0,1786248000.0,-0.005391743522178304,AAVE
high,0.009747781334279004,-0.027109750765194618,20675.0,1786334400.0,0.026109750765194617,AAVE
low,-0.0014384538709927286,-0.01571731133652876,20675.0,1786363200.0,-0.016717311336528762,AAVE
low,0.014626474372422482,0.005413330325927612,20676.0,1786406400.0,0.004413330325927612,AAVE
high,-0.014950360103039295,0.0004486819966347255,20677.0,1786492800.0,-0.0014486819966347255,AAVE
low,0.03546716239940717,-0.015409199863029244,20678.0,1786622400.0,-0.016409199863029245,AAVE
low,-0.0013982738020489327,0.010097493036211658,20679.0,1786694400.0,0.009097493036211657,AAVE
low,0.002887647338157606,0.004872389791183318,20681.0,1786852800.0,0.003872389791183318,AAVE
high,-0.013665804057160669,0.01730418943533696,20682.0,1786968000.0,-0.01830418943533696,AAVE
high,0.003727570387343171,0.03961504028648166,20683.0,1787054400.0,-0.04061504028648166,AAVE
high,0.02362167820150307,0.042088266953713704,20684.0,1787140800.0,-0.043088266953713705,AAVE
high,0.020922298949882734,0.08946772366930911,20685.0,1787184000.0,-0.09046772366930911,AAVE
high,0.05081655650103234,0.16150066150066156,20686.0,1787270400.0,-0.16250066150066156,AAVE
high,-0.03761999227985002,-0.013505817264665154,20687.0,1787356800.0,0.012505817264665153,AAVE
low,0.021474484458784415,0.07399296050058668,20688.0,1787457600.0,0.07299296050058668,AAVE
high,0.11144194246729966,-0.0382306702872659,20688.0,1787472000.0,0.0372306702872659,AAVE
low,-0.02664926283949276,-0.01895807644882852,20690.0,1787616000.0,-0.01995807644882852,AAVE
low,-0.015946047681923314,0.03796852182378707,20691.0,1787731200.0,0.03696852182378707,AAVE
low,0.015464310149894134,0.023217520171249895,20693.0,1787918400.0,0.022217520171249894,AAVE
low,0.013260360395336068,0.01905857225006158,20694.0,1787961600.0,0.018058572250061578,AAVE
high,0.0012978400970604653,-0.028585040495473946,20694.0,1788033600.0,0.027585040495473945,AAVE
high,-0.020750378444234774,0.014143230869849699,20695.0,1788105600.0,-0.0151432308698497,AAVE
high,-0.00988533771873612,0.03521626093122188,20697.0,1788220800.0,-0.03621626093122188,AAVE
high,0.07089752414172268,-0.029680365296803735,20698.0,1788307200.0,0.028680365296803734,AAVE
high,-0.023244343692416236,-0.0264826557254757,20699.0,1788436800.0,0.0254826557254757,AAVE
low,0.02202998504374243,0.037593405746860764,20701.0,1788566400.0,0.03659340574686076,AAVE
high,0.009667589582879055,0.01800997246409164,20701.0,1788624000.0,-0.01900997246409164,AAVE
high,-0.008571376553573873,-0.016111069864132355,20702.0,1788652800.0,0.015111069864132354,AAVE
low,-0.017110612180831763,-0.026208459214501545,20703.0,1788782400.0,-0.027208459214501546,AAVE
low,-0.014975347618875201,-0.015966386554621903,20704.0,1788854400.0,-0.016966386554621904,AAVE
low,0.009330412134389121,-0.043776493256262095,20705.0,1788912000.0,-0.044776493256262095,AAVE
low,0.0005305515494347102,-0.010236157008140512,20706.0,1788998400.0,-0.011236157008140513,AAVE
high,0.006071237166474175,0.013022508038585068,20707.0,1789128000.0,-0.014022508038585069,AAVE
high,-0.004072851110829889,-0.027145771222344184,20708.0,1789185600.0,0.026145771222344183,AAVE
low,0.022338941524286282,0.007095025510204023,20709.0,1789286400.0,0.006095025510204023,AAVE
high,-0.0029857184380742696,-0.0469018261276728,20710.0,1789401600.0,0.045901826127672796,AAVE
low,-0.018677070285324504,-0.05931724638850777,20711.0,1789473600.0,-0.06031724638850777,AAVE
low,0.018512920218749507,0.0333389177416652,20712.0,1789516800.0,0.032338917741665196,AAVE
high,-0.016953313907176915,0.08771076523994825,20713.0,1789603200.0,-0.08871076523994825,AAVE
high,0.01623136077386622,0.060068564614696784,20714.0,1789689600.0,-0.061068564614696785,AAVE
high,0.05398500153769725,-0.03972159730033753,20715.0,1789776000.0,0.03872159730033753,AAVE
low,0.014370944741417535,0.014935207555457852,20716.0,1789862400.0,0.013935207555457851,AAVE
high,-0.0013766481153110188,0.021063261920219345,20717.0,1789948800.0,-0.022063261920219346,AAVE
high,0.012474907156192927,-0.09467261514236969,20718.0,1790107200.0,0.09367261514236969,AAVE
high,0.024000109922069912,-0.06489951258596516,20719.0,1790121600.0,0.06389951258596516,AAVE
low,-0.01720735238239046,0.056250899151201184,20719.0,1790164800.0,0.05525089915120118,AAVE
low,0.021079959554404004,0.025919314530524762,20720.0,1790208000.0,0.02491931453052476,AAVE
high,-0.028052774601758146,0.038118845045890026,20721.0,1790323200.0,-0.03911884504589003,AAVE
high,0.01770418897763415,0.020775173667467284,20722.0,1790380800.0,-0.021775173667467285,AAVE
high,0.012505634876542882,-0.05278329383127289,20723.0,1790481600.0,0.05178329383127289,AAVE
low,-0.027243431552285258,-0.05081563956499224,20723.0,1790510400.0,-0.051815639564992244,AAVE
low,-0.015800309599707685,0.1151201579413168,20724.0,1790553600.0,0.1141201579413168,AAVE
high,0.1826267303191329,-0.05493928070994858,20725.0,1790654400.0,0.05393928070994858,AAVE
high,0.004114305126538431,-0.04149750296410737,20393.0,1761969600.0,0.04049750296410737,BCH
low,-0.04890625851261621,-0.04617085464800341,20394.0,1762070400.0,-0.04717085464800341,BCH
low,0.0054513020304920445,-0.05993186532934924,20395.0,1762128000.0,-0.060931865329349244,BCH
low,0.0071087595140062465,-0.025658973641054295,20396.0,1762228800.0,-0.026658973641054295,BCH
low,-0.001418712259585564,0.0025847333972568443,20398.0,1762401600.0,0.0015847333972568442,BCH
high,-0.013540889908517428,0.034866314607675974,20399.0,1762488000.0,-0.035866314607675975,BCH
high,0.013058742442895621,0.010424642205076662,20402.0,1762732800.0,-0.011424642205076663,BCH
high,0.006528512529913266,-0.013736690759306613,20403.0,1762819200.0,0.012736690759306613,BCH
low,-0.019577509098562706,0.004242053548527247,20404.0,1762963200.0,0.003242053548527247,BCH
high,0.030942046960030112,-0.0466087155438637,20405.0,1762992000.0,0.0456087155438637,BCH
low,0.00266684193324207,-0.058351998113874926,20405.0,1763049600.0,-0.059351998113874926,BCH
low,0.010505577970529423,0.03195063840185708,20406.0,1763107200.0,0.030950638401857078,BCH
low,0.0020129897522795925,0.04465286135203539,20408.0,1763280000.0,0.04365286135203539,BCH
low,-0.00696775326684651,0.016555950887439996,20410.0,1763438400.0,0.015555950887439995,BCH
high,0.0552778866522019,-0.10442972274125673,20410.0,1763467200.0,0.10342972274125672,BCH
low,-0.008975818120386059,0.0045943097997893645,20411.0,1763553600.0,0.0035943097997893645,BCH
high,0.06798256997257646,-0.09589775140413204,20412.0,1763611200.0,0.09489775140413204,BCH
low,0.03031130897841572,0.22831741850510356,20413.0,1763697600.0,0.22731741850510356,BCH
high,0.07490730355284225,0.04273151707198153,20413.0,1763740800.0,-0.04373151707198153,BCH
high,0.028089555362129204,0.03366562552602548,20414.0,1763769600.0,-0.03466562552602548,BCH
high,0.0036716506342522326,-0.04039852102799468,20416.0,1764000000.0,0.03939852102799468,BCH
low,-0.03937049155534533,0.013982559796340999,20417.0,1764028800.0,0.012982559796340998,BCH
high,-0.01855591030551662,-0.01978721837726405,20418.0,1764172800.0,0.018787218377264048,BCH
high,0.007327959663021355,-0.013612835485475316,20419.0,1764216000.0,0.012612835485475316,BCH
high,0.01453129493461125,-0.04958964070764171,20420.0,1764345600.0,0.04858964070764171,BCH
low,-0.054097337377273846,-0.015144104146286308,20421.0,1764374400.0,-0.01614410414628631,BCH
high,0.16495434548338572,-0.07149693894136133,20422.0,1764489600.0,0.07049693894136133,BCH
low,-0.0281103754638371,0.0012077757754687113,20423.0,1764547200.0,0.00020777577546871127,BCH
high,0.004295692896668424,0.11731929152704645,20424.0,1764633600.0,-0.11831929152704646,BCH
high,0.019888244102894692,0.015526460104195339,20425.0,1764720000.0,-0.01652646010419534,BCH
low,-0.005251938465478778,0.022345005490387315,20427.0,1764921600.0,0.021345005490387314,BCH
high,0.03791372431389872,-0.011490921490069028,20428.0,1765008000.0,0.010490921490069027,BCH
high,0.04597131333409754,-0.0322057421868468,20429.0,1765123200.0,0.031205742186846797,BCH
high,0.014166371542971179,-0.042845486486936535,20430.0,1765152000.0,0.041845486486936534,BCH
low,-0.02142188545372159,0.009502911346476184,20430.0,1765209600.0,0.008502911346476183,BCH
low,-0.009205369180136147,-0.0071454777337131015,20431.0,1765252800.0,-0.008145477733713102,BCH
low,-0.04986584598279664,-0.01026395561149418,20432.0,1765324800.0,-0.01126395561149418,BCH
low,-0.004597100288396994,0.035499355208482575,20433.0,1765411200.0,0.034499355208482574,BCH
high,0.016131246307704572,-0.0077143944373335716,20434.0,1765497600.0,0.0067143944373335715,BCH
low,-0.020283403721091497,-0.0015451388888888529,20435.0,1765598400.0,-0.002545138888888853,BCH
high,0.010438683519447656,-0.017618089755150113,20436.0,1765670400.0,0.01661808975515011,BCH
low,0.013571644023393059,-0.05607959915122762,20436.0,1765713600.0,-0.05707959915122762,BCH
low,-0.009201297333586989,0.0346456097929575,20437.0,1765800000.0,0.0336456097929575,BCH
low,-0.00683142458957986,0.10372716475312505,20440.0,1766016000.0,0.10272716475312504,BCH
high,0.11526394122720807,0.11234132078162884,20440.0,1766059200.0,-0.11334132078162884,BCH
high,0.0858183069670233,0.015355709283457086,20441.0,1766102400.0,-0.016355709283457087,BCH
low,-0.03859025154519102,0.004257638202936009,20443.0,1766289600.0,0.0032576382029360093,BCH
low,-0.0022705857040173916,-0.015957807624474185,20444.0,1766376000.0,-0.016957807624474186,BCH
low,-0.0017204814619259379,-0.016650138316195884,20445.0,1766491200.0,-0.017650138316195885,BCH
low,-0.021126553961706374,0.0528485491861288,20446.0,1766577600.0,0.0518485491861288,BCH
high,0.07296416838741737,0.013678093152530879,20447.0,1766649600.0,-0.01467809315253088,BCH
high,0.057540462431800554,0.0010174806511875634,20448.0,1766707200.0,-0.0020174806511875634,BCH
high,0.08915161640507985,0.01737448625997251,20449.0,1766822400.0,-0.01837448625997251,BCH
high,0.04323343157762016,-0.037188215933658286,20450.0,1766923200.0,0.036188215933658285,BCH
low,0.005669895043244777,0.00199730364008599,20451.0,1766995200.0,0.00099730364008599,BCH
low,-0.01924085925846486,0.006011048239501493,20452.0,1767110400.0,0.005011048239501493,BCH
low,-0.003598757259070995,-0.0008900233421215153,20454.0,1767240000.0,-0.0018900233421215154,BCH
high,0.09254977722475721,0.07312872164170536,20455.0,1767369600.0,-0.07412872164170536,BCH
high,0.1494010284620968,0.023249876330445174,20456.0,1767398400.0,-0.024249876330445175,BCH
high,0.044932795336514175,-0.029092724549539373,20458.0,1767571200.0,0.028092724549539372,BCH
low,-0.008839183922119909,-0.014389614452178012,20459.0,1767672000.0,-0.015389614452178013,BCH
low,0.0002886701243431933,0.015045742883554869,20460.0,1767772800.0,0.014045742883554868,BCH
high,0.06336005688502033,-0.007520453115166692,20461.0,1767830400.0,0.006520453115166692,BCH
high,0.005138808501708114,0.011175929742240243,20462.0,1767916800.0,-0.012175929742240243,BCH
high,0.009787087442734377,0.007801451505120571,20463.0,1768060800.0,-0.008801451505120572,BCH
high,0.015995757940542532,-0.053582640388355474,20464.0,1768089600.0,0.05258264038835547,BCH
low,-0.08709664863450062,-0.011229410051454503,20465.0,1768176000.0,-0.012229410051454503,BCH
low,0.016394371347912662,0.004745696144530909,20466.0,1768262400.0,0.0037456961445309087,BCH
high,0.012111728748628536,-0.00462555783576013,20467.0,1768348800.0,0.00362555783576013,BCH
low,0.03223791241722873,-0.010326597163891504,20467.0,1768377600.0,-0.011326597163891505,BCH
high,0.02062607560740748,-0.003045431852221503,20468.0,1768464000.0,0.002045431852221503,BCH
low,-0.006583067066570414,0.014601012924098544,20468.0,1768492800.0,0.013601012924098543,BCH
low,-0.0032756077221050006,-0.00655142871541603,20470.0,1768622400.0,-0.00755142871541603,BCH
low,0.004878631275187617,-0.0033422798399757037,20471.0,1768723200.0,-0.004342279839975704,BCH
low,-0.020246539528610885,-0.01989502201151372,20472.0,1768780800.0,-0.02089502201151372,BCH
low,0.013227015136631826,0.022855662088623996,20473.0,1768867200.0,0.021855662088623995,BCH
high,-0.0077053168010489115,0.007414538575868157,20474.0,1768953600.0,-0.008414538575868158,BCH
high,-0.011116676525023905,-0.0038560195818734266,20475.0,1769040000.0,0.0028560195818734266,BCH
low,-0.005382954006803109,-0.018392866207550096,20478.0,1769299200.0,-0.019392866207550097,BCH
high,0.04467483546006967,0.006214132907738756,20480.0,1769472000.0,-0.007214132907738756,BCH
low,-0.01385304902683937,-0.05774151996565047,20482.0,1769644800.0,-0.05874151996565047,BCH
low,0.013504474651471643,-0.01148314893461888,20483.0,1769731200.0,-0.012483148934618882,BCH
low,-0.00423737704212479,0.0023406486405512794,20484.0,1769832000.0,0.0013406486405512794,BCH
low,-0.02142560572676111,0.0359886619098817,20486.0,1769990400.0,0.0349886619098817,BCH
high,0.008812946956896717,-0.015246519613331788,20486.0,1770033600.0,0.014246519613331787,BCH
high,0.002047557182280002,-0.008926553672316428,20488.0,1770163200.0,0.007926553672316428,BCH
low,0.01109514990022653,-0.11951799175609945,20488.0,1770206400.0,-0.12051799175609945,BCH
low,-0.035976037817242235,0.0048885252607895335,20489.0,1770278400.0,0.0038885252607895335,BCH
low,0.018788384628234178,0.11623861879402142,20490.0,1770336000.0,0.11523861879402142,BCH
high,0.013062657777265452,0.00713722321617527,20491.0,1770422400.0,-0.008137223216175271,BCH
low,-0.004292035973609942,-0.013464289119862749,20493.0,1770624000.0,-0.01446428911986275,BCH
high,-0.014914603553571548,-0.016145383546727787,20493.0,1770652800.0,0.015145383546727786,BCH
low,-0.002796510892134285,-0.0028273036754946634,20494.0,1770724800.0,-0.0038273036754946635,BCH
low,-0.020315183337358378,-0.01451177000509185,20495.0,1770796800.0,-0.015511770005091852,BCH
low,-0.009741376840312177,0.027423941412488828,20496.0,1770868800.0,0.026423941412488827,BCH
high,0.010169961863609522,0.03747770278967977,20497.0,1770969600.0,-0.03847770278967977,BCH
high,-0.01670083270118261,-0.011202297179927934,20498.0,1771056000.0,0.010202297179927933,BCH
low,-0.000959366532320538,-0.004443492692328355,20499.0,1771128000.0,-0.005443492692328355,BCH
high,-0.0017184331867342584,-0.009969581347915701,20500.0,1771257600.0,0.0089695813479157,BCH
low,-0.004302839698256622,0.004448909299655357,20502.0,1771430400.0,0.003448909299655357,BCH
low,-0.027011267695669083,0.012499088987683038,20503.0,1771488000.0,0.011499088987683037,BCH
high,0.0017679781975492581,0.00752345547884592,20504.0,1771617600.0,-0.00852345547884592,BCH
high,0.002942784866925008,0.02796224477146736,20505.0,1771632000.0,-0.02896224477146736,BCH
high,0.09988163820437568,-0.06180888796161066,20506.0,1771732800.0,0.06080888796161066,BCH
low,-0.06334411904954951,-0.11328650701472986,20507.0,1771804800.0,-0.11428650701472987,BCH
low,0.0167717242215093,0.019418686847685995,20508.0,1771891200.0,0.018418686847685994,BCH
high,-0.013105689172560164,0.02208761625061184,20509.0,1771977600.0,-0.023087616250611842,BCH
low,0.014033654827700248,-0.035209941630578,20510.0,1772121600.0,-0.036209941630578,BCH
low,0.03418360005511212,-0.04555417078516477,20511.0,1772179200.0,-0.04655417078516477,BCH
low,-0.03971090354825135,0.0026982056932138843,20512.0,1772251200.0,0.0016982056932138842,BCH
low,0.01523952799337569,0.007931831573222192,20513.0,1772380800.0,0.006931831573222192,BCH
high,0.046350076965067766,0.010016585195530725,20516.0,1772596800.0,-0.011016585195530726,BCH
low,0.006704296311571323,0.016099896129702307,20518.0,1772784000.0,0.015099896129702306,BCH
low,-0.010070298308431203,-0.008435633893489003,20520.0,1773000000.0,-0.009435633893489004,BCH
high,-0.008408826996905594,-0.0025724191924841877,20521.0,1773014400.0,0.0015724191924841877,BCH
high,0.014875201516334924,-0.0032569729824254434,20523.0,1773230400.0,0.0022569729824254434,BCH
high,-0.004146463782808141,0.01565823811925693,20524.0,1773302400.0,-0.01665823811925693,BCH
high,0.049249663198955185,-0.01419704031443969,20525.0,1773360000.0,0.01319704031443969,BCH
low,-0.0072478778358723295,0.017755851607154538,20526.0,1773460800.0,0.016755851607154537,BCH
high,-0.0022376040708216305,0.029196133134367086,20527.0,1773561600.0,-0.030196133134367087,BCH
high,-0.009383665832261023,0.004242141432995394,20528.0,1773619200.0,-0.005242141432995394,BCH
low,-0.0038235732303325554,-0.028576288484436163,20529.0,1773777600.0,-0.029576288484436164,BCH
low,-0.0037527223775010166,-0.02949877620517194,20530.0,1773792000.0,-0.03049877620517194,BCH
high,0.004636022222907377,0.002807363435698429,20532.0,1773964800.0,-0.003807363435698429,BCH
low,-0.02346303471763822,0.008786664943791322,20533.0,1774123200.0,0.0077866649437913224,BCH
high,-0.0018194284722279352,-0.008140118858290801,20535.0,1774252800.0,0.007140118858290801,BCH
high,0.002716907441615346,-0.023477223745056675,20537.0,1774396800.0,0.022477223745056674,BCH
low,-0.01821223300717223,-0.018127665045319152,20538.0,1774483200.0,-0.019127665045319153,BCH
low,0.012634277059764054,0.03480484580543086,20539.0,1774584000.0,0.03380484580543086,BCH
high,0.01147949448350083,0.018322732825070576,20539.0,1774641600.0,-0.019322732825070577,BCH
high,0.012927760141763223,0.006698524655161631,20540.0,1774656000.0,-0.007698524655161631,BCH
high,0.0058878455879116665,-0.06106711993698444,20541.0,1774742400.0,0.06006711993698444,BCH
low,-0.007053105399636106,0.010787249031348978,20541.0,1774785600.0,0.009787249031348977,BCH
high,-0.010962585438743067,-0.020263079477246593,20543.0,1774915200.0,0.019263079477246592,BCH
low,-0.0010314163036181379,-0.04142950249837063,20544.0,1775001600.0,-0.04242950249837063,BCH
low,0.012144208035078652,0.007252453368991274,20545.0,1775088000.0,0.006252453368991274,BCH
low,0.005524528456318345,-0.0015851449275363638,20546.0,1775217600.0,-0.002585144927536364,BCH
low,0.003547789591998418,0.0009186110600771791,20548.0,1775347200.0,-8.138893992282095e-05,BCH
low,-0.004628720147185406,0.030599925705794728,20550.0,1775520000.0,0.029599925705794727,BCH
high,-0.016607148429714447,-0.004179468642689255,20550.0,1775592000.0,0.0031794686426892546,BCH
low,0.0009360093981798379,-0.014703560877703303,20552.0,1775692800.0,-0.015703560877703304,BCH
low,-0.0015592133416929554,-0.005540479421076383,20553.0,1775793600.0,-0.006540479421076383,BCH
high,0.0017551470904870747,-0.013822494813745867,20553.0,1775836800.0,0.012822494813745866,BCH
low,0.009411202073634328,-0.0014583774374896663,20555.0,1775952000.0,-0.0024583774374896663,BCH
high,0.0005553079540410177,-0.0047244094488189115,20556.0,1776096000.0,0.0037244094488189114,BCH
high,-0.008136188046357962,-0.015504578837610028,20557.0,1776153600.0,0.014504578837610027,BCH
low,0.002842548277551593,0.010917783345208765,20558.0,1776225600.0,0.009917783345208764,BCH
high,-0.005440568070164908,0.03188905785424101,20558.0,1776268800.0,-0.03288905785424101,BCH
high,-0.0039950946525484365,0.018813609266269182,20559.0,1776297600.0,-0.019813609266269183,BCH
high,0.01571351724458081,-0.02331515044870658,20560.0,1776427200.0,0.022315150448706578,BCH
low,-0.0014699739842187753,-0.0064419105764050855,20561.0,1776499200.0,-0.0074419105764050855,BCH
low,0.01669742419949105,-0.0015423698058428803,20562.0,1776571200.0,-0.0025423698058428803,BCH
high,-0.0013234799374602924,0.04906830902020731,20564.0,1776744000.0,-0.05006830902020731,BCH
high,0.005294895170349756,-0.03121141153928031,20565.0,1776816000.0,0.03021141153928031,BCH
low,-0.00032685205998050915,-0.001981026171556821,20568.0,1777075200.0,-0.002981026171556821,BCH
low,-0.008397206908970278,-0.014975408570609416,20569.0,1777161600.0,-0.015975408570609417,BCH
high,-0.0029660797811930095,-0.0005373695759258723,20570.0,1777248000.0,-0.0004626304240741277,BCH
low,-0.0005106760902691132,-0.0025686270130217403,20570.0,1777262400.0,-0.0035686270130217404,BCH
low,-0.0008058218900311998,0.016481547832318144,20571.0,1777348800.0,0.015481547832318143,BCH
high,-0.00036366932864517754,-0.016928951376167123,20572.0,1777420800.0,0.015928951376167122,BCH
low,0.0026078828332793957,-0.014668067884533675,20572.0,1777478400.0,-0.015668067884533676,BCH
low,-0.003447833761142327,0.01651124025769235,20573.0,1777536000.0,0.01551124025769235,BCH
high,0.008756383777160703,-0.015455507540347413,20574.0,1777636800.0,0.014455507540347412,BCH
low,0.0036400535575209503,0.006537126369415169,20576.0,1777766400.0,0.005537126369415169,BCH
high,-0.003992309499246671,-0.00038072202812855505,20577.0,1777852800.0,-0.000619277971871445,BCH
low,0.003694746801327531,0.026137311011468878,20577.0,1777896000.0,0.025137311011468877,BCH
high,0.022732108237777382,0.0270786664909739,20578.0,1777968000.0,-0.028078666490973903,BCH
high,0.009002598207278112,-0.030544685351665768,20579.0,1778040000.0,0.029544685351665767,BCH
low,-0.024666987671738028,-0.0008658200870259591,20580.0,1778140800.0,-0.0018658200870259592,BCH
low,-0.0027117817120496657,0.014521437466642917,20582.0,1778313600.0,0.013521437466642916,BCH
high,-0.001901323103376873,-0.006924077708438947,20583.0,1778385600.0,0.005924077708438947,BCH
low,-0.0138060036193568,-0.023137559675807773,20584.0,1778472000.0,-0.024137559675807774,BCH
low,0.002723808789317994,-0.02009904523958239,20585.0,1778544000.0,-0.021099045239582392,BCH
low,-0.003629117620858602,0.011294183263228952,20586.0,1778659200.0,0.010294183263228951,BCH
low,-0.0006913833041202189,-0.018625788829236156,20588.0,1778832000.0,-0.019625788829236157,BCH
low,0.008888638199037402,0.007252725856697895,20589.0,1778904000.0,0.006252725856697895,BCH
low,0.0387075521977116,-0.01322455766582653,20590.0,1779048000.0,-0.014224557665826532,BCH
low,0.16083122787988557,0.043690384826225115,20591.0,1779062400.0,0.042690384826225114,BCH
high,-0.10567949654519848,0.006547903080430517,20594.0,1779321600.0,-0.007547903080430517,BCH
low,-0.03644751609812069,-0.014679764679764729,20595.0,1779465600.0,-0.01567976467976473,BCH
low,-0.005880992801267082,0.02373715443624258,20596.0,1779508800.0,0.02273715443624258,BCH
low,-0.005994113633609244,-0.004248887874985785,20598.0,1779667200.0,-0.005248887874985785,BCH
high,0.00646037478565975,-0.0110831089982244,20599.0,1779782400.0,0.0100831089982244,BCH
low,0.002247907537062721,-0.028007118475945836,20599.0,1779825600.0,-0.029007118475945837,BCH
low,0.0002654489129170212,-0.05540278461226744,20600.0,1779840000.0,-0.05640278461226744,BCH
low,0.015616446440280152,-0.06432139245548985,20601.0,1779926400.0,-0.06532139245548985,BCH
high,-0.0027965112211734144,-0.01770605337950415,20603.0,1780142400.0,0.01670605337950415,BCH
low,0.0027247195272306346,-0.03059629518773488,20604.0,1780228800.0,-0.03159629518773488,BCH
low,-0.012892614073310216,0.011609630635136092,20605.0,1780286400.0,0.010609630635136091,BCH
low,0.09958912053543867,-0.0020640252539559922,20606.0,1780430400.0,-0.0030640252539559923,BCH
low,0.04299976920222481,-0.03111958984142127,20607.0,1780444800.0,-0.03211958984142127,BCH
low,0.024310389532316012,-0.015300013304359483,20609.0,1780617600.0,-0.016300013304359484,BCH
high,0.0071739757752626865,-0.0739136260104506,20611.0,1780804800.0,0.0729136260104506,BCH
low,0.14390384179514282,-0.0024594907407408106,20612.0,1780891200.0,-0.0034594907407408107,BCH
low,-0.0077732540952635265,-0.000396078819685064,20613.0,1780992000.0,-0.001396078819685064,BCH
low,0.01443418196203372,0.005971797059266315,20614.0,1781049600.0,0.004971797059266315,BCH
high,-0.026327025811281768,-0.015548082078276515,20615.0,1781193600.0,0.014548082078276514,BCH
high,-0.0016195446729968532,-0.018101290198343833,20617.0,1781323200.0,0.017101290198343833,BCH
high,0.002688223496738029,0.043138219380226106,20618.0,1781395200.0,-0.04413821938022611,BCH
low,0.01336413612569487,0.1270048770677259,20618.0,1781438400.0,0.1260048770677259,BCH
high,-0.011603288082432273,0.05894280190503132,20619.0,1781481600.0,-0.05994280190503132,BCH
low,-0.0019883599156170773,-0.09809642906766713,20621.0,1781683200.0,-0.09909642906766714,BCH
low,0.10543682168227919,0.010681456375494447,20622.0,1781769600.0,0.009681456375494446,BCH
low,-0.004593988418567063,0.03039058872091216,20623.0,1781827200.0,0.02939058872091216,BCH
high,0.0047920056566590485,-0.002319834585707725,20624.0,1781928000.0,0.0013198345857077251,BCH
low,0.0010074676650957404,-0.0133998287239937,20625.0,1782072000.0,-0.014399828723993702,BCH
high,-0.008488998338701315,-0.053942527592721445,20626.0,1782115200.0,0.052942527592721444,BCH
low,-0.0019276926004190287,0.018498139705497074,20627.0,1782172800.0,0.017498139705497073,BCH
low,-0.0023101650509536054,0.013860314022739573,20628.0,1782302400.0,0.012860314022739572,BCH
high,0.002669295721833276,-0.003558351812696592,20629.0,1782360000.0,0.002558351812696592,BCH
high,-0.01733149529256528,0.015164061691336439,20630.0,1782446400.0,-0.01616406169133644,BCH
low,-0.001070978508664222,0.018273113158712162,20632.0,1782604800.0,0.01727311315871216,BCH
high,-0.0009356511436766635,0.014617500254660243,20633.0,1782705600.0,-0.015617500254660244,BCH
high,0.004030294884279639,0.05161544523246664,20635.0,1782864000.0,-0.05261544523246664,BCH
high,0.0022204742614650996,0.049550393405769944,20636.0,1782950400.0,-0.050550393405769944,BCH
high,0.010025288208859173,0.011200356983489534,20637.0,1783036800.0,-0.012200356983489535,BCH
high,0.008727682369869205,0.06088481944206747,20638.0,1783166400.0,-0.061884819442067474,BCH
high,-1.2800182822569894e-05,-0.0010389394506088445,20639.0,1783209600.0,3.8939450608844496e-05,BCH
low,-0.00929641944583881,0.0047019311502938255,20642.0,1783468800.0,0.0037019311502938254,BCH
high,-0.00047932391413685327,0.04682951525123391,20643.0,1783569600.0,-0.04782951525123391,BCH
high,-0.003425910377773067,0.00378258366910611,20644.0,1783641600.0,-0.00478258366910611,BCH
low,0.0024086601155264287,-0.011134631668077932,20646.0,1783886400.0,-0.012134631668077933,BCH
low,0.005829178058347706,-0.009201418200236233,20647.0,1783900800.0,-0.010201418200236234,BCH
low,0.013686876700884643,0.0010224077702989387,20648.0,1783987200.0,2.240777029893868e-05,BCH
high,-0.0216515687053892,-0.019662803832154907,20648.0,1784016000.0,0.018662803832154906,BCH
low,0.0017138573707171645,-0.044939994893182456,20649.0,1784073600.0,-0.045939994893182456,BCH
low,-0.046208677757772376,-0.010738793333927465,20650.0,1784160000.0,-0.011738793333927466,BCH
low,-0.04610433006248671,0.013099630996309841,20651.0,1784275200.0,0.01209963099630984,BCH
low,0.005154003516630201,-0.02474065913889656,20653.0,1784419200.0,-0.02574065913889656,BCH
low,0.005833416270203173,0.053183978914670416,20654.0,1784505600.0,0.052183978914670415,BCH
high,-0.00550224432570956,0.0028646882413501107,20654.0,1784577600.0,-0.0038646882413501107,BCH
high,0.002472095008783981,-0.013630066586227008,20655.0,1784592000.0,0.012630066586227007,BCH
low,-0.003631936930809432,-0.02256999412004168,20656.0,1784692800.0,-0.023569994120041682,BCH
low,-0.007508332896246306,-0.016402557686961305,20657.0,1784764800.0,-0.017402557686961306,BCH
low,-0.0030558741030908276,-0.0004296763105127166,20658.0,1784894400.0,-0.0014296763105127166,BCH
low,0.0026018798296438828,0.03471957268218229,20659.0,1784995200.0,0.033719572682182286,BCH
high,-0.009391042674435579,-0.007458220155609818,20660.0,1785067200.0,0.006458220155609818,BCH
high,-0.004019141633977097,-0.003159410862797807,20661.0,1785139200.0,0.002159410862797807,BCH
low,-0.004126609259102354,-0.021860986547085237,20663.0,1785283200.0,-0.022860986547085238,BCH
high,0.03232486613800556,-0.046538232736923923,20664.0,1785412800.0,0.04553823273692392,BCH
low,-0.007981857592192276,0.0015918190150017164,20665.0,1785484800.0,0.0005918190150017164,BCH
low,-0.001735152999926437,0.022305547543505444,20666.0,1785600000.0,0.021305547543505443,BCH
high,0.008159473823587504,-0.009727993955421232,20667.0,1785643200.0,0.008727993955421232,BCH
high,-0.0008448309991575531,-0.00654511453950446,20669.0,1785830400.0,0.00554511453950446,BCH
low,-0.017488925459742677,0.018763062891886673,20670.0,1785888000.0,0.017763062891886672,BCH
high,0.0017986315216738102,-0.009087943328517478,20670.0,1785945600.0,0.008087943328517477,BCH
high,0.017157068622801752,0.0004621285641666084,20672.0,1786075200.0,-0.0014621285641666084,BCH
high,0.005124472726029339,-0.006880310306612514,20673.0,1786147200.0,0.005880310306612514,BCH
low,-0.0017447574330993199,0.0077649137490121145,20674.0,1786233600.0,0.0067649137490121145,BCH
high,-0.0005650529376725055,-0.015033072760072153,20674.0,1786276800.0,0.014033072760072152,BCH
low,0.0038726767472210266,-0.0016906170752324368,20675.0,1786363200.0,-0.0026906170752324368,BCH
low,0.003018200925541281,0.00522156364662707,20676.0,1786449600.0,0.00422156364662707,BCH
high,0.038867429752522664,-0.03700576896018015,20678.0,1786593600.0,0.03600576896018015,BCH
low,0.10618845526726517,-0.014084507042253502,20678.0,1786622400.0,-0.015084507042253503,BCH
low,0.02345980262969838,0.0012658227848101333,20679.0,1786665600.0,0.0002658227848101333,BCH
high,-0.003938400092862171,-0.00967616454342124,20680.0,1786752000.0,0.008676164543421239,BCH
low,0.005301861331515889,0.008052241370845037,20681.0,1786838400.0,0.007052241370845037,BCH
high,-0.009333419166479562,-0.00684094795993162,20682.0,1786939200.0,0.00584094795993162,BCH
low,-0.001621061559153203,-0.004658461236698996,20683.0,1787011200.0,-0.005658461236698996,BCH
low,-0.005809935906608721,0.06014521193092626,20684.0,1787112000.0,0.059145211930926256,BCH
high,0.056357857122998345,0.06200540436209212,20684.0,1787140800.0,-0.06300540436209212,BCH
high,-0.011605900496406862,0.22036094400740414,20685.0,1787198400.0,-0.22136094400740414,BCH
high,0.12410702063344647,0.07832082587330014,20686.0,1787270400.0,-0.07932082587330014,BCH
high,-0.03972923796677885,-0.054544812237255824,20687.0,1787356800.0,0.05354481223725582,BCH
low,-0.0003243808671223869,-0.0038859619624108666,20688.0,1787443200.0,-0.004885961962410867,BCH
low,-0.0006689720322494708,-0.017410307776361433,20689.0,1787544000.0,-0.018410307776361434,BCH
high,-0.006386389054477748,-0.01337406400178831,20690.0,1787616000.0,0.01237406400178831,BCH
low,-0.002222334285853944,-0.00671716983244397,20690.0,1787688000.0,-0.00771716983244397,BCH
low,0.008704695922787664,0.006641900258921529,20691.0,1787716800.0,0.005641900258921529,BCH
high,-0.004605120341682811,-0.012711548497725933,20692.0,1787803200.0,0.011711548497725932,BCH
low,0.005231253366699162,-0.0689432254629807,20693.0,1787875200.0,-0.06994322546298071,BCH
low,0.003941616245454194,-0.0003267439960791263,20694.0,1787961600.0,-0.0013267439960791263,BCH
high,0.005124025680486088,-0.016351050286441793,20695.0,1788091200.0,0.015351050286441792,BCH
high,0.002768325618919043,-0.0134434338599011,20697.0,1788220800.0,0.012443433859901099,BCH
low,-0.00522385515997148,0.06566967412351188,20698.0,1788336000.0,0.06466967412351188,BCH
high,0.020056082140388565,0.03970382229337588,20699.0,1788408000.0,-0.04070382229337588,BCH
high,-0.016589428057887545,0.0019891788669637034,20700.0,1788508800.0,-0.0029891788669637034,BCH
low,-0.019402391594059987,0.02798699754221845,20701.0,1788566400.0,0.02698699754221845,BCH
high,0.0037602915353591726,-0.02009100724973001,20702.0,1788652800.0,0.019091007249730008,BCH
low,-0.009284004976559457,0.012789736728188617,20703.0,1788739200.0,0.011789736728188616,BCH
high,-0.009146384614973746,-0.05121752932522938,20705.0,1788926400.0,0.05021752932522938,BCH
low,-0.004079972153837819,-0.11096097289563633,20705.0,1788969600.0,-0.11196097289563633,BCH
low,0.002859102007531922,-0.08330306332485782,20706.0,1788998400.0,-0.08430306332485782,BCH
low,0.009260226207341571,-0.011582323592302157,20709.0,1789257600.0,-0.012582323592302158,BCH
high,-0.003431292235097083,-0.029086182942679173,20710.0,1789401600.0,0.028086182942679172,BCH
low,0.009519911043287532,-0.0072082691087134165,20711.0,1789430400.0,-0.008208269108713417,BCH
low,-0.005032528000795677,0.06068239065720182,20712.0,1789560000.0,0.05968239065720182,BCH
high,0.050855337953338076,0.11056983240223461,20713.0,1789617600.0,-0.11156983240223461,BCH
high,0.02504025646663055,-0.017104630668162035,20714.0,1789689600.0,0.016104630668162034,BCH
low,-0.06875301866508132,0.001874719810897929,20715.0,1789776000.0,0.000874719810897929,BCH
high,0.03785253760693963,0.04603199498117938,20717.0,1789948800.0,-0.04703199498117938,BCH
high,0.709485755527725,0.044217065594737814,20718.0,1790064000.0,-0.045217065594737815,BCH
high,-0.03353143497264277,-0.03708609271523178,20719.0,1790136000.0,0.03608609271523178,BCH
low,-0.014634911701041808,-0.0109339812729643,20720.0,1790236800.0,-0.0119339812729643,BCH
low,-0.013625116305226004,0.005326905335833132,20721.0,1790308800.0,0.004326905335833132,BCH
high,-0.03641634294131724,-0.017396200693477137,20721.0,1790366400.0,0.016396200693477136,BCH
low,0.03966607535486388,-0.11149039574172648,20723.0,1790467200.0,-0.11249039574172648,BCH
high,0.02417506053786478,-0.0855169971671389,20723.0,1790481600.0,0.0845169971671389,BCH
low,-0.10719772810756778,0.012437324998372024,20724.0,1790553600.0,0.011437324998372023,BCH
low,-0.009357871467599588,-0.00967970156933362,20725.0,1790640000.0,-0.010679701569333622,BCH
high,0.00685566424429096,0.014175257731958935,20393.0,1761955200.0,-0.015175257731958935,SHIB
high,-0.019090614876647538,-0.05928892361789406,20394.0,1762056000.0,0.05828892361789406,SHIB
low,-0.04139453629534484,-0.0740889066880257,20394.0,1762084800.0,-0.0750889066880257,SHIB
low,0.011736744201359617,-0.0731327800829874,20395.0,1762128000.0,-0.0741327800829874,SHIB
low,0.051592784171773154,-0.023736600306278777,20396.0,1762228800.0,-0.024736600306278778,SHIB
low,0.05356231472680828,0.11631771352608822,20398.0,1762430400.0,0.11531771352608822,SHIB
high,-0.013503904863315763,0.06013599660008495,20399.0,1762473600.0,-0.06113599660008495,SHIB
high,-0.026936815018385407,0.020720073853728538,20400.0,1762588800.0,-0.02172007385372854,SHIB
low,-0.004968088589595854,0.01632528898803498,20401.0,1762646400.0,0.01532528898803498,SHIB
high,0.03421950046270461,-0.01696098972363569,20402.0,1762732800.0,0.015960989723635688,SHIB
high,-0.017168738556297414,-0.01776108799350451,20403.0,1762819200.0,0.01676108799350451,SHIB
low,-0.02438877782266924,0.003144016227180524,20403.0,1762833600.0,0.002144016227180524,SHIB
low,-0.0008840219581612851,-0.021681928218082458,20404.0,1762963200.0,-0.02268192821808246,SHIB
low,0.04532203004594071,-0.034857450242065546,20405.0,1763049600.0,-0.03585745024206555,SHIB
low,-0.031410057213839715,-0.005982162279747794,20406.0,1763150400.0,-0.006982162279747794,SHIB
low,0.027080497744688126,0.005532971996386582,20408.0,1763280000.0,0.004532971996386582,SHIB
low,-0.0074979900684581935,0.03402866798741422,20409.0,1763395200.0,0.03302866798741422,SHIB
low,0.0027329863557297163,-0.0013815335021873931,20411.0,1763524800.0,-0.002381533502187393,SHIB
low,0.048183305495427486,-0.04947253546744279,20412.0,1763654400.0,-0.05047253546744279,SHIB
low,-0.022969917219019198,-0.008242454983515168,20413.0,1763683200.0,-0.00924245498351517,SHIB
low,0.05801041672165885,0.0510163934426231,20414.0,1763798400.0,0.0500163934426231,SHIB
high,-0.03661115706553986,0.01138808047576867,20415.0,1763856000.0,-0.01238808047576867,SHIB
high,0.009398903829539451,0.0062365075557686556,20416.0,1763985600.0,-0.007236507555768656,SHIB
high,-0.05245077185588698,-0.02376620423015685,20417.0,1764086400.0,0.02276620423015685,SHIB
high,-0.02823592150872245,-0.007980845969672634,20419.0,1764244800.0,0.006980845969672634,SHIB
high,0.07791395173042037,-0.04057414104882462,20420.0,1764316800.0,0.03957414104882462,SHIB
low,0.019666627368300382,-0.0030484230273185586,20421.0,1764374400.0,-0.004048423027318559,SHIB
low,0.017294353940163987,0.004276729559748338,20422.0,1764532800.0,0.003276729559748338,SHIB
low,0.029124858900249295,-0.007380535401551147,20423.0,1764547200.0,-0.008380535401551148,SHIB
high,0.033934375225736835,0.06107231625044385,20424.0,1764676800.0,-0.06207231625044385,SHIB
high,-0.03484805209713038,0.011108566193311908,20425.0,1764720000.0,-0.01210856619331191,SHIB
low,-0.020491112517008747,-0.03088713423130518,20427.0,1764892800.0,-0.03188713423130518,SHIB
high,-0.013638850866481311,-0.002605091770278234,20429.0,1765065600.0,0.0016050917702782339,SHIB
high,-0.010013064621210654,0.009499237715491882,20430.0,1765224000.0,-0.010499237715491883,SHIB
high,0.011409582895301362,-0.0005867855885460793,20431.0,1765252800.0,-0.0004132144114539207,SHIB
low,0.06255417150875142,-0.027555346208195886,20432.0,1765353600.0,-0.028555346208195886,SHIB
low,-0.02623598434719665,0.018838304552590168,20433.0,1765411200.0,0.017838304552590167,SHIB
low,0.05877174649789629,0.016733846341761227,20434.0,1765540800.0,0.015733846341761226,SHIB
low,0.001001557134348463,0.0006096817461285209,20436.0,1765684800.0,-0.00039031825387147914,SHIB
low,0.014706508567248866,0.011248881503259645,20437.0,1765800000.0,0.010248881503259644,SHIB
low,0.012279218020159854,-0.02412060301507546,20438.0,1765857600.0,-0.02512060301507546,SHIB
low,0.011290060176806005,-0.03598705501618127,20439.0,1765958400.0,-0.03698705501618127,SHIB
low,-0.012874084699807997,-0.011941500067087163,20440.0,1766016000.0,-0.012941500067087164,SHIB
high,-0.012923211524539013,-0.023115313895455736,20441.0,1766145600.0,0.022115313895455735,SHIB
low,0.004035860971236538,-0.023381538045681882,20443.0,1766275200.0,-0.024381538045681883,SHIB
low,-0.010400014300268046,-0.01111265453535204,20444.0,1766419200.0,-0.012112654535352041,SHIB
low,0.021033313321733083,-0.006989097008666456,20445.0,1766462400.0,-0.007989097008666457,SHIB
low,0.004942987829785972,0.03482232053660628,20446.0,1766534400.0,0.033822320536606276,SHIB
high,-0.02482241587381595,0.012026290029366615,20446.0,1766577600.0,-0.013026290029366616,SHIB
high,-0.0027683237677621486,-0.012963729140808122,20447.0,1766620800.0,0.011963729140808121,SHIB
high,-0.018554598956234014,0.005799502899751285,20449.0,1766836800.0,-0.006799502899751285,SHIB
high,-0.0552944704399263,-0.052596714361420216,20450.0,1766952000.0,0.051596714361420215,SHIB
high,-0.02522746610549742,-0.04047172339855265,20451.0,1766966400.0,0.03947172339855265,SHIB
low,-0.0023744305949786604,-0.013209121245828626,20451.0,1767024000.0,-0.014209121245828626,SHIB
low,0.042596845766697644,-0.009357541899441268,20452.0,1767052800.0,-0.01035754189944127,SHIB
low,0.026715875111079423,-0.016777104187226888,20453.0,1767139200.0,-0.01777710418722689,SHIB
high,-0.05922792330331195,0.10446137105549513,20454.0,1767268800.0,-0.10546137105549513,SHIB
high,-0.04051337772097696,0.05755008740083367,20455.0,1767312000.0,-0.05855008740083367,SHIB
high,-0.03228198544205452,0.0806102987921169,20456.0,1767398400.0,-0.0816102987921169,SHIB
high,-0.03933265187992463,0.026826685492411073,20457.0,1767484800.0,-0.027826685492411074,SHIB
high,0.023811685272714378,-0.015014041909699793,20458.0,1767628800.0,0.014014041909699793,SHIB
high,-0.02730484515046494,-0.008827375762859524,20459.0,1767657600.0,0.007827375762859523,SHIB
low,-0.02279954321838773,-0.015984582246910795,20460.0,1767787200.0,-0.016984582246910795,SHIB
low,0.0037055638429890347,0.0006856359273224033,20461.0,1767830400.0,-0.0003143640726775967,SHIB
low,0.017424498174375413,-0.0020758851343559703,20462.0,1767974400.0,-0.0030758851343559704,SHIB
low,0.02703797567614985,-0.005635787249031243,20464.0,1768118400.0,-0.006635787249031243,SHIB
low,0.00957075051163181,0.03291794027745132,20465.0,1768190400.0,0.03191794027745132,SHIB
high,-0.0028816837955963903,0.02411182294700054,20466.0,1768262400.0,-0.02511182294700054,SHIB
low,-0.005126326936281789,-0.017545898210550748,20468.0,1768435200.0,-0.01854589821055075,SHIB
low,-0.0003824030196410977,0.022294138798993224,20469.0,1768564800.0,0.021294138798993223,SHIB
high,-0.005826855844140777,-0.0179387970453746,20470.0,1768651200.0,0.0169387970453746,SHIB
low,-0.01498428975432109,-0.060939180308280605,20471.0,1768694400.0,-0.061939180308280606,SHIB
low,0.036234710741282816,0.008779742969843518,20472.0,1768780800.0,0.007779742969843518,SHIB
low,0.026730502442805282,0.017432243287950122,20473.0,1768896000.0,0.01643224328795012,SHIB
high,-0.024370833629189792,-0.020055151667084492,20474.0,1769011200.0,0.01905515166708449,SHIB
low,-0.003656160553828114,0.0063475942617747805,20475.0,1769083200.0,0.0053475942617747805,SHIB
low,-0.0031232345185910892,-0.05049987182773652,20477.0,1769256000.0,-0.05149987182773652,SHIB
low,0.005895532292170547,-0.0083730516552879,20478.0,1769299200.0,-0.0093730516552879,SHIB
high,0.0026551780120764867,0.010432968179447055,20480.0,1769472000.0,-0.011432968179447056,SHIB
high,0.02389954126824101,-0.05838284680960992,20481.0,1769587200.0,0.05738284680960992,SHIB
low,-0.007377939411357892,-0.046196367465122345,20482.0,1769644800.0,-0.047196367465122346,SHIB
low,-0.015099702713800678,-0.022216089416310147,20483.0,1769731200.0,-0.02321608941631015,SHIB
low,-0.0163413218590307,-0.03401072537397687,20484.0,1769817600.0,-0.03501072537397687,SHIB
high,-0.0313001814655256,-0.022519250326892393,20486.0,1770033600.0,0.021519250326892392,SHIB
high,0.043857740627794906,0.0010404280618312445,20487.0,1770120000.0,-0.0020404280618312445,SHIB
low,0.008333827996769516,-0.13273942093541202,20488.0,1770206400.0,-0.13373942093541202,SHIB
low,0.02432705451376438,-0.09167315175097279,20489.0,1770249600.0,-0.0926731517509728,SHIB
low,0.012888598146459707,0.000502680965147384,20493.0,1770609600.0,-0.000497319034852616,SHIB
low,-0.026046513973166374,0.053817056396148644,20495.0,1770782400.0,0.05281705639614864,SHIB
high,0.006632158067698235,-0.003915810083210958,20496.0,1770868800.0,0.0029158100832109577,SHIB
high,0.007492426929754048,0.09456676698875333,20497.0,1770984000.0,-0.09556676698875333,SHIB
high,-0.00973082070291409,0.1009766855702583,20498.0,1771027200.0,-0.1019766855702583,SHIB
low,0.00721547537531797,-0.0010741138560687036,20500.0,1771243200.0,-0.0020741138560687036,SHIB
low,0.0045643580814997975,-0.04952939361209696,20502.0,1771401600.0,-0.05052939361209696,SHIB
low,-0.001208388339492772,0.043344155844156074,20503.0,1771488000.0,0.04234415584415607,SHIB
high,-0.06393342373016075,0.01006131111460462,20504.0,1771588800.0,-0.011061311114604622,SHIB
high,0.006374315351771465,-0.04279797514956274,20505.0,1771632000.0,0.04179797514956274,SHIB
low,-0.012560185616287356,-0.02580128205128196,20506.0,1771718400.0,-0.02680128205128196,SHIB
low,-0.013393710070046194,-0.025497614739266483,20507.0,1771804800.0,-0.026497614739266484,SHIB
low,0.013534351125314092,0.0038825118163403616,20508.0,1771891200.0,0.0028825118163403616,SHIB
high,-0.00713692871654914,0.03026736169497224,20509.0,1771977600.0,-0.03126736169497224,SHIB
low,0.04284309572006517,-0.045399828030954326,20511.0,1772179200.0,-0.046399828030954327,SHIB
low,0.014412727108284784,0.03686044379240783,20512.0,1772251200.0,0.035860443792407826,SHIB
high,-0.012827352848322482,-0.04404145077720212,20513.0,1772323200.0,0.04304145077720212,SHIB
low,0.05807709266353189,-0.04416403785488965,20514.0,1772438400.0,-0.04516403785488965,SHIB
low,0.051577572799860194,0.013478581979320614,20515.0,1772496000.0,0.012478581979320613,SHIB
high,0.004436852830061344,0.019859180357465478,20516.0,1772596800.0,-0.02085918035746548,SHIB
low,0.019148858711359074,0.0031876992312018793,20518.0,1772784000.0,0.0021876992312018792,SHIB
low,-0.0011673959476514728,0.009651778955336976,20519.0,1772913600.0,0.008651778955336975,SHIB
low,0.0060624881593041025,0.006424792139077873,20520.0,1772928000.0,0.005424792139077873,SHIB
high,0.0012048770260988384,0.09149248258159148,20521.0,1773043200.0,-0.09249248258159148,SHIB
high,-0.012432389560949386,0.006092098190288553,20522.0,1773100800.0,-0.007092098190288553,SHIB
high,-0.016996407406998704,0.030664395229982988,20524.0,1773302400.0,-0.03166439522998299,SHIB
high,-0.01911564161700463,-0.02247933884297515,20525.0,1773388800.0,0.02147933884297515,SHIB
low,-0.004370789080038073,-0.004078164825828345,20526.0,1773460800.0,-0.005078164825828345,SHIB
low,0.029229535334243106,0.049820849684354185,20527.0,1773547200.0,0.048820849684354184,SHIB
high,0.013228632320841704,-0.04156171284634769,20528.0,1773619200.0,0.040561712846347686,SHIB
low,-0.01977872731509256,-0.04585479315500918,20529.0,1773734400.0,-0.04685479315500918,SHIB
high,-0.01025452857848752,-0.054455445544554504,20530.0,1773792000.0,0.0534554455445545,SHIB
low,-0.0013255022203394473,-0.00870625108828138,20530.0,1773820800.0,-0.009706251088281381,SHIB
low,-0.017875508907483018,0.043349582172701906,20531.0,1773892800.0,0.042349582172701905,SHIB
high,0.012671851624858288,0.0051900217646072555,20532.0,1773964800.0,-0.0061900217646072555,SHIB
low,-0.01963355309656578,-0.007520082037258735,20533.0,1774123200.0,-0.008520082037258736,SHIB
low,0.005609384645955062,0.04694835680751175,20534.0,1774152000.0,0.04594835680751175,SHIB
high,-0.0011410569415911676,0.0018112958998846018,20535.0,1774252800.0,-0.002811295899884602,SHIB
high,-0.03466280067639671,0.013429413691451009,20536.0,1774324800.0,-0.01442941369145101,SHIB
high,-0.03504467019170088,-0.048804137039431206,20537.0,1774411200.0,0.047804137039431205,SHIB
low,0.011272699822361787,-0.010222892575833753,20538.0,1774483200.0,-0.011222892575833754,SHIB
low,0.04795899164303763,0.026521060842433775,20539.0,1774598400.0,0.025521060842433774,SHIB
low,-0.0013264606012366453,-0.005331040412725696,20540.0,1774656000.0,-0.006331040412725696,SHIB
high,-0.004969996983986036,-0.028002699055330704,20540.0,1774699200.0,0.027002699055330703,SHIB
high,0.022917900967635907,-0.02939735423811851,20542.0,1774828800.0,0.02839735423811851,SHIB
low,-0.019590292314303204,0.007403668181053202,20543.0,1774915200.0,0.006403668181053202,SHIB
high,0.0086416040891093,-0.031135531135531025,20544.0,1775016000.0,0.030135531135531024,SHIB
low,-0.06431654737701742,0.021505376344086002,20545.0,1775088000.0,0.020505376344086,SHIB
high,0.011688528488494887,-0.01219715956558065,20546.0,1775174400.0,0.01119715956558065,SHIB
low,-0.014975798900110693,-0.013191273465246067,20547.0,1775289600.0,-0.014191273465246068,SHIB
low,0.021672501825964474,0.040384945866987376,20548.0,1775361600.0,0.039384945866987375,SHIB
high,0.028291769641534126,-0.024520433694745658,20549.0,1775433600.0,0.023520433694745657,SHIB
low,-0.005572988821299751,0.0025176233635448853,20550.0,1775563200.0,0.0015176233635448852,SHIB
high,0.09783492156605433,-0.04253585397653192,20550.0,1775592000.0,0.04153585397653192,SHIB
high,0.022189683397808357,-0.041196665031878354,20551.0,1775606400.0,0.040196665031878354,SHIB
low,-0.03823299561497051,0.0032395566922420738,20552.0,1775692800.0,0.0022395566922420737,SHIB
high,0.006688471875008872,-0.0031841796547679158,20553.0,1775836800.0,0.0021841796547679157,SHIB
high,-0.0014403998603341739,-0.03211163416274376,20554.0,1775923200.0,0.031111634162743762,SHIB
low,0.02710056122646476,-0.011172224132004138,20555.0,1775952000.0,-0.012172224132004139,SHIB
low,-0.013893616223661809,0.029330093717459205,20556.0,1776052800.0,0.028330093717459204,SHIB
high,0.012859705003447575,-0.030156614461846143,20556.0,1776096000.0,0.029156614461846142,SHIB
high,0.0032102873518042863,0.049966465459423404,20558.0,1776268800.0,-0.050966465459423405,SHIB
high,0.04932025346588231,0.014459415050936508,20559.0,1776297600.0,-0.01545941505093651,SHIB
high,0.020300001320203043,-0.05106048703849175,20560.0,1776427200.0,0.05006048703849175,SHIB
low,-0.017204314960420408,-0.005569205569205593,20561.0,1776499200.0,-0.006569205569205593,SHIB
low,-0.005427986671255769,0.003007016371533444,20562.0,1776556800.0,0.002007016371533444,SHIB
high,0.033812741098797616,0.024745984922976083,20564.0,1776744000.0,-0.025745984922976084,SHIB
high,0.022257607104254395,-0.01675257731958757,20565.0,1776816000.0,0.01575257731958757,SHIB
low,0.010431099673315014,0.008355176933158459,20566.0,1776902400.0,0.007355176933158459,SHIB
high,0.06408548565165506,-0.010259698621353008,20567.0,1777017600.0,0.009259698621353007,SHIB
high,-0.005504804794500329,0.006571381632988205,20570.0,1777248000.0,-0.007571381632988205,SHIB
low,-0.013081060457692528,-0.006368386675375537,20570.0,1777262400.0,-0.007368386675375537,SHIB
high,0.00099917747399636,0.004806921967633437,20572.0,1777420800.0,-0.005806921967633437,SHIB
low,-0.0127375681690034,0.010398050365556522,20572.0,1777478400.0,0.00939805036555652,SHIB
high,0.005988681475643132,-0.011392405063291089,20574.0,1777593600.0,0.010392405063291088,SHIB
low,-0.016483532114146104,-0.005761843790012877,20575.0,1777680000.0,-0.006761843790012877,SHIB
low,-0.02167836194675221,0.006600128783000647,20576.0,1777766400.0,0.005600128783000647,SHIB
high,-0.030820525926059217,-0.0007996161842315219,20577.0,1777852800.0,-0.0002003838157684781,SHIB
high,0.0571345866935169,-0.02267785026405722,20578.0,1778011200.0,0.02167785026405722,SHIB
high,0.04369469196411124,-0.004369538077403146,20579.0,1778025600.0,0.0033695380774031456,SHIB
low,-0.002072583300290143,-0.015830721003134873,20580.0,1778112000.0,-0.016830721003134874,SHIB
high,0.035838517830764305,-0.014099783080260275,20581.0,1778256000.0,0.013099783080260274,SHIB
high,0.015358279008343967,-0.0006218905472638037,20582.0,1778284800.0,-0.00037810945273619636,SHIB
high,0.055182029553496825,0.0013619854721549363,20583.0,1778414400.0,-0.0023619854721549363,SHIB
high,-0.012394077513284585,-0.026846655543758535,20584.0,1778515200.0,0.025846655543758534,SHIB
low,-0.06271732137556851,-0.022334067316766237,20585.0,1778572800.0,-0.023334067316766238,SHIB
low,-0.015380278596450747,0.024876415244777572,20586.0,1778673600.0,0.02387641524477757,SHIB
low,-0.005494089912282507,-0.03935979095214759,20588.0,1778846400.0,-0.04035979095214759,SHIB
low,-0.035586409269428465,-0.011184544992374201,20589.0,1778904000.0,-0.012184544992374202,SHIB
low,0.0027708162296504746,-0.03179487179487184,20590.0,1778976000.0,-0.03279487179487184,SHIB
low,-0.0045549997595500935,0.019420903954802338,20591.0,1779062400.0,0.018420903954802337,SHIB
high,0.003961898535200348,-0.005542085209560121,20592.0,1779148800.0,0.004542085209560121,SHIB
high,-0.0032921835370606223,0.010700724887815038,20593.0,1779278400.0,-0.01170072488781504,SHIB
high,-0.008266900613793648,0.0020611473720371087,20594.0,1779321600.0,-0.0030611473720371088,SHIB
high,0.009971244789412248,-0.05450805622214594,20595.0,1779408000.0,0.05350805622214594,SHIB
low,-0.02437077547566502,0.002830355563417708,20595.0,1779465600.0,0.001830355563417708,SHIB
low,-1.920904661389944e-05,0.025757300925086213,20596.0,1779508800.0,0.024757300925086212,SHIB
low,-0.009662554030140824,-0.015825035561877643,20598.0,1779667200.0,-0.016825035561877644,SHIB
low,0.03283291614570971,0.0014453477868112685,20599.0,1779753600.0,0.0004453477868112685,SHIB
low,-0.008288102004127662,-0.03804347826086962,20600.0,1779868800.0,-0.039043478260869624,SHIB
low,0.011654189325960518,0.014694800301431776,20601.0,1779926400.0,0.013694800301431775,SHIB
high,-0.004271161742333995,0.018587360594795488,20602.0,1780027200.0,-0.01958736059479549,SHIB
high,-0.011157486511918169,-0.0009097525473070744,20603.0,1780099200.0,-9.024745269292558e-05,SHIB
high,-0.00869189259131975,-0.014751411400473535,20604.0,1780185600.0,0.013751411400473534,SHIB
low,-0.00630562796207923,0.01689933872152838,20604.0,1780228800.0,0.015899338721528378,SHIB
low,-0.02114409676784501,0.0014713996689350584,20605.0,1780286400.0,0.00047139966893505834,SHIB
high,-0.023943461135872757,-0.06314456305409799,20605.0,1780329600.0,0.06214456305409799,SHIB
low,0.047549276758452,-0.004781028877414384,20606.0,1780401600.0,-0.005781028877414384,SHIB
low,-0.0456243296137967,-0.05831288922438205,20607.0,1780444800.0,-0.05931288922438205,SHIB
low,-0.04355824541130582,-0.04208416833667317,20608.0,1780531200.0,-0.04308416833667317,SHIB
low,-0.0078436462743261,-0.06380753138075324,20609.0,1780617600.0,-0.06480753138075324,SHIB
low,0.019007734071744276,0.05497206703910629,20610.0,1780704000.0,0.053972067039106286,SHIB
high,-0.019030839915515352,-0.0006354585892820452,20611.0,1780790400.0,-0.0003645414107179548,SHIB
high,-0.004008317519300086,-0.03067226890756314,20612.0,1780905600.0,0.029672268907563137,SHIB
low,0.013799669133781167,-0.011224057602710502,20613.0,1780963200.0,-0.012224057602710503,SHIB
high,-0.011996555780550366,0.04155900086132647,20614.0,1781092800.0,-0.04255900086132647,SHIB
high,0.012145366756642018,0.003721314864585379,20615.0,1781179200.0,-0.004721314864585379,SHIB
high,-0.0069960138608550215,0.026594639517972363,20616.0,1781222400.0,-0.027594639517972364,SHIB
high,0.010787014818512075,0.012952843553936333,20617.0,1781308800.0,-0.013952843553936334,SHIB
high,-0.023948355739903615,-0.038461538461538325,20619.0,1781510400.0,0.037461538461538324,SHIB
low,-0.004913353786779262,-0.01605458559100925,20620.0,1781611200.0,-0.017054585591009253,SHIB
low,0.003241231656698984,-0.07226991415452189,20621.0,1781683200.0,-0.07326991415452189,SHIB
low,0.0008742802913455083,-0.03646046702171246,20622.0,1781740800.0,-0.03746046702171246,SHIB
low,0.008939754949093048,0.009188034188034155,20625.0,1782014400.0,0.008188034188034155,SHIB
low,0.030216949213855315,0.0095090667846085,20627.0,1782187200.0,0.008509066784608499,SHIB
low,0.002179309528030915,-0.022471910112359494,20628.0,1782302400.0,-0.023471910112359495,SHIB
low,-0.05138888832817401,0.010296934865900331,20629.0,1782388800.0,0.00929693486590033,SHIB
low,-0.010848096480595149,0.013226263580538689,20630.0,1782460800.0,0.012226263580538688,SHIB
high,-0.012243946027598263,-0.02316873391060148,20631.0,1782518400.0,0.02216873391060148,SHIB
low,0.03748099714765574,-0.0018993352326683866,20632.0,1782619200.0,-0.0028993352326683866,SHIB
high,0.055239566835891596,-0.015570532186846453,20633.0,1782734400.0,0.014570532186846452,SHIB
high,0.018590287664981053,0.013241901158666192,20635.0,1782864000.0,-0.014241901158666193,SHIB
high,-0.0019813353018991453,-0.0016336056009335076,20636.0,1782950400.0,0.0006336056009335076,SHIB
low,0.06760766717617805,0.025479195885928174,20637.0,1783036800.0,0.024479195885928173,SHIB
high,-0.0026434984598220357,0.02303306727480048,20637.0,1783080000.0,-0.02403306727480048,SHIB
high,0.03018060855237703,-0.027195720017833436,20638.0,1783166400.0,0.026195720017833435,SHIB
low,-0.026544107028197983,0.003454629203132109,20639.0,1783209600.0,0.002454629203132109,SHIB
low,0.0019510479049789087,-0.017676767676767624,20641.0,1783382400.0,-0.018676767676767625,SHIB
high,0.016057270460778872,-0.041844769403824644,20641.0,1783425600.0,0.04084476940382464,SHIB
low,-0.022967642533483934,0.004206590324842274,20642.0,1783468800.0,0.0032065903248422742,SHIB
high,0.006422099955802896,0.009210223347916102,20644.0,1783641600.0,-0.010210223347916103,SHIB
high,0.012472928124250382,-0.02099018936801278,20645.0,1783728000.0,0.01999018936801278,SHIB
low,-0.015302007835940601,-0.029207232267037586,20645.0,1783800000.0,-0.030207232267037587,SHIB
low,0.007464266581296508,-0.02024197301070252,20646.0,1783828800.0,-0.02124197301070252,SHIB
low,0.02915738848846261,-0.014496197718631199,20647.0,1783900800.0,-0.0154961977186312,SHIB
low,-0.00949758884605012,0.008732593816379364,20648.0,1784016000.0,0.007732593816379364,SHIB
high,-0.03908796071154719,0.0021398002853068032,20648.0,1784030400.0,-0.0031398002853068032,SHIB
high,-0.030442637280910012,-0.02116650987770452,20649.0,1784088000.0,0.02016650987770452,SHIB
low,0.00809123065631856,-0.007448342143200337,20650.0,1784174400.0,-0.008448342143200338,SHIB
low,0.025097840014532524,0.006051803437424397,20651.0,1784260800.0,0.005051803437424397,SHIB
high,0.011847331773308767,0.0,20652.0,1784332800.0,-0.001,SHIB
low,0.015008938141190864,0.002641690682036346,20653.0,1784419200.0,0.0016416906820363461,SHIB
high,-0.003695985619825093,0.026826347305389353,20654.0,1784505600.0,-0.027826347305389354,SHIB
high,-0.0025378786038325885,-0.012829484487987042,20655.0,1784592000.0,0.011829484487987041,SHIB
low,-0.004975880543628186,-0.0021266540642720377,20656.0,1784678400.0,-0.0031266540642720378,SHIB
low,0.006477418588423989,-0.015610217596972564,20657.0,1784779200.0,-0.016610217596972565,SHIB
high,-0.012192616165869086,0.3321403006442376,20659.0,1784937600.0,-0.3331403006442376,SHIB
high,0.2917157588352828,-0.06913845602722546,20660.0,1785024000.0,0.06813845602722546,SHIB
low,-0.008983294775231188,-0.10525303059457392,20661.0,1785110400.0,-0.10625303059457392,SHIB
low,-0.025335627268371574,-0.005161290322580614,20662.0,1785196800.0,-0.006161290322580614,SHIB
low,-0.0151284594866119,-0.00540423692174663,20663.0,1785283200.0,-0.00640423692174663,SHIB
high,-0.0064338297990509385,-0.014762516046213148,20663.0,1785312000.0,0.013762516046213147,SHIB
high,-0.023761163148059095,0.03158117846545139,20665.0,1785456000.0,-0.03258117846545139,SHIB
high,0.006833056853438935,0.028559687692623736,20666.0,1785542400.0,-0.029559687692623737,SHIB
low,-0.011607585638640727,0.023356758991318616,20668.0,1785715200.0,0.022356758991318615,SHIB
high,-0.014663277912370098,-0.0012038523274477964,20668.0,1785772800.0,0.00020385232744779633,SHIB
high,0.005839166873838009,-0.028378646556856513,20669.0,1785830400.0,0.027378646556856512,SHIB
low,-0.04454518960244924,-0.011489536315141491,20670.0,1785888000.0,-0.012489536315141492,SHIB
low,0.0035676975227745267,-0.04400166044001663,20671.0,1785974400.0,-0.04500166044001663,SHIB
low,0.017343776841826752,0.014546244029526756,20672.0,1786060800.0,0.013546244029526755,SHIB
high,-0.005085040934187268,-0.009007076989062779,20673.0,1786161600.0,0.008007076989062778,SHIB
low,0.0031153428041701403,0.021239705244906704,20674.0,1786233600.0,0.020239705244906703,SHIB
high,0.006940131191871313,-0.04026416702172986,20675.0,1786334400.0,0.03926416702172986,SHIB
low,-0.02812732169126908,-0.008442568318151489,20675.0,1786392000.0,-0.00944256831815149,SHIB
low,-0.012879834688238168,-0.007334963325183352,20676.0,1786406400.0,-0.008334963325183353,SHIB
low,-0.024399804272450698,0.0047329276538201626,20677.0,1786564800.0,0.0037329276538201625,SHIB
high,0.00874475712906908,0.003364737550471064,20678.0,1786593600.0,-0.004364737550471064,SHIB
low,-0.00039034744183907844,0.016543706684551518,20679.0,1786680000.0,0.015543706684551517,SHIB
high,0.007463417206138301,-0.006337412587412716,20679.0,1786708800.0,0.005337412587412716,SHIB
low,0.00010829432547221352,-0.0008902737591808263,20681.0,1786867200.0,-0.0018902737591808263,SHIB
low,-0.006802492930140458,-0.009801737580752867,20682.0,1786953600.0,-0.010801737580752868,SHIB
low,-0.010530583123602666,0.013196814562002501,20683.0,1787011200.0,0.0121968145620025,SHIB
high,-0.014689709792279348,0.08129350999326279,20684.0,1787097600.0,-0.08229350999326279,SHIB
high,0.043026774396123235,0.051584077985377785,20685.0,1787198400.0,-0.052584077985377786,SHIB
high,0.02577649014057859,0.09791021671826639,20686.0,1787270400.0,-0.09891021671826639,SHIB
high,-0.05919311635407942,-0.06556221360592174,20687.0,1787356800.0,0.06456221360592174,SHIB
low,-0.005563024264033656,0.018294983025273437,20688.0,1787443200.0,0.017294983025273436,SHIB
high,-0.01774051176053082,-0.03502371397300241,20690.0,1787616000.0,0.03402371397300241,SHIB
low,-0.040401620985504705,-0.004687792987061679,20690.0,1787688000.0,-0.005687792987061679,SHIB
low,-0.020587603538896437,0.042361510446616846,20691.0,1787745600.0,0.041361510446616845,SHIB
high,0.05660047721494044,-0.03889400921658992,20692.0,1787817600.0,0.03789400921658992,SHIB
low,-0.019162527620252834,-0.04121189311253304,20693.0,1787889600.0,-0.04221189311253304,SHIB
low,-6.147958506619311e-05,0.0003917727717923647,20694.0,1787961600.0,-0.0006082272282076353,SHIB
high,0.011476216545728724,-0.022999613451874845,20695.0,1788091200.0,0.021999613451874844,SHIB
low,-0.041451442123965676,0.021903624054161686,20695.0,1788120000.0,0.020903624054161685,SHIB
high,0.006954331748898701,-0.0003866228494102675,20697.0,1788220800.0,-0.0006133771505897325,SHIB
low,0.0030592585537214667,0.049556498264558435,20698.0,1788336000.0,0.048556498264558434,SHIB
high,0.008677354126486847,0.023099133782483294,20699.0,1788393600.0,-0.024099133782483295,SHIB
high,-0.0012105878646884172,0.010923902980929379,20701.0,1788580800.0,-0.01192390298092938,SHIB
high,-0.004400233671500109,-0.004400440044004306,20702.0,1788652800.0,0.0034004400440043056,SHIB
low,0.0007836112879198165,-0.014988119173825698,20703.0,1788782400.0,-0.0159881191738257,SHIB
low,-0.0009776209470364616,0.0038795492333270065,20704.0,1788840000.0,0.0028795492333270065,SHIB
high,0.006469770622703042,-0.019298571163481104,20704.0,1788868800.0,0.018298571163481103,SHIB
low,0.017779066668126564,-0.053286943783189766,20705.0,1788912000.0,-0.05428694378318977,SHIB
low,0.00047700839305853115,-0.015860735009671223,20706.0,1788998400.0,-0.016860735009671224,SHIB
high,-0.017922333359404075,0.021852639721523737,20707.0,1789128000.0,-0.022852639721523738,SHIB
high,0.018126000249677254,-0.03294249022892237,20708.0,1789185600.0,0.03194249022892237,SHIB
low,-0.0013604555644001204,0.010767160161507583,20709.0,1789286400.0,0.009767160161507582,SHIB
high,0.009889962713862888,-0.05598012991975543,20710.0,1789401600.0,0.05498012991975543,SHIB
low,-0.007852057572470095,-0.055274425846633,20711.0,1789430400.0,-0.056274425846633,SHIB
low,0.0025650541728012843,0.03934899052327978,20712.0,1789516800.0,0.03834899052327978,SHIB
high,0.006076653715361591,0.061645193260654096,20713.0,1789603200.0,-0.0626451932606541,SHIB
high,0.002240361557374282,0.0050410754294250015,20714.0,1789689600.0,-0.0060410754294250016,SHIB
high,0.04717511078420977,-0.01680672268907557,20715.0,1789819200.0,0.01580672268907557,SHIB
low,0.0015022530074364493,0.06423384844535462,20716.0,1789876800.0,0.06323384844535462,SHIB
high,-0.01095612775998367,0.06955898171387598,20717.0,1789948800.0,-0.07055898171387598,SHIB
high,0.041799813785921014,0.025645323499832395,20718.0,1790035200.0,-0.026645323499832396,SHIB
high,0.00276956707382614,-0.06226507599280928,20719.0,1790121600.0,0.06126507599280928,SHIB
low,-0.06541273589402219,0.041086102179349826,20719.0,1790164800.0,0.040086102179349825,SHIB
high,-0.030483675289808887,0.03211954654757809,20721.0,1790323200.0,-0.033119546547578094,SHIB
high,0.027285156045528502,-0.0010128291694800895,20722.0,1790424000.0,1.2829169480089476e-05,SHIB
low,0.013384594122316296,-0.0655,20723.0,1790467200.0,-0.0665,SHIB
low,-0.020714176468328516,0.02550383449259841,20724.0,1790553600.0,0.02450383449259841,SHIB
low,-0.0526912903246336,0.00469565217391299,20725.0,1790640000.0,0.0036956521739129897,SHIB
high,0.010759613227161458,0.0013712718546452507,20725.0,1790654400.0,-0.0023712718546452507,SHIB
low,-0.00872021275456003,-0.04712041884816742,20393.0,1762027200.0,-0.04812041884816742,XTZ
low,-0.005092851160120815,-0.05679862306368322,20394.0,1762041600.0,-0.05779862306368322,XTZ
low,0.008711610676188641,-0.06204379562043805,20395.0,1762128000.0,-0.06304379562043805,XTZ
low,-0.016253559213130875,-0.0018939393939394478,20396.0,1762228800.0,-0.002893939393939448,XTZ
high,-0.007730039079725248,0.11895910780669139,20397.0,1762344000.0,-0.11995910780669139,XTZ
high,0.4462302979245294,0.15614617940199338,20398.0,1762430400.0,-0.15714617940199338,XTZ
high,0.11027852285401529,0.07373271889400912,20399.0,1762473600.0,-0.07473271889400912,XTZ
high,-0.07923235342145485,-0.09565217391304337,20400.0,1762574400.0,0.09465217391304337,XTZ
low,-0.05269782426861935,0.02551834130781505,20401.0,1762646400.0,0.02451834130781505,XTZ
high,-0.014715070048135881,-0.04976671850699854,20402.0,1762732800.0,0.04876671850699854,XTZ
low,-0.02365119030726437,-0.027552674230145846,20403.0,1762833600.0,-0.028552674230145847,XTZ
low,0.0028092786634450473,0.0,20404.0,1762920000.0,-0.001,XTZ
low,-0.00373476449650445,-0.02116402116402094,20405.0,1763049600.0,-0.02216402116402094,XTZ
low,0.0018572132399605756,0.030088495575221197,20406.0,1763107200.0,0.029088495575221196,XTZ
high,0.0064367876617972275,-0.0034843205574912606,20407.0,1763164800.0,0.0024843205574912606,XTZ
low,0.007277814556886364,-0.012820512820512886,20408.0,1763280000.0,-0.013820512820512887,XTZ
low,0.015543430681554726,0.043893129770992356,20409.0,1763380800.0,0.042893129770992355,XTZ
low,0.0031650185575040624,-0.00974658869395717,20411.0,1763553600.0,-0.010746588693957171,XTZ
low,0.031093821049517745,-0.017751479289940808,20412.0,1763654400.0,-0.01875147928994081,XTZ
low,0.03185639187760869,0.012448132780082943,20413.0,1763697600.0,0.011448132780082942,XTZ
high,0.015610706303752941,0.032786885245901676,20415.0,1763913600.0,-0.03378688524590168,XTZ
low,-0.006297927428469907,0.0060975609756097615,20416.0,1763971200.0,0.0050975609756097615,XTZ
high,-0.005149034348024606,0.007936507936507908,20416.0,1764000000.0,-0.00893650793650791,XTZ
high,0.009877020244600354,0.013944223107569709,20417.0,1764100800.0,-0.01494422310756971,XTZ
high,0.004008388157881626,0.032128514056224855,20418.0,1764129600.0,-0.033128514056224856,XTZ
high,-0.010661789655699416,-0.021400778210116767,20419.0,1764216000.0,0.020400778210116766,XTZ
low,-0.013169243550414045,0.0059880239520957446,20420.0,1764288000.0,0.0049880239520957445,XTZ
low,0.00860965264864344,-0.01807228915662651,20421.0,1764403200.0,-0.01907228915662651,XTZ
low,0.009679269710974214,-0.059304703476482534,20422.0,1764489600.0,-0.060304703476482535,XTZ
low,0.05203410305865108,0.0021739130434783593,20423.0,1764547200.0,0.0011739130434783593,XTZ
high,-0.007353452718005693,0.024742268041237025,20424.0,1764676800.0,-0.025742268041237026,XTZ
high,-0.010806367598056088,0.01002004008016022,20425.0,1764720000.0,-0.01102004008016022,XTZ
high,-0.011904192046864326,-0.01388888888888895,20426.0,1764806400.0,0.01288888888888895,XTZ
low,-0.015174750488851418,-0.04024144869215296,20427.0,1764892800.0,-0.04124144869215296,XTZ
high,0.016815866327622553,0.012526096033403045,20429.0,1765065600.0,-0.013526096033403046,XTZ
low,-0.000471497230786766,0.008385744234800763,20429.0,1765094400.0,0.007385744234800763,XTZ
high,-0.01828339063698292,0.0,20430.0,1765166400.0,-0.001,XTZ
high,-0.005974791937676249,0.0,20431.0,1765281600.0,-0.001,XTZ
low,0.04185274342681411,0.008064516129032251,20433.0,1765411200.0,0.007064516129032251,XTZ
high,0.0576119410966065,-0.03762376237623766,20433.0,1765454400.0,0.036623762376237656,XTZ
low,-0.035731922726495724,0.030864197530864335,20434.0,1765540800.0,0.029864197530864334,XTZ
high,0.003374957406317547,-0.041916167664670656,20435.0,1765627200.0,0.040916167664670655,XTZ
low,-0.010753769748485076,-0.018292682926829285,20436.0,1765684800.0,-0.019292682926829285,XTZ
low,0.02009331851434859,0.0,20437.0,1765800000.0,-0.001,XTZ
low,0.005182099006870056,0.00439560439560438,20438.0,1765843200.0,0.00339560439560438,XTZ
low,0.038035821101569445,-0.008869179600886956,20439.0,1765958400.0,-0.009869179600886957,XTZ
low,-0.00023045586365266768,0.0022988505747125743,20440.0,1766016000.0,0.0012988505747125742,XTZ
high,0.0024248461510645303,-0.00666666666666671,20442.0,1766188800.0,0.00566666666666671,XTZ
low,0.025868093377065193,0.01839080459770126,20443.0,1766318400.0,0.01739080459770126,XTZ
high,-0.017376260282532696,-0.028761061946902644,20444.0,1766390400.0,0.027761061946902643,XTZ
low,0.002749010179389666,-0.01598173515981738,20445.0,1766462400.0,-0.01698173515981738,XTZ
low,0.004575420189309565,0.04872389791183296,20446.0,1766548800.0,0.04772389791183296,XTZ
high,-0.00665104154752405,-0.023809523809523836,20446.0,1766606400.0,0.022809523809523835,XTZ
high,0.0023765546851743924,-0.032467532467532534,20447.0,1766620800.0,0.03146753246753253,XTZ
high,0.1189357680109484,0.006302521008403339,20448.0,1766750400.0,-0.007302521008403339,XTZ
high,-0.024910080734938056,0.022964509394572064,20449.0,1766836800.0,-0.023964509394572064,XTZ
high,-0.011925387877676163,0.026369168356997985,20450.0,1766880000.0,-0.027369168356997986,XTZ
high,-0.030349902507365245,-0.006000000000000005,20451.0,1766980800.0,0.005000000000000005,XTZ
low,-0.006300565571580208,0.04081632653061229,20452.0,1767052800.0,0.03981632653061229,XTZ
high,-0.011662164929766572,-0.040307101727447225,20452.0,1767096000.0,0.039307101727447225,XTZ
low,-0.006779666098784887,0.03073770491803285,20454.0,1767225600.0,0.029737704918032848,XTZ
high,-0.008073837802479722,0.05367793240556673,20455.0,1767312000.0,-0.05467793240556673,XTZ
high,0.012644684886231161,0.04150943396226414,20456.0,1767398400.0,-0.04250943396226414,XTZ
high,-0.0018382649127368644,-0.019927536231884035,20457.0,1767484800.0,0.018927536231884035,XTZ
low,-0.015540619191786176,0.07235621521335789,20458.0,1767585600.0,0.07135621521335789,XTZ
high,-0.005199283541222233,0.07168458781361986,20458.0,1767628800.0,-0.07268458781361986,XTZ
high,-0.0006248412030591677,0.0174825174825175,20459.0,1767657600.0,-0.018482517482517502,XTZ
low,0.009882166257590752,0.03362831858407089,20460.0,1767787200.0,0.03262831858407089,XTZ
low,-0.020962383987553457,0.04667863554757612,20461.0,1767830400.0,0.04567863554757612,XTZ
high,0.021823316882393806,-0.006837606837606813,20461.0,1767888000.0,0.005837606837606813,XTZ
high,-0.0011664850804886662,0.010291595197255532,20462.0,1767916800.0,-0.011291595197255533,XTZ
high,0.010499500538149409,-0.015437392795883409,20463.0,1768032000.0,0.014437392795883408,XTZ
low,-0.011100759614064426,-0.02086956521739136,20464.0,1768089600.0,-0.021869565217391362,XTZ
low,0.01192691566391324,0.01773049645390068,20465.0,1768190400.0,0.01673049645390068,XTZ
high,-0.007797879408153241,-0.008532423208191142,20466.0,1768305600.0,0.007532423208191142,XTZ
low,0.028540224758216715,0.016891891891891886,20468.0,1768435200.0,0.015891891891891885,XTZ
high,0.027414207877360486,0.038655462184874034,20469.0,1768536000.0,-0.039655462184874035,XTZ
low,0.007563411274703391,0.037234042553191626,20471.0,1768766400.0,0.036234042553191625,XTZ
low,0.014012456375778193,0.014184397163120588,20472.0,1768780800.0,0.013184397163120587,XTZ
high,0.007158077056896639,-0.09344262295081962,20472.0,1768838400.0,0.09244262295081962,XTZ
low,-0.019612571796039924,0.07233273056057854,20473.0,1768924800.0,0.07133273056057854,XTZ
high,0.045361101073919885,-0.006688963210702337,20474.0,1768953600.0,0.005688963210702337,XTZ
low,-0.03803254899834407,0.01739130434782621,20475.0,1769083200.0,0.016391304347826208,XTZ
low,-0.043688964425317,-0.005172413793103403,20477.0,1769212800.0,-0.006172413793103403,XTZ
low,0.041100502591643995,0.007130124777183333,20478.0,1769356800.0,0.006130124777183333,XTZ
low,0.024440828152104688,0.0053859964093356805,20480.0,1769472000.0,0.0043859964093356804,XTZ
low,0.019429385876604144,-0.0627306273062731,20481.0,1769601600.0,-0.0637306273062731,XTZ
low,0.013974246247036026,-0.038535645472061675,20482.0,1769644800.0,-0.039535645472061676,XTZ
low,-0.018923448735274073,0.0,20483.0,1769731200.0,-0.001,XTZ
low,-0.038007999191697284,-0.025531914893616947,20484.0,1769846400.0,-0.026531914893616948,XTZ
high,0.007996402937654468,-0.008385744234800874,20486.0,1770033600.0,0.007385744234800874,XTZ
high,0.003410908797573553,-0.008230452674897082,20487.0,1770076800.0,0.007230452674897082,XTZ
low,-0.0029658733724267083,-0.14135021097046419,20488.0,1770206400.0,-0.14235021097046419,XTZ
low,-0.00339561687003187,-0.09846827133479219,20489.0,1770249600.0,-0.09946827133479219,XTZ
high,-0.03293554446092617,-0.02631578947368418,20492.0,1770508800.0,0.02531578947368418,XTZ
low,0.031070089904665643,0.0025062656641603454,20493.0,1770609600.0,0.0015062656641603453,XTZ
low,0.037863557268293935,0.04909560723514206,20495.0,1770768000.0,0.04809560723514206,XTZ
high,-0.003779628097582033,-0.019704433497536922,20496.0,1770854400.0,0.01870443349753692,XTZ
high,0.0014546518338987013,0.009638554216867545,20498.0,1771027200.0,-0.010638554216867546,XTZ
low,0.011937404172177146,0.0076142131979695105,20499.0,1771156800.0,0.0066142131979695104,XTZ
low,0.0072384977106940696,0.010126582278481067,20501.0,1771286400.0,0.009126582278481066,XTZ
high,0.0025207860166123197,-0.03508771929824561,20502.0,1771372800.0,0.03408771929824561,XTZ
low,0.015526484693432652,-0.007792207792207795,20502.0,1771430400.0,-0.008792207792207796,XTZ
low,0.008398391913255976,0.04266666666666663,20503.0,1771488000.0,0.04166666666666663,XTZ
high,-0.01807849290794905,0.0,20504.0,1771588800.0,-0.001,XTZ
high,-0.009701944744081703,-0.04040404040404044,20505.0,1771646400.0,0.03940404040404044,XTZ
low,0.012733772749172312,-0.04166666666666674,20506.0,1771718400.0,-0.04266666666666674,XTZ
low,0.0030223629735790514,-0.005434782608695676,20507.0,1771804800.0,-0.006434782608695676,XTZ
high,-0.003615588250839852,0.05898123324396787,20509.0,1771977600.0,-0.05998123324396787,XTZ
high,0.016801752069562914,-0.08184143222506401,20511.0,1772164800.0,0.08084143222506401,XTZ
low,0.00793534392141293,-0.023560209424083767,20511.0,1772193600.0,-0.024560209424083768,XTZ
low,0.009390539354169114,0.07756232686980624,20512.0,1772236800.0,0.07656232686980624,XTZ
high,0.12338227411721747,-0.046272493573264795,20513.0,1772323200.0,0.045272493573264794,XTZ
low,0.026995027926035364,0.05121293800539095,20515.0,1772524800.0,0.05021293800539095,XTZ
high,-0.01810553944334381,-0.025510204081632626,20516.0,1772625600.0,0.024510204081632625,XTZ
high,0.011653929900844462,-0.04404145077720212,20518.0,1772755200.0,0.04304145077720212,XTZ
low,-0.0047271166379186935,-0.00544959128065392,20518.0,1772784000.0,-0.00644959128065392,XTZ
low,0.007702164767018793,-0.005479452054794498,20519.0,1772870400.0,-0.006479452054794498,XTZ
low,-0.023615160562133197,0.011049723756906049,20520.0,1772928000.0,0.010049723756906048,XTZ
high,-0.006191878738501799,-0.019073569482288888,20521.0,1773057600.0,0.018073569482288887,XTZ
high,-0.019208352146859342,0.019178082191780854,20525.0,1773360000.0,-0.020178082191780855,XTZ
high,-0.006132516576080049,0.04774535809018565,20527.0,1773532800.0,-0.04874535809018565,XTZ
high,-0.009714203818379286,-0.005063291139240533,20528.0,1773619200.0,0.004063291139240533,XTZ
high,0.025678418253597846,-0.040100250626566414,20529.0,1773734400.0,0.03910025062656641,XTZ
low,0.026847833520334152,0.005221932114882533,20530.0,1773820800.0,0.004221932114882533,XTZ
high,-0.02434140785534844,0.007556675062972307,20532.0,1773964800.0,-0.008556675062972308,XTZ
low,-0.006456507928841226,-0.02051282051282055,20533.0,1774123200.0,-0.021512820512820552,XTZ
low,0.013570490140158098,0.018421052631578894,20534.0,1774152000.0,0.017421052631578893,XTZ
high,0.00031388468768556166,0.002538071065989911,20535.0,1774296000.0,-0.003538071065989911,XTZ
high,-0.001857494434720941,-0.010075566750629705,20536.0,1774310400.0,0.009075566750629704,XTZ
low,0.0010084509951922005,-0.055979643765903364,20537.0,1774411200.0,-0.056979643765903365,XTZ
low,0.00590756875073839,-0.01326259946949604,20538.0,1774483200.0,-0.01426259946949604,XTZ
low,0.01747382787764673,-0.019444444444444486,20539.0,1774598400.0,-0.020444444444444487,XTZ
low,0.012567453375009308,-0.014492753623188248,20540.0,1774713600.0,-0.015492753623188249,XTZ
low,0.006163300423754237,0.01744186046511631,20541.0,1774742400.0,0.01644186046511631,XTZ
high,-0.0005381878495044345,-0.0028571428571428914,20542.0,1774828800.0,0.0018571428571428914,XTZ
low,0.009641518850771913,0.02005730659025784,20543.0,1774915200.0,0.01905730659025784,XTZ
high,-0.00677442956042229,0.0,20543.0,1774972800.0,-0.001,XTZ
high,-0.004546911026265366,-0.03932584269662909,20544.0,1775016000.0,0.03832584269662909,XTZ
low,-0.023960405574407595,0.01449275362318847,20545.0,1775088000.0,0.01349275362318847,XTZ
high,0.0020552689088007003,-0.011428571428571455,20546.0,1775174400.0,0.010428571428571454,XTZ
low,0.022962986700348242,-0.01734104046242757,20547.0,1775260800.0,-0.01834104046242757,XTZ
low,0.00688368405000328,0.0352941176470587,20548.0,1775347200.0,0.0342941176470587,XTZ
high,-0.029277331543216767,-0.03124999999999989,20549.0,1775433600.0,0.030249999999999888,XTZ
low,-1.944673346765402e-05,0.04985337243401755,20550.0,1775548800.0,0.04885337243401755,XTZ
high,-0.0040877218703926355,-0.0357142857142857,20550.0,1775592000.0,0.0347142857142857,XTZ
high,-0.01731672149893393,-0.030303030303030276,20551.0,1775606400.0,0.029303030303030275,XTZ
low,0.015718694452644844,0.0028409090909091717,20552.0,1775692800.0,0.0018409090909091716,XTZ
high,-0.007915887862948834,-0.013812154696132617,20553.0,1775822400.0,0.012812154696132616,XTZ
low,-0.0074325634677996355,-0.02832861189801683,20554.0,1775880000.0,-0.029328611898016832,XTZ
low,-0.007820836129087128,-0.01159420289855062,20555.0,1775952000.0,-0.012594202898550622,XTZ
high,-0.03375953345956728,0.023460410557184508,20556.0,1776038400.0,-0.02446041055718451,XTZ
low,0.050455012711693836,-0.005780346820809301,20556.0,1776081600.0,-0.006780346820809301,XTZ
low,-0.001230704614756828,0.0401146131805159,20558.0,1776225600.0,0.0391146131805159,XTZ
high,-0.001108861146343565,0.04444444444444451,20558.0,1776268800.0,-0.04544444444444451,XTZ
high,-0.014158756181452015,0.024657534246575352,20559.0,1776297600.0,-0.025657534246575353,XTZ
high,-0.03539247346844465,-0.046875,20560.0,1776427200.0,0.045875,XTZ
low,-0.006433444752735218,-0.01897018970189701,20561.0,1776499200.0,-0.019970189701897012,XTZ
low,0.006192549175949802,0.0,20562.0,1776556800.0,-0.001,XTZ
high,0.009258616744266757,0.0,20563.0,1776672000.0,-0.001,XTZ
high,-0.0033035964944989615,-0.007482629609834257,20565.0,1776816000.0,0.006482629609834257,XTZ
low,0.053852402596025195,-0.006151377373629363,20566.0,1776960000.0,-0.007151377373629363,XTZ
high,-0.01737808514119621,-0.017016750864131902,20567.0,1777003200.0,0.0160167508641319,XTZ
low,-0.007545902341156929,-0.004580975478307714,20568.0,1777075200.0,-0.005580975478307714,XTZ
high,0.005875733100926039,0.08227498619547213,20570.0,1777248000.0,-0.08327498619547213,XTZ
low,0.026185531518623018,0.06040816326530618,20570.0,1777262400.0,0.05940816326530618,XTZ
high,0.028413346577552456,-0.028061224489795977,20571.0,1777334400.0,0.027061224489795976,XTZ
low,-0.005240195348756527,-0.027660695468914698,20572.0,1777435200.0,-0.0286606954689147,XTZ
low,-0.010900096039400897,0.00273972602739736,20573.0,1777564800.0,0.00173972602739736,XTZ
low,0.011838686830701661,-0.006560962274467008,20575.0,1777680000.0,-0.007560962274467008,XTZ
low,0.013304193035415857,-0.007715624138881272,20576.0,1777780800.0,-0.008715624138881273,XTZ
high,-0.01011548863268008,0.01150054764512598,20577.0,1777852800.0,-0.012500547645125981,XTZ
low,-0.009573714249854315,0.01957001102535827,20577.0,1777881600.0,0.01857001102535827,XTZ
high,0.01265611278832024,0.02216880341880345,20578.0,1777996800.0,-0.023168803418803452,XTZ
high,-0.01972567811647563,0.003694906307732948,20579.0,1778025600.0,-0.004694906307732948,XTZ
low,-0.00612969208770997,-0.009466210886142634,20580.0,1778112000.0,-0.010466210886142635,XTZ
high,-0.005127676492600264,0.006480041472265441,20581.0,1778227200.0,-0.007480041472265441,XTZ
high,0.0067249141276355395,-0.013709063214013661,20582.0,1778284800.0,0.01270906321401366,XTZ
low,0.0079437132773994,0.018275418275418343,20583.0,1778371200.0,0.01727541827541834,XTZ
high,0.005678186225085868,-0.008750000000000036,20583.0,1778428800.0,0.0077500000000000355,XTZ
low,0.010033479833948755,-0.004373552868536135,20585.0,1778544000.0,-0.005373552868536135,XTZ
low,-0.00685327680014991,0.018429487179487003,20586.0,1778673600.0,0.017429487179487002,XTZ
low,0.005116743317138406,-0.04033746374901148,20587.0,1778745600.0,-0.04133746374901148,XTZ
low,-0.0036940906960095665,-0.013476347634763353,20588.0,1778846400.0,-0.014476347634763354,XTZ
low,-0.02213879846506006,-0.008155230596175511,20589.0,1778904000.0,-0.009155230596175512,XTZ
low,0.010946031705041603,-0.038494197565808075,20590.0,1778976000.0,-0.039494197565808076,XTZ
low,0.00573445921495197,0.007359434795407793,20591.0,1779062400.0,0.006359434795407793,XTZ
low,-0.0025317295475832946,0.019748653500897717,20592.0,1779177600.0,0.018748653500897716,XTZ
high,0.0109875485434896,0.0083790811904072,20594.0,1779321600.0,-0.009379081190407201,XTZ
low,0.017623399671326645,0.03290457672749025,20595.0,1779465600.0,0.03190457672749025,XTZ
low,-0.0031277137846061898,0.027669172932330843,20596.0,1779508800.0,0.026669172932330842,XTZ
low,0.0030471381756089766,-0.025928108426635177,20598.0,1779696000.0,-0.026928108426635178,XTZ
low,0.007583184401499299,-0.003018412315122232,20599.0,1779753600.0,-0.004018412315122232,XTZ
low,-0.012197085852322043,-0.06660611565243713,20600.0,1779840000.0,-0.06760611565243713,XTZ
low,0.016558941304029462,0.0019461563412259686,20601.0,1779926400.0,0.0009461563412259686,XTZ
high,-0.005593053357267785,0.03528650048559401,20602.0,1780012800.0,-0.03628650048559401,XTZ
low,-0.019721357962507624,0.05559189012426402,20602.0,1780041600.0,0.05459189012426402,XTZ
high,0.01809350467088411,0.03345841150719209,20603.0,1780099200.0,-0.03445841150719209,XTZ
high,0.07465554591125056,-0.0465960665658095,20604.0,1780185600.0,0.0455960665658095,XTZ
low,-0.028331986515844898,-0.009838146620120614,20605.0,1780272000.0,-0.010838146620120614,XTZ
low,0.003736964057822645,-0.024944035817076937,20606.0,1780372800.0,-0.025944035817076938,XTZ
low,-0.011996033615213841,-0.08832188420019638,20607.0,1780444800.0,-0.08932188420019638,XTZ
low,-0.01968948010468885,-0.060279870828848114,20608.0,1780531200.0,-0.061279870828848115,XTZ
low,0.008391212239990065,-0.0817105765559375,20609.0,1780617600.0,-0.0827105765559375,XTZ
low,0.018156771788839343,0.0390852390852392,20610.0,1780704000.0,0.0380852390852392,XTZ
high,-0.004220484915294809,-0.02601040416166467,20611.0,1780790400.0,0.025010404161664668,XTZ
low,-0.0032179706892839777,0.0020358306188925646,20611.0,1780848000.0,0.0010358306188925645,XTZ
low,0.002575746206692875,-0.03770491803278686,20613.0,1780963200.0,-0.03870491803278686,XTZ
low,0.008083276445657095,-0.00042589437819429143,20614.0,1781049600.0,-0.0014258943781942915,XTZ
low,-0.0438190990528482,0.011158798283261717,20616.0,1781222400.0,0.010158798283261716,XTZ
high,0.018993588110267412,-0.03384872544922701,20617.0,1781323200.0,0.03284872544922701,XTZ
low,0.030322543236739996,0.044550173010380556,20618.0,1781409600.0,0.043550173010380555,XTZ
high,-0.021401672850787756,0.018510727808161542,20619.0,1781481600.0,-0.019510727808161543,XTZ
high,0.006842726066407012,-0.036231884057971064,20621.0,1781654400.0,0.035231884057971063,XTZ
low,0.018021880394670786,-0.04895104895104907,20621.0,1781712000.0,-0.04995104895104907,XTZ
low,0.0034950838507532556,-0.03841283241874205,20622.0,1781755200.0,-0.03941283241874205,XTZ
high,-0.008533487722600208,0.008970525416488684,20623.0,1781899200.0,-0.009970525416488685,XTZ
low,-0.022620476637716158,-0.010304851867754317,20625.0,1782072000.0,-0.011304851867754317,XTZ
low,-0.011762722362854583,-0.04945770065075927,20626.0,1782158400.0,-0.050457700650759274,XTZ
low,-0.00012823561261920968,0.0077307867212368375,20627.0,1782187200.0,0.0067307867212368375,XTZ
low,0.0051439004023960955,-0.02362562471603813,20628.0,1782259200.0,-0.02462562471603813,XTZ
low,-0.0289920760260034,0.039767216294859464,20629.0,1782388800.0,0.03876721629485946,XTZ
high,0.005252885728613377,-0.004197761194029925,20630.0,1782475200.0,0.0031977611940299253,XTZ
high,-0.004933236673127173,-0.024932003626473187,20631.0,1782518400.0,0.023932003626473186,XTZ
low,-0.006741245447763666,-0.0014265335235378318,20632.0,1782662400.0,-0.002426533523537832,XTZ
low,-0.0025409550776912537,-0.024597918637653815,20633.0,1782734400.0,-0.025597918637653816,XTZ
low,0.0048610282990799725,0.0009694619486184664,20634.0,1782777600.0,-3.053805138153367e-05,XTZ
high,-0.018498196701399516,0.02587446094873025,20635.0,1782907200.0,-0.02687446094873025,XTZ
high,-0.007499221526190425,0.02561714019562178,20636.0,1782950400.0,-0.02661714019562178,XTZ
high,0.021348411714820603,0.08810172570390562,20637.0,1783036800.0,-0.08910172570390562,XTZ
high,0.11408986553857492,0.00568412505075111,20639.0,1783224000.0,-0.00668412505075111,XTZ
low,-0.014371545328942581,0.031211498973305885,20641.0,1783382400.0,0.030211498973305884,XTZ
high,-0.0030471330195465107,-0.05372549019607853,20641.0,1783440000.0,0.05272549019607853,XTZ
high,-0.002952528223161832,-0.04938271604938271,20642.0,1783468800.0,0.04838271604938271,XTZ
low,0.016670362345356127,0.0021008403361344463,20642.0,1783540800.0,0.0011008403361344463,XTZ
low,0.024539475246451836,0.0008378718056136769,20643.0,1783555200.0,-0.0001621281943863231,XTZ
low,0.006831735536156458,-0.002121340687314399,20644.0,1783684800.0,-0.003121340687314399,XTZ
low,0.0219627644629925,-0.027210884353741416,20645.0,1783742400.0,-0.028210884353741417,XTZ
low,0.003266221854777207,-0.013111888111888126,20646.0,1783828800.0,-0.014111888111888127,XTZ
low,0.008408007591536704,0.0017809439002671734,20647.0,1783900800.0,0.0007809439002671734,XTZ
high,-0.015458520209406967,-0.026304441569642067,20648.0,1784030400.0,0.025304441569642067,XTZ
high,0.03207488016587101,-0.05670995670995671,20650.0,1784160000.0,0.05570995670995671,XTZ
low,0.003342049066817676,0.008174386920980936,20650.0,1784217600.0,0.007174386920980936,XTZ
low,-0.0038265065362784734,0.01698026617714543,20651.0,1784246400.0,0.01598026617714543,XTZ
high,0.02582986440594337,-0.02333773667987671,20652.0,1784404800.0,0.022337736679876707,XTZ
high,0.02260055997579591,-0.011607142857142816,20653.0,1784419200.0,0.010607142857142815,XTZ
low,0.002355011163698073,0.03613369467027994,20654.0,1784505600.0,0.035133694670279936,XTZ
high,-0.011636695390060847,-0.011811023622047334,20654.0,1784577600.0,0.010811023622047333,XTZ
high,-0.010402430557431175,-0.023103748910200506,20655.0,1784592000.0,0.022103748910200505,XTZ
low,-0.010966498329400443,0.007585899152164233,20656.0,1784678400.0,0.006585899152164233,XTZ
high,0.010158263089311559,0.001761338617349173,20657.0,1784808000.0,-0.002761338617349173,XTZ
low,-0.00436050002720989,0.012957998212689947,20659.0,1784937600.0,0.011957998212689946,XTZ
high,-0.022224578787657157,-0.026466696074106788,20660.0,1785024000.0,0.025466696074106787,XTZ
low,0.0052958650161973875,-0.07130044843049321,20660.0,1785081600.0,-0.07230044843049321,XTZ
low,0.0026653323509000515,-0.06672760511883002,20661.0,1785124800.0,-0.06772760511883003,XTZ
low,-0.017350002944367282,0.0,20662.0,1785196800.0,-0.001,XTZ
low,-0.012660403100256401,0.006869479882237517,20663.0,1785340800.0,0.005869479882237517,XTZ
low,0.004917528698761275,-0.011770475723393736,20665.0,1785456000.0,-0.012770475723393737,XTZ
low,-0.0004444123584685933,0.007052896725440627,20666.0,1785600000.0,0.006052896725440627,XTZ
low,0.009392306385940019,0.010131712259371817,20668.0,1785715200.0,0.009131712259371816,XTZ
high,-0.009400822214248872,-0.025403028822667206,20668.0,1785758400.0,0.024403028822667205,XTZ
low,0.01138815799791315,0.005547150781644028,20670.0,1785888000.0,0.004547150781644028,XTZ
high,0.0010738675970811684,0.0050327126321088045,20671.0,1785988800.0,-0.0060327126321088045,XTZ
high,0.012841212390315437,0.005896805896805857,20673.0,1786147200.0,-0.006896805896805857,XTZ
low,-0.015763385386949436,-0.021760633036597365,20675.0,1786320000.0,-0.022760633036597366,XTZ
low,0.006591317505512784,-0.009100101112234582,20676.0,1786420800.0,-0.010100101112234583,XTZ
low,0.008702104069504113,-0.0010183299389000533,20678.0,1786636800.0,-0.0020183299389000533,XTZ
high,-0.010214476658169769,0.0010167768174884628,20680.0,1786752000.0,-0.002016776817488463,XTZ
low,-0.0075783174761704375,-0.0015052684395383542,20681.0,1786910400.0,-0.0025052684395383542,XTZ
high,0.0034826621030517035,0.03444782168186422,20682.0,1786924800.0,-0.03544782168186422,XTZ
high,0.0014762529413676617,-0.007444168734491274,20683.0,1787025600.0,0.006444168734491274,XTZ
high,-0.010956430803837014,0.06618705035971217,20684.0,1787140800.0,-0.06718705035971217,XTZ
high,-0.00882465587478587,0.07107061503416867,20685.0,1787212800.0,-0.07207061503416867,XTZ
high,0.011739614622187311,0.024804177545691752,20686.0,1787284800.0,-0.025804177545691753,XTZ
high,0.08054690612464,-0.062264939406602715,20687.0,1787356800.0,0.061264939406602714,XTZ
low,0.027467705112955043,0.021390374331550888,20688.0,1787443200.0,0.020390374331550887,XTZ
low,0.019025547176195978,0.0026595744680852906,20690.0,1787688000.0,0.0016595744680852906,XTZ
low,0.0023227728515480273,0.040679481448368415,20691.0,1787745600.0,0.039679481448368414,XTZ
high,0.011778478208838816,-0.04702329594477994,20692.0,1787817600.0,0.04602329594477994,XTZ
low,-0.0035806400578187736,-0.03337783711615494,20693.0,1787889600.0,-0.03437783711615494,XTZ
low,-0.006443594632740468,-0.004559963520291865,20694.0,1787990400.0,-0.005559963520291865,XTZ
low,-0.019712878640089082,0.01226415094339628,20695.0,1788120000.0,0.011264150943396278,XTZ
high,-0.003707135957078833,-0.008275862068965467,20697.0,1788220800.0,0.007275862068965467,XTZ
high,0.015567013459020895,0.05555555555555536,20699.0,1788408000.0,-0.05655555555555536,XTZ
high,0.016818607863294366,-0.007702182284980763,20700.0,1788494400.0,0.006702182284980763,XTZ
high,0.007375394415619851,0.008389261744966348,20701.0,1788624000.0,-0.009389261744966348,XTZ
high,-0.006147181592476292,-0.008449514152936266,20702.0,1788681600.0,0.007449514152936266,XTZ
low,0.00662170883965385,-0.008010118043844772,20703.0,1788739200.0,-0.009010118043844773,XTZ
high,-0.0004768278606779308,0.0789256198347108,20704.0,1788868800.0,-0.0799256198347108,XTZ
high,-0.005062677214942801,0.015365952284674522,20705.0,1788912000.0,-0.016365952284674523,XTZ
high,-0.01022551507245284,-0.001946282600233551,20707.0,1789084800.0,0.0009462826002335509,XTZ
low,-0.011717332969201633,-0.005863956215793609,20707.0,1789113600.0,-0.006863956215793609,XTZ
high,-0.059051180741377385,0.02848686644469134,20709.0,1789257600.0,-0.02948686644469134,XTZ
low,-0.017923828654088036,-0.0659003831417625,20711.0,1789430400.0,-0.0669003831417625,XTZ
low,0.023360042841716,0.018047579983593076,20712.0,1789516800.0,0.017047579983593075,XTZ
high,0.027070356059950562,0.27841781874039917,20713.0,1789675200.0,-0.27941781874039917,XTZ
high,0.00608960297617589,0.2951739618406286,20714.0,1789689600.0,-0.2961739618406286,XTZ
high,0.48272826342421493,-0.004043905257076874,20715.0,1789776000.0,0.003043905257076874,XTZ
low,-0.03906172771261418,-0.032295271049596286,20717.0,1789963200.0,-0.03329527104959629,XTZ
high,0.0009577510316030047,0.022693781314470973,20717.0,1790006400.0,-0.023693781314470974,XTZ
low,0.004806226237150213,-0.005363528009535212,20718.0,1790049600.0,-0.006363528009535212,XTZ
low,0.03847485509888848,0.008602150537634357,20719.0,1790150400.0,0.0076021505376343565,XTZ
low,-0.01685453004029447,0.010132023334356921,20720.0,1790208000.0,0.00913202333435692,XTZ
high,0.04101625007054488,0.024218270999387004,20721.0,1790323200.0,-0.025218270999387005,XTZ
low,0.001955664126415124,-0.06487148102815177,20723.0,1790467200.0,-0.06587148102815177,XTZ
low,-0.01945258088176849,0.030104712041884918,20724.0,1790553600.0,0.029104712041884917,XTZ
high,-0.012492708309679745,-0.025308641975308577,20725.0,1790654400.0,0.024308641975308576,XTZ
