t,coin,price,volume_24h,market_cap
1759363200,AAVE,286.53129616277505,430294904.9254971,4362764811.172639
1759363200,ADA,0.8506205844722313,1707660629.0794349,31051978575.87017
1759363200,AVAX,30.708415089342928,1001456163.5103432,12958503904.941584
1759363200,BCH,592.6974115409502,443267439.6170232,11816575575.075851
1759363200,BTC,118930.95511416093,71115681447.90572,2362725829233.926
1759363200,DOGE,0.2490560968943271,2901896708.4227037,37515190223.16935
1759363200,DOT,4.125218605375087,263599540.95712757,6272998336.71723
1759363200,ETH,4354.37875727111,43093556980.63828,524323391189.31995
1759363200,HBAR,0.2243622835879588,274751180.3493127,9510275761.99033
1759363200,LINK,22.581017254459905,863135690.9175329,15308567059.088842
1759363200,LTC,115.29131171732097,839508436.4448407,8790757308.99361
1759363200,SHIB,1.2389270766467015e-05,202933873.17628524,7295096860.97246
1759363200,SOL,221.87788206611364,8557349874.011452,120581311040.91992
1759363200,XLM,0.3987387160632492,344424856.61424494,12700616671.194706
1759363200,XRP,2.9482580178056854,6162610715.415721,176432898469.9076
1759363200,XTZ,0.7028711793685156,26210163.24146227,744824720.6763716
1759449600,AAVE,288.9252403267835,444216738.9676673,4406999566.084447
1759449600,ADA,0.8706696157136018,1317272254.6489854,31781925609.003624
1759449600,AVAX,30.973536487522683,1571041092.1766174,13091475835.830584
1759449600,BCH,594.563312384433,387949645.86463904,11860517381.064192
1759449600,BTC,120514.57785586917,70708858533.94963,2404248760305.848
1759449600,DOGE,0.2618052392244106,3232133552.4700594,39577059946.10672
1759449600,DOT,4.308719775253013,338108818.05786055,6558364080.477824
1759449600,ETH,4484.180377056455,44246030007.49464,541331048609.44464
1759449600,HBAR,0.22754496675031816,244255047.79645988,9639604975.723385
1759449600,LINK,22.783673141897843,982482542.0378788,15447381673.939953
1759449600,LTC,119.49885078194104,1474784394.9806314,9137052559.757004
1759449600,SHIB,1.2644166252183852e-05,218082274.96058625,7447989179.3239155
1759449600,SOL,234.78399661993015,9869215902.65052,127563264324.789
1759449600,XLM,0.4085298916917513,428810019.2280284,13043407211.320827
1759449600,XRP,3.0389378149764874,6871874858.715395,181880489288.8359
1759449600,XTZ,0.7119188659635473,25816094.522923533,754777197.5614563
1759536000,AAVE,290.9123483914483,467184167.26195264,4435307680.746795
1759536000,ADA,0.866743034832648,1672996078.339199,31658813391.337524
1759536000,AVAX,31.368161439331377,1162384745.6197426,13245363524.902931
1759536000,BCH,609.1755090375376,341976512.4882662,12149552964.625452
1759536000,BTC,122294.92441742844,82671538752.18507,2437130562668.8506
1759536000,DOGE,0.2585309554573205,3156877380.9451785,39107401571.22967
1759536000,DOT,4.321666854983278,299414308.145051,6578303284.6074
1759536000,ETH,4514.148616548543,45756049478.05154,544868897938.4474
1759536000,HBAR,0.2255457800546712,245206112.4385686,9554555015.997925
1759536000,LINK,22.529680612981487,994240538.1481616,15283729013.751455
1759536000,LTC,120.68956394480932,1114733862.9878986,9203450014.958263
1759536000,SHIB,1.2666682580291616e-05,225016307.81606007,7465075836.87075
1759536000,SOL,233.04397396283912,9392167648.149923,127073891407.65285
1759536000,XLM,0.4067798997066332,347934931.3261107,13012638947.218843
1759536000,XRP,3.0420483759329757,6638696983.838011,182103135500.44937
1759536000,XTZ,0.7193209975295565,23431556.423865966,763119717.638298
1759622400,AAVE,283.1951732344773,266143847.66892585,4318703341.660199
1759622400,ADA,0.8401157008656936,1185147634.733076,30680170493.961136
1759622400,AVAX,30.131930243125822,671003027.4790326,12727385224.843328
1759622400,BCH,590.2635401048137,206294058.5476916,11770007637.889496
1759622400,BTC,122428.89063350527,34849439420.54489,2438832157552.7866
1759622400,DOGE,0.2509778301220705,1973120441.372784,37942607537.82729
1759622400,DOT,4.198089353376352,212263409.53092128,6394903856.501155
1759622400,ETH,4488.802917459776,20425604688.928185,541611848322.7991
1759622400,HBAR,0.21715189640426605,191087808.64204144,9206394048.7555
1759622400,LINK,22.02904933473609,630272892.8149021,14939820783.828505
1759622400,LTC,120.49831687971734,512538716.1755076,9196556151.95988
1759622400,SHIB,1.2376815986732312e-05,141337861.27394983,7294780822.959192
1759622400,SOL,228.00950694210047,4566726556.261829,124310880122.60092
1759622400,XLM,0.39405795174741054,187579017.57251263,12600935739.870584
1759622400,XRP,2.9693592464231773,3834271650.95607,177802651636.65665
1759622400,XTZ,0.6930233545847976,18551257.730294816,734783784.6252612
1759708800,AAVE,285.67631826317063,385106288.4730397,4359106037.579157
1759708800,ADA,0.8370741437274202,1566752920.7720938,30598868824.120712
1759708800,AVAX,30.047155988830156,791423139.0924844,12677428906.67558
1759708800,BCH,594.2893009253977,270048163.5572808,11845733089.249569
1759708800,BTC,123488.7305970136,72019647929.19965,2461262484402.037
1759708800,DOGE,0.25277580633606306,3112105154.001317,38250133425.26849
1759708800,DOT,4.133274579337615,271690726.37260264,6297408525.363615
1759708800,ETH,4513.31014835462,40101083291.83619,544967202194.44385
1759708800,HBAR,0.21632922420354045,246283341.101413,9174210183.743135
1759708800,LINK,21.99498410885737,868451649.3919268,14925046546.215876
1759708800,LTC,118.79901743640298,809410108.9025542,9076927609.1403
1759708800,SHIB,1.2455644657191082e-05,295697052.091754,7340459266.610985
1759708800,SOL,228.51623325831756,7090859671.854522,124636724973.72264
1759708800,XLM,0.39607853057674025,282684325.40472376,12670469658.429075
1759708800,XRP,2.968622326576146,5141987723.643419,177736465453.97083
1759708800,XTZ,0.713608727734692,46824467.003236406,757769120.8249768
1759795200,AAVE,297.5970961340708,404380012.18172646,4535401569.678666
1759795200,ADA,0.8744061309265566,1788064231.754473,31894296354.690823
1759795200,AVAX,30.681434322283177,818806817.3612376,12956572402.095688
1759795200,BCH,599.5640952904728,208189789.9530789,11946589150.329374
1759795200,BTC,124739.81088811433,69590622748.93546,2486786743153.339
1759795200,DOGE,0.26681340618181265,3731168729.1396303,40306148502.31912
1759795200,DOT,4.408736803989746,363898986.5945068,6687078410.027898
1759795200,ETH,4690.837856263482,40587548780.66794,566222103249.5619
1759795200,HBAR,0.2307313409965538,338430517.7841335,9764799338.279654
1759795200,LINK,23.457256881766217,1242627317.3448906,15869044298.816383
1759795200,LTC,118.30848189401782,685634485.1613003,9035561474.63427
1759795200,SHIB,1.2875716473785672e-05,203928327.63917312,7573837917.160864
1759795200,SOL,232.63341831761747,7648318775.754885,126812715518.15552
1759795200,XLM,0.40998441967572696,353031885.1978433,13072936632.649273
1759795200,XRP,2.99054810772785,6238109831.5561495,179056434706.33972
1759795200,XTZ,0.7175719397445517,28248951.99873571,761435459.5861583
1759881600,AAVE,276.5311254406943,463027793.39203936,4217126634.842303
1759881600,ADA,0.8202865149456022,1806056729.8035772,29965350861.96372
1759881600,AVAX,27.94105815165677,1090451209.9681146,11799050175.737265
1759881600,BCH,577.0887977566302,268147380.42801628,11498677571.830189
1759881600,BTC,121463.11808164183,76267785779.67648,2419756015403.5737
1759881600,DOGE,0.24726704864952131,3863009989.783282,37369548165.16368
1759881600,DOT,4.14668478231691,342989166.5877677,6309924697.589216
1759881600,ETH,4453.781265556171,49952935289.519135,537051357270.459
1759881600,HBAR,0.21854425033166813,293205629.3318794,9268171854.213648
1759881600,LINK,21.833985882814016,1317885249.512586,14807083452.093824
1759881600,LTC,117.04427808579938,731785655.3702998,8940087431.17579
1759881600,SHIB,1.2213529052092428e-05,234212521.14792156,7195640644.441581
1759881600,SOL,220.38956435964568,9458899184.19544,120321345605.73135
1759881600,XLM,0.38417100775278146,296031051.9364692,12285234044.84099
1759881600,XRP,2.855682119011508,7011266413.836482,170936013146.18445
1759881600,XTZ,0.6796475525746302,33619820.459799476,720719652.7410498
1759968000,AAVE,285.60378643874975,308818968.12744105,4357905321.174065
1759968000,ADA,0.8389731895710552,1239323421.4120078,30654983546.51729
1759968000,AVAX,28.81799428625791,706711969.77469,12168663776.743628
1759968000,BCH,583.446990434779,170479901.6586443,11630776185.018946
1759968000,BTC,123342.98469750278,62477310406.27758,2458603013498.3677
1759968000,DOGE,0.25561963798452636,2827551777.272567,38654885086.10464
1759968000,DOT,4.1962489222548385,274597412.1570328,6390249933.307452
1759968000,ETH,4526.062095378305,36859862237.294106,546305254353.1228
1759968000,HBAR,0.21975259930489333,245143707.69263723,9305733094.658953
1759968000,LINK,22.627675420518003,792920074.1675141,15338206727.294205
1759968000,LTC,118.58399694161582,584006443.3308114,9054936630.19192
1759968000,SHIB,1.2333836119060358e-05,155885625.86791724,7271243790.262276
1759968000,SOL,229.091625881658,7325936210.286918,125078490889.5338
1759968000,XLM,0.388457270931618,280014528.9831828,12426848439.441952
1759968000,XRP,2.879618312662142,4460897406.206386,172611406399.91275
1759968000,XTZ,0.686263529521006,20321628.38673347,728203045.8795507
1760054400,AAVE,273.70792351116484,344328922.1993567,4172865945.6467223
1760054400,ADA,0.8154911639561802,1109845545.3741193,29799582452.902683
1760054400,AVAX,28.390517812750264,589125568.2275627,11983951025.591969
1760054400,BCH,580.1342566619802,231587013.6074612,11567211971.720922
1760054400,BTC,121718.66757741552,70251676816.29187,2425643508379.291
1760054400,DOGE,0.24855951251949493,2918511190.825877,37589920190.69964
1760054400,DOT,4.075915772074992,273235178.1108866,6203954455.736412
1760054400,ETH,4368.419616565288,42746609485.53989,527286567755.6974
1760054400,HBAR,0.2131150132263511,314290342.2975184,9040561708.286144
1760054400,LINK,22.003897306838795,886514958.4891119,14924044699.030945
1760054400,LTC,125.95631132720152,1198510593.861226,9621747288.1244
1760054400,SHIB,1.2020526039636838e-05,175506560.65943956,7085063649.043606
1760054400,SOL,220.95337084458515,7922861949.949832,120639193602.9175
1760054400,XLM,0.3795745797726764,217615543.0157321,12161221024.569857
1760054400,XRP,2.804023342938806,5398945467.646872,167941100355.28183
1760054400,XTZ,0.6775300756403999,20256926.255443346,719127643.2130107
1760140800,AAVE,225.3752826523278,944622011.785185,3442382279.792746
1760140800,ADA,0.6359247657855862,4219946007.251459,23325730147.297585
1760140800,AVAX,20.864823615545465,2250017456.355009,8965235737.021643
1760140800,BCH,514.13438039256,755386909.9477239,10259512472.825075
1760140800,BTC,113043.67586321976,144943015938.3649,2255299161767.251
1760140800,DOGE,0.1937211933549914,8233463975.324539,29363865692.185787
1760140800,DOT,2.9836192907488694,1096495742.4730077,4583525856.964671
1760140800,ETH,3841.6736803824847,89935918939.21315,462926668230.6871
1760140800,HBAR,0.16475304260067083,640861627.9674864,6991084537.302798
1760140800,LINK,17.35079930751786,3465203432.3989058,12175701789.685472
1760140800,LTC,96.88376823110173,3577016412.6334643,7415675721.459494
1760140800,SHIB,9.764085349117464e-06,544049501.391418,5783796455.052588
1760140800,SOL,188.7926485329733,16970012306.231865,103689668260.11702
1760140800,XLM,0.31991999513447195,828102411.0097611,10243408702.941788
1760140800,XRP,2.3700592846898307,14636810185.502373,142068286891.992
1760140800,XTZ,0.5639271225438994,58022341.12691319,597658507.2698758
1760227200,AAVE,234.46289866529875,967756541.7067318,3576296182.81714
1760227200,ADA,0.6320900333531511,2942610487.136801,23096025640.698795
1760227200,AVAX,21.485439699292364,1524760296.4491298,9158674706.076471
1760227200,BCH,499.56931764570675,488267998.02176017,9977734531.576588
1760227200,BTC,110655.26975977032,107157298680.41296,2208268263699.5435
1760227200,DOGE,0.18532819439494527,6163526251.843667,28079396427.34376
1760227200,DOT,2.999912352506022,789038415.0448174,4566953893.080164
1760227200,ETH,3747.4570446607986,54218043539.763245,452649887571.15
1760227200,HBAR,0.1682233232427722,405116163.9226065,7135053912.890019
1760227200,LINK,17.21343078545399,2019457952.630283,11998235144.4864
1760227200,LTC,93.43425936442706,1983022930.3660364,7138263243.979253
1760227200,SHIB,9.952171750007954e-06,445797857.45901746,5867917887.593776
1760227200,SOL,177.98430501390146,12830059467.37137,97358486241.74402
1760227200,XLM,0.32332618121696893,506261531.64935493,10352754417.300898
1760227200,XRP,2.383913598572311,10461707176.8344,142927163901.36987
1760227200,XTZ,0.5790000968204252,39267557.68700372,614785663.1728079
1760313600,AAVE,251.235623142793,577742248.5218375,3838374466.136828
1760313600,ADA,0.7002247092120097,1858656490.0338097,25608316002.67937
1760313600,AVAX,22.540743054489408,1230072707.9078946,9606892102.123465
1760313600,BCH,541.50318698277,362945269.396678,10798860063.130655
1760313600,BTC,115060.88417839336,94708784245.21095,2296145057231.311
1760313600,DOGE,0.2074819583625857,4748591004.797039,31402903948.566406
1760313600,DOT,3.240222871158974,400798071.79197526,4939045943.737895
1760313600,ETH,4151.918863184718,58639398857.891815,502075589618.4089
1760313600,HBAR,0.1855180927073262,319049709.97334474,7865959333.689589
1760313600,LINK,19.03007117087704,1336675196.9502523,13258485880.00966
1760313600,LTC,98.70604275500132,1180312729.568017,7545110809.74108
1760313600,SHIB,1.0717086111571193e-05,312453625.374588,6317261537.503137
1760313600,SOL,197.2146674369267,12190105023.041872,107759898073.52504
1760313600,XLM,0.34207357076248507,346942525.3404515,10950030870.948908
1760313600,XRP,2.529653741025908,9605627489.355228,151584416247.72528
1760313600,XTZ,0.6306106194503609,26034892.221156072,669809300.1545589
1760400000,AAVE,261.284261432634,476996414.3732956,3982184202.1509767
1760400000,ADA,0.7298742293157644,2065693474.640808,26631457224.045937
1760400000,AVAX,23.8276402095677,1558670931.975812,10157364631.32067
1760400000,BCH,546.8481499901269,280535807.5734901,10902094860.085035
1760400000,BTC,115226.58429002496,69763980483.05035,2297230038136.1206
1760400000,DOGE,0.21407086796977215,4513015091.289358,32375311037.9122
1760400000,DOT,3.377463757783856,460194514.8643172,5137638976.218578
1760400000,ETH,4245.447076633256,46398150619.24684,512338329574.94464
1760400000,HBAR,0.1944485607068245,447227410.8414776,8234350026.786956
1760400000,LINK,19.878583252035295,1459746614.6810558,13844537209.166147
1760400000,LTC,99.5173234168198,1210049032.316988,7602128494.9511
1760400000,SHIB,1.1123756255465276e-05,340199751.8002163,6554947473.021844
1760400000,SOL,208.60633453023536,11564579472.104095,113707945368.43063
1760400000,XLM,0.351613322512444,312499841.1121081,11247482194.301144
1760400000,XRP,2.607292503642952,8216035731.020451,156068554824.33734
1760400000,XTZ,0.657887054861919,28761939.669264466,697768643.5516112
1760486400,AAVE,255.4025253427308,519805140.3577878,3896421331.805429
1760486400,ADA,0.6994050006325363,1996092250.549046,25572440589.250996
1760486400,AVAX,22.752379057098015,1219532540.852583,9700582760.02142
1760486400,BCH,538.509850154425,608798044.8563743,10749175347.97598
1760486400,BTC,113066.35078450407,90869410253.5259,2255593612790.7695
1760486400,DOGE,0.2044816740991668,4513000276.592397,30952860409.24283
1760486400,DOT,3.250041577618527,415851147.70550394,4948459734.967517
1760486400,ETH,4126.235352870518,62839726299.69757,498150410985.407
1760486400,HBAR,0.19027572390479372,440943926.1945161,8070520555.4509325
1760486400,LINK,19.119657249567545,1398041046.8880963,13317169119.003334
1760486400,LTC,97.34410943100724,1129937632.926509,7442353772.234451
1760486400,SHIB,1.074608526536712e-05,262023228.807929,6332540840.940914
1760486400,SOL,202.58499940260515,13515883451.061996,110743617928.48576
1760486400,XLM,0.3375229738781362,368107826.3923909,10803599583.79665
1760486400,XRP,2.5050811467956984,7736532791.070083,150132992728.348
1760486400,XTZ,0.6287734980733944,28234944.976193953,667065956.7130048
1760572800,AAVE,242.4924024404339,380178302.6303834,3699041739.812423
1760572800,ADA,0.6689040458171572,1372176201.4299736,24435056968.54653
1760572800,AVAX,21.91694465068832,722327586.663072,9341984087.151178
1760572800,BCH,522.6282661177665,232419123.3084419,10419167678.630491
1760572800,BTC,110844.40417180728,69122428610.59442,2207806038542.883
1760572800,DOGE,0.19638014446991336,2684050443.00136,29699632746.35739
1760572800,DOT,3.1383547559219735,291558455.3400089,4775450578.83771
1760572800,ETH,3991.5442355212426,45253630670.08184,481689276437.4471
1760572800,HBAR,0.1789778637107832,246758338.257699,7588289854.611877
1760572800,LINK,18.05884412732888,941050038.5576172,12585955319.229507
1760572800,LTC,95.45005173468948,728013592.3827751,7293124232.059489
1760572800,SHIB,1.0327766213616312e-05,165966761.07139552,6081527476.216355
1760572800,SOL,193.98189964651897,9756030641.697218,106046701958.24773
1760572800,XLM,0.3249210164641735,224090604.5633567,10392918929.070057
1760572800,XRP,2.4122709942221987,5075842228.756365,144464619530.17004
1760572800,XTZ,0.6084943851028396,24049291.40181564,645764580.5637153
1760659200,AAVE,223.10811700587848,411123279.27368754,3403690652.907941
1760659200,ADA,0.6449963492329933,1491467557.0094235,23577372646.65857
1760659200,AVAX,20.95698569525289,801151519.2697283,8926716346.428408
1760659200,BCH,504.16581562912233,266859515.24984503,10055280253.687967
1760659200,BTC,108168.17353436728,84082093222.60306,2154964541836.455
1760659200,DOGE,0.18836368148453356,3193435655.7199645,28476957323.187847
1760659200,DOT,3.0154743944127422,355956433.9479787,4589980933.197652
1760659200,ETH,3893.756037568491,44974702873.89933,469582926617.4159
1760659200,HBAR,0.17064841374609618,309590226.590177,7228361059.879838
1760659200,LINK,17.410492293058436,965943821.225664,12122816118.37035
1760659200,LTC,91.75727911452712,847313305.7661207,7010115797.406335
1760659200,SHIB,9.993799708922446e-06,199056724.73071283,5888461657.5632
1760659200,SOL,184.676653314175,9891974309.853312,100984533524.7488
1760659200,XLM,0.3120246409082563,314831097.5316817,9981788047.866005
1760659200,XRP,2.327078891793293,6504919682.981083,139315952355.05777
1760659200,XTZ,0.5953746514360841,19679403.48107421,632324552.5762287
1760745600,AAVE,206.43192494643415,578939081.8265606,3148192327.0674605
1760745600,ADA,0.6247363021263741,1874797467.532565,22839610353.4185
1760745600,AVAX,19.959659482519744,902222468.367428,8510451783.300066
1760745600,BCH,470.160836409847,511438111.77351224,9372066209.854662
1760745600,BTC,106483.89143637568,93367527992.40788,2122018970045.2217
1760745600,DOGE,0.1847983399611889,3029281394.780011,27991209629.804543
1760745600,DOT,2.893811511471831,375179578.555412,4403526307.694661
1760745600,ETH,3835.007248476607,52622088158.93824,462483442503.1668
1760745600,HBAR,0.16268670572572178,379768388.9679834,6897115761.580256
1760745600,LINK,16.619616512752224,1327228618.917468,11580899276.497175
1760745600,LTC,90.11824983989838,1022309894.488342,6886474629.821544
1760745600,SHIB,9.754219417965696e-06,261871297.00738156,5746639782.679479
1760745600,SOL,182.1459454130084,10280260359.681362,99541344289.88818
1760745600,XLM,0.3086532576334455,341106757.0866129,9873310832.548191
1760745600,XRP,2.29593334499471,7117660299.963518,137601099458.43674
1760745600,XTZ,0.5781610838652923,24708288.47693547,614099954.268466
1760832000,AAVE,214.92269504241483,219318893.04287824,3277591543.2622147
1760832000,ADA,0.6343380572373233,504698336.059702,23189675104.743065
1760832000,AVAX,20.212364480441423,328776239.2895154,8617743208.21611
1760832000,BCH,468.5359380322995,192802489.93801084,9339544383.083233
1760832000,BTC,107210.0961099579,34274045674.98172,2137453218003.543
1760832000,DOGE,0.1895729684401556,1189543870.2277577,28694531248.48621
1760832000,DOT,2.9334610327286086,133828064.19142188,4463913813.207799
1760832000,ETH,3890.016062101197,19867784025.6314,469537704877.8051
1760832000,HBAR,0.16593226145608422,139902096.25165534,7036878198.423605
1760832000,LINK,16.825425541978685,434038842.6450915,11721411286.849466
1760832000,LTC,91.67777525886152,408799877.3663733,7008402936.894797
1760832000,SHIB,9.920391502381608e-06,120644176.79085684,5844242627.129946
1760832000,SOL,187.6503123404748,4073835112.842372,102629300096.89812
1760832000,XLM,0.3145257865537803,142220719.8052593,10064865359.21288
1760832000,XRP,2.3600123732745915,2456438259.766671,141532509978.13895
1760832000,XTZ,0.5860668281683656,19673735.56650511,622349331.9433343
1760918400,AAVE,222.5529762409606,327418729.88588023,3395794743.502471
1760918400,ADA,0.6526910963141523,813238606.1373557,23847597630.37532
1760918400,AVAX,20.59289576788187,434470483.2731454,8782469106.733067
1760918400,BCH,472.7426815651018,243869648.5066936,9428698970.722277
1760918400,BTC,108655.50525004532,45408363377.72644,2165876768810.395
1760918400,DOGE,0.19523004984286133,1882302241.150627,29566025013.696957
1760918400,DOT,3.0083903429266887,183942508.4199553,4580016735.275704
1760918400,ETH,3982.3558612703023,29256291805.263657,480800504808.295
1760918400,HBAR,0.1704481414037961,173557149.78312144,7227800035.087996
1760918400,LINK,17.27749220006015,684670037.6340511,12032819939.551697
1760918400,LTC,93.31294753951138,482610667.4319106,7129074509.524337
1760918400,SHIB,1.0078165492422969e-05,138175907.0434742,5939225284.804186
1760918400,SOL,187.79198147575528,4826955084.363719,102612518381.1074
1760918400,XLM,0.3178943964060646,168339644.10639778,10167680598.889856
1760918400,XRP,2.390346018545064,2907445876.1748214,143339781093.46002
1760918400,XTZ,0.5962868618692262,20375821.748101175,633505195.6456034
1761004800,AAVE,229.0506248589202,338576702.7573756,3493639544.879043
1761004800,ADA,0.6632890705437973,1236954587.506182,24255263505.529625
1761004800,AVAX,20.353083225934704,574578481.1888764,8683243078.617203
1761004800,BCH,478.93127936690314,282647167.7624261,9552767536.50807
1761004800,BTC,110535.86301373685,60485991981.36072,2204762231502.6216
1761004800,DOGE,0.20006426787549236,1986866121.68845,30297738362.932728
1761004800,DOT,3.085900066991454,216186104.33512673,4697879422.7429905
1761004800,ETH,3980.07327974389,35123529484.36126,480366784228.9499
1761004800,HBAR,0.17568547294725473,195088528.12641725,7453285602.951621
1761004800,LINK,18.65832126375028,1339145094.4820414,13000111907.962765
1761004800,LTC,94.10198464887004,478543056.2475356,7200711984.883214
1761004800,SHIB,1.0192118043237023e-05,151026303.284922,6009923151.443113
1761004800,SOL,189.717698834749,6084411743.296285,103759163273.00163
1761004800,XLM,0.3248774224557119,182460244.41230047,10408952618.748306
1761004800,XRP,2.494574251694319,4297009053.305667,149508593741.93478
1761004800,XTZ,0.598703629153734,18030621.713100612,636073070.2873844
1761091200,AAVE,218.82927356666315,418003151.97361815,3338851789.678315
1761091200,ADA,0.6426021306169266,1373087561.4362104,23490830623.03938
1761091200,AVAX,19.551043969129104,636952194.6844211,8339646901.978444
1761091200,BCH,481.2427034728413,543441167.4651769,9598690439.636242
1761091200,BTC,108301.75462476298,106023290697.83669,2160928131234.672
1761091200,DOGE,0.1943680606569129,2609528718.172711,29437356101.967613
1761091200,DOT,3.0058458260427963,274933452.9855315,4576547164.344269
1761091200,ETH,3866.151782774292,46704826317.34672,467519423220.8764
1761091200,HBAR,0.17042350267125855,227442068.2745312,7236702958.425134
1761091200,LINK,17.613389278200753,1338130329.191994,12273889798.084105
1761091200,LTC,92.64655555785448,730543446.5630486,7081631910.161518
1761091200,SHIB,1.007049711445278e-05,202257790.53144515,5934028829.166637
1761091200,SOL,185.72442261780827,8158154260.997603,101518840032.56673
1761091200,XLM,0.31436169339872083,234026783.39572147,10075519525.678736
1761091200,XRP,2.423538156244877,4728154732.210365,145376908631.47583
1761091200,XTZ,0.5869130557688844,21343316.090574212,623248164.5999933
1761177600,AAVE,216.74728335116015,465311296.3620679,3309071860.966864
1761177600,ADA,0.6232140456940091,1281601461.9924264,22784734784.01856
1761177600,AVAX,19.01784151200727,551127930.8983512,8110806285.01938
1761177600,BCH,473.4085097785545,239825709.1435592,9442717462.905497
1761177600,BTC,107591.4605093986,83845139284.72319,2146123605489.606
1761177600,DOGE,0.18996416706671973,2385464438.6121373,28781854092.43958
1761177600,DOT,2.918786828257816,247518795.61345255,4446325130.124279
1761177600,ETH,3805.881864350947,42044581096.01017,459088216890.3367
1761177600,HBAR,0.16601962335396647,222874927.63406935,7040986259.90958
1761177600,LINK,17.206876260751528,951643278.0174646,11986207146.09072
1761177600,LTC,91.90126035483247,748202275.7087045,7026036895.400789
1761177600,SHIB,9.864126660055966e-06,175748545.95978445,5812782181.159385
1761177600,SOL,180.0884506434004,7302678368.731696,98437766687.7109
1761177600,XLM,0.3080288845110612,212924156.09113213,9853299056.601423
1761177600,XRP,2.3637245370123927,4190508302.4823174,141758287004.49744
1761177600,XTZ,0.5822679067734956,29318625.16784724,619316668.0181261
1761264000,AAVE,224.65887498370407,272451704.78776675,3425680478.30977
1761264000,ADA,0.6430635724985133,993934960.3575672,23514527755.541656
1761264000,AVAX,19.12973137677059,425206561.86504173,8158936590.747879
1761264000,BCH,480.707464984668,594093895.2565582,9586767473.817904
1761264000,BTC,110109.30522515893,56491079757.07301,2194925940893.7788
1761264000,DOGE,0.19492013039370207,1628504509.3362124,29502538053.156757
1761264000,DOT,3.0025728312492226,169366129.68090168,4569500458.042239
1761264000,ETH,3857.590008571872,32156715130.348736,465635527448.3024
1761264000,HBAR,0.16503624199521685,210590612.23311615,7009773510.973863
1761264000,LINK,17.423170130977997,692935111.9335071,12132712721.540049
1761264000,LTC,94.09467288734204,491242181.0352914,7187742664.497476
1761264000,SHIB,1.0106209920623244e-05,150517266.3184699,5954154808.212218
1761264000,SOL,191.4105154932252,6324648470.91366,105132033989.23325
1761264000,XLM,0.3114619992506373,124746696.1202387,9974883826.999763
1761264000,XRP,2.394687892719905,2873867431.9522095,143701004400.49966
1761264000,XTZ,0.5940926866536905,12341804.653396558,631460878.935776
1761350400,AAVE,228.99929154696656,273793993.2038936,3495311222.9324536
1761350400,ADA,0.6563199842062207,1065646123.0827148,23994629174.245487
1761350400,AVAX,19.497420649070516,419696786.20090216,8316497516.544899
1761350400,BCH,503.0413570826521,289932622.731491,10032285300.084393
1761350400,BTC,111030.1833786475,48872190916.663475,2213139524569.58
1761350400,DOGE,0.19774673054287717,1405218428.7282724,29930558250.900955
1761350400,DOT,3.0793724762627357,174430684.07776144,4687279453.712694
1761350400,ETH,3935.956503436005,30034213292.758736,474992460054.59576
1761350400,HBAR,0.17075576556382613,207473529.83849695,7251699295.238277
1761350400,LINK,17.890512221728315,655320333.1340023,12461471246.322384
1761350400,LTC,96.43385714140776,521058369.7256474,7366556578.081867
1761350400,SHIB,1.023628267333949e-05,111904011.2009707,6030593474.479614
1761350400,SOL,193.5224673498789,5821180532.436272,106331061519.20493
1761350400,XLM,0.3194550588560685,184380411.47878024,10225727413.62131
1761350400,XRP,2.508279461558719,4013779178.598882,150388374797.727
1761350400,XTZ,0.6027915706612839,13270160.604695307,640610230.2021029
1761436800,AAVE,226.30131088074063,170215323.4790094,3455289096.996111
1761436800,ADA,0.6541985130613327,441904497.2350123,23925685102.37034
1761436800,AVAX,19.717728047593567,261939908.2570909,8412277292.940434
1761436800,BCH,508.5858676453251,274096815.8838292,10139296257.267809
1761436800,BTC,111631.63726547628,23134490005.056484,2226000980105.0205
1761436800,DOGE,0.19651735296733663,1022202696.8549446,29772518083.57016
1761436800,DOT,3.091291342245647,95084798.647215,4707421418.464618
1761436800,ETH,3954.0041199084208,12353862303.857664,477147951160.52856
1761436800,HBAR,0.17259222846990155,116175473.4134809,7331464802.305656
1761436800,LINK,18.020149508640955,332900819.2317381,12553471520.905708
1761436800,LTC,96.9990561539133,319067016.8078978,7416265314.949139
1761436800,SHIB,1.02005188644886e-05,92764054.8139778,6011897960.945629
1761436800,SOL,193.93319201308577,3144230522.592254,106609827331.2564
1761436800,XLM,0.3248316891217694,142891023.98483056,10395832284.104263
1761436800,XRP,2.5952603071088585,3485093891.387376,155668341777.24484
1761436800,XTZ,0.6053026227651583,10070397.03335848,643534568.3435113
1761523200,AAVE,240.7110935619958,252271140.9280543,3674158232.593499
1761523200,ADA,0.6812334622578501,754475187.1532245,24928941974.21793
1761523200,AVAX,20.82918445880365,551665002.7508112,8889619074.88581
1761523200,BCH,558.9128282880772,524579891.92541707,11135307830.252102
1761523200,BTC,114419.22169689646,42750060282.16964,2282298627073.1055
1761523200,DOGE,0.2057400449032107,1581096084.3559089,31158282896.98787
1761523200,DOT,3.195785292029884,157392886.84201932,4867056052.057045
1761523200,ETH,4158.567621968615,25883399675.759956,502002782659.0379
1761523200,HBAR,0.17989232712570302,155958022.0872844,7643542094.066811
1761523200,LINK,18.538775392726073,667800107.4467721,12916579882.188736
1761523200,LTC,99.95991654370964,443546996.7842638,7642702477.190104
1761523200,SHIB,1.0561251195842904e-05,134911334.48705465,6226329470.216455
1761523200,SOL,200.0215931980344,4825506003.880374,109941212256.89188
1761523200,XLM,0.3302053615303067,164885985.82100353,10586733229.703815
1761523200,XRP,2.645481792092586,3354807628.384999,158765712260.11554
1761523200,XTZ,0.6141534147340465,13389874.716150122,653136531.866111
1761609600,AAVE,235.16332368173437,290860436.71789414,3589729628.9047437
1761609600,ADA,0.6669830925611613,1140897873.6680908,24406858726.8779
1761609600,AVAX,20.324812121325948,493712924.0802015,8670931589.303608
1761609600,BCH,556.0115752158715,520374341.37161857,11092008819.36626
1761609600,BTC,114085.33123756813,63590066600.175964,2275880103405.9155
1761609600,DOGE,0.2004059000921845,1843612636.93782,30374477229.838898
1761609600,DOT,3.1394402170565012,200944965.76030093,4780489670.889893
1761609600,ETH,4117.287077707286,36385943761.52509,497305665524.5466
1761609600,HBAR,0.18456209878093396,249666678.7863565,7840119492.897194
1761609600,LINK,18.207251470107696,862586712.222366,12692300452.27607
1761609600,LTC,99.38088706855528,816507685.0736046,7599950228.950492
1761609600,SHIB,1.038493172478641e-05,178567386.72639146,6121334979.688699
1761609600,SOL,198.77163279922976,6673402164.771636,109253080319.50624
1761609600,XLM,0.322631060063332,196609983.6905689,10340474821.093365
1761609600,XRP,2.63389793917658,4492563225.956461,158132155820.9192
1761609600,XTZ,0.600244329050825,14720604.12032498,638172454.3069018
1761696000,AAVE,228.4895133768815,294662483.90847033,3490357027.0780125
1761696000,ADA,0.6459726681015994,1765004413.7775016,23631499379.89951
1761696000,AVAX,19.491156196208895,540450705.5610498,8321890464.107835
1761696000,BCH,557.8349327942811,628292085.6021488,11132888164.513687
1761696000,BTC,112893.85203624627,66364500455.87147,2252121103480.7026
1761696000,DOGE,0.19362628810505475,2604089453.5142612,29359048535.88243
1761696000,DOT,3.04959123749618,703941920.6929291,4649124875.366852
1761696000,ETH,3978.812010414271,35671783550.23295,480647742723.29193
1761696000,HBAR,0.19446859258161925,1037068349.0603985,8265540902.936748
1761696000,LINK,17.838656332588968,863101457.0667088,12438088429.583551
1761696000,LTC,96.66831749195669,1654759102.552838,7395172349.13024
1761696000,SHIB,1.011242400850511e-05,145012846.48464268,5961738135.900418
1761696000,SOL,194.29867849889453,8023133206.403953,106876180902.7856
1761696000,XLM,0.31814150642342565,873309749.2384839,10193181801.356464
1761696000,XRP,2.6046449493103596,5247817905.614001,156504194042.55167
1761696000,XTZ,0.5915028740689666,15168244.669949288,629136037.4495288
1761782400,AAVE,227.60199668154547,305870356.9623888,3471810262.728672
1761782400,ADA,0.6398677019985701,1347304183.4000883,23402853325.849422
1761782400,AVAX,19.65699461215105,474822382.05048025,8383853968.049597
1761782400,BCH,556.1305148816258,441938502.2658625,11104570669.856585
1761782400,BTC,110026.087620204,63857391864.357346,2195202860989.228
1761782400,DOGE,0.19238320560682592,2432258710.486331,29161460977.28003
1761782400,DOT,3.079138761788245,297716495.10583824,4684385603.856421
1761782400,ETH,3902.8019474292696,32806950695.069782,470857249494.70953
1761782400,HBAR,0.20114389221050424,550358091.1598245,8532573449.542475
1761782400,LINK,18.121107381466423,1000708231.5902574,12609778038.381748
1761782400,LTC,98.67232626618768,866654642.464136,7535987770.509492
1761782400,SHIB,1.0156970250978751e-05,193999148.0756217,5984364551.5206995
1761782400,SOL,194.0726847621732,8177681607.778722,106821520882.5694
1761782400,XLM,0.31586293996462417,299854419.7673438,10120011725.434269
1761782400,XRP,2.5501065495933,4673902857.028844,153168624200.54333
1761782400,XTZ,0.589896650053502,14631294.943052724,627370424.656246
1761868800,AAVE,214.99544986230552,307886588.12394917,3280174240.1869535
1761868800,ADA,0.6009284915513262,1447555267.8331442,21973828087.776604
1761868800,AVAX,18.12150896931019,636563316.4156361,7735256349.081037
1761868800,BCH,540.9877100901343,473623929.3016344,10796623780.393389
1761868800,BTC,108409.379924928,72745717851.83144,2159719137272.1077
1761868800,DOGE,0.18265293820366513,2898787371.901635,27684822495.30898
1761868800,DOT,2.870370726841923,350162320.2513603,4370602659.325078
1761868800,ETH,3801.551504718387,37193378561.10616,459169677106.2288
1761868800,HBAR,0.1962520927474504,645208633.2807745,8339685210.743719
1761868800,LINK,16.790548418075453,1175525681.0947354,11707229804.146002
1761868800,LTC,93.28484740086816,777069826.7007874,7137879449.491815
1761868800,SHIB,9.72640967366938e-06,195840172.8683187,5731678719.173988
1761868800,SOL,184.49846534649268,8510471370.736265,101438430148.42662
1761868800,XLM,0.2984155609286198,323169979.2065812,9564443104.867298
1761868800,XRP,2.4393602981380744,5607419149.612677,146357443874.32526
1761868800,XTZ,0.5637397993838477,18199599.99821178,599923124.5633109
1761955200,AAVE,228.62395733473625,332433236.2733826,3485727606.8250804
1761955200,ADA,0.6089843942718322,820509698.1932718,22277095642.248417
1761955200,AVAX,18.19228265372317,449738797.570574,7763085488.744298
1761955200,BCH,535.4962301589775,423987013.2348538,10685499459.954435
1761955200,BTC,109566.6066188076,58440602313.48507,2184958376796.8809
1761955200,DOGE,0.1863845696831878,1458620562.6552746,28251491970.93611
1761955200,DOT,2.8811921863821786,206212775.9140072,4386478678.60779
1761955200,ETH,3846.95863062356,32764029085.038177,464258991447.4072
1761955200,HBAR,0.20115745071623373,425671739.1137254,8541458990.542432
1761955200,LINK,17.23750128832088,790759823.7885064,12011954998.95739
1761955200,LTC,95.3712231399743,566663056.040047,7296947283.233574
1761955200,SHIB,1.0026329777120864e-05,151073399.32598448,5907944283.77855
1761955200,SOL,187.1659046571601,5699350698.884739,103387355342.2991
1761955200,XLM,0.3048950971511035,205863551.7025394,9772781647.080584
1761955200,XRP,2.508414081846672,4302351237.117264,150761573512.282
1761955200,XTZ,0.5796740841363951,17702239.493980568,616731034.8937594
1762041600,AAVE,222.89978773115303,193873135.1071813,3401863415.634203
1762041600,ADA,0.6131038871272193,727962934.2433802,22425952267.287636
1762041600,AVAX,18.707853533160467,273319291.169622,7978502921.360864
1762041600,BCH,554.2957581911716,282716600.5097603,11061150132.15142
1762041600,BTC,110066.94174051796,25245930840.49496,2194472770726.0208
1762041600,DOGE,0.1873356222985738,802455708.9089109,28392051467.16161
1762041600,DOT,2.967676375250002,174766324.9906299,4517476690.4352455
1762041600,ETH,3872.926054735507,12963577620.647104,467495673481.22
1762041600,HBAR,0.1962450391101745,294543798.883957,8334526977.505396
1762041600,LINK,17.13151676109948,403033569.2171772,11935652469.866098
1762041600,LTC,101.3710213604598,677351524.5681067,7754273512.553994
1762041600,SHIB,1.0189826421138518e-05,103450722.75077207,6005427287.240955
1762041600,SOL,186.31885199348687,2749569575.6249213,102978636736.43712
1762041600,XLM,0.3050483376189546,111611527.07657526,9776203378.015064
1762041600,XRP,2.5046915174642344,1732607595.2727642,150565099804.24872
1762041600,XTZ,0.5781570556041726,12179781.776059303,615091380.4551809
1762128000,AAVE,231.04733608521937,292904545.57644933,3520683528.01783
1762128000,ADA,0.6106007621663921,549279582.2886477,22264625880.41809
1762128000,AVAX,18.84151884372713,292008696.2064674,8041073268.566454
1762128000,BCH,536.9693438625975,294106784.52790046,10694421134.697384
1762128000,BTC,110499.52238345638,36196258871.740746,2206951286346.512
1762128000,DOGE,0.18648708365937705,903218446.865168,28275111773.130444
1762128000,DOT,2.986193710677377,202969215.2630773,4546453350.566654
1762128000,ETH,3905.342929555584,16505905832.7532,471728931087.62933
1762128000,HBAR,0.19457505367068711,238760046.6271934,8271537904.777988
1762128000,LINK,17.59901399892397,500126880.6337794,12259609796.303192
1762128000,LTC,99.51562457172118,617805718.2046096,7596555919.685817
1762128000,SHIB,1.0176398865296442e-05,116438869.33803669,5997480420.272239
1762128000,SOL,187.67222619735156,3237063319.8650713,103550637011.92291
1762128000,XLM,0.30491831870541647,100805771.67286684,9774689562.51771
1762128000,XRP,2.526622419787482,2239790336.9915986,151965619309.89056
1762128000,XTZ,0.5799283173340729,14774739.908290775,617049239.0067153
1762214400,AAVE,199.4355695122227,423161448.37005305,3044444219.0427985
1762214400,ADA,0.5515401897941109,1741420233.1008904,20184356627.002895
1762214400,AVAX,16.642863705264244,789453747.9122226,7109693787.48469
1762214400,BCH,505.3143942860528,363876508.3196338,10075016917.215626
1762214400,BTC,106451.70653262926,74958013879.9072,2125234946159.2783
1762214400,DOGE,0.16714197406148948,3363077984.109659,25340447827.95677
1762214400,DOT,2.578983301717146,369891113.840017,3927856224.87703
1762214400,ETH,3600.363768411873,47754595370.98098,434830766166.5589
1762214400,HBAR,0.17514855789474948,398882762.06682485,7444732404.490394
1762214400,LINK,15.232166228378365,1364539837.184682,10616852540.273066
1762214400,LTC,87.3667707141264,965943633.1726028,6677726497.304065
1762214400,SHIB,9.182110767892818e-06,220572353.81382993,5410305445.306019
1762214400,SOL,165.88821459720248,9739295820.729376,91710583911.5815
1762214400,XLM,0.27814841447411015,321463706.2086234,8916559740.84561
1762214400,XRP,2.308473257506325,5940376542.141116,138723005825.70047
1762214400,XTZ,0.5322475169792202,23113082.72241721,566254653.8328568
1762300800,AAVE,188.49848042101917,484387812.155142,2878148532.256129
1762300800,ADA,0.5213933908892786,2022363271.3436537,19082440128.58449
1762300800,AVAX,16.01440433460776,875179278.0296646,6842747692.5023155
1762300800,BCH,480.8460205844262,390651784.530928,9599149007.457636
1762300800,BTC,101480.76659609628,112885195780.5525,2027117373395.1697
1762300800,DOGE,0.16249297587875333,4564047290.827419,24672160640.046825
1762300800,DOT,2.511938008959566,388552279.3658466,4095162367.0401354
1762300800,ETH,3285.2318395878847,70971936439.57846,397573700002.6509
1762300800,HBAR,0.1687579698658942,482888272.9274577,7176440526.370614
1762300800,LINK,14.718678957261204,1640724723.2205343,10267718062.75656
1762300800,LTC,85.32939185897357,1077254428.7405238,6538453703.782945
1762300800,SHIB,8.85519418143213e-06,299918797.39413863,5224144252.617798
1762300800,SOL,155.1980725305336,11501468029.627775,85867741505.19081
1762300800,XLM,0.2699302631827463,380833289.6616075,8675895511.187124
1762300800,XRP,2.209001299834111,9103792897.630655,132907757275.07928
1762300800,XTZ,0.5190926871701305,28816857.09982481,552373483.4802347
1762387200,AAVE,201.8756149902873,417064038.6628698,3083989754.7795157
1762387200,ADA,0.5454565574626772,1345789499.0209763,19990814959.75516
1762387200,AVAX,16.625493090952094,552668650.7122881,7112512827.254151
1762387200,BCH,489.11357543311885,214749776.70133385,9769901387.28085
1762387200,BTC,103878.9335997028,77092678814.22162,2072420580091.9111
1762387200,DOGE,0.16722308037495678,2158850167.195715,25375188706.409855
1762387200,DOT,2.6700613707411707,265721272.27770883,4365400941.234948
1762387200,ETH,3425.9698058908884,44016731327.195274,413773447437.8882
1762387200,HBAR,0.1749947774946274,309978581.7973026,7442620973.613024
1762387200,LINK,15.134040858721772,960784834.7340224,10565681238.72722
1762387200,LTC,89.44607599038285,646104986.321002,6850088282.184405
1762387200,SHIB,9.15796148485668e-06,190903526.00842255,5404846875.934622
1762387200,SOL,162.46544782382182,6852893993.993001,89882349113.75185
1762387200,XLM,0.2800901288500819,223357798.01732972,8999973334.817795
1762387200,XRP,2.3425240690913345,6418612472.753551,141020515073.66852
1762387200,XTZ,0.5347780292253759,21822551.99321511,570270678.0064739
1762473600,AAVE,197.0005486942582,306541978.0087045,3004806055.3181434
1762473600,ADA,0.5315463314837581,1060000231.8243214,19406394938.775543
1762473600,AVAX,16.101267406174394,444965631.939231,6865418138.44369
1762473600,BCH,472.5060250456369,176143831.8113672,9423067099.739985
1762473600,BTC,101261.6455104612,64007649509.20418,2019505617727.349
1762473600,DOGE,0.161460352944109,1765430359.9789371,24486115762.19806
1762473600,DOT,2.6650673076575533,291582336.105824,4353562579.23532
1762473600,ETH,3312.4503070158717,33740482063.273483,399656276442.011
1762473600,HBAR,0.16293504578698365,238551139.3617763,6906080431.6729765
1762473600,LINK,14.72329381369051,714459226.3008916,10249402032.284525
1762473600,LTC,86.9684344712575,510313877.9381456,6649273324.817197
1762473600,SHIB,9.010045497628458e-06,149106609.4753634,5304873434.7670765
1762473600,SOL,155.05793557990853,5565946076.765333,85637809693.55705
1762473600,XLM,0.2694697210347369,187289936.35737985,8649290272.384674
1762473600,XRP,2.2102812820466795,5341197298.647927,132852464130.21194
1762473600,XTZ,0.5974282819250103,116798994.88655168,637498008.9587603
1762560000,AAVE,208.5302705351841,433970657.42013735,3175049225.16906
1762560000,ADA,0.5781305225372353,1522728717.0908434,21091754524.05725
1762560000,AVAX,17.78629557130665,854642939.4549476,7574965944.8087635
1762560000,BCH,513.3722483918023,681786384.6382817,10200083753.887508
1762560000,BTC,103191.7560668328,93538572265.21951,2061483488853.8977
1762560000,DOGE,0.17902419112438783,2789929879.6003213,27111079667.863792
1762560000,DOT,3.2589067829922564,816314713.1495366,5313911576.562519
1762560000,ETH,3426.4012405987837,39541026326.49069,414507643190.6567
1762560000,HBAR,0.17716801605634722,374230737.2809769,7526025869.035316
1762560000,LINK,15.804460274759936,1061025523.3415356,10991601562.720606
1762560000,LTC,102.40144832481012,1518017760.724475,7784338846.208589
1762560000,SHIB,1.0043690002705368e-05,275716354.4329616,5913414016.203738
1762560000,SOL,161.69017397076755,6629474688.982475,89556853447.44725
1762560000,XLM,0.2928744774221273,316750196.1627603,9360382712.19594
1762560000,XRP,2.3182376463728107,5604988544.991513,139128292502.69086
1762560000,XTZ,0.7085795954909679,141633223.31287056,741804030.876837
1762646400,AAVE,202.49512224890245,574369360.2176212,3090491004.9593887
1762646400,ADA,0.5681445441650345,1047638726.6837084,20802590981.430336
1762646400,AVAX,17.47540547736597,518523574.3885333,7464245990.41298
1762646400,BCH,494.8843372023597,158246346.19392365,9880841864.825417
1762646400,BTC,102286.82524827348,50894858647.50912,2040163403275.169
1762646400,DOGE,0.17580297349762186,2085472396.5663552,26711160836.56017
1762646400,DOT,3.2506533646680986,662499640.4725308,5308219575.246857
1762646400,ETH,3399.6637755492966,20336279641.495083,410476200008.4793
1762646400,HBAR,0.17497921825154492,218870982.537673,7443180629.713242
1762646400,LINK,15.489632814199762,727924036.3552601,10803703765.558516
1762646400,LTC,107.52616226792142,1154683062.8990328,8135570567.203878
1762646400,SHIB,9.947733314007307e-06,180773215.60147527,5866108486.821137
1762646400,SOL,157.796348381377,3760261989.2480073,87423537136.50342
1762646400,XLM,0.28326618186478514,175204141.36611852,9096627210.52934
1762646400,XRP,2.284689973838738,2918635803.3756623,137359326003.45598
1762646400,XTZ,0.6473127552610908,70355948.75966458,691747563.5704037
1762732800,AAVE,212.17882461006272,298095507.4573827,3238943141.7141805
1762732800,ADA,0.5783201871644684,920152021.384015,21153661783.757435
1762732800,AVAX,17.76909699443319,409851670.0221001,7585825400.44023
1762732800,BCH,503.2144017844927,185188281.3538353,10030448677.534569
1762732800,BTC,104610.22853607994,60194546960.33833,2088246864454.0945
1762732800,DOGE,0.17896247774591076,1515728763.3245547,27169090314.71302
1762732800,DOT,3.231751612978166,424627110.9140815,5278472374.601337
1762732800,ETH,3578.8023059041866,25306062473.02298,432140258282.28656
1762732800,HBAR,0.1766503437641762,208625752.94006565,7499059658.25219
1762732800,LINK,15.923678285027515,616917186.0857804,11093971626.039787
1762732800,LTC,110.17603239207948,1951187598.4613757,8407955307.537551
1762732800,SHIB,9.976309207630407e-06,161037215.1768567,5885171547.30987
1762732800,SOL,164.4107555710944,4365967723.095303,90982628986.2251
1762732800,XLM,0.2850260576012146,184072332.0238192,9151880217.166609
1762732800,XRP,2.360529418634386,2967028886.376576,142233399043.9623
1762732800,XTZ,0.6262695931832438,29005463.51680689,667044336.700378
1762819200,AAVE,228.33787737320543,517377259.0004652,3473301152.491721
1762819200,ADA,0.59232408864466,1053800469.0498804,21676966577.654263
1762819200,AVAX,18.170497125902315,510372320.6813318,7764988575.759055
1762819200,BCH,517.2491471788105,241315467.57660377,10319760446.711569
1762819200,BTC,105951.49599987874,68564010180.83136,2113691346622.1785
1762819200,DOGE,0.18184502733677277,2025159477.96364,27578341536.198914
1762819200,DOT,3.2636375359092025,406632993.8453819,5333098118.113528
1762819200,ETH,3566.049867115414,31527602956.56814,430495589767.3192
1762819200,HBAR,0.19395312638756915,466602378.31474173,8225236293.432605
1762819200,LINK,16.35892830881537,826470480.6477379,11400517489.286505
1762819200,LTC,104.30715931921112,1177019090.8418038,7980921221.069557
1762819200,SHIB,1.0147026513591122e-05,173527187.90559095,5977759238.72879
1762819200,SOL,167.38292233660445,5558136469.523835,92751637699.99097
1762819200,XLM,0.30034664301159497,296516163.2370182,9643916037.977448
1762819200,XRP,2.5257513072290494,5952577470.307984,151818484223.88318
1762819200,XTZ,0.6264562937663779,32578721.826025307,667341750.4464805
1762905600,AAVE,207.50028870450564,431187983.3591382,3168743027.9801626
1762905600,ADA,0.5556263680590394,1028134639.508375,20366185317.826305
1762905600,AVAX,17.005063204654483,486621121.1729397,7265532385.54495
1762905600,BCH,505.3135369875694,373167217.82745975,10081997337.910084
1762905600,BTC,103112.21006199118,70852634666.83731,2055081880355.954
1762905600,DOGE,0.17210719791789006,1994665220.678145,26107390284.593952
1762905600,DOT,3.0579766177692096,356751890.205757,4993086576.636246
1762905600,ETH,3416.071508998829,35964365184.38774,412487940491.5636
1762905600,HBAR,0.17770962644888608,300305733.5600224,7551925712.842014
1762905600,LINK,15.297487053042994,748197679.0255377,10656433725.05579
1762905600,LTC,99.63756737311952,869733953.5503833,7627035106.827059
1762905600,SHIB,9.653358724871e-06,144789425.97587597,5678055097.380543
1762905600,SOL,154.65635090993268,6147831536.860157,85536087818.74721
1762905600,XLM,0.2815349240660552,199537533.71973097,9043487364.389135
1762905600,XRP,2.390434897446697,4116673287.9246264,143705634329.4373
1762905600,XTZ,0.5940950510180316,32993528.431042243,632412079.4666247
1762992000,AAVE,204.8324493590943,413774833.5490006,3103021592.908821
1762992000,ADA,0.5446843543786039,963590908.2262236,19947647052.432705
1762992000,AVAX,16.80907681266775,427066796.39391994,7179960990.841102
1762992000,BCH,507.07794990239455,289498351.8298839,10113157343.59336
1762992000,BTC,101633.69431605682,63477601852.15417,2025171098463.4424
1762992000,DOGE,0.17005957585084022,1708032776.587796,25790508315.548103
1762992000,DOT,2.9227520292250246,277735145.79832584,4777328647.751419
1762992000,ETH,3412.5432368287225,31867019731.549423,411695018306.3992
1762992000,HBAR,0.17387797416528633,309729808.34858054,7384942377.509664
1762992000,LINK,15.140448546467818,812383038.1689692,10548192970.09938
1762992000,LTC,97.54048200041466,1032369764.9419316,7459434348.438669
1762992000,SHIB,9.502863007413795e-06,155850779.0735222,5593103039.895602
1762992000,SOL,153.25824234818612,5886067748.38089,84884069704.18701
1762992000,XLM,0.2774122061434105,185456965.4306764,8903618190.164223
1762992000,XRP,2.385774753235838,4427111169.83173,143300134339.8013
1762992000,XTZ,0.5833389799391241,19251338.06104587,621322383.865062
1763078400,AAVE,198.70001157793848,424473351.87118864,3015478547.9848676
1763078400,ADA,0.5297438563883179,1000366169.1708103,19388791425.227657
1763078400,AVAX,16.083932797715903,601056331.2628549,6907866572.789608
1763078400,BCH,508.5569268730773,440940499.5515391,10157150845.388697
1763078400,BTC,99480.3070908126,102195102447.30595,1989587716654.155
1763078400,DOGE,0.16373166262957628,2568109678.3374295,24910503506.51544
1763078400,DOT,2.8514400417981736,309733679.85566336,4669222410.3293295
1763078400,ETH,3223.175778614162,48625450123.82115,389149953098.6491
1763078400,HBAR,0.1644168375978579,369172285.4737476,6983426956.939154
1763078400,LINK,14.530600340505396,1012069433.2250673,10156569705.722063
1763078400,LTC,96.56553819697484,936270333.3484272,7388948204.698215
1763078400,SHIB,9.28655421219461e-06,174152340.63315213,5481406847.742648
1763078400,SOL,144.6022158116688,7320956526.904868,80271988879.75919
1763078400,XLM,0.26814512099143395,350227863.5861273,8632751531.456263
1763078400,XRP,2.3190641287297,7193111620.737252,139502861697.22772
1763078400,XTZ,0.568215404501828,22613526.083952755,607684307.4355178
1763164800,AAVE,173.88884897572413,678643033.4932749,2639810173.5702243
1763164800,ADA,0.4981168064600032,1390688705.3096263,18273175501.089752
1763164800,AVAX,15.13623113968375,702019023.9402794,6494504542.628038
1763164800,BCH,480.2802824883634,339783857.4312626,9596406913.532478
1763164800,BTC,94772.61435799382,115272175140.32063,1883528419611.1135
1763164800,DOGE,0.1576689175724261,2909051778.095222,23951483191.11246
1763164800,DOT,2.813067937231782,346015963.3296722,4604363628.0236
1763164800,ETH,3118.7143444311273,44971508554.9072,374583156499.2539
1763164800,HBAR,0.15285590688826545,414524696.28092635,6495317026.735568
1763164800,LINK,13.817965429029943,1112309502.9403265,9638147638.36731
1763164800,LTC,97.62613240235034,1155535020.5287037,7480293032.258312
1763164800,SHIB,8.9904497549982e-06,180383450.4080364,5293048596.622328
1763164800,SOL,138.98547920304102,8508216055.263304,76929387744.69238
1763164800,XLM,0.25941866095620025,273088706.0223172,8342811150.582539
1763164800,XRP,2.2436294470243503,6698400743.135106,135207468101.44531
1763164800,XTZ,0.5565445129836637,26451823.396745004,593023912.0891668
1763251200,AAVE,178.33101762401884,228664198.5726337,2706808045.814097
1763251200,ADA,0.5034262895616758,879055882.3578032,18420307887.92601
1763251200,AVAX,15.519430028149069,263432179.90256464,6656126976.4276
1763251200,BCH,501.7417214231744,290840108.9917387,10020527391.864456
1763251200,BTC,95380.13316661112,54387419306.11884,1906286799108.28
1763251200,DOGE,0.16287839202136478,1192314571.9779916,24756602717.269066
1763251200,DOT,2.8300001786032674,191584505.7754101,4631851398.55954
1763251200,ETH,3169.6972672382008,18620710912.32086,382171821174.872
1763251200,HBAR,0.15482170349699317,190297619.4244344,6571723972.321965
1763251200,LINK,14.1229979426591,475324296.44998705,9841759110.13796
1763251200,LTC,101.54509425717936,1107701552.6264198,7783454213.371847
1763251200,SHIB,9.049206990953094e-06,112302123.1809636,5332477451.380425
1763251200,SOL,139.26651582272305,3469420160.3009524,77307096399.47191
1763251200,XLM,0.25950009997683043,116023262.18709023,8337170994.937217
1763251200,XRP,2.230062587287974,2745098323.373371,134488102754.54236
1763251200,XTZ,0.573155782211339,17233392.136366695,610599464.890888
1763337600,AAVE,172.96001764165837,321678816.0371583,2627742653.8050447
1763337600,ADA,0.4843085545751566,1191617538.820114,17749745325.590206
1763337600,AVAX,15.15480300055575,460043470.64928234,6512728875.364924
1763337600,BCH,482.9972999400719,219241549.44467717,9642309258.164812
1763337600,BTC,94188.27668924726,72739120446.02757,1879821625636.488
1763337600,DOGE,0.1584726361330843,1695845316.5875008,24085288389.966816
1763337600,DOT,2.786238382410924,218781455.8849203,4573116337.5631
1763337600,ETH,3091.905045683136,30603488973.76373,373455751267.06415
1763337600,HBAR,0.14673566667025692,244704802.81533456,6231351523.196442
1763337600,LINK,13.73526543303582,792079245.781192,9577611300.22146
1763337600,LTC,95.78377335653327,779166431.4386748,7347188161.447498
1763337600,SHIB,8.894358473553167e-06,137963075.02120554,5241651105.4156
1763337600,SOL,137.13897250282486,4918220222.215703,76130695568.86363
1763337600,XLM,0.2541001056783696,163746755.9202452,8170338118.0686655
1763337600,XRP,2.214708197984395,4135070068.562383,133377895604.30122
1763337600,XTZ,0.5517980074916378,23315155.192334965,588344897.5084233
1763424000,AAVE,168.78596096932182,375246655.7776014,2558416436.4509063
1763424000,ADA,0.4655690731503273,1321958884.758263,16995815501.999037
1763424000,AVAX,14.500640701791552,620707341.5672897,6215781349.00723
1763424000,BCH,490.27599155341386,298387057.69388866,9787146401.354704
1763424000,BTC,92100.36452360668,95883316484.1477,1836812997467.337
1763424000,DOGE,0.15185972174275544,2718463749.3812766,23053668453.513046
1763424000,DOT,2.660484070739175,264200999.1788203,4352329773.933768
1763424000,ETH,3026.218255338726,38548325745.12055,365025720800.0176
1763424000,HBAR,0.14556888970663806,291008685.3726191,6181290985.743007
1763424000,LINK,13.31057117414803,869834522.8941604,9264667310.479267
1763424000,LTC,91.17234415515112,785440244.2805359,6979902447.866555
1763424000,SHIB,8.573602408794452e-06,151887376.24915913,5051315609.372752
1763424000,SOL,130.8066278178265,7508376707.489581,72513999607.94305
1763424000,XLM,0.2467704348421274,215714192.0321346,7940510156.388871
1763424000,XRP,2.1612832681988605,5916556143.425073,130081429568.48737
1763424000,XTZ,0.529414920172992,25080907.31942806,564206180.8874115
1763510400,AAVE,178.1057764188623,365042795.08021295,2699579783.209609
1763510400,ADA,0.4748821821262563,1239917952.7839222,17368313670.167866
1763510400,AVAX,14.561382620107654,554686032.1990854,6248788431.501549
1763510400,BCH,522.8133269133245,536082912.16151726,10438726132.753653
1763510400,BTC,92903.18008511196,103824226263.22484,1852965766035.4404
1763510400,DOGE,0.16164195671841286,2391112930.255534,24530323362.73572
1763510400,DOT,2.75343317062277,251425356.13469872,4506434497.487744
1763510400,ETH,3121.5138481614545,39769047587.844025,376627472214.8123
1763510400,HBAR,0.15048708034531486,254224059.19156137,6388137492.24625
1763510400,LINK,13.775531545950686,828363304.7473109,9609440311.315334
1763510400,LTC,95.54608273715706,838216477.8502135,7313682022.518258
1763510400,SHIB,8.865404968946695e-06,146914583.43859035,5224239689.456204
1763510400,SOL,140.6208727874062,7706281842.08937,77944679242.58017
1763510400,XLM,0.25588170582624,189148601.85514897,8236715026.095423
1763510400,XRP,2.2159606089639188,5577985664.788728,133272649840.3804
1763510400,XTZ,0.545500363413794,21785958.043262854,581210309.3952554
1763596800,AAVE,174.2206722692893,332333063.94389564,2641559728.1947107
1763596800,ADA,0.46263064688910566,1191464117.2400424,16933860077.14093
1763596800,AVAX,14.259399453234558,493005957.47303313,6114665415.389196
1763596800,BCH,485.7022771970814,337240387.22949404,9687489672.436132
1763596800,BTC,91408.3573343969,82382857264.52737,1824001855237.545
1763596800,DOGE,0.15427339753290187,2193412967.9657536,23420689771.690605
1763596800,DOT,2.6882559433745863,223399500.7082987,4398681629.20879
1763596800,ETH,3020.935787720369,38984541011.264854,364624974074.7031
1763596800,HBAR,0.14471118249984438,238916305.16955748,6148349653.202679
1763596800,LINK,13.513485874837452,854719141.056543,9413728054.47275
1763596800,LTC,92.79300001063244,705857389.4476144,7096683970.214962
1763596800,SHIB,8.545391469763563e-06,174633486.08410642,5032598006.359308
1763596800,SOL,136.71697636188486,6202859434.975173,75684272094.71347
1763596800,XLM,0.2461087534601027,178628580.74482185,7915598034.880607
1763596800,XRP,2.105858534410783,6058458142.89625,126737701854.70992
1763596800,XTZ,0.5334800826278584,24130683.386560604,568167277.3188748
1763683200,AAVE,164.64474210259496,360975210.71622294,2495676968.626508
1763683200,ADA,0.43248648410018703,1102144603.345121,15862138685.293531
1763683200,AVAX,13.813948594645456,536130940.0815602,5927641558.409592
1763683200,BCH,480.45298850481305,405990237.46252185,9596522455.576187
1763683200,BTC,86618.47155915352,99655978116.57716,1730169291917.76
1763683200,DOGE,0.14906161972409854,2383041437.029364,22666567644.175335
1763683200,DOT,2.5401573344746224,271252273.7618559,4160525990.931841
1763683200,ETH,2832.5307976375693,41506608161.76037,341919899025.5803
1763683200,HBAR,0.13635567824471845,233930807.0417452,5794638901.301983
1763683200,LINK,12.93021325401537,1018133481.865426,9019701082.1865
1763683200,LTC,87.23067545670244,677633247.959309,6676240624.743955
1763683200,SHIB,8.25829040950052e-06,167432453.72843567,4869545332.863605
1763683200,SOL,133.61111774040782,8661110545.526552,74687577164.42818
1763683200,XLM,0.236809358752408,193280136.52385676,7633308712.265254
1763683200,XRP,1.999405032484589,6584532975.157985,120510104747.32716
1763683200,XTZ,0.5080021512159004,26510794.61682304,541431706.6420864
1763769600,AAVE,157.68145176031243,414985394.67242736,2389584535.8681817
1763769600,ADA,0.4089531288306963,1933959619.4377952,14972190120.985125
1763769600,AVAX,13.301339485544176,707141290.2184094,5704511990.397076
1763769600,BCH,533.5993015367327,830146120.6387877,10644605014.964518
1763769600,BTC,85087.95256265256,134153421262.54707,1696834479574.6868
1763769600,DOGE,0.14018981194620356,3584287278.613355,21289835510.2198
1763769600,DOT,2.347014986216529,326207466.0526998,3843909618.676562
1763769600,ETH,2763.897390488984,49471335177.09487,333625188127.77344
1763769600,HBAR,0.1307689287529338,363030994.68285584,5554711302.620048
1763769600,LINK,12.117943098886128,1325977240.9782147,8444337376.788373
1763769600,LTC,82.59077683852178,1063408142.9228576,6324786312.606868
1763769600,SHIB,7.845982173837234e-06,227030163.2460735,4625568704.320076
1763769600,SOL,128.57234151997437,10306509554.94346,71838401977.32182
1763769600,XLM,0.2316035304733471,300440244.6849769,7473024581.046235
1763769600,XRP,1.94948334534332,8774733151.368969,117480807246.53104
1763769600,XTZ,0.49815531259588874,36834309.18219389,530990569.8034333
1763856000,AAVE,161.1195348430987,264737953.6100208,2442280496.0810623
1763856000,ADA,0.40415693671543257,693992383.0642606,14796391140.472015
1763856000,AVAX,13.229444534248918,363581721.6164691,5672946678.248575
1763856000,BCH,556.6681254027088,798615412.3703952,11110519371.101746
1763856000,BTC,84675.50764856212,42625485730.96879,1689663589864.315
1763856000,DOGE,0.1402618184891107,1490665376.9143672,21311383582.44452
1763856000,DOT,2.309534655393345,162119455.66884944,3783024057.767075
1763856000,ETH,2768.1536567521325,15227137733.353577,334202138387.9657
1763856000,HBAR,0.1317022801986485,158389493.8658513,5593236234.126949
1763856000,LINK,12.170465090992854,521937054.2013271,8478754160.865458
1763856000,LTC,82.14508446724942,472940965.0763444,6290188905.223168
1763856000,SHIB,7.800973528875512e-06,115629859.1589661,4598687005.776947
1763856000,SOL,127.55257578894552,3617240760.322332,71317106141.65437
1763856000,XLM,0.22999749881379783,135668905.39316818,7431815669.203139
1763856000,XRP,1.9493257929882195,3014832027.563937,117526275477.68062
1763856000,XTZ,0.48627929168660433,19131345.718789157,518787730.9436831
1763942400,AAVE,167.00559363515848,267919632.50300404,2533037692.5586863
1763942400,ADA,0.40860021217664905,785385610.5051817,14958840057.417496
1763942400,AVAX,13.269115396949442,308447528.0428789,5696154523.995866
1763942400,BCH,539.1410645502212,450295949.6416798,10770608460.657587
1763942400,BTC,86740.11773876166,60729919440.15148,1731240703090.288
1763942400,DOGE,0.14498864346608203,1316336247.984459,22025778856.233227
1763942400,DOT,2.2541569147837723,162451459.23364642,3700216417.657502
1763942400,ETH,2798.913101183697,20117555262.314224,338086242481.6212
1763942400,HBAR,0.14803050510961227,429968719.5210325,6294155114.0045395
1763942400,LINK,12.515800300760477,599392171.9268476,8715584397.527946
1763942400,LTC,83.02076217992585,480784268.20642114,6354682243.274498
1763942400,SHIB,7.850115803961328e-06,113804899.41543086,4630848542.839271
1763942400,SOL,130.58087966204394,3999536087.9999633,73114651434.34904
1763942400,XLM,0.24728226484783905,198654981.01924685,7966463093.13453
1763942400,XRP,2.046289493333872,3998351993.223904,123241570305.7347
1763942400,XTZ,0.4881411262357687,16099706.33898336,520435736.2814557
1764028800,AAVE,178.5787564801937,350753470.2973979,2709476430.2681065
1764028800,ADA,0.42766235240406,778461193.1344973,15675094575.317991
1764028800,AVAX,13.891498248579984,459323589.3144596,5957795985.583392
1764028800,BCH,548.9494000160919,425780430.3424074,10964830176.49088
1764028800,BTC,88256.04395603726,77456583961.57693,1760876158638.0408
1764028800,DOGE,0.15176880717787838,1843608568.2865105,23061562271.189564
1764028800,DOT,2.3402569069373045,229875382.59568772,3835642873.844614
1764028800,ETH,2952.334906852989,32463159649.035435,356375311640.8533
1764028800,HBAR,0.1484493509277345,367336507.87354535,6304267990.966647
1764028800,LINK,12.966611871206576,726272477.883639,9038195119.571283
1764028800,LTC,85.50926943305375,577981783.8487469,6548714694.229284
1764028800,SHIB,8.326646696905061e-06,148027117.6594718,4906348356.531958
1764028800,SOL,138.35323319673398,6424538087.9628935,77369995007.22118
1764028800,XLM,0.2549611108965749,267218793.13839677,8226533778.818751
1764028800,XRP,2.2260734535986457,6589591311.145123,134012613868.17644
1764028800,XTZ,0.5045636986421834,21908705.570584808,538109914.777562
1764115200,AAVE,178.86978651168488,273121448.48128134,2712574329.1338487
1764115200,ADA,0.4215703758449786,792677838.2378411,15448975021.875788
1764115200,AVAX,14.175192695464498,439738880.59770954,6077322268.647114
1764115200,BCH,527.2463034984088,332415067.2761179,10522280026.296349
1764115200,BTC,87317.00455056976,67713695255.755325,1742579106347.7073
1764115200,DOGE,0.1530349736520655,1546131265.1315486,23249024075.348618
1764115200,DOT,2.2959651185726893,191711879.8028303,3762960623.270231
1764115200,ETH,2958.5732175211965,23379516621.412125,357081428337.2704
1764115200,HBAR,0.14494128380971358,231276339.73774067,6153532074.735605
1764115200,LINK,13.0711854221391,684545078.5035266,9108053493.316145
1764115200,LTC,85.27085958096276,644973613.0610665,6528585805.593958
1764115200,SHIB,8.792931338402627e-06,147458460.88884225,5177329378.580537
1764115200,SOL,138.9326415526744,4811649397.906862,77741514289.47105
1764115200,XLM,0.25204853907849717,188177879.2688763,8140455309.423486
1764115200,XRP,2.199282067196235,4889376239.454746,132517997042.80836
1764115200,XTZ,0.5092030510113086,21338640.164581012,543145803.5164752
1764201600,AAVE,185.80678529368285,255434511.81218064,2816740280.226436
1764201600,ADA,0.4357235960536916,557178831.6860138,15940167359.373096
1764201600,AVAX,14.94235735892624,439599141.74052745,6402522741.612462
1764201600,BCH,543.8084415428067,494210042.29142696,10855846739.622547
1764201600,BTC,90515.94357835098,69936036009.3311,1805319494740.8276
1764201600,DOGE,0.15477694705642112,1433931718.172678,23508323932.362244
1764201600,DOT,2.3438480024924737,150804511.67904004,3842577681.998304
1764201600,ETH,3026.421534805452,20975481627.490208,365401603025.40247
1764201600,HBAR,0.14792307305363797,206544159.6439366,6285085194.142747
1764201600,LINK,13.452292086774728,575982034.8744622,9374486990.08077
1764201600,LTC,86.8604332971461,584609148.292857,6649503764.840332
1764201600,SHIB,8.593590112109967e-06,149122671.46680397,5063236800.656546
1764201600,SOL,143.01829550662933,5994946529.50749,79964562997.78036
1764201600,XLM,0.2586592373372883,195477189.0089082,8363434711.524759
1764201600,XRP,2.22342735444749,3852895349.638408,134189925177.1148
1764201600,XTZ,0.5097855585232999,27367215.160369415,543494323.0147554
1764288000,AAVE,185.9226224030949,229727193.8095703,2818329661.5012007
1764288000,ADA,0.43375880066408606,638844072.6918585,15887715361.107056
1764288000,AVAX,15.020969677449427,392510303.9228544,6444839145.481919
1764288000,BCH,532.5364306640201,294379028.8925779,10628159610.31178
1764288000,BTC,91323.62827620257,59468780651.35936,1821686350208.8733
1764288000,DOGE,0.15271406040250182,919238994.8964826,23204511056.725006
1764288000,DOT,2.3372552652301737,127738834.92526528,3836002766.3634953
1764288000,ETH,3014.8198499491664,16425620742.708153,363871486260.152
1764288000,HBAR,0.14707876354686236,170867190.37913024,6247635624.9826145
1764288000,LINK,13.343621225427825,442605588.9295352,9299097653.32789
1764288000,LTC,86.60290675758989,492654095.8519036,6632681713.700837
1764288000,SHIB,8.762296032083277e-06,110627582.37766656,5163138619.653047
1764288000,SOL,140.84645123344353,3814128051.674114,78777617550.5348
1764288000,XLM,0.25562302125068975,151934399.19529697,8259636103.539786
1764288000,XRP,2.1996671847233507,2722497006.710732,132755623436.0176
1764288000,XTZ,0.5103874155239768,19794299.85065379,544420821.4191442
1764374400,AAVE,185.47104361114245,202450302.85021967,2811555470.09779
1764374400,ADA,0.4205380411848783,757273253.4633287,15399114408.775448
1764374400,AVAX,14.852938672548063,401851728.22674406,6371557214.676317
1764374400,BCH,549.3020509513418,578317656.6830705,10964158620.98883
1764374400,BTC,90904.86767344688,62799469481.10599,1814035459752.682
1764374400,DOGE,0.15026056379204325,1272376990.8967495,22834316823.26066
1764374400,DOT,2.2849988201998195,146751323.1257954,3747977839.0088
1764374400,ETH,3031.245855716179,20119280037.55597,365929010495.9888
1764374400,HBAR,0.14538698081418042,188061884.32190576,6176757643.53098
1764374400,LINK,13.13257823057776,473402719.5095623,9153586169.45295
1764374400,LTC,84.30248910721397,580892595.696689,6455310474.036889
1764374400,SHIB,8.651972230594496e-06,142284169.08963525,5098794017.004625
1764374400,SOL,137.40059276029743,5368927107.466998,76892248915.04913
1764374400,XLM,0.2534730946459393,156811109.3624993,8190375130.477793
1764374400,XRP,2.179993207259447,4215928770.841059,131544183762.67007
1764374400,XTZ,0.5042241600701368,20764217.84454011,537920613.1970838
1764460800,AAVE,182.3061881396243,142461582.50201857,2764080962.9942827
1764460800,ADA,0.41526563747559847,537174275.0021183,15217365462.819124
1764460800,AVAX,14.249485346794284,280879949.90297395,6110665597.391109
1764460800,BCH,521.6502357577002,398613166.347072,10412786712.677542
1764460800,BTC,90832.18685385384,39065687179.607704,1812771321410.944
1764460800,DOGE,0.14843656029008215,654564102.6833467,22578959567.716652
1764460800,DOT,2.259487438575887,88415680.0011662,3707488829.1252456
1764460800,ETH,2989.6497957851875,12587660538.295284,361028197396.32526
1764460800,HBAR,0.14333329832248123,104173021.9790598,6092799339.742369
1764460800,LINK,12.992540352687476,303933680.0923166,9060042780.698496
1764460800,LTC,84.00810605254978,379051106.68831587,6442312672.046044
1764460800,SHIB,8.532933513807875e-06,83649459.546827,5032119564.650232
1764460800,SOL,136.02333573557007,2716162176.896452,76125597884.38597
1764460800,XLM,0.2541251918851669,111882331.78369698,8210216674.315526
1764460800,XRP,2.202072017538296,2084491630.18597,132904309840.30942
1764460800,XTZ,0.4937278441424045,20327826.242852047,527575023.1063447
1764547200,AAVE,177.8030283011269,232937668.46494657,2695423784.3131447
1764547200,ADA,0.41484696325882703,554550919.151589,15210278647.861977
1764547200,AVAX,13.759993731197897,344234669.9824095,5927498604.317718
1764547200,BCH,541.6477609239596,455018866.14534307,10805892265.99823
1764547200,BTC,90359.86873169734,41014032387.06181,1804580223118.8345
1764547200,DOGE,0.14624497331907071,729640015.4786147,22291774167.8068
1764547200,DOT,2.215505192669298,86690563.20227116,3644493279.9697633
1764547200,ETH,2990.797383294047,11717224359.873058,361323261616.5661
1764547200,HBAR,0.1415496099905539,124509118.01246402,6012139090.934567
1764547200,LINK,12.9744576888479,329669134.27501345,9046134794.865305
1764547200,LTC,82.67581141972005,369278963.3139119,6332399026.476464
1764547200,SHIB,8.378149757118863e-06,84761713.01569425,4944402839.37341
1764547200,SOL,133.82640627084265,3472787485.829062,75212508274.44011
1764547200,XLM,0.2483865627512029,90074067.82357576,8043390473.40629
1764547200,XRP,2.1586588689112713,1896622801.5789983,130524475272.91292
1764547200,XTZ,0.48468203936058646,18292250.255095776,517453594.9034507
1764633600,AAVE,171.40877145389965,323832766.7060548,2603146072.679203
1764633600,ADA,0.3857091045457861,908363355.5074632,14128045474.900354
1764633600,AVAX,12.751156754200188,472550585.996097,5484056291.287226
1764633600,BCH,522.7769363141863,515950109.0174997,10436673546.205849
1764633600,BTC,86303.89766361401,91924719323.89912,1722165915578.808
1764633600,DOGE,0.13552224601047308,1827125765.5336416,20621593128.400917
1764633600,DOT,2.0437823962323036,282246040.1665116,3353399958.813827
1764633600,ETH,2796.73386904882,36758673924.641594,337936232248.04846
1764633600,HBAR,0.1332450878747291,214917820.99716255,5663009344.630093
1764633600,LINK,12.075949116561087,894824970.8940328,8421494172.405003
1764633600,LTC,77.54983745744,869261614.3451905,5942665648.572375
1764633600,SHIB,7.967667026588355e-06,157190983.95127934,4698689887.955071
1764633600,SOL,126.67388526602132,6674128855.637002,70923410354.07248
1764633600,XLM,0.23397516576687252,213512493.1039702,7560816902.017639
1764633600,XRP,2.0286260586600973,5159993756.114901,122536079415.6595
1764633600,XTZ,0.4697976604542915,27048320.5221044,501385703.34471047
1764720000,AAVE,190.0200879431376,303200963.4609807,2880948245.9143667
1764720000,ADA,0.4335751543313542,1069701536.4694544,15888515448.7902
1764720000,AVAX,13.63863615506028,516598445.6946865,5853953134.100076
1764720000,BCH,545.7714493797583,459406649.9342591,10898827000.013697
1764720000,BTC,91320.07942505728,82893667270.3484,1823014041001.2756
1764720000,DOGE,0.14586476437960832,1446489009.86503,22169937054.83365
1764720000,DOT,2.2501545181494764,228723128.66373125,3689724074.286699
1764720000,ETH,2997.602427194639,27128828869.360863,361886352850.66064
1764720000,HBAR,0.14471277732258372,209572975.7745456,6143882739.6102
1764720000,LINK,13.492309831687608,849507415.9007019,9405243717.975897
1764720000,LTC,82.84778207461821,562617423.4704294,6340005372.821361
1764720000,SHIB,8.455855673523149e-06,138231458.56603992,4982404459.508041
1764720000,SOL,138.67222008976705,6896706362.923059,77635277544.71228
1764720000,XLM,0.25469759008705983,170446561.47204852,8234035934.784152
1764720000,XRP,2.154410337736398,4357705161.889793,130111355382.17744
1764720000,XTZ,0.48559335773991985,23859732.19644332,518058175.1581245
1764806400,AAVE,198.146533639597,299525954.0683538,3007679090.6709285
1764806400,ADA,0.4503610007370615,1120710518.6112902,16502495967.093262
1764806400,AVAX,14.80566797024486,635958885.8795406,6359707491.947433
1764806400,BCH,591.2304582339921,717828189.6211123,11811670492.9575
1764806400,BTC,93428.59451478458,81350005230.38739,1867918440559.5425
1764806400,DOGE,0.1518392325864058,1541125622.8760602,23101104815.723095
1764806400,DOT,2.3664703205521347,212909853.1059676,3884340375.701229
1764806400,ETH,3188.8819447300766,31057577560.27413,385647238454.8962
1764806400,HBAR,0.14608525474884618,262016408.90091673,6210327313.836973
1764806400,LINK,14.66690654837456,1286170838.9541953,10237618735.607122
1764806400,LTC,85.904552374272,642550992.5929022,6585954317.449571
1764806400,SHIB,8.995636471054149e-06,272039765.35020113,5304691665.904896
1764806400,SOL,144.82904690237106,6469062880.93247,81110970338.41089
1764806400,XLM,0.2584340004945251,217714302.7150944,8365363130.699871
1764806400,XRP,2.200460426857361,3885267591.327579,132855280174.78735
1764806400,XTZ,0.5022165062400136,22776194.20283632,536531957.9858883
1764892800,AAVE,190.4723058704445,201977960.93817815,2887633409.5047674
1764892800,ADA,0.4394539460184867,613310918.5693069,16093085544.303047
1764892800,AVAX,14.397365060226452,415253343.1318721,6177794138.830884
1764892800,BCH,574.8629204593149,369097710.7862168,11474616930.94388
1764892800,BTC,92119.19047831658,67905527468.52411,1838202452874.2395
1764892800,DOGE,0.1474693539924069,1234884737.3438914,22417843882.411415
1764892800,DOT,2.2731762238646662,180453508.41818368,3733185569.3662386
1764892800,ETH,3134.3486408160215,27504485182.888542,378254547725.5433
1764892800,HBAR,0.1394168594894609,181763348.4061867,5923922799.392981
1764892800,LINK,14.251821871845609,744072996.6220559,9930853782.508947
1764892800,LTC,83.56639618099982,550519694.1940557,6398036289.992877
1764892800,SHIB,8.716477313800127e-06,120707809.30985862,5136979154.808989
1764892800,SOL,139.01629771281043,4776241858.132248,77834176036.77179
1764892800,XLM,0.25199296282907635,149332237.78879935,8146038203.183422
1764892800,XRP,2.096753373104454,3372716992.425401,126505157118.26164
1764892800,XTZ,0.4954820833585272,19523625.46472516,528983699.8458321
1764979200,AAVE,183.6553188537798,195376334.0234533,2784585577.6130104
1764979200,ADA,0.41580922840026585,667570619.8707693,15233253792.101028
1764979200,AVAX,13.221626913999575,442826907.30706704,5677473762.264972
1764979200,BCH,559.8216345042991,322545188.7221265,11164008181.394026
1764979200,BTC,89264.22915485654,51013012514.85347,1783420367861.1216
1764979200,DOGE,0.13952761733662175,1279912458.909023,22555159169.42153
1764979200,DOT,2.1243665777090355,176921415.92802197,3489168713.19689
1764979200,ETH,3019.826038059256,27866527351.545456,364479179010.7497
1764979200,HBAR,0.13398712576158162,149044387.48306835,5699726047.349765
1764979200,LINK,13.593277874978837,680153155.9776416,9481132357.71294
1764979200,LTC,80.369212899329,497159434.46947104,6159321664.098865
1764979200,SHIB,8.305733464606834e-06,126116617.58466062,4895651293.710524
1764979200,SOL,133.231965401601,5058535609.614375,74608412428.0159
1764979200,XLM,0.23979449802257116,123058624.57719798,7761281519.080128
1764979200,XRP,2.0348536720375674,3346679754.443583,122851900970.94733
1764979200,XTZ,0.4782031266710118,21522328.068643924,510515279.6291948
1765065600,AAVE,187.3634536614796,142925982.53094074,2840317008.7832737
1765065600,ADA,0.41381148364406,353470770.99181724,15160318925.274258
1765065600,AVAX,13.407548851478593,294992667.5140668,5754271801.030672
1765065600,BCH,583.8378675637496,337215867.4271959,11654667918.924526
1765065600,BTC,89227.45274823112,24891684287.76675,1781473275096.9917
1765065600,DOGE,0.1397359009549898,664031805.5059953,22566107019.138905
1765065600,DOT,2.128811629216812,126013070.80657548,3497092938.4343505
1765065600,ETH,3036.875646714073,11301292406.636791,366362808813.6567
1765065600,HBAR,0.13406069174930896,82913133.45922922,5692327254.990426
1765065600,LINK,13.915215394553242,479527682.8416713,9701284423.80992
1765065600,LTC,81.70437461863213,380650605.9031615,6257181922.771224
1765065600,SHIB,8.428040331939695e-06,104614793.69671889,4966181756.035866
1765065600,SOL,132.2605923315256,2352490833.4499555,74070265738.64984
1765065600,XLM,0.2394962256989397,77433836.80117989,7750394259.561052
1765065600,XRP,2.031607257631385,1738986379.1235662,122591172795.53905
1765065600,XTZ,0.48021663187838515,16097849.505910268,512782650.5917147
1765152000,AAVE,187.125990168289,302577869.01292676,2835443798.5674787
1765152000,ADA,0.4171100443132189,622809477.9300368,15270473262.96349
1765152000,AVAX,13.45557944856086,372236691.83924145,5764578266.135355
1765152000,BCH,598.3152426300456,341604569.6265425,11945613605.511135
1765152000,BTC,90398.44875659447,34924915303.026115,1802958541728.722
1765152000,DOGE,0.13849895278791452,1067434365.8196242,22365426611.306633
1765152000,DOT,2.090554247440729,171549643.76295626,3431877939.290121
1765152000,ETH,3060.9948319527766,21104749281.741245,369159022672.3001
1765152000,HBAR,0.13094984771693352,163613731.93248272,5563829610.119978
1765152000,LINK,13.639083767051256,637505131.3124403,9504691753.61194
1765152000,LTC,81.37882121105343,438076616.87709427,6232897083.826607
1765152000,SHIB,8.32949792956344e-06,99078694.78760006,4905810444.427014
1765152000,SOL,131.95984726955456,4327711104.85745,73905195886.10242
1765152000,XLM,0.237056328637276,111027885.35472415,7661986317.405025
1765152000,XRP,2.043169455705931,2828761084.686963,123207973529.90314
1765152000,XTZ,0.4734197650381561,17896634.923318237,505841546.4910436
1765238400,AAVE,191.60373901282648,366110371.8194776,2905547743.750169
1765238400,ADA,0.4321607098892393,635604725.9226334,15825267463.034464
1765238400,AVAX,13.640464850081823,328634815.1990038,5857487692.58265
1765238400,BCH,579.5224533794285,297764317.9878333,11576174528.141468
1765238400,BTC,90626.0373431212,45380679058.39334,1808501444019.7495
1765238400,DOGE,0.14259424477659158,1166549109.413628,23040501606.48647
1765238400,DOT,2.13147097968454,192623899.5371209,3502908570.057869
1765238400,ETH,3123.8052523660685,25543422220.52588,377187495543.50055
1765238400,HBAR,0.13453128529632508,143434685.3617438,5716865484.063763
1765238400,LINK,13.749940792335078,591513089.0665308,9578325455.519575
1765238400,LTC,83.9030792534354,480439542.65296954,6427176172.2861805
1765238400,SHIB,8.573290024387809e-06,109516747.23246616,5050876551.211125
1765238400,SOL,133.22869851109667,5255686871.5274,74829141491.71165
1765238400,XLM,0.24078097040831403,124235701.72024484,7787599286.569997
1765238400,XRP,2.07273654045108,2888869104.3781557,125055040408.19872
1765238400,XTZ,0.4928791751373001,21463522.97904003,526581145.90690583
1765324800,AAVE,202.62910245472344,475543960.9747433,3073237105.1830897
1765324800,ADA,0.47024825930719255,1360207603.4526925,17206783071.992107
1765324800,AVAX,14.61586798821222,478767901.43656015,6269498588.390787
1765324800,BCH,585.3334866693041,411266220.49974215,11688624327.737864
1765324800,BTC,92686.10402025311,54394509374.267654,1850293655502.181
1765324800,DOGE,0.1480346859572949,1626674407.6409452,22532936416.046986
1765324800,DOT,2.29239787067886,250411620.06432503,3767960629.5906463
1765324800,ETH,3318.7209450428563,34598672977.962814,400924984363.3934
1765324800,HBAR,0.13907750285837953,174018117.3982878,5906952635.947586
1765324800,LINK,14.416449652395894,758081871.5338708,10047391045.108376
1765324800,LTC,86.02452094079001,599268133.3006692,6595617410.075026
1765324800,SHIB,8.730463762561536e-06,151131216.81044212,5147357282.946218
1765324800,SOL,137.8941468193958,6353795130.695644,77434949433.21436
1765324800,XLM,0.25336377213356864,164418849.2444769,8196612178.302042
1765324800,XRP,2.107586677837354,3559154122.6973443,127246040852.3641
1765324800,XTZ,0.4982665370652772,17503218.959936872,532243536.6482054
1765411200,AAVE,196.9558668115459,435698771.5057851,2986871023.4938273
1765411200,ADA,0.45356327803665675,1040473105.6911772,16628245479.808271
1765411200,AVAX,14.1287513455071,445916645.5154545,6071142185.603934
1765411200,BCH,573.0032592359944,453867597.4071451,11448405996.676994
1765411200,BTC,91986.58107213798,52450001646.09194,1837368941062.516
1765411200,DOGE,0.1434374767897527,1450749366.1791794,21840025862.99255
1765411200,DOT,2.194018983644656,201246149.30651915,3609185732.648749
1765411200,ETH,3323.292012600325,31640384767.618507,401715584457.2677
1765411200,HBAR,0.1347693616218153,159443492.85076696,5726756480.078783
1765411200,LINK,14.104035275136129,823651386.417118,9837626641.728731
1765411200,LTC,84.42371484603365,525969210.8962891,6476053339.862717
1765411200,SHIB,8.547550810974242e-06,148132698.37450653,5043077307.011914
1765411200,SOL,136.36516972784412,6595354012.867017,76658507921.76013
1765411200,XLM,0.25013089009597683,163398846.05951425,8095188512.583278
1765411200,XRP,2.0428503536849583,3814915541.681408,123323969068.73727
1765411200,XTZ,0.49421947177701714,20200320.83393754,527995049.22397065
1765497600,AAVE,202.7532984318858,371968142.8955724,3068027355.5714173
1765497600,ADA,0.4252860225353826,1172656723.7357876,15583185763.928236
1765497600,AVAX,13.426987217805737,480026837.2733573,5763951858.455649
1765497600,BCH,574.1785871345954,344976760.28579664,11463730224.54933
1765497600,BTC,92525.8680026296,52726615852.23652,1847119089483.3413
1765497600,DOGE,0.14041487482592233,1448210328.1779826,21362659573.98681
1765497600,DOT,2.065715892527323,258990557.73868915,3397874030.4416018
1765497600,ETH,3238.4136151525354,29527281577.263348,390860899752.5878
1765497600,HBAR,0.1299688691282879,149026926.71423352,5519272869.699039
1765497600,LINK,14.06789404232082,701903256.0534792,9802365860.41931
1765497600,LTC,82.96165024671619,536108892.9226203,6356310396.014311
1765497600,SHIB,8.505207150092263e-06,135489031.20945624,5012205499.423595
1765497600,SOL,136.47367573628597,6534603991.070751,76639905565.78624
1765497600,XLM,0.24601328317805776,150445893.73488185,7963669795.219898
1765497600,XRP,2.033738646362437,3605211557.3595514,122770830915.80708
1765497600,XTZ,0.5056773434369171,41970587.36568203,539854647.2778922
1765584000,AAVE,191.4463332233759,388777466.57241505,2907432386.5880637
1765584000,ADA,0.4091276671107874,737154472.5609918,14990750274.51635
1765584000,AVAX,13.109121221896505,347133336.84383065,5630041322.628955
1765584000,BCH,581.3809532610583,348220263.83961815,11599932929.23377
1765584000,BTC,90260.54242242372,67594286634.22623,1801893841647.4097
1765584000,DOGE,0.13691204257339973,1072004528.4335414,20830605046.479107
1765584000,DOT,2.013475119814655,193065775.0177743,3311106001.933743
1765584000,ETH,3086.7327669850124,26199365793.50417,372234573732.5013
1765584000,HBAR,0.12390219151934004,126239400.77745488,5262915163.31501
1765584000,LINK,13.640429308328963,595091044.9820367,9506941059.984722
1765584000,LTC,81.92421896834203,433331166.25494367,6276659880.382632
1765584000,SHIB,8.280783395724556e-06,115023473.18573764,4880404372.806946
1765584000,SOL,132.30236894589092,5832580362.281503,74342595466.03441
1765584000,XLM,0.2385607749641646,140141335.76363844,7721036812.8017235
1765584000,XRP,2.0086522836519483,2663690103.4649167,121200669715.43202
1765584000,XTZ,0.49229198528902873,20981632.965548832,525996974.5944365
1765670400,AAVE,197.62415149093195,244447229.61809015,3000174486.905214
1765670400,ADA,0.4108014314612836,355958325.79263043,15056296091.85056
1765670400,AVAX,13.384644681213745,234237463.52825364,5747966372.011034
1765670400,BCH,580.2364580152733,191347673.09973815,11588661858.803225
1765670400,BTC,90253.11813342397,35192318973.6756,1802028910320.9023
1765670400,DOGE,0.13907831365110307,506279553.90498275,23354776947.124073
1765670400,DOT,2.0384857200679942,98767803.4755221,3354371785.4885917
1765670400,ETH,3115.271399958073,10115726138.168154,376120275278.15094
1765670400,HBAR,0.12304628698701144,83391479.99910188,5226303176.195734
1765670400,LINK,13.73745158282687,310468972.45651877,9575397635.613354
1765670400,LTC,81.47669784193955,277644382.7282649,6245578455.562559
1765670400,SHIB,8.358473014631565e-06,82418641.40337953,4927597073.491185
1765670400,SOL,133.17026302389507,2252195824.251755,74854038558.72456
1765670400,XLM,0.237901690094702,66004046.78531814,7698779050.828438
1765670400,XRP,2.023035544355354,1561158361.0668137,122086466005.40088
1765670400,XTZ,0.5020839270882471,12743694.792877823,536623259.77627176
1765756800,AAVE,188.56559126033687,259205804.77386385,2860284528.5322623
1765756800,ADA,0.3965444093156321,545816615.5495983,14531194438.037306
1765756800,AVAX,12.887618126967192,253163803.1878192,5537250818.962477
1765756800,BCH,558.5992481343648,248085573.17480537,11153520670.34988
1765756800,BTC,88184.41093067056,34281959962.42461,1760354230589.3552
1765756800,DOGE,0.13420445902723682,835846091.8321795,22530057114.85072
1765756800,DOT,1.9550710845765455,166857386.90986758,3215967772.8487573
1765756800,ETH,3063.5454528219575,17436601534.892895,369722328464.4331
1765756800,HBAR,0.11837825384874326,96303537.71905036,5026084449.810403
1765756800,LINK,13.287504242730808,383779121.4586574,9260583217.48824
1765756800,LTC,78.99616149571537,365507864.9072592,6052474528.196754
1765756800,SHIB,8.07727664615675e-06,95999895.43950471,4759718279.491339
1765756800,SOL,129.49535610673396,2820681803.676568,72828942194.31668
1765756800,XLM,0.2294442398950091,95372490.62918402,7422091510.273863
1765756800,XRP,1.9799332393631692,1667024108.007986,119748821030.29822
1765756800,XTZ,0.4797234672104248,13745929.96332089,512694548.2507514
1765843200,AAVE,193.31363283426177,438443262.4171708,2943406038.6583915
1765843200,ADA,0.3880208333362996,661456068.0218378,14215851207.745556
1765843200,AVAX,12.342435820508536,416870081.88831496,5301099550.968869
1765843200,BCH,535.9420096857198,316541773.4560878,10698935757.575497
1765843200,BTC,86413.22138097929,50413200076.564606,1725206666830.8127
1765843200,DOGE,0.1297207410768213,1350039586.2336802,21771680351.57636
1765843200,DOT,1.9013983389003415,205994130.8080671,3129770035.6803164
1765843200,ETH,2963.8945572517114,30387579458.755245,357774924554.9611
1765843200,HBAR,0.1141719081357481,117750234.4838006,4848692105.041696
1765843200,LINK,12.860834618651175,672591589.3931913,8968218831.20341
1765843200,LTC,77.54037315067471,504459241.04194146,5945600688.799
1765843200,SHIB,7.902189989467235e-06,119557259.60518084,4656998885.613271
1765843200,SOL,127.71787718749329,5663730577.351576,71791828077.9072
1765843200,XLM,0.2204913731616806,128563072.90648822,7128972556.205688
1765843200,XRP,1.8976753512491444,3360585386.128509,114753770881.18706
1765843200,XTZ,0.4621178048568923,15743825.632433085,493960685.9165033
1765929600,AAVE,185.95754110879471,326319152.01340693,2825358762.1707096
1765929600,ADA,0.38553171862515134,548574936.5622113,14133105748.468275
1765929600,AVAX,12.33820848307204,384878153.0252381,5296807413.40063
1765929600,BCH,546.0907560146421,286163165.51661503,10904055899.841007
1765929600,BTC,87719.68139798648,48224383878.115395,1753485223429.683
1765929600,DOGE,0.1316886558165635,1022195562.3497173,20035635943.62148
1765929600,DOT,1.8972216017701808,170202777.6488639,3119492985.720461
1765929600,ETH,2957.8602493045723,25193138558.564495,357683002971.8731
1765929600,HBAR,0.11452429185777371,97664752.40627769,4857448513.535336
1765929600,LINK,12.923900327577154,570419892.7075553,9013268310.217888
1765929600,LTC,79.04723580489559,473066186.2788445,6055867579.790359
1765929600,SHIB,7.862895793609336e-06,107626377.53330784,4631602248.1465225
1765929600,SOL,129.09757727148104,4580331422.054304,72575132422.95251
1765929600,XLM,0.21948793584173865,119044014.77554162,7099303383.502539
1765929600,XRP,1.9285734292750072,2951300813.8237443,116720356340.3364
1765929600,XTZ,0.460742047177444,15756090.006325068,492299494.0542466
1766016000,AAVE,179.6910501207708,320062841.7425552,2727592083.8537407
1766016000,ADA,0.3666695338863483,665103361.2488706,13432165177.436611
1766016000,AVAX,11.844428655538142,405802567.4698857,5084454979.41082
1766016000,BCH,546.1263833826725,319435796.5065468,10904764367.30592
1766016000,BTC,86196.82137334664,49522842150.097435,1718910200047.374
1766016000,DOGE,0.12622094135689743,1342988587.9245298,19202613868.817993
1766016000,DOT,1.8125503057733148,192661397.04959556,2985807234.2100883
1766016000,ETH,2832.4683268792255,26934376839.542957,341631454024.48834
1766016000,HBAR,0.10983012548270042,103494817.28424849,4664626539.451127
1766016000,LINK,12.255179559578243,659951020.0487183,8532345162.353956
1766016000,LTC,75.94635232413901,481152167.1445084,5819044490.65842
1766016000,SHIB,7.517957742692296e-06,118729745.5804894,4431820700.85463
1766016000,SOL,123.1722233035213,5988105092.622178,69177061591.60219
1766016000,XLM,0.21038034777744613,147898966.0201569,6800004657.753304
1766016000,XRP,1.8617050386154732,3385459529.1641984,112613052410.41595
1766016000,XTZ,0.4415626592000016,15719839.020590836,471822105.1490052
1766102400,AAVE,173.55065069219077,338862092.041452,2636802506.574706
1766102400,ADA,0.3514271260355032,718212741.4277574,12877096810.873005
1766102400,AVAX,11.436248232497508,452863179.84571034,4912540561.944937
1766102400,BCH,565.5085280988259,538129612.9657521,11284954795.671638
1766102400,BTC,85450.17964790671,58379753047.75993,1705923883033.444
1766102400,DOGE,0.12203156965577196,1683930591.6637566,18570895847.05228
1766102400,DOT,1.7587380482351462,198721140.83478227,2895948571.663022
1766102400,ETH,2826.6732476964435,30288692450.546524,341165495574.4765
1766102400,HBAR,0.10492709623859536,155231450.46834934,4458845529.636441
1766102400,LINK,11.93316776870484,722039606.3393003,8315627607.027729
1766102400,LTC,74.25580009447921,546347664.1320326,5690927330.410056
1766102400,SHIB,7.036558991865594e-06,198893773.01348165,4139845206.939835
1766102400,SOL,119.53477491010813,6379446146.957166,67187117118.504906
1766102400,XLM,0.20699018402031977,150593313.52304205,6697423969.864839
1766102400,XRP,1.807836415390597,3683247383.15781,109352596488.09824
1766102400,XTZ,0.4295834448120092,18483744.734686844,459544833.57718146
1766188800,AAVE,181.37730721034697,280432668.99119455,2756211738.7790437
1766188800,ADA,0.3763639261674313,605057829.0560538,13801024195.386124
1766188800,AVAX,12.251550984640692,430323660.8042645,5261122221.886308
1766188800,BCH,624.6620163943861,588199817.3903291,12471193586.254255
1766188800,BTC,88091.69571216944,51459353843.34712,1758617508011.9905
1766188800,DOGE,0.132176457563851,1440819488.8038042,22208851778.844643
1766188800,DOT,1.8487077538262,172221294.3693223,3045320299.4003572
1766188800,ETH,2977.664503683636,28523528730.892265,359331722373.2621
1766188800,HBAR,0.11195230298468038,161157845.51013675,4789381289.033204
1766188800,LINK,12.526295538147954,583611918.4215196,8873361502.926575
1766188800,LTC,77.48268420374062,457196412.638764,5938567141.903262
1766188800,SHIB,7.516074640772391e-06,136008135.06510064,4428812057.472028
1766188800,SOL,126.19398384656624,5597546928.431469,70937152002.24133
1766188800,XLM,0.21922795465871023,158256808.23059165,7107449495.6400385
1766188800,XRP,1.9075097477744076,3842344695.2671328,115537633182.49638
1766188800,XTZ,0.4425242974122904,19004963.00289734,473902556.14125264
1766275200,AAVE,179.89776595645307,156196857.95563397,2733896073.5748076
1766275200,ADA,0.3730340023724397,316038931.4898122,13674979677.3637
1766275200,AVAX,12.20854070363484,155139068.7814157,5242943530.11663
1766275200,BCH,592.2760046902496,421808265.2911588,11829337000.765097
1766275200,BTC,88348.27802016199,16933441829.084406,1763949555471.3745
1766275200,DOGE,0.13191761378525074,517410976.9478254,22157189843.13922
1766275200,DOT,1.832756876411619,82895453.80229844,3018878513.624737
1766275200,ETH,2977.3342562903294,8310167969.389112,359359718209.9075
1766275200,HBAR,0.1137369726547876,84627857.4494034,4865204517.057578
1766275200,LINK,12.550764652410276,244453397.9463036,8889992429.58778
1766275200,LTC,77.81278939075172,269398000.52758706,5963952967.100486
1766275200,SHIB,7.432576713539098e-06,73466237.23137723,4380211108.546505
1766275200,SOL,125.78203025133216,1873438825.7984693,70732315808.9821
1766275200,XLM,0.2181902716171109,110159109.53921576,7071886050.000701
1766275200,XRP,1.9326054463191744,1925372704.686371,117034710411.01971
1766275200,XTZ,0.4522498724651502,13874219.020685991,483700377.2418397
1766361600,AAVE,165.03342416837077,375010108.248415,2507342908.2048144
1766361600,ADA,0.36626712546851575,462152015.5108357,13417125389.3948
1766361600,AVAX,12.142722959869468,203788379.30445984,5215546148.25585
1766361600,BCH,590.4652276861243,255357599.4059131,11784086172.874006
1766361600,BTC,88672.32967904503,22542141406.091,1769182018548.0688
1766361600,DOGE,0.1310796546735696,635480219.9827914,22017141074.93841
1766361600,DOT,1.802675632243267,120480819.45777076,2968148607.5838075
1766361600,ETH,3004.2204920824893,11541888974.224104,362237625179.74133
1766361600,HBAR,0.1121253935516434,89571351.36510743,4787637626.870669
1766361600,LINK,12.4459976389385,347322028.4037661,8806745836.778013
1766361600,LTC,76.82387195498504,329452424.04022795,5880235413.7196
1766361600,SHIB,7.282666772706909e-06,83792758.62124927,4289109042.2313166
1766361600,SOL,126.02413413596209,2597673334.32709,70852545495.81837
1766361600,XLM,0.2164604161773265,88125597.30960412,7015748390.873875
1766361600,XRP,1.921837870988929,2382324002.768989,116422983148.0934
1766361600,XTZ,0.43900234563594914,14937265.929069998,469309998.24296886
1766448000,AAVE,150.12308652621817,719985951.7612821,2283360428.9731913
1766448000,ADA,0.37048758950003313,595926681.4488274,13582175742.89603
1766448000,AVAX,12.402140948068428,378725473.00833696,5326635953.712193
1766448000,BCH,589.643203390817,421305732.3879408,11776347144.809496
1766448000,BTC,88489.72404150236,42394679738.146996,1767230408064.2593
1766448000,DOGE,0.13243516361820204,1076466976.5995166,22249285157.955425
1766448000,DOT,1.7831574014919038,178563949.4988117,2938245785.8416567
1766448000,ETH,3005.3755577051465,20802090114.584797,362826622916.6392
1766448000,HBAR,0.11392902372905218,128111731.57618289,4877842199.912598
1766448000,LINK,12.568859947848228,501659240.81891453,8901715331.528004
1766448000,LTC,76.99579742781128,443037580.81429,5901460658.348041
1766448000,SHIB,7.197636359542379e-06,102766023.50197808,4242587763.746976
1766448000,SOL,125.82827489791832,4032150660.523798,70725838985.34245
1766448000,XLM,0.22036278724442457,140094312.56912002,7132502821.309979
1766448000,XRP,1.900984053470418,2644095257.4220586,115223556694.30588
1766448000,XTZ,0.44311012264315686,15782812.021833835,473934083.9376658
1766534400,AAVE,150.77710673308422,403965703.4850715,2290754530.807239
1766534400,ADA,0.36296058850396334,463331056.20386744,13303751158.327826
1766534400,AVAX,12.179177233419493,339686148.54645264,5232862187.443242
1766534400,BCH,572.2708674113184,335372505.55255324,11430531883.508204
1766534400,BTC,87496.14669239183,48245169577.68594,1745170281695.8684
1766534400,DOGE,0.12925784509488908,908793436.8228364,21720171464.819847
1766534400,DOT,1.7648925153791686,121782421.2238958,2908830530.8845325
1766534400,ETH,2965.21878516193,23215144844.485134,357695762330.7423
1766534400,HBAR,0.11045702493820753,100325007.0440686,4725910388.762069
1766534400,LINK,12.395183908141815,440266004.60231835,8773337410.460564
1766534400,LTC,76.88625264901117,371409177.01117617,5892220353.1272135
1766534400,SHIB,7.126932321062758e-06,91496494.5449582,4198252267.478559
1766534400,SOL,124.03308958475714,3455716627.5501533,69753898308.3321
1766534400,XLM,0.21709525978087604,112799076.56658818,7032367545.340152
1766534400,XRP,1.8726823731725215,2100689266.237296,113468424415.36708
1766534400,XTZ,0.4437796999472895,17684687.22346467,474829562.8486445
1766620800,AAVE,148.4353197989303,240361567.51307097,2256529237.4961553
1766620800,ADA,0.35639136384026116,420024901.81306493,13065907567.819777
1766620800,AVAX,12.105491048865227,226453715.49588233,5200376626.378605
1766620800,BCH,568.2602883367971,301446839.5355645,11349656021.610077
1766620800,BTC,87589.01664996856,28866214135.263428,1749380269942.6577
1766620800,DOGE,0.1285055713812756,607917911.4258665,21591783336.50279
1766620800,DOT,1.7366546370605391,102178886.82403426,2862933286.2432065
1766620800,ETH,2945.367282877598,11172260132.203032,355504570722.50146
1766620800,HBAR,0.10926628681103588,74272439.75341904,4676927101.048686
1766620800,LINK,12.268607390611244,290596272.3662863,8687719721.476921
1766620800,LTC,75.69526852457487,367886063.88578707,5809118908.184932
1766620800,SHIB,7.2150314222556526e-06,91563910.89186811,4251582883.639907
1766620800,SOL,122.460155121348,2583982445.8941655,68912990781.20845
1766620800,XLM,0.21212788350019657,95856742.58892488,6869769416.811296
1766620800,XRP,1.8614073031242448,1856865715.3737023,112751853193.47812
1766620800,XTZ,0.4439338471086069,13941634.658413231,474801004.43883926
1766707200,AAVE,149.0923856157133,298371518.40469736,2265433161.635693
1766707200,ADA,0.3431839314313188,514214262.86929655,12583369319.986256
1766707200,AVAX,12.078614915864687,274079557.5084878,5188862056.108877
1766707200,BCH,589.4735340427388,327981140.45749694,11776625869.409037
1766707200,BTC,87192.23473670239,22750463865.458553,1741524937162.2537
1766707200,DOGE,0.12356599604202424,690716714.9676434,18824046482.40632
1766707200,DOT,1.6834981589105331,104564165.94003507,2774946716.4372306
1766707200,ETH,2901.680790122988,12005781929.156887,350427548560.45105
1766707200,HBAR,0.10885996001280936,73552704.78051244,4658316697.875424
1766707200,LINK,12.061214453741648,253618152.7589566,8540921960.532154
1766707200,LTC,75.67198306231927,302430365.2232531,5798903299.439623
1766707200,SHIB,7.064142696012889e-06,83860180.53272313,4161282063.708214
1766707200,SOL,120.01776608161182,2466935722.523718,67527251817.4201
1766707200,XLM,0.20975886104229433,77515150.63527894,6790789082.940143
1766707200,XRP,1.83215129950936,1495302043.274589,110986602863.90102
1766707200,XTZ,0.4428986772341205,20407676.480303302,473677417.5936957
1766793600,AAVE,154.18321560341465,325043989.04895777,2342610488.5411754
1766793600,ADA,0.34945632949081434,536203188.83026904,12813777677.34395
1766793600,AVAX,12.342011918137343,283189563.59230834,5301229148.974994
1766793600,BCH,593.5909992694627,362757611.1010104,11854408387.37766
1766793600,BTC,87303.04428036696,46518276271.203316,1743265213477.923
1766793600,DOGE,0.1220155076056694,1089140061.614396,18584667706.453857
1766793600,DOT,1.7223866263520744,145323670.47765929,2840026136.159914
1766793600,ETH,2926.4701674105486,18903895818.69645,353219445854.79834
1766793600,HBAR,0.11161474805087664,101599987.57010944,4774631756.142812
1766793600,LINK,12.175895199590846,321110902.20345634,8623005089.277
1766793600,LTC,76.82721772698517,310693076.55726045,5886869258.1996565
1766793600,SHIB,7.118472361469211e-06,100774721.1245358,4194518950.7373295
1766793600,SOL,122.19194432561508,4179421976.033216,68754169608.94904
1766793600,XLM,0.21339623598572913,89958155.03066736,6912521995.535395
1766793600,XRP,1.8424924442028972,2102790305.9407692,111622768871.87404
1766793600,XTZ,0.47522621768525464,49821795.30968546,508462129.8710429
1766880000,AAVE,157.0411415089332,269510449.1990565,2384229377.201078
1766880000,ADA,0.3697231085200241,395945247.7113859,13551164838.240566
1766880000,AVAX,12.689310972743394,185230587.01170424,5449773541.801208
1766880000,BCH,622.9930631028565,296285681.56076795,12439669011.80934
1766880000,BTC,87852.98655230374,15521583398.6969,1753170406449.7837
1766880000,DOGE,0.12429608967501032,493764401.171438,20880895130.22679
1766880000,DOT,1.9127347363890368,197006510.4611482,3155064588.0879264
1766880000,ETH,2947.7123005407134,7524342177.165679,355789194202.7286
1766880000,HBAR,0.11523432070365151,61121158.12120002,4926622858.73593
1766880000,LINK,12.50156451629601,221412162.69819257,8840506613.807661
1766880000,LTC,80.20124909331277,298808121.74966866,6143816312.710544
1766880000,SHIB,7.378035012367094e-06,83649248.09339799,4344204050.309662
1766880000,SOL,124.67249933750114,1873509643.8616233,70150238432.77664
1766880000,XLM,0.22073090608962775,66104743.22888927,7145218448.155274
1766880000,XRP,1.8729261583846584,984231005.2452816,113447173533.36038
1766880000,XTZ,0.48506947457411526,22467597.00248736,519050362.8159213
1766966400,AAVE,153.46645965560592,203993352.6606436,2331695295.0544944
1766966400,ADA,0.368269989764252,473262938.4480467,13498128032.744057
1766966400,AVAX,12.638134958010566,220232941.6429532,5429552698.204011
1766966400,BCH,621.513431590896,347235866.5604711,12413576133.753956
1766966400,BTC,87867.03943448896,17379845114.74183,1753776420254.8835
1766966400,DOGE,0.12380674879477664,437808786.30913854,20813214584.620377
1766966400,DOT,1.8481714058081111,109887215.88755828,3050668516.9752254
1766966400,ETH,2948.8317693857384,9476414204.840725,355886730370.1094
1766966400,HBAR,0.11536657258682144,58560800.69695499,4935535614.833706
1766966400,LINK,12.475813334540495,246343554.7664365,8832465332.573654
1766966400,LTC,78.61549970104214,306245371.5864814,6027651660.525075
1766966400,SHIB,7.393182444792091e-06,76450991.13825266,4355112613.574669
1766966400,SOL,125.15033815137768,2237013657.4398346,70460720002.73882
1766966400,XLM,0.22018227580845504,80986047.86794977,7128751339.901609
1766966400,XRP,1.8642306664406223,980013614.1200165,112943603894.92567
1766966400,XTZ,0.49846114981565054,18312021.15299572,533385993.9186425
1767052800,AAVE,149.25963345708692,226820946.46845555,2268210770.271434
1767052800,ADA,0.3528371286337113,741813488.797261,12935764052.156086
1767052800,AVAX,12.36069753815777,396458559.4668613,5308290337.204941
1767052800,BCH,598.5278155839219,534744308.461694,11953458895.566755
1767052800,BTC,87154.68240604762,53486264296.63849,1740448227093.1155
1767052800,DOGE,0.1226914888812764,1062724662.493126,20628055427.381504
1767052800,DOT,1.822380255530289,150413946.67592132,3006919768.8177
1767052800,ETH,2934.356280609806,28082271198.718864,354128526675.7914
1767052800,HBAR,0.11270090450347518,115110716.1254219,4819409463.352282
1767052800,LINK,12.288664981320728,459364382.3006468,8701120175.339237
1767052800,LTC,78.24382557809534,415722163.38943976,5997948625.905188
1767052800,SHIB,7.189063686113371e-06,103665543.9758654,4235103568.718642
1767052800,SOL,123.12034386014282,5194751447.630124,69280873839.90186
1767052800,XLM,0.21590258846363908,117984254.36233675,6994683182.9074745
1767052800,XRP,1.8486201599206935,2232072024.8238993,111917388075.08817
1767052800,XTZ,0.491560570799421,20392617.21785322,526317657.57916456
1767139200,AAVE,149.30108495821983,160617707.20755962,2266145415.5497584
1767139200,ADA,0.3509845310466914,492389850.3058426,12876040400.788183
1767139200,AVAX,12.559335684080734,235788015.14749163,5396322172.714287
1767139200,BCH,594.8266943305283,389846477.80201447,11885480354.112677
1767139200,BTC,88363.72223633934,39887379620.636406,1765901370591.8586
1767139200,DOGE,0.1231584472638915,907023510.602673,20719597373.362656
1767139200,DOT,1.809915232340782,118100718.04409242,2987863022.1579723
1767139200,ETH,2967.9804137872784,19289785214.006233,358627284965.09863
1767139200,HBAR,0.11157985186320224,96762895.11254178,4779727700.846669
1767139200,LINK,12.405973712679632,313549389.0773421,8789286692.352272
1767139200,LTC,78.7195687867847,347517496.11990774,6038117897.949924
1767139200,SHIB,7.096139234365212e-06,81230219.34697753,4181264962.2523904
1767139200,SOL,124.82656574921522,3448572332.3951654,70287099902.24979
1767139200,XLM,0.21048796647053025,115796529.87324806,6816606766.829335
1767139200,XRP,1.8748614021351784,1711892885.853258,113773989214.96698
1767139200,XTZ,0.5190686594727332,33329649.024961088,556413193.2024547
1767225600,AAVE,145.9763174843862,757025373.8412548,2215971927.7963
1767225600,ADA,0.333289833836659,593519223.1743503,12221610723.136644
1767225600,AVAX,12.309496315780976,250290328.86596745,5289228437.606301
1767225600,BCH,599.3460884133228,210161402.0662905,11971894976.114069
1767225600,BTC,87575.04615968224,39392066176.06047,1748854230148.607
1767225600,DOGE,0.1174700633754536,2076263070.7982259,19750068266.900658
1767225600,DOT,1.7869778385987556,114177779.61702107,2949917555.7417626
1767225600,ETH,2970.028682356399,20381481311.55118,358467366367.18896
1767225600,HBAR,0.10639225990220885,117047538.26319772,4551110700.6722145
1767225600,LINK,12.19980447446588,309812873.04970044,8638681187.896624
1767225600,LTC,76.69256959230326,340649743.14419925,5881360144.7415905
1767225600,SHIB,6.91914530094019e-06,105934682.75688176,4077065318.975307
1767225600,SOL,124.52107166245452,4630115870.0734215,67615121227.52725
1767225600,XLM,0.20112553046618256,162600762.90351793,6513453146.894747
1767225600,XRP,1.8405299312812542,3116615558.6404867,111676719001.29428
1767225600,XTZ,0.4952689976267753,32992864.111472514,530227177.50840616
1767312000,AAVE,149.03818456618424,112306175.00423789,2262471035.830955
1767312000,ADA,0.35682732758824154,318705971.73655903,13084721615.895182
1767312000,AVAX,13.647491012078452,447362538.7204435,5865341420.146748
1767312000,BCH,593.2594845046004,226856258.20953023,11850397074.32016
1767312000,BTC,88764.12624075128,20428177253.73692,1772643389813.6357
1767312000,DOGE,0.12679944159034542,1246615542.2515695,21320348876.170403
1767312000,DOT,2.0034702607753134,212229275.76208067,3307889243.2383943
1767312000,ETH,3003.8548082170178,11171495754.153849,362549964638.6268
1767312000,HBAR,0.11489262450254992,101407019.8562792,4914728320.303107
1767312000,LINK,12.625288968434779,259159652.3722344,8939966745.504036
1767312000,LTC,79.90061922037472,280080556.32633877,6127659046.489217
1767312000,SHIB,7.477388755400135e-06,112307910.18786992,4406006952.55054
1767312000,SOL,126.95621771235598,2577741993.5544615,68937409039.3215
1767312000,XLM,0.20855607609552274,98970784.24652392,6754089091.291758
1767312000,XRP,1.8802422167207002,1034737436.9155638,114086317273.26202
1767312000,XTZ,0.505480456361624,14213556.808233876,541213485.1739163
1767398400,AAVE,165.55099142616407,268266937.49825948,2513169143.544198
1767398400,ADA,0.3959838230091315,360082944.07111454,14520575325.585388
1767398400,AVAX,13.818636712978261,424208732.83382267,5944206875.906788
1767398400,BCH,610.3941245605577,351796652.2499227,12193112797.79467
1767398400,BTC,89978.91920361611,45168875313.07379,1796943351423.4443
1767398400,DOGE,0.1421121633725655,3007807725.7437267,23896989229.33427
1767398400,DOT,2.165203975824513,241689031.41096038,3575679395.364912
1767398400,ETH,3135.108477674636,2968683098.009085,378391580872.4133
1767398400,HBAR,0.12208512772602388,189363512.71537727,5224405668.792095
1767398400,LINK,13.271946750148317,566987382.3111039,9397865101.628326
1767398400,LTC,81.87895454211542,375024906.15499204,6279695834.399319
1767398400,SHIB,8.11969495529621e-06,221077840.39650556,4784482031.1987295
1767398400,SOL,132.31679963702925,4610750565.580847,71848212743.84955
1767398400,XLM,0.22006291696951194,215291315.82166046,7128002861.188506
1767398400,XRP,2.008929428891526,3157287493.089412,121894593242.26888
1767398400,XTZ,0.5266437452976903,21046052.329208996,563930726.6995591
1767484800,AAVE,162.60644349829593,193736477.863412,2468476124.837635
1767484800,ADA,0.38888289012500665,265670223.18915385,14260186832.837584
1767484800,AVAX,13.963654108006782,368445480.71352065,6007118536.48002
1767484800,BCH,654.8411226334531,544524554.4836528,13081323114.170412
1767484800,BTC,90614.40684381907,22325348071.737984,1809678441959.2795
1767484800,DOGE,0.1427883625024324,1409960757.8186896,24012652257.942787
1767484800,DOT,2.1235156686871695,165129881.2166914,3507425760.4118676
1767484800,ETH,3130.7963686371836,1833399982.7407174,377871070454.3231
1767484800,HBAR,0.12109658732281893,110230117.74729301,5182102923.306772
1767484800,LINK,13.214930693943213,325990345.4245958,9357492033.91417
1767484800,LTC,81.97871629873966,330102455.07213086,6287639610.97155
1767484800,SHIB,8.076867646500503e-06,129702767.36963625,4759246276.064207
1767484800,SOL,133.30031232821088,2609331742.9730067,72382261551.45476
1767484800,XLM,0.22191153644094422,122445898.30996539,7187879093.719919
1767484800,XRP,2.017668118968793,1908108527.1198943,122424825443.12148
1767484800,XTZ,0.5314479269490854,20111906.649116497,569133462.1734095
1767571200,AAVE,164.78825399721688,164489688.98346525,2501720963.285847
1767571200,ADA,0.40193467269722494,231762084.62115526,14741577304.591333
1767571200,AVAX,14.293491091379003,305821829.48161995,6149175515.146519
1767571200,BCH,641.2780473959474,442978838.4992875,12810484835.547863
1767571200,BTC,91879.5772256957,26083966420.127327,1834987309777.0288
1767571200,DOGE,0.14991234903820938,2127673045.6879063,25212716562.623436
1767571200,DOT,2.1494947824221797,119254488.98706466,3550977390.5226
1767571200,ETH,3153.1033957378954,13358809647.653217,380563376620.20197
1767571200,HBAR,0.12606388256003762,162685015.83771816,5394669071.861342
1767571200,LINK,13.467499666757117,331393896.88165116,9536336116.100935
1767571200,LTC,82.43810151405931,328638789.21865076,6323158666.796704
1767571200,SHIB,9.092638680775417e-06,330139731.77977437,5357783235.036663
1767571200,SOL,134.43165907625135,3038018996.8253036,72996584464.82068
1767571200,XLM,0.233727324243885,128347242.85726005,7570598739.835736
1767571200,XRP,2.0952690617533083,1953947124.9928083,127133370810.56844
1767571200,XTZ,0.5464817844440438,19257828.62609395,585293461.6608145
1767657600,AAVE,171.29099360745138,252152596.4133164,2600465470.1403227
1767657600,ADA,0.4219017745672528,422388117.3271641,15473901723.856838
1767657600,AVAX,14.46409960146348,458395224.5985287,6222800522.525494
1767657600,BCH,645.4853709432389,483236248.9436072,12894992302.838646
1767657600,BTC,93879.9479734475,55002520537.91729,1874977643561.6355
1767657600,DOGE,0.15179091777953196,1925609593.2704723,25530724345.529022
1767657600,DOT,2.209436436948689,213285717.41417754,3650567238.138558
1767657600,ETH,3227.3933194586493,26428294466.340294,389529756944.73987
1767657600,HBAR,0.13209682800194164,221494923.98026302,5652837736.251022
1767657600,LINK,13.924626332934782,621651079.3194066,9860027494.914429
1767657600,LTC,83.5020838990991,465692462.5164356,6405087006.339166
1767657600,SHIB,9.25005567623451e-06,413750037.503936,5450540253.598456
1767657600,SOL,138.0003095859337,4869355200.753829,74934366830.56306
1767657600,XLM,0.25338193645253876,354655443.77167076,8212808541.127566
1767657600,XRP,2.3537764079779833,5992113979.323487,142818664362.9566
1767657600,XTZ,0.5585973728586469,22886180.47815554,598330990.0777105
1767744000,AAVE,175.82745564629175,327519316.7307846,2669389326.6986384
1767744000,ADA,0.4187394055453495,417944140.8245752,15357916936.853527
1767744000,AVAX,14.578823311237194,488165810.8428636,6272236265.64122
1767744000,BCH,636.6984315739624,386216771.82505363,12719712489.8575
1767744000,BTC,93649.6319764084,54207403508.290565,1870414277860.5935
1767744000,DOGE,0.15023325273381483,2053028313.1352963,25270788493.70959
1767744000,DOT,2.2323927120496982,219209418.45640028,3689244088.7606506
1767744000,ETH,3291.912961414173,28469573226.50492,397316871893.3528
1767744000,HBAR,0.12883225348409802,251095463.95318305,5513136349.732332
1767744000,LINK,14.011292889762352,701826258.6684287,9921396081.24326
1767744000,LTC,83.86390320719538,432834760.8745269,6433125752.15151
1767744000,SHIB,9.113320872621787e-06,267713181.08480194,5369969954.661118
1767744000,SOL,140.8297481272592,6070588562.286307,76470756032.99591
1767744000,XLM,0.24344438712945266,344297513.9516926,7890751334.660678
1767744000,XRP,2.302665904957429,4730309335.26894,139717463351.86096
1767744000,XTZ,0.5980598665255548,30706461.39279722,640666443.7120118
1767830400,AAVE,167.49850340816153,251624667.05685318,2543036340.2776885
1767830400,ADA,0.4020882127968396,331745076.5317683,14747208625.802402
1767830400,AVAX,14.114392539994538,358717222.72894984,6072553353.5950775
1767830400,BCH,628.9685278322144,197997672.61620224,12565411321.376305
1767830400,BTC,91286.03314397692,43637876514.88601,1823249641248.364
1767830400,DOGE,0.1462971179680257,1418289706.5175722,24610704386.11682
1767830400,DOT,2.144780858308205,147718832.935882,3545127858.665595
1767830400,ETH,3167.4127745767946,5848182737.430389,382290206190.8564
1767830400,HBAR,0.12382967453621903,159550310.73270947,5299060300.501802
1767830400,LINK,13.430447092999652,492750619.7069284,9510099189.718082
1767830400,LTC,81.60364909448411,388929719.2674144,6260029783.452442
1767830400,SHIB,8.779983570686418e-06,144573091.39775562,5173552924.996279
1767830400,SOL,136.19851494230633,4048166632.276265,73955989744.42442
1767830400,XLM,0.23390633750323503,119859963.2870386,7581592412.146549
1767830400,XRP,2.1649537840046547,3762951943.633923,131361588463.1493
1767830400,XTZ,0.5673417257875906,20353555.396980748,607822713.5881424
1767916800,AAVE,164.34967104635015,269817576.67870873,2495266515.9017935
1767916800,ADA,0.3959714101601821,312036508.97927606,14522865405.2484
1767916800,AVAX,13.881997039441279,301251153.5533327,5973037540.055128
1767916800,BCH,631.8659652629105,350446372.2590598,12623736096.283344
1767916800,BTC,91027.66616983686,45523345076.77888,1818127709176.3096
1767916800,DOGE,0.1419794466774541,1556368322.8701847,23886321556.497887
1767916800,DOT,2.1128775341497223,131551986.87957284,3493100724.198336
1767916800,ETH,3106.059127932304,23170125276.17499,374885083400.75244
1767916800,HBAR,0.12086589978331604,163464646.7355844,5172231079.711529
1767916800,LINK,13.2181750721035,438962466.54478496,9359789377.993607
1767916800,LTC,81.24911713587088,361127624.62124556,6233139423.190639
1767916800,SHIB,8.751638663864505e-06,135492028.3177139,5156850846.251501
1767916800,SOL,138.37930950675758,4753587618.801249,75140164333.34393
1767916800,XLM,0.2302873664402553,132817494.63800618,7464288692.550985
1767916800,XRP,2.1256948975795935,3742421658.6571007,128979500808.34914
1767916800,XTZ,0.5872461234142353,30384231.3633908,629177552.2961825
1768003200,AAVE,169.03228145866444,212063273.2214108,2566370637.802724
1768003200,ADA,0.404052043205739,256252190.8128348,14822021963.669731
1768003200,AVAX,13.806956705217805,298304302.4759394,5940849737.360688
1768003200,BCH,632.7785455444442,247196238.8927067,12642096617.337528
1768003200,BTC,90551.71363174269,40577564756.70896,1808660912220.566
1768003200,DOGE,0.14091486367700884,1207578215.6596503,23709134808.236446
1768003200,DOT,2.0854060303910003,126680652.62509464,3448374026.8460655
1768003200,ETH,3085.4102699805294,19145157092.87242,372392811824.29297
1768003200,HBAR,0.12059617553346068,157734359.46496233,5160688732.780212
1768003200,LINK,13.642366564584028,393066376.2439014,9660159361.285307
1768003200,LTC,81.38434282943173,314398867.353513,6243814573.079655
1768003200,SHIB,8.890161806940313e-06,114493656.77834329,5238474770.640553
1768003200,SOL,135.86713631404515,4829532489.117524,73776050672.08148
1768003200,XLM,0.22803889589359785,145380408.5611835,7391680449.120368
1768003200,XRP,2.099232369107714,2995287202.5548153,127423336688.94632
1768003200,XTZ,0.585916770477017,30896184.56242339,627818335.4704787
1768089600,AAVE,170.41994946465067,131803223.20513454,2587709072.473032
1768089600,ADA,0.4049871552449417,196767872.4350445,14856325097.180918
1768089600,AVAX,13.797156483802986,135094551.3463126,5936721230.290427
1768089600,BCH,641.8531636923951,196379601.40525293,12823686586.423302
1768089600,BTC,90420.29795170767,13130560424.187477,1806081524434.709
1768089600,DOGE,0.1402871685158949,440976912.6624931,23605447503.508
1768089600,DOT,2.095878518493401,71732153.58343403,3466317645.6370497
1768089600,ETH,3086.1247025890502,7690354756.801953,372478999268.31433
1768089600,HBAR,0.11851839733493207,58001181.6883492,5071774084.447867
1768089600,LINK,14.094074499648586,207334658.74253964,9980013736.757719
1768089600,LTC,81.08874075748552,198655946.74221936,6221432941.333954
1768089600,SHIB,9.008242613295448e-06,72999527.21859692,5308053145.407735
1768089600,SOL,135.84312878216107,1679263951.9769797,73763014547.69672
1768089600,XLM,0.22614733261210648,70234325.37645185,7330364637.194583
1768089600,XRP,2.0997361524874876,1042704016.7474144,127453916323.75182
1768089600,XTZ,0.5880830202633317,21227115.718164403,630204811.022565
1768176000,AAVE,171.7057667167596,174692829.55145013,2607260231.282839
1768176000,ADA,0.40949787476742106,172206884.84322703,15021793840.523218
1768176000,AVAX,13.727501079817273,184810767.38569823,5907042813.972636
1768176000,BCH,647.5566244800144,545768145.2003021,12938122605.367123
1768176000,BTC,90856.55910152226,18738794931.937737,1814830239671.1992
1768176000,DOGE,0.13820607826963027,701525664.4032276,23257187987.551258
1768176000,DOT,2.0661759969263827,75495267.62570035,3417833428.648056
1768176000,ETH,3120.1733886182465,3657548648.4503293,376588474098.12317
1768176000,HBAR,0.11759076181568245,94726489.99559279,5032077650.041359
1768176000,LINK,14.026393148633888,232781386.49421403,9932088574.10402
1768176000,LTC,78.59700971059593,317420449.1462446,6030559586.934326
1768176000,SHIB,8.744447764697017e-06,90630699.04257879,5152613553.704482
1768176000,SOL,139.3201851544604,3156774482.495561,75651061164.94128
1768176000,XLM,0.22389315620934178,93118068.77936521,7257295445.174977
1768176000,XRP,2.0772442326828475,1559879200.5767515,126088657521.42798
1768176000,XTZ,0.5774714422704607,18741111.689305894,618897276.5525898
1768262400,AAVE,167.21918931810643,308384306.65224534,2539190676.396876
1768262400,ADA,0.39904040334998486,258230696.70826176,14638177735.518738
1768262400,AVAX,13.51248706746206,499454648.32011175,5816311048.860501
1768262400,BCH,620.6221085383274,591515942.1382158,12400221669.4198
1768262400,BTC,91200.62761511702,44068501423.7581,1821743571887.9038
1768262400,DOGE,0.13675683429081165,1179195432.0121777,23015160903.014217
1768262400,DOT,2.053486605588807,132757970.8521158,3397614032.702682
1768262400,ETH,3091.684735239076,20575353540.85714,373150020016.49835
1768262400,HBAR,0.1153047252254152,154518400.64217544,4934250971.69626
1768262400,LINK,13.568428413055384,397231782.300846,9607803758.372555
1768262400,LTC,75.97383926785841,629876536.4324626,5829565430.831317
1768262400,SHIB,8.605330205096276e-06,118325948.79883415,5070639363.609876
1768262400,SOL,139.07230582809257,6023569103.177238,75516462333.76842
1768262400,XLM,0.21925952223167658,152856056.00553685,7107098431.121382
1768262400,XRP,2.0604534414889404,1910447398.335464,125069457040.78542
1768262400,XTZ,0.5618579365426664,24043353.046896353,602225311.7368702
1768348800,AAVE,179.86774567850833,382608597.9299881,2731257105.5284514
1768348800,ADA,0.43054102832477803,420600562.30148184,15826825929.654009
1768348800,AVAX,14.79190405114157,632355864.0424118,6367716757.68036
1768348800,BCH,616.284465543009,536110091.74188936,12313800734.649546
1768348800,BTC,95429.1573224277,62945393253.68035,1906249903552.0205
1768348800,DOGE,0.148758011422247,1800513043.0824504,25036912450.519936
1768348800,DOT,2.29370494957283,324301977.87803847,3795813831.8652163
1768348800,ETH,3330.50442935756,33330862704.46805,401974251658.0505
1768348800,HBAR,0.1229867877362883,208907338.5478161,5262990529.731521
1768348800,LINK,14.401082805900629,592139824.8224087,10197406309.343489
1768348800,LTC,78.31219711376045,871505169.4462838,6009284643.0494795
1768348800,SHIB,9.160199323430608e-06,177114237.54875824,5397592670.310696
1768348800,SOL,145.73859432253883,6937255626.185936,79136266585.94754
1768348800,XLM,0.25266282489725095,190768886.84546408,8190114830.834476
1768348800,XRP,2.1691514760656063,3870174207.3280487,131667424212.5552
1768348800,XTZ,0.5992968191308707,29288719.907074552,642419954.5753627
1768435200,AAVE,180.58144990796143,271872736.1427563,2741809027.4652934
1768435200,ADA,0.42101321778553735,430463352.31947875,15476580566.321218
1768435200,AVAX,14.627543759707349,427434772.1448764,6299967123.356903
1768435200,BCH,597.4669545342385,505514185.2379429,11938095447.686386
1768435200,BTC,96898.76071081961,61382472736.98417,1935642376552.2793
1768435200,DOGE,0.1472853106287474,1631843139.7141757,24791099294.004482
1768435200,DOT,2.2240515745683376,187007191.4878732,3681281221.4238715
1768435200,ETH,3351.816081641762,32668598575.116543,404546373479.0561
1768435200,HBAR,0.1235718444872327,255537460.8002357,5288026943.90325
1768435200,LINK,14.418189093630502,575458127.6280662,10209519271.179565
1768435200,LTC,76.63997591422174,1060994219.4579384,5881229758.70896
1768435200,SHIB,8.849306162999283e-06,209114089.81401953,5214400722.095476
1768435200,SOL,146.51080044413305,5243436903.421723,79555575621.97774
1768435200,XLM,0.23703191542894894,273133976.02560705,7683483757.110763
1768435200,XRP,2.142144757060112,3211884817.5192475,130026219900.49721
1768435200,XTZ,0.582850202579682,29368859.99504454,624854439.4105549
1768521600,AAVE,173.80341478053546,329122213.3814278,2638932473.483334
1768521600,ADA,0.4038088053691886,310144506.8098553,14844140862.270233
1768521600,AVAX,13.832710562044614,355219689.4272235,5958712800.234783
1768521600,BCH,590.6787655682159,787633530.0753571,11802566474.82485
1768521600,BTC,95593.30783680787,55642771728.32982,1909607764838.513
1768521600,DOGE,0.14023420103770082,1386002650.4088423,23606177424.223602
1768521600,DOT,2.1174286122926174,153477788.5169349,3505523438.179271
1768521600,ETH,3319.2231658916444,27127627892.625633,400612477635.317
1768521600,HBAR,0.11803368528771903,150874374.77791473,5051031735.264784
1768521600,LINK,14.126011679941518,554962855.7390372,10002628453.179483
1768521600,LTC,72.30090092419435,954962250.2931738,5548489673.054704
1768521600,SHIB,8.63932412158514e-06,121905524.34057142,5090670029.408417
1768521600,SOL,142.37528313106432,4072289172.4284463,77309983765.68799
1768521600,XLM,0.2283267359847242,166830940.70823926,7401393469.037746
1768521600,XRP,2.0877664284447053,1225119643.715811,126725505282.09201
1768521600,XTZ,0.5824359257732555,47674831.79349723,624474433.7910545
1768608000,AAVE,178.52754598011828,222337672.9927884,2710686063.5440803
1768608000,ADA,0.4097288050499064,251965204.43837512,15061761944.31877
1768608000,AVAX,13.610848624042324,327599929.52663666,5865253264.61123
1768608000,BCH,599.4657253232735,435335621.7489525,11978391054.99753
1768608000,BTC,95523.1861982478,34566775915.66836,1908245771104.619
1768608000,DOGE,0.1384190045320491,1260746585.4950318,23302497950.807236
1768608000,DOT,2.1224966849551254,145153355.18177432,3514570832.2516522
1768608000,ETH,3292.5138978949726,9232226643.603647,397388689792.2721
1768608000,HBAR,0.11905290213559151,122658247.97945572,5094647222.079004
1768608000,LINK,14.251930640672354,353340353.1011344,10091791665.552408
1768608000,LTC,75.17808467793625,618492576.9693271,5769539908.406649
1768608000,SHIB,8.804437563400498e-06,110635075.40986234,5187962099.721168
1768608000,SOL,144.91193902286835,3333559836.510176,78687391567.81316
1768608000,XLM,0.22607730865504438,140214741.1842512,7328579816.128138
1768608000,XRP,2.07410393103093,1565763175.4365306,126083738297.88557
1768608000,XTZ,0.6205614858435201,44798063.552729554,665420995.7243713
1768694400,AAVE,173.80123120960576,167347925.674082,2638920507.309932
1768694400,ADA,0.3967712286283956,227414276.33364654,14585437289.984686
1768694400,AVAX,13.750084886318893,182599104.65297693,5925551343.00969
1768694400,BCH,593.8955353618219,283548121.2218119,11867732761.120535
1768694400,BTC,94802.88170431636,339120955.93127555,1893940780540.7515
1768694400,DOGE,0.13780545835972827,539802771.5526345,23202874591.43014
1768694400,DOT,2.180926172259167,139675710.77501008,3612705560.028335
1768694400,ETH,3307.0701203970584,9590348432.129143,399145479765.2144
1768694400,HBAR,0.1187779726825267,73143117.6437084,5083028967.270686
1768694400,LINK,13.73548053423346,203070056.6668497,9726093360.442793
1768694400,LTC,74.85102387074114,308220819.2074794,5744947687.654917
1768694400,SHIB,8.479919463348977e-06,63775381.88811688,4996741705.677939
1768694400,SOL,143.68428258663917,1617770172.3976188,78020772355.07135
1768694400,XLM,0.23046798059524784,114175212.79043587,7470907022.743013
1768694400,XRP,2.0618262747123546,940805196.7048817,125337385724.60191
1768694400,XTZ,0.6018363983733144,29507062.339156236,645475711.9847277
1768780800,AAVE,168.45894820220448,238417984.37434602,2557805660.850171
1768780800,ADA,0.3854473475670019,170852952.58703625,14169167799.701431
1768780800,AVAX,12.748576434583626,224348554.23115742,5494028682.94237
1768780800,BCH,587.9506165422999,173460651.7382318,11748789278.736631
1768780800,BTC,93344.2194849136,21298841865.41941,1864801600128.905
1768780800,DOGE,0.12841431981457588,690654339.9550261,21621717839.40801
1768780800,DOT,2.016026002037436,124086718.01122642,3339548325.546735
1768780800,ETH,3277.768640868265,2106331225.2783458,395608949640.7952
1768780800,HBAR,0.1107723213906376,93404769.59542094,4740432133.03036
1768780800,LINK,13.621828268110537,333835503.84752744,9645616194.15928
1768780800,LTC,70.68359919308803,350123729.70111763,5425109070.784271
1768780800,SHIB,8.287956656896967e-06,91024233.20262125,4883628772.815375
1768780800,SOL,135.50334566395688,2773931110.537374,73578511825.21194
1768780800,XLM,0.21287698795863907,117251238.52036095,6900672936.531687
1768780800,XRP,1.9623858048175262,1043651252.1898334,119292449405.42412
1768780800,XTZ,0.575364382300956,43430150.651038036,617085552.815891
1768867200,AAVE,166.73004109517393,253573153.2630886,2531563081.650618
1768867200,ADA,0.37774463014372683,439359094.02748257,13888603555.861286
1768867200,AVAX,12.740685819191837,362628008.2795333,5490780948.270186
1768867200,BCH,583.280110529454,277133853.9349432,11655894181.96791
1768867200,BTC,92566.01277952259,39097643741.27547,1849293615306.6567
1768867200,DOGE,0.12926301248621508,1680907032.213538,21766372866.432945
1768867200,DOT,2.0287957776436474,218050447.84332383,3361430800.0028577
1768867200,ETH,3186.780739691063,26066522055.12842,384627179057.7912
1768867200,HBAR,0.1110175749652312,158415911.77253443,4750927606.192704
1768867200,LINK,13.267823793020362,516077387.6199207,9394945635.807844
1768867200,LTC,70.78158478076105,597370691.5563607,5432881822.036714
1768867200,SHIB,8.321859281672916e-06,152099130.17126015,4903605442.060309
1768867200,SOL,133.4132387086627,4100379502.827502,72443580738.65814
1768867200,XLM,0.2155938326563558,205721295.7077017,6988740449.019767
1768867200,XRP,1.9906966052723087,2796215760.043951,121013448773.9419
1768867200,XTZ,0.6128130289469701,59619808.21522764,657317748.8950036
1768953600,AAVE,157.72829823846635,197034804.29744592,2394732725.9395347
1768953600,ADA,0.3646943625417796,277436384.3720623,13408782061.238365
1768953600,AVAX,12.133125766422003,352608701.80946785,5231948514.99689
1768953600,BCH,573.587890439406,305661180.55828786,11462478172.918243
1768953600,BTC,88416.88686186896,56511733044.1349,1766441725515.5132
1768953600,DOGE,0.12395148788872755,1213495834.1545653,20873693725.16017
1768953600,DOT,1.904681334361466,165962429.62954435,3156378561.0003123
1768953600,ETH,2941.883255665837,31623540888.00539,355069320367.48303
1768953600,HBAR,0.10620329141624577,150231736.05435398,4544903356.216532
1768953600,LINK,12.669350593857736,429436428.9276314,8971166781.164124
1768953600,LTC,67.23054830152012,492813057.69279826,5160571220.16352
1768953600,SHIB,7.998749962381456e-06,126315443.09776036,4713215210.421329
1768953600,SOL,126.10764632319889,4946860262.895155,68476633553.03593
1768953600,XLM,0.20765840106471956,141282033.63216838,6731543157.2086115
1768953600,XRP,1.897534540776928,2913254778.5525484,115350173571.87047
1768953600,XTZ,0.5606442578895094,30808998.89535616,601423190.276892
1769040000,AAVE,162.6074466950725,288387506.2273832,2468890315.1193514
1769040000,ADA,0.3784074059930724,293729303.19735485,13912971952.612438
1769040000,AVAX,12.469842763584605,377982816.38290447,5377227272.756211
1769040000,BCH,584.2143930296238,353340963.23957247,11675111982.903852
1769040000,BTC,89453.90473719541,57881569376.12667,1787198131481.9512
1769040000,DOGE,0.1270264288270556,1427667065.9945233,21393236434.716904
1769040000,DOT,1.9601408081772569,148765750.10800087,3248921438.489381
1769040000,ETH,2984.174965536145,35069368657.97486,360173623557.21564
1769040000,HBAR,0.10981499381853886,206601626.44133666,4699463899.034878
1769040000,LINK,12.846517554094586,496825764.84761924,9096618700.473011
1769040000,LTC,68.5614890868123,464977009.19404465,5262986579.779336
1769040000,SHIB,8.238896904300029e-06,135582234.03558326,4854720308.021149
1769040000,SOL,129.72621773671372,4717631462.533565,70441523041.44725
1769040000,XLM,0.21312465315769694,202240319.95849967,6908737917.125672
1769040000,XRP,1.9552925197479913,4061785322.5423923,118861252161.64136
1769040000,XTZ,0.5994311710150437,44671829.45674567,643098140.1511247
1769126400,AAVE,159.88917800046397,289844191.2117706,2427625803.3231287
1769126400,ADA,0.37503064062022234,234071345.80418536,13791417202.938541
1769126400,AVAX,12.252800261632773,209684702.32613957,5283992371.008874
1769126400,BCH,597.9918413856822,211117938.6970454,11950547336.400627
1769126400,BTC,89483.65163014928,36359870189.76939,1787836917555.1865
1769126400,DOGE,0.125034528150945,742886769.4435384,21059468440.46205
1769126400,DOT,1.9309504341156234,92089578.13230073,3201138263.4425254
1769126400,ETH,2951.3870755868147,7553069376.804171,356216160217.3739
1769126400,HBAR,0.10876242505682795,100873985.52535795,4654419877.007951
1769126400,LINK,12.967907931942168,316489176.88804716,9182575223.440113
1769126400,LTC,68.20438669591304,308619159.7293689,5235825401.173178
1769126400,SHIB,8.159643878555026e-06,95584085.65603237,4808020867.914655
1769126400,SOL,128.50157375860476,2830349177.3459754,69776539597.80278
1769126400,XLM,0.21203494778318757,87369484.27677903,6874551851.997987
1769126400,XRP,1.937447931368259,1166560296.5831382,117776488578.8515
1769126400,XTZ,0.5867306113714641,25309547.912332505,629537842.3837099
1769212800,AAVE,159.7379036942935,300568038.54945934,2425335396.272864
1769212800,ADA,0.37564715140774724,247441380.57526955,13814088837.093039
1769212800,AVAX,12.178991865141798,243005273.66539022,5252228016.680377
1769212800,BCH,594.7206498587218,206668620.8901059,11885425219.88953
1769212800,BTC,89524.84864062016,39792198050.71474,1788698866227.4563
1769212800,DOGE,0.12542050127293178,782640834.6195309,21126183312.36333
1769212800,DOT,1.9301734031703,106640316.34319653,3200502687.036786
1769212800,ETH,2955.1225550231966,21687027147.554882,356666947300.5546
1769212800,HBAR,0.11000281130465092,111062357.85569306,4707501429.801088
1769212800,LINK,13.031740484238725,281746261.39445126,9227775051.835218
1769212800,LTC,68.03520286738335,319113237.9196004,5223068612.155146
1769212800,SHIB,8.182677662166017e-06,105965467.65355858,4821593323.523091
1769212800,SOL,127.45408198467358,3203616011.1368947,69207750056.13239
1769212800,XLM,0.2122233896566872,94589727.62755644,6881011420.768585
1769212800,XRP,1.9285098497451156,2228776356.7944016,117356059877.31383
1769212800,XTZ,0.5940732643244528,30334130.5039175,637482189.9882764
1769299200,AAVE,162.10477524978316,132882659.54629384,2461347032.488829
1769299200,ADA,0.39210763425497736,109522601.3142446,14419408407.602081
1769299200,AVAX,12.163610638743245,110787705.01031554,5245661345.898672
1769299200,BCH,592.9282136023551,131070906.87491293,11850055690.903238
1769299200,BTC,89149.95970929884,15238062167.099787,1781238125881.8794
1769299200,DOGE,0.12566888413322286,354978314.84124637,21169730719.391235
1769299200,DOT,1.9347246559135762,62605305.271579646,3208619981.5179405
1769299200,ETH,2950.844309906184,8693090188.785778,356150528554.6088
1769299200,HBAR,0.10944261497461573,55577091.65741429,4683528178.637811
1769299200,LINK,13.444555015569946,185124084.58946484,9520089009.273254
1769299200,LTC,68.17163403502914,195754714.50684184,5233779341.53192
1769299200,SHIB,8.261785798127852e-06,71251362.64801967,4868207261.671288
1769299200,SOL,127.3909695406124,1387940827.6683345,69173479908.12299
1769299200,XLM,0.21168989565801263,69785903.72846828,6863711102.532494
1769299200,XRP,1.9501554599051494,436106982.4924856,118673265243.08244
1769299200,XTZ,0.5957882937182275,15031821.897346841,639387129.2995849
1769385600,AAVE,150.8478424144644,267565407.5246319,2290705138.289545
1769385600,ADA,0.35623127631047347,226016611.54476708,13100087353.417444
1769385600,AVAX,11.526956116148234,271837066.5474093,4971184143.189629
1769385600,BCH,571.8263472365926,221283083.14250448,11428426608.033972
1769385600,BTC,86625.33128140382,36938952712.340645,1730823322190.6162
1769385600,DOGE,0.1198425987645,954187510.0366449,20189920139.758297
1769385600,DOT,1.8246101017948697,123673549.67740522,3026598473.7635098
1769385600,ETH,2812.935403888694,21087108890.108875,339505649535.07916
1769385600,HBAR,0.10372028491594092,112524602.15322018,4438644646.907802
1769385600,LINK,12.101192208074524,413715493.3634957,8568853844.978642
1769385600,LTC,67.19728224601786,441961066.8444525,5159190752.897892
1769385600,SHIB,7.84405650260464e-06,105287389.19287,4622062803.370305
1769385600,SOL,118.66203053729117,4802988600.922261,64433653459.333954
1769385600,XLM,0.2035789432281709,98737655.48231864,6600723613.510017
1769385600,XRP,1.8428444453335122,2642206226.85038,112143043033.83171
1769385600,XTZ,0.5707032164507457,21152917.29099239,612527135.7053173
1769472000,AAVE,156.91256095570253,293422191.9011199,2382816702.3135777
1769472000,ADA,0.36452400225707415,296289673.53495663,13405044951.255482
1769472000,AVAX,11.761324468803583,264489523.85966587,5072459684.011767
1769472000,BCH,577.7502838237741,177973959.91224474,11547054328.484316
1769472000,BTC,88249.90141827049,46474269066.90061,1763317661992.5044
1769472000,DOGE,0.12271610774434354,1034357289.8333986,20675685127.78558
1769472000,DOT,1.8767379468923309,113810112.48529433,3113765418.4130316
1769472000,ETH,2925.763833023022,28713656315.699368,353123365404.17914
1769472000,HBAR,0.10713561824027926,103281486.46034105,4584801697.963662
1769472000,LINK,12.623577716792504,347123357.64325094,8938755008.266703
1769472000,LTC,69.65017371080963,355482203.5672045,5347726980.943931
1769472000,SHIB,8.018320715341552e-06,103615262.68475607,4724746930.475445
1769472000,SOL,124.18651087241786,3765926144.086053,67433454236.7578
1769472000,XLM,0.20706643345661993,120790988.69517526,6714291085.405769
1769472000,XRP,1.9099355322017293,2301866391.7784567,116225752597.78917
1769472000,XTZ,0.5734419758706608,20496494.529144436,615528574.0422744
1769558400,AAVE,161.42877302104517,306131058.3859606,2451232383.4053593
1769558400,ADA,0.37698495917400426,234872769.4032603,13863285524.09245
1769558400,AVAX,12.194998699268345,264680142.5922414,5259707708.398425
1769558400,BCH,599.1723479890051,233701322.17874262,11975476033.214266
1769558400,BTC,89141.65035979386,36377691323.13106,1781169624000.1633
1769558400,DOGE,0.12675702284897009,855046037.9912928,21358258332.223167
1769558400,DOT,1.8808113005018925,97371513.33180599,3121170312.6128483
1769558400,ETH,3020.015731085415,26350282942.671562,364498969960.27167
1769558400,HBAR,0.10872151905103529,94545841.85679322,4652669329.91825
1769558400,LINK,12.733676351543346,349380952.33572,9016715848.280645
1769558400,LTC,69.96206351351573,294787442.59000117,5371886329.953603
1769558400,SHIB,8.154351966297953e-06,103581929.61197041,4804902367.958937
1769558400,SOL,127.20506143377902,3229671536.4282436,69072531538.3981
1769558400,XLM,0.20866921316597717,109078603.21480884,6766583107.685756
1769558400,XRP,1.9256377575635069,2067545396.0865743,117181283781.62389
1769558400,XTZ,0.5779081654193697,20922693.946748186,620384861.260648
1769644800,AAVE,162.24621579499507,345065415.12505114,2463650884.332068
1769644800,ADA,0.3711045724301851,297357612.2469227,13649561545.317514
1769644800,AVAX,12.12782927783752,246830965.52406466,5230874155.783366
1769644800,BCH,590.0449584315053,177054643.82390907,11793486667.859123
1769644800,BTC,89212.20824183176,42462716313.97241,1782608191361.8965
1769644800,DOGE,0.12551382894333868,981664527.4995999,21150491344.818806
1769644800,DOT,1.872923345326367,128466805.56314418,3108692405.924595
1769644800,ETH,3011.815000270356,3496364326.608271,363509125447.9493
1769644800,HBAR,0.10764725085564922,108257927.28220922,4629169656.274625
1769644800,LINK,12.610727352515772,318368168.05443233,8929655665.702044
1769644800,LTC,69.38733738923457,295434223.11511636,5327993139.56105
1769644800,SHIB,8.095428323173765e-06,109814607.61749873,4770181953.951148
1769644800,SOL,125.36504185209182,3093780982.0939064,68073398255.84769
1769644800,XLM,0.21027412428526543,92595018.08948879,6818632186.448899
1769644800,XRP,1.9246498423708593,1234705604.8379178,117121165947.88953
1769644800,XTZ,0.5463223731530934,19659039.77158037,586537707.9265696
1769731200,AAVE,149.90489925692097,349235865.52846974,2276357186.6663785
1769731200,ADA,0.3459311038736233,361392735.4634751,12723658622.263266
1769731200,AVAX,11.077114050889312,459650482.96816117,4777889388.204885
1769731200,BCH,555.0154504523001,248841068.81747982,11093591530.311832
1769731200,BTC,84630.42066738439,65376348930.41441,1691092174731.011
1769731200,DOGE,0.11776119728284205,1684004766.8108249,19845747356.6997
1769731200,DOT,1.7411770130023092,153481700.095414,2890542843.427955
1769731200,ETH,2822.633841401332,35484717267.64361,340675959362.1641
1769731200,HBAR,0.1017126011656768,142621537.29246667,4373961092.687941
1769731200,LINK,11.63563033769275,505779534.8956433,8239189498.317456
1769731200,LTC,66.25505426457794,416384169.06010956,5087753492.695915
1769731200,SHIB,7.609010480436302e-06,143836002.52897686,4483563195.452101
1769731200,SOL,117.8829797223508,4845989357.669186,64010627744.96018
1769731200,XLM,0.19915478698477132,138434067.31402612,6459288124.455823
1769731200,XRP,1.8158998046157082,3588549798.2611213,110503374525.0765
1769731200,XTZ,0.5179167645354826,23725067.177963357,556099121.6629493
1769817600,AAVE,141.36529284798843,253369233.58380195,2146921046.1002886
1769817600,ADA,0.329601878221352,458373973.0421578,12123054945.869638
1769817600,AVAX,10.89790252983631,441735385.8401033,4701669156.162332
1769817600,BCH,553.5129840913953,329078022.82826924,11063671090.384008
1769817600,BTC,84091.63017682909,75170512251.03844,1680358897717.733
1769817600,DOGE,0.11600562831965898,1681509628.9796388,19551416111.309902
1769817600,DOT,1.690371871736529,183918985.49679855,2806774631.0271535
1769817600,ETH,2702.9166772970834,39407721389.72321,326226524185.7266
1769817600,HBAR,0.09892502884713701,177403890.8760478,4254086733.718429
1769817600,LINK,11.202844466997679,605448307.6206567,7932733836.06598
1769817600,LTC,65.37726555278314,618807497.8353087,5020603108.145666
1769817600,SHIB,7.461315277213667e-06,157204717.21017456,4396534616.02381
1769817600,SOL,117.47753461829744,6131354583.524637,63790470469.6037
1769817600,XLM,0.21075190118831855,198103362.8979925,6852762688.334102
1769817600,XRP,1.7422956924566955,4483480406.311536,106024326313.37498
1769817600,XTZ,0.5131366844124602,25458973.278391507,551022972.0985639
1769904000,AAVE,131.40497412766274,409698702.6508935,1995675156.442294
1769904000,ADA,0.302206331426236,530415339.0684551,11115421977.084513
1769904000,AVAX,10.157669548026377,626557588.8132032,4384540032.486703
1769904000,BCH,508.03288147713107,389668990.7802434,10154986659.998331
1769904000,BTC,78647.02739790398,71926455760.10817,1571576493914.8904
1769904000,DOGE,0.10445081522295535,2686524250.7766504,17605424424.769722
1769904000,DOT,1.6843277515043777,272927793.8625363,2797268777.996983
1769904000,ETH,2450.663546893,45050027923.664215,295780761628.6315
1769904000,HBAR,0.09321913346658865,212850142.68908945,4008715323.421337
1769904000,LINK,10.301599445998283,846652080.871807,7294562263.3257675
1769904000,LTC,59.4258955993854,763809403.6113528,4563824589.412978
1769904000,SHIB,7.0233203920992185e-06,235499665.99063855,4138448795.695607
1769904000,SOL,105.49281488444598,8591830388.973656,57282750395.695595
1769904000,XLM,0.1996030009942718,209816628.48031518,6496234714.212773
1769904000,XRP,1.6552424823604273,5385336817.0118475,100726857006.73894
1769904000,XTZ,0.475107196654586,28601940.900415897,510237882.4687374
1769990400,AAVE,127.33558313321451,318696501.1630881,1933875966.0939133
1769990400,ADA,0.2962459112928537,405792994.45060164,10896192338.080654
1769990400,AVAX,9.971835807062089,332948051.544604,4304415103.646977
1769990400,BCH,517.2448760970109,401576045.95696455,10339330620.50437
1769990400,BTC,76895.58665593083,48233643712.95648,1536578056063.6562
1769990400,DOGE,0.10477647848500825,1302742002.1974688,17661744865.54235
1769990400,DOT,1.4966703496693043,143812991.42880335,2486111376.8894486
1769990400,ETH,2264.345387690806,33868246011.930717,273292483045.14944
1769990400,HBAR,0.08908121103334804,134744198.0092469,3830771671.2121673
1769990400,LINK,9.917192641310882,542557923.6013318,7022363816.284845
1769990400,LTC,58.527858794776165,463659027.4246709,4495080138.388248
1769990400,SHIB,6.896103579751159e-06,153872646.36151138,4063487056.3906627
1769990400,SOL,100.881066130847,4826990625.731281,54778564181.40755
1769990400,XLM,0.175115235659895,132714210.13886368,5699260870.849967
1769990400,XRP,1.5996883634199979,3123225935.3421855,97346209244.0811
1769990400,XTZ,0.47409206460009123,20564119.40812703,509200254.5830228
1770076800,AAVE,130.72740053505856,419256512.5213625,1985440556.6699338
1770076800,ADA,0.3108442637477719,350378014.0304093,11435212782.879463
1770076800,AVAX,10.18205705504262,384597508.0966876,4395898166.372182
1770076800,BCH,540.0758706713698,321831264.5749069,10795797616.593147
1770076800,BTC,78670.58922752787,73991985457.52467,1572047321850.9954
1770076800,DOGE,0.10823641747688934,1820589836.0175745,18246457713.917606
1770076800,DOT,1.5468493806438397,170470183.74118003,2570025904.6524973
1770076800,ETH,2343.45854365222,45984376029.69217,282840794551.86694
1770076800,HBAR,0.0935549777339943,192116671.14863834,4023157680.297069
1770076800,LINK,10.179194428304907,714236437.3370574,7207887273.913839
1770076800,LTC,59.976398178323244,542481719.8032734,4606539110.691013
1770076800,SHIB,7.122251862584236e-06,163930344.56153956,4196743514.098345
1770076800,SOL,104.39215459693564,6429128481.543408,56685090274.58714
1770076800,XLM,0.18119038457764555,154468610.07566267,5898082463.237174
1770076800,XRP,1.6256767356731507,4618282356.542513,98927685724.82504
1770076800,XTZ,0.4891401792144478,22108675.259232655,525416125.22100663
1770163200,AAVE,127.46738627147579,388815080.36997867,1935963193.031149
1770163200,ADA,0.3055042681667875,289415849.62674814,11238767189.861404
1770163200,AVAX,9.939316767156308,410697960.74376976,4291168945.3066545
1770163200,BCH,526.5142421577325,275913690.4012659,10525111786.310614
1770163200,BTC,75628.04173330522,72233317228.06505,1511249141910.282
1770163200,DOGE,0.10597676645107476,1980514487.528771,17866962512.98408
1770163200,DOT,1.497433876500614,213267659.15490878,2488369967.6107802
1770163200,ETH,2226.41311845928,46544998382.51254,268713942139.8216
1770163200,HBAR,0.0909714912946223,147394448.91410083,3912059654.7103953
1770163200,LINK,9.90988750734141,618174053.4152745,7017191051.1369095
1770163200,LTC,59.3335462894509,462831105.96318305,4557385703.925933
1770163200,SHIB,6.900352173820971e-06,189366226.17940947,4065990448.499852
1770163200,SOL,97.6309479602485,5038427190.175277,53013745334.485695
1770163200,XLM,0.17820152535022935,140507010.72747374,5806003219.077849
1770163200,XRP,1.5829643682651893,2889237408.849138,96328500064.6154
1770163200,XTZ,0.4814411199503234,27851013.720617328,517199498.4866394
1770249600,AAVE,125.8490197755699,441533925.7119673,1911556589.6912513
1770249600,ADA,0.2997980075883229,301424973.8729891,11028847588.571136
1770249600,AVAX,9.748080451854458,356187846.4518042,4208919844.5816884
1770249600,BCH,532.2825649972431,285442641.3560764,10640689373.39829
1770249600,BTC,73059.17986713687,68374355882.45056,1460053444889.3728
1770249600,DOGE,0.1040946533683075,1595693187.6539295,17551086504.983852
1770249600,DOT,1.4633470112516085,160907690.36398208,2432233003.6801825
1770249600,ETH,2143.2933986604808,42499007789.320724,258681747901.23593
1770249600,HBAR,0.08985393036189056,176831110.60676953,3864001026.9582424
1770249600,LINK,9.764805136896713,540992951.2486632,6914458228.911829
1770249600,LTC,58.81377460182697,475188220.09346133,4517701549.271246
1770249600,SHIB,6.87086613928832e-06,165176387.638214,4048615970.016195
1770249600,SOL,92.0568681732404,6374861538.000151,49987011983.26525
1770249600,XLM,0.17120020326715063,142021838.3743966,5578178423.985166
1770249600,XRP,1.517858947387863,3185478447.406075,92463892156.36337
1770249600,XTZ,0.49110795863408074,24259469.642337125,527638819.7396717
1770336000,AAVE,102.7914306114686,731635149.3623524,1561360526.7410295
1770336000,ADA,0.2540631949915062,490008276.2205129,9346373840.063807
1770336000,AVAX,8.327713151372894,717506239.5646912,3595673039.489534
1770336000,BCH,458.4374973652003,517229106.02754545,9164686997.604448
1770336000,BTC,62778.217566354324,129134440971.82802,1254617718584.4033
1770336000,DOGE,0.08867966429787093,3124258452.3548927,14953223799.749414
1770336000,DOT,1.3972230552587552,288664059.7203629,2322785434.2395463
1770336000,ETH,1823.8053314217489,55829473443.1791,220121462581.44495
1770336000,HBAR,0.07976455738450428,271085214.58246994,3430126321.772168
1770336000,LINK,8.212594772621104,990663392.6965457,5815338115.832071
1770336000,LTC,50.80227252449383,847057468.8577304,3902492239.9038386
1770336000,SHIB,5.844880179456406e-06,283102137.1153517,3444059991.752101
1770336000,SOL,78.40434132437782,8848445441.03025,42573670244.20398
1770336000,XLM,0.16493777954504935,250487272.89374447,5393998439.65934
1770336000,XRP,1.2133346953655288,7576769325.279198,73913092263.89143
1770336000,XTZ,0.4111515016666263,30776572.773987837,441780622.5669433
1770422400,AAVE,115.25429282414986,688460240.6841315,1750683471.1685743
1770422400,ADA,0.28323610386936093,557550438.0452619,10419574987.454172
1770422400,AVAX,9.269620883037348,633610556.7015165,4002362388.0382743
1770422400,BCH,520.5123453261575,705626575.5560038,10405729781.531822
1770422400,BTC,70272.52223140873,126396906616.22752,1404422427900.4514
1770422400,DOGE,0.09832994304502563,3173992587.2514434,16581803388.472967
1770422400,DOT,1.495061611234101,310252614.5442307,2485932267.718278
1770422400,ETH,2055.7743792337988,62686208935.47836,248117411003.78403
1770422400,HBAR,0.09118869490167313,352515656.38360333,3921400091.5581636
1770422400,LINK,9.13441236454067,1050852693.3656441,6468077125.432991
1770422400,LTC,54.81351193677153,886024887.0701873,4210808696.7332296
1770422400,SHIB,6.49435260746311e-06,297725911.5065093,3826757593.700979
1770422400,SOL,86.97764557641793,11019824458.240084,47228986798.92773
1770422400,XLM,0.1784245198978661,284282724.12143546,5835641485.689546
1770422400,XRP,1.461711815305451,11050694601.181355,89043559605.24483
1770422400,XTZ,0.44613089521810206,33201780.049913242,479415009.99431914
1770508800,AAVE,117.06540101157833,332101648.4206084,1778215739.0156145
1770508800,ADA,0.27967739238923583,549404471.3105644,10290536958.676718
1770508800,AVAX,9.261095496767915,357199180.5808659,3998681365.288928
1770508800,BCH,525.9741825220577,404116970.83075714,10515307032.339045
1770508800,BTC,69245.78200906444,64250664588.4053,1383938789934.4868
1770508800,DOGE,0.09858906497066085,1605462338.3228319,16626809501.792536
1770508800,DOT,1.3745532036833368,157119042.19157177,2285984276.0482144
1770508800,ETH,2087.9866273523585,38641220745.576004,252004649364.45456
1770508800,HBAR,0.09040684989650911,132402795.5283373,3887778302.3912783
1770508800,LINK,9.391481104934801,591243197.4923427,6650107492.910358
1770508800,LTC,55.17966302694764,487736171.27783394,4239148062.423656
1770508800,SHIB,6.5368503569943624e-06,190742732.20019755,3851799121.1717925
1770508800,SOL,87.54346373381755,4481236124.153687,47536226873.19418
1770508800,XLM,0.16177710377525603,131805684.49697293,5291162462.509774
1770508800,XRP,1.4284174751103542,5073506331.084564,87015357784.17664
1770508800,XTZ,0.43881986167041687,20794772.869962808,471607018.89085984
1770595200,AAVE,116.60858280024297,263400374.33172098,1771282330.5484388
1770595200,ADA,0.29686857571324227,158692488.91773292,10923074704.569561
1770595200,AVAX,9.169163115676474,198514440.55399212,3958987540.809386
1770595200,BCH,527.5179759018412,230126046.98880768,10546244823.306217
1770595200,BTC,70398.0850329669,40089087531.667786,1407004286702.8896
1770595200,DOGE,0.09742249180687622,822157591.9741366,16431413190.010479
1770595200,DOT,1.3407220629079946,87892261.84672976,2230142245.364879
1770595200,ETH,2092.4274588224594,18373761018.921764,252540566503.86624
1770595200,HBAR,0.09191346183339678,123291497.03107138,3952567344.4329047
1770595200,LINK,9.776742952964934,303750059.48605937,6922911396.117004
1770595200,LTC,54.52008439950884,294855376.9373836,4188671196.8876553
1770595200,SHIB,6.48749684381405e-06,117181220.79792757,3822717857.9024324
1770595200,SOL,87.2357989380757,2792263299.689983,47369164446.05801
1770595200,XLM,0.16162051817646622,87403174.2379169,5286040482.40869
1770595200,XRP,1.4411870773919397,2663022626.700061,87793247673.27083
1770595200,XTZ,0.43443149733707437,16548532.387634888,466938893.7316
1770681600,AAVE,112.793442637272,310222564.9416155,1789296267.282411
1770681600,ADA,0.2702959892230026,572096497.8334533,9945354692.846619
1770681600,AVAX,9.057887123054979,224665206.75579986,3910941687.243262
1770681600,BCH,533.315630088717,227153710.96048737,10662492673.456074
1770681600,BTC,70175.14749173766,53925112157.0578,1402584286978.939
1770681600,DOGE,0.09630496900526665,973696270.4336061,16244195684.73302
1770681600,DOT,1.3216008065991944,103602250.84337571,2198807839.8824735
1770681600,ETH,2106.7856442624457,25326126141.183537,254273467471.43976
1770681600,HBAR,0.09216035980189677,108729858.28090307,3963184732.0130854
1770681600,LINK,8.84591504122659,343016956.8946975,6263792179.31864
1770681600,LTC,54.502758242043306,331018540.684555,4187525371.5558195
1770681600,SHIB,6.1160641444515144e-06,128675166.60176313,3605422390.101804
1770681600,SOL,86.80274713927635,3683479932.0629253,47134016695.69982
1770681600,XLM,0.15991013297979279,98524013.8660077,5232013731.661695
1770681600,XRP,1.441585913219291,3875554667.134261,87817543681.13887
1770681600,XTZ,0.4184744703075827,18350762.980985187,449833205.5783862
1770768000,AAVE,109.43585433926464,222262951.91794682,1736033240.0334275
1770768000,ADA,0.2623519618170392,384382199.5986892,9654807567.056479
1770768000,AVAX,8.749431616733656,203423074.5951379,3777759248.342994
1770768000,BCH,524.215070332473,244143822.0503146,10481921088.418514
1770768000,BTC,68841.8723764457,41873860130.18897,1376158047090.4307
1770768000,DOGE,0.09287013124734021,860981660.7941172,15672783142.39451
1770768000,DOT,1.283294389984347,86472865.33146484,2137729791.980846
1770768000,ETH,2021.4415907712967,22188086166.935238,243972737071.38898
1770768000,HBAR,0.09085383658766367,86145763.69546296,3907000133.0910645
1770768000,LINK,8.572776178730829,286670441.1156753,6070382558.855938
1770768000,LTC,53.34936950903704,263024280.0820549,4100138557.8821144
1770768000,SHIB,6.027596110711374e-06,125965152.11166468,3553270406.110982
1770768000,SOL,82.97679507645698,2903282302.9397154,45056519216.08055
1770768000,XLM,0.15895364016257238,110952338.1507995,5220489041.543104
1770768000,XRP,1.4055705614431524,2483503024.2695994,85623585139.51463
1770768000,XTZ,0.4089319120876668,17355895.758601956,439851144.229106
1770854400,AAVE,110.81045710185576,356710553.93756115,1683250594.074499
1770854400,ADA,0.2726468815426217,267104241.07865185,10031854156.011097
1770854400,AVAX,8.701872165956733,292316601.0751835,3757224411.008531
1770854400,BCH,516.6752964307213,249377550.13906303,10330134568.907228
1770854400,BTC,67090.5793396472,52281220867.25625,1340996637525.7053
1770854400,DOGE,0.09185182294008681,1119752190.2481966,15495614994.885628
1770854400,DOT,1.2601760703788218,119824569.20187907,2097379716.676678
1770854400,ETH,1944.681900647583,23015277128.532955,234708656146.40756
1770854400,HBAR,0.08985690370215625,100936326.42396441,3864128889.956263
1770854400,LINK,9.032979647627535,427630454.64733326,6396252621.583874
1770854400,LTC,52.37024713158906,332964947.70551515,4024078832.475235
1770854400,SHIB,6.205464414035363e-06,159247088.56758893,3656531934.223897
1770854400,SOL,79.55930152154403,3850155909.5965605,43200815294.44939
1770854400,XLM,0.15508171446109154,109988455.6638768,5075333529.990695
1770854400,XRP,1.3841745099158949,2778647282.516306,84320195121.36244
1770854400,XTZ,0.4109411501301088,20690082.555420414,441826454.3889216
1770940800,AAVE,117.4094549809234,400803980.0052124,1783502999.3770545
1770940800,ADA,0.28318695678980643,232238513.1387655,10419668962.748985
1770940800,AVAX,8.97233986046223,247681178.43770978,3874004777.9002485
1770940800,BCH,504.66939828126823,206221028.42011282,10090476601.87684
1770940800,BTC,66258.52954947444,45369992005.59255,1324400733134.6533
1770940800,DOGE,0.09385536757388702,872612784.7175341,15834890287.844366
1770940800,DOT,1.2869926585869096,97121624.70011677,2142402519.7213714
1770940800,ETH,1947.8399217972387,18810755096.514824,235089752119.26395
1770940800,HBAR,0.09397527752321766,125543311.67710699,4041231890.464665
1770940800,LINK,9.375457706902553,312116911.3244993,6638761325.237174
1770940800,LTC,53.13452654627321,302298629.88608706,4083003245.1544466
1770940800,SHIB,6.343676430109881e-06,148816417.02800396,3737972518.965128
1770940800,SOL,78.62969332713851,3289208461.699722,42696036706.21801
1770940800,XLM,0.15662344378906928,94872814.65223582,5128834446.789606
1770940800,XRP,1.3768617985796396,2378451649.7555704,83874724378.82095
1770940800,XTZ,0.42176017830525253,17814822.735334042,453505560.8846341
1771027200,AAVE,122.11164668416421,308684625.76142913,1855006127.2017717
1771027200,ADA,0.2913469827116145,231098070.58768955,10721852559.596441
1771027200,AVAX,9.221075218448961,220136596.16011092,3981401731.2322955
1771027200,BCH,563.9887904289154,337422690.3653975,11276642087.573687
1771027200,BTC,68837.58112429692,40892558813.499725,1375985529045.6062
1771027200,DOGE,0.09746271716530182,862783326.5995629,16444865079.482834
1771027200,DOT,1.3345718548897576,91745600.53846966,2222044857.7354784
1771027200,ETH,2048.3187877857945,19455842755.379223,247216688708.74347
1771027200,HBAR,0.09958126601851779,102737251.91342102,4282306991.0906672
1771027200,LINK,9.725007741882992,306882537.03489214,6886277694.678523
1771027200,LTC,55.043098023160546,305129216.84681803,4229864725.1421375
1771027200,SHIB,6.611844863640108e-06,148010087.75004303,3895989127.478143
1771027200,SOL,84.45790130055087,3353870726.1666565,45860762028.60968
1771027200,XLM,0.1645946756101003,109489997.58862591,5398841625.843953
1771027200,XRP,1.417330931274759,2391263477.007142,86339995297.19101
1771027200,XTZ,0.4245784862504591,19825929.795361303,456583029.77504605
1771113600,AAVE,131.33599956973148,295307481.35043377,1995158524.403787
1771113600,ADA,0.315784485076404,205178988.08429232,11621176433.972769
1771113600,AVAX,9.67257903601365,221364147.36619067,4176348420.021199
1771113600,BCH,562.662989824784,220521069.31081712,11250550164.384523
1771113600,BTC,69799.5509626349,36727480880.995705,1395251772208.4526
1771113600,DOGE,0.11148575337452976,1747888161.6916523,18812479850.26098
1771113600,DOT,1.4262726690863712,98973328.25125223,2375144996.505028
1771113600,ETH,2085.705591574723,16109112029.317335,251728954564.07672
1771113600,HBAR,0.10399853231820999,192540450.11642352,4472263306.304125
1771113600,LINK,9.961966890946597,329485643.5094599,7054068461.128932
1771113600,LTC,55.95455483618373,269155467.97329736,4300118841.0559435
1771113600,SHIB,7.21469884713613e-06,212489918.33156645,4251217130.1185575
1771113600,SOL,88.16311329534221,2710809246.1289887,47872697477.41969
1771113600,XLM,0.1743937272035177,128442129.35554637,5727586470.095668
1771113600,XRP,1.5206965881596475,2491625120.1009955,92636753614.11102
1771113600,XTZ,0.4390643082895432,26012428.727151684,472208322.73405504
1771200000,AAVE,128.30926810623674,358698340.83131415,1949199705.7744565
1771200000,ADA,0.2922124367181558,411463074.1237083,10753702109.466097
1771200000,AVAX,9.350073792344256,240229095.86990532,4037099698.4721303
1771200000,BCH,554.2882604728542,193539824.67134887,11083352266.087954
1771200000,BTC,68778.84298479716,40162771612.068054,1374891409746.7566
1771200000,DOGE,0.10292222857296192,2461591639.5659676,17368838615.30354
1771200000,DOT,1.3589076788710919,112838705.31573385,2263392523.054932
1771200000,ETH,1967.5499217442239,28528944773.46997,237468436096.25647
1771200000,HBAR,0.10090481809982033,129227800.82139044,4339223884.783613
1771200000,LINK,9.586866756643234,366577052.19717866,6788460067.111959
1771200000,LTC,55.1198213451663,310056823.75829196,4236152677.074858
1771200000,SHIB,6.753954953283497e-06,211746821.2927252,3979726604.405332
1771200000,SOL,86.28536644166955,3710825666.100695,46853078231.85255
1771200000,XLM,0.17091895422429218,209468318.98074222,5613464135.061498
1771200000,XRP,1.4930275577193792,4994909280.650372,90951230561.32478
1771200000,XTZ,0.4099188395308576,31525930.211196758,440907466.2070195
1771286400,AAVE,129.5044582575604,388017846.8410483,1967397525.7708418
1771286400,ADA,0.30785509644172687,190270992.16687146,11329367213.78633
1771286400,AVAX,9.339508569430414,203334743.18963438,4032537931.4543467
1771286400,BCH,569.1823686984994,249203378.2105286,11381274536.145924
1771286400,BTC,68859.77618747062,34628731308.789856,1376546726938.174
1771286400,DOGE,0.10154177625424722,1269988159.3027604,17137236358.440573
1771286400,DOT,1.380325677330854,94127691.95863694,2299592221.514701
1771286400,ETH,1998.1759871140314,18489676867.975807,241164754377.35757
1771286400,HBAR,0.10245452052070692,80633633.33336854,4405865952.884495
1771286400,LINK,10.030106822369428,263658041.36825523,7102318344.55608
1771286400,LTC,55.07082813508062,305547070.93965775,4232591482.338307
1771286400,SHIB,6.815310363372522e-06,169391261.2091421,4015879883.6212435
1771286400,SOL,86.5771448069784,3260801172.655849,47011514304.38657
1771286400,XLM,0.16978239659647543,92853011.0159885,5576135426.290369
1771286400,XRP,1.4990382978991095,2846460117.1449223,91317388716.34633
1771286400,XTZ,0.4190905540641878,19543250.10351449,450817879.8205279
1771372800,AAVE,130.53018466520624,263427415.79390022,1982999922.9883003
1771372800,ADA,0.29687259620143835,271032475.72043383,10925200514.62864
1771372800,AVAX,9.2405147111056,173554271.54537585,3989795159.1009426
1771372800,BCH,563.7740744487603,210027902.2695558,11273391943.04617
1771372800,BTC,67559.29573331702,35232805957.963844,1350583353307.6948
1771372800,DOGE,0.10140935437336286,1010265247.3532888,17116268672.869692
1771372800,DOT,1.3506500215759563,88631746.38272016,2250666292.407508
1771372800,ETH,1994.3527116895793,19627011501.056713,240703295934.6862
1771372800,HBAR,0.10300656706716996,77784550.5444537,4429634827.958554
1771372800,LINK,9.997558025779144,250704368.80269507,7079270542.652232
1771372800,LTC,53.9253355448878,281837992.8703453,4144765770.308741
1771372800,SHIB,6.821116463817076e-06,132984903.64751962,4019301092.7422366
1771372800,SOL,85.34355742185454,2867968005.2955337,46341674577.85419
1771372800,XLM,0.1661895916915395,75134157.07888684,5458207260.413373
1771372800,XRP,1.4884442449776467,2357555988.4021897,90672027453.6844
1771372800,XTZ,0.42272379759150386,12540196.629175704,454729562.82665956
1771459200,AAVE,126.02208226666075,314265499.93753517,1914515693.4063609
1771459200,ADA,0.2885123934462254,274417828.4838118,10619200520.029766
1771459200,AVAX,8.938694772115035,190121169.80643308,3859477772.1205997
1771459200,BCH,558.3753221339509,191257136.4477114,11165689920.251547
1771459200,BTC,66426.61953458567,33982301570.40156,1327971882876.0806
1771459200,DOGE,0.09939159633289577,726253917.9208558,16777048323.177841
1771459200,DOT,1.3146936599848504,89394870.00139476,2191180960.572346
1771459200,ETH,1954.6531149212074,19117626447.143044,235911822601.9092
1771459200,HBAR,0.09985939698372474,78538147.34339161,4294295746.1158047
1771459200,LINK,9.796994750458978,243118050.4236829,6937251693.324149
1771459200,LTC,53.31024947472986,235026503.67127252,4097672107.0818505
1771459200,SHIB,6.669134296285459e-06,113448256.787056,3929746502.284237
1771459200,SOL,81.75815785366494,2911232671.6944275,44394797449.223114
1771459200,XLM,0.16142431637737883,75148441.97235131,5302037629.864953
1771459200,XRP,1.441114568480857,1489183725.751139,87788830625.06865
1771459200,XTZ,0.41294703897677976,14224877.994192058,444252971.60325366
1771545600,AAVE,128.98654816671112,236695893.7882465,1959309468.7723844
1771545600,ADA,0.29073080388098227,231373350.9869359,10700852975.097698
1771545600,AVAX,8.974751527396513,206979405.67055833,3875046068.0621705
1771545600,BCH,559.5039481479392,228066426.5126076,11188573489.824003
1771545600,BTC,66976.02936410521,32382298212.42231,1338989802249.3938
1771545600,DOGE,0.09908842197708821,806684219.1614869,16727228793.676882
1771545600,DOT,1.2894008022126031,88794920.56344208,2149388424.2756796
1771545600,ETH,1949.6068369097477,16930478555.129438,235302740757.12222
1771545600,HBAR,0.0984343668562663,70811342.29513873,4233014574.8008633
1771545600,LINK,9.781476061281642,240579709.39817742,6926262909.976214
1771545600,LTC,52.697967507193326,243124080.17467952,4050789117.67933
1771545600,SHIB,6.561745423626873e-06,117291059.72896326,3866468267.0360084
1771545600,SOL,82.6525984959415,2649150150.6158447,44880480006.00593
1771545600,XLM,0.15907962805226292,71532832.88375837,5225169976.937224
1771545600,XRP,1.4225004956108944,1660204197.0591292,86798965948.75748
1771545600,XTZ,0.4074955496130699,14736369.08728965,438430591.11104476
1771632000,AAVE,118.30250916599464,385775374.95931244,1797031620.214347
1771632000,ADA,0.30211559314274394,244960532.33608088,11119889948.188639
1771632000,AVAX,9.222477205438373,282958365.0037664,3982007069.9042587
1771632000,BCH,562.4408058063749,343409358.53557116,11247601537.384642
1771632000,BTC,68002.9401106256,50312214815.706154,1359548508149.9219
1771632000,DOGE,0.10077845685802947,1117972018.4223528,17013869881.566504
1771632000,DOT,1.3430195349022827,122564461.77607225,2239225227.388047
1771632000,ETH,1967.928380323993,20449925362.10393,237513976263.95554
1771632000,HBAR,0.10045899631474346,84088560.65310349,4320080568.929753
1771632000,LINK,9.753755232694981,355418401.6368293,6906633792.073079
1771632000,LTC,55.227017873960754,341554496.486889,4245396240.1184034
1771632000,SHIB,6.671087269840859e-06,170213088.87172607,3930897272.9753847
1771632000,SOL,84.79782002630832,3470348593.1451,46045338386.19114
1771632000,XLM,0.1628862811766947,91228976.9172963,5350597894.633292
1771632000,XRP,1.4382554246370942,2533133162.4299235,87760309408.59433
1771632000,XTZ,0.4177511175026822,15217621.81520535,449510241.01436955
1771718400,AAVE,125.401184077472,264869535.25056148,1904883752.237179
1771718400,ADA,0.30147295563730997,190678872.64869285,11096236556.90662
1771718400,AVAX,9.20756829922116,164549727.33089727,3975569822.2278457
1771718400,BCH,563.8417189127222,176550318.28057986,11275872265.048946
1771718400,BTC,68026.03124326779,19319150166.173923,1360035939392.7476
1771718400,DOGE,0.09977881901508175,473521840.3826599,16846460547.9875
1771718400,DOT,1.3628005147403208,87836277.08095418,2272633792.108033
1771718400,ETH,1986.9516807466036,1379346767.405493,239809912412.23102
1771718400,HBAR,0.1009228475993383,48417052.02570226,4340027761.271434
1771718400,LINK,10.089127041156516,236179673.490775,7144110559.735322
1771718400,LTC,54.804874343711916,211924685.20523575,4213136127.382085
1771718400,SHIB,6.837936455932742e-06,91261109.61795138,4029212083.5613527
1771718400,SOL,85.4563629671115,1782192293.4525228,46402928151.37276
1771718400,XLM,0.16105312819469983,50159566.87508559,5290380815.637313
1771718400,XRP,1.450119642581838,1273770650.0341737,88484247187.5771
1771718400,XTZ,0.42146741102510304,10983083.783502566,453554934.5611848
1771804800,AAVE,118.57551802067194,182346491.53692675,1801240762.5461092
1771804800,ADA,0.2830533572769461,193167340.06803185,10420149099.922424
1771804800,AVAX,8.538899887160364,197022093.06053936,3686857550.5751033
1771804800,BCH,542.5587027608443,446453528.162134,10850528015.188393
1771804800,BTC,65192.18870120006,21560319889.519894,1303412071350.4219
1771804800,DOGE,0.09378679587062096,658722999.4104198,15836058337.803247
1771804800,DOT,1.2549894203496006,87600654.56849965,2093224710.8076248
1771804800,ETH,1886.450366591152,2071936733.0620174,227680153598.7431
1771804800,HBAR,0.09532469122673519,58194624.669508524,4099287882.7749786
1771804800,LINK,9.50308598022103,245525775.26831067,6729134901.802902
1771804800,LTC,51.63211204614256,223830015.60366547,3969428148.7125115
1771804800,SHIB,6.349095475926682e-06,121067675.04732011,3741165516.298097
1771804800,SOL,78.74991176781678,2158912618.139571,42761315492.62518
1771804800,XLM,0.15080314023344019,143218365.04744345,4955189716.053439
1771804800,XRP,1.3640075553007247,1498448766.7454028,83229809558.37975
1771804800,XTZ,0.39526143912429273,11669170.493929626,425396516.53107095
1771891200,AAVE,118.15876560337655,325472649.5554879,1794915250.8505342
1771891200,ADA,0.27925225266927917,267578705.04242712,10280217614.43385
1771891200,AVAX,8.454000364598828,258559349.2578917,3650200317.2157
1771891200,BCH,498.4684243581868,331397724.03206396,9969108297.438452
1771891200,BTC,64737.90196985264,48924949103.35122,1294359253920.9185
1771891200,DOGE,0.09382989494538176,960437631.1424081,15844604269.297468
1771891200,DOT,1.2717954219062744,123713386.86128937,2121731093.227076
1771891200,ETH,1859.2199106790974,20413977152.977077,224393629610.997
1771891200,HBAR,0.09595317333640188,77046584.42308763,4126314763.890721
1771891200,LINK,9.129069064660849,354828632.12555665,6464293534.94597
1771891200,LTC,51.507491368007294,267249187.42047375,3960042512.964612
1771891200,SHIB,6.414275888333105e-06,115392274.6653021,3779572673.7601395
1771891200,SOL,78.26986413795304,3859622138.4438357,42500648938.32334
1771891200,XLM,0.15198659665768413,95653645.51279682,4994124996.858653
1771891200,XRP,1.3662311865472427,3173671929.4517827,83365492388.32928
1771891200,XTZ,0.3976422858805989,13299881.26325313,428001754.38881356
1771977600,AAVE,118.54650477777221,249681890.64982826,1800810026.398779
1771977600,ADA,0.27649577220749416,238070588.46341008,10178742268.30425
1771977600,AVAX,8.373820841583257,201388677.20460024,3615581047.3170137
1771977600,BCH,486.20231173145015,337971483.1572877,9723980850.944735
1771977600,BTC,64073.54894566756,41350119554.20219,1281109347803.1018
1771977600,DOGE,0.09231967445435486,794014350.4964502,15590845358.854315
1771977600,DOT,1.2406398081951997,119923522.15174074,2070208107.464553
1771977600,ETH,1852.0821618898767,18105694898.68343,223532130167.85715
1771977600,HBAR,0.09598189783257038,67585892.1812756,4127550015.514053
1771977600,LINK,9.189328046081526,300397276.98842806,6506962917.909454
1771977600,LTC,51.170514985926836,265791078.43923315,3934311348.0419984
1771977600,SHIB,6.3540174290827645e-06,98674543.87952174,3744065740.964385
1771977600,SOL,79.15515746010666,3199678097.4536424,42981364487.10693
1771977600,XLM,0.14983861310818644,82522115.77633974,4923373295.509984
1771977600,XRP,1.3582480421774696,2570686947.6948767,82878372223.20177
1771977600,XTZ,0.3911689492253716,13087468.749261975,421076574.37918824
1772064000,AAVE,121.60151782539974,391886600.12329406,1847235842.7564864
1772064000,ADA,0.3093723663468328,343481776.91633016,11389040623.79896
1772064000,AVAX,9.540716132649063,608520964.3614391,4119413715.62895
1772064000,BCH,494.4156076400489,307335354.3792709,9888285835.874355
1772064000,BTC,67850.10521282951,47180923359.080025,1356652404814.3232
1772064000,DOGE,0.101290513441685,1561549241.444998,17107203293.616915
1772064000,DOT,1.6529936544978492,702179477.2620746,2758780729.7460694
1772064000,ETH,2053.097732531376,26648965147.76037,247793130804.5807
1772064000,HBAR,0.10235043774512059,125360822.96109597,4401419021.641018
1772064000,LINK,9.73337188077078,582342433.7450027,6892200341.177828
1772064000,LTC,56.746039685715786,472484411.09185416,4363200976.012342
1772064000,SHIB,6.513294849546566e-06,152922228.28355014,3837918975.999207
1772064000,SOL,88.07924459617706,5187695240.687567,47827156652.99908
1772064000,XLM,0.16265685283009856,132983143.59811732,5345527512.94538
1772064000,XRP,1.437975675373357,3906766194.5671296,87743239504.65248
1772064000,XTZ,0.4150485205017782,14634599.547048919,446827026.35568076
1772150400,AAVE,118.07819032278736,294898851.32207924,1793764589.1294115
1772150400,ADA,0.2990249216870684,344159429.492842,11008116273.72158
1772150400,AVAX,9.35384534330893,376087622.5838805,4038728148.4288273
1772150400,BCH,480.8811798206533,193714292.84232715,9617793357.880995
1772150400,BTC,67496.84163950248,39031524535.381454,1349617910213.303
1772150400,DOGE,0.0977129870445189,956613309.896288,16504316935.157986
1772150400,DOT,1.618095354228378,488783272.5281106,2701085211.1680183
1772150400,ETH,2027.5050759088144,21617579430.764626,244704231364.1244
1772150400,HBAR,0.1033626716874057,98135013.3186771,4444948544.58768
1772150400,LINK,9.809686069088833,398176351.5327601,6946238415.670954
1772150400,LTC,55.65837035116976,310240031.75780386,4279771881.1018605
1772150400,SHIB,6.254875340369199e-06,155308925.10300645,3685646867.803573
1772150400,SOL,86.07936596494483,3572166611.0384326,46741219676.34293
1772150400,XLM,0.16245872655365654,97891886.80549912,5353260694.043252
1772150400,XRP,1.4126241932906416,2137436117.5044777,86196327966.24689
1772150400,XTZ,0.4133471066570904,13768738.653144477,445040446.8705296
1772236800,AAVE,116.66122839557976,287313882.2021825,1772281992.1459086
1772236800,ADA,0.2934731790225438,256386827.85164195,10805691878.158216
1772236800,AVAX,9.012763900546538,293558506.38936126,3891458744.9661565
1772236800,BCH,464.86890118654645,216677848.33427748,9297863182.602705
1772236800,BTC,65891.22197698704,37742232580.72011,1317542293327.2354
1772236800,DOGE,0.09416450352761137,869564881.5152724,15906248455.751137
1772236800,DOT,1.5975378399768652,320788706.1132241,2667275005.8801928
1772236800,ETH,1931.1188526606693,19700104445.7421,233071113277.70514
1772236800,HBAR,0.10092578447911671,107190572.80589764,4340154056.669537
1772236800,LINK,9.624376404744034,319228787.2282459,6815020647.823822
1772236800,LTC,54.58042303599521,281458465.87501526,4197078062.1381526
1772236800,SHIB,6.1278351514222884e-06,134454111.32341895,3610789039.0592914
1772236800,SOL,82.04418185445192,3368387308.3625445,44550108893.53528
1772236800,XLM,0.15868932674018224,90941517.51627173,5229208297.741851
1772236800,XRP,1.3657781847122676,2610274300.4964843,83435904171.03517
1772236800,XTZ,0.4062714237981681,12650146.657741396,437466449.71268654
1772323200,AAVE,117.00205673898932,221529075.8059073,1777472769.780034
1772323200,ADA,0.2940903776833218,353835581.8285706,10828417152.672884
1772323200,AVAX,9.22901109277392,409008157.01498026,3984828219.2532387
1772323200,BCH,461.24609049451243,236599716.19515508,9225468050.559254
1772323200,BTC,67017.07604771722,41709946431.8835,1340085381689.69
1772323200,DOGE,0.0947020016994328,1378427515.657309,15998332377.004274
1772323200,DOT,1.6678381818470118,347525505.38420373,2785194487.6156826
1772323200,ETH,1966.7219163588757,20985423314.735542,237368088451.83548
1772323200,HBAR,0.10089447994193852,128232936.85564932,4338807854.465583
1772323200,LINK,9.474068260953464,472957327.73009837,6708587455.646937
1772323200,LTC,54.51282526792949,331096881.90413165,4192075552.3215666
1772323200,SHIB,6.0901785371132256e-06,154485666.37225667,3588600111.51223
1772323200,SOL,84.67491088061367,4501716686.409043,45978598543.085365
1772323200,XLM,0.15965134409398493,118573003.84262839,5261409418.095188
1772323200,XRP,1.388047054085294,3205700825.514265,84796317795.88492
1772323200,XTZ,0.44807729313726014,20266416.7917474,482530533.9418608
1772409600,AAVE,116.13224149381618,424325905.8959538,1764274406.917217
1772409600,ADA,0.2884625336108748,269075089.52004236,10621199753.155397
1772409600,AVAX,9.079354292244421,328167938.5309493,3920210608.9851103
1772409600,BCH,445.76908868973567,185290037.97480863,8916090779.181522
1772409600,BTC,65824.42166938317,38811585997.47521,1316266670911.0593
1772409600,DOGE,0.09260867523865081,1101656910.151119,15645960923.352942
1772409600,DOT,1.5355294722617436,211916017.53573683,2564742595.61465
1772409600,ETH,1939.7957193912328,21599432840.139435,234118271380.97858
1772409600,HBAR,0.09764172813633772,97191858.40913555,4198928397.3296785
1772409600,LINK,9.427351178496064,384152626.13055986,6675507090.93922
1772409600,LTC,53.25773270021731,272751569.8303361,4095742434.1767507
1772409600,SHIB,5.894468502945579e-06,132374595.85133767,3473279120.9697223
1772409600,SOL,83.73986956786652,4223990395.905905,45470869763.7706
1772409600,XLM,0.15442928497969746,112425908.01271851,5089312269.088065
1772409600,XRP,1.362270057547874,3080090465.670675,83221591360.0791
1772409600,XTZ,0.3805378777544436,35723488.99918072,409839458.3243309
1772496000,AAVE,124.26389177765238,531475846.51173013,1887825764.3523014
1772496000,ADA,0.2870032720094575,393540763.11466265,10567469694.118788
1772496000,AVAX,9.212860274603765,337737846.856184,3977854748.817294
1772496000,BCH,448.2235212672133,231419495.4338437,8965490087.531597
1772496000,BTC,68815.9363388441,54357544833.320946,1376116545555.9185
1772496000,DOGE,0.09418943980772168,1066126395.2268293,15914313035.116854
1772496000,DOT,1.5084549066418436,247009222.64610994,2520060413.582231
1772496000,ETH,2028.799011354667,24070045894.571983,244860251697.49725
1772496000,HBAR,0.09848572864416757,111955924.88231514,4235223306.973451
1772496000,LINK,9.641917109115102,410587891.6590649,6827441220.070694
1772496000,LTC,54.57222146724549,361362301.96944267,4197027897.01914
1772496000,SHIB,5.811258775131311e-06,155681929.8328291,3424247873.572543
1772496000,SOL,86.75098086219938,4899843857.351483,47105907532.70173
1772496000,XLM,0.1555928445012289,106633757.07918508,5130108850.803882
1772496000,XRP,1.3987662416144493,2972082256.5950413,85451157002.92818
1772496000,XTZ,0.39616838606765464,14891605.236139819,426717208.3640517
1772582400,AAVE,113.51692113309574,443631448.7649128,1723116698.1822581
1772582400,ADA,0.2822003821966271,205636757.12840402,10390627136.938446
1772582400,AVAX,9.236041957121296,283617112.38916767,3987863949.341276
1772582400,BCH,448.57528190887376,168656838.44832134,8972583574.291906
1772582400,BTC,68287.46303403362,46018172072.016,1365575947099.492
1772582400,DOGE,0.09060898879991376,1204909605.5954869,15310596176.008764
1772582400,DOT,1.5325060525559167,186406343.31487337,2560768333.035043
1772582400,ETH,1982.9514132768732,21716084707.508087,239326733114.5177
1772582400,HBAR,0.0973806354778223,108666043.68335845,4187700519.6779375
1772582400,LINK,9.648755030631758,326987811.4397108,6832283152.094595
1772582400,LTC,54.81271067796968,337727587.73269093,4215719684.121505
1772582400,SHIB,5.727148502786046e-06,189619835.9558102,3374686421.728991
1772582400,SOL,87.05158771027426,4424667364.214979,47269137484.09104
1772582400,XLM,0.1513062145540414,104494743.77839044,4988797459.341527
1772582400,XRP,1.3735872886650777,1126864605.9796827,83912965275.36491
1772582400,XTZ,0.39650932020260593,14843433.073391907,427128237.5949601
1772668800,AAVE,118.58257760816389,401681921.4865062,1800322471.0512748
1772668800,ADA,0.2903832771038026,275770500.66470724,10691921590.260519
1772668800,AVAX,9.532706972298316,436170004.08614075,4115955584.7569256
1772668800,BCH,468.45525597121866,271354369.05913776,9370568993.684797
1772668800,BTC,72752.30156666112,73011893269.31757,1454892523976.9167
1772668800,DOGE,0.09938292649837316,2293644708.550102,15233032983.83493
1772668800,DOT,1.5392127777741966,201734617.83714545,2572526782.974832
1772668800,ETH,2127.5791778087923,31454942233.916515,256782106158.73483
1772668800,HBAR,0.10157934364955602,125350167.18211439,4398733140.313861
1772668800,LINK,9.874329434595117,509297299.75062615,6992012380.875909
1772668800,LTC,56.78293767563592,419667736.2848538,4367448762.254692
1772668800,SHIB,5.949308569361071e-06,184794579.24170506,3505592846.0643454
1772668800,SOL,91.07299801568064,6325870834.610213,49452769070.90195
1772668800,XLM,0.15958424763816395,147465531.15723628,5264044620.280784
1772668800,XRP,1.435767494550255,4027927261.4272275,87711577493.39787
1772668800,XTZ,0.4138386853936784,14851023.151729919,445844508.81865156
1772755200,AAVE,120.16340316869784,318921878.6852382,1824351874.0702074
1772755200,ADA,0.28694070128775195,219464045.07266083,10567105182.977364
1772755200,AVAX,9.446596734016861,234108359.4168896,4078775598.296705
1772755200,BCH,464.16713234572586,190366856.32451037,9284994743.829899
1772755200,BTC,70868.21819643723,47524397870.037544,1417251399988.9395
1772755200,DOGE,0.09400095308297786,1206028740.4565735,14409363457.725634
1772755200,DOT,1.5324441028171314,153212564.24098235,2561690979.330182
1772755200,ETH,2073.3589471780524,20704070246.514977,250238063998.13748
1772755200,HBAR,0.09956499315280476,83378808.9440093,4311504871.5791445
1772755200,LINK,9.864320211680644,408198405.66143954,6984924850.425918
1772755200,LTC,55.51062919128518,324293521.8781727,4269801380.382261
1772755200,SHIB,5.9118186601945984e-06,120339673.71751514,3483502151.685099
1772755200,SOL,88.95101498981624,3930297347.5347934,48300529232.125824
1772755200,XLM,0.1565886978363237,96046676.54961613,5165302896.284566
1772755200,XRP,1.4095526706873105,2475233990.9781027,86208459501.34096
1772755200,XTZ,0.413368619431558,11498306.611559605,445383407.2059114
1772841600,AAVE,115.28095599432694,246449946.20771152,1750239426.299417
1772841600,ADA,0.27655319513154664,236238086.36704618,10184566666.660814
1772841600,AVAX,9.078000380192472,253878862.414068,3919626027.723179
1772841600,BCH,453.55761403380836,137429204.9514778,9072860161.691689
1772841600,BTC,68142.88312387785,39123856299.45234,1362780115876.562
1772841600,DOGE,0.09192375244168308,882958616.3998303,14092207830.607018
1772841600,DOT,1.49168305385677,125153459.19468533,2494029053.6090164
1772841600,ETH,1979.0781325827184,17880928376.383335,238859068440.4086
1772841600,HBAR,0.09758504990959589,72009447.57915907,4225766554.6491475
1772841600,LINK,9.717849239926606,301019805.89084846,6881208759.654721
1772841600,LTC,53.82538277329212,252107645.42870897,4140372011.6544704
1772841600,SHIB,5.813991654055924e-06,116619953.85747321,3425858200.077273
1772841600,SOL,84.7320068085851,3251870628.3769007,46009601714.19404
1772841600,XLM,0.15226415047499475,89795563.26071607,5023640520.521709
1772841600,XRP,1.37141424019512,2094803904.8417048,83968721323.69652
1772841600,XTZ,0.400929074338427,12452964.677577276,432025414.5657076
1772928000,AAVE,116.50882226375073,143461029.8911204,1768887266.3021538
1772928000,ADA,0.27631161534798665,188783107.66230324,10175670058.50623
1772928000,AVAX,9.019909921557872,146280851.4397488,3894544196.4728336
1772928000,BCH,455.42405644306103,100639035.7280964,9110393862.83056
1772928000,BTC,67339.67440056572,21800679517.848392,1346745070785.4204
1772928000,DOGE,0.09125683876105166,462575208.80620587,13991204341.811998
1772928000,DOT,1.4493243824340831,110665717.66725363,2423643338.0519824
1772928000,ETH,1984.4479694207268,1310770979.2352624,239507117386.64005
1772928000,HBAR,0.09576843698768121,40410394.11742267,4147100999.4761662
1772928000,LINK,10.158588393106918,191856376.83637694,7193296140.998998
1772928000,LTC,53.61168494469567,192271910.71545106,4124121860.055911
1772928000,SHIB,5.9467073014358995e-06,77800739.23353662,3504060019.9511766
1772928000,SOL,83.62301487964194,1580950613.9177022,45407417499.7897
1772928000,XLM,0.1503244145021815,48774119.48114282,4959720491.924235
1772928000,XRP,1.396332311347475,458659046.4777184,85494400809.28976
1772928000,XTZ,0.3898794974860949,11727453.329338616,420166080.0044842
1773014400,AAVE,110.70998566600242,223625264.10236385,1680867884.426374
1773014400,ADA,0.26804838829965305,221328143.5764069,9871361924.530493
1773014400,AVAX,8.920183492313235,177343824.137176,3851485120.5366764
1773014400,BCH,447.9647552419354,109816413.21373099,8961385094.103075
1773014400,BTC,66042.7510790264,30233312686.233253,1320834944584.2002
1773014400,DOGE,0.09001120978923448,755884756.111726,13801465277.305346
1773014400,DOT,1.4552476073809872,122950992.39711541,2433998299.5313525
1773014400,ETH,1939.3917593920498,15144191039.015755,234069173421.49823
1773014400,HBAR,0.09405652857159755,62058414.293593675,4072969507.6590195
1773014400,LINK,9.532563240590926,273804719.571708,6750007748.999848
1773014400,LTC,52.659384398340954,263392551.35952488,4051053304.9763484
1773014400,SHIB,5.787116745247721e-06,98008239.64829373,3410022279.9766836
1773014400,SOL,81.88428957123448,2208640247.671016,44463287153.497574
1773014400,XLM,0.1482389857899432,67368276.78120296,4890914243.528149
1773014400,XRP,1.35490752108217,1344451651.2098658,82958050691.48358
1773014400,XTZ,0.38985202553961623,11413212.809332397,420183696.87712294
1773100800,AAVE,110.74123921700159,276727895.1103972,1681346738.8270347
1773100800,ADA,0.26795635215153335,321177751.0041161,9867972528.55616
1773100800,AVAX,9.305577011257466,323012151.54878557,4017887236.036214
1773100800,BCH,448.91010890803415,151997630.48041466,8980518227.359322
1773100800,BTC,68430.60926017091,43658034305.22108,1368620260015.3108
1773100800,DOGE,0.0911072404844089,952382369.1877806,13970766576.818657
1773100800,DOT,1.495633298197456,148013636.78053787,2502139272.40572
1773100800,ETH,1992.982026905004,21509559006.41827,240537076146.7661
1773100800,HBAR,0.09439868631603289,89191534.12154464,4087786108.7129865
1773100800,LINK,9.619623793993396,367316660.2128719,6811655324.291723
1773100800,LTC,53.757412285388526,277799070.1256803,4135726497.6222715
1773100800,SHIB,5.8274737639483e-06,118546332.47570376,3433802368.3937883
1773100800,SOL,85.02093175468558,3585116821.4926686,46166488375.98889
1773100800,XLM,0.15080224092509842,81314069.24394491,4975584487.077844
1773100800,XRP,1.3718876229253802,2148042006.151797,83997705522.19151
1773100800,XTZ,0.3914769634786116,12236370.553232396,421982384.31024086
1773187200,AAVE,115.6031717700389,268959410.0280595,1755172379.8636522
1773187200,ADA,0.27626871362736,273595564.25163937,10175951230.41121
1773187200,AVAX,9.580784611657458,328012485.73716134,4136714161.3917933
1773187200,BCH,449.9157714361296,156783300.76684153,9000953013.434193
1773187200,BTC,69849.2035305081,45913537650.7469,1397023116314.9353
1773187200,DOGE,0.09479525928714526,1739796188.5011778,16026995918.006214
1773187200,DOT,1.4869545922932728,132177548.85286196,2488097931.682511
1773187200,ETH,2035.1741536034772,20433496336.302525,245629288936.0344
1773187200,HBAR,0.09507469129545977,92022475.2736639,4117059437.3218465
1773187200,LINK,9.780516437777301,343183312.4445385,6925583400.601145
1773187200,LTC,53.86871650798486,269355684.819294,4144489468.5144105
1773187200,SHIB,5.863681150772394e-06,215509966.76616496,3455137323.002842
1773187200,SOL,85.89560657695257,3570833376.9279113,46641438064.04302
1773187200,XLM,0.15851323026779116,105829011.57586996,5231455066.230225
1773187200,XRP,1.3919277981529767,2953474292.581349,85224722013.3756
1773187200,XTZ,0.3902801575263619,13115414.063342176,420737374.62545043
1773273600,AAVE,110.42087084009539,219081489.4908069,1745581117.8903484
1773273600,ADA,0.26284722872761435,406607392.57583606,9681590598.741093
1773273600,AVAX,9.554225665495698,235768803.82525107,4125246753.12073
1773273600,BCH,455.4471937443543,124068588.83124362,9111687897.159285
1773273600,BTC,70028.95987601393,384518713.1022658,1400647685843.0374
1773273600,DOGE,0.09295409655732434,1124469651.7827432,14256454970.616253
1773273600,DOT,1.5230739692319244,111242298.8813849,2548947378.994228
1773273600,ETH,2051.9341141166024,16955024688.993406,247652035655.06946
1773273600,HBAR,0.0943440281347307,78128006.98873883,4085419222.4554687
1773273600,LINK,9.00640880518248,298865992.90778595,6377437808.83363
1773273600,LTC,54.85357687346971,240342208.431155,4220435341.9498243
1773273600,SHIB,5.7438560939272995e-06,134834657.84211358,3386004703.3789196
1773273600,SOL,86.5581504342351,3283452722.5431256,49434560307.47968
1773273600,XLM,0.1592196885984582,95154045.33205716,5254881166.865132
1773273600,XRP,1.3847478524585772,143400356.36101973,84785109501.37007
1773273600,XTZ,0.3653702718852915,9009383.639374845,393920631.6859836
1773360000,AAVE,115.96504461593548,237646646.8120969,1760692796.3558455
1773360000,ADA,0.28480253403891453,184027317.6875899,10490281938.282093
1773360000,AVAX,9.725651765076165,220132209.1806736,4199263736.333548
1773360000,BCH,459.54715320944547,107262754.12583567,9194065065.167187
1773360000,BTC,70417.19388567522,35693537178.30585,1408442180116.169
1773360000,DOGE,0.09523676602823755,929384266.2244505,14607892917.572319
1773360000,DOT,1.5177840800262745,87642224.85848974,2540094460.8180275
1773360000,ETH,2071.9197307868703,18582310202.19868,250064089421.84503
1773360000,HBAR,0.09462509845538086,61890930.540797256,4097590529.0450454
1773360000,LINK,9.89390792776629,313378249.2897126,7005875911.311922
1773360000,LTC,54.50897761089862,232719879.83957312,4194129683.0200067
1773360000,SHIB,6.181207743837706e-06,157497600.7033017,3642237806.747523
1773360000,SOL,86.91319465805584,3013293341.64403,49637497208.5159
1773360000,XLM,0.1596390115524306,76676942.226059,5268751897.475564
1773360000,XRP,1.3988862713864045,1074879764.204134,85650774246.64755
1773360000,XTZ,0.40418370278952276,10556967.282884797,435810450.79596287
1773446400,AAVE,114.99713670809888,378098237.3266836,1746003368.7877052
1773446400,ADA,0.27880464960080514,280631372.2798019,10269358697.548552
1773446400,AVAX,9.74375799478693,387465122.38110924,4207081498.6452904
1773446400,BCH,462.05413903619444,215516693.63574815,9244423961.96386
1773446400,BTC,70838.93230193328,53200875874.63812,1416903889270.9753
1773446400,DOGE,0.0961080218091773,1695133243.1697588,16252867272.928247
1773446400,DOT,1.4623949462957075,139544901.4106563,2447397723.7590337
1773446400,ETH,2090.073006429967,25561303913.200787,252254994382.1135
1773446400,HBAR,0.09495068890570893,102648369.71204473,4111689709.577699
1773446400,LINK,9.632538594069526,473881311.1519298,6820800293.844032
1773446400,LTC,55.26529256603175,294945745.0596912,4252495468.022863
1773446400,SHIB,6.184086289334495e-06,163795278.0368108,3643933957.3324757
1773446400,SOL,88.13547874972527,4585739574.92884,50346167304.84724
1773446400,XLM,0.16362323279996313,110686487.12578467,5400367702.70565
1773446400,XRP,1.3987968885148327,3264932657.4513073,85645301527.16269
1773446400,XTZ,0.40091796079444164,15238834.891383085,432331309.1861782
1773532800,AAVE,116.77302666842905,193981700.25482893,1772967730.6299329
1773532800,ADA,0.28929653980041015,150694604.2756203,10655812022.58925
1773532800,AVAX,9.808911318764862,157734717.61257324,4235212877.116456
1773532800,BCH,469.40207172193027,120087499.67899624,9391532563.8347
1773532800,BTC,71149.2823885419,20019694459.73024,1423139472519.362
1773532800,DOGE,0.09680332295269285,661159410.4006338,16371764525.68124
1773532800,DOT,1.4166071615716072,96265089.45852149,2370769368.0651183
1773532800,ETH,2107.1131900776604,1301666837.8119001,254311529453.15802
1773532800,HBAR,0.0934675965805959,74255965.39431673,4047466737.4084682
1773532800,LINK,10.283531409251957,233730043.89598355,7281768287.039557
1773532800,LTC,54.95408963167964,188915504.0071958,4228731731.606139
1773532800,SHIB,6.423662180060347e-06,80520242.10820289,3785102533.7283034
1773532800,SOL,88.22402192508966,1624975313.6578467,50396679560.88358
1773532800,XLM,0.1665134771666466,71081337.09220818,5497764864.23342
1773532800,XRP,1.425291428571713,817713671.0767072,87267504786.71115
1773532800,XTZ,0.4137093017558671,9008369.634603798,446167766.47844064
1773619200,AAVE,119.67680999630868,394674130.22664714,1817065516.169666
1773619200,ADA,0.2906051425430205,201145655.20210764,10705973714.80979
1773619200,AVAX,10.049841773051385,209294363.4646383,4339239891.871065
1773619200,BCH,473.27222653850583,121899274.15879491,9469155231.909004
1773619200,BTC,72934.2940718683,24398877932.69607,1458870696938.544
1773619200,DOGE,0.09861155257609776,771476761.2119987,15129555986.62142
1773619200,DOT,1.4476678715470375,107293244.9705676,2422751160.72979
1773619200,ETH,2182.0726576096104,14142774279.99913,263358513956.0199
1773619200,HBAR,0.09641990319080132,91919156.92868723,4175311715.1445894
1773619200,LINK,10.247950399384115,348964952.1259627,7256573375.003465
1773619200,LTC,56.43525475067488,214389568.00762704,4342877790.461452
1773619200,SHIB,6.4118273580810506e-06,97794012.43752854,3778128912.037561
1773619200,SOL,92.84245908141786,2726424649.5209336,53046073672.589714
1773619200,XLM,0.1693819073231268,84037503.86536841,5592470767.535224
1773619200,XRP,1.4582581325650392,1710109865.4326134,89285984615.37514
1773619200,XTZ,0.41648554979014896,11245939.620648334,449204512.2430231
1773705600,AAVE,123.95996777423402,546566276.1652536,1882130058.3980234
1773705600,ADA,0.30046371524314913,352734005.638789,11069166255.965506
1773705600,AVAX,10.500090820705736,468913371.4533341,4533644806.194956
1773705600,BCH,479.1177939074311,163775951.32011062,9586319031.13365
1773705600,BTC,74679.37090810013,46895173926.528305,1493807199550.5852
1773705600,DOGE,0.10294946612452116,2016595636.3179948,17413854130.593323
1773705600,DOT,1.6332514145844104,387819028.1591318,2733335344.53547
1773705600,ETH,2343.5310877349557,35446059567.200615,282845219015.19055
1773705600,HBAR,0.10007307007726333,137590497.9869634,4333506340.881918
1773705600,LINK,10.262621056599496,704706134.4102042,7266961666.944197
1773705600,LTC,58.54638505110287,397055223.4708492,4505550611.353735
1773705600,SHIB,6.3904165115609655e-06,192937281.36967295,3765512364.1830106
1773705600,SOL,95.89308559272592,5388386423.087694,54788991789.75197
1773705600,XLM,0.17554805811139843,131599929.44322522,5791436735.677486
1773705600,XRP,1.5394605590302872,3794681396.7142043,94257833177.8476
1773705600,XTZ,0.4274250139409541,12674042.664595319,461047291.3555878
1773792000,AAVE,122.76481850534844,351564533.5830218,1863991020.78918
1773792000,ADA,0.3052233511729536,241413157.58455643,11244512558.204489
1773792000,AVAX,10.25833610335852,315164981.1004256,4429261897.762106
1773792000,BCH,474.771245728933,114017748.19573104,9499543506.068121
1773792000,BTC,74004.69080880683,41402228682.37158,1480319012450.2678
1773792000,DOGE,0.10075683027548969,1244991068.641487,15461378065.368456
1773792000,DOT,1.6240774505105586,220158497.98260862,2717982215.1711597
1773792000,ETH,2320.9509267494554,23544760984.833347,280119875556.8624
1773792000,HBAR,0.09881934766989087,91755461.07573362,4279215870.954524
1773792000,LINK,10.396906322267066,430673242.241808,7362049059.595621
1773792000,LTC,58.14511929152412,314335139.4093945,4474859761.6217375
1773792000,SHIB,6.3565418502924475e-06,147821049.15174595,3745551929.4503675
1773792000,SOL,94.88825668690211,3321594711.3420515,54223681268.91809
1773792000,XLM,0.17386948105640035,122175266.62874004,5737065496.870976
1773792000,XRP,1.5225501906361782,4471635614.547484,93222447975.07768
1773792000,XTZ,0.42386859279443784,12453938.18740518,457255480.7310754
1773878400,AAVE,118.48671506632517,321667549.4529888,1799099291.3979857
1773878400,ADA,0.2871293743805718,295026705.9221252,10577925455.717335
1773878400,AVAX,9.717683840169546,363461681.1764657,4195823409.7701044
1773878400,BCH,459.8387213539403,141358904.03898063,9200986214.843233
1773878400,BTC,71220.04730260483,39350060117.86037,1424617668656.0383
1773878400,DOGE,0.0955501327790146,1253786943.7828531,14663751750.603825
1773878400,DOT,1.5737304563925518,220345603.99820912,2636115247.4181557
1773878400,ETH,2203.1349441544735,22377146282.21154,265900393517.91376
1773878400,HBAR,0.09564595978400564,89421265.8399685,4141799659.5898333
1773878400,LINK,9.880280446889508,394646865.7517702,6996226292.50573
1773878400,LTC,56.03966994136688,272219237.8391566,4313039370.008063
1773878400,SHIB,6.069280382203835e-06,174236945.73688117,3576284930.9943724
1773878400,SOL,90.115544198641,3358551411.7335477,51496257916.80628
1773878400,XLM,0.16971098122729406,108348700.71292092,5600428064.677086
1773878400,XRP,1.4662524918487003,2871675929.974361,89775461906.17223
1773878400,XTZ,0.4197863323490591,15784911.626029626,452895879.6944107
1773964800,AAVE,115.12492953093138,320540169.8166705,1748065142.9013393
1773964800,ADA,0.2834532646837055,256262651.48070276,10444387233.67372
1773964800,AVAX,9.543007206336066,221793805.50970924,4120402937.007989
1773964800,BCH,459.56238229257883,125424601.62955272,9195696736.669733
1773964800,BTC,69936.19932093748,38065438932.54481,1398936802273.2832
1773964800,DOGE,0.09433529326966342,756810087.3476293,14478532358.884146
1773964800,DOT,1.5221693319917504,179556642.22344398,2549979369.446671
1773964800,ETH,2139.514195287849,20747989001.230663,258221821843.73438
1773964800,HBAR,0.09293757061699774,70834758.39887346,4024517075.413724
1773964800,LINK,9.768550547089037,375050955.56450224,6917110353.758346
1773964800,LTC,55.59280995945715,220225922.97898984,4278783423.10118
1773964800,SHIB,6.174047811285589e-06,124871400.28399497,3638018462.7889566
1773964800,SOL,89.13814377366043,2822284050.9672275,50948462318.6077
1773964800,XLM,0.16536300414783628,78059105.14058988,5458664638.653908
1773964800,XRP,1.4557086485948132,2276167290.0625157,89206813117.93756
1773964800,XTZ,0.4131039301069535,13468909.381134408,445730936.6635298
1774051200,AAVE,111.49684435132696,223114491.46431145,1692981364.1797566
1774051200,ADA,0.2662162735344387,202333582.72728202,9809256745.735126
1774051200,AVAX,9.578489350205482,224387878.95229754,4135723131.8532586
1774051200,BCH,474.0839404764343,141800683.9952157,9486480341.942118
1774051200,BTC,70526.28915957874,32603143140.635445,1410740394689.4873
1774051200,DOGE,0.09415676424685271,591101880.2585533,14452427413.234608
1774051200,DOT,1.502569529581772,149081561.32662553,2517359559.810135
1774051200,ETH,2146.578814982091,15655115807.2655,259074401685.337
1774051200,HBAR,0.09324537634485477,52674274.35084899,4037846124.1493006
1774051200,LINK,9.121815291435645,304549776.8498247,6459157138.339534
1774051200,LTC,56.1825433856231,207198265.32358515,4324452642.797577
1774051200,SHIB,5.960070019954191e-06,188317893.35040388,3511933387.3314757
1774051200,SOL,89.88102391501674,2350200908.3402796,51372979186.803825
1774051200,XLM,0.16541504553266706,70362856.48002811,5460552891.885974
1774051200,XRP,1.4438593513850513,1605645003.1316595,88572950910.03639
1774051200,XTZ,0.40800075187637813,16091650.376305772,440280037.89754045
1774137600,AAVE,107.26450689279407,136690480.63531193,1628814936.2423956
1774137600,ADA,0.28821054193000367,120368645.60375363,10619678373.092157
1774137600,AVAX,9.196250641938349,158317546.88061762,3970683175.1469145
1774137600,BCH,462.9627427405079,103134499.2277404,9264113022.244953
1774137600,BTC,68424.07687771624,19470795501.026283,1368689752020.2637
1774137600,DOGE,0.09162567242594302,448955214.80260485,14065235824.89053
1774137600,DOT,1.4550975798630525,113819662.03325458,2438054581.8769417
1774137600,ETH,2066.1561868530966,6737837915.836869,249368009906.10928
1774137600,HBAR,0.09080068816421957,41130638.344690345,3931982701.4098854
1774137600,LINK,10.002406162281378,215733847.29745644,7082703507.966214
1774137600,LTC,54.36763282182644,184522535.3264063,4184943207.53345
1774137600,SHIB,5.8401589834672644e-06,95509229.89824887,3441276567.521172
1774137600,SOL,86.94066815337234,1479429609.2274296,49731542780.14101
1774137600,XLM,0.1605950779087737,57781074.81798168,5301439106.112093
1774137600,XRP,1.4130020572493553,1165574545.9425142,86680023045.50739
1774137600,XTZ,0.4196410793373478,9716384.295783367,452885527.0920225
1774224000,AAVE,110.99450349963693,250994267.53245106,1685458166.6472933
1774224000,ADA,0.2693984929881285,225854541.28270093,9926511815.187061
1774224000,AVAX,9.117463510021691,204084515.62713742,3936665100.6837316
1774224000,BCH,470.63872523560894,125956213.32729393,9417900005.939053
1774224000,BTC,67933.42948137881,25352216480.721107,1358875311053.488
1774224000,DOGE,0.09122831102086294,661653084.7083439,14005457557.192993
1774224000,DOT,1.4186570479190763,118498973.17599443,2377175381.0374017
1774224000,ETH,2055.681838744274,13821408478.563215,248103824426.18518
1774224000,HBAR,0.08940647106571267,72058098.750071,3871608296.5046163
1774224000,LINK,9.547896095569461,325208843.050395,6760864943.156817
1774224000,LTC,53.62491794476927,225077348.19106996,4127856256.44886
1774224000,SHIB,6.1439024424435614e-06,106585906.47221151,3620255414.601369
1774224000,SOL,86.51000589698566,2176702533.7310886,49485135094.03831
1774224000,XLM,0.15626005438377055,74850933.1386747,5158333931.35791
1774224000,XRP,1.399010071779641,1430394325.9248023,85821690520.97574
1774224000,XTZ,0.4117418780823474,9888425.530515864,444404007.4305556
1774310400,AAVE,113.3470140437723,363643991.95878494,1721186414.3742094
1774310400,ADA,0.2767125282649198,276603370.0187933,10196011680.559223
1774310400,AVAX,9.615532118493926,369461992.95808125,4151717160.5645933
1774310400,BCH,480.64992156801156,158189226.40910193,9618608467.488739
1774310400,BTC,70987.25185405998,46905271506.270256,1419961051288.5916
1774310400,DOGE,0.09462232089784495,1411562611.0505037,14527784708.368717
1774310400,DOT,1.422468356934124,192599890.5656229,2383836596.2963758
1774310400,ETH,2152.471302393496,26141021835.50594,259785198462.48618
1774310400,HBAR,0.09330321527031844,113952349.39982902,4040350748.9526186
1774310400,LINK,9.590997561408825,570132899.6087435,6791385089.844132
1774310400,LTC,55.754621445239614,299129671.94130695,4292081122.2357044
1774310400,SHIB,6.310148828256296e-06,208437954.88953546,3718215031.98986
1774310400,SOL,91.61995872641151,4530300909.258156,52419147728.25777
1774310400,XLM,0.16704447156364055,131407745.60719669,5515549649.557788
1774310400,XRP,1.4376099340574098,3346754594.881686,88189583005.36719
1774310400,XTZ,0.4192187384251468,12337856.963095583,452518096.9385204
1774396800,AAVE,117.06205814200888,230160200.11769617,1777613281.8780062
1774396800,ADA,0.2848530158482349,226544262.31757167,10495963789.722364
1774396800,AVAX,9.701184824697592,217642878.4700751,4188699597.5022855
1774396800,BCH,480.373826410414,146355159.0319541,9613171910.741398
1774396800,BTC,70528.86345595501,32603022085.42079,1410791888450.5967
1774396800,DOGE,0.09581867752380024,895585151.8044833,14712804277.38691
1774396800,DOT,1.4042076092820508,194189494.65046415,2353433526.219838
1774396800,ETH,2156.3938779843224,15077078045.390007,260258554389.5669
1774396800,HBAR,0.09428698538090453,78394485.23934036,4082951384.8690243
1774396800,LINK,9.955437101911608,378505184.9135238,7049444717.705896
1774396800,LTC,56.42103892194137,232017400.0185921,4343493040.703214
1774396800,SHIB,6.504514394691446e-06,144519123.57241267,3832743695.583064
1774396800,SOL,90.95642493892578,3170314769.040441,52039471567.11099
1774396800,XLM,0.17394443612269442,114289220.16576356,5743374967.443673
1774396800,XRP,1.4233299309185359,2072027489.3792672,87313582156.80716
1774396800,XTZ,0.4220276813788121,12444959.55157523,455594356.7684864
1774483200,AAVE,116.41222948201568,285527759.35506797,1767752985.6000295
1774483200,ADA,0.28408277821285177,291060776.04145503,10469498413.010519
1774483200,AVAX,9.752685213026824,217673537.73412183,4210936021.1725864
1774483200,BCH,477.4360255157613,126427504.04713047,9554588448.12369
1774483200,BTC,71303.58545062262,31347153732.467434,1426288685822.9785
1774483200,DOGE,0.09673753003223666,1039763770.9758415,14855204367.477701
1774483200,DOT,1.3633325767914093,197128616.32056016,2285136318.2372913
1774483200,ETH,2172.4163328611644,3783113507.931435,262192292183.59747
1774483200,HBAR,0.09467817151672052,83157141.50339817,4099891092.6025476
1774483200,LINK,10.132840396086717,347350043.3346092,7175063985.069478
1774483200,LTC,56.61820373986995,232108887.40691927,4358986077.3049
1774483200,SHIB,6.497715098110719e-06,117125599.91862193,3828737135.361966
1774483200,SOL,91.79638934133811,2898547007.065902,52531083589.53271
1774483200,XLM,0.17733885843440192,173458255.42212394,5856597368.217938
1774483200,XRP,1.42323613048032,1790785537.8160796,87307828007.96887
1774483200,XTZ,0.4138143313759218,11731800.333324337,446771015.64089423
1774569600,AAVE,109.735828278528,242415749.36753085,1666371441.232356
1774569600,ADA,0.2694953839784889,266434654.9670195,9931899119.778486
1774569600,AVAX,9.147255271639521,235862624.80624655,3949528348.024386
1774569600,BCH,465.24779991268997,130905196.50516543,9310864597.229692
1774569600,BTC,68727.2122901201,45867404479.40452,1374753382709.4006
1774569600,DOGE,0.09249075235506368,1071314700.3574145,14204319678.18392
1774569600,DOT,1.3222894230314963,193418520.6270592,2216529098.613467
1774569600,ETH,2059.589104363155,16416256659.251913,248574966495.32648
1774569600,HBAR,0.09108596310118373,65189087.85791546,3944336089.276605
1774569600,LINK,9.651566537713858,360429003.7526806,6834273980.176068
1774569600,LTC,54.54615016231892,251151645.2231673,4199652756.48559
1774569600,SHIB,6.305922013326367e-06,112131583.21151707,3715724233.700104
1774569600,SOL,86.56000919831459,3350563874.8767858,49534466773.867714
1774569600,XLM,0.173861309760103,105628946.54408765,5743545273.656273
1774569600,XRP,1.3681491705216458,2338114931.8052416,83928541379.03073
1774569600,XTZ,0.39863970279849104,10566841.045081692,430429349.11640877
1774656000,AAVE,98.56857326260312,216895848.0855761,1496798081.6234553
1774656000,ADA,0.24643937521223988,186215368.3696125,9082200138.702835
1774656000,AVAX,8.779253399082952,304364620.68758464,3790635457.79375
1774656000,BCH,472.5506761116093,310232691.58503777,9457257049.202566
1774656000,BTC,66329.88185741157,43169558848.59394,1326825214972.8843
1774656000,DOGE,0.09009559650989912,759764320.9440427,13837702157.062279
1774656000,DOT,1.2899555773289064,305423976.5471726,2162518085.120839
1774656000,ETH,1991.5485477905527,17892632129.20947,240363008723.19138
1774656000,HBAR,0.08907842342160767,67962563.45871945,3857402703.0689616
1774656000,LINK,8.557401323824237,373812405.80016756,6059495624.550612
1774656000,LTC,53.65825460262391,261119563.00574806,4131425803.6609206
1774656000,SHIB,5.777928700487299e-06,108792979.11537169,3404607534.739078
1774656000,SOL,83.00571325553047,2897358735.4617996,47510477612.918015
1774656000,XLM,0.16714348243756605,84356032.23019011,5521921813.710456
1774656000,XRP,1.3250991075693428,2339885154.570431,81287653186.6382
1774656000,XTZ,0.35108567811867614,12279087.720106766,379119865.6611904
1774742400,AAVE,96.88713951343787,170686240.02671492,1471274565.5399516
1774742400,ADA,0.24590515052131942,176613091.92574638,9062511987.985046
1774742400,AVAX,8.75596820833212,204573669.76192093,3780581565.316878
1774742400,BCH,480.74337892471243,225771682.23189583,9621483759.562246
1774742400,BTC,66388.84446013413,21059002641.18555,1328338671604.5044
1774742400,DOGE,0.09092134238007735,875047910.6877384,13965777895.820713
1774742400,DOT,1.2599366292990966,253399568.24315175,2112377420.7058358
1774742400,ETH,2000.0500988359693,3680967183.3661385,241389017276.30966
1774742400,HBAR,0.0898519391007962,50740903.86040079,3890898597.5581064
1774742400,LINK,8.441996231619338,245798082.2257577,5977777282.170249
1774742400,LTC,53.84796722049631,247312681.34514424,4146315458.520799
1774742400,SHIB,5.835463508568839e-06,92627394.35751879,3438509544.0008497
1774742400,SOL,82.1077280474731,1780975469.74778,46996435735.554955
1774742400,XLM,0.16812687752228986,64466389.24222891,5554409506.348376
1774742400,XRP,1.3342864570168125,1172617476.0996406,81851247314.29578
1774742400,XTZ,0.345952318203517,12165274.768258387,373612487.2093718
1774828800,AAVE,95.58712731864807,123034834.96663776,1451540105.5583203
1774828800,ADA,0.23996753357145462,240185546.627189,8843688898.374535
1774828800,AVAX,8.597913719141783,201006835.77204219,3712338068.5463033
1774828800,BCH,452.09105950696636,300891190.1602008,9048216819.123531
1774828800,BTC,65947.03192607871,22702400222.698208,1319528951993.3867
1774828800,DOGE,0.09043168902101487,673214343.4365487,13891787473.349514
1774828800,DOT,1.263102936868565,196662995.74156293,2117881164.077579
1774828800,ETH,1981.7423699353176,3126443831.8927627,239179399783.70428
1774828800,HBAR,0.0880388141466426,50747775.33626627,3812384038.924469
1774828800,LINK,8.412304837387502,230604153.97897488,5956752806.79199
1774828800,LTC,53.304504601560346,259079488.24951908,4104653515.003435
1774828800,SHIB,5.7920421149886355e-06,80128683.31861714,3412923763.8550425
1774828800,SOL,81.38667344193283,1785841210.682829,46593513708.730415
1774828800,XLM,0.16446208685560532,74847420.92078649,5433334989.5963745
1774828800,XRP,1.3279211567600602,1362521606.467456,81460770619.57608
1774828800,XTZ,0.34014354035907063,9337633.071152322,367373609.2948871
1774915200,AAVE,96.75914776374238,150362973.71673235,1469360767.2901719
1774915200,ADA,0.24346522243742494,220354885.27412608,8978318077.947197
1774915200,AVAX,8.801531761346476,186445408.37877026,3800254629.9600883
1774915200,BCH,460.02312899707925,167222640.15634933,9207170244.648243
1774915200,BTC,66691.27147786925,34064201546.291615,1334447058898.83
1774915200,DOGE,0.09068106940000485,1023727961.7914162,15356106683.371603
1774915200,DOT,1.243460003868088,109839607.71190827,2085180040.5946069
1774915200,ETH,2024.0146470848574,16073332742.566395,244281249742.8913
1774915200,HBAR,0.0869706372306004,57393433.443864785,3766128297.470845
1774915200,LINK,8.61869297681251,324838328.1633621,6102896242.220596
1774915200,LTC,53.27973014227229,286337517.96181905,4102935261.6284046
1774915200,SHIB,5.923303307127454e-06,122641618.47188322,3490268581.628937
1774915200,SOL,82.4461259589699,2926493936.450751,47209984898.48518
1774915200,XLM,0.16746811540116088,89137173.21944398,5533590906.2892685
1774915200,XRP,1.3228726302337825,1797134401.550288,81151070861.25055
1774915200,XTZ,0.3470970425048099,10671921.483736863,374918851.35463065
1775001600,AAVE,97.99402673531384,154073494.826506,1488134140.006
1775001600,ADA,0.24227229716279067,244399817.6196464,8934326322.362305
1775001600,AVAX,8.900739120582202,196396275.99444532,3843089586.0205092
1775001600,BCH,465.92285667221813,203564955.66791973,9325454664.195244
1775001600,BTC,68107.47456405059,51983877859.265175,1362813266728.113
1775001600,DOGE,0.09218518662960833,984088235.2940053,15612011507.6592
1775001600,DOT,1.2533921769563718,123330070.11495543,2102017639.1356032
1775001600,ETH,2095.4159934323757,23416069529.556515,252878775956.88654
1775001600,HBAR,0.08754063967619173,95374574.88922854,3790811367.7158833
1775001600,LINK,8.769638449462454,317034246.9197905,6209780726.943969
1775001600,LTC,53.87243337091893,281845678.30257195,4148763339.128094
1775001600,SHIB,5.94666562433893e-06,111225010.7583971,3504034656.2744794
1775001600,SOL,83.03928802068708,3843275870.1548357,47549222493.60331
1775001600,XLM,0.16698685721565318,94925664.68101032,5518743558.6309805
1775001600,XRP,1.3390639434582177,1814281536.1850655,82225933451.11469
1775001600,XTZ,0.35184310689037906,15158157.909746403,380081038.0964471
1775088000,AAVE,98.17324334769347,186710172.3008666,1491111365.6572232
1775088000,ADA,0.24884701148319002,197027198.07518908,9176783441.490896
1775088000,AVAX,9.12899594909165,283766002.249359,3941644484.518124
1775088000,BCH,455.089786365048,178399507.97511008,9108806907.28897
1775088000,BTC,67959.87524726024,48409464466.14032,1362985792271.1128
1775088000,DOGE,0.09234487534575067,903618089.4226217,14189375229.437996
1775088000,DOT,1.2580582441904247,105444177.7110079,2110035097.98996
1775088000,ETH,2131.5392771024462,21299358479.11906,257238202336.49893
1775088000,HBAR,0.08856006220891298,76689364.48851919,3836489758.2440844
1775088000,LINK,8.942634152850808,353435137.813301,6689984345.268247
1775088000,LTC,53.82388612405403,284692492.52423894,4172018141.8322535
1775088000,SHIB,6.009773766116147e-06,107314079.31030427,3541220678.420209
1775088000,SOL,81.21202678364425,4613974355.266786,47347195802.81873
1775088000,XLM,0.1692779280217679,92613919.95870776,5597085230.063975
1775088000,XRP,1.348434133804052,2149137642.11241,84515723723.41747
1775088000,XTZ,0.3517073503929353,10495095.612629691,379969994.54754806
1775174400,AAVE,94.46787218158906,249069580.7810109,1434836008.284286
1775174400,ADA,0.23999679982404112,206753876.57521552,8850412329.684904
1775174400,AVAX,8.75351009878047,266113206.32419175,3779520222.5349736
1775174400,BCH,445.3381557700036,133836828.47297546,8913850904.460148
1775174400,BTC,66887.51063938277,48489330158.05017,1341478723293.2266
1775174400,DOGE,0.09066747729856037,943460418.863648,13932896295.48309
1775174400,DOT,1.238736636704375,107089801.62124693,2077815081.0568821
1775174400,ETH,2052.336230233669,20672789354.697014,247679828435.08362
1775174400,HBAR,0.08827190624817723,65361196.74557944,3824006621.2167363
1775174400,LINK,8.641427836948084,358136583.21978587,6464651909.249631
1775174400,LTC,52.3200829039349,274117657.2764706,4055454757.657008
1775174400,SHIB,5.871174737139431e-06,124384502.79039638,3459552042.7141604
1775174400,SOL,79.04954676326335,4252532363.374805,46086454395.42317
1775174400,XLM,0.16337929215563088,99262669.0032231,5403132298.949934
1775174400,XRP,1.3219171671228065,2822934524.886891,82853721424.72687
1775174400,XTZ,0.34293439174326895,10243545.227494873,370525140.03020453
1775260800,AAVE,94.77207115044138,138775259.01856995,1439458092.8950372
1775260800,ADA,0.246569294066978,160489704.51867738,9092787578.55122
1775260800,AVAX,8.91213619022173,193104987.88348183,3848010521.1304417
1775260800,BCH,443.6803401059762,95904696.77379313,8880849837.817738
1775260800,BTC,66822.55230312092,27881704293.27623,1340175935595.4512
1775260800,DOGE,0.091819531415718,635244889.4730799,14111194370.43734
1775260800,DOT,1.2387824085620958,102372189.45729215,2078072527.6464832
1775260800,ETH,2009.4212910268097,2391874686.2539997,242500772185.19867
1775260800,HBAR,0.08774107327888096,58048336.50963773,3801010530.2156205
1775260800,LINK,8.65966883962238,183206000.6783163,6478298002.810792
1775260800,LTC,53.21612197723616,213120383.11232457,4124908889.24809
1775260800,SHIB,5.984379996084888e-06,96703328.23749645,3526257502.0425963
1775260800,SOL,80.4339628863637,2491825633.4519887,46893578953.80463
1775260800,XLM,0.16287135598936095,71547253.15556914,5387049026.744713
1775260800,XRP,1.3194997099489518,1686259089.715075,82702202609.3122
1775260800,XTZ,0.34920214434302477,12212063.103673995,377332654.0473383
1775347200,AAVE,94.61175399012659,93156344.42191541,1437032963.545002
1775347200,ADA,0.2479793794432949,144549883.05514,9146381768.146856
1775347200,AVAX,8.99217022905972,106070204.43219404,3882566975.040454
1775347200,BCH,441.87388027213666,72805462.13623352,8844912087.810991
1775347200,BTC,67077.1500532805,18349404855.726543,1345282082641.0298
1775347200,DOGE,0.092502119036856,408269521.0133035,14217365381.639622
1775347200,DOT,1.2526166539210746,65010626.29311135,2101436554.917966
1775347200,ETH,2052.0685636243165,8763342890.936821,247647525921.04834
1775347200,HBAR,0.08750473477026496,36224685.94537304,3790772164.921595
1775347200,LINK,8.697665811844045,133876666.49157543,6506723536.606054
1775347200,LTC,53.580795486380694,156138403.0338364,4153175605.116394
1775347200,SHIB,5.995388921611957e-06,78849736.31904359,3532744302.954405
1775347200,SOL,80.90650747975322,1755885984.5844564,47169075850.93763
1775347200,XLM,0.16187210840656158,52888121.95901466,5353997642.405677
1775347200,XRP,1.3175529895382665,1092465170.3690884,82580188133.20866
1775347200,XTZ,0.34872748481984384,10104629.417988261,376855406.51351684
1775433600,AAVE,94.87370590016386,183723658.7645237,1441060757.961314
1775433600,ADA,0.2549186397928315,129321174.37480332,9402326937.813433
1775433600,AVAX,9.15211997367833,128039545.7784123,3951628789.9642253
1775433600,BCH,431.37142447737705,129135563.92848812,8634864209.89507
1775433600,BTC,69002.03847938096,23859752469.910007,1383887150218.5754
1775433600,DOGE,0.09313564816357862,585490629.1204538,14315936955.163094
1775433600,DOT,1.2508071273786903,97801322.02743247,2098582464.2662086
1775433600,ETH,2066.1981252768373,2977633843.3241262,249352708217.40182
1775433600,HBAR,0.08846423679198588,47230305.49648599,3832338527.7716246
1775433600,LINK,8.897785506802176,180008870.13625267,6656433074.485669
1775433600,LTC,54.3534397954827,170540482.5501331,4213065113.4162498
1775433600,SHIB,6.019147322622011e-06,98876567.34302193,3546743727.8037634
1775433600,SOL,82.54140759499754,2185406548.9011254,48122229366.05857
1775433600,XLM,0.16347281321720544,85533014.1891587,5406940952.613961
1775433600,XRP,1.3374735160923328,1772832847.7053504,83828745757.53911
1775433600,XTZ,0.346244758425193,9244029.141933741,374207944.09580815
1775520000,AAVE,93.14233096018086,220076063.76561338,1412418088.9894726
1775520000,ADA,0.2456932405628542,179343583.29033968,9062060648.292227
1775520000,AVAX,8.89205835533998,325694181.2420679,3839341474.9873567
1775520000,BCH,435.99209806210996,116745523.20378126,8727552163.941923
1775520000,BTC,68672.24657456316,46866527625.05277,1377272928532.069
1775520000,DOGE,0.09071349569201076,943203297.5402964,13944886440.459768
1775520000,DOT,1.242563794340902,96011433.5530112,2084942694.12322
1775520000,ETH,2100.806140265129,20057879920.68048,253529269098.853
1775520000,HBAR,0.08746167677763622,68094053.48333474,3788906859.6953197
1775520000,LINK,8.806675182056852,275673890.5605121,6588273443.23829
1775520000,LTC,53.54704893133074,221141253.03022185,4150559828.924236
1775520000,SHIB,5.83153732371341e-06,109289117.40928908,3436195737.34403
1775520000,SOL,80.14391345270856,2881190297.1705227,46724478047.551506
1775520000,XLM,0.1558750181555436,79774184.85102281,5157151076.898241
1775520000,XRP,1.3212073179193704,2278171895.599631,82809230249.62315
1775520000,XTZ,0.34258310311793705,10936020.892539926,370285362.2979203
1775606400,AAVE,96.19146945444957,395212268.3752351,1458673788.4581985
1775606400,ADA,0.26394636632515434,378720372.0542765,9735302339.027927
1775606400,AVAX,9.458532544709685,594963399.5813994,4083929146.687785
1775606400,BCH,446.1548856801833,136733215.6758425,8931168888.222666
1775606400,BTC,71661.76372427847,59114621689.24899,1437229916180.8518
1775606400,DOGE,0.09531816100001446,1333266491.004477,14653809578.441015
1775606400,DOT,1.3153570024538406,171000407.3489298,2207294995.1174335
1775606400,ETH,2235.8222062960863,25409795947.525566,269823263999.8347
1775606400,HBAR,0.09244211435893367,82558269.43531172,4004663232.313394
1775606400,LINK,9.326012926308175,540158370.9391965,6976789994.353231
1775606400,LTC,55.52048407596827,269874769.25782114,4303525506.768105
1775606400,SHIB,6.146118846532046e-06,140915464.59366438,3621560860.3672757
1775606400,SOL,85.73782127486712,4798667716.225741,49985761340.29175
1775606400,XLM,0.16354538876063768,119066174.82215326,5411892518.240598
1775606400,XRP,1.3819971406029992,2730733372.6220455,86619350247.57309
1775606400,XTZ,0.3616426982267851,13247966.115720829,390921088.5584927
1775692800,AAVE,91.75824404659095,286203566.09840536,1391449795.99449
1775692800,ADA,0.2504423588998442,197720071.30548498,9237225411.869474
1775692800,AVAX,9.046399714489773,320576305.2551874,3905981746.318219
1775692800,BCH,441.630669029827,126070097.55763069,8840793163.002293
1775692800,BTC,70644.79416156793,42187302136.25613,1416833835992.307
1775692800,DOGE,0.09253108557236275,1253737514.3181648,14226507873.015888
1775692800,DOT,1.268008632692678,138808020.02813905,2128033141.2013159
1775692800,ETH,2179.7915700795793,22458863412.682026,263061380561.4504
1775692800,HBAR,0.08882065775283673,120022993.18900093,3847778957.024006
1775692800,LINK,8.851167563368252,427453290.6469418,6621558192.381481
1775692800,LTC,53.922364015736186,224949586.9956137,4179651398.7420278
1775692800,SHIB,5.938262726396775e-06,111189173.27881965,3499082960.5969753
1775692800,SOL,82.52857912633098,3672064602.3412547,48114750277.32511
1775692800,XLM,0.15753152898697692,96086050.99577585,5213073418.008938
1775692800,XRP,1.342791869574639,2774332881.1842375,84162083873.43657
1775692800,XTZ,0.3517937279011322,10794515.942579709,380308025.205255
1775779200,AAVE,90.59541342938896,247482475.07409045,1373827060.0143504
1775779200,ADA,0.25426707506807567,260236577.93573684,9392718519.776342
1775779200,AVAX,9.38290853252319,288286768.9496858,4051276818.633933
1775779200,BCH,443.44557846959555,114505136.36937307,8877336989.553078
1775779200,BTC,71367.80291658688,41307213904.3155,1431334313769.7168
1775779200,DOGE,0.09275839147333868,1292184789.9931219,14262920450.326975
1775779200,DOT,1.300093802556466,140881421.60393494,2182075883.4286356
1775779200,ETH,2177.972586699981,19099363153.033443,262841862197.574
1775779200,HBAR,0.08937566519384701,70893645.16433065,3871822304.6750045
1775779200,LINK,8.947972434278217,459749131.53321576,6693977913.446211
1775779200,LTC,54.52392826807505,213919767.01166508,4226280082.677094
1775779200,SHIB,5.911800670563776e-06,133107552.58785865,3483490340.716664
1775779200,SOL,83.30191658280422,3553979532.9325647,48565611530.38697
1775779200,XLM,0.1549977551227345,98234908.25049886,5130097128.337057
1775779200,XRP,1.3449506959316484,3064142170.4773006,84297392500.96376
1775779200,XTZ,0.3535788562111583,10991293.324442232,382273740.38047403
1775865600,AAVE,93.81034508758242,249264532.79930472,1422591373.757343
1775865600,ADA,0.2541094792848332,221032148.65389907,9386896874.046144
1775865600,AVAX,9.39559988153746,223603737.3737584,4056756587.287809
1775865600,BCH,443.94417528356485,100430546.65634611,8887508462.720444
1775865600,BTC,72920.25491187068,32133663126.52619,1459433492592.4358
1775865600,DOGE,0.0937690982133622,1132680276.678877,14419678432.034674
1775865600,DOT,1.3050632512596827,106289237.06115873,2190637306.5790753
1775865600,ETH,2247.4186221630807,2203404978.6048203,271243406913.34424
1775865600,HBAR,0.0895277748059579,67373352.2042063,3878411809.6377473
1775865600,LINK,9.088439467892385,255119969.95733818,6608204068.562504
1775865600,LTC,54.963418293296236,185719929.76749694,4232781044.7761154
1775865600,SHIB,5.974461741606662e-06,120294854.95699213,3520412951.0366073
1775865600,SOL,84.80770646580707,2618591191.307525,48696878247.81551
1775865600,XLM,0.15512442386232483,92112755.38499741,5134415261.788038
1775865600,XRP,1.3561245684325638,1860088372.5588098,83273550199.08873
1775865600,XTZ,0.3588443388250334,11136564.606965438,388004162.60844624
1775952000,AAVE,94.64228915166937,173980166.64868936,1435220561.5851724
1775952000,ADA,0.24956593975036212,135478103.49448493,9219056865.978498
1775952000,AVAX,9.375600780395441,174562842.79749477,4048121536.165938
1775952000,BCH,438.34782757207006,86942292.96591994,8775693326.27679
1775952000,BTC,73021.85968305328,20344402241.871456,1461495718539.031
1775952000,DOGE,0.09307195437079681,881704635.989171,14313448038.472115
1775952000,DOT,1.2875633219578035,109323504.10891092,2161441621.136488
1775952000,ETH,2283.0571149299954,10793969205.906853,275544608218.2303
1775952000,HBAR,0.0882582023876873,48591821.21603657,3823412959.611227
1775952000,LINK,9.068454346381166,200447689.4979864,6593672887.30221
1775952000,LTC,55.05745211509503,155669848.70580503,4240022671.8589478
1775952000,SHIB,5.9563219885877585e-06,96916764.16056271,3509724171.0704036
1775952000,SOL,84.93208356676055,1943834617.081766,48795340782.55074
1775952000,XLM,0.15359345172532277,60623297.37181071,5083741292.602738
1775952000,XRP,1.3550226689539349,1468756651.7933085,83205887475.70483
1775952000,XTZ,0.353744747013042,8921260.272919556,382527291.8662956
1776038400,AAVE,89.94853692112257,171365273.60092455,1364045292.4271731
1776038400,ADA,0.23639715330538832,267715779.57335183,8732597090.20309
1776038400,AVAX,9.031338877285343,209327670.98544642,3899478899.1014915
1776038400,BCH,422.367410877859,129147198.41390623,8455930151.735612
1776038400,BTC,70660.63961180339,25034828600.5945,1414271995223.8486
1776038400,DOGE,0.0909254064487368,1079260765.883022,13984830909.754374
1776038400,DOT,1.224690638505111,125757196.94326185,2056070498.4629157
1776038400,ETH,2189.221443884993,13405623366.831423,264219444192.96732
1776038400,HBAR,0.08533048216301925,53141470.58088552,3696581875.9741693
1776038400,LINK,8.733253192225678,275653864.6464487,6349948138.020162
1776038400,LTC,53.46606169747208,163166221.17385226,4117468300.1747117
1776038400,SHIB,5.773944754542583e-06,103957791.98673037,3402259554.5256133
1776038400,SOL,81.48683233639147,2471128962.045342,46815848907.80186
1776038400,XLM,0.15053632622084231,67806576.34094831,4982553743.00953
1776038400,XRP,1.3252607819143487,1756668602.8346794,81378342977.13776
1776038400,XTZ,0.3422530575704645,9370109.68328744,370135803.2442751
1776124800,AAVE,103.85670178665698,382380870.38607997,1574961283.0003192
1776124800,ADA,0.24881204464846315,251239478.27897578,9191207705.863375
1776124800,AVAX,9.692798095675368,335553484.9131875,4185078443.0644984
1776124800,BCH,438.7157866926036,107562658.19360688,8783420412.071842
1776124800,BTC,74481.64142860245,46453393066.73657,1490782825115.7065
1776124800,DOGE,0.09413802670092006,1336904772.6194904,14480209257.635832
1776124800,DOT,1.2276768806659266,343506597.40190256,2061298859.3701255
1776124800,ETH,2374.0162053338927,22227550498.82565,286522445815.8492
1776124800,HBAR,0.08783908823730274,79759112.20205142,3805256613.4597
1776124800,LINK,9.3770323733802,384977919.2851005,6818039961.61545
1776124800,LTC,54.65619867803021,234262383.48452893,4209121792.7779536
1776124800,SHIB,6.012552064937624e-06,111597465.23651312,3542857357.058193
1776124800,SOL,86.63567521441236,3544380401.3407874,49827800538.465256
1776124800,XLM,0.15630895024488045,78302893.80392921,5173839995.478681
1776124800,XRP,1.375705421959058,2664316804.888449,84475922921.3558
1776124800,XTZ,0.3549799891968053,14104727.351673605,383936140.63660264
1776211200,AAVE,100.3759105299324,235801620.0574412,1522192795.2347775
1776211200,ADA,0.23997024878046727,264145626.14148992,8868054464.760117
1776211200,AVAX,9.31528326146006,310821577.72806895,4022078122.7218647
1776211200,BCH,436.81632469741413,110651158.77116607,8745576034.479124
1776211200,BTC,74297.34759499803,48364585958.60738,1487131028728.5823
1776211200,DOGE,0.09308929081856135,1997969435.3526473,14320194298.031439
1776211200,DOT,1.16577495737276,249839251.0119933,1957546906.2376199
1776211200,ETH,2326.445177466492,21779733467.637848,280780975778.5925
1776211200,HBAR,0.08521595197486562,62791301.52419157,3691717185.7628837
1776211200,LINK,9.032913923175201,360139164.9690064,6567831446.639288
1776211200,LTC,54.343626896163144,227533421.26370037,4185050365.736085
1776211200,SHIB,5.836649965139776e-06,125731199.01446779,3439208105.982213
1776211200,SOL,83.81940155901538,3844815230.2022886,48208009343.07264
1776211200,XLM,0.15494569224525997,78878922.4407256,5129525450.289744
1776211200,XRP,1.363623937325541,1850808806.547119,83734052933.50392
1776211200,XTZ,0.3463741307934227,12123547.803038912,374664207.65214527
1776297600,AAVE,105.72803246869975,349148023.62742275,1603368079.844495
1776297600,ADA,0.24648242461580677,195600526.90519696,9108710672.291565
1776297600,AVAX,9.44265181425056,243374495.1838613,4077072292.552522
1776297600,BCH,441.1817862308283,113299886.33717714,8833176235.148014
1776297600,BTC,74826.31308825641,30548536736.731777,1497750345420.939
1776297600,DOGE,0.0949870278397279,1145461774.2925785,14613176368.51178
1776297600,DOT,1.1823281905253336,207961228.68043625,1985515280.806672
1776297600,ETH,2360.57614677394,2379628193.1620183,284900194124.0837
1776297600,HBAR,0.08720931353066498,64107788.0261117,3778073401.2702007
1776297600,LINK,9.265797067698873,277013376.49228656,6737160774.1413
1776297600,LTC,55.215436477129664,210293857.45916638,4252189186.128909
1776297600,SHIB,5.970108377523767e-06,114046218.42364232,3517847570.3340826
1776297600,SOL,84.96031849144572,3043575779.7096267,48874425102.75045
1776297600,XLM,0.15797668835719977,89363740.24425416,5235341654.386188
1776297600,XRP,1.3924365799367313,2635443591.5683317,85731875018.77954
1776297600,XTZ,0.3609963489734179,12163550.32242703,390518484.2173275
1776384000,AAVE,115.45585014032136,428235486.4300047,1750902875.053824
1776384000,ADA,0.25955002200222116,395374202.70464444,9591621224.475449
1776384000,AVAX,9.730603141141875,382148778.51203984,4201401601.687966
1776384000,BCH,455.04012326562713,133125040.2145489,9110854539.007515
1776384000,BTC,75111.95674547968,37873936871.25348,1503501691790.5283
1776384000,DOGE,0.09926332003255442,2452982113.440948,15272664980.208601
1776384000,DOT,1.3283362638622738,393792608.33925074,2230924115.83685
1776384000,ETH,2348.987492385873,18277840224.2442,283501489006.51196
1776384000,HBAR,0.0907799701801431,100053438.3331931,3932761041.463037
1776384000,LINK,9.596463190414335,435367450.0250568,6977588102.197305
1776384000,LTC,56.375499549423076,256017106.20709994,4341526660.682364
1776384000,SHIB,6.273255937541318e-06,181775633.40282363,3696475255.434327
1776384000,SOL,89.09592877870321,4624942331.944383,51253401433.360306
1776384000,XLM,0.1693082283951435,120956486.87095498,5612396510.371216
1776384000,XRP,1.4535685190773635,4005928684.448365,89495748965.76996
1776384000,XTZ,0.3751793390696402,13721678.819364212,405895217.2584145
1776470400,AAVE,115.00994618859315,355260090.49512607,1744239060.5646567
1776470400,ADA,0.25885057139935824,339255190.82927775,9565773161.754673
1776470400,AVAX,9.736811294228119,357969834.42093784,4204082108.121301
1776470400,BCH,453.7478780345499,136813699.19698045,9085203708.067377
1776470400,BTC,77125.73357198425,56342990648.43905,1543846478607.006
1776470400,DOGE,0.0994917214372348,2317853225.9494915,15309061435.238235
1776470400,DOT,1.335624216620684,248722604.5278486,2243450598.7750144
1776470400,ETH,2421.2905710664027,22875298915.560413,292227734041.3285
1776470400,HBAR,0.09082225410647683,103385387.12686382,3934592861.6131735
1776470400,LINK,9.620085106901186,383658105.383355,6994763596.976922
1776470400,LTC,56.45100190497422,259154759.37585887,4350683062.610451
1776470400,SHIB,6.31381347263812e-06,158117977.7858145,3720373364.610425
1776470400,SOL,88.8299708972434,4722752026.939967,51111348386.52539
1776470400,XLM,0.17431308792143468,132785160.57456002,5783334279.343541
1776470400,XRP,1.476944178548981,4188050167.3745346,90934980845.46771
1776470400,XTZ,0.3798226131564529,11263148.258044455,410936152.21548766
1776556800,AAVE,101.17101878184901,512701379.30551386,1534577352.1232834
1776556800,ADA,0.2492909432782687,208009509.3907574,9212498940.173023
1776556800,AVAX,9.335215165542323,245431418.28440484,4030684160.0374594
1776556800,BCH,444.18918330718924,99638809.7445298,8894008300.000431
1776556800,BTC,75716.15083727139,62821159706.721344,1515666221261.281
1776556800,DOGE,0.09476604488040938,1373125691.45849,14583216518.10806
1776556800,DOT,1.2728237653726544,187092154.24174768,2138111000.3728836
1776556800,ETH,2351.4600244518356,12968820774.047688,283799477384.54535
1776556800,HBAR,0.08882846669425222,60241256.71074814,3848218197.204605
1776556800,LINK,9.284879780262658,310672641.73004425,6751035813.882579
1776556800,LTC,55.660573297261905,200176365.15140158,4289764668.9641247
1776556800,SHIB,6.070580867365945e-06,111918675.64244133,3577050122.3893056
1776556800,SOL,86.16588217188954,2341611238.654498,49578415080.402885
1776556800,XLM,0.17051772123109551,103587675.13388406,5657411433.587858
1776556800,XRP,1.4342426784687692,1859713313.8722024,88305863138.6078
1776556800,XTZ,0.3650599254805397,10189550.911913536,395000508.68644637
1776643200,AAVE,90.33642420501086,719403715.1276923,1370718318.3989153
1776643200,ADA,0.2427610406352045,189061431.22254828,8972804291.751526
1776643200,AVAX,9.00647292978929,274475579.5868729,3888742480.184591
1776643200,BCH,436.33925761761174,106222404.61379005,8737000900.125885
1776643200,BTC,73841.02173808741,57237273536.28347,1478167516521.3162
1776643200,DOGE,0.09306145280115537,1612934296.0199807,14322129331.124323
1776643200,DOT,1.240014651232289,181623406.60901883,2083153337.5511136
1776643200,ETH,2264.1941982589246,15211822330.006557,273266828288.31577
1776643200,HBAR,0.08733386721835144,79051674.85807921,3783469304.03655
1776643200,LINK,9.06570044741811,347359055.79587144,6591670527.447542
1776643200,LTC,54.0640269526691,199439366.90322757,4166718719.2786775
1776643200,SHIB,5.900962553950454e-06,104622770.77689998,3477103623.6065207
1776643200,SOL,83.50924821523091,3151480518.597618,48059854719.96748
1776643200,XLM,0.16681163275571867,88889744.44786853,5534450795.368476
1776643200,XRP,1.3956962596939182,2723143653.166121,85932572459.20235
1776643200,XTZ,0.35418350761845413,9566549.697590876,383253711.63645566
1776729600,AAVE,90.6893630058516,574461247.3071842,1376165213.0049534
1776729600,ADA,0.24811083268234596,312931337.14516497,9170540456.149925
1776729600,AVAX,9.278722750850669,319299580.3318913,4006292319.354408
1776729600,BCH,443.7470363891971,92556302.34968562,8885537915.835802
1776729600,BTC,75858.03546790924,38028896900.98471,1518576144441.9805
1776729600,DOGE,0.0952458934166297,885296624.4764781,14659723717.836628
1776729600,DOT,1.280783582334301,177845843.08212543,2151841145.649781
1776729600,ETH,2314.6386071300276,17060069305.720215,279354502380.66516
1776729600,HBAR,0.08976386770597229,111438890.50295812,3888852755.860044
1776729600,LINK,9.2876902270582,315010077.4056278,6753079289.664575
1776729600,LTC,55.03622537992088,213531056.9918046,4241646126.910182
1776729600,SHIB,6.007002633139657e-06,89636787.72107302,3539587044.3175244
1776729600,SOL,85.29408341135965,3014295276.3909736,49086699741.08373
1776729600,XLM,0.17384223332239374,104899674.67759596,5768281135.816663
1776729600,XRP,1.4252047684646112,2336665073.279369,87749401909.36987
1776729600,XTZ,0.3662755049075195,13075163.040472932,396375849.6851993
1776816000,AAVE,91.873166978873,421197863.6205403,1394182130.2008278
1776816000,ADA,0.2498173080278333,345823458.67170274,9233614289.017391
1776816000,AVAX,9.388320174330028,270571569.89200723,4053613413.83006
1776816000,BCH,448.4168059418019,107494350.83627123,8979246613.902082
1776816000,BTC,76326.19170242558,36823423505.230736,1527978534936.1682
1776816000,DOGE,0.09519329236596695,905624692.085243,14652864214.482449
1776816000,DOT,1.2793192335102517,149503387.24844185,2149573779.9166555
1776816000,ETH,2326.6640126907014,15911266216.065207,280805083467.57495
1776816000,HBAR,0.0903465322791936,73924598.97972958,3914095615.7065177
1776816000,LINK,9.398875424254951,323225859.2102779,6833922043.261071
1776816000,LTC,55.55463948616852,217790037.17204714,4281600341.9880047
1776816000,SHIB,6.088522505176181e-06,96632445.05650055,3587622093.118095
1776816000,SOL,86.0424364200775,2841022289.3137155,49527215356.480316
1776816000,XLM,0.179048484418988,158661495.21381626,5944653941.224567
1776816000,XRP,1.4337758080346694,2266691444.0305786,88277118075.25417
1776816000,XTZ,0.36643304258966053,8601801.163649747,396584551.9485674
1776902400,AAVE,94.06575723318498,291455483.80683994,1427516141.1860688
1776902400,ADA,0.24851353322249722,215825439.196637,9185424859.040543
1776902400,AVAX,9.3406554094066,245734935.7274625,4033033104.80002
1776902400,BCH,460.54077868720617,170781387.63127726,9222215349.610035
1776902400,BTC,78238.81675008619,43578270461.27342,1566300505390.8323
1776902400,DOGE,0.09567002452880184,1404289085.6151059,14727603955.633957
1776902400,DOT,1.2725239413887508,145214860.4594986,2138384587.844992
1776902400,ETH,2375.7144533633987,19824497898.46676,286724723305.0389
1776902400,HBAR,0.09082876439495742,84322143.81286378,3934987425.971964
1776902400,LINK,9.296029673012887,298013747.1863662,6759142900.571817
1776902400,LTC,55.531902099329834,222236153.6321845,4279847969.8339443
1776902400,SHIB,6.108487929843885e-06,108731301.60327713,3599386446.9545054
1776902400,SOL,86.93158314182028,3681060057.3556414,50038959763.30059
1776902400,XLM,0.17664468893568672,95942476.08824082,5878351894.810162
1776902400,XRP,1.4301743977390085,1387139940.4631116,88055380394.84004
1776902400,XTZ,0.37241699513178667,10076169.494921051,403100194.68902564
1776988800,AAVE,94.3777200695502,276876578.25439537,1432273074.9283993
1776988800,ADA,0.2499474674846765,256313530.43253565,9238425173.539547
1776988800,AVAX,9.383834159170396,224406336.81567326,4051676478.266715
1776988800,BCH,460.75137817126677,108037627.35837837,9226645649.777239
1776988800,BTC,78275.32582745969,35972701648.49312,1567060751418.8237
1776988800,DOGE,0.09717533470696661,1402421551.0422428,14960635105.669819
1776988800,DOT,1.2411564762578196,122483795.7942899,2085814321.2111096
1776988800,ETH,2331.0953087937605,17461867679.74141,281338314330.68677
1776988800,HBAR,0.09083247642312725,55814847.4429404,3935148242.971733
1776988800,LINK,9.34967880204603,285386756.95100147,6798151180.70661
1776988800,LTC,56.22637868841993,216041458.19605392,4333371334.018336
1776988800,SHIB,6.157736990989647e-06,85344560.66498995,3628406125.089035
1776988800,SOL,86.14014927124724,3405122001.8538017,49593694327.42262
1776988800,XLM,0.1754304246222503,98977257.23079945,5837991537.199349
1776988800,XRP,1.4394581994074445,1155940720.060029,88626981095.22789
1776988800,XTZ,0.37434309895943113,13694611.772229493,405224419.2473461
1777075200,AAVE,94.38799995086771,285341315.9149723,1432432381.382387
1777075200,ADA,0.25044102509723154,235543398.83522204,9258331479.689264
1777075200,AVAX,9.396464559900846,148595201.1409093,4057129931.1605554
1777075200,BCH,456.50099145582755,93233410.06806771,9141747577.72115
1777075200,BTC,77447.61757991764,30716822790.47169,1550525699949.4888
1777075200,DOGE,0.09848730237251432,1511242483.8495564,15163967465.88197
1777075200,DOT,1.254339522007132,122285996.87816861,2108193902.8790658
1777075200,ETH,2315.700185661901,2000632907.7500498,279479725464.80133
1777075200,HBAR,0.09099929594044984,57358440.913168006,3942375388.556393
1777075200,LINK,9.374277004587974,210067359.83938387,6816036533.048038
1777075200,LTC,56.528799924722755,210082936.28746825,4356678961.981632
1777075200,SHIB,6.2069605781518366e-06,88887054.76529892,3657410675.6693044
1777075200,SOL,86.2185542154086,2529886353.5736837,49638775445.893486
1777075200,XLM,0.17314028308918722,96215542.04331353,5762740413.140252
1777075200,XRP,1.436134425683369,542642420.4416522,88587869367.14746
1777075200,XTZ,0.3725347168067732,9588032.148721986,403306837.15604025
1777161600,AAVE,94.1232272986315,191392319.14127865,1428417204.389141
1777161600,ADA,0.2503721643395417,166489455.8466247,9255785827.592577
1777161600,AVAX,9.364393770963312,119815729.09090443,4043282663.724496
1777161600,BCH,453.555638996224,70358989.00166681,9082947700.504915
1777161600,BTC,77634.51592192693,16174475761.220406,1554301467547.4663
1777161600,DOGE,0.09801603954287866,831691480.4663093,15092718188.521791
1777161600,DOT,1.2467955194934326,101006351.18226267,2095713047.2339387
1777161600,ETH,2320.566403725771,6503395269.585206,280066641519.59357
1777161600,HBAR,0.09126865757926146,47321831.640945725,3954044980.9959655
1777161600,LINK,9.3450964564997,143315338.54995728,6794819357.39527
1777161600,LTC,56.057270281442584,156663601.08381635,4320338136.07404
1777161600,SHIB,6.178129018275699e-06,69712720.86610334,3640421840.108274
1777161600,SOL,86.19672544782625,1413712735.37589,49636500832.03544
1777161600,XLM,0.16987972126131695,76807196.77297845,5654219831.297459
1777161600,XRP,1.426350778891515,342124230.6105505,87984365678.05606
1777161600,XTZ,0.36921273348714,7633610.063556088,399749847.35281146
1777248000,AAVE,96.60549742841738,194308152.29230788,1466097643.1244705
1777248000,ADA,0.25226058867422796,162546256.29149717,9325597306.993963
1777248000,AVAX,9.464014661913412,155797701.292465,4086296171.184242
1777248000,BCH,455.1660718905457,83699731.66662769,9115414584.342398
1777248000,BTC,78637.74356150378,20900479735.89463,1574424193250.3992
1777248000,DOGE,0.09923963650431246,964497074.2670788,15282528536.958353
1777248000,DOT,1.2616648619316222,107043669.47664857,2120884731.683156
1777248000,ETH,2369.1540292624554,10106202763.695818,285930428396.5808
1777248000,HBAR,0.09234059545589084,58642918.23725661,4000484697.475719
1777248000,LINK,9.488101833519154,190559273.13734373,6898798562.800643
1777248000,LTC,56.28142997484065,161260451.79072377,4337614140.900821
1777248000,SHIB,6.2151862754191726e-06,70849182.05917004,3662257584.849873
1777248000,SOL,86.93731595191888,1868945015.0480602,50062941610.94229
1777248000,XLM,0.17088416919978736,73657877.71348847,5687650772.151647
1777248000,XRP,1.432179767588003,469785147.12955624,88343926510.21239
1777248000,XTZ,0.3705812040129879,6883895.128576802,401271218.4192757
1777334400,AAVE,97.5926826253245,311502008.27971226,1481088013.2317433
1777334400,ADA,0.24825683916175514,263602924.37858796,9177586252.759832
1777334400,AVAX,9.266314921104708,200981869.07836068,4000934966.3710413
1777334400,BCH,450.0949405516112,112789879.99516702,9014037262.443264
1777334400,BTC,77366.78442217235,36623099926.89533,1549011607727.6
1777334400,DOGE,0.09897735477346298,1512184121.4178312,15243442664.31688
1777334400,DOT,1.233567272021402,128927444.13264017,2073914378.3240302
1777334400,ETH,2303.8842501308045,16613836112.053389,278052624845.4277
1777334400,HBAR,0.08977149927810359,67813515.09107596,3893671954.8085
1777334400,LINK,9.323624823990256,248821654.93243888,6779207334.03209
1777334400,LTC,55.56215187277624,218082434.7522111,4282179322.202192
1777334400,SHIB,6.144816975968609e-06,99930081.65413244,3620792910.32519
1777334400,SOL,84.80959100944631,3484408439.2064266,48847818997.7966
1777334400,XLM,0.1662604716242814,101075376.33508241,5535520789.214981
1777334400,XRP,1.403977352114116,816915003.0272021,86604262135.37512
1777334400,XTZ,0.37811043988490695,10499561.21718099,409464263.45727074
1777420800,AAVE,96.49004962048771,221350052.4423071,1464355159.6480606
1777420800,ADA,0.24681828341907652,177793598.90059066,9124405565.160593
1777420800,AVAX,9.172744111474483,146778319.68467063,3960533714.388059
1777420800,BCH,453.96272140599285,88157281.3942384,9091729844.240803
1777420800,BTC,76331.86443470464,31323204486.623787,1528322543597.082
1777420800,DOGE,0.09933761699542092,1634296792.2341502,15300324111.931599
1777420800,DOT,1.2292546323551208,121148929.30971763,2066813144.879883
1777420800,ETH,2292.7658741534183,1813581228.36513,276709948788.5879
1777420800,HBAR,0.08895135384117568,44996737.30698625,3858099670.620119
1777420800,LINK,9.241565917220926,177893416.33992136,6719542305.344759
1777420800,LTC,55.698878264402325,177475125.35370505,4292716835.7304864
1777420800,SHIB,6.136698740893795e-06,81609610.93365,3616009270.719497
1777420800,SOL,84.04602358960982,2075922638.2743492,48407965319.16434
1777420800,XLM,0.1619153765560252,101675376.4421492,5391055921.45634
1777420800,XRP,1.3830126883729867,512678532.50703317,85311058059.48119
1777420800,XTZ,0.38513523571247693,23218410.51282674,417123993.05461127
1777507200,AAVE,93.28657439478684,246847856.11027113,1415841922.5464683
1777507200,ADA,0.24460281948695048,328625396.6597255,9044121939.026157
1777507200,AVAX,9.119429079795776,227341113.51583034,3937513778.599919
1777507200,BCH,447.8326085560188,95211875.81227523,8969164847.81566
1777507200,BTC,75784.95743624517,40874217836.06377,1517396428631.6455
1777507200,DOGE,0.10410777312492496,4289920692.664689,16036419522.183195
1777507200,DOT,1.211510218973514,138599185.1468801,2037145378.3403292
1777507200,ETH,2253.620049292702,19280727384.966576,271984956722.93295
1777507200,HBAR,0.08866632449752528,61251463.86550734,3845737052.526744
1777507200,LINK,9.111840909839144,254335946.99890733,6625219256.310534
1777507200,LTC,55.30424652367327,295253988.7204737,4262302537.0923767
1777507200,SHIB,6.15873198783507e-06,193385082.16217038,3628992117.5200667
1777507200,SOL,83.03560020545386,3235582966.261207,47835882539.81709
1777507200,XLM,0.16474559762491608,139851614.32293904,5487179537.638556
1777507200,XRP,1.3706147124320556,713923119.9774572,84546289627.34113
1777507200,XTZ,0.37128764804038145,9849424.405297002,402165913.9404355
1777593600,AAVE,92.82650504463282,184403230.05436215,1408926195.3542898
1777593600,ADA,0.24619539102383303,190986841.31401348,9103006833.347486
1777593600,AVAX,9.089914050254173,138108210.97720835,3924770016.4105372
1777593600,BCH,441.9764017454791,83733532.29092523,8852064926.102427
1777593600,BTC,76296.7964844269,30542237537.2747,1527677404068.2952
1777593600,DOGE,0.10650890646365473,2415860597.711602,16407594407.008207
1777593600,DOT,1.2044564633310872,111093289.33666618,2025461943.8428767
1777593600,ETH,2256.9491123703424,11586818602.190138,272386233737.76852
1777593600,HBAR,0.08734562345515329,40782778.21482241,3788454099.048582
1777593600,LINK,9.10124166108337,183176794.42215958,6617512542.853394
1777593600,LTC,55.160340634407575,190322496.5354569,4251211699.1282945
1777593600,SHIB,6.224693460303535e-06,144646900.14683893,3667859473.525789
1777593600,SOL,83.03995075848528,2181923850.393772,47838414812.83662
1777593600,XLM,0.15845157377955815,64613723.03978584,5280150411.490069
1777593600,XRP,1.3686295149928924,1024925513.2819873,84424974958.92839
1777593600,XTZ,0.36525980197700014,7701885.990330479,395674990.8196771
1777680000,AAVE,92.05633560918113,212411293.95564955,1397240176.9500806
1777680000,ADA,0.24826389040782773,179334448.7864904,9179489028.846653
1777680000,AVAX,9.086171701251128,140968950.33060297,3923154175.0420833
1777680000,BCH,450.83519831397354,102296521.37377502,9029704879.717384
1777680000,BTC,78207.76425489692,38346005217.71241,1565978464498.2485
1777680000,DOGE,0.10847731287240484,2086785422.284116,16712408201.482477
1777680000,DOT,1.2037351011471755,128442276.98025602,2024414299.7352793
1777680000,ETH,2295.583440883838,12644600926.186169,277048393325.80853
1777680000,HBAR,0.08815597292148533,46803486.88315567,3823601501.2466607
1777680000,LINK,9.094446430789157,190871219.1224434,6612571731.107254
1777680000,LTC,55.38556900116923,216094192.43762097,4268570066.693477
1777680000,SHIB,6.273260516054838e-06,132472972.84642282,3696477231.467027
1777680000,SOL,83.74516060974149,2305571943.760922,48254656958.929955
1777680000,XLM,0.15957882784061797,76149107.97482447,5319843916.623674
1777680000,XRP,1.387111151936983,481412578.32498676,85565029092.72585
1777680000,XTZ,0.366315096121403,8070884.605078056,396856470.4947289
1777766400,AAVE,93.25203411407958,149797421.9247157,1415407175.8087652
1777766400,ADA,0.25016326621874935,116940797.65899616,9249717926.772045
1777766400,AVAX,9.181771808315647,105972983.85099523,3964431620.758082
1777766400,BCH,446.0358908084614,71021177.6371188,8933757350.56712
1777766400,BTC,78677.4246327222,17470305785.684418,1575399064359.2305
1777766400,DOGE,0.1084968617609307,775559740.3050008,16716915060.895607
1777766400,DOT,1.226926772477519,102463122.860478,2063632349.944143
1777766400,ETH,2322.287161264127,1263804336.3238258,280270987498.46216
1777766400,HBAR,0.08858462967586779,30277098.343750652,3842193691.3815675
1777766400,LINK,9.173304049094675,177849370.42456463,6669909103.047139
1777766400,LTC,55.36395334054325,164003378.1971651,4266904146.064984
1777766400,SHIB,6.276061164075317e-06,83028873.97645478,3698127409.8336573
1777766400,SOL,84.2627584319434,1375048416.1808488,48552845675.145065
1777766400,XLM,0.15991030728878478,49853540.65110577,5331246762.97874
1777766400,XRP,1.3943322006711885,397915214.23617184,86164466726.48431
1777766400,XTZ,0.3662287059878845,6805413.444111012,396801737.49836004
1777852800,AAVE,92.35638759905221,191527912.73817453,1401814542.2294874
1777852800,ADA,0.2494502850782546,171437063.8915897,9223355645.305355
1777852800,AVAX,9.077499687051846,151586113.43516523,3919409842.4639025
1777852800,BCH,443.86104970677184,73066559.76928811,8890375880.123428
1777852800,BTC,78512.09246456268,21039106932.465828,1572088532218.1125
1777852800,DOGE,0.10814607580649797,966463156.2312499,16664247896.22883
1777852800,DOT,1.2094392769591862,114456898.12867603,2034385883.5488021
1777852800,ETH,2322.5878639164766,4551919997.822555,280307153738.07544
1777852800,HBAR,0.08771844012316449,33401998.13730189,3804624329.216765
1777852800,LINK,9.122322434969947,182627026.9827353,6632840372.923436
1777852800,LTC,55.234776229343844,165430589.31584206,4256948456.160343
1777852800,SHIB,6.16635863634107e-06,106872918.86388262,3633485911.729836
1777852800,SOL,83.84166473387728,1597293266.3711183,48320196351.68198
1777852800,XLM,0.15792618617334744,68647353.86652155,5265097564.519985
1777852800,XRP,1.388725666103684,375992316.66072345,85818004053.55739
1777852800,XTZ,0.3627368466994602,8456297.609125322,393058487.4867332
1777939200,AAVE,92.25105256208911,258134094.32401022,1400217898.4831874
1777939200,ADA,0.24991041199658137,325611370.31335735,9242026778.331713
1777939200,AVAX,9.17327274947631,271141694.0412835,3960761965.4548607
1777939200,BCH,444.1531002934248,147281139.03036597,8896419864.456945
1777939200,BTC,79825.8751129579,52799152390.05931,1598395086667.69
1777939200,DOGE,0.11006552785100811,2462644747.427053,16961647771.450209
1777939200,DOT,1.2286422329360298,158254847.07910237,2066872047.4003873
1777939200,ETH,2346.1713028945196,23720470979.68119,283153280392.45935
1777939200,HBAR,0.08773194204188006,64691910.03106349,3805209949.854835
1777939200,LINK,9.35316461378831,587997470.6287515,6800685714.321424
1777939200,LTC,54.958428701762784,285024283.63505745,4235650330.935479
1777939200,SHIB,6.192854885781738e-06,145737809.83570352,3649098633.2991304
1777939200,SOL,84.08449536741543,3840959709.846781,48461394880.95341
1777939200,XLM,0.15756638089169492,116849121.26760834,5266530676.602785
1777939200,XRP,1.3924135298140945,1344260316.5067718,86045900110.04558
1777939200,XTZ,0.3624439564246632,9995505.851400943,392779099.4805339
1778025600,AAVE,93.50505019558086,221294593.13410208,1419262255.6669388
1778025600,ADA,0.2621021097718328,343865999.6068826,9692892336.16106
1778025600,AVAX,9.40415091977286,223136125.58360437,4060448685.8368087
1778025600,BCH,461.26950088591,185875535.67541665,9239460131.290567
1778025600,BTC,80913.9613749304,39631525763.1694,1620321738625.5952
1778025600,DOGE,0.11486178384889632,1219575982.1219444,17702350688.334507
1778025600,DOT,1.279205375096482,150529460.50547355,2152133080.071447
1778025600,ETH,2360.6443662859797,16718728906.766327,284899717179.8512
1778025600,HBAR,0.09031908461486725,69884617.58826979,3917422451.159702
1778025600,LINK,9.76586886178479,437112609.10950977,7100762960.845222
1778025600,LTC,56.366619261642704,263562574.78955498,4344179685.792822
1778025600,SHIB,6.346020168092951e-06,137765848.52583215,3739350249.439939
1778025600,SOL,86.30486668344513,3077251989.2224164,49751361250.83286
1778025600,XLM,0.15982905518646984,102546625.59868634,5344875249.537167
1778025600,XRP,1.4135034968103786,564795720.9407932,87349180460.76776
1778025600,XTZ,0.37491036703256997,9187367.815255545,406328194.87451965
1778112000,AAVE,94.30724203315633,284384326.2654571,1431552814.9058444
1778112000,ADA,0.26710631889126357,352737279.194699,9877954792.409517
1778112000,AVAX,9.612083715060738,307910159.28013664,4150228236.6513157
1778112000,BCH,465.8996204204394,289643611.70121014,9332448351.918283
1778112000,BTC,81436.85936825167,40136984275.35361,1630826287118.407
1778112000,DOGE,0.11248049391049046,2246012694.0707245,17336807086.89104
1778112000,DOT,1.3193124066458914,181635267.7848727,2219842794.0673885
1778112000,ETH,2351.0137484161237,20992171634.479675,283737319082.1199
1778112000,HBAR,0.09146134646870549,76322059.05169955,3966965936.358083
1778112000,LINK,9.996350244711056,531223131.08775896,7268345967.560727
1778112000,LTC,56.73804201231766,297059657.84540325,4372805265.780754
1778112000,SHIB,6.4160924962923875e-06,145485224.02346152,3780639882.3502765
1778112000,SOL,89.16544229478262,4199644241.7965374,51455846557.342415
1778112000,XLM,0.1617764091418167,125501412.9457529,5410858799.887475
1778112000,XRP,1.4294969503913497,743626760.3899237,88337515520.55896
1778112000,XTZ,0.383003943770731,10345057.08711942,415140304.5389154
1778198400,AAVE,92.43822503433576,236956690.21029204,1403202379.4083216
1778198400,ADA,0.26281100310116884,297288969.1537616,9719108175.190584
1778198400,AVAX,9.502110855753473,244287627.1673618,4102745039.5119524
1778198400,BCH,450.5590631732296,135973684.51669034,9025314691.512579
1778198400,BTC,80024.90767231231,36710760520.09051,1602589764458.0776
1778198400,DOGE,0.10786210103474801,1509866992.1079354,16626478677.4108
1778198400,DOT,1.3102011612079008,170490501.64086273,2204685789.8262677
1778198400,ETH,2291.302591374564,21299616498.374397,276530674286.61005
1778198400,HBAR,0.09011484537084724,70680900.58455226,3908563953.5066814
1778198400,LINK,9.852846845218018,369352470.7851624,7164004650.029528
1778198400,LTC,56.434675539424134,261606611.3833344,4349424788.360645
1778198400,SHIB,6.276085255182981e-06,124248207.47942473,3698141517.7652454
1778198400,SOL,88.43226804224953,3332245927.3137703,51065376438.25551
1778198400,XLM,0.15825098385577957,121237452.89019103,5293172709.371705
1778198400,XRP,1.3919587883116804,524803607.8065446,86017798801.73825
1778198400,XTZ,0.3757538473444021,12923769.715790398,407321441.9782811
1778284800,AAVE,95.83521361583637,248903762.4225789,1454773046.3456411
1778284800,ADA,0.27352348831309764,301979102.00998497,10115270441.500973
1778284800,AVAX,9.907873302557487,280241637.77345675,4277941886.940585
1778284800,BCH,450.60438921864875,114273115.11761269,9026452160.848423
1778284800,BTC,80197.2669977041,33093795788.664837,1606077785283.5508
1778284800,DOGE,0.1095382779014298,1193960023.6775503,16886308796.118256
1778284800,DOT,1.374933635482585,179819188.9878252,2313808740.619918
1778284800,ETH,2307.470372982362,18584836408.061428,278481484608.0288
1778284800,HBAR,0.0927388283225211,62096582.22701845,4022374337.7756133
1778284800,LINK,10.348018412883096,515802063.4053184,7524043882.247648
1778284800,LTC,58.31874909209287,275557593.86270183,4494630482.1073475
1778284800,SHIB,6.457518516190319e-06,116636337.78639415,3805049847.8623867
1778284800,SOL,92.0051901272934,3134931062.2289386,53128500752.90563
1778284800,XLM,0.16359856445520904,114711056.93094176,5473782641.714811
1778284800,XRP,1.420641611770628,510287113.00225925,87790289020.6118
1778284800,XTZ,0.3948903914182429,11822871.962262927,428106901.9370385
1778371200,AAVE,95.75261036516471,280570706.14294815,1424650459.9956946
1778371200,ADA,0.2709877651205547,219694565.16152117,10023295773.972168
1778371200,AVAX,9.964182348729361,202780491.11523372,4302254554.238234
1778371200,BCH,450.14982978761316,100505658.1128939,9017534982.013552
1778371200,BTC,80677.64981723971,17383014966.83854,1615741619629.0364
1778371200,DOGE,0.10876023988062115,733535953.5941631,16767641921.25419
1778371200,DOT,1.3466061987825715,124025368.68737341,2266357889.532773
1778371200,ETH,2327.1639474602157,11176158889.11686,280857616089.8406
1778371200,HBAR,0.09293130925546786,53750407.106529735,4030722840.5508804
1778371200,LINK,10.373815073700346,317791492.1787294,7542800633.302146
1778371200,LTC,57.99236692964045,219511076.40826917,4469476183.7211075
1778371200,SHIB,6.373532740830059e-06,97908850.6554213,3755561749.5571213
1778371200,SOL,93.14241861919785,2407127969.552507,53796277053.354004
1778371200,XLM,0.16260474364807592,119450974.01634826,5440854626.420198
1778371200,XRP,1.4224308017553566,524852535.6878442,87900854207.89809
1778371200,XTZ,0.38739258174770597,9544198.521744775,420018949.03737086
1778457600,AAVE,102.01348727922095,406116487.0680483,1517817916.474915
1778457600,ADA,0.28246125403896133,253103058.68841842,10447677195.53716
1778457600,AVAX,10.227742433192908,309378551.777856,4416052408.795091
1778457600,BCH,463.7269187163567,125074990.33890827,9289747120.188595
1778457600,BTC,82018.3711243874,19419025189.8614,1645004741191.1208
1778457600,DOGE,0.1125431755668601,1304474113.8779922,17352642434.2774
1778457600,DOT,1.3810852293970388,178435522.9569044,2324583475.7256107
1778457600,ETH,2369.9648714985337,17894035453.03701,286023012112.36975
1778457600,HBAR,0.09743250170051918,110286875.2484854,4225953698.092877
1778457600,LINK,10.709799678393045,398237668.636931,7787095029.423123
1778457600,LTC,60.37641717667138,301766092.3656431,4653215119.792245
1778457600,SHIB,6.602807386012688e-06,179795364.46747115,3890660299.490195
1778457600,SOL,96.4109436575395,3365784069.7796283,55703224803.12754
1778457600,XLM,0.16951594314876894,219092429.26846573,5673039033.68093
1778457600,XRP,1.4733272918435374,2672275018.6172695,91046065173.10915
1778457600,XTZ,0.40001337855601055,11803846.938559458,433744335.40256417
1778544000,AAVE,101.07583167772795,374822116.7678036,1503870137.9247286
1778544000,ADA,0.2800116714130996,309346858.9455464,10357072030.500013
1778544000,AVAX,10.123764825931692,244910227.8689837,4371157793.389401
1778544000,BCH,450.288483576718,122945148.97958842,9020710759.743076
1778544000,BTC,81627.56604995472,28389853562.446438,1637166543583.5588
1778544000,DOGE,0.11117136052387586,1390796084.399148,17142625614.180462
1778544000,DOT,1.3616095358580342,148815261.00756958,2292050116.1042423
1778544000,ETH,2338.59446825004,14173141323.149693,282236853919.4963
1778544000,HBAR,0.09683338150522079,84150858.50999068,4199967973.3862147
1778544000,LINK,10.581391803707886,367850909.1206033,7693729667.537137
1778544000,LTC,58.49464725328072,271819707.55289704,4508186966.931346
1778544000,SHIB,6.5909142459833915e-06,126551858.5898226,3883652342.5984445
1778544000,SOL,97.25241253260013,3936350539.431638,56200529585.75877
1778544000,XLM,0.16839349337305942,116756065.8515087,5638521833.202554
1778544000,XRP,1.4759911514946882,1431186694.1188374,91210681644.10875
1778544000,XTZ,0.3965267181764307,10285510.791959735,430006532.59040636
1778630400,AAVE,96.69117469110842,319713629.66312695,1438693895.1753988
1778630400,ADA,0.2709546840157451,275762506.06527275,10022072170.028685
1778630400,AVAX,9.833333955139024,218768189.77925712,4245757886.7208457
1778630400,BCH,439.6200252376368,140509597.7954876,8807184056.479544
1778630400,BTC,80482.14377829393,30589600639.610733,1611939835949.311
1778630400,DOGE,0.11006447525992304,1129205493.629262,16973452872.299862
1778630400,DOT,1.3351129743172636,134630172.61992025,2247657283.960226
1778630400,ETH,2275.747322631228,14548238977.439606,274651656906.35928
1778630400,HBAR,0.09379226361906587,73181447.86485986,4068065136.324139
1778630400,LINK,10.280825651319542,349579239.9537844,7475188027.024652
1778630400,LTC,58.0410426942301,254198529.83220568,4473227628.645261
1778630400,SHIB,6.411926557587918e-06,119685417.84589936,3778185004.587427
1778630400,SOL,94.28512370471019,3098742218.596507,54485740173.64158
1778630400,XLM,0.16229560393365405,123372396.58114228,5434741952.410311
1778630400,XRP,1.4358487937325481,1928695514.257027,88730035462.33545
1778630400,XTZ,0.3850169010485811,10537676.233858569,417570583.6802092
1778716800,AAVE,96.38500926787653,290900699.7390448,1434140802.6490335
1778716800,ADA,0.2647354640945617,282296815.2138969,9792035656.29284
1778716800,AVAX,9.75098127162209,224370295.55905718,4210200307.050533
1778716800,BCH,434.0643072232914,128592415.89117755,8696099900.540575
1778716800,BTC,79288.8420865621,32707131746.748478,1588073918775.3318
1778716800,DOGE,0.11263295525549491,1827931189.8217375,17371060404.148087
1778716800,DOT,1.3280672060017882,207894494.26162857,2236017295.376337
1778716800,ETH,2258.4839088491867,13894697752.532177,272567919519.1197
1778716800,HBAR,0.09337916957631882,72935401.21703337,4050147949.8949428
1778716800,LINK,10.212934153069604,468367495.761725,7425824120.654975
1778716800,LTC,56.97910803862331,264471479.5126525,4391384242.98623
1778716800,SHIB,6.275126951830416e-06,133116223.20683591,3697576718.0744805
1778716800,SOL,91.1181109418428,3804961851.389205,52666402722.11666
1778716800,XLM,0.15889337685249025,109463571.89328325,5320825937.028473
1778716800,XRP,1.42655925240605,1087307772.6756115,88155976874.18404
1778716800,XTZ,0.37503831314317043,12873028.061950058,406794751.17247975
1778803200,AAVE,98.28571595972835,253801846.78135803,1462424617.4693422
1778803200,ADA,0.2702007629807881,228121084.55036333,9995951083.331175
1778803200,AVAX,9.897620759813364,232798118.11852992,4273515126.4529023
1778803200,BCH,434.8927129121201,86151158.28000025,8712874320.368782
1778803200,BTC,81059.11595417073,42298040589.51437,1623569996402.9607
1778803200,DOGE,0.11532249752282013,2560996540.4927073,17787468455.626907
1778803200,DOT,1.3632365145900642,179429581.6942019,2295418782.0773087
1778803200,ETH,2282.595746277603,16191988437.405981,275477745070.3736
1778803200,HBAR,0.09488637120932653,87683209.36967023,4115520019.740243
1778803200,LINK,10.474857729112843,474068160.28172463,7616268745.049768
1778803200,LTC,58.17945444800428,278958722.6731515,4483895033.164054
1778803200,SHIB,6.359502978124282e-06,120070843.00748193,3747294728.87882
1778803200,SOL,92.1198653434353,3157527587.7603483,53245353976.39248
1778803200,XLM,0.16208214154955483,146406179.5997562,5428036620.624957
1778803200,XRP,1.4825648811639263,1945865049.8720484,91616913323.38956
1778803200,XTZ,0.37785283829568905,11213768.873790013,409893313.68596345
1778889600,AAVE,92.84403623961889,250474655.13073504,1381458635.9482846
1778889600,ADA,0.2615038970663565,289610586.666725,9674214588.955956
1778889600,AVAX,9.53503001801426,207878858.6610084,4116958610.761603
1778889600,BCH,426.8698222905341,134056467.48554847,8552332843.569604
1778889600,BTC,79068.6684041429,36216900888.56351,1583735228276.758
1778889600,DOGE,0.11328161189444104,1585939803.8000605,17474216117.36926
1778889600,DOT,1.316307752948045,150470280.71455643,2216604753.041872
1778889600,ETH,2223.9374886817177,16707284931.9336,268398316551.5641
1778889600,HBAR,0.09282318991117205,61338193.219173506,4026065748.2256737
1778889600,LINK,10.067310992048602,338170766.4410861,7319941524.58333
1778889600,LTC,57.49115878789627,266337868.37921962,4436579902.183294
1778889600,SHIB,6.1228217299561185e-06,128557950.0353926,3607831715.396992
1778889600,SOL,89.1991049638626,3139614222.0758076,51567749435.05415
1778889600,XLM,0.15456082715946634,115856113.09817117,5176279872.078756
1778889600,XRP,1.4331104702954172,1960051949.6576846,88607852359.7729
1778889600,XTZ,0.3648455511388978,11034620.247119514,395802760.7573208
1778976000,AAVE,90.02138326952533,188498052.70480788,1339461667.3818789
1778976000,ADA,0.2550705234407203,174694124.0735194,9436214935.09404
1778976000,AVAX,9.290489773417141,154281747.46845862,4011372989.7651496
1778976000,BCH,415.976852749253,159860278.3862442,8334287291.207132
1778976000,BTC,78132.7535126921,23762381350.057053,1565026633721.2126
1778976000,DOGE,0.10933493186966811,949275243.0701954,16866912581.412863
1778976000,DOT,1.2679722431294886,120641199.20991446,2135380785.2007012
1778976000,ETH,2180.0891100856325,10440765468.705359,263105887893.18088
1778976000,HBAR,0.09121406090447982,42351093.416192114,3956272206.503455
1778976000,LINK,9.714452836157015,297505296.9830539,7063378369.870144
1778976000,LTC,56.14506029220405,211945832.07481292,4332701781.4729395
1778976000,SHIB,5.864234085931995e-06,114374893.20109886,3455460646.2357864
1778976000,SOL,86.51689163386662,2226027321.776885,50020847754.36175
1778976000,XLM,0.15173645646411404,93042236.57905224,5081690097.661087
1778976000,XRP,1.4131582551338857,1312281607.5065439,87374225942.32097
1778976000,XTZ,0.35747893008566967,11005162.89520856,387847394.3946067
1779062400,AAVE,89.16389931325526,164026762.79933015,1326711209.068426
1779062400,ADA,0.2520509170719272,196323175.29329765,9324506007.182846
1779062400,AVAX,9.192308265876822,158477572.1134876,3968980967.7031307
1779062400,BCH,405.78815699448757,88218470.21263945,8130324552.348011
1779062400,BTC,77428.51866052429,20316786825.924442,1550931401030.0012
1779062400,DOGE,0.10889073201103928,892296681.639104,16799700941.545681
1779062400,DOT,1.2496722354047638,114712969.21094674,2104743051.077635
1779062400,ETH,2130.749230126177,9346279089.585968,257151151560.93878
1779062400,HBAR,0.09004823554027187,38170257.26930353,3905706291.1184716
1779062400,LINK,9.561980858295048,287309008.1404588,6952515999.275983
1779062400,LTC,54.58666899292204,209635414.75966382,4212441072.454365
1779062400,SHIB,5.73429533983292e-06,131363209.14514269,3378895077.5635357
1779062400,SOL,85.18280454864586,2078511223.494443,49259649751.012146
1779062400,XLM,0.14923381832472385,73999420.16478828,4999964553.538368
1779062400,XRP,1.4008124294376394,1048158809.8903788,86610895324.60036
1779062400,XTZ,0.3398606364625237,12094234.993679238,368765653.8159492
1779148800,AAVE,89.41020544575993,228660555.0851389,1330388057.9731064
1779148800,ADA,0.25149019554300306,294290113.89157516,9303762375.99297
1779148800,AVAX,9.237803623756012,193277108.36370435,3988624587.5990877
1779148800,BCH,378.35882063262596,545876625.868068,7580890698.426048
1779148800,BTC,76959.40571528324,42702548815.67563,1541593557490.7017
1779148800,DOGE,0.1046781377426749,1450358378.839391,16151380925.24855
1779148800,DOT,1.250576531765507,157213794.28863698,2106495087.0457633
1779148800,ETH,2128.8927623239815,18504025914.851704,256927014216.71082
1779148800,HBAR,0.09011321657296237,51402279.29051085,3908524745.3290544
1779148800,LINK,9.600275446913443,368542135.03458726,6980359993.527876
1779148800,LTC,54.33283440451415,276554316.781815,4192852713.8762364
1779148800,SHIB,5.748376452168106e-06,121590561.23814543,3387192277.609384
1779148800,SOL,85.31915788905131,3024966669.1147256,49338196528.99009
1779148800,XLM,0.14707625885399764,105939789.9908973,4927894498.34682
1779148800,XRP,1.389106938376565,1879358787.7611547,85887155986.12178
1779148800,XTZ,0.34175300342721265,11718575.102631703,370853635.97415787
1779235200,AAVE,87.41356918858656,159140205.24414787,1300684217.2955894
1779235200,ADA,0.24806290362155284,162898913.74644768,9178596372.56411
1779235200,AVAX,9.097492213918157,135260330.4954341,3928042054.9978576
1779235200,BCH,370.21456799166884,214491409.6513291,7417868940.853085
1779235200,BTC,76758.73155866472,27147623318.02886,1537607115376.3884
1779235200,DOGE,0.10286541211698032,592106624.5698537,15873099652.532309
1779235200,DOT,1.2238247357769032,78471162.14028527,2061579709.534039
1779235200,ETH,2109.3421375885023,11250808873.19399,254567432222.94888
1779235200,HBAR,0.08842937351371982,39287620.607167676,3835490594.3559732
1779235200,LINK,9.43963980628694,335448093.02403927,6863561823.979057
1779235200,LTC,54.42145370130135,219714030.81081745,4199691445.2457366
1779235200,SHIB,5.678859193168403e-06,69014960.5401707,3346229583.6778474
1779235200,SOL,84.19081048342706,1962507417.4536889,48644638281.941505
1779235200,XLM,0.14336692560125835,113421343.86748435,4805837485.587405
1779235200,XRP,1.358688584281766,674103591.1539428,84006418189.19281
1779235200,XTZ,0.33369333829111625,10803806.105703395,362141743.8973458
1779321600,AAVE,87.97754572075615,165605767.9873766,1309076393.6188483
1779321600,ADA,0.24904070644079832,194193086.12823594,9214776136.965729
1779321600,AVAX,9.287258905495312,147298261.95824113,4009977991.586237
1779321600,BCH,373.34931135082627,120510076.36754926,7480849115.048261
1779321600,BTC,77470.39614899461,26876818823.914783,1551898053923.3093
1779321600,DOGE,0.10357821224909342,636711827.4236704,15984431712.727411
1779321600,DOT,1.247868506185135,87197728.96335156,2102282497.7901924
1779321600,ETH,2127.468931683584,11238421745.282204,256754993448.5723
1779321600,HBAR,0.0887268880642169,36423569.03293215,3848394838.91901
1779321600,LINK,9.624478487326545,340056823.54086363,6997958023.496451
1779321600,LTC,53.917694690860074,249760138.7301043,4160816474.756569
1779321600,SHIB,5.772752735860076e-06,59996058.674749024,3401555702.4683557
1779321600,SOL,86.05865859618997,2729370842.8552046,49730056480.28202
1779321600,XLM,0.1436785742567504,93401389.48823711,4816283473.907194
1779321600,XRP,1.364914449532441,1242861908.1530118,84391357494.55559
1779321600,XTZ,0.34082188783533657,10115660.65829957,369913531.27156895
1779408000,AAVE,88.01820196411589,169305313.27329472,1309681396.4385927
1779408000,ADA,0.25024106591453343,197738998.56888264,9259190738.869312
1779408000,AVAX,9.44040006117922,226279176.1124,4076100048.712823
1779408000,BCH,380.402105060756,119779887.74936976,7622328538.459047
1779408000,BTC,77550.38308320483,26822828450.39911,1553532857238.0518
1779408000,DOGE,0.10549076948942118,834737040.106385,16281044116.587488
1779408000,DOT,1.2892250082016559,139287000.72069907,2172167310.045091
1779408000,ETH,2132.1443703600044,13355202447.22478,257319162066.26633
1779408000,HBAR,0.08977877379638773,48599624.89903367,3894018794.8488936
1779408000,LINK,9.739389065791988,289609366.4424833,7081509501.700257
1779408000,LTC,54.12004941103158,253874788.79448217,4176432143.383757
1779408000,SHIB,5.83661493841065e-06,62337613.41142284,3439186070.6218147
1779408000,SOL,87.17389465455327,3190400613.696502,50384858258.00716
1779408000,XLM,0.14635965184962804,93487799.14516084,4906155608.826223
1779408000,XRP,1.36936418176817,523108758.1824143,84666480191.06532
1779408000,XTZ,0.34947207870318747,11787096.520599844,379340809.66354567
1779494400,AAVE,85.99917538917953,196004607.35430762,1279638988.5050836
1779494400,ADA,0.24234816645403276,237194863.796163,8967144901.70662
1779494400,AVAX,9.145216296406433,201024956.3039199,3948647975.6892037
1779494400,BCH,361.17158982210975,113987613.46536389,7237168694.802033
1779494400,BTC,75478.38285862996,28286947097.462727,1512062217726.077
1779494400,DOGE,0.1022216945449564,753330099.1244326,15777927383.30275
1779494400,DOT,1.2577320744015692,177542613.2007717,2119294461.1020794
1779494400,ETH,2064.039749218924,12336915364.541262,249099851766.95044
1779494400,HBAR,0.08781988952500487,72780781.69468752,3809055146.5473075
1779494400,LINK,9.411272216946342,364699769.46916765,6842935750.608464
1779494400,LTC,52.63854308225364,280229535.47755325,4062104630.392362
1779494400,SHIB,5.651210852166597e-06,68682723.28138508,3329937953.180197
1779494400,SOL,84.31186681406471,2571403589.386439,48730601507.600945
1779494400,XLM,0.14332679550718208,88585147.8907437,4805416146.180626
1779494400,XRP,1.3323718289119872,1697716123.7633803,82418284610.62589
1779494400,XTZ,0.33472342022622587,9166010.970590714,363369652.648632
1779580800,AAVE,86.61130077997036,164119641.50592354,1288749629.291776
1779580800,ADA,0.24583517559001003,321802130.28250253,9096168020.195175
1779580800,AVAX,9.385538758544717,262074155.94394007,4052412476.481587
1779580800,BCH,355.7551624978073,178109582.83161446,7128810904.294121
1779580800,BTC,76684.37097078416,30932098861.218105,1536256575896.3174
1779580800,DOGE,0.10294759713151198,1141280737.4389892,15891273826.823448
1779580800,DOT,1.2936224436095742,174630585.38295978,2179965912.2709584
1779580800,ETH,2116.4299126571727,15645737334.490585,255422534247.0047
1779580800,HBAR,0.08960821906456344,68740322.47756077,3886621240.985314
1779580800,LINK,9.551471638935041,341128915.33593637,6944874746.190126
1779580800,LTC,53.44590735800898,247474107.63097015,4124408751.4968233
1779580800,SHIB,5.6640277254910775e-06,83279914.3082124,3337490204.002765
1779580800,SOL,85.6707931191255,3286970015.1963525,49526223443.17703
1779580800,XLM,0.14779033634945557,98859712.71123487,4955136940.5813675
1779580800,XRP,1.354304495326544,912675749.776016,83775002535.45695
1779580800,XTZ,0.34521350819742597,13521205.27414996,374796955.80647117
1779667200,AAVE,85.54168730486207,136780840.64355463,1272839272.8846912
1779667200,ADA,0.2421412215166872,178363550.2715458,8961053628.674688
1779667200,AVAX,9.20326342439848,123681870.5683033,3973711097.9830346
1779667200,BCH,347.22300726242617,117654364.64538032,6957974679.849089
1779667200,BTC,77016.06581859986,21763916479.84379,1542935472694.078
1779667200,DOGE,0.10221371299195538,548684000.4457297,15779435779.552877
1779667200,DOT,1.245464756669118,99818703.72861715,2098973921.9999762
1779667200,ETH,2097.6582568011895,9972550889.11964,253157019396.1855
1779667200,HBAR,0.08837691696349455,37863489.80610276,3833215371.0544243
1779667200,LINK,9.425019404408062,226960217.34449565,6852931330.205315
1779667200,LTC,52.738373418841206,194979752.7137099,4071529104.635799
1779667200,SHIB,5.576702267328557e-06,65316209.10291326,3286034252.0734806
1779667200,SOL,85.22303380051963,2299313017.9576964,49267316580.51776
1779667200,XLM,0.1473566658519489,77647086.54852268,4942511539.296579
1779667200,XRP,1.3489759781401205,751342231.8140342,83445389407.57967
1779667200,XTZ,0.33517034112833977,9365410.790738037,363931829.08030033
1779753600,AAVE,86.33412838048407,127906629.87573685,1284633336.7363405
1779753600,ADA,0.24330789302718994,180962790.91009948,9004229284.216433
1779753600,AVAX,9.298821180752354,130615760.96208356,4014970257.849641
1779753600,BCH,351.97840900793244,82416185.92549731,7053419594.108945
1779753600,BTC,77258.39912360838,19879317349.277992,1547829534321.9758
1779753600,DOGE,0.10203472097739077,480122842.37750506,15753183057.294548
1779753600,DOT,1.2606346154503736,99865188.34978412,2124709779.4593747
1779753600,ETH,2110.5929717502054,9506066145.888752,254718006828.523
1779753600,HBAR,0.08801262805901763,40105659.16642305,3817414889.794478
1779753600,LINK,9.492603854943535,190802597.5762535,6902071982.190885
1779753600,LTC,52.67078823839385,208146973.53182068,4066311366.3667765
1779753600,SHIB,5.547713289430583e-06,55788755.3057749,3268952688.1989865
1779753600,SOL,84.97682971506052,1803658756.1874142,49135057185.50831
1779753600,XLM,0.14955028083087543,99414683.65661801,5016086970.732263
1779753600,XRP,1.347040252911395,537383626.6113791,83325648694.53911
1779753600,XTZ,0.3340038936073433,9487912.892822227,362705871.8782392
1779840000,AAVE,85.74891717084883,160595647.383457,1275938997.4573772
1779840000,ADA,0.23986546473430084,248365068.8729072,8876833443.259546
1779840000,AVAX,9.131080622562365,170587196.0006691,3942544588.070989
1779840000,BCH,343.76256140940956,106538519.8743632,6888934016.862698
1779840000,BTC,75851.10409561773,21937550660.277542,1521310703337.921
1779840000,DOGE,0.10094055924200365,737435678.3922615,15585676214.451136
1779840000,DOT,1.2493655651403683,163521981.8694764,2105960396.6577232
1779840000,ETH,2072.3492159738144,14155757179.744965,250102478155.41592
1779840000,HBAR,0.08648348595763514,51274739.88981305,3751090659.4271855
1779840000,LINK,9.376687433174428,289490302.6897813,6817789155.350732
1779840000,LTC,51.9050480228278,211240628.20066372,4007194382.4297366
1779840000,SHIB,5.517822392150053e-06,65487934.121019185,3251339676.198936
1779840000,SOL,83.66751400447032,2554928810.7284603,48378632579.133644
1779840000,XLM,0.14744050257132793,92482231.71230124,4946854279.593567
1779840000,XRP,1.3265991470275145,1119055715.3953128,82061196200.17097
1779840000,XTZ,0.3313427888100232,9254763.959112542,359854109.8648027
1779926400,AAVE,83.22156312904774,174296340.64608493,1238337103.0315702
1779926400,ADA,0.23689896073373767,204000137.70423874,8767050394.870602
1779926400,AVAX,9.029727358063328,156874343.1960656,3898783090.286527
1779926400,BCH,334.8907556090347,102049103.24767752,6711273499.811034
1779926400,BTC,74339.61694703094,34389389567.3329,1489416527418.8489
1779926400,DOGE,0.10033534205295684,753868734.1336595,15493499207.95741
1779926400,DOT,1.228957512079137,175851444.87179834,2071784707.467223
1779926400,ETH,2022.465974317952,13111439048.810225,244082228718.45593
1779926400,HBAR,0.08552766495543218,49964531.51373792,3709635663.0317855
1779926400,LINK,9.124279445098834,268980922.7531607,6634263314.685795
1779926400,LTC,51.90542240363062,238831571.40579978,4007223285.5269704
1779926400,SHIB,5.4238740952640486e-06,67428689.31982525,3195981217.2026634
1779926400,SOL,82.33204554881856,2299355218.816243,47616199394.08051
1779926400,XLM,0.1636478532893745,530847232.24449754,5491316928.366735
1779926400,XRP,1.3005645361540241,603256098.9087565,80515754596.5486
1779926400,XTZ,0.3178786153325581,15210640.897572126,345268191.0098883
1780012800,AAVE,80.74907030021203,230602681.0283068,1201554297.2613049
1780012800,ADA,0.23465844104515332,434838317.1271382,8684134248.00495
1780012800,AVAX,8.919778368670212,206995533.0334248,3851310199.5068088
1780012800,BCH,299.86173147347955,356895396.25566655,6009412733.048582
1780012800,BTC,73651.64255141478,33586238604.416878,1477197114898.1526
1780012800,DOGE,0.09947698775745545,871573877.5281235,15362381069.897245
1780012800,DOT,1.212576333606478,169570572.27691692,2044345978.7495422
1780012800,ETH,2008.1144631178963,16340884014.098196,242350127914.89413
1780012800,HBAR,0.09089988495146885,274316227.6204839,3942647740.5287952
1780012800,LINK,8.994821419929538,331066007.74781543,6540134388.413851
1780012800,LTC,51.608194484860775,284652588.4529644,3984276576.2613907
1780012800,SHIB,5.366941030166797e-06,80208539.61474493,3162433792.7063055
1780012800,SOL,82.0439463262634,2658713917.7802296,47448837599.658295
1780012800,XLM,0.2033376625660044,1842889620.5500991,6832010558.515051
1780012800,XRP,1.3143541072350677,2190748177.889036,81460832908.1269
1780012800,XTZ,0.3100995978158094,10169941.47827563,336854176.1537829
1780099200,AAVE,82.39308322530252,167885070.44168606,1226260932.2839937
1780099200,ADA,0.23277971355109459,317171677.82864636,8646765930.855165
1780099200,AVAX,8.820044757812111,155095092.18981642,3808248022.751322
1780099200,BCH,302.1597888710487,247469524.91185206,6055589963.03275
1780099200,BTC,73500.91507629369,38828038484.70212,1474174043264.2876
1780099200,DOGE,0.09962218737506427,645452509.1810496,15385898317.188292
1780099200,DOT,1.193498007887163,157729953.96006617,2012358130.8539388
1780099200,ETH,2012.5607890669655,13631910773.179047,242886602421.65924
1780099200,HBAR,0.09932462873577229,327767589.4941469,4308058511.645904
1780099200,LINK,9.013663214513427,249290797.6005616,6553834256.69856
1780099200,LTC,51.84778981290569,239652256.21637028,4002773911.0904756
1780099200,SHIB,5.417809141736748e-06,64040679.113216944,3192407467.873651
1780099200,SOL,81.9770412126185,2377985277.4282727,47419837877.91925
1780099200,XLM,0.25983153126394143,2220578520.6237044,8732219202.18348
1780099200,XRP,1.3289137152633566,1931837355.7194223,82363206013.11552
1780099200,XTZ,0.3047268632120026,9204555.29868395,331051953.36339885
1780185600,AAVE,82.78232011642115,121952498.81236733,1232056296.6907113
1780185600,ADA,0.23581508951182872,343275019.4571647,8759517102.528257
1780185600,AVAX,8.945149220921909,153543048.8547925,3862264622.1402617
1780185600,BCH,303.37569032444185,135613210.88612095,6080104814.332692
1780185600,BTC,73820.30385315015,18374444051.152412,1479111074457.094
1780185600,DOGE,0.1005669086728194,557559623.1253521,15533268683.212599
1780185600,DOT,1.1894666917438874,306401783.38225013,2005710599.6676176
1780185600,ETH,2021.665390940461,7309721337.815556,243985261872.80014
1780185600,HBAR,0.09513839757812957,422002441.71599656,4126486941.821068
1780185600,LINK,9.189567233694111,239901763.16310328,6681734063.842571
1780185600,LTC,52.39718404629932,256205099.37691006,4045188465.544332
1780185600,SHIB,5.494782954748704e-06,58043483.08285157,3237763749.210968
1780185600,SOL,82.68649732797877,1377376877.9563878,47830171320.03477
1780185600,XLM,0.22993585319136703,1555187333.2017784,7728001189.655391
1780185600,XRP,1.33979269803168,1645267808.5690072,83037461902.47023
1780185600,XTZ,0.3309096807713579,41022008.343185425,359527949.91670537
1780272000,AAVE,82.05125463592765,121293155.26290119,1221179056.3101764
1780272000,ADA,0.23548566147621924,301663634.0373059,8747280266.802658
1780272000,AVAX,8.970110196964207,147571801.1041972,3873042071.7189417
1780272000,BCH,302.5864023891765,194823814.45918128,6064397876.529
1780272000,BTC,73598.6681238158,16617912637.659142,1474670238472.3772
1780272000,DOGE,0.1002889522380211,503470012.5414785,15491725352.47924
1780272000,DOT,1.186488339347342,226000581.31402284,2000873288.4427388
1780272000,ETH,2005.0520566280852,8798577983.65509,241980194646.4275
1780272000,HBAR,0.09646015159993512,149332922.8374231,4183816062.961439
1780272000,LINK,9.136118543478487,193588036.1895749,6642871522.767506
1780272000,LTC,52.01915632772571,246543148.4568065,4016003817.6541176
1780272000,SHIB,5.515956021663788e-06,58126096.10458709,3250239830.815437
1780272000,SOL,82.33762528669455,1344660031.4575894,47638112086.279015
1780272000,XLM,0.2599507105115038,1231425117.666929,8744058638.854265
1780272000,XRP,1.3315091082438855,1164295942.8589847,82524062872.58284
1780272000,XTZ,0.32774998669698113,16930701.025722504,356126077.27253133
1780358400,AAVE,80.19032053193925,187700726.38114098,1193506463.468237
1780358400,ADA,0.23081640043525256,433914176.8596166,8573837286.418382
1780358400,AVAX,8.923083345477542,198561396.42718804,3852737195.824555
1780358400,BCH,293.38631766371344,186726781.6963892,5880149399.841595
1780358400,BTC,71320.29306465392,48870728373.42597,1429084366219.4146
1780358400,DOGE,0.10094014713389943,986339886.4467961,15593798829.039404
1780358400,DOT,1.157918646967915,215358653.80620933,1952868704.7737222
1780358400,ETH,2003.5794472377934,17641251039.019615,241802405659.34933
1780358400,HBAR,0.09221438200699822,136796981.4314992,3999662101.771587
1780358400,LINK,9.044415074705169,274838932.8028628,6576193933.334506
1780358400,LTC,50.72063343440835,301910466.9241214,3915754731.2594905
1780358400,SHIB,5.521511403366482e-06,78487565.76931626,3253513298.097459
1780358400,SOL,81.16096271852808,2750502933.2222457,46937390243.63532
1780358400,XLM,0.24269110459780416,1184387043.108476,8178111835.273799
1780358400,XRP,1.295466044055384,1831879993.1924312,80290191488.00375
1780358400,XTZ,0.3168215522593922,11203164.870456109,344281311.78287137
1780444800,AAVE,73.53517785086373,259548158.28036678,1094577505.3328846
1780444800,ADA,0.21265552014101416,626488007.0362619,7899238634.297903
1780444800,AVAX,8.169560535784047,234233141.87044552,3527387174.4914317
1780444800,BCH,268.7844345868179,184839213.5219619,5387180038.48764
1780444800,BTC,66727.26415497709,61786877126.25958,1337077983137.808
1780444800,DOGE,0.0926145965235376,1378502712.1570508,14308901111.498892
1780444800,DOT,1.077371791349629,198055405.1145667,1817177009.7912996
1780444800,ETH,1858.3640479335945,22398056413.249477,224276922375.7809
1780444800,HBAR,0.08681910804989221,104807029.58481893,3765650093.0450935
1780444800,LINK,8.364582826128089,368159226.9077716,6081887925.499778
1780444800,LTC,46.874045356659906,399829061.889892,3618788892.2163267
1780444800,SHIB,5.1759692644619256e-06,86880787.93202363,3049904920.580628
1780444800,SOL,74.13901501343945,3680255553.8008966,42885187245.11338
1780444800,XLM,0.2221251203108328,685735093.3623154,7486460177.634437
1780444800,XRP,1.2102231710312374,2808786547.579418,75007022060.6747
1780444800,XTZ,0.2950362280826928,11402352.956760265,320633894.11773163
1780531200,AAVE,74.32524823578397,227357686.4094802,1106342929.616138
1780531200,ADA,0.20021060481451536,608721621.7832681,7439828196.306524
1780531200,AVAX,8.046953587749265,266830993.4857631,3474448932.0845013
1780531200,BCH,243.1708903775703,668929078.131112,4873918205.43
1780531200,BTC,64046.61064609333,43649392701.85552,1283384941923.1694
1780531200,DOGE,0.09132027812779768,925022038.7947463,14110178022.944387
1780531200,DOT,1.1037988168837847,187801607.0119412,1861931369.1857076
1780531200,ETH,1811.7149905120527,22460032720.27168,218646847414.9501
1780531200,HBAR,0.08515471974888093,86790933.59573671,3693459718.2107334
1780531200,LINK,8.327863303674874,386442104.47508866,6055189161.810005
1780531200,LTC,47.08313569803821,359217817.5424276,3634931168.802276
1780531200,SHIB,5.196644083211929e-06,78481778.77167554,3062087277.436567
1780531200,SOL,71.5436851656655,3696685803.9439883,41383885800.11384
1780531200,XLM,0.20886726988465731,685843194.6617335,7039664423.480582
1780531200,XRP,1.1998719776763807,2312768031.2975297,74365477420.88692
1780531200,XTZ,0.295349265786104,9412410.809813088,321000158.3135784
1780617600,AAVE,71.26414752046944,230879648.89053297,1060786156.1602327
1780617600,ADA,0.17965580399762496,845978719.8232396,6676011580.155538
1780617600,AVAX,7.6984920654852305,329653878.44155014,3323993017.2217627
1780617600,BCH,245.35367222049507,249102538.32256508,4917790007.417247
1780617600,BTC,63810.65923840883,60995145201.16938,1278676276214.779
1780617600,DOGE,0.0884879640193528,1424717919.8742664,13673749210.112202
1780617600,DOT,1.0373180996449667,166732248.7238003,1749962618.644517
1780617600,ETH,1769.0317333338,25717635461.02949,213495452809.0861
1780617600,HBAR,0.08371713992826504,124178821.56726028,3631106824.944351
1780617600,LINK,8.006323258190282,553351492.1820678,5821397404.247529
1780617600,LTC,45.58053978784529,423406334.4051763,3518927155.324842
1780617600,SHIB,4.948558212168851e-06,105875615.3093825,2915904350.653624
1780617600,SOL,68.81086787182636,5064102121.535027,39811227259.98783
1780617600,XLM,0.20144990422761175,684801455.2581857,6790291877.142441
1780617600,XRP,1.1676610643848133,3134853920.0251436,72369114484.1268
1780617600,XTZ,0.27809042725833827,15157090.634591434,302266699.9294959
1780704000,AAVE,62.255582482098866,453225978.1636376,926698670.738518
1780704000,ADA,0.15664635393151696,1127076474.438127,5820980171.89456
1780704000,AVAX,6.720922851275264,449146899.3319374,2901906040.4158597
1780704000,BCH,209.8090650094212,236275483.8276611,4205488933.1513014
1780704000,BTC,60960.10140035313,45506430145.38753,1221584775490.4983
1780704000,DOGE,0.08147531978174634,1980001646.2121437,12591229029.313417
1780704000,DOT,0.9448901663204529,194084124.4463845,1594166849.8955743
1780704000,ETH,1582.4588294507628,38205353386.90695,190978752181.88416
1780704000,HBAR,0.08024723504798979,153496895.13025352,3480604845.349055
1780704000,LINK,7.361053837853775,644730872.9780854,5352222027.804344
1780704000,LTC,43.28299791902842,514172946.8765725,3341551404.3945856
1780704000,SHIB,4.553346399762197e-06,129249236.06544454,2683028471.695163
1780704000,SOL,63.63313109112329,6676438823.787654,36815546115.86572
1780704000,XLM,0.20294504128399518,1015774696.1172898,6845030726.987645
1780704000,XRP,1.0972843950512718,4157762667.0645604,68090777202.89725
1780704000,XTZ,0.24344927663740845,18032645.64712359,264635774.0404019
1780790400,AAVE,60.93207129202708,212881945.99644184,907001949.6702298
1780790400,ADA,0.15718679819849915,698532873.1809672,5841063086.582077
1780790400,AVAX,6.661121686392539,241873589.28271782,2876085574.1737633
1780790400,BCH,217.29707986209013,199346624.48869446,4355604504.304436
1780790400,BTC,60855.25426528331,31010313650.452156,1219483734629.1333
1780790400,DOGE,0.08187040239136993,960603597.8951346,12653260332.852262
1780790400,DOT,0.9423639687822892,130970991.23321655,1590042070.1752906
1780790400,ETH,1568.7027946407661,18640275407.494694,189318197707.50336
1780790400,HBAR,0.07971140991800696,87703316.88518451,3457364224.842838
1780790400,LINK,7.391559293757676,349267556.6400847,5374402543.889889
1780790400,LTC,41.342372320527424,366696229.436108,3191730446.8396974
1780790400,SHIB,4.5632851010930144e-06,69987681.45503812,2688884761.440309
1780790400,SOL,62.17918349826299,3577863213.6780424,35981679210.05437
1780790400,XLM,0.21238028050236032,672473643.134042,7163268520.771286
1780790400,XRP,1.0929747313661586,2112505694.7093952,67823345759.30258
1780790400,XTZ,0.24487706625638936,18507451.691152755,266210772.3816517
1780876800,AAVE,63.64395268465514,198959864.6054217,947371819.8731427
1780876800,ADA,0.16509315561300406,567070481.0227826,6134863411.879562
1780876800,AVAX,6.807537953548277,229731245.91197276,2939304012.9918427
1780876800,BCH,230.15378526090615,142464846.5357032,4613395921.009124
1780876800,BTC,63273.537430635515,33326211424.640003,1267943921370.2615
1780876800,DOGE,0.08621559810194002,853856315.6713402,13326130009.996576
1780876800,DOT,0.9722849631078336,111393896.97076644,1640692238.1203973
1780876800,ETH,1687.8826846141703,16062772861.618362,203701307543.392
1780876800,HBAR,0.08188234653741643,55765230.10559857,3551525382.163993
1780876800,LINK,7.9085060154893645,314050879.3674348,5750274489.972583
1780876800,LTC,42.81144390742129,363743933.6110387,3305146302.033574
1780876800,SHIB,4.715580926280743e-06,65563975.4057649,2778624031.9677553
1780876800,SOL,66.42475751544987,3136535778.934595,38480144220.633545
1780876800,XLM,0.20569738647139146,733479396.6941922,6937863290.939647
1780876800,XRP,1.1548517514448144,2010546066.5698698,71663056236.51035
1780876800,XTZ,0.24571795563283472,10650760.66891575,267149208.8878588
1780963200,AAVE,63.43180570405525,136996414.1886312,944228208.4792032
1780963200,ADA,0.17032636785599511,503624917.65681404,6330458948.33291
1780963200,AVAX,6.7634161212731865,223200931.5590713,2920253442.9396954
1780963200,BCH,209.34749076024508,620115958.9960332,4196436505.9549837
1780963200,BTC,63069.147792658114,32495793038.066757,1263848139632.9338
1780963200,DOGE,0.08630396645305738,653939269.7285631,13340955715.298471
1780963200,DOT,0.973876377648633,94115946.1558021,1643532385.0855048
1780963200,ETH,1690.4950851700783,17032455956.759356,204016538883.978
1780963200,HBAR,0.08128186922642111,48637642.31384539,3525480569.1573524
1780963200,LINK,7.993169530721201,292413819.7240444,5811833329.393775
1780963200,LTC,43.003871565866774,307861445.328875,3320002179.4736204
1780963200,SHIB,4.71322409292349e-06,62847309.0677709,2777235281.563303
1780963200,SOL,66.80256146212376,3165296761.7515407,38706889898.17908
1780963200,XLM,0.20248720674724205,312508346.700229,6831677772.369469
1780963200,XRP,1.1677525780115696,2103882956.1796708,72463602850.90843
1780963200,XTZ,0.24630089988232445,8980543.452552035,267805842.16538316
1781049600,AAVE,62.06274647838877,142151376.71507078,923849912.0887774
1781049600,ADA,0.16517926288834595,432501140.7896569,6139158346.373197
1781049600,AVAX,6.635275055262608,180059260.85618624,2864925723.5609694
1781049600,BCH,203.41550429901667,157726728.33724308,4077618866.9729834
1781049600,BTC,61669.76384194788,35017939157.83543,1235805762898.2478
1781049600,DOGE,0.08474433190516373,751669733.18486,13100647996.285069
1781049600,DOT,0.9564279119103225,86297871.99513298,1614213403.0625107
1781049600,ETH,1638.7504135601862,14438363030.352573,197771660387.75195
1781049600,HBAR,0.07942178757097308,48039497.5673758,3444802285.198996
1781049600,LINK,7.833892151355486,273298332.2350398,5696022751.567504
1781049600,LTC,42.99523723491262,259058878.50302026,3319335588.3844395
1781049600,SHIB,4.665236937180416e-06,58907075.544423394,2748959165.2640257
1781049600,SOL,64.9237603504689,2984743786.127204,37616147035.943245
1781049600,XLM,0.1922707129483617,297612522.0871211,6488347358.716696
1781049600,XRP,1.1368684224292722,1862270482.1402798,70547120518.39922
1781049600,XTZ,0.23771281669428249,8068692.202548538,258489978.2545396
1781136000,AAVE,61.246573924617344,171113589.3613895,911722158.3022234
1781136000,ADA,0.1605906971354993,461509444.2277456,5968616770.833461
1781136000,AVAX,6.380602123474471,207308656.86259583,2754965092.344055
1781136000,BCH,194.41103392411733,147958022.57827178,3897190905.002273
1781136000,BTC,61480.144432833426,26327022779.7125,1232005963062.1147
1781136000,DOGE,0.0829283560358409,590174056.1091379,12821382823.678106
1781136000,DOT,0.9163365017562038,88392385.95390059,1546679781.4884458
1781136000,ETH,1620.917390707054,12687812229.500313,195619412992.2519
1781136000,HBAR,0.07764869167249011,53253952.66397225,3367874687.329858
1781136000,LINK,7.559228709098085,242239093.1177636,5496314970.825169
1781136000,LTC,41.71589889414663,240589183.79828465,3220567595.527756
1781136000,SHIB,4.609978998991255e-06,63997501.484444074,2716398790.753136
1781136000,SOL,63.18212175433404,2915668831.8778567,36614496967.74654
1781136000,XLM,0.1826727861808854,552212687.1432655,6164669280.180176
1781136000,XRP,1.096886405735991,1909699727.0101113,68066080413.333725
1781136000,XTZ,0.22754971685186406,7774273.601378793,247459674.9067743
1781222400,AAVE,64.25160026808855,152485761.76642147,956459521.9423361
1781222400,ADA,0.17033097775593783,498505145.2541082,6330630282.828623
1781222400,AVAX,6.636949138508204,193556144.0695207,2865648545.767094
1781222400,BCH,205.15066604475345,187077981.27399272,4112564986.484785
1781222400,BTC,63555.66181107698,28342001883.939762,1273749779296.1104
1781222400,DOGE,0.08598330757065775,626420756.9649382,13294849624.10088
1781222400,DOT,0.9501145264697093,93881240.40850247,1603866762.3621807
1781222400,ETH,1671.86904676229,12635592497.522842,201768387468.37537
1781222400,HBAR,0.07917859125671076,62183965.23648316,3434231376.4101434
1781222400,LINK,7.877118759969324,273773667.2080871,5727452817.412223
1781222400,LTC,42.43092478503164,210640872.7557198,3278489399.256451
1781222400,SHIB,4.809201849654435e-06,59363557.14522497,2833789496.3868394
1781222400,SOL,66.81660398292856,2800664428.8383875,38734037859.60971
1781222400,XLM,0.19154058536376317,219564086.80729228,6465203150.677353
1781222400,XRP,1.1411231049622073,1719096680.843338,70811140167.02057
1781222400,XTZ,0.23435019410392302,13023057.329775231,254876679.0969083
1781308800,AAVE,64.18445065736434,108936503.12207015,955460918.3105406
1781308800,ADA,0.16961275512324536,469392999.4279059,6303936360.1597185
1781308800,AVAX,6.5675503908597195,141826532.76226297,2835684112.3916655
1781308800,BCH,202.06163853811617,121012352.82929942,4050739118.530009
1781308800,BTC,63532.27782485316,26198317555.20565,1273309909632.204
1781308800,DOGE,0.08595947004685323,1260294686.8000243,13292191910.767782
1781308800,DOT,0.9569701494764419,98386784.34454243,1615573182.4340441
1781308800,ETH,1665.5551249935475,10271188237.766333,201006326715.53604
1781308800,HBAR,0.07781837278443451,63700609.213717416,3375234305.6205344
1781308800,LINK,7.860391513372228,188336199.0716425,5715290436.906174
1781308800,LTC,43.05617241437527,223462080.14406878,3326800100.3570886
1781308800,SHIB,4.844175718283999e-06,94123425.05126761,2854397589.187574
1781308800,SOL,66.77674858898844,2667985489.0141864,38718794394.00756
1781308800,XLM,0.18794653673806225,209787185.15650326,6344154322.370589
1781308800,XRP,1.131721918290297,1489339884.4178603,70227759860.14035
1781308800,XTZ,0.2336964738586008,12709482.379294666,254187466.40392056
1781395200,AAVE,67.06858780570695,107968750.8396167,998396866.4156327
1781395200,ADA,0.17166890192319859,350232053.9192735,6387116114.990024
1781395200,AVAX,6.715002444613529,116186442.66172658,2899349774.8205557
1781395200,BCH,208.6045133694081,98763016.08277121,4181991789.433948
1781395200,BTC,64408.80975375945,16875136749.718493,1290903457306.5925
1781395200,DOGE,0.08783470249875856,613940282.8015661,13583376433.07744
1781395200,DOT,0.9799796317335552,92180594.82059892,1654651396.728743
1781395200,ETH,1680.3055520030994,6441342040.178422,202786394956.7776
1781395200,HBAR,0.07828854691568679,42725769.37781135,3395627277.130459
1781395200,LINK,7.979434363646255,147653330.458321,5801846489.819791
1781395200,LTC,44.31554881439211,179037999.66999814,3424107717.3380294
1781395200,SHIB,5.01275971050214e-06,85060396.27794833,2953734552.1261024
1781395200,SOL,68.87994920794057,1570972400.7552242,39938235528.10983
1781395200,XLM,0.18698563513872973,162398274.10080466,6313213921.573237
1781395200,XRP,1.1501945676088534,986313094.145977,71374059811.88467
1781395200,XTZ,0.23819518972101977,7285823.72113379,259102815.55458513
1781481600,AAVE,68.30307486502944,101170967.98055205,1016775535.9705592
1781481600,ADA,0.18287838335776857,413017784.57482827,6804176273.873398
1781481600,AVAX,6.784080934775212,154268467.79285666,2929175929.992826
1781481600,BCH,210.56220202598155,139881168.3429242,4221331922.2558804
1781481600,BTC,65709.31094599118,21124197393.114784,1316997723207.2698
1781481600,DOGE,0.0888610260257763,606777476.5936825,13743490331.620468
1781481600,DOT,0.9967165947071553,82012846.41946843,1683087237.0028343
1781481600,ETH,1725.448928079916,8722419528.693426,208234439253.2255
1781481600,HBAR,0.081124391375733,59438938.29606158,3518627015.7053275
1781481600,LINK,8.171975411222267,166274592.65872404,5941843079.818013
1781481600,LTC,45.37772317190122,211544014.9508939,3506178221.0778894
1781481600,SHIB,5.03753028868635e-06,69949338.85183175,2968330441.7422805
1781481600,SOL,71.21816957667109,1787610919.2006843,41302375511.16598
1781481600,XLM,0.1908821460001261,170864523.12732998,6445763651.474787
1781481600,XRP,1.1857724963931864,1302997963.6227057,73581809081.91905
1781481600,XTZ,0.2390486967745931,10204041.4166064,260053947.7290842
1781568000,AAVE,73.72706985393312,230665446.84415895,1097533760.244487
1781568000,ADA,0.17848004985556704,675646095.1056507,6640531802.007549
1781568000,AVAX,6.836932707427896,238943464.74891502,2951995843.5227675
1781568000,BCH,224.45758068237276,199816910.92173278,4500005517.335812
1781568000,BTC,66292.50117921834,30758717645.22543,1328716312457.8525
1781568000,DOGE,0.08809166296070428,1084481797.0265217,13625687764.460213
1781568000,DOT,1.0096991757646545,136325220.39251196,1705212884.4803636
1781568000,ETH,1794.9576599037732,17421141494.745083,216622998493.3419
1781568000,HBAR,0.08254060522927571,92618374.94919232,3588309465.526174
1781568000,LINK,8.294379695689905,302034446.16422534,6030843231.434393
1781568000,LTC,45.74040988185491,290392108.74560523,3534201756.7386966
1781568000,SHIB,5.053690160735992e-06,123275826.1425852,2977852517.813581
1781568000,SOL,73.9490661555558,3029066101.9198065,42886081046.16554
1781568000,XLM,0.21340720550404996,864355916.5444764,7209115969.197984
1781568000,XRP,1.2376600592814702,3097520362.8626714,76801634771.74158
1781568000,XTZ,0.24137594778007762,11802715.673522912,262608687.9641497
1781654400,AAVE,75.84652935865482,174130177.38857844,1129091496.9390736
1781654400,ADA,0.17226060389017048,416038855.2019875,6409130988.541252
1781654400,AVAX,6.87199128043523,199307904.77399647,2967133152.3462186
1781654400,BCH,213.93332096748782,243673455.06706253,4289107680.386384
1781654400,BTC,65619.28080038042,25251031908.02844,1315255606491.9746
1781654400,DOGE,0.08709556123976687,715215665.9240307,13472736280.078033
1781654400,DOT,1.0124316701609157,90890030.0369419,1709918569.7566943
1781654400,ETH,1791.3886783051394,14895312465.041277,216192147348.88727
1781654400,HBAR,0.0806161142386081,79865307.71986368,3504645561.956903
1781654400,LINK,8.2695328960501,209418971.88586318,6012777124.151121
1781654400,LTC,45.650263086920475,235991457.66067594,3528112343.0886545
1781654400,SHIB,4.976047553143141e-06,61906275.49002748,2932102139.939938
1781654400,SOL,73.4631155495267,2333870477.2213845,42612895578.23611
1781654400,XLM,0.21647497472920402,595286337.3485174,7314366507.739388
1781654400,XRP,1.2164421139531405,1799365537.549333,75484978493.23227
1781654400,XTZ,0.24474310002241143,9279128.559520978,266295102.48105016
1781740800,AAVE,73.82996560800957,210350593.1146849,1099088877.2021763
1781740800,ADA,0.16671947922860045,537035991.0014477,6202967809.161704
1781740800,AVAX,6.758944265254976,231574431.6585902,2918322620.8966103
1781740800,BCH,212.33719430187062,139944587.52313113,4257197489.5895033
1781740800,BTC,64444.545329668814,31384852552.080708,1291736519936.9531
1781740800,DOGE,0.08585348135685288,593289684.2083282,13281820864.596188
1781740800,DOT,1.0028906907484714,114375884.48835537,1693970376.0325692
1781740800,ETH,1748.7549735206103,14238667168.314316,211046873391.0524
1781740800,HBAR,0.08117633300846717,84784828.06751913,3529000099.9772034
1781740800,LINK,8.084479104837147,226385438.07448345,5878224518.033048
1781740800,LTC,44.87319417830693,205398294.3644198,3468056031.853607
1781740800,SHIB,4.949786632371789e-06,63199464.39334594,2916628054.4609265
1781740800,SOL,71.98435089991071,2718013844.532121,41754973369.46756
1781740800,XLM,0.2252006263447569,548709228.7498214,7609561913.9132
1781740800,XRP,1.1858247656054528,1988226360.1335871,73585052590.4416
1781740800,XTZ,0.2431165669539446,10897249.01445395,264548288.26147458
1781827200,AAVE,74.80965037865609,157800483.6923226,1113674799.704648
1781827200,ADA,0.1635268954601685,354799785.99359393,6085248068.813986
1781827200,AVAX,6.310631819488887,231834778.0657141,2724753876.968034
1781827200,BCH,199.50513864722814,158026402.4239259,4000001947.924114
1781827200,BTC,62897.23855524796,30204028640.80352,1260755460004.2776
1781827200,DOGE,0.0834570341741196,554869626.0450329,12912045560.169918
1781827200,DOT,0.9732750978566183,101245905.17131992,1643947040.9969244
1781827200,ETH,1710.079110757131,13166567999.261673,206379242687.9148
1781827200,HBAR,0.08018077167656502,74215024.08658002,3485719800.021273
1781827200,LINK,8.004935138286445,227705946.2631439,5820388102.306502
1781827200,LTC,43.798720637266605,199691074.1117005,3385014596.687099
1781827200,SHIB,4.760003788965938e-06,58971158.53986161,2804799745.969565
1781827200,SOL,69.64875448394535,2477277075.7462106,40408399128.20716
1781827200,XLM,0.23439116375633526,724812892.8279386,7923821551.471784
1781827200,XRP,1.1457015254597007,1902183485.330534,71095249019.23973
1781827200,XTZ,0.23141106679707504,11607060.212833868,251832633.9951942
1781913600,AAVE,73.56787618235208,134470398.44852096,1095190363.5692072
1781913600,ADA,0.16199056402014655,307901435.1236287,6028077302.487483
1781913600,AVAX,5.892211568003821,421699380.66138136,2544091744.388065
1781913600,BCH,198.29466429884545,117086334.82674079,3975830306.8479857
1781913600,BTC,63489.81094752525,23645282131.211132,1272662339486.1091
1781913600,DOGE,0.08344021653549535,428822499.2335705,12910797855.835295
1781913600,DOT,0.9597445929653795,90189235.5043765,1621441889.2259023
1781913600,ETH,1708.87855388619,8744393544.88749,206234250069.17407
1781913600,HBAR,0.08044528876429834,58994558.09782438,3497219221.0483446
1781913600,LINK,7.9355479262250155,216172822.9285638,5936583168.91707
1781913600,LTC,44.01646374843501,189603778.61625823,3401843024.52492
1781913600,SHIB,4.750944296461843e-06,43140329.92160933,2799461488.893025
1781913600,SOL,69.67510636134296,1944665336.4723547,40423637128.5939
1781913600,XLM,0.21801117621035446,349472642.97241116,7370079759.00314
1781913600,XRP,1.1352079033331168,1418755822.7524796,70444078830.82268
1781913600,XTZ,0.2445763381212523,14130325.256252268,266182781.25273493
1782000000,AAVE,75.99412445214746,124000991.82861906,1131311909.6126907
1782000000,ADA,0.16312643556518697,268450887.34038097,6070345946.470647
1782000000,AVAX,6.236328543309797,372444065.69767255,2692671805.6902957
1782000000,BCH,199.88861303137338,82689022.78719585,4007875360.05404
1782000000,BTC,64253.39869532133,18855396681.673313,1287998314407.3254
1782000000,DOGE,0.08363857899419722,439195179.12106484,12942594729.761576
1782000000,DOT,0.9693750266498574,82328887.40622711,1637860445.541292
1782000000,ETH,1739.2769352743533,8660156114.59372,209902786728.71887
1782000000,HBAR,0.08055976357165744,50743311.62963524,3502195814.5094824
1782000000,LINK,7.981914375220622,160051302.95238364,5971269908.037731
1782000000,LTC,44.512361868251894,172655203.3091115,3440168855.727888
1782000000,SHIB,4.73938943473836e-06,46408634.962054215,2792652855.6929965
1782000000,SOL,73.18000530963474,2276338717.7167253,42465706434.49679
1782000000,XLM,0.21603652592458228,207134901.03258663,7303324440.177885
1782000000,XRP,1.1491349570468194,1019972928.7837105,71308306842.98557
1782000000,XTZ,0.23700475335880727,9664709.959780317,257964577.7246807
1782086400,AAVE,73.98030505594501,110731823.70441134,1101341153.5494857
1782086400,ADA,0.15655095252191434,257537445.0214352,5825655644.132337
1782086400,AVAX,6.107829838604557,174604305.1578635,2637189667.950983
1782086400,BCH,194.8099028976865,58658933.26022399,3906132125.306167
1782086400,BTC,63255.48525259375,16915246357.834028,1268020785738.6846
1782086400,DOGE,0.08216402853795551,317097950.3271119,12715447585.995325
1782086400,DOT,0.940765302913545,62483662.444581576,1589643103.2500818
1782086400,ETH,1704.9130137257484,9501777100.678152,205755555330.1328
1782086400,HBAR,0.07801070724525686,40598827.42877796,3391380017.643295
1782086400,LINK,7.776101516327973,132018056.11890295,5817301314.387048
1782086400,LTC,44.42898826254271,193362589.79306355,3433725268.6048455
1782086400,SHIB,4.6419700111205475e-06,37364112.22697099,2735249072.9320064
1782086400,SOL,72.42261496688492,2052347755.8736546,42026125560.66186
1782086400,XLM,0.2097428685826929,158528551.9431515,7094336383.219502
1782086400,XRP,1.1240573531728624,983637216.1864166,69752143695.24998
1782086400,XTZ,0.22899215968326694,8436075.004633913,249264883.38613212
1782172800,AAVE,74.94259165864939,140397535.69999447,1115672178.7694762
1782172800,ADA,0.15834044554790508,327116127.16518825,5892247191.351055
1782172800,AVAX,6.229837400760385,205940543.65603563,2689869112.3414555
1782172800,BCH,197.2654176085896,95375178.71904472,3955456404.6116667
1782172800,BTC,63937.28526422244,27569840544.502632,1281722561349.0657
1782172800,DOGE,0.0823543868160039,456078751.8624634,12746168505.80231
1782172800,DOT,0.9348137796512085,83112883.16374151,1579764003.5260718
1782172800,ETH,1725.1620208904676,14844534842.973106,208199241296.49207
1782172800,HBAR,0.07864251290303409,51348018.995507054,3418846671.3932076
1782172800,LINK,7.859446728523044,212841013.9380379,5879651865.165249
1782172800,LTC,44.49900187736994,193168475.11011368,3440137268.961063
1782172800,SHIB,4.6375451435312294e-06,51173190.65143077,2732641742.1208754
1782172800,SOL,71.84825365060954,2564318280.8954406,41701275965.356384
1782172800,XLM,0.2024721911410784,216988920.79065663,6850325770.689045
1782172800,XRP,1.1278455886946306,1484508576.7450202,69987218487.22565
1782172800,XTZ,0.22806277954954876,12257628.656709597,248274613.8373116
1782259200,AAVE,72.36172349709702,176128301.02713344,1077251806.1126378
1782259200,ADA,0.15129247277819421,417421679.5991022,5634421766.641724
1782259200,AVAX,6.480393707111181,288294161.09841275,2798052300.119857
1782259200,BCH,194.4452410336163,196464324.3357335,3899002584.999989
1782259200,BTC,62662.29201921944,30689271786.405464,1256197234338.4941
1782259200,DOGE,0.0788037034615052,657244519.5130875,12197670357.163393
1782259200,DOT,0.9092353003997339,86973875.03948289,1536682783.132092
1782259200,ETH,1665.7162407218393,11028765091.96417,201025025282.61243
1782259200,HBAR,0.0774856263933464,50013029.37428337,3368553039.55112
1782259200,LINK,7.625715857125374,233027267.18859917,5704797807.185233
1782259200,LTC,42.1221765443134,223867254.19321615,3256389205.7440124
1782259200,SHIB,4.563833498664603e-06,58073527.002648,2689207652.9300942
1782259200,SOL,69.6086375465547,2237316369.5899425,40400963779.9402
1782259200,XLM,0.19496024396397083,189695673.15495497,6599725930.490575
1782259200,XRP,1.1090597219669764,1455232730.4323268,68821482173.39038
1782259200,XTZ,0.22087944757660344,12448570.841342336,240475284.39380944
1782345600,AAVE,79.94157285992512,375665958.9421448,1190094700.542904
1782345600,ADA,0.14861753516923645,603598045.6664456,5534801961.296772
1782345600,AVAX,6.452869838309249,264489902.95257127,2786168265.3080626
1782345600,BCH,190.3472565046307,132318436.17563504,3816918116.9908633
1782345600,BTC,60989.57352152134,43171393360.53368,1222695488973.654
1782345600,DOGE,0.07610947455670407,884586328.7677613,11781685498.56385
1782345600,DOT,0.8865043738109598,103586006.64226934,1498403319.110363
1782345600,ETH,1620.6434082953833,14564492017.893734,195585379105.89435
1782345600,HBAR,0.07559199867102379,81542096.62662789,3286230862.975278
1782345600,LINK,7.415107503753354,309145930.4698659,5547241704.256359
1782345600,LTC,41.07414436964152,269389706.19341916,3175565918.546288
1782345600,SHIB,4.377065377576916e-06,76319341.87158445,2579155783.7478375
1782345600,SOL,67.94878023470052,3263229987.707027,39445550402.63168
1782345600,XLM,0.18518744519062882,203710469.6881231,6282488212.698997
1782345600,XRP,1.072805994012306,2113909082.8017957,66571796928.55414
1782345600,XTZ,0.21481341040167948,10602270.621355256,233891176.35702232
1782432000,AAVE,82.33192443962999,491592400.4142457,1225683374.2612846
1782432000,ADA,0.1436515834758227,427712714.38318574,5349860398.774471
1782432000,AVAX,6.227892989993185,276957011.49339366,2689029570.2911673
1782432000,BCH,192.8499255982692,127049065.56817344,3867168914.9857335
1782432000,BTC,59726.73653480851,41007492811.17548,1197409796612.7463
1782432000,DOGE,0.07483421187572689,772071139.6334214,11585276393.78323
1782432000,DOT,0.8428751530380085,89044920.95178244,1424787555.295228
1782432000,ETH,1566.0081297519519,15715979048.939772,188991665755.70743
1782432000,HBAR,0.07338536232887098,72483334.3395673,3190301180.2480745
1782432000,LINK,7.239585951322604,259950108.79145974,5415934036.073958
1782432000,LTC,40.86994843524531,256563732.9438031,3159778915.312848
1782432000,SHIB,4.240574077683865e-06,78853349.69700737,2498729217.783816
1782432000,SOL,67.63197484567073,3481478952.3798857,39261589126.28676
1782432000,XLM,0.178865446862626,211316026.98616314,6068150900.4324
1782432000,XRP,1.0424278885912308,2204766060.374263,64882284606.32865
1782432000,XTZ,0.21278812939634434,14971888.256385315,231706279.57181847
1782518400,AAVE,94.9620203647956,581647812.8872466,1519392325.8367298
1782518400,ADA,0.14822854710008135,310282311.9866162,5520315299.775781
1782518400,AVAX,6.61544117663795,268210978.72701463,2856362010.88945
1782518400,BCH,197.0689627065682,131933094.78767076,3951866381.782972
1782518400,BTC,60022.32566638378,39614814581.667755,1203364318622.97
1782518400,DOGE,0.07567761807137018,737122903.1988994,11716912569.073309
1782518400,DOT,0.8514517027356951,104651505.557524,1439411310.0146866
1782518400,ETH,1576.9176481850786,15385677746.031172,190308081815.48938
1782518400,HBAR,0.0707854279745021,68478579.84274796,3077273549.4693174
1782518400,LINK,7.343073032116793,253549637.34964687,5493352718.154336
1782518400,LTC,41.864556565205234,280809754.31180346,3236675068.069818
1782518400,SHIB,4.235810224492345e-06,70515557.11269042,2497009342.719741
1782518400,SOL,71.81424446301368,4562551012.342848,41697905662.04016
1782518400,XLM,0.17748350532411808,217537099.29829958,6024536678.311128
1782518400,XRP,1.0466477618660692,1167448630.4842312,65144935885.920494
1782518400,XTZ,0.21577667277490398,14952237.209852528,234969679.07566535
1782604800,AAVE,93.88898743543866,340432077.4070569,1502223798.9670186
1782604800,ADA,0.14510524059337515,171260781.88326183,5403997376.999285
1782604800,AVAX,6.4242841644465845,192931767.530759,2773825772.842808
1782604800,BCH,195.27010070630504,67867332.11992982,3915878234.8479815
1782604800,BTC,59953.443344011124,16056335655.741009,1202013480250.0635
1782604800,DOGE,0.07440981051925101,414700502.0685494,11521596189.260386
1782604800,DOT,0.8160566006080047,61447275.514336765,1379658177.4215426
1782604800,ETH,1571.9371269098212,6488596779.477047,189706894652.55972
1782604800,HBAR,0.07185284892783814,52088587.410202205,3123677821.6650205
1782604800,LINK,7.287243697540514,126775059.10550563,5451586794.608981
1782604800,LTC,42.13063164142367,219373090.45370698,3257246134.2911844
1782604800,SHIB,4.208548851574599e-06,53154399.704672724,2479858554.670727
1782604800,SOL,70.40481823828176,1858983984.0053177,40879492017.40393
1782604800,XLM,0.17361090532039022,162939101.41058412,5893083166.929367
1782604800,XRP,1.0451606232986514,352661244.64196867,65052374137.682304
1782604800,XTZ,0.21275037256407084,10846327.838867214,231694167.4579976
1782691200,AAVE,91.40130452980374,276222340.8790592,1462420872.4768598
1782691200,ADA,0.14363713363146188,125274696.15610637,5351673714.993483
1782691200,AVAX,6.43956639907937,149433509.86921206,2780424213.261376
1782691200,BCH,190.65549949515707,70791877.65048689,3823456010.038836
1782691200,BTC,59494.606386317784,17361816169.775818,1192836694280.2336
1782691200,DOGE,0.07307923972531762,450934498.6568187,11316594054.338327
1782691200,DOT,0.8100984421639795,83530173.09861119,1369739041.1863644
1782691200,ETH,1570.0805519413402,6688950133.242254,189482804157.67572
1782691200,HBAR,0.0709365136863366,43067966.36272178,3083841738.44473
1782691200,LINK,7.256022189424434,166256499.55612034,5428229985.310721
1782691200,LTC,42.45963457984555,185763985.08358496,3282682343.2345
1782691200,SHIB,4.167439277718401e-06,48646025.49286268,2456704660.661805
1782691200,SOL,71.2724585453322,1815015636.4389396,41391613578.902794
1782691200,XLM,0.17259129909830082,112674455.45088468,5858472358.671389
1782691200,XRP,1.0463154690273346,463971922.8435673,65124253478.27255
1782691200,XTZ,0.21476499832635165,10070249.719395118,233908672.03396094
1782777600,AAVE,91.32893211650911,264736329.0537376,1359683163.7459059
1782777600,ADA,0.1455758417282594,219132399.21648425,5423906659.917717
1782777600,AVAX,6.664752881353619,283650753.42107415,2877653422.343526
1782777600,BCH,200.813096026922,105260125.81531726,4027218764.336532
1782777600,BTC,60152.35872063589,32075473636.027355,1206050822293.0742
1782777600,DOGE,0.07330451742918821,642347503.8155932,11352320686.6195
1782777600,DOT,0.8245319104844523,90148846.53906412,1394270240.0114837
1782777600,ETH,1609.751185572177,12257591853.273031,194270370492.90536
1782777600,HBAR,0.07156176254226206,53872837.94217066,3111023346.6198807
1782777600,LINK,7.366470797652136,243018054.76308084,5510856585.859334
1782777600,LTC,43.11530458627564,247924850.59101173,3333374167.9380074
1782777600,SHIB,4.2546662225204575e-06,65862792.435725056,2507032887.1346436
1782777600,SOL,75.01499688974292,4222616480.428232,43566231846.29124
1782777600,XLM,0.17452524769861316,164773891.12367725,5929662568.956146
1782777600,XRP,1.0547737677266684,586001286.0128037,65650710751.242455
1782777600,XTZ,0.2157456349288312,11799225.912770405,234997413.0703422
1782864000,AAVE,85.0750652436657,199758379.27569684,1266577328.4724596
1782864000,ADA,0.14419858286067488,207158357.45970592,5372592352.161444
1782864000,AVAX,6.5291596051910314,177888743.0480133,2819108047.572362
1782864000,BCH,199.69430919070453,112440934.47494842,4004876214.673207
1782864000,BTC,58566.091991843154,32381442094.945057,1174271521060.0322
1782864000,DOGE,0.07198783556896614,805340447.0991844,11149498748.699627
1782864000,DOT,0.821376871413413,85192707.11395818,1389068930.646032
1782864000,ETH,1569.8271747749748,9776507854.22924,189452148354.94492
1782864000,HBAR,0.0694109139056342,68045025.47405735,3018674093.602565
1782864000,LINK,7.191212210158271,202860971.81023347,5379745641.738467
1782864000,LTC,41.89955751673805,226209427.69386986,3239381097.1426096
1782864000,SHIB,4.192598760348418e-06,59287132.82526769,2470460036.08248
1782864000,SOL,73.56481907476494,2690535956.3937716,42732612580.56446
1782864000,XLM,0.18848089208245064,395071340.0490369,6404207327.869049
1782864000,XRP,1.0381027722508576,1117152886.3904057,64613082839.54666
1782864000,XTZ,0.2045809329823011,12212653.343023472,222853760.46866503
1782950400,AAVE,83.14396909079291,216075627.46973273,1237827628.4361002
1782950400,ADA,0.15378727176723853,310234839.5633621,5729850486.497162
1782950400,AVAX,6.659871613094062,206682328.49921724,2875545827.5740647
1782950400,BCH,209.93871396176385,164671165.84828767,4210432416.747964
1782950400,BTC,59967.685041718134,39101214529.08516,1202400598943.6472
1782950400,DOGE,0.07212794810361624,629087318.5238192,11172176034.812876
1782950400,DOT,0.8279341670788004,85295525.35489555,1400285591.8701448
1782950400,ETH,1608.254387223296,11965520976.255758,194089602864.7811
1782950400,HBAR,0.0717971357096746,70945437.87701523,3122450654.596652
1782950400,LINK,7.349934161251468,214868243.8361915,5498485528.657068
1782950400,LTC,42.669475419535054,258571134.4720355,3298905771.1126385
1782950400,SHIB,4.275972591242092e-06,69663973.70532139,2519587484.2749076
1782950400,SOL,77.36147682738353,3754552448.9840846,44939092000.96649
1782950400,XLM,0.19692694126551125,540777321.1906552,6691034617.145666
1782950400,XRP,1.0508621926009323,1433867706.133708,65407248413.61253
1782950400,XTZ,0.21113618507605506,12888927.37765367,230010733.6537305
1783036800,AAVE,86.14407760437977,195432346.3178445,1282492530.1365342
1783036800,ADA,0.16131184658392023,424117682.5880384,6010203263.281597
1783036800,AVAX,6.793516689913972,191164288.48343298,2933250024.4942765
1783036800,BCH,220.0728069913841,153107687.8954137,4413785008.367499
1783036800,BTC,61490.21448471664,40481809940.94352,1232955847657.318
1783036800,DOGE,0.07410451833494136,688475988.9471116,11479450634.402182
1783036800,DOT,0.8406058274565698,91965020.08031492,1421852982.4346178
1783036800,ETH,1698.5610521616197,13732855612.657272,204988032961.64233
1783036800,HBAR,0.07080797868382971,66186373.45151849,3100674702.5272794
1783036800,LINK,7.7380598357576975,269325941.0627653,5788842334.276316
1783036800,LTC,43.48560774015906,252638411.40323147,3363285702.895709
1783036800,SHIB,4.2897040690797185e-06,64071625.99780651,2527678648.832944
1783036800,SOL,80.61965067731505,3887626249.521208,46841180219.067215
1783036800,XLM,0.198994969633687,250287745.73545748,6762196388.304949
1783036800,XRP,1.0869488576659663,1756975101.8633578,67653336895.00093
1783036800,XTZ,0.214289607462258,9018155.270893868,233462966.31561026
1783123200,AAVE,87.50518896666648,242319326.00486588,1302756432.233594
1783123200,ADA,0.1797777779499342,734528227.5000478,6699144296.735313
1783123200,AVAX,6.94417338151488,186701230.7390676,2998299359.691271
1783123200,BCH,229.26181434545728,131956132.68336627,4598197436.600502
1783123200,BTC,62553.61289177051,26816869526.90458,1254308594105.5916
1783123200,DOGE,0.07749643610399425,663162806.2637191,12005944441.928532
1783123200,DOT,0.8807122897473041,86608633.62692851,1489824249.098451
1783123200,ETH,1756.9804642496356,10305574832.445166,212038138510.35922
1783123200,HBAR,0.07331017653249636,95019239.4467361,3210245710.1433263
1783123200,LINK,7.968098603042038,200064528.5100249,5960934329.278308
1783123200,LTC,44.79256502917572,224985711.52027214,3464599731.323693
1783123200,SHIB,4.442485597140089e-06,67599008.06077178,2617704110.3437514
1783123200,SOL,82.29123076434712,2062341004.3981605,47812330484.64846
1783123200,XLM,0.20394530693865265,263307942.798637,6932657943.088039
1783123200,XRP,1.1341333307169985,1710327059.70597,70590169689.86604
1783123200,XTZ,0.24527585596693882,24267191.23960061,267242321.67295536
1783209600,AAVE,88.56515465632599,153853307.16071668,1318536949.2115855
1783209600,ADA,0.19203069110849494,770117128.3862544,7155730390.081203
1783209600,AVAX,6.959236847447145,144127046.69744357,3004803341.918971
1783209600,BCH,236.0590447007861,121108524.19202062,4734633284.42909
1783209600,BTC,63088.406753852214,19151546833.425976,1265061539174.8157
1783209600,DOGE,0.07759782506422871,612985900.2863585,12022640473.100685
1783209600,DOT,0.8837077408545213,70026310.74510692,1495027548.2382436
1783209600,ETH,1779.908385139636,8250450293.077493,214805111963.64227
1783209600,HBAR,0.07725174550174789,85851863.72600083,3382846643.2563605
1783209600,LINK,8.000415968211163,142673724.81849772,5985110949.205541
1783209600,LTC,44.812554884535174,205556771.8088355,3466145899.699236
1783209600,SHIB,4.452111778313984e-06,63234390.64434754,2623376232.3419356
1783209600,SOL,81.70349684813986,2002372603.9912698,47480391856.62143
1783209600,XLM,0.20657832215459399,718299936.2049135,7022159814.880954
1783209600,XRP,1.15642721313132,1785424567.159435,71977774568.45467
1783209600,XTZ,0.23897102140457507,17524544.85556991,260395875.10011092
1783296000,AAVE,89.01179990418505,123660424.91922411,1325186497.3863413
1783296000,ADA,0.18940058414959918,534459340.12901706,7057723471.570969
1783296000,AVAX,6.9176077045014255,144508241.33433858,2986829045.2271714
1783296000,BCH,244.0183639487052,173124128.03793555,4894391446.665561
1783296000,BTC,63586.102141021256,18666512398.727943,1275068261445.5964
1783296000,DOGE,0.07779877015780257,552189126.1167961,13277272950.246967
1783296000,DOT,0.8802652385968855,61434467.32530596,1489338063.6111326
1783296000,ETH,1784.2622991817525,10890625673.403336,215330521708.11813
1783296000,HBAR,0.07622805631226667,53110597.23012804,3338019390.301991
1783296000,LINK,8.053986233764267,129877261.02613117,6025186863.28147
1783296000,LTC,45.761400756356785,236044295.41539255,3539749200.344159
1783296000,SHIB,4.413607367458447e-06,60132367.120563515,2600687700.8749433
1783296000,SOL,81.51563065259701,1690405895.2732563,47371157650.909485
1783296000,XLM,0.2032241672899238,185616417.5179577,6911799570.50812
1783296000,XRP,1.1564208702117225,1270570254.583816,71977379775.56868
1783296000,XTZ,0.2536091365103258,25906271.659297317,276372247.6676848
1783382400,AAVE,94.14200666111914,266130672.62761572,1401563794.8952932
1783382400,ADA,0.1839794936755643,467162441.0404933,6855714815.410301
1783382400,AVAX,6.923245930947344,176678255.70558667,2989263473.3172865
1783382400,BCH,241.81259178563846,152062813.3393089,4850255026.779063
1783382400,BTC,64001.23542391328,36365921502.667404,1283414917919.9055
1783382400,DOGE,0.07659421697853885,761543121.7115991,11869285453.443615
1783382400,DOT,0.8845586632437283,94971938.73903374,1496738528.6202185
1783382400,ETH,1798.557105022033,16362634630.524921,217055626708.547
1783382400,HBAR,0.07327338398365112,59910867.03426912,3208634567.964609
1783382400,LINK,8.015057887651674,199354526.37120888,5996064568.70595
1783382400,LTC,44.8030411995105,253644715.3768965,3465757342.997927
1783382400,SHIB,4.3932244790981534e-06,68493604.72167599,2588677209.298757
1783382400,SOL,81.88843062284806,2617314582.434274,47597380143.591705
1783382400,XLM,0.19994461460006258,662271991.3014833,6811366269.90729
1783382400,XRP,1.1441118072110117,1709872551.241296,71211245122.42865
1783382400,XTZ,0.24890713397463948,13407234.059192367,271271779.81848
1783468800,AAVE,90.02136739547826,213516304.39489293,1340216697.9788706
1783468800,ADA,0.1746031825074184,316889161.80612034,6506320901.419481
1783468800,AVAX,6.68685095034404,155141054.24820346,2887194748.929749
1783468800,BCH,239.4348823456482,106548509.5034461,4802672388.722461
1783468800,BTC,63335.30929080668,31452448064.454205,1270088861350.0464
1783468800,DOGE,0.07418885156046139,594537264.3221581,11497556477.33468
1783468800,DOT,0.8509730352713482,92262684.97218017,1440038361.3186438
1783468800,ETH,1771.2223954004269,9863305816.642056,213756723632.7925
1783468800,HBAR,0.07091396778969226,60417665.85587565,3105315955.5679865
1783468800,LINK,7.861918260292056,149864425.17411077,5881500818.007342
1783468800,LTC,43.90328033907691,196657326.17749634,3396351622.981995
1783468800,SHIB,4.377024501867392e-06,62936816.439236045,2579131475.5192685
1783468800,SOL,80.58601402999597,2163625524.631806,46877949813.676575
1783468800,XLM,0.1887107746045969,190866405.76562178,6440006598.095579
1783468800,XRP,1.1120051240230528,1348002962.005787,69463072197.541
1783468800,XTZ,0.2547727633870294,18977491.596493304,277688939.3774919
1783555200,AAVE,88.22401283149152,209552186.51242653,1313458110.8951938
1783555200,ADA,0.1669559578899136,318081760.6460979,6222424490.816694
1783555200,AVAX,6.468295789482833,171631438.26775613,2792828758.499305
1783555200,BCH,235.2030997229835,116029007.01113191,4717894117.444385
1783555200,BTC,62247.1304822092,27882580909.181175,1248292438971.084
1783555200,DOGE,0.0723677524824064,590716171.0909889,11216352234.3301
1783555200,DOT,0.8263608464233846,91620360.77989158,1398511137.7722511
1783555200,ETH,1742.2494536901065,10424310698.384363,210260122320.1991
1783555200,HBAR,0.06931500932879439,49854645.583112046,3035297715.5201926
1783555200,LINK,7.634880418843451,173146330.37223056,5711653815.534311
1783555200,LTC,43.626104295223705,254857487.65049398,3375053289.4667206
1783555200,SHIB,4.2867066907776655e-06,71189577.70325942,2525911815.84164
1783555200,SOL,77.78886312209272,2347806059.4267416,45259937301.13004
1783555200,XLM,0.18112539616926127,217123778.44258612,6182732066.079672
1783555200,XRP,1.0901740623941096,1523820196.186068,68099362105.4562
1783555200,XTZ,0.24136737069340394,17203209.72468899,263100740.06133437
1783641600,AAVE,91.27266706411243,212564267.4027677,1460362673.0257988
1783641600,ADA,0.166466925337032,284408367.5867457,6204198318.044451
1783641600,AVAX,6.676908685574493,170986370.48296773,2882901957.771659
1783641600,BCH,237.70364637897944,90647786.82953088,4768152387.117687
1783641600,BTC,63192.8789720319,26707343178.318974,1267284402881.5332
1783641600,DOGE,0.07285131176568999,406475827.05625606,11292248108.042778
1783641600,DOT,0.8256609401255779,62210211.851349264,1397458342.4585843
1783641600,ETH,1744.6953884606253,7463353201.529596,210555249028.31128
1783641600,HBAR,0.06987663735683808,51752898.19691751,3059891353.8554907
1783641600,LINK,7.729156725834038,144235827.77242124,5782181918.005736
1783641600,LTC,43.770122540221486,164022759.29238695,3386353936.6846213
1783641600,SHIB,4.2826790957824236e-06,49343686.27093247,2523538579.757049
1783641600,SOL,77.99219264415099,1631018066.1333897,45378842482.56204
1783641600,XLM,0.18623867357365512,831413157.6980795,6358950164.57122
1783641600,XRP,1.0927141951064325,873960769.6370426,68258035314.93663
1783641600,XTZ,0.2354217199120694,9509343.502561433,256642490.86532578
1783728000,AAVE,95.69107762521104,248088810.70667246,1531057242.0033765
1783728000,ADA,0.16663024798781856,307706633.44566524,6210285329.7031145
1783728000,AVAX,6.7365697779224725,104504233.60229048,2908661944.620721
1783728000,BCH,245.05256846078538,120448100.63702689,4915684811.173207
1783728000,BTC,64110.97482196822,27782860991.65925,1285721301995.1152
1783728000,DOGE,0.07406742095160061,435979527.4030169,11481706903.782015
1783728000,DOT,0.8762933350812733,125424436.89284657,1483289084.7916303
1783728000,ETH,1795.2394655119474,8967123815.261372,216655030211.1195
1783728000,HBAR,0.0702956194081892,40616483.17888894,3078238538.3533287
1783728000,LINK,7.962346537088011,155184006.0490023,5956631208.908218
1783728000,LTC,44.74811811179212,169244084.92694476,3462176333.0499787
1783728000,SHIB,4.39128834517506e-06,49132382.27091032,2587535805.9555836
1783728000,SOL,78.06878587097549,1914269300.4583545,45432531655.03275
1783728000,XLM,0.19050167241218627,201649538.51513445,6504714345.451757
1783728000,XRP,1.104005366846566,992775180.4444014,68963355336.25288
1783728000,XTZ,0.23592068169527913,8955308.971181268,257209173.22948438
1783814400,AAVE,98.08650576980592,237085945.017224,1569384092.3168948
1783814400,ADA,0.16562641420985583,240714373.57988515,6172872589.459229
1783814400,AVAX,6.54613520088115,100436508.4849849,2826437633.815636
1783814400,BCH,243.94028255081096,87896578.02888235,4893483207.68091
1783814400,BTC,63791.35305345348,14235365169.719538,1279338966428.7214
1783814400,DOGE,0.07317772507372639,371420109.59514505,11344888808.997723
1783814400,DOT,0.8536283963992464,62679731.06371775,1445055737.0666006
1783814400,ETH,1787.9485944322748,6693222695.327211,215775095411.18936
1783814400,HBAR,0.06846138800393721,97995191.64488596,2997917718.3252764
1783814400,LINK,7.910834492864834,128602731.79587717,5918095050.1483345
1783814400,LTC,44.61716376136922,142526711.66174474,3452236206.8052483
1783814400,SHIB,4.3026449581068955e-06,41967035.72582992,2535303246.226849
1783814400,SOL,76.71562325891836,1308043425.3729627,44660479258.80964
1783814400,XLM,0.1863264016838741,105591867.57218339,6362147528.123329
1783814400,XRP,1.096197339470673,633226329.9235072,68475615165.26354
1783814400,XTZ,0.2310209963970252,8528032.067348078,251889076.8934975
1783900800,AAVE,96.9060926202664,168784421.73451963,1550497481.9242625
1783900800,ADA,0.16198969653683382,203439522.777454,6037332645.866925
1783900800,AVAX,6.402352038601964,152446068.22802868,2764356095.8540907
1783900800,BCH,240.13934869275553,88160467.23629117,4817332639.648496
1783900800,BTC,63746.65595793199,19015013213.72812,1278471632284.2085
1783900800,DOGE,0.07269192224016949,356677268.4585009,11270567524.439562
1783900800,DOT,0.8438436475198493,64794545.34741581,1428620271.0620732
1783900800,ETH,1805.4862853704624,6029403660.551113,217891552265.4176
1783900800,HBAR,0.06754596110453766,49216765.49843881,2957831260.3463883
1783900800,LINK,7.991922487818149,127963078.57687572,5978756976.774722
1783900800,LTC,43.97988183844549,134641709.6692151,3403199984.1344075
1783900800,SHIB,4.2310003362660354e-06,40716037.06513181,2493087121.498086
1783900800,SOL,76.86985248774823,1265493143.236287,44759250763.392586
1783900800,XLM,0.18637334960194404,106013977.63741635,6363749229.571448
1783900800,XRP,1.0854933916295033,690066150.4337656,67806976967.8064
1783900800,XTZ,0.22683571092101418,7891745.528394909,247346980.62789038
1783987200,AAVE,94.49931788404983,192380310.93985096,1511989086.1447973
1783987200,ADA,0.15737758682859052,241733455.8172409,5867244446.161118
1783987200,AVAX,6.446276196924894,196910693.7487278,2783321315.8362403
1783987200,BCH,236.26785163586507,97346941.34139279,4739745720.463827
1783987200,BTC,62278.96301585648,31361911542.918644,1249064515645.423
1783987200,DOGE,0.0719235931363791,414083877.1868106,11152241936.13199
1783987200,DOT,0.8359897024796956,93020700.78235112,1415451024.103562
1783987200,ETH,1774.0909253483635,10937935597.693302,214102634317.62497
1783987200,HBAR,0.06654066141035633,50367152.31679418,2913809281.6553197
1783987200,LINK,7.881328095065449,176047734.1387459,5896021314.82727
1783987200,LTC,43.52220714575467,185942537.8574788,3367809215.4890924
1783987200,SHIB,4.152545093081283e-06,56381327.24079597,2446857896.265864
1783987200,SOL,74.93128320593416,1783620278.6555724,43630417252.56394
1783987200,XLM,0.1806182621016152,157072918.4544016,6172855002.711354
1783987200,XRP,1.0664910722139291,1119722818.7992048,66619968511.66785
1783987200,XTZ,0.22021791203774904,8348815.801025929,240150808.79127115
1784073600,AAVE,98.87193303555618,218607216.85926676,1581950928.568899
1784073600,ADA,0.16541385645430126,308637510.5981595,6166847199.510357
1784073600,AVAX,6.702168700298086,155290648.8848797,2893808523.86823
1784073600,BCH,236.60584629660568,102122619.89740734,4746644500.441695
1784073600,BTC,64983.51907427709,32016409409.06845,1303338246252.6511
1784073600,DOGE,0.0744140593834015,546741368.7690488,11539499540.56997
1784073600,DOT,0.8519378599412882,104228691.49024421,1442584197.2634287
1784073600,ETH,1890.3093923843837,13672614153.992453,228128182150.20947
1784073600,HBAR,0.06733182404472861,62255832.387682796,2948454218.7278485
1784073600,LINK,8.338654694958581,208597314.8573526,6238147330.681834
1784073600,LTC,45.38634324199731,224249457.83273202,3512226318.1283493
1784073600,SHIB,4.221194289584989e-06,53496452.06744096,2487308927.562814
1784073600,SOL,77.80864772344317,1989092377.0496368,45316534903.23006
1784073600,XLM,0.18440605894310708,152832982.35330915,6302474165.119588
1784073600,XRP,1.111116761569743,1250577906.30019,69407579301.06172
1784073600,XTZ,0.2318814337710653,11276518.919035321,252891373.4858245
1784160000,AAVE,95.74009491889744,194932080.25696886,1531841518.702359
1784160000,ADA,0.16501555735602033,297396566.8953283,6151998082.686339
1784160000,AVAX,6.6952965367219575,139374986.1909108,2890841316.3234344
1784160000,BCH,223.05977208301127,122333619.9632193,4474972147.780449
1784160000,BTC,64717.168891130066,28397592354.339935,1298025137560.8176
1784160000,DOGE,0.07403961001624809,570833995.2548248,11482534826.2826
1784160000,DOT,0.8467511505848949,95283096.38717367,1433931116.7664902
1784160000,ETH,1916.7586464879018,11778781495.282999,231320074235.7647
1784160000,HBAR,0.06791393169380215,48987276.65877071,2973944657.7307844
1784160000,LINK,8.534679934473065,242351038.8073501,6384793806.56515
1784160000,LTC,45.13634125076721,301987449.7701508,3493043228.955349
1784160000,SHIB,4.234047254793733e-06,49610410.68517853,2494882429.216919
1784160000,SOL,77.23864761387213,1999993344.3857157,44984526776.86344
1784160000,XLM,0.18834226246864486,208067362.740782,6438835499.257507
1784160000,XRP,1.1127284157422908,1146435196.149918,69508253702.39912
1784160000,XTZ,0.2274337527748618,8942787.6974625,248061734.45928028
1784246400,AAVE,91.13383730937959,185985505.98518476,1458141396.9500735
1784246400,ADA,0.1607095307055631,239717688.70303553,5991463717.793364
1784246400,AVAX,6.508104279616282,129025351.71082507,2810016948.3557277
1784246400,BCH,221.78254200616047,162741830.94408652,4449456087.371596
1784246400,BTC,63792.28742743447,27825917044.490063,1279500217318.545
1784246400,DOGE,0.07234412521791075,433729233.68109,11220582240.975306
1784246400,DOT,0.8579545935500389,96680678.49652326,1453034685.1232529
1784246400,ETH,1863.0065007127855,10783158385.916962,224833051309.7742
1784246400,HBAR,0.06650409119146153,50323638.10688867,2912287058.3103876
1784246400,LINK,8.334568734180476,213080999.38085482,6235090623.544577
1784246400,LTC,44.91106220471686,261204739.73473582,3475774222.681298
1784246400,SHIB,4.114708380703435e-06,45507380.712095276,2424562818.0162854
1784246400,SOL,75.26924720120745,1729323923.3697355,43845679077.281105
1784246400,XLM,0.1849706064391984,205554879.75458485,6323759747.818457
1784246400,XRP,1.0863798740753594,1033182124.7603062,67862352426.79311
1784246400,XTZ,0.22071822881105954,11035080.064698435,240757862.0687118
1784332800,AAVE,89.95682270344092,174585912.6190315,1439309163.2550547
1784332800,ADA,0.16674088360685174,356721673.87967736,6216320525.716502
1784332800,AVAX,6.583524394432181,136287636.67126596,2842581239.241999
1784332800,BCH,219.78783596856704,140667302.9124279,4409534646.623719
1784332800,BTC,63904.954014943025,28871351366.178684,1281784159472.132
1784332800,DOGE,0.07252401895653499,431615772.59839696,11249247458.69223
1784332800,DOT,0.8489509941326506,109630480.5198251,1437916274.2405233
1784332800,ETH,1840.7681193183653,10022919662.432865,222149185555.00424
1784332800,HBAR,0.0658916508220287,46948916.26872359,2885467623.16942
1784332800,LINK,8.250502225683649,220932994.1245998,6172200471.024377
1784332800,LTC,45.13543138101556,283841186.4491877,3493413168.9188786
1784332800,SHIB,4.144223779394562e-06,53883260.23991911,2441954543.873236
1784332800,SOL,75.00200273777084,1610029431.7482316,43689926142.810616
1784332800,XLM,0.1854883222135024,138746254.63583964,6335754774.397523
1784332800,XRP,1.0885135568085882,1008788777.7315315,67995636127.149376
1784332800,XTZ,0.2236005913126534,12564691.422745604,243922036.216584
1784419200,AAVE,89.9129364614221,152569709.62929153,1438606983.3827536
1784419200,ADA,0.1666338307486647,236053086.59684005,6213389651.137395
1784419200,AVAX,6.567658107086493,124640734.57772467,2835730621.23815
1784419200,BCH,220.07829081716076,68974046.0085749,4415442417.578977
1784419200,BTC,64795.70382303786,15451966881.20787,1299683566530.6624
1784419200,DOGE,0.07249010990297494,273085083.9381755,11245047608.883055
1784419200,DOT,0.8378454325054489,61379397.012603626,1419234355.3419774
1784419200,ETH,1862.32234801627,4987957002.308284,224750368580.7533
1784419200,HBAR,0.06708479228618623,34098856.65150109,2937716595.887818
1784419200,LINK,8.344843047570384,144713852.8532214,6242776837.087703
1784419200,LTC,46.98304320859264,294210940.4406144,3636473338.8262267
1784419200,SHIB,4.143678935322457e-06,42401261.727525204,2441633468.951906
1784419200,SOL,75.48105541148355,922299097.9510707,43977792651.52891
1784419200,XLM,0.18769768573944412,89762916.2819352,6411218989.641721
1784419200,XRP,1.0922463620697758,628234919.0261549,68228811420.81992
1784419200,XTZ,0.22527392976150026,8818403.734802205,245767754.97210038
1784505600,AAVE,89.48708248478194,115124153.8285216,1379566318.5371537
1784505600,ADA,0.1660457103945205,165055801.68158737,6191460005.124669
1784505600,AVAX,6.459114047764834,175576544.0893574,2788864339.870702
1784505600,BCH,215.10311008791382,70667565.63408914,4315719882.623682
1784505600,BTC,64670.40117470696,16372745607.748148,1297204952087.9087
1784505600,DOGE,0.0723594411027145,293006548.0679386,11225847048.974113
1784505600,DOT,0.8187113845232996,78476382.3739498,1386948697.9250028
1784505600,ETH,1870.8170349782704,6954436039.274067,225775502701.29886
1784505600,HBAR,0.06650902876859233,34674040.67907408,2912503280.2946677
1784505600,LINK,8.378905469087426,123642930.95141084,6268258933.617202
1784505600,LTC,47.035026360855895,219143900.80558616,3640644979.738341
1784505600,SHIB,4.1445636706220185e-06,38219829.79604124,2442154781.039613
1784505600,SOL,76.311803624947,1278086721.6860094,44461747413.47417
1784505600,XLM,0.18800830598287585,109025344.39660403,6421827463.368295
1784505600,XRP,1.0968034898967796,661262984.2836158,68513479263.1005
1784505600,XTZ,0.22321307925237688,10085952.157710696,243540309.67666584
1784592000,AAVE,89.76685275168255,164462423.49745867,1383883605.6722877
1784592000,ADA,0.16958177336436725,369056511.35637337,6323311604.31016
1784592000,AVAX,6.572773903993817,241554037.4635972,2837939478.9018097
1784592000,BCH,219.8239553775225,102594196.66965231,4410543696.2768135
1784592000,BTC,65184.92144270268,32520098295.98486,1307555290285.9756
1784592000,DOGE,0.07210677455081545,599030739.9063891,11187458828.538834
1784592000,DOT,0.8257848761553838,99701299.81165004,1399057851.557241
1784592000,ETH,1901.7735152870935,11562172058.259706,229511401059.90768
1784592000,HBAR,0.06664691103758472,44752766.43662895,2918541296.0271573
1784592000,LINK,8.5813178471838,216085990.52622706,6419683627.684731
1784592000,LTC,47.30176770207581,310239932.76447874,3661503490.869465
1784592000,SHIB,4.241580344464021e-06,59651104.2356528,2499321103.489687
1784592000,SOL,77.74886056354681,2112385884.318784,45308077986.08869
1784592000,XLM,0.1883739087758557,146488264.1343134,6436197676.178217
1784592000,XRP,1.1112396193859457,1209500140.076105,69415253799.2925
1784592000,XTZ,0.2278157461861557,10154242.912359918,248582994.29033375
1784678400,AAVE,95.56901273682537,210704974.94747922,1473424884.9057248
1784678400,ADA,0.17354322555782004,383630120.93146884,6471024982.5100565
1784678400,AVAX,6.564159720492652,152859475.72812542,2834220115.9975715
1784678400,BCH,223.75094705074855,93551142.3419379,4489444560.979873
1784678400,BTC,66520.98164575922,30875118859.101532,1334382819959.6755
1784678400,DOGE,0.0733086983531013,495671598.9558672,11375100062.380596
1784678400,DOT,0.846357247459139,104710315.23711711,1434041930.7913573
1784678400,ETH,1928.6558956703082,11705227603.004368,232755599657.75903
1784678400,HBAR,0.06951332636846937,69990630.88300797,3044064765.696317
1784678400,LINK,8.650284794419546,224809026.09485698,6471277798.872086
1784678400,LTC,46.82353477239541,225756526.44746664,3624645713.4685035
1784678400,SHIB,4.262958439770196e-06,46233691.20041442,2511917904.9776096
1784678400,SOL,78.08824475788602,1539454721.505869,45505856670.67133
1784678400,XLM,0.19201551556454813,168178560.9499356,6561153809.262086
1784678400,XRP,1.1424327821391576,1460696536.4892385,71363781615.92427
1784678400,XTZ,0.2284871484454604,10198709.96152495,249336939.17310953
1784764800,AAVE,97.37989153603958,276540171.2123773,1501348895.9437535
1784764800,ADA,0.1743814837148952,268628359.0032368,6502281687.914664
1784764800,AVAX,6.620291321188178,118313138.63861485,2858456167.3138947
1784764800,BCH,219.92450756942446,76020098.1891943,4412771476.369753
1784764800,BTC,66077.05646514206,28939202566.320488,1325502184529.7004
1784764800,DOGE,0.07295928454916549,478919106.5068585,11321947732.05949
1784764800,DOT,0.834874255581689,78391514.18238142,1414713065.7230868
1784764800,ETH,1933.4132583162384,10248156689.026426,233329678635.40228
1784764800,HBAR,0.07278107998468711,83726423.05776317,3187163278.8382497
1784764800,LINK,8.625619417665229,186550054.4207783,6452825631.251662
1784764800,LTC,47.10678484616303,197972694.38960356,3646733365.441848
1784764800,SHIB,4.251203104522009e-06,43617233.839008465,2504991142.7592726
1784764800,SOL,77.93926390412061,1650751334.383584,45428158754.7264
1784764800,XLM,0.18741291578763097,151368019.00804606,6404659425.365587
1784764800,XRP,1.141418837576549,1037341494.8986783,71300444044.14946
1784764800,XTZ,0.2275551889301427,6200375.643411445,248341430.11775428
1784851200,AAVE,94.92358860630384,157858069.0551621,1463488243.4208064
1784851200,ADA,0.16841717941979198,223850132.24394292,6282000230.81498
1784851200,AVAX,6.262487236515561,145018170.77937913,2703966395.9575815
1784851200,BCH,211.83529079121874,87467387.1617683,4250555188.0521226
1784851200,BTC,65052.47667067735,25573855466.75085,1304974799855.8557
1784851200,DOGE,0.06916782838228785,726938671.6853594,10734508484.119032
1784851200,DOT,0.814794419638655,68092802.1487139,1380812388.2888832
1784851200,ETH,1877.460607698635,9329058790.648285,226577108826.6929
1784851200,HBAR,0.0711303557988192,67381475.36774878,3114876257.151919
1784851200,LINK,8.465340798973486,154998860.13191733,6332921201.348628
1784851200,LTC,46.92863736643428,252861513.39289212,3633111753.7577853
1784851200,SHIB,4.1355497009585464e-06,52171859.25767923,2436843184.031375
1784851200,SOL,75.85134810030104,1541306083.9436622,44211112415.46874
1784851200,XLM,0.18223636062066378,136449734.46984276,6227899826.081733
1784851200,XRP,1.107222681879862,1014935515.9053533,69164329757.694
1784851200,XTZ,0.23504008826834777,7917080.878741899,256532139.93895352
1784937600,AAVE,93.05559003753581,149687263.39427727,1434689774.8233833
1784937600,ADA,0.16381918738316842,196238626.98024794,6110494051.131506
1784937600,AVAX,6.299250087586633,168430209.9728647,2719839564.2630043
1784937600,BCH,210.7166795551781,78387340.44002374,4228217164.550349
1784937600,BTC,64092.64739795451,26949656279.25039,1285752729182.6663
1784937600,DOGE,0.06951337265461949,577170540.0719624,10789080646.091919
1784937600,DOT,0.8080674914419935,77115279.19049674,1369535655.7488828
1784937600,ETH,1860.4425012275274,8648456718.721657,224523247342.9193
1784937600,HBAR,0.07078449724048985,45233524.42709682,3099730731.7592554
1784937600,LINK,8.334763458130993,149322630.92626855,6235236296.526199
1784937600,LTC,46.32329146594182,226586305.54277217,3586367937.7295895
1784937600,SHIB,4.1818491172606165e-06,53080890.96409901,2464124760.8178587
1784937600,SOL,73.90776692044658,1587849189.404116,43078056552.33285
1784937600,XLM,0.1778165462199591,146583748.62489718,6080559061.913732
1784937600,XRP,1.0912834733115033,1001688218.8470391,68241526216.58522
1784937600,XTZ,0.22817995313992964,8600984.043051463,249066054.58822033
1785024000,AAVE,91.94827938580329,123064304.32129458,1417624665.334464
1785024000,ADA,0.1647003197135557,144119832.395901,6143360493.390786
1785024000,AVAX,6.7720596437513105,253379515.45536512,2923985473.591554
1785024000,BCH,209.66361130528298,70834840.5849462,4207171591.4690585
1785024000,BTC,64318.24520120312,14475620140.07091,1290305361316.3142
1785024000,DOGE,0.07168430264037445,601767333.8754058,11127014256.834873
1785024000,DOT,0.8137191155396358,45319240.293704145,1379238903.0673254
1785024000,ETH,1874.4572768280736,4560080660.27285,226214537314.7256
1785024000,HBAR,0.07090100455243155,33033764.12705328,3104832714.6946874
1785024000,LINK,8.378350563606428,112017165.28748313,6267843808.843279
1785024000,LTC,46.50367729087013,160585514.70757008,3600543038.770277
1785024000,SHIB,4.896671157459057e-06,297081920.34156734,2885328524.917723
1785024000,SOL,74.47711500496659,930447471.033939,43418591267.13314
1785024000,XLM,0.17815727227906747,72280590.54701294,6092209261.13352
1785024000,XRP,1.0973556934181352,610399090.2647156,68621242007.88385
1785024000,XTZ,0.22398956579964027,4311789.509260842,244512908.13848296
1785110400,AAVE,101.39107310110445,290992904.74411434,1563216113.7644725
1785110400,ADA,0.16586945069709486,140846618.17841473,6186969352.853628
1785110400,AVAX,6.735624859425923,148808312.9735687,2908253955.308313
1785110400,BCH,216.86517671730408,76641622.40479085,4351775873.960729
1785110400,BTC,65343.824510845894,14859985103.945753,1310910033816.3235
1785110400,DOGE,0.07331531396455922,531350396.4371066,11381175813.472527
1785110400,DOT,0.8270692168677695,53854580.10202843,1401993558.2451005
1785110400,ETH,1952.9020070235085,6005093960.158514,235681418276.19308
1785110400,HBAR,0.07019765460756433,31477253.72792831,3074032249.584271
1785110400,LINK,8.816973553839162,172998923.49540773,6595977654.864061
1785110400,LTC,47.796451358473306,225294446.34835202,3700807126.359486
1785110400,SHIB,5.311678260317983e-06,526534973.97988814,3129866168.6370015
1785110400,SOL,76.69020217092319,1069305751.8836575,44708717154.84808
1785110400,XLM,0.1823608951585835,99328147.0767365,6235954086.073366
1785110400,XRP,1.1119804109391629,597506774.6683857,69535773445.89133
1785110400,XTZ,0.22323275996460615,5841940.015077908,243707517.24781877
1785196800,AAVE,97.89647095782284,248529557.28234962,1509355730.4852536
1785196800,ADA,0.15544156720749003,266299414.68809867,5798006856.781147
1785196800,AVAX,6.4015598103793545,164776850.99244767,2764014033.9207144
1785196800,BCH,211.65825465319938,108247555.71182802,4247377261.5571885
1785196800,BTC,63701.35288114535,25830118462.162563,1277986670016.6462
1785196800,DOGE,0.07032309215808963,492444211.26160514,10917501576.277025
1785196800,DOT,0.7581329374793163,90443094.46068574,1285253778.7566218
1785196800,ETH,1890.4523208978708,11880592085.099258,228144769040.5725
1785196800,HBAR,0.06809238993916568,40205799.954595394,2981840401.873126
1785196800,LINK,8.372250656520407,226742519.28029087,6263280468.532632
1785196800,LTC,46.00742794116941,199256600.8690958,3562429228.1297927
1785196800,SHIB,4.831554254455834e-06,214911568.17378113,2846947996.5775504
1785196800,SOL,74.14305915534644,1747866798.3937674,43232391883.646835
1785196800,XLM,0.17183421812604271,161786290.9379014,5878080704.962079
1785196800,XRP,1.0651155264803904,1156616425.6920612,66605158880.89126
1785196800,XTZ,0.2071084601644305,7732998.075534873,226123418.14225173
1785283200,AAVE,100.79219595328148,259658186.6303698,1554068120.136896
1785283200,ADA,0.16179908206699237,315875845.5234588,6041465989.428089
1785283200,AVAX,6.568806297647335,150719865.37341163,2836226377.72841
1785283200,BCH,214.1226308532982,86429571.50906219,4296924608.249354
1785283200,BTC,63881.94327943538,24427415031.02056,1281635447724.1555
1785283200,DOGE,0.0708317479970683,506349112.7247243,10997407769.62434
1785283200,DOT,0.7608308810464616,101016593.4126307,1289944146.811351
1785283200,ETH,1920.4888660862466,10140108111.11028,231769590224.5733
1785283200,HBAR,0.0683708037340389,47436832.96271345,2994032447.1858687
1785283200,LINK,8.440619659190784,199213737.18784454,6314427317.408319
1785283200,LTC,46.16767761206305,183544402.3520345,3574996897.1533957
1785283200,SHIB,4.630934857031283e-06,129260551.90177126,2728732549.4821043
1785283200,SOL,73.77225682424617,1787192244.872714,43015882415.3651
1785283200,XLM,0.1740101437609012,126648573.75672254,5955487719.026469
1785283200,XRP,1.0680196954265415,1201503586.5613673,66786766067.40419
1785283200,XTZ,0.20689909310605184,7916361.623327612,225913875.12043712
1785369600,AAVE,95.97174614738235,322961352.9587135,1479747160.5641243
1785369600,ADA,0.16199689974014272,339098411.2129953,6048852364.734909
1785369600,AVAX,6.422410079438582,176108360.1723302,2773016595.4834895
1785369600,BCH,211.17139041647937,81442167.98447433,4237785461.3217244
1785369600,BTC,63916.59794922001,28201903973.511047,1282357106740.2524
1785369600,DOGE,0.07007364490120126,511961232.43491006,10880667440.215847
1785369600,DOT,0.7629270173254528,87689050.33388273,1293614563.527681
1785369600,ETH,1908.7417326276595,10381004662.332052,230351833088.13193
1785369600,HBAR,0.06785030851157862,34340130.4318709,2971239390.821934
1785369600,LINK,8.324433011710834,205324834.77265674,6227508089.864802
1785369600,LTC,45.40058934880616,238222041.69411144,3515748612.488152
1785369600,SHIB,4.638791847714649e-06,147172768.26247764,2733361460.716305
1785369600,SOL,73.61124492942123,1773230984.6181424,42664164866.506294
1785369600,XLM,0.171803665043043,107962634.17951259,5880320570.218432
1785369600,XRP,1.0726215890261952,1317525505.9457545,67074537531.37931
1785369600,XTZ,0.20400377339905965,7045760.537997785,222770881.36673915
1785456000,AAVE,99.43447724028134,269927798.6296375,1533160175.0669267
1785456000,ADA,0.16966733058539551,369857000.72199214,6335260955.462684
1785456000,AVAX,6.430983047810448,120536373.64865841,2776718162.8505206
1785456000,BCH,216.78732611373883,89515279.96074423,4350603883.773102
1785456000,BTC,64743.33714554026,26380169353.78833,1298974060219.3184
1785456000,DOGE,0.07056192147492509,430327818.33638525,10957614157.728727
1785456000,DOT,0.7679599971348646,66265223.59868823,1302251259.9745018
1785456000,ETH,1917.5713635462077,7233808983.066724,231417322457.43652
1785456000,HBAR,0.06834173703731912,32915297.26154725,2992759584.7160316
1785456000,LINK,8.448103949823558,176317991.7890034,6320026315.009349
1785456000,LTC,45.53985599598579,190294698.2548702,3526676648.51075
1785456000,SHIB,4.716881279265134e-06,81863952.81543496,2779374869.082312
1785456000,SOL,74.46304923578987,1395192977.7453763,43157802900.53979
1785456000,XLM,0.17192494424310306,86951124.3046435,5884838923.838779
1785456000,XRP,1.0821017378210545,981721241.1761746,67667362254.142105
1785456000,XTZ,0.2054064032749645,6390201.979972904,224321553.87069154
1785542400,AAVE,93.6548582567059,260082335.06979513,1444344745.0921807
1785542400,ADA,0.16804792446428854,311005021.89909816,6274793449.22746
1785542400,AVAX,6.3783894194487605,142252707.71550643,2754009708.7873693
1785542400,BCH,209.80226882713478,90680893.54265228,4210576784.504434
1785542400,BTC,62820.08613814001,29578746588.718693,1260419444191.851
1785542400,DOGE,0.06953265012939037,498407681.5715999,10798720694.692326
1785542400,DOT,0.7582435081413741,79087488.89797771,1285905882.9166033
1785542400,ETH,1860.5923268286904,8983553463.1014,224540624044.67694
1785542400,HBAR,0.06868778055637129,37302112.98314682,3007913209.7894707
1785542400,LINK,8.163687259142616,195886096.5062053,6107254197.122593
1785542400,LTC,44.25759891113634,178154746.6779161,3427548735.095877
1785542400,SHIB,4.707740076030021e-06,109905277.88137168,2773988506.9840055
1785542400,SOL,72.79498313468054,1530803803.6779802,42199449530.87055
1785542400,XLM,0.17203658050580242,127730004.12950851,5894734097.744014
1785542400,XRP,1.060602597938289,1076036179.213201,66322950693.05454
1785542400,XTZ,0.20124239571654248,6594350.815962055,219792744.63073775
1785628800,AAVE,90.56920676767379,290136029.8852605,1396761805.9865
1785628800,ADA,0.17429825682930677,304017781.8866246,6508176543.392632
1785628800,AVAX,6.186861556497119,138181493.72219697,2671313347.7806587
1785628800,BCH,207.92968210645654,59272213.83364924,4173030438.380514
1785628800,BTC,62772.57726413174,13867068846.899143,1259498179475.967
1785628800,DOGE,0.06908986410078095,388175737.123248,10730890280.873447
1785628800,DOT,0.7806614811598963,68552531.29952827,1324043495.3666396
1785628800,ETH,1843.443563411847,4357579694.724913,222470943765.64313
1785628800,HBAR,0.06901671805146592,39055706.23571215,3022317743.3189917
1785628800,LINK,8.061001591420974,139745263.60308054,6030435052.136973
1785628800,LTC,44.19505674520219,155186006.23516366,3422865061.472819
1785628800,SHIB,4.814322580073083e-06,180645291.99933445,2836791175.883762
1785628800,SOL,71.89412540165443,1152699492.7220883,41776118382.13836
1785628800,XLM,0.17085612570623882,74257944.1586575,5855139800.9835005
1785628800,XRP,1.059904049057053,582014062.5285059,66279268145.89036
1785628800,XTZ,0.19891814680133849,6314738.558853434,217272806.22550696
1785715200,AAVE,92.05702552089579,191560963.3383475,1419707490.1028545
1785715200,ADA,0.18937028461004396,655333711.3720802,7072470291.6404505
1785715200,AVAX,6.544190369119499,235813722.31979957,2825597909.9917483
1785715200,BCH,212.49063822724227,61136537.63689269,4264657869.7972546
1785715200,BTC,63504.41559755184,15928756965.753572,1274211082116.0454
1785715200,DOGE,0.07072675577814826,382321857.7388174,10985997328.264338
1785715200,DOT,0.7978828885413435,79739604.23498678,1353374309.8462188
1785715200,ETH,1882.9305589557664,5173055599.256301,227236303688.18417
1785715200,HBAR,0.06999555918758685,37772914.8704624,3065182269.7516785
1785715200,LINK,8.374211961339652,188925277.97380114,6264747720.609903
1785715200,LTC,44.64425066778274,137221067.82275966,3457830211.1392293
1785715200,SHIB,4.902942541303284e-06,99719827.43038337,2889009597.031017
1785715200,SOL,73.5466467652331,1055745990.3947438,42744839950.32771
1785715200,XLM,0.17405253097388507,108628759.20445271,5964677704.631268
1785715200,XRP,1.0855820463617203,812706136.669937,67884997334.602875
1785715200,XTZ,0.2001614297171057,5414286.837465584,218649287.00757983
1785801600,AAVE,92.30655854923482,183301509.53218615,1423564889.5248032
1785801600,ADA,0.19353789640592123,618582911.8505368,7228119371.822848
1785801600,AVAX,6.566187747569714,165563284.80260208,2835095761.225955
1785801600,BCH,213.0800227595802,71474782.74755393,4276573965.894308
1785801600,BTC,63465.19968911304,25488990096.917442,1273453221607.5356
1785801600,DOGE,0.07015519492997856,441269318.9847302,10898211498.715052
1785801600,DOT,0.8237834243588974,93173384.27298507,1397433439.9640558
1785801600,ETH,1858.5376969949996,6905850664.836938,224292495927.8464
1785801600,HBAR,0.07045469960642743,40713546.3649218,3085288532.1928287
1785801600,LINK,8.179499617997278,166428497.34002176,6119083422.314114
1785801600,LTC,44.247588982552635,161432300.7018185,3427281530.678761
1785801600,SHIB,4.980187865925467e-06,91549420.04862686,2934524232.009251
1785801600,SOL,73.48861779525183,1401915388.5730863,42711038749.872505
1785801600,XLM,0.1711975869491566,103921922.65475659,5868981530.427049
1785801600,XRP,1.0746193498375005,1015375745.766194,67199464051.493706
1785801600,XTZ,0.20341586456206948,8146547.376139205,222221746.23841256
1785888000,AAVE,90.41634479297744,170345821.63865033,1394414706.3939865
1785888000,ADA,0.19284826771433167,485745229.5831312,7202363596.868115
1785888000,AVAX,6.676991208613316,286813868.08170164,2882937588.905974
1785888000,BCH,213.21076923623204,69731204.2088142,4279301357.1802454
1785888000,BTC,64062.173729779366,22979346232.877865,1285462929668.2993
1785888000,DOGE,0.07002346382588914,379334564.6697512,10878715543.356571
1785888000,DOT,0.856633385186603,109906716.78215346,1453289625.3935473
1785888000,ETH,1868.621381582403,7025816689.849928,225509357776.2601
1785888000,HBAR,0.06934440537365615,51148903.25938576,3036667529.6091743
1785888000,LINK,8.14340732535387,174181654.0287333,6092082779.255013
1785888000,LTC,44.812660906810564,180605655.23325402,3471219144.1618776
1785888000,SHIB,4.9773676231730556e-06,80874905.63001613,2932862365.321051
1785888000,SOL,73.7132413282771,1405107740.5192373,42850053286.97023
1785888000,XLM,0.1685509719338237,114081326.17733033,5779886027.611092
1785888000,XRP,1.0729984465262679,919508794.1132715,67098103663.91963
1785888000,XTZ,0.19790101152776093,7491329.601087179,216204528.00416562
1785974400,AAVE,89.78177362451143,180619869.92438668,1384633968.1465733
1785974400,ADA,0.19112962098383537,413387903.5425684,7138176768.568787
1785974400,AVAX,6.655790764128219,170320168.67121485,2873783831.4128146
1785974400,BCH,214.45326259892664,89967448.73288657,4304338993.277119
1785974400,BTC,64608.705388357404,23456084571.954884,1296457212673.4585
1785974400,DOGE,0.06998849010723722,384032959.9467411,10874291325.28201
1785974400,DOT,0.841995438578789,96847134.21891074,1428585207.999829
1785974400,ETH,1907.4360439632449,8719148747.985065,230193525056.68658
1785974400,HBAR,0.06904633292106561,37021447.017599925,3023614610.17405
1785974400,LINK,8.153587762455743,141149968.02959955,6099698763.949837
1785974400,LTC,45.286068789607086,171687207.0564804,3508037386.3662434
1785974400,SHIB,4.9133103242354165e-06,64058520.06896705,2895117181.7319055
1785974400,SOL,73.98563070196333,1661480491.5740733,43008332005.53158
1785974400,XLM,0.16484874373019068,125819858.49216704,5654999545.846996
1785974400,XRP,1.0612634403442796,1015313433.8962331,66364275330.947754
1785974400,XTZ,0.19667623379457566,6915838.417405366,214884905.45172134
1786060800,AAVE,89.6379175266904,161289592.62952462,1382428563.9309688
1786060800,ADA,0.20101639901323548,746623340.8020785,7507421309.954806
1786060800,AVAX,6.43298799134348,196739710.35414264,2777583841.2518272
1786060800,BCH,212.57560847169864,65998879.60305755,4266733225.3297997
1786060800,BTC,64262.74830979173,18543020925.31411,1289540648880.6145
1786060800,DOGE,0.06901954790818378,374482565.26804453,10724689856.943947
1786060800,DOT,0.8205985612553154,83088595.3581241,1392407513.6274467
1786060800,ETH,1902.1622720657638,7041288910.521751,229557018282.317
1786060800,HBAR,0.06815961378505422,40126194.259143315,2984784207.168443
1786060800,LINK,8.184246030930785,168492488.08190292,6122634213.689294
1786060800,LTC,45.403914948092236,162223642.9579234,3517322858.1007795
1786060800,SHIB,4.680556436962425e-06,81647777.8302922,2757969345.1728954
1786060800,SOL,72.63053979307217,1434979784.3542812,42228941517.17326
1786060800,XLM,0.16123105576448285,133108404.19899246,5530967851.850197
1786060800,XRP,1.0338663628577867,1428219247.068218,64651046433.712685
1786060800,XTZ,0.2005906267007632,7132319.1333939275,219181453.86902016
1786147200,AAVE,89.86933659259826,150339697.2716754,1386007669.1688333
1786147200,ADA,0.2008036246515767,410947363.566261,7500722135.918375
1786147200,AVAX,6.430125744355595,139554756.36396292,2776348003.2564945
1786147200,BCH,214.65390527760366,62853260.99678191,4308547922.003735
1786147200,BTC,64879.7560855934,21708815799.29666,1301953613966.186
1786147200,DOGE,0.06960376238165819,416791976.87363136,10816393796.746508
1786147200,DOT,0.8179331026884398,73445192.40003076,1388010281.3802707
1786147200,ETH,1912.9851571036106,7937017648.61706,230863088055.06393
1786147200,HBAR,0.06802427154030773,36516180.5112784,2978857421.9209733
1786147200,LINK,8.18149643835447,148700943.20325208,6120577243.564273
1786147200,LTC,45.51532278045249,170422140.08195093,3526087602.7774467
1786147200,SHIB,4.624645599171925e-06,67926013.09906374,2725024435.792385
1786147200,SOL,73.61748637019244,1515326505.7161973,42849171264.52056
1786147200,XLM,0.16131174366866424,90044310.03506777,5551248216.934137
1786147200,XRP,1.0205863784917084,1562193664.467323,63820605559.790565
1786147200,XTZ,0.20156994833285885,6835431.275489245,220271467.59866518
1786233600,AAVE,91.19198380519849,108770885.29124871,1406410181.708138
1786233600,ADA,0.19935822217128538,198911094.64495805,7446731265.992376
1786233600,AVAX,6.476376888822229,116658299.01113355,2796317950.609544
1786233600,BCH,216.01286743614384,45526834.66345633,4335929734.9708185
1786233600,BTC,64917.23929330571,12399729091.279987,1302733775497.4954
1786233600,DOGE,0.07037971703152887,356179724.4344471,10937837549.049583
1786233600,DOT,0.8145915241301374,51415810.18032753,1382464318.9866507
1786233600,ETH,1915.447810935271,3398047722.2540674,231160234746.49893
1786233600,HBAR,0.06893366741060877,31738040.011680946,3018680863.9282866
1786233600,LINK,8.300855396756871,127498822.32212922,6209869676.815054
1786233600,LTC,45.97973969332817,120642708.08618493,3562215574.1455846
1786233600,SHIB,4.621520137537815e-06,50163758.50052618,2723182777.8508487
1786233600,SOL,75.95980019087798,1411313618.6806538,44221246388.37914
1786233600,XLM,0.16440669052555337,71861858.133878,5657754129.340571
1786233600,XRP,1.0389339261257766,741306471.896341,64967937745.699066
1786233600,XTZ,0.20810292029789618,6739451.130079408,227431121.80233324
1786320000,AAVE,90.577292562825,119961302.8542762,1396933646.3297987
1786320000,ADA,0.19443176854790098,204018200.2717574,7262710883.847324
1786320000,AVAX,6.418172710555761,107523236.24857485,2771187018.4107227
1786320000,BCH,214.54856967845492,47235443.13072548,4306651519.517765
1786320000,BTC,64856.097825382276,12957668413.087194,1301536386806.1301
1786320000,DOGE,0.06932686760776675,288564782.1286813,10775209952.934534
1786320000,DOT,0.798662985102808,47750148.45810885,1355553821.1847723
1786320000,ETH,1908.940734099038,4015296300.504261,230374924394.0449
1786320000,HBAR,0.06858387805111879,31132197.27943896,3003363204.377793
1786320000,LINK,8.18136301108558,131602269.22876547,6120477426.628362
1786320000,LTC,45.41150057936053,124037793.64479738,3518358085.1635513
1786320000,SHIB,4.613271588972055e-06,50817536.91086676,2718322364.203816
1786320000,SOL,76.2136945390063,1091586238.5562603,44368992541.41147
1786320000,XLM,0.16235929009577824,87134081.02878317,5590217827.716151
1786320000,XRP,1.0290585227104907,628838812.6930692,64350396458.265656
1786320000,XTZ,0.2023711368024189,6034452.987057552,221186203.98751757
1786406400,AAVE,89.21359135288522,129612970.77824117,1375903332.9372108
1786406400,ADA,0.19069831573457763,235080039.98591074,7123253280.883776
1786406400,AVAX,6.431043391178593,131407877.99565716,2776744217.4249287
1786406400,BCH,213.09850634097285,140273938.47469175,4277644831.8029356
1786406400,BTC,63915.71213556821,20628873466.305775,1282693235981.1963
1786406400,DOGE,0.06964403794487867,314118301.2934441,10825506614.079062
1786406400,DOT,0.8048909019010408,77307276.325926,1366247934.1479475
1786406400,ETH,1871.3976551883159,7444257808.359959,225844119567.10123
1786406400,HBAR,0.0676162763590693,33337941.478078444,2960990865.51031
1786406400,LINK,8.290285880741026,189207994.21132153,6201962622.196195
1786406400,LTC,45.09498040267955,142116691.94213608,3494011407.4076757
1786406400,SHIB,4.5094740321014165e-06,65787927.40999322,2657160708.3310623
1786406400,SOL,75.92477495236717,1404101603.2585404,44209512993.63219
1786406400,XLM,0.16132729916259084,97793269.58122472,5562880588.639519
1786406400,XRP,1.0112911348316656,1020475456.1891595,63239343560.109116
1786406400,XTZ,0.19855068089397981,7049229.569071738,217028501.66852552
1786492800,AAVE,88.21430951242031,129298274.9544862,1360495311.7977967
1786492800,ADA,0.18694299914012918,273317560.6543651,6982978988.742705
1786492800,AVAX,6.3154643506229355,162981090.12935683,2726840428.413232
1786492800,BCH,213.6587085023303,144107333.55282056,4288967532.624252
1786492800,BTC,63537.55988964766,20095612608.80128,1275130714721.0269
1786492800,DOGE,0.07183680865046471,468969839.8028047,11167357065.674852
1786492800,DOT,0.7896204352150403,63952754.147966094,1340448000.2439072
1786492800,ETH,1880.4862005694617,7012585474.087628,226940902767.18845
1786492800,HBAR,0.06639962773166355,45224934.6638453,2907712488.356512
1786492800,LINK,8.770230908898725,383438264.17054856,6561009483.56654
1786492800,LTC,45.45592261718864,129288938.02282937,3522160589.3670974
1786492800,SHIB,4.489063998519149e-06,58747181.97456349,2645134297.951299
1786492800,SOL,76.21620473970299,1379559378.010563,44394499308.18516
1786492800,XLM,0.1619339640008156,84080786.67738533,5585307125.814206
1786492800,XRP,1.0217976248782756,1325001635.0299733,64043147233.178566
1786492800,XTZ,0.19448546133223504,6563503.249684791,212602453.85465088
1786579200,AAVE,87.90515087759738,130154620.30852543,1355733855.6943781
1786579200,ADA,0.1824396672420199,218061749.7954772,6815920422.5533905
1786579200,AVAX,6.313391080113916,185802474.8068115,2725945248.3395014
1786579200,BCH,212.48251844841428,136419718.5905505,4265465022.4517765
1786579200,BTC,63408.625697113624,22071166502.05402,1272571233715.507
1786579200,DOGE,0.06961882758088063,437957153.7922476,10823512165.971111
1786579200,DOT,0.7733977417398339,50925928.302813776,1313027097.1248322
1786579200,ETH,1877.743530062547,6676533766.105008,226609870971.63812
1786579200,HBAR,0.06598568108756478,30175312.108989507,2889585310.9904957
1786579200,LINK,8.663602355113161,243356738.3517123,6481240665.633111
1786579200,LTC,44.846713230091645,153829180.2949286,3475118737.031244
1786579200,SHIB,4.390093758351827e-06,57004558.39075918,2586817103.7704935
1786579200,SOL,75.5587764536576,1222417236.9441097,44012931702.97556
1786579200,XLM,0.15937119076006118,94899332.61666563,5498136304.761545
1786579200,XRP,1.0045392098190313,910494773.9408547,62961442608.17304
1786579200,XTZ,0.19449060455275607,6654567.68886005,212625534.71583784
1786665600,AAVE,87.84782822475037,132746382.54567833,1354852693.8865726
1786665600,ADA,0.18224977784910346,198464183.4602403,6808826181.422768
1786665600,AVAX,6.449251846450131,161564453.48508584,2784606117.867528
1786665600,BCH,206.46828442056514,169761409.89939708,4144828205.9359007
1786665600,BTC,63429.17906286841,18868048226.436295,1273011889393.6423
1786665600,DOGE,0.07011387889659047,276469367.1913139,10901328073.730679
1786665600,DOT,0.7720451437219517,46447453.63913433,1310848541.5430942
1786665600,ETH,1884.3941576877892,6176486165.813991,227412442314.981
1786665600,HBAR,0.0654535015453493,35856838.76413161,2866280585.3869715
1786665600,LINK,8.879252170934992,200406274.9471988,6642568286.471554
1786665600,LTC,44.78305804207899,127688505.8197369,3470332556.920944
1786665600,SHIB,4.449434017279598e-06,52457039.05167832,2621782715.203489
1786665600,SOL,76.20210719138348,1161301279.1811674,44396403054.23995
1786665600,XLM,0.15939672203388205,85040759.9728756,5499340655.150232
1786665600,XRP,1.0084078498627047,833646703.4277709,63203917123.55338
1786665600,XTZ,0.19685741424725348,6229316.554330268,215230746.29535288
1786752000,AAVE,86.37995999337942,125486587.07535595,1332215213.5743256
1786752000,ADA,0.17998570809268677,187986834.02671385,6724240852.343129
1786752000,AVAX,6.4720147840853155,106659284.4039574,2794434516.0924263
1786752000,BCH,204.65393896423868,156572037.08719245,4108493676.5428705
1786752000,BTC,62984.28959582886,20141227880.901295,1264110816166.4216
1786752000,DOGE,0.07000287107653141,227797278.22174358,10885103885.210056
1786752000,DOT,0.7642977195088125,52016850.6173092,1297811822.0662873
1786752000,ETH,1880.3285280890423,4955816205.526191,226921756396.83118
1786752000,HBAR,0.06581508102299718,36922580.33257044,2882114547.067619
1786752000,LINK,8.964644606125617,251503515.8260732,6706450364.71217
1786752000,LTC,43.806923130603906,155858392.1731028,3394839865.989007
1786752000,SHIB,4.619657574875817e-06,84923973.39840515,2722085133.7939467
1786752000,SOL,75.3354966028721,1076928576.0939782,43891442681.25692
1786752000,XLM,0.15806502438436026,77743145.3238636,5454039170.253407
1786752000,XRP,0.9986457958160457,974435976.6481216,62592061459.19626
1786752000,XTZ,0.19645984675387923,6327230.89612071,214813922.35679471
1786838400,AAVE,86.1325782078518,98682981.66077179,1328402157.6479986
1786838400,ADA,0.1762674264601313,129061740.71748897,6585326371.192931
1786838400,AVAX,6.32440625071797,247695348.40432933,2730701290.1539154
1786838400,BCH,203.51962888515328,232208446.07121578,4085811076.554042
1786838400,BTC,63031.04825975698,10409218158.399632,1265078583959.118
1786838400,DOGE,0.06955804052737494,165951925.43849695,10816886465.64066
1786838400,DOT,0.7607028411450777,50841541.98357233,1291823628.7483225
1786838400,ETH,1880.9591561894488,2840242427.939262,226997824776.81827
1786838400,HBAR,0.06540562574610795,23395232.941070594,2866829777.497807
1786838400,LINK,9.461856212482699,503294189.92424124,7078414352.722812
1786838400,LTC,44.06842690614625,117544262.5313578,3415254241.2358503
1786838400,SHIB,4.501595702042236e-06,45592125.8413614,2652518376.453948
1786838400,SOL,75.27983398665542,646905911.5452769,43867653904.234116
1786838400,XLM,0.15796173946704656,60072362.602772884,5450581688.578354
1786838400,XRP,1.001843753853044,458599167.0229421,62792499679.468506
1786838400,XTZ,0.19808004373889385,6782837.711558473,216602637.5133481
1786924800,AAVE,85.94219943917633,100794261.56024258,1325468404.0952961
1786924800,ADA,0.17481176774879353,158850685.38576865,6530943165.561926
1786924800,AVAX,6.323978670940332,132707801.90312566,2730516673.194765
1786924800,BCH,203.80653089439465,133394336.97445093,4091656196.2109365
1786924800,BTC,62843.70368466329,9661851536.935368,1261349110988.947
1786924800,DOGE,0.06952870548515376,183282244.63917556,10813166601.449755
1786924800,DOT,0.7581579109273091,38272486.96713332,1287617872.6050646
1786924800,ETH,1874.401898191962,3309436095.6191325,226206460858.21567
1786924800,HBAR,0.06461260477975343,26943557.75317856,2832070441.494322
1786924800,LINK,9.38323578770609,233358881.824653,7019598415.272638
1786924800,LTC,44.10365333727941,109813936.9984249,3418130344.1806607
1786924800,SHIB,4.431490768536756e-06,43060580.89378656,2611209284.306056
1786924800,SOL,74.5477464048606,715071398.221322,43445247273.99058
1786924800,XLM,0.15625382548278732,63099738.728898436,5395585640.623886
1786924800,XRP,0.9927072784932938,475452897.1349322,62219853372.20536
1786924800,XTZ,0.19482216899011504,5499319.0759015605,213057883.62352222
1787011200,AAVE,89.24808392965572,149500947.42433053,1376460798.535294
1787011200,ADA,0.1741249817054162,195244089.93885678,6527265562.1685915
1787011200,AVAX,6.3447934981512155,127470095.26539479,2739503931.961173
1787011200,BCH,205.17890086869483,141028271.50924295,4119305600.104468
1787011200,BTC,64491.345282946255,21603650491.523956,1294439197690.8708
1787011200,DOGE,0.0703517272797121,279630965.9295333,10942136653.071072
1787011200,DOT,0.7612191016250667,43710152.57614851,1292935134.6235511
1787011200,ETH,1912.2734691708965,6844360576.180716,230776857469.4575
1787011200,HBAR,0.06595442711491843,42090290.86984456,2890884441.8710666
1787011200,LINK,9.535397063971663,242386009.17735735,7133430261.546726
1787011200,LTC,44.52839833730492,145840637.64787203,3451212381.773311
1787011200,SHIB,4.470111474061187e-06,51891979.709926,2633966110.215636
1787011200,SOL,75.9729945474511,1276977894.5709734,44284342203.94819
1787011200,XLM,0.15804510839004066,76759409.00744714,5459288700.808728
1787011200,XRP,1.0024131723623284,833509753.6714206,62828189088.54473
1787011200,XTZ,0.19930767979835357,8524350.293631064,217979449.27972734
1787097600,AAVE,87.49183970362333,168609188.1655518,1349383723.1931388
1787097600,ADA,0.1744023593314451,179324108.8635922,6537663366.138831
1787097600,AVAX,6.3285463532665585,127289260.09359196,2732488870.3507943
1787097600,BCH,203.50169440615565,130829374.49228968,4085716216.416546
1787097600,BTC,64686.25782561655,18173594957.816174,1298351388299.5034
1787097600,DOGE,0.07021051231066483,258991762.6994631,10921240723.391268
1787097600,DOT,0.7510040523927409,70057975.57547612,1275698063.0919716
1787097600,ETH,1916.3998901478055,5993977856.00991,231274812706.7942
1787097600,HBAR,0.06730523598165915,35244681.90144632,2950092481.518126
1787097600,LINK,9.529138725304293,219651788.19127813,7128748398.574758
1787097600,LTC,44.34767980799559,140070583.52987197,3437381639.6396427
1787097600,SHIB,4.41190416053175e-06,52220838.83914572,2599668037.425636
1787097600,SOL,77.00190398395006,1412565436.337034,44883800154.35045
1787097600,XLM,0.15472912151335613,102723068.66410986,5344932625.632376
1787097600,XRP,1.0011429230744608,777916324.3318717,62748573751.62766
1787097600,XTZ,0.20004198493993527,9837943.483157054,218797764.60323033
1787184000,AAVE,95.27985956325321,242050706.30107185,1469501917.9916918
1787184000,ADA,0.18702164440997238,444790543.84479904,7010711082.242033
1787184000,AVAX,6.774492921991783,319642538.11661685,2925036094.9095325
1787184000,BCH,213.27695312682718,412042558.38083243,4282071336.8142586
1787184000,BTC,69291.0104297816,43990704909.19695,1390775763079.549
1787184000,DOGE,0.07499787463343413,774955491.689003,11666737354.828506
1787184000,DOT,0.7888223252407818,105395607.77180953,1340059358.703568
1787184000,ETH,2251.7346140069594,27730489153.053757,271743603539.60367
1787184000,HBAR,0.07058406362343132,72423889.2747244,3093808562.910545
1787184000,LINK,10.547425632883014,690367830.2308507,7890528804.018446
1787184000,LTC,46.76069840950213,245865494.8259404,3624598742.235666
1787184000,SHIB,4.735600499545677e-06,87306611.25545496,2790402681.772573
1787184000,SOL,85.33310287519124,4360934967.240113,49749755023.989136
1787184000,XLM,0.17013923394613384,175298815.16384244,5880193787.368964
1787184000,XRP,1.1051485598996633,2887273875.3716908,69267328689.10408
1787184000,XTZ,0.21458443877145406,9437142.547234174,234723342.54694596
1787270400,AAVE,99.18495731628363,244507187.27886575,1529737213.565813
1787270400,ADA,0.1989699466755082,669048527.8120097,7458606273.043292
1787270400,AVAX,7.29067653650431,386210758.32107025,3147909706.475148
1787270400,BCH,222.9847237776278,326367397.9440936,4477145097.624643
1787270400,BTC,73020.94563440893,54562051680.33916,1465641224678.0603
1787270400,DOGE,0.08045371837123262,1312654027.1287255,12516737393.11351
1787270400,DOT,0.8482341429942463,125649084.44535413,1441119988.1425993
1787270400,ETH,2326.5282334236576,25176787742.312656,280769475212.28674
1787270400,HBAR,0.07342505920628851,106648372.2244151,3218333788.6846237
1787270400,LINK,10.688653798526964,483996864.1972662,7996181590.559845
1787270400,LTC,47.80158133097468,294365828.11000574,3705455993.8282213
1787270400,SHIB,4.9340727446608154e-06,122019099.57581411,2907350332.567713
1787270400,SOL,87.6519814449933,3930542872.6276217,51101597745.51273
1787270400,XLM,0.18155388643038542,334311324.8271414,6276607792.477049
1787270400,XRP,1.2681797698816397,6369333637.955181,79485625864.85136
1787270400,XTZ,0.22142358113676078,13956720.267578991,242224495.94159165
1787356800,AAVE,122.57691190866052,663209676.9206609,1890521021.3194044
1787356800,ADA,0.2291047455940254,1078468354.4663036,8588242200.5088005
1787356800,AVAX,7.836507914480645,510165997.94518507,3383584391.016051
1787356800,BCH,288.10955405353275,792352103.8269936,5784791445.125544
1787356800,BTC,78317.77716345884,71451157994.9994,1571956674056.353
1787356800,DOGE,0.09152072353673844,1957454725.5399187,14239715450.565868
1787356800,DOT,0.9394118398868826,182145501.60356593,1596171668.5281298
1787356800,ETH,2514.967577695514,31043603228.171097,303510532650.1589
1787356800,HBAR,0.07978073525478761,158477687.71116638,3496912889.506632
1787356800,LINK,11.992351770358374,1074612045.303226,8971478004.729904
1787356800,LTC,53.12964707139583,593734615.3105149,4118653298.8313637
1787356800,SHIB,5.903506876405612e-06,266152027.7419488,3478579141.440934
1787356800,SOL,93.69380351149786,6702620876.126011,54640118804.067635
1787356800,XLM,0.20181319711037435,384763209.1063737,6979677193.2199335
1787356800,XRP,1.4542994943305336,8539102819.971826,91249301678.28331
1787356800,XTZ,0.24105439589751318,16481567.499534922,263721219.74560115
1787443200,AAVE,126.57098136158443,691422622.2664788,1952140064.2871823
1787443200,ADA,0.22608419659223078,1116438072.8081195,8476428168.828864
1787443200,AVAX,7.493330820923078,511392432.83411455,3235410144.2996044
1787443200,BCH,276.73449779692936,369425560.2952594,5556551952.66425
1787443200,BTC,77081.02299000922,36689774596.6109,1547133140402.384
1787443200,DOGE,0.09195483433967817,2660548610.789167,14308577411.537575
1787443200,DOT,0.9203743305889122,211786159.74441743,1563964656.6790717
1787443200,ETH,2423.4127407436827,20488463662.617588,292461262953.4871
1787443200,HBAR,0.07748582432991563,208599721.49903673,3396323397.8632755
1787443200,LINK,11.6487287426664,857121704.2628,8714413627.87623
1787443200,LTC,52.4803403945817,635276363.6033031,4068494000.467094
1787443200,SHIB,5.451604594159381e-06,217669935.8588273,3212300180.82075
1787443200,SOL,93.88470787526389,7502388828.235717,54751367435.30988
1787443200,XLM,0.19561598433592697,660967455.1456017,6765439300.690483
1787443200,XRP,1.4637843769045962,11336138918.97461,91844425938.97223
1787443200,XTZ,0.23262216646783268,13095427.51607836,254516858.35617438
1787529600,AAVE,141.53047916466082,717604162.7331959,2182919350.524116
1787529600,ADA,0.22682629178533498,605256816.5991054,8504251062.660432
1787529600,AVAX,7.606611092652933,263850229.76793954,3284321389.3870916
1787529600,BCH,274.11235829399726,209149043.53705406,5504015085.203669
1787529600,BTC,77712.3200924702,29643785728.58765,1559804231557.777
1787529600,DOGE,0.09337940032634065,1075263869.4970336,14531403127.016651
1787529600,DOT,0.928071391974611,110137140.30663873,1577186126.5190978
1787529600,ETH,2462.403924751607,16424823875.772726,297166690282.8374
1787529600,HBAR,0.07985387850470703,103734132.43810748,3500118870.9851604
1787529600,LINK,11.539971413729232,610142989.5499102,8633052273.314844
1787529600,LTC,52.303800152014205,314984659.8303361,4055017083.0757794
1787529600,SHIB,5.544940397878827e-06,105871883.69629043,3267297069.98991
1787529600,SOL,95.4075653871385,4417663499.940523,55649001339.64617
1787529600,XLM,0.19964080243134866,279873661.6447305,6904637420.3686
1787529600,XRP,1.52050482788377,5320758107.229973,95403322550.64264
1787529600,XTZ,0.23499087499679855,9118450.462469863,257128965.7217717
1787616000,AAVE,132.26792426346202,552285381.750731,2040076467.5147207
1787616000,ADA,0.22142878711039282,576474397.2727296,8301885920.126461
1787616000,AVAX,7.541445503601845,288842778.2975536,3256184715.201235
1787616000,BCH,270.80672671495677,289114190.6377808,5437758423.439661
1787616000,BTC,78973.88693602335,51335516518.744095,1585379062421.7615
1787616000,DOGE,0.09005276729230774,1110312110.3865004,14015062236.16588
1787616000,DOT,0.8992703387352181,120431434.70777342,1528378275.652134
1787616000,ETH,2481.879430655568,20089039982.502842,299516952709.2971
1787616000,HBAR,0.07926182437177624,120731709.51596941,3474168223.50576
1787616000,LINK,11.622243243631315,509428276.9599659,8694599826.831394
1787616000,LTC,51.64145592639332,458163207.02634704,4003863641.309985
1787616000,SHIB,5.467713995276089e-06,124482837.82733226,3221792212.983764
1787616000,SOL,98.86721922605619,5719876487.785737,57666847361.58331
1787616000,XLM,0.1936191317620547,277116824.9355198,6698950653.247221
1787616000,XRP,1.4804016400422346,5800396926.643807,92887067886.53874
1787616000,XTZ,0.22985396736129282,8832843.487406822,251528737.3174662
1787702400,AAVE,126.55865715988429,357905701.65702134,1952033261.4043002
1787702400,ADA,0.20908509616060678,492819538.93342423,7839091920.142475
1787702400,AVAX,7.325904702797946,237972039.25505954,3163120240.9244285
1787702400,BCH,265.88450702464564,172678301.19975132,5339034822.704444
1787702400,BTC,78511.2331116067,42844457202.96398,1576126744181.299
1787702400,DOGE,0.08567200547879818,871135724.3481377,13334454108.454563
1787702400,DOT,0.8514735038785033,112614995.27441886,1447274423.8109136
1787702400,ETH,2442.0111121033965,15300244959.640041,294705081780.14966
1787702400,HBAR,0.07772963857952904,124870800.42372237,3407010152.884762
1787702400,LINK,11.289692886366849,464273646.7267307,8445818914.397062
1787702400,LTC,49.929059383530074,313814980.65046483,3871294141.5538373
1787702400,SHIB,5.267605541600136e-06,129880962.38559906,3103880430.1165967
1787702400,SOL,96.57633057135781,5910519195.888127,56340274572.3693
1787702400,XLM,0.18249403310700837,240852691.3442346,6314606571.644697
1787702400,XRP,1.434049819401547,4082824742.7934737,89978745851.45009
1787702400,XTZ,0.22359148276586815,9031318.128822865,244695759.2366456
1787788800,AAVE,127.03944104789713,249726318.81446797,1959491329.4957275
1787788800,ADA,0.21237628643484097,380397461.7671945,7962486382.7807045
1787788800,AVAX,7.44032536914454,172536930.0944354,3212523876.4321012
1787788800,BCH,268.76010994374315,124241560.0289009,5396888592.345144
1787788800,BTC,79018.03405750773,28508064828.85475,1586333891398.6638
1787788800,DOGE,0.08768022019127615,635724555.0876467,13647975710.675207
1787788800,DOT,0.875737078686963,105598533.1315431,1488650300.4799588
1787788800,ETH,2506.3431057180687,12215102857.703117,302468671992.12006
1787788800,HBAR,0.07857812629964282,66607799.16677858,3444200680.510104
1787788800,LINK,11.620156171374404,352343323.0562956,8693038488.137724
1787788800,LTC,50.50348285814233,306830655.3763582,3916010287.382598
1787788800,SHIB,5.365790812471139e-06,80709639.54513063,3161735007.7803187
1787788800,SOL,102.04890414405412,3598639899.81599,59603010963.97329
1787788800,XLM,0.18543398500870908,164960266.51162344,6417410413.8425045
1787788800,XRP,1.422486925574032,3766977001.261257,89253237803.58641
1787788800,XTZ,0.22803629406751144,6792965.5576515915,249580426.8764581
1787875200,AAVE,128.09827557228118,290797151.97116894,1975918834.5329118
1787875200,ADA,0.21379576468901376,403936226.1653391,8017041237.762623
1787875200,AVAX,7.528985122036468,216592299.23843512,3250804671.8157353
1787875200,BCH,269.6187933508846,148685355.53412217,5414250348.880849
1787875200,BTC,80268.37474707834,33271382525.81097,1611476640675.1921
1787875200,DOGE,0.08914357048638905,737489520.9603492,13877166496.744774
1787875200,DOT,0.8816038369554218,108221902.00613299,1498753832.681278
1787875200,ETH,2511.461241063819,15416430976.148985,303086274935.40906
1787875200,HBAR,0.07877411637650432,57977641.14454322,3452791228.2126703
1787875200,LINK,11.922977316780116,455221685.45140487,8919578978.059767
1787875200,LTC,49.923503836310026,285010777.46678007,3871205364.1355844
1787875200,SHIB,5.424917309781793e-06,86083556.10781004,3196574665.7110815
1787875200,SOL,109.17730597799657,7039203255.370629,63766345969.68578
1787875200,XLM,0.18746768202265848,150014719.55246064,6501981110.308469
1787875200,XRP,1.453606158145044,3578007306.0460496,91205798642.62878
1787875200,XTZ,0.23104359957301077,7468484.975620679,252892510.43607894
1787961600,AAVE,122.19076192506826,277444412.4214287,1884798899.998158
1787961600,ADA,0.20309694918024185,381571335.9100777,7615850665.751978
1787961600,AVAX,7.306445627990587,211101772.52006358,3154718358.032161
1787961600,BCH,247.98095732141994,186808094.18652642,4979848942.333747
1787961600,BTC,77820.76428719184,36320805552.04175,1562365617022.764
1787961600,DOGE,0.08522451370429333,705110622.0667987,13268190891.532997
1787961600,DOT,0.8486932705112726,110347552.10897936,1442929690.5660439
1787961600,ETH,2442.407614756763,14972903066.684414,294752696360.4463
1787961600,HBAR,0.07606954117416444,84061047.36027393,3334246635.9929714
1787961600,LINK,11.431709761370778,400413206.33828115,8552061734.387336
1787961600,LTC,49.31264092011042,276601799.0571245,3824005658.596964
1787961600,SHIB,5.186164499247206e-06,85731724.42179693,3055892118.505053
1787961600,SOL,104.11408013203007,5937451206.231917,60819494633.2409
1787961600,XLM,0.17950824846036317,147677692.6440712,6222488694.94178
1787961600,XRP,1.3834326975271105,3012089060.2480206,86802799602.40523
1787961600,XTZ,0.22056690806469764,8297453.013158139,241444539.58347592
1788048000,AAVE,126.76906677228531,193079884.2532591,1955421710.7180185
1788048000,ADA,0.201848389377435,187076377.55241603,7569031424.774611
1788048000,AVAX,7.331229082662345,97812967.32850835,3165419158.8605328
1788048000,BCH,247.20221798148572,92122213.86504859,4964324186.039214
1788048000,BTC,78225.13950818499,15083877886.534477,1570516817114.2285
1788048000,DOGE,0.08527944562451086,311800182.37748754,13277853313.955235
1788048000,DOT,0.8454716996364715,67421707.99800222,1437591593.8707867
1788048000,ETH,2457.089335222437,5355165833.843594,296524419464.6924
1788048000,HBAR,0.07549979532134732,34921672.02706906,3309273786.707171
1788048000,LINK,11.455810210166169,223337487.0024895,8570091279.418394
1788048000,LTC,49.008418352184435,181228244.6099243,3800582528.8611035
1788048000,SHIB,5.143075186208597e-06,49687539.26632174,3030502200.3631206
1788048000,SOL,105.5938871300456,2273509757.5718346,61683846396.712975
1788048000,XLM,0.17965661978147343,65386240.068647854,6231473705.550047
1788048000,XRP,1.3962919749950886,1089817502.5224993,87609648599.888
1788048000,XTZ,0.21955979666508857,9030605.262405047,240361767.13714665
1788134400,AAVE,122.39963778289504,253805089.29694146,1888025935.199072
1788134400,ADA,0.19267185961239683,312632367.6834129,7224924432.510851
1788134400,AVAX,7.110247807837202,164705054.6775941,3070005640.4458404
1788134400,BCH,243.38441240213731,119287954.1790436,4887751464.810269
1788134400,BTC,77658.23133225394,18928816149.23794,1559173121661.4866
1788134400,DOGE,0.0820544387837955,583977637.904896,12776954837.773928
1788134400,DOT,0.8194698348247896,109891339.58764592,1393499776.8233895
1788134400,ETH,2416.2418165172735,10762275574.892046,291594867605.8527
1788134400,HBAR,0.07340619330294981,51062574.01127936,3217507944.911152
1788134400,LINK,11.141848097151453,298865545.2362671,8335216231.957551
1788134400,LTC,47.88468407932796,181983227.1923062,3713597516.5386157
1788134400,SHIB,4.955709050602412e-06,70604538.78711447,2920098703.2976494
1788134400,SOL,101.68286901296827,2971169081.015964,59496842462.864845
1788134400,XLM,0.17464723429819362,114355246.48897351,6057719509.56816
1788134400,XRP,1.3579266931353293,1779471162.9979696,85202437986.08998
1788134400,XTZ,0.21082055122523544,6546220.666557896,230813226.63831934
1788220800,AAVE,124.060150646295,220344636.95061103,1913702098.6486957
1788220800,ADA,0.19776462075916668,313647904.15076005,7415895830.784894
1788220800,AVAX,7.228102615370432,149885811.09094656,3120892041.8286257
1788220800,BCH,247.01261196758546,115747068.42357984,4960732647.012911
1788220800,BTC,78552.77932895812,29723745445.38036,1577171863083.2737
1788220800,DOGE,0.0828167928086005,502592028.148626,12896727577.422186
1788220800,DOT,0.839708073786757,108049926.90687539,1428044421.49195
1788220800,ETH,2466.565659094493,12336663342.988674,297667970873.7225
1788220800,HBAR,0.07360828319262593,48574445.727922805,3226365860.061312
1788220800,LINK,11.31926701206514,384302736.9079166,8467943316.957295
1788220800,LTC,48.52601430846274,204034703.44727215,3763528052.4064093
1788220800,SHIB,5.064123720831967e-06,67050866.96649882,2983980891.441298
1788220800,SOL,103.01068194219994,3234457987.4852805,60282571646.81706
1788220800,XLM,0.17723986858963287,125671798.06088373,6148534696.62538
1788220800,XRP,1.3792804733945896,1989020218.1899161,86542270355.17569
1788220800,XTZ,0.2126520847566298,6512424.943917056,232837401.81236777
1788307200,AAVE,127.83643026325107,266896629.38128713,1972106745.7813265
1788307200,ADA,0.1965993377944218,346125554.499733,7373327077.118081
1788307200,AVAX,7.2163657050821834,188042482.14485687,3115824373.055308
1788307200,BCH,245.96389939920226,114043850.02809438,4939775210.392863
1788307200,BTC,77416.44110979848,30118812390.414185,1554389755370.4558
1788307200,DOGE,0.08164256961884185,540044172.2668325,12714980840.166983
1788307200,DOT,0.8716644433458661,145625578.56799427,1482528574.9083266
1788307200,ETH,2417.6758884733536,12760379027.821028,291767768408.91174
1788307200,HBAR,0.07404616147478513,58198285.70175422,3245558748.1584625
1788307200,LINK,11.229814037883376,377425377.14015764,8401023549.6175
1788307200,LTC,49.539966843004926,273732518.97263885,3842334592.3049564
1788307200,SHIB,5.142657160600082e-06,69026346.48217905,3030255858.5320783
1788307200,SOL,99.96528544069069,3415139600.3536706,58500324971.04522
1788307200,XLM,0.17571705014001854,112881236.55143628,6097216301.800812
1788307200,XRP,1.3514651765110592,2072820889.1030037,84797013324.9072
1788307200,XTZ,0.21428856277460287,9267451.896525439,234648165.034224
1788393600,AAVE,127.13435878564,316563496.56299734,1961280767.8225002
1788393600,ADA,0.20099065670859845,304396598.0176863,7538020564.987389
1788393600,AVAX,7.189285084891333,161342716.17766392,3104131720.565609
1788393600,BCH,244.52331162419534,102288126.66520728,4910935864.936954
1788393600,BTC,77297.13347191992,26617233991.00716,1552036311658.5237
1788393600,DOGE,0.08171038457755984,538620142.3201423,12726744274.223639
1788393600,DOT,0.8671502850133361,127487277.60477547,1474982904.1733713
1788393600,ETH,2390.783044679688,12772993324.596373,291704729861.0524
1788393600,HBAR,0.07455139829360063,41287157.77431209,3267704065.814798
1788393600,LINK,11.109744202352955,321796150.8715477,8311199309.208272
1788393600,LTC,49.658758294159206,254752435.77541625,3851724071.3409696
1788393600,SHIB,5.175612649773919e-06,60512533.76385416,3049674508.0469522
1788393600,SOL,100.39064957766638,2860983236.294549,58756160829.83349
1788393600,XLM,0.17548159483107895,98887046.18142645,6090039723.189026
1788393600,XRP,1.350370850400152,2256669641.448012,84728350374.9317
1788393600,XTZ,0.2174991145758094,8192280.885688345,238182922.7755533
1788480000,AAVE,132.746696804198,309588014.8827412,2047876771.0906403
1788480000,ADA,0.22115511187960019,696353388.5195922,8294275011.089086
1788480000,AVAX,7.518011737174653,272297047.64766216,3246066671.9131975
1788480000,BCH,256.59785410195576,174770937.02807277,5153566604.176783
1788480000,BTC,81264.70153038795,39842820911.97599,1631720768263.5881
1788480000,DOGE,0.08781223959546798,1064403645.7557927,13678376135.259731
1788480000,DOT,0.8884313807320097,131435497.25789234,1511272796.2953334
1788480000,ETH,2507.6482840896088,16639170367.446753,305971011968.8528
1788480000,HBAR,0.07927390003905868,76443845.0240467,3474698682.9341183
1788480000,LINK,11.832704231146355,495130075.35787183,8852045685.366987
1788480000,LTC,51.47841744219547,274603129.3750787,3993067809.3612885
1788480000,SHIB,5.4042249789431285e-06,75430458.14487085,3184381867.550751
1788480000,SOL,103.96051784332946,4097076588.631062,60854421898.614944
1788480000,XLM,0.18453942912808005,176952508.79951903,6406961243.38498
1788480000,XRP,1.4512912373932785,4174584534.70657,91060550086.28764
1788480000,XTZ,0.22861717922678115,8511146.783354696,250377888.92800543
1788566400,AAVE,130.3739032765341,291126734.83606386,2011302162.5787294
1788566400,ADA,0.2112164477124468,599326434.977081,7921532038.3193445
1788566400,AVAX,7.385540136414686,224679458.3835954,3188869149.052782
1788566400,BCH,248.1215442881509,150009103.68959287,4983514212.965909
1788566400,BTC,79671.25767420157,35605666977.42856,1599775191734.4382
1788566400,DOGE,0.0847903881947543,851968399.1106416,13208657389.10225
1788566400,DOT,0.89972554469329,141958559.3714024,1530667185.3244853
1788566400,ETH,2456.085066364875,16234345954.343023,299686660200.51276
1788566400,HBAR,0.07835477779325434,62578332.01270237,3434412121.2498145
1788566400,LINK,11.631341842390773,448565355.4146079,8701406488.294252
1788566400,LTC,50.75737057648126,228711408.2033544,3937303700.8076158
1788566400,SHIB,5.230870091300583e-06,73017285.24116845,3082234341.0689797
1788566400,SOL,101.92907583272797,3301184331.330374,59665198840.31869
1788566400,XLM,0.17950855301110644,140164197.1816534,6247269373.7611685
1788566400,XRP,1.3986937238549557,2974267897.4031177,87760345142.87921
1788566400,XTZ,0.2299456594156631,11638111.835405085,251853103.54359806
1788652800,AAVE,134.42213792855452,215794993.76405698,2073761075.8126853
1788652800,ADA,0.2182747960633686,419741770.26933885,8186250686.914204
1788652800,AVAX,7.591598287876626,215364667.55696887,3277839281.2260547
1788652800,BCH,256.28649043800124,159773646.14880046,5147552576.933812
1788652800,BTC,79821.69873179746,18822345309.3012,1602832641649.6875
1788652800,DOGE,0.08969060918380505,1176537383.4360747,13973439617.864592
1788652800,DOT,0.9153334527770048,123847043.11056969,1557357431.647069
1788652800,ETH,2480.0031686031184,6784086852.01072,302612300112.52106
1788652800,HBAR,0.08021421031222137,55089842.58781932,3515913948.5751915
1788652800,LINK,12.047500928730749,368240726.3397064,9012735088.477236
1788652800,LTC,54.68767041943571,477392717.7219992,4242414383.8019238
1788652800,SHIB,5.4634188775431275e-06,75987591.6691055,3219261157.529674
1788652800,SOL,103.16637621681609,2412215423.509618,60398300212.47523
1788652800,XLM,0.1839572356067302,116817633.5295406,6402091394.069362
1788652800,XRP,1.4122708256630054,1462719239.6682935,88612233673.1505
1788652800,XTZ,0.23879776589237015,8651471.37671252,261569933.5172013
1788739200,AAVE,136.82613673531023,252251643.86605176,2110855995.6107893
1788739200,ADA,0.22332470639643617,384877412.1254871,8377017478.661815
1788739200,AVAX,7.9019838410484935,250638164.5581437,3411855060.2401457
1788739200,BCH,260.7348265101648,148690731.9345016,5237014589.609492
1788739200,BTC,80329.3478460037,19671698954.25346,1613068250021.681
1788739200,DOGE,0.09085579473273796,906228143.1368648,14156169272.66873
1788739200,DOT,0.9791951924771212,171027400.7691291,1666155633.8725028
1788739200,ETH,2514.0092688310365,9948019407.716267,306769108939.70807
1788739200,HBAR,0.0815248500735893,54678138.63562687,3573361333.426347
1788739200,LINK,13.237155745219605,706157776.5140531,9902715821.50837
1788739200,LTC,54.95056554836963,294506695.59220296,4263025273.395138
1788739200,SHIB,5.526457029248187e-06,57672143.50958012,3256405714.404255
1788739200,SOL,106.49007263898544,3863864843.326644,62344054346.877556
1788739200,XLM,0.1874181557187333,130640048.87747449,6522537095.6554985
1788739200,XRP,1.4226486567524865,1456470169.8882015,89263385546.29767
1788739200,XTZ,0.2406918723441591,9215688.768073816,263666043.31563905
1788825600,AAVE,132.00900941159358,219139506.3271525,2036561429.3508909
1788825600,ADA,0.220404566425868,471329781.45562834,8267481619.560921
1788825600,AVAX,8.074275746115342,405078867.6638163,3486245873.985817
1788825600,BCH,258.8765455692126,187081715.22413585,5199819346.213868
1788825600,BTC,79093.4641898418,23156361224.106297,1588284950144.5952
1788825600,DOGE,0.09048297033663322,812397572.9503841,14099236171.752066
1788825600,DOT,1.0619412356645181,381718425.0886682,1807127539.4101956
1788825600,ETH,2489.3967543757462,11300837599.905233,303773075685.29297
1788825600,HBAR,0.08182180696524229,88841975.73233871,3586377417.137808
1788825600,LINK,12.742965020959987,673886837.8503796,9533011755.305498
1788825600,LTC,55.20228907963863,495467927.59536064,4282736661.4858394
1788825600,SHIB,5.436349401298991e-06,72674864.00746335,3203310758.085542
1788825600,SOL,103.77243552193976,3172099568.11245,60827841128.714325
1788825600,XLM,0.1935461379172221,259745553.71608284,6735801773.606509
1788825600,XRP,1.3960935547617492,2072353839.530008,87597198820.5945
1788825600,XTZ,0.2352292305709574,11328504.851078441,257702814.4459892
1788912000,AAVE,128.83269451451525,205695353.99668,1987564979.41406
1788912000,ADA,0.21941171791567463,570309994.4066997,8230239392.949464
1788912000,AVAX,8.008609352586902,303648814.7330698,3457892966.468608
1788912000,BCH,258.320235151555,171327800.23186418,5188750991.175984
1788912000,BTC,78450.75303870205,36832978946.46288,1575415387009.9504
1788912000,DOGE,0.0900438187758932,896398144.13239,14031981775.069078
1788912000,DOT,1.2475304252917225,418634027.85411555,2123131987.375826
1788912000,ETH,2485.0697039871584,11965805217.194431,303252321699.8239
1788912000,HBAR,0.07905660261782087,64438624.924578756,3465174197.644196
1788912000,LINK,12.510020760613248,3880794520.124203,9358746161.029455
1788912000,LTC,54.29394224661684,318685021.83981276,4212621064.6999207
1788912000,SHIB,5.408616143422787e-06,71805692.18275845,3186969197.082762
1788912000,SOL,103.36010446946287,3027354961.31718,60594963910.86521
1788912000,XLM,0.18776367632628121,195457195.68977526,6534836412.55422
1788912000,XRP,1.4172841566021832,2445589456.406519,88926792640.58841
1788912000,XTZ,0.2493459785149056,8568876.999366986,273190302.87714595
1788998400,AAVE,125.78963329921156,207516987.84591383,1940622145.732977
1788998400,ADA,0.21189838633875757,466241924.5566574,7948410700.735317
1788998400,AVAX,7.7960849230633045,248646493.43306705,3366130876.735136
1788998400,BCH,251.87162103149257,145071325.13360968,5059331844.948988
1788998400,BTC,78283.06047169256,34938279858.59001,1572081359789.2556
1788998400,DOGE,0.08615898234149003,917111421.3783361,13427904657.21929
1788998400,DOT,1.1223693443563063,273686746.3775773,1910301918.9552977
1788998400,ETH,2467.529167979314,13328861510.407354,301119066908.05597
1788998400,HBAR,0.0765394072819607,67651656.18715325,3354841599.9515886
1788998400,LINK,11.80498523618216,6908817186.3624115,8831309106.054066
1788998400,LTC,53.18605113306241,289552578.53280354,4126695965.897421
1788998400,SHIB,5.2529578786689996e-06,76751789.89360283,3095249228.959897
1788998400,SOL,101.56828258356754,3168430582.0312,59544411952.82272
1788998400,XLM,0.1811501450834902,171915706.93695542,6305309980.652628
1788998400,XRP,1.3947406589248457,2484083693.1414204,87512312041.19165
1788998400,XTZ,0.2631849763845974,46863499.25004265,288375800.2883879
1789084800,AAVE,120.62792848738104,199334377.54303318,1860992803.9526658
1789084800,ADA,0.20459484058526867,407437792.6054918,7674451175.967935
1789084800,AVAX,7.424925698916045,213920955.61105332,3205874730.616061
1789084800,BCH,223.8354835659367,338209895.38480026,4496349113.410764
1789084800,BTC,76554.98664973286,30257901047.74022,1537413069633.6875
1789084800,DOGE,0.08287790542243915,786007725.120317,12917587899.018991
1789084800,DOT,1.0959952874874024,165260955.87194794,1865580788.138248
1789084800,ETH,2437.514812545618,15266781786.913017,297463477324.3543
1789084800,HBAR,0.07477363024315793,51086859.65491542,3277444836.3188844
1789084800,LINK,11.466747314481822,1107614832.8990965,8578273326.833468
1789084800,LTC,52.10780988571986,245090029.65565607,4043219431.220969
1789084800,SHIB,5.03485039552988e-06,72861341.86502464,2966731385.8632793
1789084800,SOL,98.63125822911633,2882460938.581129,57830981442.72209
1789084800,XLM,0.1746832792038757,153314492.32809848,6080988200.962193
1789084800,XRP,1.3340102087604153,2218658274.2132845,83881507857.35445
1789084800,XTZ,0.2530015312498187,17417989.76073741,277239699.7775581
1789171200,AAVE,124.9936749048388,224341956.7378757,1928348155.2279181
1789171200,ADA,0.20624188311776986,590698003.2559946,7737520156.817241
1789171200,AVAX,7.4595901367185835,336910962.463582,3300818281.3671427
1789171200,BCH,228.11966120190613,241089781.2024504,4582437789.9423685
1789171200,BTC,77203.53444805603,35407367571.01674,1550479277152.1194
1789171200,DOGE,0.08428306577024669,795504695.8046607,13137807994.889488
1789171200,DOT,1.0404344053730286,228686861.8150161,1771158924.7733397
1789171200,ETH,2514.846819245876,24774688367.63771,306908073951.8628
1789171200,HBAR,0.07438722540461726,63455305.04572861,3260508109.5236306
1789171200,LINK,11.546360706163469,522460468.8363477,8637832102.795933
1789171200,LTC,53.27593823801227,264467689.17440552,4134027239.756795
1789171200,SHIB,5.174430048046226e-06,80626929.42930543,3048977193.2691526
1789171200,SOL,102.39440297526501,4675132943.881123,60066931771.41947
1789171200,XLM,0.17826063713314166,170520642.2783384,6209406848.92967
1789171200,XRP,1.3557713966363036,2777899179.476622,85249834156.36595
1789171200,XTZ,0.250842770418826,14662799.040948883,274895746.01762664
1789257600,AAVE,125.54545068666184,145655738.4427316,1936862140.2554252
1789257600,ADA,0.20733433395890186,224745649.0231291,7778505335.364917
1789257600,AVAX,7.399125933471284,153320212.76836866,3274093808.0973573
1789257600,BCH,226.36229048185268,120044134.95807737,4547237820.785179
1789257600,BTC,77261.62722069985,15195615506.929926,1551683581240.4167
1789257600,DOGE,0.08481002055747426,334374181.0494444,13221051608.110947
1789257600,DOT,1.0185189947162405,107883914.74002391,1733988220.6532612
1789257600,ETH,2525.267261590238,7645722055.298775,308187084056.6601
1789257600,HBAR,0.07468320975602163,32962855.81602109,3273481565.1125107
1789257600,LINK,11.502007742833564,223481159.50617957,8604651652.240576
1789257600,LTC,53.65584712276986,142910082.947835,4163737566.5361176
1789257600,SHIB,5.294602924410382e-06,56839749.98139805,3119787766.7780576
1789257600,SOL,101.75239313261922,1805260183.2361066,59691262241.9212
1789257600,XLM,0.17995416316055146,83791799.07540202,6268481819.504197
1789257600,XRP,1.3662323076269962,991369818.3760031,85907607973.76141
1789257600,XTZ,0.26645996667991206,9327531.54186612,292034112.6231562
1789344000,AAVE,124.4183448129169,190742809.00347415,1919478473.6148384
1789344000,ADA,0.20364724749640367,233136346.89469558,7640177923.918538
1789344000,AVAX,7.295614046828764,169105732.4011948,3228334557.8274665
1789344000,BCH,220.9642866250926,139472801.31516212,4438910790.884649
1789344000,BTC,76819.04496746542,16138951580.829597,1542831471374.2715
1789344000,DOGE,0.08243348918435088,406197517.81676894,12851709575.358349
1789344000,DOT,0.999808250523993,114549751.43852933,1702300935.0725887
1789344000,ETH,2476.682526163658,9592266575.143324,302264990103.7054
1789344000,HBAR,0.07511022201322948,46885835.496323,3292198178.2227964
1789344000,LINK,11.208686939570802,282848022.19543844,8385218367.9946995
1789344000,LTC,53.763873271867766,221439179.94681865,4172319410.84099
1789344000,SHIB,5.139220785167395e-06,55401926.38825475,3028230514.2122183
1789344000,SOL,99.3260052236567,2098694603.1006677,58277619413.77751
1789344000,XLM,0.17723295859902144,86743303.39833082,6173690767.216487
1789344000,XRP,1.341587719478689,1098768626.653035,84357975743.94183
1789344000,XTZ,0.28387788845392603,30850508.98660059,311148570.0193366
1789430400,AAVE,128.20495737801633,229225962.16377848,1977908950.4296176
1789430400,ADA,0.20852855311662802,419001008.1340679,7823308527.931225
1789430400,AVAX,7.5615222095247745,257139254.52713543,3346057715.7031593
1789430400,BCH,223.3331653817937,145379247.586235,4486572040.416066
1789430400,BTC,78173.35158344489,32369566520.9512,1570066504182.9238
1789430400,DOGE,0.08363319655779215,642870076.511084,13039873603.86547
1789430400,DOT,1.003482573549288,136471010.0623195,1708715389.5228877
1789430400,ETH,2514.759550467769,16123922989.756006,306919471184.89514
1789430400,HBAR,0.07775727755924426,63429443.32205272,3408222751.2859716
1789430400,LINK,11.514639932652168,383289530.22341573,8614101793.070274
1789430400,LTC,53.13126064300498,212369892.54378033,4123389192.466079
1789430400,SHIB,5.235833284073464e-06,71541899.28259167,3085158383.5798793
1789430400,SOL,102.51365308067487,3397711440.7817054,60164475439.16887
1789430400,XLM,0.1916304369598896,343409493.35600114,6675446765.999955
1789430400,XRP,1.4231784835036279,4299658994.015737,89488338516.8062
1789430400,XTZ,0.27278772078616653,12164658.644617323,299017413.1031701
1789516800,AAVE,122.15005575810984,248043109.26501912,1884501226.2551422
1789516800,ADA,0.19535417618237103,455194128.4690069,7329049042.217973
1789516800,AVAX,7.267590558654447,298210891.3306241,3218219516.917863
1789516800,BCH,216.74058261336023,145283032.24966928,4354227522.183465
1789516800,BTC,75590.24471973324,39803154169.39753,1518224622698.2222
1789516800,DOGE,0.08005131873603101,806985179.6353484,12482538728.775187
1789516800,DOT,0.9441389981757788,144200735.96241173,1607810523.4599698
1789516800,ETH,2397.4972601650115,19487916667.87325,292614926206.1527
1789516800,HBAR,0.0742433210750706,106747101.32900159,3254200289.6164136
1789516800,LINK,10.88182146485707,410730131.07310843,8140690316.028442
1789516800,LTC,51.234578026091576,237638627.4400736,3976394279.006381
1789516800,SHIB,4.944120998874964e-06,84925338.31124455,2913270060.6626883
1789516800,SOL,96.87348479401192,3869098601.540629,56867407460.06667
1789516800,XLM,0.17600427350310469,451502997.4036564,6132388181.949433
1789516800,XRP,1.2832801680810546,5697321810.370769,80691642983.82863
1789516800,XTZ,0.24982694980068826,10357443.368051343,273870764.03712183
1789603200,AAVE,119.44762227067375,277878836.379794,1842810992.6044004
1789603200,ADA,0.19616455499781751,421656614.7906917,7360667555.709142
1789603200,AVAX,7.472855299911044,257481544.54273573,3309338160.390421
1789603200,BCH,220.9934593438427,128250921.66521253,4439775149.887746
1789603200,BTC,76146.81236783884,30782581511.828445,1529436748434.9944
1789603200,DOGE,0.08084889356596386,697675839.6356057,12607951309.169117
1789603200,DOT,1.0186017172989736,209921481.5631028,1734771584.0507934
1789603200,ETH,2415.9596535242995,15793566275.442846,294875323390.85944
1789603200,HBAR,0.07388116777740585,73217605.46450445,3238326546.9999046
1789603200,LINK,11.048076054907668,447209570.1171116,8265065369.928295
1789603200,LTC,51.65523757667336,253336416.20579123,4009224075.251902
1789603200,SHIB,4.9809585862756454e-06,89442646.43863513,2934976127.655894
1789603200,SOL,98.5424205832789,3377208909.9956107,57859199208.321106
1789603200,XLM,0.1837356247700725,263702600.5014523,6402269997.71608
1789603200,XRP,1.298304364425906,3878131731.9447083,81636352578.60912
1789603200,XTZ,0.25325402291335997,6860351.173194117,277650269.6768491
1789689600,AAVE,128.54215685402488,277909731.4450301,1983128252.5446844
1789689600,ADA,0.2025051150868813,366832307.35009456,7598583905.750643
1789689600,AVAX,7.606190157317368,281354541.63488245,3368451375.5618753
1789689600,BCH,233.8796578532501,190796693.4228682,4698827944.078933
1789689600,BTC,76371.3617203135,23628097103.02466,1533982493868.1716
1789689600,DOGE,0.08167846627345039,565974571.5857848,12738504694.722242
1789689600,DOT,1.0787995223714966,251991321.6779482,1837459459.6852248
1789689600,ETH,2446.143252227872,11943767083.350086,298566484290.6061
1789689600,HBAR,0.07455026263974679,71512284.41106959,3267654015.9077015
1789689600,LINK,11.379932771786882,349229483.45964086,8513327370.010934
1789689600,LTC,53.91391442431927,212885405.30187115,4184722459.677484
1789689600,SHIB,5.151024355536194e-06,89254243.83496462,3035184697.1450167
1789689600,SOL,101.56908350057118,3236156684.8238273,59642557336.919174
1789689600,XLM,0.18335852911865103,166097713.99539042,6389160308.614141
1789689600,XRP,1.2954485992654137,2324564957.374032,81456784321.80305
1789689600,XTZ,0.25434192300974606,6076338.481576766,278865366.28906584
1789776000,AAVE,139.48564283443642,354420536.25493336,2151986604.8057003
1789776000,ADA,0.22447159853263435,707623281.7265645,8422830579.743176
1789776000,AVAX,8.202547411691457,447558023.32631034,3632658977.302463
1789776000,BCH,255.35402399818003,305024306.1690124,5130285750.503793
1789776000,BTC,80873.58287659245,44737458821.40004,1624449753756.773
1789776000,DOGE,0.08744317996850924,1242486300.5260808,13638761676.53098
1789776000,DOT,1.1337318014500815,240712237.2123534,1931197143.6597052
1789776000,ETH,2611.5555571198493,23593939177.26936,318763679004.78766
1789776000,HBAR,0.07924682013108461,96551487.42641787,3473523353.3850265
1789776000,LINK,12.224011588823037,588999003.9024787,9144782708.071953
1789776000,LTC,58.1367989799671,394396037.84092903,4512713762.757033
1789776000,SHIB,5.454360555649975e-06,98122472.32424712,3213922230.2549605
1789776000,SOL,112.70209381584154,6595029730.558341,66189571004.6839
1789776000,XLM,0.19309802450059962,256871473.0268824,6732801540.438475
1789776000,XRP,1.3960002270584508,4179061752.1439724,87779391226.45998
1789776000,XTZ,0.29512684384011795,11801732.562129766,323609100.4533759
1789862400,AAVE,141.01821241950913,292788830.7366655,2175639850.481631
1789862400,ADA,0.22777739999581934,562096659.2475942,8546873914.564558
1789862400,AVAX,10.090015978866983,984061544.3270391,4468630921.743114
1789862400,BCH,254.911089221465,195198359.66991323,5121520631.6392765
1789862400,BTC,81236.41383660372,24055616822.501354,1631766599626.8777
1789862400,DOGE,0.08770012298395068,1012240642.3880669,13680020007.665619
1789862400,DOT,1.1239559203307845,208128944.89050895,1914722826.1118147
1789862400,ETH,2632.0095970320526,11034395644.108103,321267925139.67786
1789862400,HBAR,0.0814132620451246,110571550.13248448,3568482199.234659
1789862400,LINK,12.416572914885847,452308154.3826664,9288837830.404518
1789862400,LTC,58.25899431575356,366675956.9192109,4522431521.780023
1789862400,SHIB,5.504150347826018e-06,93890496.66204992,3243259937.4670396
1789862400,SOL,111.01530437008863,3006804409.862018,65206776126.08057
1789862400,XLM,0.1961335830567005,277604557.71464336,6838641762.02901
1789862400,XRP,1.4099588207580518,3359600762.785301,88657096568.89412
1789862400,XTZ,0.3655749250487705,135648066.00107548,400887482.4778793
1789948800,AAVE,137.54858649782042,231556562.58106717,2122124242.5973299
1789948800,ADA,0.22789193394643248,456025995.071775,8551171563.211199
1789948800,AVAX,11.320773934355588,1570606247.3283467,5013785698.340266
1789948800,BCH,252.66781727855263,159071054.12293717,5076564648.061992
1789948800,BTC,81169.03511950027,23789617808.46851,1630456856533.6533
1789948800,DOGE,0.08727794041751935,788959301.528244,13615363626.186687
1789948800,DOT,1.134237283915615,208160379.35315418,1932401082.9037378
1789948800,ETH,2644.7349398187544,11749949626.385357,322828893559.51447
1789948800,HBAR,0.08646192767849811,237445248.13143644,3789773828.951858
1789948800,LINK,12.515622855556591,469692427.8394245,9362937088.090887
1789948800,LTC,58.72491224353903,295707519.4432015,4558799049.727823
1789948800,SHIB,5.483791645246209e-06,81841195.94027731,3231263755.437305
1789948800,SOL,111.15414771124425,3215613298.459114,65296160671.02726
1789948800,XLM,0.19723247363860413,196219292.42462698,6876955574.133366
1789948800,XRP,1.4102316069939922,2356907010.3523397,88674249151.86774
1789948800,XTZ,0.34962452975112795,22482531.480189342,383427697.54968774
1790035200,AAVE,145.83823480646873,389537016.4306791,2250108507.9539123
1790035200,ADA,0.24504152248723637,825019346.039312,9196178487.188627
1790035200,AVAX,11.22963226594034,1070386321.890381,4973747903.723019
1790035200,BCH,267.09472334771544,324351470.6457298,5366557298.367394
1790035200,BTC,86596.74004249526,61251744760.22805,1739520328890.6677
1790035200,DOGE,0.09980245749264037,2794843884.5353084,15570367663.107231
1790035200,DOT,1.206242496267486,241706370.16444644,2055267100.647627
1790035200,ETH,2775.1686826711957,27217607923.39273,338758308121.54047
1790035200,HBAR,0.09338713047147888,205431016.731214,4093317284.462392
1790035200,LINK,13.174962130760056,756434298.8994461,9856188780.370564
1790035200,LTC,61.98862752291407,585098532.5154474,4812373857.971999
1790035200,SHIB,6.043507441970599e-06,179475898.36927345,3561070103.3787513
1790035200,SOL,118.87215319676594,6829734088.816092,69829887212.69356
1790035200,XLM,0.21533901958851495,459674167.0594716,7521766837.775441
1790035200,XRP,1.5349840525522158,5921150531.230748,96518584355.29922
1790035200,XTZ,0.33985101757984354,12025429.916454276,372739252.61616427
1790121600,AAVE,147.83595123338552,290441402.38866204,2280949165.2163625
1790121600,ADA,0.2540226969927011,933731241.0058914,9533233541.934069
1790121600,AVAX,11.302807378963678,665873341.5171239,5006367411.966402
1790121600,BCH,344.96658805403973,1243873054.4335089,6931403915.9325
1790121600,BTC,86183.29442787907,43496653159.936775,1731252948699.2454
1790121600,DOGE,0.10035920391876493,2255256689.7981095,15658598622.466948
1790121600,DOT,1.2179310627906088,188235176.21272546,2075376275.017773
1790121600,ETH,2752.629093198004,16456702906.15831,336014807500.0825
1790121600,HBAR,0.09892559978264463,275707949.5606226,4336077845.158495
1790121600,LINK,13.034779125019648,599609976.8425605,9751317877.922094
1790121600,LTC,62.935098562137156,508729509.2402046,4886091742.138313
1790121600,SHIB,6.104350305612974e-06,205442406.19489285,3596921078.2249093
1790121600,SOL,118.50707502712261,4681883833.939867,69623770742.81317
1790121600,XLM,0.21601064494658484,404205465.39464694,7545841400.432458
1790121600,XRP,1.571302241663608,5968132785.943448,98802243389.77011
1790121600,XTZ,0.34746624526762987,9525842.775771009,381122232.34939384
1790208000,AAVE,138.91420097479622,401841639.115703,2143308463.6722236
1790208000,ADA,0.23845175140970679,760532889.8642993,8948870559.929762
1790208000,AVAX,10.256143295230954,676781442.8122911,4544035512.753447
1790208000,BCH,337.5777520640427,1128547735.6538677,6783130130.445668
1790208000,BTC,84382.39990356649,43737548353.46009,1695109174253.2031
1790208000,DOGE,0.09269308924276103,1856647000.4976587,14463822821.718643
1790208000,DOT,1.1016740150430273,229894306.4860811,1877428338.514209
1790208000,ETH,2684.342871490596,17829847307.081375,327686843603.20233
1790208000,HBAR,0.09046609810178279,171062363.6402998,3965283451.1510844
1790208000,LINK,12.351352197523846,615023345.1183107,9240046213.674915
1790208000,LTC,61.87754618246183,633153399.4500939,4804176443.868234
1790208000,SHIB,5.6410283887291335e-06,148612747.78811404,3323913747.902292
1790208000,SOL,114.98536485451598,4996230590.7756195,67562841669.511246
1790208000,XLM,0.20206417060256238,364701116.8492979,7058769909.117971
1790208000,XRP,1.50106804404108,5526200891.578135,94385972538.88704
1790208000,XTZ,0.324752989444469,8633176.666720623,356237182.8730811
1790294400,AAVE,146.8717416376066,310606658.3056101,2266090893.180637
1790294400,ADA,0.2475898310404945,576644255.2942017,9291814116.849768
1790294400,AVAX,10.199061988958038,547739319.7135407,4518759166.42259
1790294400,BCH,338.3930946607148,498637211.5984506,6799643314.700795
1790294400,BTC,84377.96508359577,38044738930.24391,1695061262169.533
1790294400,DOGE,0.09574821467137984,1165246562.4514694,14941794840.376926
1790294400,DOT,1.1549917541645571,183017090.71384507,1968474713.286394
1790294400,ETH,2687.1259839506374,14564506864.808453,328034207688.9713
1790294400,HBAR,0.09308183382867162,126788517.44951619,4079935611.5309114
1790294400,LINK,13.213625284353567,667882929.2502253,9885112684.430403
1790294400,LTC,71.92998617078028,1736973282.974708,5584934417.481866
1790294400,SHIB,5.770114234135504e-06,108469432.18929738,3399976154.5336766
1790294400,SOL,117.00949011781655,4291279359.180499,68760401251.94975
1790294400,XLM,0.217434566669741,360435258.99606043,7598079252.59261
1790294400,XRP,1.5339867896033,3882133443.8172355,96455877249.05971
1790294400,XTZ,0.3317486287784631,4503136.848075182,363941123.3055477
1790380800,AAVE,153.55303319530904,390878697.6640545,2369207749.421791
1790380800,ADA,0.2586209002898668,723140735.328117,9705799798.509289
1790380800,AVAX,10.648001657701961,617455359.1792153,4717812069.331714
1790380800,BCH,343.1542347444193,375553233.58070505,6895552411.815399
1790380800,BTC,84075.71659039952,35904911385.48042,1689021200315.1973
1790380800,DOGE,0.09894577126685326,1229797603.6113646,15442261346.054188
1790380800,DOT,1.2126066198016228,207097827.39450702,2066858661.263138
1790380800,ETH,2690.8886985219224,14335818784.962042,328500746742.66174
1790380800,HBAR,0.09564761722598837,157413469.0672294,4192398276.0489316
1790380800,LINK,13.925470731214936,926777930.0789816,10417644242.17448
1790380800,LTC,72.53011198259799,764868572.8307846,5631758171.226646
1790380800,SHIB,5.951777104896807e-06,107052053.84741825,3507018983.9591737
1790380800,SOL,122.0809849549597,6432199476.43399,71739905110.24655
1790380800,XLM,0.22019164789304943,538532721.7035297,7695734866.068809
1790380800,XRP,1.5681249917787932,6664201548.621162,98602460427.52014
1790380800,XTZ,0.3319922040248456,10726522.295778787,364237194.9820407
1790467200,AAVE,155.64560824521345,260223633.11215377,2401511516.410227
1790467200,ADA,0.25398238346446256,522972861.24002886,9533278017.865593
1790467200,AVAX,10.84347899687112,544125149.6511776,4804472400.802546
1790467200,BCH,335.96157622648263,185638906.00469768,6751120542.671729
1790467200,BTC,84416.7149816521,18033182350.132664,1695916693389.409
1790467200,DOGE,0.09673037942042319,669089331.8576666,15097825267.614603
1790467200,DOT,1.2417601741268998,231876243.29902518,2116736916.1079009
1790467200,ETH,2695.6048383919747,5851863209.137865,329084170100.4967
1790467200,HBAR,0.09350436513424769,80073443.97428364,4098455879.5824385
1790467200,LINK,14.144075493670789,582938066.7927648,10581182458.502443
1790467200,LTC,72.55379118766604,556856210.3199241,5633889731.189618
1790467200,SHIB,5.927965581457478e-06,92765806.36876301,3492988217.745468
1790467200,SOL,121.3788030542415,2956417713.452878,71335814083.14082
1790467200,XLM,0.21646512885499122,193273253.5608716,7569825244.550064
1790467200,XRP,1.5272732798523756,2502370849.5292034,96033737060.60803
1790467200,XTZ,0.32917796362579366,7679351.95673305,361178474.3998151
1790553600,AAVE,154.53109791982658,257253570.6490661,2384321600.454088
1790553600,ADA,0.25502359864670776,399399175.70779467,9572360231.652893
1790553600,AVAX,10.901275376513528,544563791.4154353,4830101353.081464
1790553600,BCH,332.35867252306974,268885142.9943563,6678836811.395314
1790553600,BTC,84448.75015162026,21929060307.609814,1696599373991.094
1790553600,DOGE,0.0968559421903277,808703233.4669272,15118717291.785921
1790553600,DOT,1.267704162491839,215910537.2051621,2161153801.8796954
1790553600,ETH,2687.5352894478456,8833449436.595728,328106879703.77484
1790553600,HBAR,0.09579504390061322,108866924.75703469,4198860238.683938
1790553600,LINK,14.017368038274775,418778661.1113961,10486392614.868073
1790553600,LTC,71.2719596348454,328435234.8310914,5534617665.989735
1790553600,SHIB,5.918046473272557e-06,86023994.08256978,3487143492.848811
1790553600,SOL,121.95552902058392,3956771955.139636,71683336880.468
1790553600,XLM,0.21574381289974903,198259918.6115669,7544599071.193654
1790553600,XRP,1.5164581588114048,2739080340.0164757,95353690795.1305
1790553600,XTZ,0.32096005282908496,5061920.598398247,352190240.1884212
1790640000,AAVE,149.41969111557967,305667627.3228636,2305522948.9166994
1790640000,ADA,0.24719014187557156,684670641.5342674,9278329912.614555
1790640000,AVAX,10.607096374846078,622284822.773578,4982766185.529427
1790640000,BCH,310.2936199699971,318959140.42473996,6235576193.770526
1790640000,BTC,83479.2543356063,41541721154.86327,1677138373123.666
1790640000,DOGE,0.09389239227656859,1133313145.3706894,14657398302.316292
1790640000,DOT,1.181390546242565,237522532.58019453,2014191951.4443378
1790640000,ETH,2687.921688219616,17048616414.52823,328161568756.54565
1790640000,HBAR,0.12201440455501751,1508691178.6526742,5348099556.783038
1790640000,LINK,15.439985573182222,1383386542.0855691,11550652750.658255
1790640000,LTC,69.20679936843634,621994018.618503,5374464101.733637
1790640000,SHIB,5.6788529139565684e-06,109713356.45412602,3346201328.267497
1790640000,SOL,118.8201788844008,4120285685.7167687,69848794578.2706
1790640000,XLM,0.23219850730286334,811678204.8995317,8129642075.419307
1790640000,XRP,1.4958560963437109,4343694143.006382,94058249385.90216
1790640000,XTZ,0.3131913015955118,7766667.112640988,343693562.3540309
1790726400,AAVE,165.23613592480058,768737905.5191267,2550251170.908318
1790726400,ADA,0.24440072614802122,520227885.80225945,9173628652.3326
1790726400,AVAX,11.434247955619284,1160768092.163881,5066449525.377465
1790726400,BCH,307.6296221517292,245115493.4781622,6182159463.300358
1790726400,BTC,83640.10160067653,29007802596.080124,1680405670009.9465
1790726400,DOGE,0.09385910208087918,779106478.4176809,14653259212.669155
1790726400,DOT,1.1928793812086975,214425508.68621483,2033958617.680865
1790726400,ETH,2677.3845041515556,15609520153.835028,326882384721.9066
1790726400,HBAR,0.10233608185405532,517304909.4532092,4485565093.755768
1790726400,LINK,14.60433092508257,868437737.144922,10925499533.129488
1790726400,LTC,66.80685516771058,391279730.3101144,5188350949.262762
1790726400,SHIB,5.753858988886751e-06,105524457.15105838,3390397445.951019
1790726400,SOL,119.09316711111971,3653483979.6984057,70009074717.07007
1790726400,XLM,0.22244186807532176,514112733.7019048,7789819433.437433
1790726400,XRP,1.4901410888355973,3821565285.524099,94017435881.5013
1790726400,XTZ,0.3119822436248032,6703806.058177197,342394691.61446214
1790812800,AAVE,159.43108958499548,417985175.8669915,2460673049.3952622
1790812800,ADA,0.24649722541772195,480668400.0247596,9252321158.992638
1790812800,AVAX,10.935438844474955,609716561.4108804,4845619163.566077
1790812800,BCH,306.13488762079925,209485328.7398667,6152275134.278968
1790812800,BTC,83576.13460018387,35066512389.815475,1679120514824.0454
1790812800,DOGE,0.09450591689891878,1013021906.9795883,14755785894.819185
1790812800,DOT,1.2223635316621038,192353197.51007652,2084419569.2544315
1790812800,ETH,2684.708553282074,13831956665.772991,327783962324.3409
1790812800,HBAR,0.10474865880246001,294733238.7775892,4592993421.203648
1790812800,LINK,14.36286375974679,609604261.0895678,10744857953.883211
1790812800,LTC,67.18516809818716,385492015.6782994,5217949403.53799
1790812800,SHIB,5.747503082945649e-06,91542461.73669924,3386652197.2674313
1790812800,SOL,118.04003762291576,4256541061.036034,69408176724.12474
1790812800,XLM,0.22637002063135925,355403331.64324194,7927942756.633773
1790812800,XRP,1.489571118776362,3078994480.906746,93981474774.26117
1790812800,XTZ,0.3166272605594623,8588320.621657515,347523942.58309126
1790829030,BTC,83830.97241001323,35592523394.83046,1684071488381.7917
1790829040,ETH,2696.5367789320294,13981515721.222588,329238125779.33215
1790829050,LTC,67.4604024954569,388200090.66490257,5239363062.521178
1790829050,SOL,118.53806704703909,4315816039.037935,69701000709.29391
1790829050,XRP,1.499553721983807,2877033179.9629993,94611306918.35689
1790829080,ADA,0.25140118547911217,492169648.51000553,9436744762.432356
1790829080,DOGE,0.0956266245634172,1004015860.9085376,14931573210.46978
1790829110,LINK,14.495105774282711,596445086.175356,10844653765.981129
1790829120,DOT,1.248888614147409,200842837.78197137,2129655742.4063153
1790829130,AAVE,167.4444227089038,414552637.01702565,2585711858.8658524
1790829140,HBAR,0.10553478167363564,276678230.0269862,4627177062.074452
1790829140,SHIB,5.821650324903268e-06,90817662.97159413,3430281298.59188
1790829150,AVAX,11.098126730668872,629276108.072269,4920279295.439846
1790829150,BCH,307.29007365577445,208769503.0556808,6180471280.393126
1790829150,XLM,0.2283134221170107,350169500.1105114,7996377826.736857
1790829180,XTZ,0.3189447608508383,7552208.582280342,350069933.6691276
1790892190,BTC,84664.67239525315,33574602201.887318,1701157307536.527
1790892210,ETH,2698.461067283241,13876065602.247797,329470887535.3596
1790892210,SOL,118.00461710066199,3419716724.8663464,69395668302.92395
1790892230,ADA,0.2465295981652834,501312950.32597935,9252437326.025286
1790892250,XRP,1.4936033158145918,2537401788.6530185,94197704583.4327
1790892260,DOGE,0.09427736357856659,679944852.9797488,14715067321.62364
1790892260,DOT,1.175600286765493,185292039.85263702,2004474080.9277205
1790892260,LTC,68.5945946339952,321919937.7559257,5327642587.542782
1790892270,AVAX,10.976323683693693,506255976.85587937,4864872385.809177
1790892290,LINK,14.311364214909545,434714588.50035053,10703214970.710215
1790892310,AAVE,171.29350091482382,492297842.41265243,2644083247.007372
1790892310,BCH,309.3030836887766,168451212.65096226,6215744191.036984
1790892320,HBAR,0.10242640685989018,197880784.2918393,4491459566.695355
1790892320,XTZ,0.32363692709415554,7451761.99625695,355245340.9214708
1790892340,SHIB,5.769513856481251e-06,82837917.26363459,3400592110.7011504
1790892340,XLM,0.21938837098125674,252665261.4131305,7683986973.695466
1790895390,BTC,84724.41035838755,33815019138.584774,1702301334450.615
1790895400,ETH,2702.1730772412798,13914183876.385054,329917466896.3079
1790895430,DOGE,0.09414211620032537,659120155.2659764,14700190372.17083
1790895440,DOT,1.1737511221076395,180982616.99882168,2001670635.248705
1790895440,SOL,118.16696173940502,3428093501.20166,69500339731.86098
1790895440,XRP,1.4927889758162876,2425075909.6231484,94194550970.54124
1790895450,ADA,0.24590741145563488,499530269.5794824,9230684836.150639
1790895470,AAVE,171.99991989609177,507028382.02295554,2654267417.467281
1790895470,LTC,68.17233974656159,323865817.5439944,5294015901.190155
1790895480,AVAX,10.97387212941734,520583776.55374914,4863334071.42752
1790895480,LINK,14.311897325013941,435478125.6375659,10706553056.696236
1790895510,BCH,309.3897836065518,170038631.42278463,6215911614.1883
1790895520,HBAR,0.1025854744520522,195856204.03213686,4511359307.60574
1790895520,SHIB,5.771316651071825e-06,83084360.22418863,3400710740.0333734
1790895520,XLM,0.21899476009297392,250661501.95275107,7667514660.683606
1790895550,XTZ,0.32182499656643987,7400296.568232162,353256793.22946435
1790898270,BTC,84812.5011564909,33400917268.72851,1704228042521.137
1790898290,ETH,2704.6547316398114,13792113603.869,330227137124.9841
1790898290,SOL,118.36240328856982,3317511134.1528454,69606100248.52643
1790898310,DOGE,0.09419201569699144,697887940.5012571,14707982125.002321
1790898320,ADA,0.2459410693547293,491830207.99815655,9232946782.9098
1790898320,XRP,1.4922584122207045,2503035335.261091,94151024114.91835
1790898330,LTC,68.04427000608351,319885814.64374155,5284700176.1175785
1790898350,DOT,1.175706169270632,179351044.41650885,2005469049.7007174
1790898350,LINK,14.338805363787342,433435407.11884725,10728327851.636421
1790898360,AAVE,171.8037691278211,514841499.933212,2651778618.8654466
1790898370,AVAX,10.984870970137072,514295641.50055045,4869146614.279861
1790898390,BCH,308.63184137231553,168518125.51499876,6203639217.010746
1790898400,HBAR,0.10246439326904723,184296216.73848128,4508203166.709839
1790898400,XLM,0.21885574183033418,245580437.30163854,7667259164.907236
1790898410,SHIB,5.772312969974952e-06,82273198.03094234,3400619941.0735006
1790898420,XTZ,0.32459627596304974,7447317.995734592,356378484.12864476
1759363200,ALGO,0.2209267304680901,113237381.7019338,1941520133.1818364
1759363200,NEAR,2.832679038624013,301460408.0944889,3533517605.4718547
1759363200,RENDER,3.552384939230098,72480930.52375521,1839927837.150292
1759363200,WLD,1.3180747026645867,208448915.7074485,2839360536.337505
1759363200,ZEC,120.15387545287092,744522282.5353489,1958785315.2511368
1759449600,ALGO,0.2253138819953084,112760435.34617804,1976184006.1468525
1759449600,NEAR,2.972236337388255,312593793.08469635,3712348972.405452
1759449600,RENDER,3.649892542370038,82585230.95182624,1892652791.178468
1759449600,WLD,1.355477845385866,298725568.67219496,2920942628.5905657
1759449600,ZEC,131.21225564668927,1169024378.002047,2133738268.8147984
1759536000,ALGO,0.2250809379537751,94124972.6076982,1978443448.666813
1759536000,NEAR,3.035855694068088,333800313.33901995,3792790741.853528
1759536000,RENDER,3.609696188795573,85009394.66644022,1873486413.315619
1759536000,WLD,1.3393691866500728,301236549.16671306,2893950951.546768
1759536000,ZEC,127.53623734525152,572742800.0456996,2090195096.635407
1759622400,ALGO,0.2196271027511734,88371592.23987027,1931295670.2959569
1759622400,NEAR,2.963909360578638,204644567.92238393,3706417381.5258026
1759622400,RENDER,3.4970784232843894,58921034.494568825,1814816875.032688
1759622400,WLD,1.2707115226260028,154327609.9331767,2740536811.512323
1759622400,ZEC,157.3392787488459,675782865.2462653,2570585881.5792847
1759708800,ALGO,0.218387977431138,83645205.24635428,1924465948.532194
1759708800,NEAR,2.955387835408151,358494352.17646796,3694603274.7236223
1759708800,RENDER,3.480659587839077,69426734.87561917,1805016516.357332
1759708800,WLD,1.2552083245049892,199496122.35191092,2708536477.045871
1759708800,ZEC,165.7141280325909,573328165.4293319,2710041206.428195
1759795200,ALGO,0.2294633886631768,105494183.29065982,2018580820.324542
1759795200,NEAR,3.0641811136989094,303548265.27254397,3811643450.074354
1759795200,RENDER,3.611472755703209,73353686.26359147,1865712187.263196
1759795200,WLD,1.3131216980777352,245309712.89144135,2850785211.2509627
1759795200,ZEC,157.11732155612032,499921315.5785864,2553720302.2667313
1759881600,ALGO,0.2188478247731896,97229567.55417672,1927065873.8101993
1759881600,NEAR,2.9514403588047524,358759770.6297744,3689886615.844883
1759881600,RENDER,3.368293201471091,85617350.79628472,1746206318.6430895
1759881600,WLD,1.1930101112464826,280960678.1318534,2606305040.103667
1759881600,ZEC,127.88151226117724,554002193.1918575,2086695564.1807303
1759968000,ALGO,0.22419261230850548,81261726.67056158,1973570244.6807473
1759968000,NEAR,2.965815816655993,278467077.84013754,3705436737.613396
1759968000,RENDER,3.3535538058949688,71389807.24041395,1735480419.2956252
1759968000,WLD,1.2771218267892743,220182421.44449753,2791142215.5038247
1759968000,ZEC,175.5783770671204,754515200.0959213,2876056521.584043
1760054400,ALGO,0.220654511375312,78837869.51657628,1944517988.4001944
1760054400,NEAR,2.8826841082062313,282583644.14015263,3603167841.23474
1760054400,RENDER,3.240763704928666,91754922.45294385,1681070753.3249316
1760054400,WLD,1.1991789648399205,193470002.8829592,2619356610.8526073
1760054400,ZEC,213.64839600701333,1017905086.8968108,3491766941.0475674
1760140800,ALGO,0.1755342090886952,251401747.6423997,1555774561.6913538
1760140800,NEAR,2.3844276949519823,1021204788.7272288,2992428730.932069
1760140800,RENDER,2.329869356197665,277866529.7343139,1204446828.8119864
1760140800,WLD,0.8780786233925107,801283742.5645579,1957365926.3428447
1760140800,ZEC,229.2593080694026,1667544827.1849,3744398990.3230367
1760227200,ALGO,0.18174523145532884,219806520.98734117,1604567063.816172
1760227200,NEAR,2.299405015775013,511816523.72600675,2875623302.6932817
1760227200,RENDER,2.370304556786279,187858156.26279652,1229093687.0074651
1760227200,WLD,0.9178004794658848,455047547.2210132,2017512829.5320716
1760227200,ZEC,293.0956233563993,1620649039.770729,4790671289.060395
1760313600,ALGO,0.2031606670862745,126917772.48035602,1786949490.0037975
1760313600,NEAR,2.4618846232362843,438702562.90164894,3075799642.1397047
1760313600,RENDER,2.736002078211195,104831833.65247165,1418482277.676016
1760313600,WLD,1.0018108328208717,297910733.20204633,2203259341.9981384
1760313600,ZEC,261.28568078351356,1045315455.5594704,4266039900.6718416
1760400000,ALGO,0.213205312933534,110879992.13735531,1877918181.0222397
1760400000,NEAR,2.618804027708316,445472805.42972904,3270021066.073509
1760400000,RENDER,3.0533536988635706,169956184.31556952,1580975278.6733696
1760400000,WLD,1.0105573311218947,332749599.16236734,2229343643.65886
1760400000,ZEC,249.76038881758237,760443823.063963,4082763759.881635
1760486400,ALGO,0.20530410365178692,149219939.84662783,1808465753.1534388
1760486400,NEAR,2.463124963472779,384392764.19846934,3079047885.151438
1760486400,RENDER,2.8543799325175776,128688720.32881312,1480236074.9123237
1760486400,WLD,0.9590249955632266,234184423.5859968,2121037082.5541415
1760486400,ZEC,247.97096854651684,874773230.0000305,4047750367.4301586
1760572800,ALGO,0.19636776762294297,104751252.90710494,1729758888.4811618
1760572800,NEAR,2.3269988109019386,268262872.70555863,2908340675.9782667
1760572800,RENDER,2.6799562571107622,71856051.10123518,1389784086.930293
1760572800,WLD,0.932534428326564,184735499.23532537,2065177686.1665895
1760572800,ZEC,229.8183359735714,797024576.6011655,3750856819.1326585
1760659200,ALGO,0.184762353960074,110446351.8348677,1629219456.7967331
1760659200,NEAR,2.198306604223472,244972087.86046293,2745564083.338198
1760659200,RENDER,2.5247957929243037,82323466.42987745,1309293267.6227512
1760659200,WLD,0.897231626242501,222721412.58679283,1988771377.5154583
1760659200,ZEC,204.53340729526244,596045754.4554939,3344582376.4544525
1760745600,ALGO,0.17750186048891034,116747631.87156276,1563511776.3283494
1760745600,NEAR,2.1517524206789487,257496505.47943023,2689533677.4380274
1760745600,RENDER,2.453608796249396,95809254.31627126,1271979998.3250222
1760745600,WLD,0.8726771519105697,220184650.618504,1935376629.4399304
1760745600,ZEC,217.4053464328621,805588231.1496073,3549224437.8685484
1760832000,ALGO,0.18003685324075647,65311669.60687918,1582391109.3179328
1760832000,NEAR,2.166678362946893,114116013.01379237,2708037760.271376
1760832000,RENDER,2.4808701320632203,37322466.12945874,1286143237.5666256
1760832000,WLD,0.8863072897055264,85198505.24525572,1967867973.163507
1760832000,ZEC,220.987020510236,401087311.7865861,3606438919.8111305
1760918400,ALGO,0.18355205983636055,47324186.02990496,1617320163.1790748
1760918400,NEAR,2.258222882403365,177656155.55197042,2822636896.2276006
1760918400,RENDER,2.531280818935176,52455977.88491474,1313556809.0767145
1760918400,WLD,0.9120653786765186,131138962.32287936,2023418941.6594
1760918400,ZEC,235.5366094473388,479361970.17764497,3867313863.142096
1761004800,ALGO,0.18683136825487823,84062306.61470284,1647241808.3411844
1761004800,NEAR,2.2606546996389514,176904610.30390358,2824633211.841606
1761004800,RENDER,2.565728474536704,53794898.90873179,1330702337.2467792
1761004800,WLD,0.9174464491888266,138397118.96416372,2036761640.378025
1761004800,ZEC,268.63388684496107,752692198.584982,4386004703.790339
1761091200,ALGO,0.18110048866600284,93881398.6686764,1597255240.582734
1761091200,NEAR,2.2204451677791446,223292763.76561263,2777517379.9897356
1761091200,RENDER,2.47012945702705,66110620.30501907,1281903807.934563
1761091200,WLD,0.8880127073779077,206093447.82632053,1971567420.6540928
1761091200,ZEC,263.24904175469686,916715260.671493,4303702121.209618
1761177600,ALGO,0.1781057576501599,99171977.32995112,1572131661.783018
1761177600,NEAR,2.164862506719343,192111796.04700372,2705732127.812939
1761177600,RENDER,2.3851120311858875,58019140.179715306,1236691065.7139337
1761177600,WLD,0.8429396800224901,182125760.00537896,1872885460.9614544
1761177600,ZEC,238.47015514827632,699311523.9036604,3903195731.996216
1761264000,ALGO,0.18124047998141396,53386025.89435657,1597160264.8468316
1761264000,NEAR,2.2030300943611154,157587135.91648903,2751588407.58561
1761264000,RENDER,2.4603865891958083,56481924.80009666,1275350451.116604
1761264000,WLD,0.863805986198289,160432978.2790859,1937106501.3113165
1761264000,ZEC,243.11025015165947,466723698.7552273,3971912975.166303
1761350400,ALGO,0.1856699489726319,59115389.06737201,1636955999.591683
1761350400,NEAR,2.2724081197910473,143460312.42193103,2902294363.6787977
1761350400,RENDER,2.4660813449568137,52289644.238840684,1278710313.279245
1761350400,WLD,0.8962129735299005,159883964.3075314,2013115357.4287744
1761350400,ZEC,270.5618145714378,539983184.2168334,4434675657.85033
1761436800,ALGO,0.1852228936537317,26296584.3071052,1634184559.776343
1761436800,NEAR,2.279947643702062,98386501.10471795,2913060528.70438
1761436800,RENDER,2.473794225861945,42704087.516192175,1283062595.627762
1761436800,WLD,0.89458209707152,89568088.06944609,2010009183.0319204
1761436800,ZEC,275.3177136204163,381021337.98573345,4499782971.92694
1761523200,ALGO,0.19098437874072768,58355816.096359275,1683525962.5360076
1761523200,NEAR,2.368170975401614,154231018.65275383,3027728235.8626256
1761523200,RENDER,2.5777753285522276,54017443.38229826,1336450816.925047
1761523200,WLD,0.9476833201003632,202419169.3278032,2128730714.2510495
1761523200,ZEC,327.51012220887975,1384298646.466958,5368162850.246249
1761609600,ALGO,0.1858141902154,61831822.7042627,1633350057.9258406
1761609600,NEAR,2.331368860010126,187518246.79532224,2980553597.6593227
1761609600,RENDER,2.4960906151908566,62935298.320685595,1294225082.497951
1761609600,WLD,0.9043857583081772,149199146.85139608,2042240661.3223977
1761609600,ZEC,341.20271986103637,1008590862.4846908,5589714940.402669
1761696000,ALGO,0.1846080686646628,135550493.2085121,1624212070.2404385
1761696000,NEAR,2.2350287434963163,209496223.83123764,2860296300.867797
1761696000,RENDER,2.4261703590528687,57927461.93018395,1259240019.0609677
1761696000,WLD,0.8696847226917214,136887809.79477662,1964940263.140255
1761696000,ZEC,315.9646098548533,729135744.3501453,5172752881.000352
1761782400,ALGO,0.18371640891483176,64435301.95899611,1615085827.5811932
1761782400,NEAR,2.2759709989980106,187455922.3238126,2908453550.649866
1761782400,RENDER,2.3896030098340844,67975260.89925562,1238988980.7847412
1761782400,WLD,0.861081015624656,150243691.0095284,1944188760.14722
1761782400,ZEC,350.5504449220746,785658421.4682808,5762616875.138476
1761868800,ALGO,0.17344301290677197,107390142.71834072,1524588005.4439056
1761868800,NEAR,2.09741953223503,211242208.39362055,2681789912.991569
1761868800,RENDER,2.2324645816774433,73615280.30043556,1157726755.361801
1761868800,WLD,0.797295417619497,176509183.27503988,1810768771.740959
1761868800,ZEC,343.90674630363327,1013625884.4007837,5651899227.820012
1761955200,ALGO,0.17737135613825536,57470755.34928591,1559415810.329065
1761955200,NEAR,2.098611657531523,174886906.3241129,2683686371.285342
1761955200,RENDER,2.228185098981134,45276821.450907975,1155275842.1416614
1761955200,WLD,0.7989705463742802,117217853.55307208,1814394038.684855
1761955200,ZEC,404.7621299797708,1468192407.3489392,6626876046.4154005
1762041600,ALGO,0.17931072091906303,57207675.51844482,1573094290.7723455
1762041600,NEAR,2.1728155981784303,176918575.64403105,2779714562.0254154
1762041600,RENDER,2.331199032175709,52357449.20372138,1208138671.4636817
1762041600,WLD,0.8716851148683812,233802089.71605933,1977949651.4685736
1762041600,ZEC,411.60325332005885,1169288368.5758083,6751570483.450183
1762128000,ALGO,0.17839770346616843,43487780.62982433,1568746930.3141637
1762128000,NEAR,2.1923867200317235,107416918.96096696,2805563706.14107
1762128000,RENDER,2.291721555675267,44778529.62906952,1189115820.948158
1762128000,WLD,0.8427495712425033,113541911.09940808,1915141563.6284516
1762128000,ZEC,417.7494920291106,957014096.3864918,6834604111.235469
1762214400,ALGO,0.15980017115644796,129926230.19015048,1404738727.381166
1762214400,NEAR,1.9096548460467897,306631634.2898319,2440897337.592624
1762214400,RENDER,1.998861075143597,84997179.76064165,1037058192.4541416
1762214400,WLD,0.7278340122603648,231792430.52659371,1653525128.8473706
1762214400,ZEC,432.0111207370554,1045068010.6348482,7054290523.447647
1762300800,ALGO,0.15408744012329362,110018565.03746104,1356159335.325734
1762300800,NEAR,1.833863848105944,368836988.6350252,2347273427.8540416
1762300800,RENDER,1.863428218269245,106100773.0241938,967083673.2797902
1762300800,WLD,0.7040188628341087,260938859.38591817,1598732099.1198742
1762300800,ZEC,443.2769272224937,2650034233.625278,7271920565.27363
1762387200,ALGO,0.1615487473839657,72011625.46061942,1423725269.9176743
1762387200,NEAR,1.950826099368939,248993587.2424118,2495687387.27648
1762387200,RENDER,2.0229387885052024,77044320.97015588,1049615749.169518
1762387200,WLD,0.7393714013737599,142410452.3418555,1680258861.8407772
1762387200,ZEC,479.9682969981689,1598515900.9058878,7850984651.688283
1762473600,ALGO,0.15705121158702742,62846853.53723883,1383204286.1723764
1762473600,NEAR,2.0951328122433943,434037953.91734093,2673667354.9441075
1762473600,RENDER,1.939585005780123,51324294.8875352,1003788854.2599292
1762473600,WLD,0.7039515533901552,118061709.08474194,1598316958.7957046
1762473600,ZEC,532.3390878396124,1653485830.3684535,8715747932.764591
1762560000,ALGO,0.18205153895961015,110381520.76470804,1589483086.5611129
1762560000,NEAR,2.7797335474430924,1616250353.2016697,3551752028.525895
1762560000,RENDER,2.4581023618368794,340802424.95549,1271817679.2700596
1762560000,WLD,0.8411566218505383,330303679.7236559,1892475284.608452
1762560000,ZEC,649.8903462844702,4318390193.84194,10558940088.209375
1762646400,ALGO,0.17773644704083344,74994980.3169274,1563583286.182666
1762646400,NEAR,2.965591175575842,1403457134.788647,3755402900.670468
1762646400,RENDER,2.308293386223711,150726636.31984362,1198992798.4341686
1762646400,WLD,0.8163943801371936,161146724.2769011,1853526318.112997
1762646400,ZEC,597.2849770568632,4008428896.514977,9864085932.108831
1762732800,ALGO,0.17786541823057275,69698373.17847432,1562262129.054015
1762732800,NEAR,3.0519107318170433,1147779593.764158,3904352206.8788342
1762732800,RENDER,2.4063818637625705,104850694.06670292,1245564341.719639
1762732800,WLD,0.8165095685869999,151072524.16959345,1851329928.553108
1762732800,ZEC,614.3728973117106,2188501643.7736363,10048504740.910246
1762819200,ALGO,0.188781707921568,95482180.40941264,1659939835.548165
1762819200,NEAR,2.788501058937821,778146787.5254617,3571020568.741829
1762819200,RENDER,2.518093497289959,178351778.06636825,1306342419.148124
1762819200,WLD,0.8301918368690502,149614078.89473078,1882886399.8138824
1762819200,ZEC,523.0839257742082,4101767184.7907567,8533782098.950956
1762905600,ALGO,0.1778108970247877,83325067.17912494,1562566997.1314442
1762905600,NEAR,2.5497814871320545,496039846.2053594,3260884188.7747674
1762905600,RENDER,2.318200556753439,92059017.74995638,1202397662.8840148
1762905600,WLD,0.771283828889969,148594999.67302993,1751183166.0672536
1762905600,ZEC,445.9729249925471,2349145069.687629,7299193893.364437
1762992000,ALGO,0.17172508226159883,58674620.05504663,1509976776.6144516
1762992000,NEAR,2.5317999686560557,362531194.6573165,3240240521.3333755
1762992000,RENDER,2.3252314206207347,126985394.19002056,1203682228.1894886
1762992000,WLD,0.7607300421691238,129465369.23375072,1726763374.5687726
1762992000,ZEC,505.48002899275656,2248903447.1712065,8334338534.855656
1763078400,ALGO,0.167731353148616,89873618.92176327,1479309576.6061275
1763078400,NEAR,2.4447453834415755,372732897.2480121,3134505578.3473916
1763078400,RENDER,2.324241736568304,117417194.5645682,1210773201.7440414
1763078400,WLD,0.7437052644521205,155886743.6716619,1693380993.593202
1763078400,ZEC,517.8020446619167,1713410601.6815894,8485608822.128363
1763164800,ALGO,0.16073533910142526,90256465.69217873,1414960870.6277332
1763164800,NEAR,2.357534121373083,436842608.7506436,3015707912.5560794
1763164800,RENDER,2.0967219766305845,106157912.28269768,1087539896.8847146
1763164800,WLD,0.7052536387737646,163467392.1747798,1636229954.419775
1763164800,ZEC,608.1992224487858,2301947104.95869,9903707114.019337
1763251200,ALGO,0.16318353621874152,59596352.467443384,1438502753.172374
1763251200,NEAR,2.407282967972438,425053265.84609103,3081006369.433096
1763251200,RENDER,2.135472218558791,58790008.897882685,1107167905.6039555
1763251200,WLD,0.6993024038396513,101866306.83289972,1623408884.8453496
1763251200,ZEC,666.1984712288283,3136102727.4621987,10976054438.901794
1763337600,ALGO,0.1588154626699042,71053399.9753581,1399925529.2307756
1763337600,NEAR,2.2893776345388055,512338119.3348208,2932592217.6426363
1763337600,RENDER,2.0151717441691,79673283.01167254,1047396976.1407744
1763337600,WLD,0.673235284755824,133321939.22541596,1564349988.236821
1763337600,ZEC,697.2496833579012,3848000908.678361,11451964594.75457
1763424000,ALGO,0.1523032425102095,69099379.3468005,1337676001.0401697
1763424000,NEAR,2.2589639759336575,461415648.2913801,2891096624.02421
1763424000,RENDER,1.9295528774494852,85096173.94733159,1000945966.692802
1763424000,WLD,0.6511114539937972,133718753.71392848,1517636141.606488
1763424000,ZEC,613.612877082541,2340186974.9928594,10051287264.819452
1763510400,ALGO,0.1567849468449974,60765895.31201187,1379271430.0551205
1763510400,NEAR,2.2754281158134027,513132322.8687635,2916043573.747534
1763510400,RENDER,2.066961609628553,107203080.81517056,1069408556.3729024
1763510400,WLD,0.6858652191662249,136032255.97641012,1598031405.6843696
1763510400,ZEC,624.2432807670978,2444020102.496242,10220964896.233503
1763596800,ALGO,0.15174081340108242,69786597.37033258,1335037660.6116724
1763596800,NEAR,2.369001265284505,501850799.0834704,3029068556.059795
1763596800,RENDER,2.034836371914045,96431266.43464704,1054040605.2298136
1763596800,WLD,0.666480587029465,116588944.9384588,1557993994.55065
1763596800,ZEC,672.6149268346635,2181808542.172238,11021635513.18029
1763683200,ALGO,0.1439171120453925,69101658.93963628,1267114426.7932
1763683200,NEAR,2.072032298604404,490158858.31188434,2652346955.9352274
1763683200,RENDER,1.9011194680146353,98006611.76883917,988381186.4830582
1763683200,WLD,0.6543000738630607,178118593.77907902,1530269932.301579
1763683200,ZEC,657.7678669238336,1841078251.7128077,10863591885.357471
1763769600,ALGO,0.13690181809905053,104055949.14756338,1204097877.2187965
1763769600,NEAR,1.8629542898612932,518867075.5073709,2385230611.9914207
1763769600,RENDER,1.6907462966410278,138239037.161466,876861508.5876778
1763769600,WLD,0.5926735280303826,241643607.5321934,1384253120.9816403
1763769600,ZEC,547.71211384534,2428935079.7271247,8982830685.68637
1763856000,ALGO,0.13559771879529925,45883120.651858725,1192521012.0132225
1763856000,NEAR,1.8416872930862576,246683520.43664604,2357092228.0478325
1763856000,RENDER,1.7342735774893971,58451910.61041764,899013237.0850011
1763856000,WLD,0.6050327114911489,121427107.63354924,1413629748.432229
1763856000,ZEC,519.0072726084929,2513868006.7752023,8489965784.805699
1763942400,ALGO,0.143764952922363,43368931.82638524,1264122027.0019438
1763942400,NEAR,1.821509561391569,230146133.65063852,2333404593.256569
1763942400,RENDER,1.7111714874298225,55335501.62911907,888466412.0559896
1763942400,WLD,0.6089101890853852,108738721.66431776,1423689634.1330388
1763942400,ZEC,572.4570117029837,1449088040.6374438,9388715152.809246
1764028800,ALGO,0.1437230656651169,57168860.41963388,1264194498.2115786
1764028800,NEAR,1.9066164745093443,359602985.502331,2444252531.3086967
1764028800,RENDER,1.8384650568732397,71037535.00010303,952967915.9462948
1764028800,WLD,0.6360864740683135,139831700.22062352,1497994508.7740111
1764028800,ZEC,519.0730613210984,1269518769.9829557,8512104504.246627
1764115200,ALGO,0.14637331298644946,44656764.35664929,1290733682.3909943
1764115200,NEAR,1.9121650287347869,262049005.8967499,2449110546.128008
1764115200,RENDER,1.8164243646144236,59710766.37841418,942598994.5660256
1764115200,WLD,0.641005128200481,99485809.17349575,1510061966.7915428
1764115200,ZEC,510.3155118392615,1159165305.119228,8372567268.611716
1764201600,ALGO,0.14628594584232013,45967071.97005443,1287467623.5946243
1764201600,NEAR,1.937146397238588,171445243.2238227,2481472890.2664523
1764201600,RENDER,1.8258661411814243,48055132.066996545,946898262.5038892
1764201600,WLD,0.6562224943963173,93393124.6048582,1545591932.9315383
1764201600,ZEC,526.4442930534524,972196281.0430524,8638515887.574186
1764288000,ALGO,0.1443642779577701,30819680.15557172,1271171858.413037
1764288000,NEAR,1.907384579074061,137207670.57251975,2444255636.5683255
1764288000,RENDER,1.7952031564980655,51492819.26898051,929351874.0097226
1764288000,WLD,0.6532554330196854,93483715.12568729,1542766067.169041
1764288000,ZEC,489.2703373133788,852162069.350714,8027460816.496823
1764374400,ALGO,0.1435588421794979,44027522.57401536,1264559332.1452038
1764374400,NEAR,1.8791149691835336,154607576.49717447,2408489664.9893813
1764374400,RENDER,1.7954208384744397,55766593.16800331,931109589.1580416
1764374400,WLD,0.6494209695188305,110628072.90538076,1537316410.0148623
1764374400,ZEC,453.06914689087074,866054665.190028,7440490724.714347
1764460800,ALGO,0.13950572008297987,25243457.443002548,1232583185.717377
1764460800,NEAR,1.8526289551266504,101333640.80069932,2373959596.3805327
1764460800,RENDER,1.7647501284534497,26629130.348941,915407590.769728
1764460800,WLD,0.6315568000722415,75555841.15407303,1495070520.4251466
1764460800,ZEC,460.02465390453006,543531148.3833289,7533159297.106343
1764547200,ALGO,0.13711258515879346,34806143.988716915,1209736764.8222606
1764547200,NEAR,1.807968774946323,108395980.77947016,2322974840.433194
1764547200,RENDER,1.7148860417492864,33226799.44041378,894779061.5732441
1764547200,WLD,0.6235904040508906,83340519.43294157,1478771323.0202324
1764547200,ZEC,428.75915630248824,713823932.6788422,7045403276.678822
1764633600,ALGO,0.13046285328025706,58937430.945217304,1148268877.3029995
1764633600,NEAR,1.627581061022935,251438862.9689022,2086323765.3301525
1764633600,RENDER,1.567226697644217,62825786.127116024,812472784.7703385
1764633600,WLD,0.5752187237510289,129115479.1270714,1360183975.9720066
1764633600,ZEC,344.92883298393355,1599372776.0727267,5637903383.26602
1764720000,ALGO,0.13884260551194474,47730621.74722537,1223148408.009913
1764720000,NEAR,1.8041742181651872,260879063.4179384,2310859510.448436
1764720000,RENDER,1.709430827164586,49602240.95510683,886688868.4629152
1764720000,WLD,0.6289055306011813,146920850.9567682,1485298374.042843
1764720000,ZEC,314.0454846882521,1396986363.3709004,5156526317.875382
1764806400,ALGO,0.14350033871786044,57072370.01613995,1268149320.5617702
1764806400,NEAR,1.8502681278989537,247635219.91027427,2373623691.9422555
1764806400,RENDER,1.758411415053155,50956943.916707225,911745190.7818416
1764806400,WLD,0.6353964362047072,121914861.88257296,1502659000.8907669
1764806400,ZEC,339.09257290065915,1486266168.225459,5566332772.016926
1764892800,ALGO,0.1385773694818619,35318959.75095767,1221151809.8046086
1764892800,NEAR,1.796972230659536,202876136.62286553,2302746651.1321115
1764892800,RENDER,1.7125695967810377,40581029.54235543,888212103.2058601
1764892800,WLD,0.6194057466692034,80551452.97985244,1477336288.5340774
1764892800,ZEC,366.9616682252046,945375848.1750952,6023191660.752362
1764979200,ALGO,0.13281202552713786,43386712.120957136,1170899015.573203
1764979200,NEAR,1.682188778686455,203861545.0787872,2156824969.971147
1764979200,RENDER,1.60637491375586,45365219.64505833,833082127.333837
1764979200,WLD,0.5742525010856917,109526607.54117754,1372183707.5432582
1764979200,ZEC,359.9526178338081,1278563715.9246316,5911347369.554615
1765065600,ALGO,0.13358375752346768,29088406.653870244,1177822252.3405216
1765065600,NEAR,1.7084118885605928,158714186.82160923,2189608564.265928
1765065600,RENDER,1.600673885849799,29590710.51657533,830547874.9124212
1765065600,WLD,0.577497555096173,61803947.30496957,1378406122.5015898
1765065600,ZEC,341.6950954269147,684334226.1910115,5613980155.996265
1765152000,ALGO,0.1327261943962862,34292519.46419389,1169857466.1973774
1765152000,NEAR,1.7008932855968637,182922933.3939436,2179800497.2929444
1765152000,RENDER,1.5758474982980264,44390860.01372145,818002392.5981452
1765152000,WLD,0.5665718380144513,94983483.07052462,1349337592.8717554
1765152000,ZEC,342.91753368565,649010437.7221335,5615747060.920196
1765238400,ALGO,0.1335515219255762,33000809.322111774,1176914974.5943396
1765238400,NEAR,1.7442623172945206,178078594.30710524,2236470150.518461
1765238400,RENDER,1.6375303825181613,47075090.512097694,848875686.4283924
1765238400,WLD,0.6145353711725018,101850176.18409348,1466679116.8579514
1765238400,ZEC,405.12866151665907,1235186426.310604,6652983566.609253
1765324800,ALGO,0.13811970640571442,40740950.85268308,1219747100.1628938
1765324800,NEAR,1.8102419505708884,214213060.5564721,2320835166.6710744
1765324800,RENDER,1.7039440770113274,64187584.96458175,883173116.6423724
1765324800,WLD,0.6436246808614571,152058841.88156983,1552092971.8177323
1765324800,ZEC,433.1609868890659,1218164099.615558,7105307870.070631
1765411200,ALGO,0.13511270254005556,46550630.74622619,1192607432.9699588
1765411200,NEAR,1.761269599519462,204163928.73227483,2258960405.589748
1765411200,RENDER,1.6465945043304195,56390330.17885578,854848077.7322413
1765411200,WLD,0.6172674835946164,120734124.76567917,1509515885.7908075
1765411200,ZEC,404.0058407353817,792727101.8337364,6645078871.697392
1765497600,ALGO,0.12970369336767654,50431260.91140412,1147012788.2110603
1765497600,NEAR,1.673247477354138,189310421.96481717,2145470775.7428164
1765497600,RENDER,1.6080351687094447,49335537.904388726,833711769.8090179
1765497600,WLD,0.5963704902977081,100990835.58710957,1457037846.6906867
1765497600,ZEC,451.045020777068,1158732300.7400174,7410452103.300214
1765584000,ALGO,0.1229355409883378,48410769.47088164,1084955373.1908476
1765584000,NEAR,1.6374178635651142,176548918.210566,2098601015.6088457
1765584000,RENDER,1.5485479500430217,42471406.626926385,803169477.3267516
1765584000,WLD,0.580136735200788,101427158.63738208,1422197567.6170957
1765584000,ZEC,456.042649201862,830322100.4728832,7521820278.6805
1765670400,ALGO,0.1218898783799266,28554976.596086588,1076843422.7304046
1765670400,NEAR,1.6650275532130976,110325751.22254446,2136295636.1354504
1765670400,RENDER,1.5534226897888073,26077262.5897207,805491137.6906539
1765670400,WLD,0.5938753818566513,60426300.423698425,1455771573.2313068
1765670400,ZEC,442.9134260469037,818406003.722367,7279363197.395247
1765756800,ALGO,0.11899554204098198,33243935.22362339,1051222212.209148
1765756800,NEAR,1.5933748727844756,145913313.56720766,2042182302.327699
1765756800,RENDER,1.4780543405789834,31901330.99820432,767362249.1203899
1765756800,WLD,0.5639668615686727,84594532.4556546,1379008396.177159
1765756800,ZEC,404.3997961313542,685433405.4771212,6672473456.846988
1765843200,ALGO,0.11551810601797854,54144210.2941068,1019487259.522921
1765843200,NEAR,1.5443436669957915,220475970.69587123,1981528914.147039
1765843200,RENDER,1.406788889594789,48461956.577275164,729576508.9528723
1765843200,WLD,0.5389977123713591,120953946.04297791,1326816541.900455
1765843200,ZEC,413.081492815087,953224740.8657162,6787130081.946462
1765929600,ALGO,0.11689800145463096,38881021.76040148,1031457009.2642314
1765929600,NEAR,1.5680161199878648,237917308.67165703,2009808606.1569197
1765929600,RENDER,1.4009707082315943,38070694.26135211,726528456.4741839
1765929600,WLD,0.5275674060385505,99363353.65412124,1299963441.3466144
1765929600,ZEC,403.73850325397575,792057609.1875919,6623311595.317574
1766016000,ALGO,0.11142543464050415,43785656.5448625,984299465.5402496
1766016000,NEAR,1.4787490343163576,193181906.4744834,1895948131.6234472
1766016000,RENDER,1.291926580707185,40045588.59460013,669555563.4419435
1766016000,WLD,0.4961919286483291,123943305.7469076,1224573913.9263082
1766016000,ZEC,376.61270527258154,692689728.4479539,6189001892.774989
1766102400,ALGO,0.10727501645643088,49362019.50186509,947413390.4185656
1766102400,NEAR,1.4258361333509069,266515409.59630817,1830448295.9558532
1766102400,RENDER,1.2094238285515675,43309249.38089727,627289726.94695
1766102400,WLD,0.4792616631956075,102830422.7645628,1184391495.3522546
1766102400,ZEC,388.0998097604075,803181014.8410809,6383503326.344409
1766188800,ALGO,0.11471741043585798,39669568.76540616,1013932035.6729404
1766188800,NEAR,1.5381009729442086,207362991.76894316,1973341829.0366433
1766188800,RENDER,1.312407903981181,51521235.72791298,680885618.1114095
1766188800,WLD,0.5222451336492355,89148613.15855649,1292741883.1377294
1766188800,ZEC,444.3940832442305,727502126.936846,7312991024.60894
1766275200,ALGO,0.11480861910650188,18340759.55647858,1014070131.0337628
1766275200,NEAR,1.5221132294562,92385616.716362,1953016928.0527637
1766275200,RENDER,1.2894593622907042,28532264.07861263,667832161.7324724
1766275200,WLD,0.5232317803371194,50014725.802400485,1294736679.3816938
1766275200,ZEC,446.91249897692745,501599535.2369335,7352739148.113544
1766361600,ALGO,0.11159310785360804,30898980.505269814,984684151.1625972
1766361600,NEAR,1.5102367673849073,126707070.77061623,1935902580.0462685
1766361600,RENDER,1.2729856299518894,26450323.839532938,658988526.5232927
1766361600,WLD,0.5117233381044645,70925255.66831332,1265770036.9871345
1766361600,ZEC,441.5361024055137,465482849.2897215,7262398286.9948225
1766448000,ALGO,0.11176928661673202,40713665.47607757,987409537.619689
1766448000,NEAR,1.5040692418820267,179756307.0524278,1929316018.587227
1766448000,RENDER,1.2855207442109189,44508017.55496697,666700450.0995526
1766448000,WLD,0.503687764751527,62661714.487091534,1246731275.3660638
1766448000,ZEC,431.42872325286856,629981912.1548741,7107411253.106653
1766534400,ALGO,0.1137065853528297,34227908.99903338,1004351768.7767626
1766534400,NEAR,1.4866230797010216,138122373.64465028,1907738175.1062355
1766534400,RENDER,1.2759709262076542,29749578.17663094,661335780.3580707
1766534400,WLD,0.49272685436048586,72134165.79734576,1272897765.922285
1766534400,ZEC,417.3589545579253,521825405.2172693,6865655125.888821
1766620800,ALGO,0.11297913432564596,28370988.237144586,997873333.483509
1766620800,NEAR,1.4545243549346512,117780140.5406799,1865554479.230176
1766620800,RENDER,1.2610074788013734,29423424.34635948,653746276.049997
1766620800,WLD,0.4887314277708308,48201805.53059286,1264372181.1500895
1766620800,ZEC,448.3856507486008,698357963.9452075,7380532539.050623
1766707200,ALGO,0.11454740938496788,29703904.955338404,1011400883.4658854
1766707200,NEAR,1.4372557077781511,117754781.92615744,1845431017.2028923
1766707200,RENDER,1.2298369639600402,27151914.03817111,637474790.4066056
1766707200,WLD,0.4792376173355928,64221192.62641213,1239386163.5759542
1766707200,ZEC,437.87404142526685,442492358.4684989,7209253592.710738
1766793600,ALGO,0.11816035526107573,31835864.57259481,1044054137.4293298
1766793600,NEAR,1.5179837740433766,168874672.73260182,1948460392.3682249
1766793600,RENDER,1.2708553017217843,25869743.63251101,659180571.0871302
1766793600,WLD,0.4919005885484773,61833890.051812105,1303908015.0955777
1766793600,ZEC,447.7749366483441,411551726.6931157,7370962521.49055
1766880000,ALGO,0.12003769851683366,17316804.02564747,1060060349.8177962
1766880000,NEAR,1.5926431883990118,109843555.75610736,2042446399.67512
1766880000,RENDER,1.3357269875430855,26774401.109812055,692803916.6657501
1766880000,WLD,0.5133287029656116,50697693.0383062,1360494019.7495637
1766880000,ZEC,515.8739998376797,921731404.9704224,8491275466.014543
1766966400,ALGO,0.1197995567641648,21234429.197084054,1058751481.697376
1766966400,NEAR,1.580614945843289,102377947.83413544,2028854487.837616
1766966400,RENDER,1.3202137620931174,25101320.137873117,684562087.3875556
1766966400,WLD,0.5048338811522116,63084040.978478454,1338987492.148103
1766966400,ZEC,529.4382247207415,635469384.9255283,8735537748.111523
1767052800,ALGO,0.117225780038911,30539763.805227328,1036166300.6279002
1767052800,NEAR,1.5221467169525358,145475591.97870883,1953870503.1278255
1767052800,RENDER,1.2940054163334809,33597864.9236667,671104048.9013019
1767052800,WLD,0.49288716600240307,93051913.63178392,1307074138.0390692
1767052800,ZEC,540.2571155288304,968269399.7560642,8908483104.545801
1767139200,ALGO,0.11476567453342476,29618012.941648196,1014515908.05629
1767139200,NEAR,1.5141729752242268,104547261.56757502,1943838350.020456
1767139200,RENDER,1.2953839243559748,27944615.421164986,673091497.1581559
1767139200,WLD,0.49068274564704706,62033672.394636415,1308610785.9631822
1767139200,ZEC,527.9267845948881,606118452.2080513,8703527018.615564
1767225600,ALGO,0.11029364636494787,37757855.26836106,974645730.4052715
1767225600,NEAR,1.5124648365738596,118881625.26997502,1941914794.9795363
1767225600,RENDER,1.288137707984037,31938370.296907,668008398.861372
1767225600,WLD,0.48160775541144635,77306987.23894763,1283834836.7985373
1767225600,ZEC,511.12645446084935,746659861.508476,8419488278.061158
1767312000,ALGO,0.12033707143941848,32008627.696276143,1063422925.5664983
1767312000,NEAR,1.6332534813409822,143684057.3021066,2097172434.7433612
1767312000,RENDER,1.4024313229737015,33115030.762213916,727279309.3207917
1767312000,WLD,0.5141343006887791,75462865.0867343,1370541729.4482818
1767312000,ZEC,525.2339041781124,391136974.40030336,8652838015.567911
1767398400,ALGO,0.12749758549842197,44629905.997759655,1126726861.7788844
1767398400,NEAR,1.691457442540338,175731226.22699153,2172041435.2361574
1767398400,RENDER,1.5230058990569706,121169831.55631724,789807429.5780797
1767398400,WLD,0.5509402738924445,132384117.19706857,1468656409.0193577
1767398400,ZEC,488.5545099180829,476136417.13716966,8049446323.914223
1767484800,ALGO,0.1278997902403289,31113454.66388497,1130307540.673749
1767484800,NEAR,1.7072304695331488,123476668.78346214,2192429070.250128
1767484800,RENDER,1.8346250564570707,135731524.23405808,951408330.7077829
1767484800,WLD,0.5781966623714315,172143772.31835437,1541314501.9621153
1767484800,ZEC,511.8273137257017,412536609.12516415,8433812986.475226
1767571200,ALGO,0.13683902266200834,46502310.57439758,1209335307.9365406
1767571200,NEAR,1.7341014365495515,128788401.40686075,2227072713.739721
1767571200,RENDER,1.9913689142287394,173824725.66073886,1032693313.5982084
1767571200,WLD,0.5977341717311901,136624217.62617457,1593396169.7893014
1767571200,ZEC,503.24770397542494,314377780.3741171,8293330381.637903
1767657600,ALGO,0.1394690460820586,66533315.94562229,1232701895.4274318
1767657600,NEAR,1.7746342958581554,253152756.31606677,2279314360.418518
1767657600,RENDER,2.2084003858240773,255515476.04103374,1145349893.7246807
1767657600,WLD,0.6304224941564235,173134582.0702154,1703166004.5239348
1767657600,ZEC,503.360398927763,493036009.60476005,8296095173.225456
1767744000,ALGO,0.14227408104047695,80926206.39694043,1257514959.5276942
1767744000,NEAR,1.8066198117189969,278509094.95832235,2320537195.690205
1767744000,RENDER,2.3684291466118683,352689205.14232457,1228440868.9539585
1767744000,WLD,0.6295943080144368,135418139.32924336,1703477340.5130665
1767744000,ZEC,501.25621184616597,661637697.8878206,8262308823.721576
1767830400,ALGO,0.13623223464887813,52770095.79983205,1204235553.4462788
1767830400,NEAR,1.7187938594374408,191430468.05394146,2207862425.68359
1767830400,RENDER,2.2457256747116126,146865084.2143699,1164797859.045704
1767830400,WLD,0.5885855309142612,104922072.34975024,1592520933.088401
1767830400,ZEC,469.3023118400485,516377726.3384636,7736308630.965067
1767916800,ALGO,0.13414207359218894,58887592.113034815,1185787574.0892932
1767916800,NEAR,1.6860120433807384,194276826.5724903,2165884335.9445124
1767916800,RENDER,2.168423613422356,171353391.34521315,1124703346.8336954
1767916800,WLD,0.5776108827453551,98605516.35450919,1562827106.0670073
1767916800,ZEC,422.00000640071954,1377579741.67065,6957417906.63711
1768003200,ALGO,0.15256407037467934,47268124.47049422,1349519805.54718
1768003200,NEAR,1.70257680308587,192077921.96902612,2187341808.5665
1768003200,RENDER,2.3540951291440892,167825637.64399257,1221006197.3705127
1768003200,WLD,0.572579678284341,82051908.40601458,1554924431.2269876
1768003200,ZEC,417.4309640914433,515973666.9165599,6882842480.083476
1768089600,ALGO,0.13502555479362088,21453485.218091536,1194410157.7913861
1768089600,NEAR,1.6865103267636288,86458086.44314691,2166832608.2087626
1768089600,RENDER,2.310247914952725,95605318.37124118,1198263819.7994955
1768089600,WLD,0.5642535225701621,43913105.969531596,1532313529.3225236
1768089600,ZEC,373.88850697897493,503513768.1568478,6165558244.963959
1768176000,ALGO,0.16182615113837556,31166240.02398963,1431518346.7292955
1768176000,NEAR,1.6974617803764804,108950189.51560785,2181034648.236126
1768176000,RENDER,2.578147028525946,268642009.6340099,1337215926.6592977
1768176000,WLD,0.5592207141390805,53280059.48466759,1518646196.925009
1768176000,ZEC,379.89848096562434,437007717.26476735,6265354073.983593
1768262400,ALGO,0.14986055236284607,45355229.24176194,1326452741.7819448
1768262400,NEAR,1.6730569390253371,238235770.39092848,2149850920.915306
1768262400,RENDER,2.385252555136606,181712753.15422845,1237166721.114856
1768262400,WLD,0.5485366097614175,86871820.80543107,1494757741.562678
1768262400,ZEC,405.9943789130936,640333310.7878296,6696421238.071677
1768348800,ALGO,0.15273005506815981,63700077.335021876,1351906672.392233
1768348800,NEAR,1.8651942086653894,363206298.6068966,2396889702.169109
1768348800,RENDER,2.3752025596548028,165557599.32876632,1231954057.1851325
1768348800,WLD,0.6134370811153768,140790013.09928545,1673452169.016249
1768348800,ZEC,404.7146040989296,631471539.4027342,6676067203.363903
1768435200,ALGO,0.15229054054662391,56343070.06945921,1348048891.7125413
1768435200,NEAR,1.7973399379817943,226725669.0011483,2309831612.8138466
1768435200,RENDER,2.2860426447588056,163580214.78320652,1185709193.3742883
1768435200,WLD,0.593065687283476,114145621.27943318,1620177145.3728678
1768435200,ZEC,446.690934274136,779538332.8453091,7369297023.272032
1768521600,ALGO,0.15000651455864514,43614819.30716619,1327862979.4948964
1768521600,NEAR,1.721040197998922,198893916.03230277,2211955028.9745073
1768521600,RENDER,2.2563281145960423,113864978.49534066,1170297061.1152668
1768521600,WLD,0.55625321120528,98945347.29045661,1521347048.3859246
1768521600,ZEC,413.31056246505557,562846631.9772674,6819341489.678644
1768608000,ALGO,0.15320120486371147,41308355.92169159,1356788319.5687943
1768608000,NEAR,1.732355969322178,156071819.15392852,2226632663.187794
1768608000,RENDER,2.2827064866598263,71418355.9383812,1183978817.3738322
1768608000,WLD,0.547329485138566,76864396.13520521,1496940745.5750456
1768608000,ZEC,410.1888156850986,396574003.26491714,6768570579.926153
1768694400,ALGO,0.13139773791691473,246153.60557483888,1163746953.042943
1768694400,NEAR,1.7522080071586625,138785530.68692437,2252420224.053788
1768694400,RENDER,2.2030565851288264,61263305.565063424,1142666543.2072988
1768694400,WLD,0.5501548799427831,43624180.00042921,1504668172.5081987
1768694400,ZEC,399.83636000034176,263315952.41378018,6599152997.827346
1768780800,ALGO,0.14886179418629442,35881504.85970903,1318421917.0103614
1768780800,NEAR,1.5744274068859245,161056790.78055984,2023929245.053632
1768780800,RENDER,2.0750189029268453,62940571.96939804,1076256821.0469134
1768780800,WLD,0.49131802296593513,71034874.96811643,1343749948.7660275
1768780800,ZEC,365.76114766761816,319792472.5198019,6036786646.986492
1768867200,ALGO,0.13974816452158703,53835969.681584224,1237734770.1205611
1768867200,NEAR,1.5948004478187872,267724078.99206337,2050242588.4734037
1768867200,RENDER,2.0992267402182656,114516137.25039709,1088812778.9569526
1768867200,WLD,0.4992820436557661,135563524.8822124,1372015215.0386062
1768867200,ZEC,368.68542135795815,471630235.0965905,6085705968.6790905
1768953600,ALGO,0.13494647509337648,52312673.95121997,1195775586.6909704
1768953600,NEAR,1.5095259970097987,209996483.3827006,1940732672.2852569
1768953600,RENDER,1.9522300796530632,78906279.50584067,1012569541.66342
1768953600,WLD,0.4630853940207675,99235120.93020114,1273972287.5944986
1768953600,ZEC,349.5431236871858,543606957.2277272,5770357345.0189085
1769040000,ALGO,0.13631041194739368,57157564.13552943,1207890929.207277
1769040000,NEAR,1.5343030033215188,187141320.6882127,1972713735.4535365
1769040000,RENDER,2.0382921269663474,162782738.72678316,1057248390.235488
1769040000,WLD,0.47128181740260283,106311105.72741447,1298068987.3023598
1769040000,ZEC,355.0290269292367,468514581.9179241,5861558139.483345
1769126400,ALGO,0.1451057557816727,39622068.98519202,1285860733.2632198
1769126400,NEAR,1.5133709976956846,114993576.08863856,1945917729.3734508
1769126400,RENDER,2.0884757403515177,123180775.4356607,1083278292.3117115
1769126400,WLD,0.4668474198281089,62538384.61257844,1287473149.186926
1769126400,ZEC,364.60806309795475,371241796.33626014,6020199318.296215
1769212800,ALGO,0.14223709979602817,46448959.31654598,1260596098.839389
1769212800,NEAR,1.511028591527689,107636369.88725732,1943064802.7024677
1769212800,RENDER,2.0574515715632615,99424309.83429962,1067186265.0326799
1769212800,WLD,0.4641129806999113,79113056.56932552,1279932105.1410217
1769212800,ZEC,366.8854577256406,371352171.3096149,6057802352.822093
1769299200,ALGO,0.15818526575263953,26144827.198875304,1401973162.4682062
1769299200,NEAR,1.5057671687781773,59830917.03144064,1936415838.211289
1769299200,RENDER,2.101940536894242,39698208.74481377,1090262391.5393481
1769299200,WLD,0.4656080981898539,43933235.08193605,1284055344.4295447
1769299200,ZEC,358.86236721925286,274028292.1721143,5925329681.7934
1769385600,ALGO,0.13976596749181988,42509241.90784734,1238756088.785961
1769385600,NEAR,1.4336371803361787,124286029.15600596,1843767950.2062042
1769385600,RENDER,1.9074167175739984,77065809.79336514,989364197.3512186
1769385600,WLD,0.43893280749718677,88080324.19088224,1210490151.4887547
1769385600,ZEC,328.0066867383092,334602943.81889236,5415858374.388337
1769472000,ALGO,0.1361157383885313,72199722.85502718,1206433004.1692824
1769472000,NEAR,1.4616768266764382,104915136.03966537,1879942179.9402857
1769472000,RENDER,1.953064606288349,70246418.68361393,1013041449.6068726
1769472000,WLD,0.45215059312788275,66691466.77278977,1252586270.0016446
1769472000,ZEC,366.56136797153493,484203916.66830957,6052451168.593867
1769558400,ALGO,0.14505864776511934,43761636.75421092,1285727879.6283429
1769558400,NEAR,1.4904043641763292,108830478.26245588,1917045776.6731477
1769558400,RENDER,1.916326567481952,75925224.53094816,993985676.4551209
1769558400,WLD,0.4573722450078937,71151043.54535316,1268536771.4287465
1769558400,ZEC,397.8827388445864,509957013.2649795,6569611688.786173
1769644800,ALGO,0.14674232698773218,47149684.313432686,1300682811.6387818
1769644800,NEAR,1.4918835710037854,122207434.55157568,1919064968.447652
1769644800,RENDER,2.0203790635220655,105200015.99560447,1048000346.114492
1769644800,WLD,0.581033018549616,540629678.1585616,1611513941.8477569
1769644800,ZEC,370.2154885739303,409906369.03932947,6112785913.175757
1769731200,ALGO,0.1321418104940545,61170918.71646055,1171825433.0212169
1769731200,NEAR,1.3780921440672507,177722488.77999446,1772798882.3301542
1769731200,RENDER,1.7735541085731354,119659668.61601856,919968610.443446
1769731200,WLD,0.4766441281814355,558678271.9963571,1325233620.4864032
1769731200,ZEC,353.00627185518937,398801985.0942561,5828637192.277223
1769817600,ALGO,0.13029254006269547,59535726.73752306,1155453729.5041165
1769817600,NEAR,1.3212181168300055,224975736.6601707,1699775077.4893353
1769817600,RENDER,1.7228474251486396,98263150.89989118,893666307.7030132
1769817600,WLD,0.4666147705702286,245165868.77803212,1299050369.1176832
1769817600,ZEC,340.08899962142544,487109095.2352053,5615354598.263222
1769904000,ALGO,0.11640971620943477,93753309.89852048,1032363164.0347974
1769904000,NEAR,1.215683046805116,256725871.52345937,1564096822.1005113
1769904000,RENDER,1.6004591501686767,130978509.50220844,830181708.7704941
1769904000,WLD,0.41407045036102064,229709341.08962014,1152767561.8259323
1769904000,ZEC,302.8210736440217,555656935.5440505,5000007969.181123
1769990400,ALGO,0.12359127639980577,51677255.07252961,1096077769.720551
1769990400,NEAR,1.1728098351895928,172286406.98107702,1509027903.5721247
1769990400,RENDER,1.5683935591450062,66740409.83890346,813548814.9250243
1769990400,WLD,0.3890236031884724,110904981.42381933,1083037415.853547
1769990400,ZEC,305.2244689931201,378174021.0356181,5039691455.386285
1770076800,ALGO,0.12342784639652792,61733897.44003383,1094654296.9366252
1770076800,NEAR,1.2010937318072115,207907868.85278052,1545514944.3098457
1770076800,RENDER,1.6364869231460295,93612538.12325652,848869844.6909779
1770076800,WLD,0.404817210786919,124018446.06338193,1127006645.0217311
1770076800,ZEC,294.3371720291467,379292977.1840266,4859926649.299173
1770163200,ALGO,0.1254210353484744,58681242.13371964,1112386436.9867942
1770163200,NEAR,1.172296708592442,189457874.1190199,1508583456.3170578
1770163200,RENDER,1.5959517459197474,87328192.80983862,827843651.8690723
1770163200,WLD,0.40473788651956094,165645083.52661628,1132743366.9522085
1770163200,ZEC,270.75632632463027,394110963.3268579,4470573243.2637205
1770249600,ALGO,0.12405961829986877,54897070.76879215,1100338247.6447287
1770249600,NEAR,1.1578888695300331,169541368.47972816,1490132724.8095493
1770249600,RENDER,1.5668959961053979,75121300.84348334,812772006.9427133
1770249600,WLD,0.40259844582497495,127768292.48414423,1126755696.0755835
1770249600,ZEC,251.15831874118732,374514118.511693,4146982177.0340357
1770336000,ALGO,0.10232477764320891,91736070.84413743,907584242.9340724
1770336000,NEAR,1.059360878018064,365154352.6616208,1363414863.7833612
1770336000,RENDER,1.2975268938075517,114864275.71899718,673046290.3494272
1770336000,WLD,0.40037292529796514,197544116.60381106,1123144194.1204996
1770336000,ZEC,206.2654104807623,606203611.3935266,3405736211.683191
1770422400,ALGO,0.11100180467469822,96829214.11956902,984569311.4043698
1770422400,NEAR,1.1661037933426175,349416749.28350407,1500915696.3993416
1770422400,RENDER,1.4583110870426816,153697937.54670703,756447417.0005871
1770422400,WLD,0.4354447217359165,293372940.79417,1221529179.861845
1770422400,ZEC,240.10382987141776,748634871.3976384,3964456794.044849
1770508800,ALGO,0.11941184696095355,55321743.862570934,1059190425.7951635
1770508800,NEAR,1.0728059551003424,168283255.0082545,1380912768.9809947
1770508800,RENDER,1.4367689614397836,79437767.94741909,745273199.5007668
1770508800,WLD,0.39329558366666245,143172790.18229908,1103290516.0600033
1770508800,ZEC,239.79144079514163,368454965.91901666,3959298804.701274
1770595200,ALGO,0.13055150905544743,35952088.33279536,1158027634.024144
1770595200,NEAR,1.0386945946062054,88100232.04232983,1337084546.615803
1770595200,RENDER,1.4644310036537527,43492854.20157365,759621907.7891688
1770595200,WLD,0.38481366210957263,70663877.26149727,1079496647.01968
1770595200,ZEC,238.84276716585214,275952990.5692558,3943634849.5824323
1770681600,ALGO,0.09603364189942429,31217432.690743774,851864124.4460491
1770681600,NEAR,1.0309176375076599,117833469.79532795,1327152941.2529578
1770681600,RENDER,1.3550086623046094,52353345.73493356,722863092.050437
1770681600,WLD,0.38964547038264047,77524846.38741493,1098203017.1263957
1770681600,ZEC,240.37562087361292,320820451.88935435,3968944451.262936
1770768000,ALGO,0.09178991615069564,30668572.24145677,814432077.1472257
1770768000,NEAR,0.9936785533952045,132724575.9697072,1279754202.946978
1770768000,RENDER,1.299055957215683,36368886.60666805,693013729.0652761
1770768000,WLD,0.38042570733100006,109583955.24711984,1077868279.748312
1770768000,ZEC,233.84145783583136,238680040.4301656,3861056097.035507
1770854400,ALGO,0.11799984565790507,44403521.03096588,1046766508.9136376
1770854400,NEAR,0.9635333674620984,159884136.9344721,1240579026.1839745
1770854400,RENDER,1.3596884900338602,61344176.82447102,705290424.8964536
1770854400,WLD,0.36501469276516585,83247958.21294455,1031764705.4252715
1770854400,ZEC,240.2126640943998,410909772.749652,3966253802.3431206
1770940800,ALGO,0.12560179327510557,37067531.92443816,1114229959.7376163
1770940800,NEAR,0.9642164830742359,146550770.62209314,1241559628.8089032
1770940800,RENDER,1.4095938100951992,53140450.39455017,731177048.6699466
1770940800,WLD,0.376422815580393,83116696.34664868,1065169914.1880939
1770940800,ZEC,232.98228702201757,274992090.14455163,3846869961.0963464
1771027200,ALGO,0.13061295117987998,33744695.496580064,1158837239.9937248
1771027200,NEAR,1.023126511173119,135160969.64795965,1317494204.3179677
1771027200,RENDER,1.4639756519759979,52731371.475202486,759385710.1743219
1771027200,WLD,0.39068886080468784,65031536.42845971,1106947091.6327353
1771027200,ZEC,266.6353013227102,395564038.67045003,4402529240.900076
1771113600,ALGO,0.13068336066640543,38578288.21492952,1159490029.0870771
1771113600,NEAR,1.0842730918666117,140887791.14246705,1396317950.0427263
1771113600,RENDER,1.5714076808298751,76816520.44382785,815112284.1897805
1771113600,WLD,0.4232013983317029,95008765.75189686,1199065558.442879
1771113600,ZEC,322.99461591106416,587664582.2645649,5333101934.1685095
1771200000,ALGO,0.1268371738162964,39468112.091581196,1125392152.0153787
1771200000,NEAR,1.0546847665722143,150842168.4476993,1358295974.897991
1771200000,RENDER,1.509999910755643,62263258.220984764,783259170.3588909
1771200000,WLD,0.4018146499758607,87131326.35036138,1138470027.6585605
1771200000,ZEC,297.22242812331353,412410985.21527755,4907566343.889653
1771286400,ALGO,0.1294522034562699,35334373.32507428,1148622435.8333392
1771286400,NEAR,1.0583777753949617,150107913.96662483,1363162479.012285
1771286400,RENDER,1.5350436352288814,55369074.20630789,796249718.7118304
1771286400,WLD,0.39920953736993253,72366654.86215232,1134944610.3308144
1771286400,ZEC,293.6312993196379,367076009.6013598,4848271683.776793
1771372800,ALGO,0.13060079129852026,33059571.89582891,1159644299.7590096
1771372800,NEAR,1.0450133824997296,126185669.31333026,1346030683.8690996
1771372800,RENDER,1.5380312809875638,52144857.31990913,797799454.524133
1771372800,WLD,0.39316432575521776,75571727.71477604,1119182825.9486885
1771372800,ZEC,295.83975172694244,306749064.6322587,4898656106.45074
1771459200,ALGO,0.13160398779953333,30940321.948088124,1168580187.9526622
1771459200,NEAR,1.0154389118033258,110733100.78213158,1308016896.9459972
1771459200,RENDER,1.513916658692528,47938221.991882555,785290845.1409206
1771459200,WLD,0.37434014167426727,62711982.75144077,1066930728.256351
1771459200,ZEC,263.1291845877087,304119518.65284586,4357479777.8167095
1771545600,ALGO,0.12247804786762453,38150465.3274245,1087573026.7371871
1771545600,NEAR,1.0047900494306328,108536934.11728354,1294404976.8363252
1771545600,RENDER,1.4775181640843906,63084426.84621531,766410410.4561164
1771545600,WLD,0.3685212972394852,59080275.57720215,1051470530.7510189
1771545600,ZEC,261.4990630497535,222503408.38836378,4330956105.957834
1771632000,ALGO,0.12248399424287837,39457612.475525856,1087652596.8155286
1771632000,NEAR,1.0532656543528536,132528279.06594093,1356935164.026066
1771632000,RENDER,1.572860164104935,88704331.68078506,815865708.6349609
1771632000,WLD,0.38530203224719034,78617003.16858256,1100483832.3212633
1771632000,ZEC,258.01952085205323,226553842.35540769,4273792651.6240587
1771718400,ALGO,0.09205560399277768,17280907.232885342,817469872.0262896
1771718400,NEAR,1.0533909154930579,114217052.95187427,1357178750.3422034
1771718400,RENDER,1.5624757621847232,41652453.03870539,810479166.5730954
1771718400,WLD,0.3812933013252512,50338907.18748353,1089034259.7820504
1771718400,ZEC,258.71557059133505,158405253.49624917,4285783549.933786
1771804800,ALGO,0.08577876591899512,20920056.932963908,761749071.1387552
1771804800,NEAR,0.9844278252980316,82694694.07986164,1268403915.605551
1771804800,RENDER,1.501084386170591,37642476.43069589,778634556.5823858
1771804800,WLD,0.3629683768771424,53066711.12053147,1036695363.5503411
1771804800,ZEC,232.07310606680474,220716338.9570421,3844848015.869677
1771891200,ALGO,0.12249868543612127,34200574.41500532,1088353225.4725642
1771891200,NEAR,0.9837237314317641,96754044.0088468,1267599488.5928504
1771891200,RENDER,1.4793624671113055,48255039.63649152,767367077.5714335
1771891200,WLD,0.3697285543125129,80858373.51377647,1059054424.4438211
1771891200,ZEC,237.562649978096,239331328.73302114,3936221243.386127
1771977600,ALGO,0.1256754566669732,31317955.08346269,1116604996.1195266
1771977600,NEAR,0.9672314934392134,86281246.2548814,1246423608.7886922
1771977600,RENDER,1.462814211783652,46101477.509905525,758783254.0582662
1771977600,WLD,0.3706345491772651,73714081.51072861,1063072133.7257215
1771977600,ZEC,242.3239866269131,243903879.9845668,4015545143.0416164
1772064000,ALGO,0.11931424885475601,44556070.569350526,1060112898.1789316
1772064000,NEAR,1.1754188462662138,291100750.449412,1514795747.8136868
1772064000,RENDER,1.5585263352475656,74010474.2955947,808475033.5226364
1772064000,WLD,0.40923226870436064,140167840.9854575,1175128064.0485725
1772064000,ZEC,243.50304053550457,415553724.8576146,4035520001.5009565
1772150400,ALGO,0.12108547437326969,38816793.69611285,1075877891.8833222
1772150400,NEAR,1.1296986198953278,196450592.92514452,1455994719.7297847
1772150400,RENDER,1.5164893485939763,57908337.10439974,786668629.9827484
1772150400,WLD,0.39516645077048523,81197627.83041064,1136037445.3031871
1772150400,ZEC,238.34343547600938,265668135.77796328,3950441558.9229126
1772236800,ALGO,0.1259738628492129,32808910.77544169,1119339936.129617
1772236800,NEAR,1.0923913176159887,187526049.89647615,1407996797.9493265
1772236800,RENDER,1.5151361898459565,47095361.728287496,785966688.0011309
1772236800,WLD,0.3845986214121345,64045945.96452765,1106631216.8658867
1772236800,ZEC,218.58586916520946,215159260.80389452,3623358982.386259
1772323200,ALGO,0.11947114292986434,40913213.60110018,1061586059.325231
1772323200,NEAR,1.1778611021066083,268036959.15257823,1518251776.8242536
1772323200,RENDER,1.489508925175536,62014752.000854686,772672717.1551262
1772323200,WLD,0.39419657829934607,92012947.36493127,1134248057.1720805
1772323200,ZEC,220.32770082138362,275254612.1350998,3652626054.1081586
1772409600,ALGO,0.12300424181749331,34919633.8827367,1093006955.7216756
1772409600,NEAR,1.144659357377464,236264169.1586907,1475544813.029055
1772409600,RENDER,1.437145802680594,51265741.05413275,745509700.2352207
1772409600,WLD,0.3795302335121241,74069445.83698307,1092047606.9487662
1772409600,ZEC,213.2087065135557,247313013.5236427,3534987730.0233974
1772496000,ALGO,0.11967159855098762,40558125.88356595,1063419621.3083777
1772496000,NEAR,1.3551054737827841,647348416.1986095,1746967535.4400437
1772496000,RENDER,1.4382615040697988,62937978.491189875,746088462.8121746
1772496000,WLD,0.40044052649158607,107426138.36478668,1156859897.1762257
1772496000,ZEC,223.46611390348465,256441704.96321756,3705456477.8863363
1772582400,ALGO,0.12175047617664897,36432345.379184805,1081944049.0642433
1772582400,NEAR,1.349566356520476,552699576.3227426,1739932612.848428
1772582400,RENDER,1.4397207096977753,51855695.91237747,746845415.8981212
1772582400,WLD,0.3870948587357875,86089956.08996315,1118304689.0833063
1772582400,ZEC,220.57591029587255,244095040.29069328,3657928571.853574
1772668800,ALGO,0.11871850942026217,42765325.21852214,1055026132.0760674
1772668800,NEAR,1.3091081633940655,359950859.05373955,1687873077.6265197
1772668800,RENDER,1.4738400293659146,74729575.15516979,764544583.0463535
1772668800,WLD,0.4149389782508377,147471520.2875932,1200823371.882399
1772668800,ZEC,243.2614568024177,367655408.47358733,4034569601.1201754
1772755200,ALGO,0.12525492728471105,33891682.6288723,1113141210.5727823
1772755200,NEAR,1.2729427372370523,233978908.82963574,1641377519.2182305
1772755200,RENDER,1.4787012140468687,59530285.807180986,767066289.8401432
1772755200,WLD,0.40176910850262987,73725060.16432104,1162710087.2135034
1772755200,ZEC,226.0633392429374,229828459.38443622,3749738430.795845
1772841600,ALGO,0.1216145557537249,35225768.23082873,1080815715.7242095
1772841600,NEAR,1.226176759517461,167293678.2112662,1581172291.6083274
1772841600,RENDER,1.4583054211241007,44705657.98735067,756486109.7084187
1772841600,WLD,0.38376134067460665,73223453.92106606,1110596042.458108
1772841600,ZEC,209.5641126486037,217328082.83244056,3476422753.1441483
1772928000,ALGO,0.08489141346214886,22296754.98489602,754467237.120871
1772928000,NEAR,1.2148927648527281,86182505.54448922,1566715361.0975072
1772928000,RENDER,1.4930711518134314,40833589.059086025,774520598.2177392
1772928000,WLD,0.3721315080378608,44266037.32990531,1076939587.9592905
1772928000,ZEC,197.1185660403154,193844652.42634413,3270331638.2616606
1773014400,ALGO,0.08345140602524466,29183958.293778546,741687381.244985
1773014400,NEAR,1.214308759824084,155126218.09180212,1566088027.074479
1773014400,RENDER,1.4732375759304774,41607948.34688732,764232064.3866457
1773014400,WLD,0.3560418829144028,66721460.28200921,1030376601.819688
1773014400,ZEC,197.45966968717843,188287774.23739505,3276346516.665591
1773100800,ALGO,0.11036507808227192,48691613.741324894,980910946.4611382
1773100800,NEAR,1.2290721987657216,196313864.26875043,1585223126.7213137
1773100800,RENDER,1.4978604899574854,46239543.01063762,777005035.104685
1773100800,WLD,0.3589195904352592,103067121.22716622,1044303680.3528881
1773100800,ZEC,213.4260350324849,274820964.9301937,3541648685.42936
1773187200,ALGO,0.11396601252028575,45645088.99008481,1012940001.0509646
1773187200,NEAR,1.2838613377234287,210950441.83232188,1655988007.2408028
1773187200,RENDER,1.5264884024295262,92382180.59341381,791855571.7764568
1773187200,WLD,0.35181428425836725,116045910.52880184,1024837686.3072202
1773187200,ZEC,220.80461191679933,299289730.8189183,3664492006.3133874
1773273600,ALGO,0.08630921541757562,8447701.479572203,767141846.8428092
1773273600,NEAR,1.2992634536104934,172767894.92583707,1675954771.160211
1773273600,RENDER,1.5324093672310066,65586830.443721056,817545660.1621511
1773273600,WLD,0.35572387933931515,58613530.90636484,1036226366.5184373
1773273600,ZEC,212.66061934670228,229215102.52445143,3529680519.7577972
1773360000,ALGO,0.12935172654714747,31772370.067114007,1149897019.424435
1773360000,NEAR,1.3662361676606354,246735205.2422266,1762485989.0249999
1773360000,RENDER,1.7232996135842058,100069307.41512893,893950061.254965
1773360000,WLD,0.3539832664975156,120164470.91986898,1033327436.0120878
1773360000,ZEC,207.45436592576178,251483193.240674,3443673141.1570306
1773446400,ALGO,0.1138016702906284,61977221.28459264,1011686441.2516444
1773446400,NEAR,1.331514632673737,306245594.38600624,1717799201.6506746
1773446400,RENDER,1.7931672992211012,272531626.3848544,930193452.3417542
1773446400,WLD,0.35055250008120553,104292480.063291,1023312541.5239979
1773446400,ZEC,207.72447081520122,328390996.2687014,3448524529.2773576
1773532800,ALGO,0.09229414891906333,30027338.474823367,820506695.57844
1773532800,NEAR,1.3242880186106611,99621834.94425727,1708578603.1805048
1773532800,RENDER,1.906905540525655,93980427.76145117,989194398.5380841
1773532800,WLD,0.34863790475764306,53095669.682960205,1017723565.8182453
1773532800,ZEC,212.30950197165788,213279671.58458844,3525024456.4216948
1773619200,ALGO,0.12652663191089056,36736744.46962292,1124862959.2913833
1773619200,NEAR,1.353645006556059,160984070.4277889,1746596387.430531
1773619200,RENDER,1.9293148929598742,129291054.6107755,1000819099.0970247
1773619200,WLD,0.35990824146023176,64669906.722814016,1050623279.5338389
1773619200,ZEC,230.5840126225849,365332806.32113373,3828821627.068587
1773705600,ALGO,0.12213792997968138,47887251.83025614,1085873579.2273602
1773705600,NEAR,1.492569990539679,310135791.3143247,1925965569.992868
1773705600,RENDER,1.9567084101671146,121539764.97160563,1015029301.5437537
1773705600,WLD,0.3935360062533752,162117884.415253,1153100299.4027264
1773705600,ZEC,275.86355419726004,581648229.0230528,4581196262.259519
1773792000,ALGO,0.12309330593838064,43545825.48453032,1094391813.8185794
1773792000,NEAR,1.4553753873447246,196398151.56945992,1878083887.0417192
1773792000,RENDER,1.8439028288937926,87394370.49756415,956512166.4534425
1773792000,WLD,0.38936522781091815,109810592.45965254,1140879496.7459977
1773792000,ZEC,272.6784612272238,491477738.91866213,4528748739.985768
1773878400,ALGO,0.12131431071651395,40542807.29487501,1078602827.8707917
1773878400,NEAR,1.3863667078618676,225208187.03492123,1789176767.9020026
1773878400,RENDER,1.801609523286514,75424345.24663416,934572799.1836579
1773878400,WLD,0.3645475828836189,101691009.29125528,1081464380.5206304
1773878400,ZEC,248.5111517229416,450877851.5288479,4127852590.5767975
1773964800,ALGO,0.12386279616652299,36718761.442957975,1101278517.9840348
1773964800,NEAR,1.3351970542041336,163314591.61884326,1723242777.1092105
1773964800,RENDER,1.7477956917133977,62962179.820386104,906657236.7057574
1773964800,WLD,0.32889597721796016,175623323.16987923,976685030.8412327
1773964800,ZEC,234.50048905935748,328942285.99616605,3895411141.749094
1774051200,ALGO,0.08998144096455499,23432854.18613187,800060673.0183554
1774051200,NEAR,1.3178148677906807,154536184.73856288,1700911087.6045454
1774051200,RENDER,1.7151210679555409,74673008.04264784,889707495.8251989
1774051200,WLD,0.32057542510468273,189685616.9358965,951976432.1952026
1774051200,ZEC,234.90217578136844,314427737.65162396,3902644233.378108
1774137600,ALGO,0.08910197539723395,13384560.461124536,792259805.3937201
1774137600,NEAR,1.2671190910730545,78358155.01564233,1635609833.023885
1774137600,RENDER,1.7559685168425836,34502376.66531583,910896834.6649691
1774137600,WLD,0.3082843821317682,140938102.58400503,915477117.7717957
1774137600,ZEC,216.70519844344557,162769967.313347,3600706231.4380693
1774224000,ALGO,0.0876026443423802,20453741.09645007,778936835.3382691
1774224000,NEAR,1.2768609718871955,109962636.55444671,1648283795.0659566
1774224000,RENDER,1.6968441952904059,46826408.846810326,880226491.2977477
1774224000,WLD,0.30568152426628803,91839311.93473737,907747706.3751428
1774224000,ZEC,217.73531941329705,231321590.00571057,3618001352.5560565
1774310400,ALGO,0.1214000984642907,37904003.741087265,1079494115.4936604
1774310400,NEAR,1.3142315211332622,199338522.17154956,1696626090.0558794
1774310400,RENDER,1.7407344659237451,100826379.92435439,902994273.4128764
1774310400,WLD,0.32270041646568354,125020136.97442634,999050425.978698
1774310400,ZEC,228.31729974470542,353875135.89492536,3794453759.6801972
1774396800,ALGO,0.1273766698099026,32051989.51956298,1132653975.750029
1774396800,NEAR,1.2908804573798778,141641277.83437926,1666614137.9554534
1774396800,RENDER,1.7866625234193438,117655345.19574755,926819143.7301852
1774396800,WLD,0.3184190890022669,78993483.8844068,986743433.5892373
1774396800,ZEC,241.78428840068344,343305351.86937505,4018537648.806678
1774483200,ALGO,0.13192965192156603,28949796.12945602,1173179866.187281
1774483200,NEAR,1.2750407202462375,170105864.6191187,1646262202.1093879
1774483200,RENDER,1.890251220614821,136297914.96300432,980555082.3175664
1774483200,WLD,0.3216089380584157,110591011.9752964,997448184.7553009
1774483200,ZEC,231.43292070941638,360164735.25883704,3847099715.6888027
1774569600,ALGO,0.12371443730606985,33030400.641889337,1100160425.526704
1774569600,NEAR,1.22492750356601,161231752.45641333,1581652906.1602468
1774569600,RENDER,1.819706311085316,72790811.03693141,943960385.9002882
1774569600,WLD,0.2901526399541902,125085255.13113089,900772832.0367169
1774569600,ZEC,221.4806786931035,242339967.22412837,3682040878.0816407
1774656000,ALGO,0.08151246583999193,21734955.79856517,724880028.7015584
1774656000,NEAR,1.1799545310998962,289047035.2376753,1523675622.2963374
1774656000,RENDER,1.6480452048739465,62140959.57670651,854912343.874919
1774656000,WLD,0.24913085480518532,176492719.56232518,773421553.7932903
1774656000,ZEC,215.6056905047099,222265058.49504858,3584631610.8929377
1774742400,ALGO,0.08173044272946774,19912976.261810508,726841734.4216756
1774742400,NEAR,1.1738077178167865,231417508.06738982,1515859473.7607276
1774742400,RENDER,1.6581433035073256,52470712.56329695,860150664.49004
1774742400,WLD,0.2668760405884383,206920607.79838043,828511113.7418818
1774742400,ZEC,213.1435808085618,181074009.17982715,3544219769.522805
1774828800,ALGO,0.08121943999374376,19241670.094028447,722313394.0133973
1774828800,NEAR,1.1642700447896535,227944744.18631846,1503632142.2431371
1774828800,RENDER,1.6579617413504013,35641967.54202378,860056480.3446802
1774828800,WLD,0.2692343053307359,98555343.39586036,835832297.5537786
1774828800,ZEC,214.64446033378238,164064565.1498395,3569546466.1972456
1774915200,ALGO,0.08216846347702324,17573346.98484694,730771172.6692917
1774915200,NEAR,1.1624033755385363,145963033.11123896,1501342043.1048477
1774915200,RENDER,1.6984773994969427,60503905.89500722,881073704.9737486
1774915200,WLD,0.2696372089713482,102890886.16481392,871218280.4810927
1774915200,ZEC,225.42059998328386,279165412.62442046,3749174675.2776246
1775001600,ALGO,0.09391110477514591,75305925.96430016,835224192.6525116
1775001600,NEAR,1.1872773714438605,188980832.5436699,1533560313.794621
1775001600,RENDER,1.7438470781510809,56497328.66597091,904608920.0299568
1775001600,WLD,0.273110248322398,81792124.86174735,882439934.1356753
1775001600,ZEC,247.42662542277478,513239529.5775748,4115600970.049889
1775088000,ALGO,0.10274055116388063,119346788.70489652,913581002.3290256
1775088000,NEAR,1.1908041426923526,168810828.52576548,1538208373.9668474
1775088000,RENDER,1.7647277012408529,71454896.43586166,915440602.543551
1775088000,WLD,0.2854458917122248,203193141.78736973,924349316.293874
1775088000,ZEC,251.93650094717577,354856546.9659203,4190691328.6213975
1775174400,ALGO,0.10670974835333161,112301582.64296804,948875568.1621023
1775174400,NEAR,1.1642794016026057,181273230.84806767,1504037678.3091314
1775174400,RENDER,1.8800521942560977,99821112.6395479,975264406.1250738
1775174400,WLD,0.2748678939846286,184515677.5129992,890094961.0862705
1775174400,ZEC,240.93672933039798,265805519.41939104,4007722019.4584045
1775260800,ALGO,0.12353455713835289,143620944.17296952,1098483736.5015545
1775260800,NEAR,1.2087766177837824,164094097.8373666,1561646510.1988897
1775260800,RENDER,1.9436887976968034,94144126.18485348,1008275465.3137649
1775260800,WLD,0.2747235021256153,166239331.51265028,889627382.045785
1775260800,ZEC,234.24364373769026,145812727.6570272,3896389776.4145036
1775347200,ALGO,0.12038995655995556,78430149.61730789,1070521580.2176719
1775347200,NEAR,1.257367609045895,157250514.3947313,1624520345.3079748
1775347200,RENDER,1.8760770376438407,43885990.888896406,973202320.42099
1775347200,WLD,0.26333403263765565,168897166.63316494,852745266.5912763
1775347200,ZEC,250.45215742205934,202645320.30070272,4166000878.781797
1775433600,ALGO,0.12237482253285763,67637702.41008115,1088171240.6922414
1775433600,NEAR,1.254325807747469,130048731.53716102,1620720985.2331858
1775433600,RENDER,1.9194937231151106,51953827.10836596,995724433.4247789
1775433600,WLD,0.2555658051876251,189336800.96512082,827589690.9086871
1775433600,ZEC,246.75378366858183,179568754.21335083,4104482429.647073
1775520000,ALGO,0.11874192220253682,75443399.78697005,1055867065.8796896
1775520000,NEAR,1.2485136062829734,125633964.36325924,1613308511.766504
1775520000,RENDER,1.8588797871082512,78960154.48238817,964281362.5976822
1775520000,WLD,0.24782303132525882,180677786.59306407,805512000.8095299
1775520000,ZEC,252.1507448252304,249563258.4252082,4194255043.91711
1775606400,ALGO,0.11720539513961996,85236518.5696351,1042204087.4515697
1775606400,NEAR,1.3117390861029563,202268916.13087806,1695110178.7403746
1775606400,RENDER,2.075614662096396,105369741.18739495,1076711118.42451
1775606400,WLD,0.2756577805246711,238859121.76857823,896640336.6705124
1775606400,ZEC,321.7812023099481,710181917.692105,5352482427.770194
1775692800,ALGO,0.11420102971341611,70140063.85363653,1015488918.549508
1775692800,NEAR,1.330474926492862,289255473.69842345,1719460858.2087324
1775692800,RENDER,1.9979067610351198,103242199.2739473,1036400668.4214247
1775692800,WLD,0.2637661818427444,190941682.39425197,858780010.5834632
1775692800,ZEC,323.7982661453171,506773180.2794885,5386034104.0552
1775779200,ALGO,0.11210189318210771,68801786.59766166,996823150.899116
1775779200,NEAR,1.3657666309887901,248991436.21444178,1765178084.0332446
1775779200,RENDER,2.032881496054545,73415667.55756672,1054543576.5185046
1775779200,WLD,0.2731884747320566,214489990.65727165,890172741.7176048
1775779200,ZEC,367.63691376576077,671783379.2532027,6115242613.940801
1775865600,ALGO,0.10995253136172765,38545755.758237265,977710774.1015806
1775865600,NEAR,1.3601924220462087,195822723.183458,1758080261.9589162
1775865600,RENDER,1.998406811066169,79187746.7226047,1036660066.0052013
1775865600,WLD,0.2769042758149192,112851741.97311155,902955687.8981138
1775865600,ZEC,375.13955462620316,479725283.1458353,6240040933.665853
1775952000,ALGO,0.10789471070769009,30439123.56846558,959412392.0661342
1775952000,NEAR,1.4035447065456919,163923706.01736575,1814261630.4528718
1775952000,RENDER,2.017652345722829,63773027.84682011,1046643557.4129566
1775952000,WLD,0.29551095431584207,141401813.81014842,964279795.4173349
1775952000,ZEC,370.80125234755945,331037034.87979704,6167877965.33177
1776038400,ALGO,0.10205011730885717,27959177.034240846,907441583.7044545
1776038400,NEAR,1.3495140914090067,161936621.80744284,1744525531.194404
1776038400,RENDER,1.8849176066251148,75186318.65406315,977788306.003556
1776038400,WLD,0.2868229863595089,135836573.5064194,936602718.9567773
1776038400,ZEC,361.5256639105822,363994158.73289925,6013588579.377125
1776124800,ALGO,0.10920374674923758,35168284.900601074,971052493.7141601
1776124800,NEAR,1.4202934477721014,249626198.45349684,1836135630.0414355
1776124800,RENDER,1.9204856723010737,89974613.15800615,996239000.3802657
1776124800,WLD,0.30795967343353314,172572236.7614538,1006322978.4635756
1776124800,ZEC,368.4302755317402,588539800.5164435,6128439329.226796
1776211200,ALGO,0.10803136254418483,54293246.38557517,960627516.1854883
1776211200,NEAR,1.361194549450466,222513548.2906529,1759877894.6163056
1776211200,RENDER,1.8318325509776567,85318212.02894653,950250791.12588
1776211200,WLD,0.295331685473922,138781940.97411865,965942481.3378043
1776211200,ZEC,355.1248635737603,427648271.4524675,5907118185.579838
1776297600,ALGO,0.11276506878452092,41874850.70772387,1002720185.9520661
1776297600,NEAR,1.4114089822119211,189888613.09282783,1824912404.6384127
1776297600,RENDER,1.893540459032131,96444233.38763878,982261352.5804147
1776297600,WLD,0.30210421477119376,89529709.10844837,989059282.7107508
1776297600,ZEC,346.3443027583549,333453899.1421437,5761063048.943375
1776384000,ALGO,0.11597754118679628,43668725.149688564,1031285866.4353613
1776384000,NEAR,1.431664455087953,239644263.4908689,1851214933.407942
1776384000,RENDER,1.8764242206671584,122198746.47919284,973382419.2746745
1776384000,WLD,0.32222927976695287,151304175.33218285,1055771801.8799937
1776384000,ZEC,341.0785839177757,345572826.8426831,5673473508.717124
1776470400,ALGO,0.11109362889538722,49080386.17024269,987857546.8874598
1776470400,NEAR,1.408719156125617,254691801.49659052,1821657516.543211
1776470400,RENDER,1.8688595391522798,129267208.76714316,969458291.7171135
1776470400,WLD,0.27992841519706396,231468325.67767417,917174651.303445
1776470400,ZEC,329.0388515284742,366840002.4626833,5473205576.388624
1776556800,ALGO,0.10663349987873655,29709971.576895244,948197557.8043859
1776556800,NEAR,1.343977592247418,199700003.47618744,1738079978.3554688
1776556800,RENDER,1.7756212549220316,92108822.60524204,921091560.1041574
1776556800,WLD,0.2624141155479138,152994521.86812514,861114039.8660612
1776556800,ZEC,323.23676903450365,287545232.5531361,5376694206.642616
1776643200,ALGO,0.10166594951556068,25731687.182083137,904025518.7360809
1776643200,NEAR,1.3264646669679276,211874491.59806412,1715536727.694576
1776643200,RENDER,1.7279059456907868,84664305.66539209,896339564.9932466
1776643200,WLD,0.25781847877880454,106189269.03180042,846033420.6861752
1776643200,ZEC,301.4358873298485,394021033.1353074,5014060108.079999
1776729600,ALGO,0.10342730834020232,30109001.184715755,919687727.4963828
1776729600,NEAR,1.3632482025456778,185973454.06705886,1763254091.9532685
1776729600,RENDER,1.7913894155064338,83954652.76237574,929271187.1459038
1776729600,WLD,0.26235182542447033,80715918.73474081,862117568.7736086
1776729600,ZEC,312.1316138135164,290734125.180675,5191971955.152176
1776816000,ALGO,0.10326814274064976,26005370.72573605,918272408.3616471
1776816000,NEAR,1.3861547219720405,157400086.36207697,1792992458.0347486
1776816000,RENDER,1.793497785140077,77697010.99141501,930364889.685083
1776816000,WLD,0.26188302349341186,71430047.5718778,860577032.9668285
1776816000,ZEC,316.97557480106843,264850450.42041537,5272546009.449178
1776902400,ALGO,0.10307148009849265,25272288.70588235,916523661.1366495
1776902400,NEAR,1.4024126260742926,145757015.49434254,1814132663.988435
1776902400,RENDER,1.8128027441376735,73011997.75229003,940379207.0692391
1776902400,WLD,0.26134744240459246,92394973.60551107,860093852.4817244
1776902400,ZEC,316.58530374685,268343747.55148175,5266054272.378224
1776988800,ALGO,0.104502963528421,29568895.04277748,929252579.2893789
1776988800,NEAR,1.405879235817317,146423504.25374573,1818730910.33423
1776988800,RENDER,1.8064458220134518,59310462.28286377,937081596.5565078
1776988800,WLD,0.26179376786483355,73492087.457467,862215265.0057218
1776988800,ZEC,342.71970403779466,359675192.67401934,5700771767.724188
1777075200,ALGO,0.10990061732546486,41355496.75766097,977249148.416818
1777075200,NEAR,1.4084978877172418,127852527.0670389,1822267003.5633972
1777075200,RENDER,1.7920626290050126,42148228.888692975,929620412.1115153
1777075200,WLD,0.25958108863225343,74058974.67811872,854927827.1631343
1777075200,ZEC,359.5717517922404,555384834.172429,5981087363.632527
1777161600,ALGO,0.11536362899677413,63924506.61986894,1025826887.4095644
1777161600,NEAR,1.4019956905285553,90269147.33928265,1813964223.9446552
1777161600,RENDER,1.8055005851868184,36123410.73569049,936591261.3226295
1777161600,WLD,0.2569219963117862,57999553.95999091,846170132.0947396
1777161600,ZEC,358.87369818910685,453559362.5570982,5969475996.5993
1777248000,ALGO,0.12001007250032193,52664434.83434755,1067143606.7102559
1777248000,NEAR,1.3947324283378268,112202507.56481822,1804675030.3237672
1777248000,RENDER,1.8229428805165997,45829959.05720843,945639334.4815707
1777248000,WLD,0.25770497209165766,52216474.22177728,848748855.3204334
1777248000,ZEC,355.14083138404015,449028355.74369204,5907383792.841292
1777334400,ALGO,0.11666700363869148,48280964.449197836,1037416647.2296547
1777334400,NEAR,1.3640895167344238,130322318.18802714,1765167882.0839136
1777334400,RENDER,1.7894251810206705,55849447.70652058,928252253.7433627
1777334400,WLD,0.2521520756135083,73411790.14767021,832741207.0615715
1777334400,ZEC,355.3007404833218,511423299.5490954,5910043707.832601
1777420800,ALGO,0.11199495147882041,36711735.720188774,995872212.7605406
1777420800,NEAR,1.3472791417042964,125187878.77243884,1743520289.700683
1777420800,RENDER,1.7458729605327405,34977280.687474325,905659832.8630499
1777420800,WLD,0.24904412311212215,50611843.30568116,822477083.2735868
1777420800,ZEC,335.929240781846,484954093.9837832,5587819752.525751
1777507200,ALGO,0.11038843594408994,35119605.02850979,981586888.651902
1777507200,NEAR,1.3271960114836543,119176386.00742303,1717669058.660541
1777507200,RENDER,1.7158321344747987,52542700.844921194,890076356.7901965
1777507200,WLD,0.2457767541245258,74262240.34936494,813034614.4050597
1777507200,ZEC,327.2711792293861,354835508.6726098,5443802258.696339
1777593600,ALGO,0.11027040662883017,23206399.42119889,980537358.1703374
1777593600,NEAR,1.296511817610316,88306706.53635721,1678058488.1177895
1777593600,RENDER,1.6753783070167214,32831392.011493128,869091206.4140929
1777593600,WLD,0.24022210956017653,73049799.04202141,794659734.6585206
1777593600,ZEC,350.46215596891324,383436197.43824184,5829559085.353918
1777680000,ALGO,0.10875044814982752,27779452.20658097,967021709.5290256
1777680000,NEAR,1.288492926105208,102107825.08193138,1667780157.894604
1777680000,RENDER,1.702259059775848,39072044.28276329,883035415.7588753
1777680000,WLD,0.2322044303015213,87623764.25503856,768137084.9160577
1777680000,ZEC,384.8989994397008,696418181.863371,6423281168.642629
1777766400,ALGO,0.11300110563207559,37576285.79362462,1004819053.2185227
1777766400,NEAR,1.2982721995985946,74034254.25156975,1680573431.4223378
1777766400,RENDER,1.7832313139738143,35446555.73573677,925039226.9531889
1777766400,WLD,0.24014260694993295,65079964.126554094,794396738.3703084
1777766400,ZEC,387.7180626065733,563038961.0832506,6470326329.527291
1777852800,ALGO,0.11332554486704353,61805358.00278198,1007704004.8575702
1777852800,NEAR,1.2749393974520355,90370381.32325833,1650469734.5671
1777852800,RENDER,1.8278584884866047,54326082.295854196,948189272.989798
1777852800,WLD,0.23360663325428319,47324022.43453998,772775601.4473599
1777852800,ZEC,412.92739938104694,641325939.0866958,6891025417.893756
1777939200,ALGO,0.1117328737067725,37554674.345812395,993541786.5465156
1777939200,NEAR,1.2623301871847734,172562444.84571505,1634245183.0043502
1777939200,RENDER,1.820180869076135,67918245.43890797,944206559.6599859
1777939200,WLD,0.2344945656340836,79373682.76245922,779216103.575681
1777939200,ZEC,423.11100554108884,880784161.71429,7060971730.489764
1778025600,ALGO,0.11991374044405798,68494605.74724007,1066287010.7944167
1778025600,NEAR,1.2966351575145465,153460489.5396471,1678793116.9256313
1778025600,RENDER,1.8936295229349946,69155321.35557805,982307553.8798248
1778025600,WLD,0.24326578761028098,95426216.61070228,808362524.9155898
1778025600,ZEC,516.8631045193268,1151194761.0116796,8625527867.981043
1778112000,ALGO,0.11992415771021983,47019310.71092483,1066379642.3440226
1778112000,NEAR,1.491332805005534,439936459.33100617,1930990785.9618683
1778112000,RENDER,1.9623838735660486,102550074.4548686,1017973409.9350828
1778112000,WLD,0.25498367446230297,117747935.79499033,848737802.571102
1778112000,ZEC,554.642508441284,1195106267.3669343,9255999067.25073
1778198400,ALGO,0.12849192067090212,83141744.37655798,1142565193.0799954
1778198400,NEAR,1.4697265609718655,257333708.93568754,1903129680.6726058
1778198400,RENDER,1.9479449087852283,82000338.88381918,1010483294.2590127
1778198400,WLD,0.24991432119722393,93282457.18221971,831863970.316026
1778198400,ZEC,574.5925164534581,897112086.6155208,9588929293.012314
1778284800,ALGO,0.13348672534320785,62864407.32373671,1189204679.413321
1778284800,NEAR,1.5971815364950837,333363669.2689407,2068336588.7856054
1778284800,RENDER,2.0497638420389985,94345893.78202692,1063301179.7280477
1778284800,WLD,0.2709957752067429,113800653.88606411,905084040.3410994
1778284800,ZEC,612.6839493556095,929505034.2020519,10224607702.161657
1778371200,ALGO,0.12878178533262197,36077954.75464916,1147289375.3816876
1778371200,NEAR,1.5681679227525271,181313068.30499783,2030886154.3877523
1778371200,RENDER,2.0033011641716665,70180589.97083998,1039198978.6957015
1778371200,WLD,0.2678621376290104,70210228.29193644,894618174.7472351
1778371200,ZEC,594.6863276260751,788318371.2501957,9924259338.294888
1778457600,ALGO,0.12906450223795188,41639220.33526875,1149808039.809953
1778457600,NEAR,1.5646267083770626,188362464.68243322,2026463995.1167314
1778457600,RENDER,2.0146237362679624,96140801.4796363,1045072486.668001
1778457600,WLD,0.2813008584491105,168439221.44156072,939501426.995699
1778457600,ZEC,592.809644590012,794868965.0126969,9892940829.224707
1778544000,ALGO,0.12288643383694042,42121090.27030011,1094768950.0927656
1778544000,NEAR,1.5465996037624108,194677373.19607756,2003236325.8616455
1778544000,RENDER,1.954629922212589,86017570.6662088,1013951099.9242445
1778544000,WLD,0.27541003882411635,100794999.47500342,929881517.4072468
1778544000,ZEC,556.1287193183408,698382933.002703,9280801289.010536
1778630400,ALGO,0.12219858361996853,46349332.60007615,1088641039.6608083
1778630400,NEAR,1.6063693291955496,343823301.15565526,2080781621.627439
1778630400,RENDER,1.903988437654414,97005993.85157399,987681171.081943
1778630400,WLD,0.26396094908279716,76082165.21817312,891821875.3349594
1778630400,ZEC,570.8610726088147,685438404.2149616,9526658117.94032
1778716800,ALGO,0.1180077768618873,31486238.549111888,1051306038.787774
1778716800,NEAR,1.5739308163463694,365518394.8386495,2038892820.379094
1778716800,RENDER,1.8716338344942496,85917038.02403691,970897438.7298231
1778716800,WLD,0.2576034681242648,122638059.53606398,870881331.0815098
1778716800,ZEC,524.3496893374387,862054287.6995807,8750465681.146643
1778803200,ALGO,0.11859339527435699,31152184.460950185,1056523187.9437592
1778803200,NEAR,1.5722092817824764,237875531.74172252,2036832514.9801311
1778803200,RENDER,1.898949161388347,59254171.741806,985067080.4785326
1778803200,WLD,0.25804133484698705,77378283.66774686,872361629.2975909
1778803200,ZEC,560.5629614310518,836949539.9798396,9354800919.825998
1778889600,ALGO,0.11323747863181816,29974813.912399784,1008808472.3607767
1778889600,NEAR,1.5447653533063714,210400783.36462098,2001402196.5950265
1778889600,RENDER,1.882177109412672,56223718.383550204,976366691.5427735
1778889600,WLD,0.24239155086207242,85753319.33418353,819454326.429502
1778889600,ZEC,515.1260857309292,397827499.8083863,8596540107.32348
1778976000,ALGO,0.11024266874064008,23394904.73841496,982128351.7166793
1778976000,NEAR,1.4970690137379148,181772021.19663763,1939726953.2657783
1778976000,RENDER,1.8276772313482519,46470898.963306814,948095247.0707667
1778976000,WLD,0.23686136217884252,55925330.889403135,800758389.932017
1778976000,ZEC,511.1989253955029,329209269.49191135,8531002771.38469
1779062400,ALGO,0.10771234148035926,20454105.5002782,959586207.4649839
1779062400,NEAR,1.5074093234302182,173004828.73373303,1953245854.2381883
1779062400,RENDER,1.7922254638500281,36429439.13211215,929704881.5900253
1779062400,WLD,0.23273458656681376,48398455.05185805,786806979.012562
1779062400,ZEC,535.8361606318838,425732309.7469925,8942154500.46591
1779148800,ALGO,0.10873789920684496,28415161.201301184,968722681.853801
1779148800,NEAR,1.6240136920332473,275008104.40073645,2104512008.3788035
1779148800,RENDER,1.8169626500110057,45860198.09946444,942537130.207483
1779148800,WLD,0.23796064133213807,65412467.07083177,807102553.436162
1779148800,ZEC,563.1101757601147,575792760.6657571,9397309406.094301
1779235200,ALGO,0.11255033177205451,45016618.231877625,1002686827.9877193
1779235200,NEAR,1.6001123524066538,273580675.38272876,2073667753.6524048
1779235200,RENDER,1.8178143466747578,42415587.64919839,942978942.1122327
1779235200,WLD,0.23510004345035346,72776130.04216199,801016326.9615787
1779235200,ZEC,573.6006369077544,486709371.3894403,9572376583.816513
1779321600,ALGO,0.11750650892790448,46724661.29149651,1046840349.9996225
1779321600,NEAR,1.7010617504668115,322468464.5817363,2204629632.462868
1779321600,RENDER,1.9040646129424013,55179172.91319806,987720686.4992422
1779321600,WLD,0.24448729104711303,86921246.9037096,833689291.300894
1779321600,ZEC,672.8192044654849,1039464936.1306041,11228158379.822737
1779408000,ALGO,0.11478058429493283,33064271.724318407,1022555670.5985568
1779408000,NEAR,1.9239600468951716,591119898.5458657,2493718196.7088656
1779408000,RENDER,1.933021989822075,58140306.02682261,1002742130.6122178
1779408000,WLD,0.26529213306085375,149165253.87425068,905243259.0368547
1779408000,ZEC,663.5789323084665,803140730.0953586,11073954637.4755
1779494400,ALGO,0.11164801485162124,39387609.8052338,994648279.5752523
1779494400,NEAR,2.1014725996777535,1190366845.795028,2723967001.0830016
1779494400,RENDER,1.847129050181417,130691051.31109065,958185747.0049378
1779494400,WLD,0.2692561629072225,279086820.4265036,919387488.9045874
1779494400,ZEC,582.5786944969677,573353654.4682972,9722204430.414534
1779580800,ALGO,0.11470673157315048,30503990.633209366,1021897732.4994298
1779580800,NEAR,2.452089791295446,1158176060.2296898,3178638665.6130805
1779580800,RENDER,1.9381829429859971,91950774.92078403,1005419340.2864116
1779580800,WLD,0.2960636606173958,218455548.7196288,1010922916.4968768
1779580800,ZEC,630.4805751375868,747219196.4080448,10521601800.398235
1779667200,ALGO,0.11167532350820812,22491941.495961346,994891566.5546738
1779667200,NEAR,2.394019658285933,754260240.3149056,3103553652.87713
1779667200,RENDER,2.017763180802492,81420547.27228504,1046701052.3636158
1779667200,WLD,0.2902980956171089,176940176.2976654,991236130.9819378
1779667200,ZEC,662.8255472055216,722992508.7088288,11061381977.241188
1779753600,ALGO,0.11255116856337799,29324260.854248554,1002694282.7826064
1779753600,NEAR,2.7599789485227064,1154081784.9432557,3578268420.1374807
1779753600,RENDER,2.1805584856164035,193253712.39787126,1131150019.6605644
1779753600,WLD,0.32679759946518844,219124051.39546692,1115865357.020162
1779753600,ZEC,651.6263495336702,575926347.9924903,10874487244.819887
1779840000,ALGO,0.10845136644751792,26683545.817261,966170022.7985966
1779840000,NEAR,2.5506837206562967,1167274841.5951073,3307123646.910053
1779840000,RENDER,2.2895015759834654,266987819.29507807,1187663513.622525
1779840000,WLD,0.37164569295365435,702951373.7293719,1269001224.4013162
1779840000,ZEC,569.7732071357525,910657730.5774838,9508503573.976036
1779926400,ALGO,0.10627888471064613,27169245.42137807,946815847.7614504
1779926400,NEAR,2.4855067477145387,859684330.4012676,3222814975.5869575
1779926400,RENDER,2.129962391323123,171003255.010457,1104903636.7122924
1779926400,WLD,0.3376733945730016,335879883.429508,1153001257.0718112
1779926400,ZEC,541.2592240295704,586605474.6403347,9032655803.533527
1780012800,ALGO,0.11556818701272595,42768016.27337153,1029572254.7203866
1780012800,NEAR,2.418086598306617,676324248.2501999,3135653141.052637
1780012800,RENDER,1.9967394757236654,109465528.35182852,1035795147.0324271
1780012800,WLD,0.28093855236749077,206302792.26611638,942926675.3721159
1780012800,ZEC,547.2575843809614,610294077.5817258,9132757791.701616
1780099200,ALGO,0.12285579063892728,101856988.57810017,1094495956.3971322
1780099200,NEAR,2.3778773918424463,850655756.4798898,3083701149.640942
1780099200,RENDER,1.9624390225470267,122803348.60501583,1018002018.097317
1780099200,WLD,0.28978542023200765,228806408.25225258,972619815.1446643
1780099200,ZEC,529.3962430839224,546199689.2167698,8834683706.377987
1780185600,ALGO,0.12441874863696421,112864898.11803193,1108420014.8397462
1780185600,NEAR,2.2522417088678686,638073293.0075078,2920951828.445497
1780185600,RENDER,2.1122075349790848,141650903.8365816,1095693424.6335497
1780185600,WLD,0.3441622878808009,438633597.44666,1155127337.1530938
1780185600,ZEC,528.2022036147067,426606020.68848056,8814757306.859167
1780272000,ALGO,0.12748487049548496,58100096.53428273,1135735438.5452082
1780272000,NEAR,2.3211279138754355,668164397.7352628,3010537268.595205
1780272000,RENDER,2.0867105861512942,72781069.75480545,1082467054.2527125
1780272000,WLD,0.34998623034039156,222161256.91827738,1174674496.6821177
1780272000,ZEC,569.4121120889725,512627819.6903375,9502477538.52921
1780358400,ALGO,0.12001858818657976,50744252.60100848,1069219926.7087892
1780358400,NEAR,2.635684840552501,1084877110.850425,3418732705.766752
1780358400,RENDER,2.1206105109690334,128188467.89456451,1100052411.8007987
1780358400,WLD,0.437456849382552,640259941.2647977,1474741622.6786811
1780358400,ZEC,543.6723869050899,720696385.9532984,9072927208.96133
1780444800,ALGO,0.11224895363640089,45908435.92054923,1000001914.6506766
1780444800,NEAR,2.6231349266747634,1124963520.7731738,3402663005.0872283
1780444800,RENDER,2.035759323573607,161868947.20515412,1056036430.1503788
1780444800,WLD,0.38148336922519394,504748513.9191579,1286928398.3772318
1780444800,ZEC,608.6416858212438,1228305563.3083723,10157149498.121693
1780531200,ALGO,0.10645538173110403,39030155.13000104,948388221.958895
1780531200,NEAR,2.81868251817404,1305865611.4743228,3656545077.150235
1780531200,RENDER,2.1493308398123263,182681609.48025712,1114950888.8423648
1780531200,WLD,0.5419489205583978,960260878.1317656,1829467355.8522632
1780531200,ZEC,620.9293770289404,804026354.0611703,10362209255.760418
1780617600,ALGO,0.10042180619152079,58052314.19981556,894636388.2329714
1780617600,NEAR,2.1984437231916405,1093566845.6688383,2852170497.4551554
1780617600,RENDER,1.883271601307373,164722824.71031392,976934451.8373841
1780617600,WLD,0.5364162616073525,1348454546.5505123,1812035752.0391357
1780617600,ZEC,459.1723454208874,1177356540.9245243,7662771490.175082
1780704000,ALGO,0.09317613054349512,68568141.36367299,830086213.9441862
1780704000,NEAR,1.965348986122215,997645291.940158,2549920694.4235806
1780704000,RENDER,1.6815754134557064,137313012.97715798,872305913.6171032
1780704000,WLD,0.529356544512487,1248097324.626536,1789360224.7967665
1780704000,ZEC,389.9925359328825,3582549935.926357,6508283252.529765
1780790400,ALGO,0.09204154111458293,33397909.361182436,819978399.4434845
1780790400,NEAR,1.859483598523576,424601052.47877854,2412718464.1137967
1780790400,RENDER,1.596324262370372,53824211.25567475,828082453.4978933
1780790400,WLD,0.414007394479407,735704009.8355174,1400726396.4657753
1780790400,ZEC,362.16063746764553,1027734936.7821984,6043818264.15731
1780876800,ALGO,0.0943349474812055,34456882.113281555,840409866.1378064
1780876800,NEAR,2.055810872540087,654286164.4993682,2667625091.316948
1780876800,RENDER,1.6791548606009403,73759070.23272322,871050268.135765
1780876800,WLD,0.46657780230037277,430107443.034122,1579165469.8156881
1780876800,ZEC,439.9814106649073,1322039118.593408,7342508849.830008
1780963200,ALGO,0.09211302774980386,31371992.356529314,820615258.5836099
1780963200,NEAR,2.1293233347880447,591006765.2288054,2763247813.154756
1780963200,RENDER,1.6418691985433698,67513004.19820826,851708582.210952
1780963200,WLD,0.49727652621002444,605663942.8715513,1684192896.8640084
1780963200,ZEC,458.5823051174074,918415790.9283661,7652924764.733862
1781049600,ALGO,0.09105705347823166,34557851.96997087,811207809.7015955
1781049600,NEAR,2.1507565940855526,487720671.7508771,2791237816.0470257
1781049600,RENDER,1.6116047422226694,52936851.66039866,836009099.446334
1781049600,WLD,0.5085756511765829,561797758.3941307,1723540591.3603885
1781049600,ZEC,429.0662872652168,895075093.7423905,7160354812.826265
1781136000,ALGO,0.08665143097734003,30383402.822904225,771959061.3311604
1781136000,NEAR,1.9701038619384292,458876887.1031024,2556950181.0593367
1781136000,RENDER,1.5145968182568903,57884840.803284496,785686892.6241204
1781136000,WLD,0.45029379627980615,500272670.69447654,1527011801.8436725
1781136000,ZEC,408.77273045825166,640678290.2132931,6821691367.421857
1781222400,ALGO,0.08857817225644922,43620928.96764835,789123987.2010874
1781222400,NEAR,2.0626228882694524,454429939.7524512,2677197029.0118117
1781222400,RENDER,1.6303878786056372,54676730.14479906,845752724.8657068
1781222400,WLD,0.49636073838515193,765384088.562997,1684389996.3817863
1781222400,ZEC,427.99313849712047,466166979.8337841,7142445864.548147
1781308800,ALGO,0.0871708816846469,33533088.26539752,776586736.557035
1781308800,NEAR,2.008933388113652,346075500.29400945,2607673203.136305
1781308800,RENDER,1.6518703692296433,50748364.258721,856896622.1067079
1781308800,WLD,0.4580276347310301,662565846.4075292,1555370504.2877862
1781308800,ZEC,411.69693298594785,422079720.8435193,6870491117.633706
1781395200,ALGO,0.08964494744638447,25711619.738912296,798627659.1541696
1781395200,NEAR,2.1270554014750207,281079157.78548807,2761231345.4903164
1781395200,RENDER,1.7719510113761794,73730508.31603001,919187645.9984663
1781395200,WLD,0.5016344211485119,678052606.6477112,1704522947.0762377
1781395200,ZEC,420.38552643613826,346311225.1996428,7015488321.502361
1781481600,ALGO,0.09251274698980286,51106083.633162074,824176271.7812607
1781481600,NEAR,2.2167183923442937,291757077.4500789,2877805949.3411813
1781481600,RENDER,1.8050371756137271,57100273.34361432,936350870.729499
1781481600,WLD,0.5228909047065298,575349556.0528816,1777845956.9426394
1781481600,ZEC,472.50127982981894,442389875.6036468,7885207748.80811
1781568000,ALGO,0.09501065749321913,48753458.397388764,846429622.0809313
1781568000,NEAR,2.3904581564028313,585753430.0740614,3103553383.9999084
1781568000,RENDER,1.7916851021425595,60647056.18569138,929424572.595766
1781568000,WLD,0.5873355992499789,966135941.0521773,1998300810.359264
1781568000,ZEC,518.4990268961559,876212475.7974097,8652828508.95892
1781654400,ALGO,0.09445629022278015,29041518.389150772,841490882.663775
1781654400,NEAR,2.307692870691371,477150817.3019479,2996283897.1458464
1781654400,RENDER,1.7287660823857858,48426139.9810097,896785755.1073282
1781654400,WLD,0.6740269167921071,1347212506.8472438,2294760995.7236447
1781654400,ZEC,504.7610596825436,693713031.6657847,8423566218.781285
1781740800,ALGO,0.09905927453997238,48405648.12834753,882497885.2342342
1781740800,NEAR,2.1792092834018457,408873902.9235579,2829694448.3125825
1781740800,RENDER,1.6933845643301042,52059271.9101738,878480668.7172033
1781740800,WLD,0.6581855617117214,943745605.3461182,2242361738.431804
1781740800,ZEC,476.86044375662607,572669404.1517406,7957954457.9521885
1781827200,ALGO,0.09623825072458007,49433729.95155924,857365987.5614471
1781827200,NEAR,2.235126993537953,397668006.20039904,2902481671.7465067
1781827200,RENDER,1.6768462548298173,50954206.73724788,869901055.146076
1781827200,WLD,0.642248257201613,1314650494.0828216,2189426409.3882475
1781827200,ZEC,455.5547837968822,434273579.521296,7602400807.24345
1781913600,ALGO,0.09554188734963319,32152483.152603004,851162235.2263013
1781913600,NEAR,2.1863638686337263,281625352.7986244,2839333366.802456
1781913600,RENDER,1.7587126994472402,54050478.18955836,912371082.6447995
1781913600,WLD,0.6232839081428652,407724686.4321465,2126079086.8473837
1781913600,ZEC,476.7329322570709,358064879.4306892,7955826517.336415
1782000000,ALGO,0.09366604532672097,22071941.4294507,834450759.941011
1782000000,NEAR,2.191881287544513,236312018.75191844,2846732131.3495307
1782000000,RENDER,1.7204738642878545,34985501.89153686,892533841.7785625
1782000000,WLD,0.6104178546901924,234669554.8523622,2109448275.3701873
1782000000,ZEC,470.87630932971564,275508869.2729622,7858089875.215018
1782086400,ALGO,0.08942756629050244,22769724.306470156,796691056.9405297
1782086400,NEAR,2.099677208717881,257304394.73345375,2727148701.562994
1782086400,RENDER,1.6523083716946783,36522055.831294455,857171485.9510307
1782086400,WLD,0.6047007655710176,299168734.4549906,2090948015.304296
1782086400,ZEC,434.04127831796865,258228515.29667103,7243378583.711159
1782172800,ALGO,0.08941830687404156,29367468.499100983,798236352.5939472
1782172800,NEAR,2.0667976430499198,264028733.7497407,2684609849.8974366
1782172800,RENDER,1.6284209042256719,35578574.92005956,844779334.2578124
1782172800,WLD,0.6186179226564263,307737753.3960125,2140376743.193438
1782172800,ZEC,441.72659657914164,304467547.53280526,7412996459.905281
1782259200,ALGO,0.09442849103470127,56334231.177346446,842968771.8320469
1782259200,NEAR,1.9798925738346256,271822516.3102675,2571938790.9458666
1782259200,RENDER,1.5836021831606397,40209974.51969806,821528632.1541028
1782259200,WLD,0.5433436144840508,320119053.59536684,1881091731.399475
1782259200,ZEC,415.69959091849927,301930069.0404334,6976214743.978631
1782345600,ALGO,0.08971343007503892,45965650.43432161,801523839.3997072
1782345600,NEAR,1.961966502462085,262896505.77701956,2548809424.052526
1782345600,RENDER,1.5816420331168453,60058158.75495663,820511760.9970542
1782345600,WLD,0.5272674026360443,387230348.9546981,1827864195.604888
1782345600,ZEC,415.8493820231059,372486926.05661464,6979909140.578906
1782432000,ALGO,0.08489518652607202,31482191.110709097,758476359.6043122
1782432000,NEAR,1.8335718372468157,317996569.7884909,2382157316.9517803
1782432000,RENDER,1.5209757577031033,50801826.61192687,789039789.8236728
1782432000,WLD,0.4957313441397293,273581032.7308445,1718560849.256936
1782432000,ZEC,416.37237434522683,363424024.2693437,6988687412.346115
1782518400,ALGO,0.08299333002091366,35358337.39084614,741484663.6372001
1782518400,NEAR,1.8003460956633577,354870682.83652484,2339134987.581014
1782518400,RENDER,1.5691581281515656,45321513.272499785,814035459.3860027
1782518400,WLD,0.46296863558261375,340519327.4465862,1605943178.167919
1782518400,ZEC,418.7437072205981,424981669.8304757,7028489534.767544
1782604800,ALGO,0.08602986821551427,31800325.9197583,768613910.0631185
1782604800,NEAR,1.8670307078108992,255271106.37467661,2425973554.3314776
1782604800,RENDER,1.5565123612357845,37697633.54458364,807475188.3107717
1782604800,WLD,0.4444514684781735,199880856.27384585,1542632544.9888954
1782604800,ZEC,395.02964907171787,239256615.78044626,6630456067.870647
1782691200,ALGO,0.08750077865764792,27199905.67749114,781755418.3524121
1782691200,NEAR,1.831108150008356,226719892.9465433,2379441053.498342
1782691200,RENDER,1.542035684303606,28077598.687641755,799965092.1990749
1782691200,WLD,0.43714887222569715,187536875.26713347,1523774694.7677653
1782691200,ZEC,375.9632425119813,245930705.06035244,6310432061.157312
1782777600,ALGO,0.08561800039425245,33104547.0720766,764934172.5127112
1782777600,NEAR,1.860751399933291,234472299.33844873,2418107999.730373
1782777600,RENDER,1.5593619043260714,39734839.79523959,808953451.7674154
1782777600,WLD,0.41891492827877086,231927606.45998648,1464664760.2343986
1782777600,ZEC,406.6092320887038,329440554.7316493,6824815951.132086
1782864000,ALGO,0.08286920817788394,32498167.40453681,740375725.8104407
1782864000,NEAR,1.7794833170512157,217731991.3367296,2312685649.987144
1782864000,RENDER,1.5080029702574334,34457606.50230742,782309869.6209888
1782864000,WLD,0.40520121415897403,217189646.61091056,1417713723.7716467
1782864000,ZEC,399.31995613529796,268533853.0071609,6702467605.661773
1782950400,ALGO,0.08433605353971006,30144439.856704466,753480915.5822855
1782950400,NEAR,1.8037331837062922,266774193.06745812,2344344024.30468
1782950400,RENDER,1.4999851225838665,41070186.03109518,778150433.935608
1782950400,WLD,0.3597462258559847,293926323.262679,1261069971.4148116
1782950400,ZEC,416.6989697942226,328179444.13500726,6994169220.563857
1783036800,ALGO,0.0865335082779687,25778735.054907214,773113565.4234847
1783036800,NEAR,1.9409858077431315,251476183.81441683,2522890255.091173
1783036800,RENDER,1.5895343649520541,43418542.01347316,824606082.5672258
1783036800,WLD,0.40375763055706304,239887865.73631775,1416221501.0114899
1783036800,ZEC,434.1916932294615,373013847.05135536,7287779420.500282
1783123200,ALGO,0.0892618710727462,25693589.347042523,797489490.195464
1783123200,NEAR,2.0427399144939793,271723831.6367214,2655375644.073209
1783123200,RENDER,1.6095047356944794,34332034.92233843,834966153.7606682
1783123200,WLD,0.43373398201825736,266103879.64594752,1522560741.6574314
1783123200,ZEC,460.6515261647326,388966405.5504602,7731899906.779681
1783209600,ALGO,0.09057057475594366,24553467.322404876,809181799.8074762
1783209600,NEAR,1.9968924137242186,186873302.07489944,2595936933.951637
1783209600,RENDER,1.6083629785139786,33032938.014978074,834373841.9889852
1783209600,WLD,0.4250468445481611,177806880.36379433,1492946900.0433044
1783209600,ZEC,463.0408649957748,218203420.14959934,7772004253.852644
1783296000,ALGO,0.09094614130363782,20735476.28461298,813919730.9177984
1783296000,NEAR,2.0151971764487366,144757031.15144122,2619894573.924859
1783296000,RENDER,1.6169834461824266,25438873.69726374,838845900.1153854
1783296000,WLD,0.4182683877049204,125995772.23832425,1470001224.696064
1783296000,ZEC,461.9180061840394,188463403.842457,7753157400.106025
1783382400,ALGO,0.08841356237296705,22685514.24888586,791254492.6544441
1783382400,NEAR,2.0512943676514195,288702160.6697182,2667044384.733988
1783382400,RENDER,1.6148212055579956,35498621.76780419,837724190.0031705
1783382400,WLD,0.4096197867826041,140819484.47780776,1440893453.864235
1783382400,ZEC,452.3946409756593,302575768.7609729,7593310525.875608
1783468800,ALGO,0.08608304073041939,22474434.2421812,770397559.9576787
1783468800,NEAR,1.977568705106829,219439874.77554956,2571347183.968311
1783468800,RENDER,1.56342777069692,32903158.627113592,811062709.8081552
1783468800,WLD,0.3810350794298364,130496117.7482494,1340748788.7621403
1783468800,ZEC,483.7923833587213,496295476.85413563,8120312364.82724
1783555200,ALGO,0.08470335920738276,23580276.478072666,758050142.0476313
1783555200,NEAR,1.890953635770612,218119035.91505688,2458878059.50253
1783555200,RENDER,1.5374375186321894,28478809.15792292,797579692.1316681
1783555200,WLD,0.3882544815395239,140691138.88612002,1366996736.3317373
1783555200,ZEC,465.8795530648771,302287385.84740824,7819650795.262385
1783641600,ALGO,0.08470800863892726,22841477.249041248,758091751.9941049
1783641600,NEAR,1.9186201220025028,122048566.58973803,2495008036.290144
1783641600,RENDER,1.552833650642051,19265351.934021953,805566775.8860497
1783641600,WLD,0.38307754823286994,93063297.55315736,1349670278.816046
1783641600,ZEC,481.1850455771398,246576611.4692697,8076548969.711203
1783728000,ALGO,0.08558249876393656,24254118.144737653,765917974.8226414
1783728000,NEAR,1.8913646424349004,123344176.74054034,2459769626.8167725
1783728000,RENDER,1.5674007220908572,19103688.00080496,813123766.151082
1783728000,WLD,0.3810355774084634,116675863.89202476,1343254605.929372
1783728000,ZEC,497.8566017422245,274954814.3617853,8356376119.383108
1783814400,ALGO,0.08424905597034327,17436663.1146925,753984369.0181661
1783814400,NEAR,1.8666409100529862,98081499.23673591,2427764346.9273243
1783814400,RENDER,1.5435034135178183,20294001.984505504,800726509.1676457
1783814400,WLD,0.3969387158161789,176674574.80368197,1400182580.6160927
1783814400,ZEC,508.5780850507025,257913077.29872406,8536333052.302757
1783900800,ALGO,0.08346196142723408,15328385.306173202,748045483.5023519
1783900800,NEAR,1.8879426766590721,103837155.21272938,2455620364.788377
1783900800,RENDER,1.5268467376303456,17155305.33509155,792085490.4171168
1783900800,WLD,0.41825954166347634,176312210.09736395,1476246916.4290123
1783900800,ZEC,533.2997490230787,332902525.3497594,8951278885.555243
1783987200,ALGO,0.08354398521844902,20317881.63862896,748780639.081119
1783987200,NEAR,1.920515406842951,213104663.37358433,2498143615.400807
1783987200,RENDER,1.491041703287685,23182964.27997217,773510837.5146759
1783987200,WLD,0.39227297307239584,193801088.07053205,1385343731.1434858
1783987200,ZEC,495.4194760535825,338941526.9593848,8315469684.009479
1784073600,ALGO,0.08468950407958223,18751192.50392682,759047594.1787958
1784073600,NEAR,2.0107203460774805,238628176.4998829,2615699847.622794
1784073600,RENDER,1.5245790485120596,25915881.547792193,790909076.5681677
1784073600,WLD,0.4142990021738795,166735198.59167218,1464044434.9856584
1784073600,ZEC,564.1362653433462,480525928.26033473,9468860710.68703
1784160000,ALGO,0.08502720137153608,18517923.9294215,762578009.3610519
1784160000,NEAR,2.066248837544972,180146534.64697272,2688106810.815162
1784160000,RENDER,1.525879695196028,20253235.94789954,791583815.7814363
1784160000,WLD,0.40613836416532184,129195025.3726172,1436153546.4900973
1784160000,ZEC,570.1795583672051,468587078.8210739,9570295600.432968
1784246400,ALGO,0.08223700583774621,21116138.8684164,737563646.3286322
1784246400,NEAR,1.9636423196710087,171788186.16259468,2554779135.8088117
1784246400,RENDER,1.4747378897256265,21016635.597785503,765052873.8941655
1784246400,WLD,0.38780268438493576,133445641.212847,1372392259.7812362
1784246400,ZEC,523.5637782982166,426080857.1762138,8787863490.480547
1784332800,ALGO,0.08270036076181278,20743616.1078396,741741052.9795779
1784332800,NEAR,1.9266207825502868,172689506.12998304,2506767267.8404984
1784332800,RENDER,1.4768950583591822,21095291.352513194,766171952.7990164
1784332800,WLD,0.3882922670276836,131851965.0521467,1374948674.508473
1784332800,ZEC,547.2815413317958,368804539.70434034,9185959142.773632
1784419200,ALGO,0.083127211090442,15591127.178277142,745569481.4084936
1784419200,NEAR,1.9312396447776372,105514188.97548899,2512982909.3019905
1784419200,RENDER,1.480631228570266,11978124.175797662,768110173.6701701
1784419200,WLD,0.37608698454390205,97066451.57928257,1332511728.5552604
1784419200,ZEC,558.4092967953651,224254307.85790896,9372735233.906498
1784505600,ALGO,0.08278045715499924,12721082.198578626,742459438.999599
1784505600,NEAR,1.9156068698392918,117734270.17798562,2492793862.6207833
1784505600,RENDER,1.4820059537232022,15307287.189375523,768823342.726445
1784505600,WLD,0.3609860663639334,90649569.84353659,1279747680.808214
1784505600,ZEC,547.8284843154929,192561859.19788966,9195139419.326431
1784592000,ALGO,0.08322010897562421,20165035.325272676,746402684.2450942
1784592000,NEAR,1.9766045187613706,177295481.73357332,2572331299.0021605
1784592000,RENDER,1.5160910524596254,23650947.10303452,786505741.0203671
1784592000,WLD,0.3798900721149909,150058316.18280262,1347601391.7730594
1784592000,ZEC,542.4717730794962,325120898.12157303,9105228602.247238
1784678400,ALGO,0.08454601396091332,21912751.793172907,758294750.3845849
1784678400,NEAR,1.9350271306996851,211370843.3216959,2518387813.374637
1784678400,RENDER,1.5341884680669864,24661065.613280993,795894175.342784
1784678400,WLD,0.3769049535379736,94533847.72478099,1337821576.8311102
1784678400,ZEC,532.218029987496,319326298.2495698,8933122550.809069
1784764800,ALGO,0.08444212279022079,18211811.795187872,757362948.568548
1784764800,NEAR,1.8677039104626492,159836305.87335318,2430970332.82193
1784764800,RENDER,1.5086512719515477,20234188.06277143,782646190.4531097
1784764800,WLD,0.3844113063591587,125517065.85464214,1365372527.144985
1784764800,ZEC,515.1242324154182,275870117.4532885,8646208203.744047
1784851200,ALGO,0.08315078036042395,17752262.655846704,745780874.623388
1784851200,NEAR,1.883351569103604,100676472.94310904,2451487915.9497566
1784851200,RENDER,1.4733690086261855,21678678.08267662,764342736.5698023
1784851200,WLD,0.3813180873836487,100054530.73695783,1355365833.5233598
1784851200,ZEC,504.2248684560044,221221521.05893576,8463265596.599373
1784937600,ALGO,0.08609059890986698,27497619.676753942,772148161.130313
1784937600,NEAR,1.805184325043529,134396725.6654206,2349884116.4568048
1784937600,RENDER,1.456257925777849,21865679.97735969,755465984.1653485
1784937600,WLD,0.3470668267370498,146883017.07734272,1302496343.3443203
1784937600,ZEC,488.2649577764055,205066228.53587905,8195383206.361347
1785024000,ALGO,0.08411380101725659,20746884.909457184,754418224.5630991
1785024000,NEAR,1.7917302466816518,77916278.19229409,2332561013.327424
1785024000,RENDER,1.4638056033071671,17195299.795525465,759381508.6970371
1785024000,WLD,0.34537727488281483,116015708.32962787,1295867314.9445548
1785024000,ZEC,485.19984092900324,138346367.43503958,8143936124.737606
1785110400,ALGO,0.0848246359782348,14116866.161070516,760793716.3698306
1785110400,NEAR,1.8367170356882416,85643516.03209302,2391274778.662394
1785110400,RENDER,1.486937884080726,20835843.58949161,771381890.6013974
1785110400,WLD,0.35588708957262966,166822552.4605559,1335836380.165035
1785110400,ZEC,507.8146917443191,163673604.66933796,8523519720.968322
1785196800,ALGO,0.07999502761598491,18964381.760481548,717476870.3597906
1785196800,NEAR,1.687293520663673,160061192.20736825,2196872115.5770464
1785196800,RENDER,1.4112834254197868,23675795.95314601,732134468.1104575
1785196800,WLD,0.32669310239356714,114277558.05606246,1226750307.8077714
1785196800,ZEC,476.31573300108323,214718803.30162585,7994818995.284873
1785283200,ALGO,0.07992356977964243,24542116.647329986,716835963.7145951
1785283200,NEAR,1.652638517475382,148593294.11540088,2151885349.835347
1785283200,RENDER,1.42119828124703,24630040.14776562,737278018.7018714
1785283200,WLD,0.3181150627977549,119468817.99211895,1114142473.623592
1785283200,ZEC,465.44148386547903,204984720.24838233,7812297933.0452795
1785369600,ALGO,0.07729922406601276,20066207.718100186,693298158.8600731
1785369600,NEAR,1.6202997584312384,213163162.20947665,2109951842.066032
1785369600,RENDER,1.3985613611152767,23317825.777578637,725534616.0785533
1785369600,WLD,0.31030260882513233,113753539.40627962,1105892281.4187932
1785369600,ZEC,467.183565359457,207866219.1450937,7841538256.751651
1785456000,ALGO,0.07886487642142612,14968971.147157634,707340523.5608629
1785456000,NEAR,1.6766368871636637,158451245.2317743,2183447712.738295
1785456000,RENDER,1.4147198620134893,17974309.3181682,733917195.5430973
1785456000,WLD,0.3064081477942439,81481238.74424075,1092520357.5256078
1785456000,ZEC,469.9643276957899,177541543.65338284,7888212531.833462
1785542400,ALGO,0.0787294226309628,18560655.11923374,706125636.0290211
1785542400,NEAR,1.6625493732142973,184215690.0432928,2165237289.6341653
1785542400,RENDER,1.3721508086458936,22520253.928607374,711833558.2779746
1785542400,WLD,0.29949503410290834,98965910.43305388,1068306141.2753017
1785542400,ZEC,457.2306328508523,154130293.04624495,7674481222.172446
1785628800,ALGO,0.07896842772156971,14835857.709396785,708269277.0717107
1785628800,NEAR,1.6735917466081855,112379005.24849366,2179754407.628607
1785628800,RENDER,1.3493287296701297,18752620.52463453,699994100.412078
1785628800,WLD,0.3000842537537799,67047621.01890138,1072221715.0661247
1785628800,ZEC,461.46514974693923,128707416.70683694,7745556338.468496
1785715200,ALGO,0.08586448563103055,29902780.907626674,770120146.9839196
1785715200,NEAR,1.715742818703043,141818474.66383862,2234839861.411613
1785715200,RENDER,1.3832248832900704,17075132.044317435,717578479.2508956
1785715200,WLD,0.3159756555432735,114166697.06142382,1129457503.4319725
1785715200,ZEC,489.1385377716922,181112300.00355172,8210045988.74776
1785801600,ALGO,0.09024113815571494,46260023.26087449,809374423.7764356
1785801600,NEAR,1.734272989556641,109412047.14884095,2259115772.916584
1785801600,RENDER,1.3608428346147343,19717529.98268192,705967296.82858
1785801600,WLD,0.3239405894150946,122011936.11329271,1158407138.5287094
1785801600,ZEC,483.01686550873796,190351794.52821043,8107295526.607002
1785888000,ALGO,0.08941007550956369,29601836.92653129,801920607.6555649
1785888000,NEAR,1.729572964981501,94541699.03221221,2253133512.3169684
1785888000,RENDER,1.3395914338406802,25593820.75328552,694942662.9938234
1785888000,WLD,0.3193612391441591,127113032.48655604,1142527835.7860522
1785888000,ZEC,505.52424212063386,238178307.66437194,8485075200.053998
1785974400,ALGO,0.08823183581546921,21231491.514051102,791352954.22202
1785974400,NEAR,1.6978914247582741,99212664.72787797,2211999110.3599677
1785974400,RENDER,1.3250177765266569,22540470.348111637,687382256.1656536
1785974400,WLD,0.317048349316401,113743853.99417661,1134709970.1299005
1785974400,ZEC,511.8309817077122,209090316.4223277,8590931962.608122
1786060800,ALGO,0.08723480385454141,22473358.17064817,786816902.5163125
1786060800,NEAR,1.656305031618305,122842315.27771981,2158000196.7078166
1786060800,RENDER,1.3375680625940116,22435872.820639357,693892994.4405141
1786060800,WLD,0.3029636206131486,100015721.05499683,1085065874.875627
1786060800,ZEC,501.9432876462254,162043756.84555176,8424969936.108861
1786147200,ALGO,0.08892861188920785,21716498.53939082,802142447.3365405
1786147200,NEAR,1.5906756764196346,147246160.25872907,2072621112.4915268
1786147200,RENDER,1.3124032856112045,18803032.43269195,680838210.2068329
1786147200,WLD,0.30387647464266626,88897725.77699023,1088448701.67586
1786147200,ZEC,510.99998943184806,168062647.4105978,8576984002.522582
1786233600,ALGO,0.08745834951838452,15711362.05112832,788886754.315572
1786233600,NEAR,1.610897381778781,107723996.92119667,2099099056.1652975
1786233600,RENDER,1.3223881110519025,14158289.770832665,686018059.0816447
1786233600,WLD,0.30546719041711023,56087868.89688194,1094583772.6234188
1786233600,ZEC,507.8750654530177,108649846.23666418,8524533075.849712
1786320000,ALGO,0.08253301989117301,25123692.18816192,744479984.3792645
1786320000,NEAR,1.598025641896896,78934528.95550506,2082498294.316239
1786320000,RENDER,1.2989616116342906,17487058.397043187,673865044.7530724
1786320000,WLD,0.3126022661711148,88180755.11852045,1120598559.8746183
1786320000,ZEC,509.43911919162076,153816516.5635082,8550785256.226465
1786406400,ALGO,0.08239536499233702,26296781.575306766,743593334.7230817
1786406400,NEAR,1.5996778324833314,142529946.97606835,2084780581.494017
1786406400,RENDER,1.25893803703856,31184197.563728396,653101930.8592008
1786406400,WLD,0.34042623462086574,218343711.6720488,1222371106.8341513
1786406400,ZEC,495.70314357236225,167269162.60053733,8362521408.560771
1786492800,ALGO,0.08093137184781864,23125290.536728416,730392591.341225
1786492800,NEAR,1.617847612633165,147855217.92743543,2108591603.6669261
1786492800,RENDER,1.2633630785601107,37678646.795414686,655397518.9475987
1786492800,WLD,0.3357147665579817,118307709.31570926,1205943121.9625452
1786492800,ZEC,480.66499804092575,213009770.71790084,8109544851.292486
1786579200,ALGO,0.07906083097690825,19252062.239828978,713518047.5076972
1786579200,NEAR,1.6426774248679,175170434.3980227,2141087805.2318947
1786579200,RENDER,1.2533657683809478,25005164.20866592,650211193.3387796
1786579200,WLD,0.33009858075481036,103706683.84035344,1186249301.2065766
1786579200,ZEC,489.7540400805609,187158959.95227525,8263108818.576205
1786665600,ALGO,0.07873588892771598,18417471.529993646,710614870.6326382
1786665600,NEAR,1.6390118166266001,100157556.99121667,2136486833.5926092
1786665600,RENDER,1.258221387916067,20118330.04354849,652730153.2880427
1786665600,WLD,0.3406356242252325,119017677.83185077,1224610809.0933285
1786665600,ZEC,490.64567557689236,147819667.2499245,8279727886.407784
1786752000,ALGO,0.07949844663844109,17675976.89090254,717516343.5890377
1786752000,NEAR,1.6395488858428195,106809084.45533334,2137318218.034493
1786752000,RENDER,1.2613981966636825,18729270.99997177,654378193.0374163
1786752000,WLD,0.341516240614245,91523809.09061216,1228272389.001281
1786752000,ZEC,492.8350442862803,127880893.43094066,8317403861.6855755
1786838400,ALGO,0.07946439726102189,12781567.784596123,717224997.5655345
1786838400,NEAR,1.6179697958273198,70904386.1535077,2109321068.3383274
1786838400,RENDER,1.2637999879118655,13477270.180877246,655624175.3300786
1786838400,WLD,0.3489108112422584,91365531.07085271,1255366095.788162
1786838400,ZEC,487.5979949926168,81499126.73326102,8230150638.890481
1786924800,ALGO,0.0783482623661845,13357309.27417699,707153228.1714476
1786924800,NEAR,1.6015467982291594,51799615.13986772,2088040288.232836
1786924800,RENDER,1.2557615341605441,14707901.453614786,651454049.7864419
1786924800,WLD,0.35550117702203166,137657528.68406355,1279586875.314168
1786924800,ZEC,486.1425018309512,83677908.72804359,8205659377.098058
1787011200,ALGO,0.07847364161601879,15662222.13374887,708312106.4653995
1787011200,NEAR,1.63646787047346,114227677.01066889,2133745268.5230372
1787011200,RENDER,1.273346830303479,17394355.88933259,660576810.8181906
1787011200,WLD,0.3417804661275598,149968898.84535235,1230704816.7684286
1787011200,ZEC,513.9225163099208,257612459.8380421,8674561675.18296
1787097600,ALGO,0.07793708137631736,16064817.07142156,703481416.1908764
1787097600,NEAR,1.5879597131538,103103590.15169114,2070625640.1175308
1787097600,RENDER,1.2618141596460424,15219115.06183833,654593983.027831
1787097600,WLD,0.319812298466522,153303784.71193963,1152062827.7362292
1787097600,ZEC,508.5419923409376,165909497.26399782,8585986293.00569
1787184000,ALGO,0.08206211285028245,26215565.675569225,740737655.3934685
1787184000,NEAR,1.7303834026337377,214746799.13921386,2256478667.212862
1787184000,RENDER,1.3695533315841941,36528985.39691779,710486059.6446432
1787184000,WLD,0.3625455493376729,249932700.43154532,1306637094.5231283
1787184000,ZEC,564.5716107111141,520787280.4320261,9531964290.052107
1787270400,ALGO,0.08837529389301042,42071462.503352515,798172596.639749
1787270400,NEAR,1.7671618068180388,187736389.10324994,2304629024.746122
1787270400,RENDER,1.4030916600547292,44220104.708659865,727884808.7788118
1787270400,WLD,0.37343197069767475,221062910.5044136,1346411180.9815724
1787270400,ZEC,568.9731111711939,452288309.3640462,9608650859.798256
1787356800,ALGO,0.09738149741448011,51989236.87515792,879536110.3726536
1787356800,NEAR,1.9661216191688484,412116673.26431596,2564262507.176224
1787356800,RENDER,1.5246194151631614,68120351.81268616,790930017.6605815
1787356800,WLD,0.4009567051706123,265458939.27195713,1446228886.5436099
1787356800,ZEC,733.4660474038753,1572078870.0620959,12388043397.032005
1787443200,ALGO,0.09236321500153634,52703855.57365529,834228368.47881
1787443200,NEAR,1.8784572567196742,608643762.2106274,2450082803.942081
1787443200,RENDER,1.462134141610171,71554930.00568351,758514401.0002729
1787443200,WLD,0.3880018017661746,351389581.35302603,1400058125.4371371
1787443200,ZEC,803.2275547221933,2222178790.515196,13566296409.779604
1787529600,ALGO,0.09397834073344923,36213168.67354032,848826813.871541
1787529600,NEAR,2.0141495518834596,367012887.44583416,2627229832.905707
1787529600,RENDER,1.5139123481520078,56852256.6371097,785375490.0086308
1787529600,WLD,0.40773896505421636,188196584.30302367,1471862944.4609566
1787529600,ZEC,852.824784874028,1392443546.5433707,14403980228.50338
1787616000,ALGO,0.0917086223742758,34850457.765415095,828326368.8948913
1787616000,NEAR,1.9536374917234849,409511998.11286014,2548455079.1757364
1787616000,RENDER,1.4854732520338665,61277662.6070444,770622080.3568422
1787616000,WLD,0.40275825229592976,220487150.13806134,1456514199.4812229
1787616000,ZEC,830.3224126264138,1226289760.2191408,14023921240.188524
1787702400,ALGO,0.08918234237598799,36081481.79724,805508619.7714403
1787702400,NEAR,1.8603402087618055,256905372.9388813,2426952613.4747925
1787702400,RENDER,1.5014163697089138,69759693.79200073,778892925.0141237
1787702400,WLD,0.3835037038571912,167583353.12699714,1385482653.2481472
1787702400,ZEC,768.0146456227335,1173137715.0914752,12976355179.193512
1787788800,ALGO,0.09024051935794128,31623134.491679374,815476557.5656832
1787788800,NEAR,1.900101186151192,189431081.2873422,2478976794.233059
1787788800,RENDER,1.5347031563402396,44028396.95518075,796161181.2598052
1787788800,WLD,0.4153748859818001,170277272.66741258,1501264592.8609498
1787788800,ZEC,816.3759738728955,1077943642.3974628,13794507784.083122
1787875200,ALGO,0.09121809212195928,29245925.744925126,824322730.1027833
1787875200,NEAR,1.9277208295241706,215011845.47207463,2515168306.406712
1787875200,RENDER,1.5336500126095538,52607105.40671618,795614839.6736846
1787875200,WLD,0.4121126714167635,194338311.51082563,1490076605.1594257
1787875200,ZEC,810.0741963521865,601021988.8913199,13690143932.994457
1787961600,ALGO,0.08718744714769323,27732885.599184383,787915880.5685582
1787961600,NEAR,1.8238265545687031,190357207.32744032,2379762335.556428
1787961600,RENDER,1.4461917210413828,41263596.181221396,750243917.9822702
1787961600,WLD,0.3798067204683499,173103520.70738345,1373970917.8876305
1787961600,ZEC,801.3777148222368,1154903437.0162818,13544565717.503431
1788048000,ALGO,0.08770340567316381,20624052.94914042,792599688.5712496
1788048000,NEAR,1.8681154217385798,136756070.33617976,2437754764.8066854
1788048000,RENDER,1.4573619832010605,29647680.219364777,756038738.3547248
1788048000,WLD,0.381290766691168,76262644.50988838,1379891284.968167
1788048000,ZEC,842.2444755470807,1132332978.7639456,14236999388.47564
1788134400,ALGO,0.08456932799173511,23596107.375438403,764293559.9322313
1788134400,NEAR,1.818123276059755,201483976.20729783,2372667945.6174192
1788134400,RENDER,1.398024881268867,32068284.53243724,725256305.3013355
1788134400,WLD,0.3618733933989612,138433979.29000524,1310137408.2045631
1788134400,ZEC,836.1985163177093,1200346248.2427506,14136256164.02372
1788220800,ALGO,0.085637196287319,20880983.467295606,773958674.9489212
1788220800,NEAR,1.91972951071275,215925619.67263758,2505422803.031164
1788220800,RENDER,1.4243982798184645,28995593.105312996,738938088.6848761
1788220800,WLD,0.36465753227200065,117345855.04577862,1320748896.4983633
1788220800,ZEC,847.7149475077889,660221431.1001208,14332147214.859488
1788307200,ALGO,0.08809604660277012,35663287.77848254,796180893.9676222
1788307200,NEAR,1.8864857785414904,327855585.30449927,2462191342.4899964
1788307200,RENDER,1.4231849309009044,34913977.10961105,738308637.1173244
1788307200,WLD,0.3646639478311951,123006124.27650508,1322932030.8064427
1788307200,ZEC,829.8594890088349,520314061.54017633,14030268546.153494
1788393600,ALGO,0.09317773465087184,36389216.070764326,842169407.4153404
1788393600,NEAR,1.8860409592252032,211314068.34458828,2461818819.603494
1788393600,RENDER,1.4099834128883508,27843130.972886283,731460057.8778306
1788393600,WLD,0.36642632296232047,105679322.56427541,1329850150.4054794
1788393600,ZEC,815.2622506716469,474352034.59397256,13783475954.617826
1788480000,ALGO,0.09337730387147777,40976439.05524403,843989672.6066309
1788480000,NEAR,1.9542831243197905,262074850.90405908,2551059593.437259
1788480000,RENDER,1.4717388349831377,35017747.97961576,763497047.9635428
1788480000,WLD,0.3955138326178733,193749306.26917452,1435987224.2949245
1788480000,ZEC,952.6662866911287,992456544.037785,16111638275.254469
1788566400,ALGO,0.09046750377422486,34829962.50429732,817706056.8062346
1788566400,NEAR,2.1718932806854885,492367712.2493218,2835300389.821535
1788566400,RENDER,1.4274953308916136,31717273.169630323,740544752.3778734
1788566400,WLD,0.38339658344989186,129505429.97037564,1392585646.138991
1788566400,ZEC,1023.0377877508347,1284122099.071664,17301771888.461952
1788652800,ALGO,0.09448863506837941,38171238.89068804,854081443.1459808
1788652800,NEAR,2.19166557571438,409993946.1982354,2861291497.3592396
1788652800,RENDER,1.465297054618326,36705108.24734877,760155232.0276878
1788652800,WLD,0.39720364871430097,152965070.07836163,1443301689.7038338
1788652800,ZEC,1025.9269694755635,593024330.810952,17354973523.15351
1788739200,ALGO,0.09662143508801654,30049617.022722397,873380654.4188353
1788739200,NEAR,2.436852334393612,627289398.4130265,3181589561.816076
1788739200,RENDER,1.5626918178936355,64687978.42595296,810680918.0259504
1788739200,WLD,0.41998055183131827,180673587.4645746,1527133414.1999695
1788739200,ZEC,1227.1109403568853,1920055669.6632926,20760543026.78289
1788825600,ALGO,0.09734973666461982,34409440.627453364,879981199.8269525
1788825600,NEAR,2.305430039336974,359441108.16411865,3010255846.79413
1788825600,RENDER,1.5442243725733664,49950631.49848142,801100522.6118312
1788825600,WLD,0.4772935995106048,554164024.5218561,1754474649.9677844
1788825600,ZEC,1139.136135932952,943017253.0256271,19273909503.9309
1788912000,ALGO,0.10076397875501594,45164092.23147294,910868603.2798096
1788912000,NEAR,2.320387177080241,366937292.30915266,3029975658.261156
1788912000,RENDER,1.5052208779988565,52312653.87374557,780866597.7740446
1788912000,WLD,0.45337016591009116,331714645.30993414,1667217208.998386
1788912000,ZEC,1177.694083249715,944613628.9594429,19928783059.217377
1788998400,ALGO,0.09893428213908995,42730843.29965997,894339057.0328726
1788998400,NEAR,2.4848168147865453,714688281.3249236,3244892368.6897497
1788998400,RENDER,1.468139814974022,53205827.338128485,761629976.7908553
1788998400,WLD,0.41528590480981864,228048873.31064418,1527766208.026525
1788998400,ZEC,1244.287571383468,1667287095.0618694,21055669231.99331
1789084800,ALGO,0.09130178587451937,44135265.294419,825361137.9892937
1789084800,NEAR,2.4429785888589204,430366094.0189003,3190455467.571304
1789084800,RENDER,1.3934265828441257,45901168.49010868,722870836.3652076
1789084800,WLD,0.3956337692712724,170897582.2515942,1440466831.676436
1789084800,ZEC,1079.8141464993569,1520633685.0665467,18272471753.003403
1789171200,ALGO,0.0934967498782062,48359741.88423346,845217697.5527157
1789171200,NEAR,2.3634977407657054,613595463.1472499,3086849294.510615
1789171200,RENDER,1.3903573777580565,48596241.390399575,721284374.4729838
1789171200,WLD,0.39987610647458516,167568540.666246,1460480335.5392597
1789171200,ZEC,1164.471999901658,1785612611.289386,19709498463.045277
1789257600,ALGO,0.09255507326137968,29450162.9742537,836704869.6421182
1789257600,NEAR,2.3702719349774926,267974105.52331963,3095957559.643779
1789257600,RENDER,1.381320238394709,25138417.863894623,716596121.2821186
1789257600,WLD,0.39919616950189735,92903913.29828846,1458564640.4084103
1789257600,ZEC,1121.7252793355656,951216490.403654,18985980488.05852
1789344000,ALGO,0.0946614792946238,38966696.75137932,855746939.6589792
1789344000,NEAR,2.2993835031069256,228252580.40162545,3003554118.011421
1789344000,RENDER,1.3666855093330859,29240037.58737167,709003971.5473391
1789344000,WLD,0.3791700400570196,99670654.7908963,1361760741.3041267
1789344000,ZEC,1062.9597237554785,1279199253.7972567,17996366700.528576
1789430400,ALGO,0.09600605277950304,41106023.09146253,868020088.3089793
1789430400,NEAR,2.468122510711336,373948642.4354821,3224169277.4302297
1789430400,RENDER,1.3827066918872637,36632757.165565915,717315380.4136994
1789430400,WLD,0.385452376623073,145276405.38725197,1384872814.1774302
1789430400,ZEC,1163.6922751403897,1395842970.4571602,19704301463.57095
1789516800,ALGO,0.08879466742319883,44771173.2451524,802831689.9474361
1789516800,NEAR,2.3352355734561585,345314526.191804,3050767294.1558666
1789516800,RENDER,1.3194868251764724,42269882.65068494,684518415.5870823
1789516800,WLD,0.36237371944631414,160276926.0633551,1302480317.122903
1789516800,ZEC,1110.0588230124288,948291938.3866695,18797469184.752647
1789603200,ALGO,0.08890792511001253,43152837.662224516,803855702.5682708
1789603200,NEAR,2.616014637728269,581957400.5777022,3417864276.71825
1789603200,RENDER,1.3652894257707993,41023906.3081612,708279716.5643796
1789603200,WLD,0.3721123322988596,177201833.06065595,1338013833.8533983
1789603200,ZEC,1335.505701236559,2320185453.5470743,22615132409.766552
1789689600,ALGO,0.09036443880522957,38120850.13411689,817066188.8193164
1789689600,NEAR,3.148546480125832,1280643766.6995935,4113881967.7740707
1789689600,RENDER,1.4369495133163066,43854051.99516413,745455267.4312265
1789689600,WLD,0.3835055564430368,214278216.71981093,1379550742.1188645
1789689600,ZEC,1466.5883939216646,2576840813.5636525,24840664272.589813
1789776000,ALGO,0.09787525369289878,46070652.76891026,884991777.0678463
1789776000,NEAR,3.7625126088515235,1983179563.8160207,4916390464.102234
1789776000,RENDER,1.5470376563192876,72564584.81718926,802566380.4681044
1789776000,WLD,0.42452953485137773,346877239.147375,1527736125.9552526
1789776000,ZEC,1561.5145909962448,1830656299.2530708,26450378801.791687
1789862400,ALGO,0.10504607297740927,56694331.18631765,949846926.0204858
1789862400,NEAR,3.5865306009892803,985378067.876683,4686823293.935412
1789862400,RENDER,1.57424349412295,66426000.784965195,816680122.7448349
1789862400,WLD,0.4309740856867738,190644454.72489074,1551543178.142398
1789862400,ZEC,1469.6726472203538,1184094131.2529235,24896624601.734776
1789948800,ALGO,0.10875768381868883,97662530.29846781,983434290.8446099
1789948800,NEAR,4.163360981216509,1851556542.382322,5440955540.746002
1789948800,RENDER,1.732454176693386,115205025.78640851,898756065.9794948
1789948800,WLD,0.4353597118467454,187242984.5743231,1586485120.458311
1789948800,ZEC,1509.189961964244,1174636273.2157412,25569227160.032776
1790035200,ALGO,0.11247849680849079,76538473.21901543,1017115258.231114
1790035200,NEAR,4.26685096763515,1613602147.884571,5576545699.228718
1790035200,RENDER,1.8725138913520865,131372994.82952261,971415718.3052616
1790035200,WLD,0.4578821415007924,309916737.65485215,1669214266.0786734
1790035200,ZEC,1470.8124797575856,1288515051.5418015,24923073986.80362
1790121600,ALGO,0.11207155360869753,57435405.024980925,1013435371.4128554
1790121600,NEAR,4.41207211165294,1749071781.316301,5766700212.839776
1790121600,RENDER,1.8504677763571034,88525276.80644462,959978717.6332784
1790121600,WLD,0.47091604880735355,272681872.1288655,1717413427.6060696
1790121600,ZEC,1628.534871228297,1692816676.5946186,27595696694.38904
1790208000,ALGO,0.10425512103227037,52165808.70824983,944111463.5606567
1790208000,NEAR,4.333075476693107,2505575195.855995,5663800137.706226
1790208000,RENDER,1.7330979742055541,75254537.48962705,899090052.8330045
1790208000,WLD,0.4064809835613239,420485033.68232393,1483155783.1717722
1790208000,ZEC,1499.017152820558,2031222742.1376572,25406158044.73416
1790294400,ALGO,0.11319164963261563,59756727.83369077,1025053702.5989124
1790294400,NEAR,4.589213139670827,1482115176.5366664,5999091246.541767
1790294400,RENDER,1.8555046237376613,83558302.54322022,962591714.3852788
1790294400,WLD,0.4397767297544944,339096570.1152272,1605342705.6098354
1790294400,ZEC,1546.1208082843455,1162847775.4683623,26206288951.756958
1790380800,ALGO,0.11633882532214632,67389812.73517697,1053702982.5582395
1790380800,NEAR,4.950437795281758,1660172814.4128282,6471680755.821757
1790380800,RENDER,1.946953593954906,103896086.33723277,1010033267.4237539
1790380800,WLD,0.4943505361291232,479488905.6107744,1835898214.3465462
1790380800,ZEC,1555.6634295407537,1159442400.4164562,26371878956.207016
1790467200,ALGO,0.1182189910857672,54792663.91645084,1070759476.1710447
1790467200,NEAR,5.035805330593034,905966571.4417846,6583810116.613856
1790467200,RENDER,1.991175653295492,89930390.43042374,1032974621.1502432
1790467200,WLD,0.5234535603958014,632820144.9560701,1944733428.1284494
1790467200,ZEC,1653.1168422981227,1118648618.8546565,28027248011.405067
1790553600,ALGO,0.11947130463341893,53317462.71309221,1082112524.6414526
1790553600,NEAR,5.38986038977869,1433609548.226818,7047122341.20699
1790553600,RENDER,2.0546660134477794,89269172.02664171,1065911911.5477312
1790553600,WLD,0.5445870726313001,711323432.4546123,2024028520.650533
1790553600,ZEC,1587.0521544481555,1112674045.443897,26908340593.40916
1790640000,ALGO,0.13596611541864542,243431380.82529014,1231550665.5509846
1790640000,NEAR,4.818652319284116,1385099233.779483,6300656744.895527
1790640000,RENDER,1.9487120958292385,106336643.70158684,1010945536.4164085
1790640000,WLD,0.4912342565010699,567694053.3464214,1887717168.1476245
1790640000,ZEC,1483.244456681199,1174183141.2635021,25148289494.96103
1790726400,ALGO,0.12547502660350146,140498452.61553133,1136558525.935629
1790726400,NEAR,4.886592635782179,1317128498.3205795,6390009275.892547
1790726400,RENDER,1.9085292666187812,70674534.02144574,990099639.3145032
1790726400,WLD,0.483196172836211,354169184.6207036,1857519275.868867
1790726400,ZEC,1417.2553387280882,1301692836.8473463,24036001942.237865
1790812800,ALGO,0.12391856900283554,159579603.8125801,1122467578.9901507
1790812800,NEAR,5.335091109736817,1506662326.698878,6976923539.633475
1790812800,RENDER,1.9119741053439863,65547606.47459865,991886739.8001901
1790812800,WLD,0.5352146482904685,589408312.2423831,2114488782.8907835
1790812800,ZEC,1438.2120118477615,1067586110.7209013,24392192813.752518
1790899490,BTC,84754.27266246757,33068607268.595936,1702896830789.2878
1790899530,SOL,118.38370189639313,3312840335.3311543,69602587306.65819
1790899530,XRP,1.4941278098469462,2275593005.857324,94250412432.0482
1790899540,ETH,2703.36571653675,13704939825.750916,330069724836.4404
1790899570,ADA,0.24591349794114184,488283541.51636446,9230618307.781189
1790899570,LINK,14.308377499918937,435710903.8815173,10701136939.684175
1790899570,LTC,68.21716228461018,321112097.86397713,5295561907.25584
1790899580,DOGE,0.09428275001788729,701753763.5960474,14721819750.120335
1790899600,AAVE,171.1524645210792,515684608.66425824,2644426234.010631
1790899600,AVAX,10.980742567273325,512674563.0633826,4866776648.258739
1790899600,DOT,1.175121399860546,179466753.50113973,2004036392.2883646
1790899610,BCH,305.8961051097893,173169691.55769524,6147695534.0426035
1790899640,HBAR,0.10260616642749727,184087845.0999125,4514539714.060711
1790899640,NEAR,4.8117854326520435,1362712831.2795875,6290463853.105399
1790899650,SHIB,5.786090661843687e-06,82367275.53289583,3411505223.680742
1790899660,XLM,0.2189910422584258,244302126.21847358,7678131363.456252
1790899670,XTZ,0.3282903010930232,7883595.692631283,360354407.2717421
1790899670,ZEC,1338.757281272173,1004601584.003493,22705432486.029465
1790899680,ALGO,0.122688630327503,161652544.17440167,1111349392.5353289
1790899700,RENDER,1.9065251396341452,50150668.76888371,989499146.1794558
1790899700,WLD,0.5067610583933686,488012811.0545609,1922705098.5717213
t,coin,price,volume_24h,market_cap
1790899200,AAVE,171.36728996431114,514705193.19903964,2645041594.880164
1790899200,ADA,0.24628949729163252,490844847.5315727,9246027433.02016
1790899200,AVAX,10.987408471571836,514280399.7671705,4869334820.312493
1790899200,BCH,309.29022189341225,169428198.0858379,6215827787.6616955
1790899200,BTC,84841.66634358242,33100807361.305866,1704652759050.2046
1790899200,DOGE,0.09433709107844468,683677834.6144428,14730635490.060951
1790899200,DOT,1.1761941019506026,179563503.20470825,2005865764.153103
1790899200,ETH,2705.2959032354674,13688689733.998228,330305392614.80695
1790899200,HBAR,0.10261604399929888,185761013.54700324,4514875458.233909
1790899200,LINK,14.380407345220966,417204293.071013,10757982309.657589
1790899200,LTC,68.0877967963229,317174037.0089906,5288301187.152358
1790899200,SHIB,5.791071889189513e-06,82788769.10844916,3412324631.1146436
1790899200,SOL,118.38176764361535,3319805190.2404847,69617449062.0877
1790899200,XLM,0.21907156431500094,217089568.14372534,7676277258.248406
1790899200,XRP,1.4940533902416566,2268201503.025579,94264274620.02686
1790899200,XTZ,0.32558384238038124,7809119.956773478,357383608.79870653
1790900020,BTC,84861.23739302775,33159275474.91881,1705045983804.8833
1790900020,ETH,2705.3439308355078,13690506077.916855,330311256585.27637
1790900020,SOL,118.45221707344855,3312959452.893806,69672742254.83182
1790900020,XRP,1.4950092985304893,2272422318.5108204,94324585718.70557
1790900060,DOGE,0.09429621527166232,683489325.4909395,14721627957.823221
1790900070,ADA,0.2457693831722549,488243088.69592667,9224844651.840567
1790900070,LINK,14.295468064746538,434033087.75784653,10692492985.141243
1790900070,LTC,68.38674046514048,322231479.86560404,5311519799.489432
1790900100,AAVE,171.33239177967226,516652476.21701235,2644499704.381478
1790900100,AVAX,10.980409396484857,510869298.62618583,4866213249.304469
1790900100,BCH,305.8772647272078,191760714.09865603,6148039723.42118
1790900100,DOT,1.1752637825266077,178933042.0392379,2004768637.575425
1790900110,XLM,0.21907885161219132,243393267.06328142,7676139036.064308
1790900140,HBAR,0.10277661700630981,183268282.52548084,4520420939.009887
1790900140,SHIB,5.789022068118739e-06,81879860.04282765,3410976440.5244164
1790900140,XTZ,0.3295506421050058,8371512.997804067,361705371.42351097
1790899200,ALGO,0.12250322529807667,161440802.3637666,1109647245.1652558
1790899200,NEAR,4.807012283395656,1361088583.9889464,6286712664.21848
1790899200,RENDER,1.9085117501638187,49547119.47162134,990090552.1938372
1790899200,WLD,0.506012422203742,487334917.09918743,1918978769.8494272
1790899200,ZEC,1335.0090515999366,1004029591.7908791,22641862205.624172
1790931430,BTC,86265.19040613188,38509708083.40015,1733723113423.8975
1790931430,ETH,2754.6712971796846,15437186113.650724,336325989494.90344
1790931440,SOL,122.08870684544557,4367315647.557758,71797363694.74713
1790931440,XRP,1.537997735399747,2886554350.933576,97036854132.26869
1790931460,ADA,0.2546918270923442,556233616.4016521,9562305857.60904
1790931490,DOGE,0.09712176999912148,861117504.076661,15165979715.317463
1790931500,AVAX,11.099337976482436,478775656.17910105,4918961885.845471
1790931510,AAVE,181.46342155405742,663204219.6639041,2800663004.2137094
1790931510,DOT,1.2283156345942936,184161039.71410465,2094811816.6276755
1790931510,LTC,70.38823134163862,393342930.2846527,5467550078.52529
1790931530,BCH,315.2150175304137,236583561.0605839,6334953008.392017
1790931530,LINK,14.388594724468534,477714938.2661948,10763181468.190147
1790931540,HBAR,0.10497606049094277,155876742.4051342,4618910397.538588
1790931560,SHIB,5.954783340632061e-06,89506597.2684484,3509209450.8286386
1790931570,NEAR,4.946409524709757,1341116593.236391,6472211830.013645
1790931580,XLM,0.22502931971784348,237662631.8582712,7884667203.841022
1790931580,XTZ,0.3211682750175034,6769617.027373147,352543970.02962464
1790931580,ZEC,1381.4541814615236,1269568683.7289076,23433920029.764744
1790931590,ALGO,0.13088800681514884,177166237.19522092,1185597488.0188026
1790931590,RENDER,1.9931767887471432,55076199.72324155,1034012762.6781483
1790931610,WLD,0.5329203802519022,499806990.4026216,2021516051.1369615
1790985600,AAVE,179.54654103945742,640333002.8483139,2771341168.7508492
1790985600,ADA,0.24427619510603069,674946679.7179604,9170445455.53538
1790985600,ALGO,0.12721701106752242,97390586.02738596,1152908544.5544176
1790985600,AVAX,10.796648427601315,541133115.9998109,4785377325.633651
1790985600,BCH,311.45643490603186,248542783.6435602,6259530707.184116
1790985600,BTC,84506.46895963937,45423081877.14855,1697953579634.3535
1790985600,DOGE,0.0929049384486764,1126782780.647987,14508248533.532095
1790985600,DOT,1.1542313099581871,171977173.70003796,1968585650.1445754
1790985600,ETH,2667.9504418816,18947257093.519634,325753252610.3761
1790985600,HBAR,0.10237328226241617,171170109.6798552,4504194486.7296095
1790985600,LINK,13.792789313284505,587998342.5857761,10318385277.344793
1790985600,LTC,69.85692787011548,489120244.8319334,5425947705.104142
1790985600,NEAR,4.690818392891492,948134895.3792481,6135243637.553374
1790985600,RENDER,1.9737093489706676,69472024.4851232,1023913517.4435111
1790985600,SHIB,5.728234148213922e-06,115144769.30699383,3375298190.7737308
1790985600,SOL,118.58928060236005,4650726672.733819,69747841310.8596
1790985600,WLD,0.5566299349854976,561991260.016,2111734676.293065
1790985600,XLM,0.2154148602527381,221637318.37282556,7551955908.322278
1790985600,XRP,1.4845753234466106,3777755559.226394,93666275179.66505
1790985600,XTZ,0.3158002472315745,8582099.74159954,346672384.97136533
1790985600,ZEC,1301.1593138972692,1016627691.6816506,22073771528.688877
1791011800,BTC,84585.30753216713,37156913567.22949,1699467168065.82
1791011830,ETH,2681.274286448178,16079089846.359314,327376719545.51227
1791011830,SOL,119.51848161772888,3370147801.3419213,70291856774.16476
1791011850,ADA,0.2448334344434255,590294744.5894384,9191454312.171762
1791011850,XRP,1.4841676293401,3219083631.7151766,93638572223.6333
1791011880,DOGE,0.09290656107737921,951976175.4539411,14509413820.56633
1791011880,LTC,69.33208679037769,449808283.4635244,5385570977.76669
1791011900,LINK,14.02476258115281,542174617.2425461,10492545205.457977
1791011910,AAVE,179.87661197831486,508266940.7331695,2776160851.6118035
1791011910,AVAX,10.889704931066962,521055180.96939194,4826106565.120265
1791011910,DOT,1.1525364168035623,165147232.49531233,1965724108.2985282
1791011930,SHIB,5.694532454374536e-06,105756556.61185774,3355349689.9183555
1791011940,BCH,310.8279419295417,183320330.96295482,6246840676.7187395
1791011940,HBAR,0.10079523558048788,156098320.7467841,4434669080.354545
1791011960,XLM,0.2146030630473043,199692915.6810726,7524428787.661443
1791011970,XTZ,0.31893330742437426,7576497.258918719,349782609.9335781
1791011970,ZEC,1313.7311787400681,750935850.5589967,22286825054.509933
1791011990,ALGO,0.12665990233685606,85817540.23196673,1147991952.8194685
1791011990,NEAR,4.708810312396308,737258846.9749671,6158495851.074355
1791011990,RENDER,1.938723893065264,67711501.05264166,1006127844.4274268
1791012000,WLD,0.5613946433704708,555616349.2126188,2130594704.6711144
1791016250,ETH,2679.3083838958505,15148599813.898043,327130165755.6867
1791016270,BTC,84564.67892534664,35098550523.69572,1699288053835.9585
1791016270,SOL,119.14468162267724,3303851790.488584,70093159253.38676
1791016290,ADA,0.24340359993152197,560878476.2380995,9135668774.355074
1791016290,XRP,1.4818887941104124,2966610039.990263,93499243242.49373
1791016300,LTC,69.20419453227137,447324100.82903826,5374446290.955318
1791016310,DOGE,0.09247050035784732,901696899.3465441,14441069922.19402
1791016320,DOT,1.1500002917375047,163131568.31712317,1961181191.5835595
1791016320,LINK,13.97175353663748,522288828.24967414,10452919154.330153
1791016340,AVAX,10.894390286422082,510303932.0955615,4828487551.617337
1791016350,AAVE,180.50284775856002,490592994.00102437,2786118034.7530093
1791016350,BCH,310.8497143929307,175656820.90428066,6247366215.639437
1791016370,HBAR,0.10033936739497894,149781232.30936202,4414187711.219235
1791016370,SHIB,5.661856166753327e-06,101908738.14205015,3335460534.0472836
1791016390,XLM,0.21401985072903443,193490528.36590126,7503349177.860598
1791016400,XTZ,0.31427064916380926,6220299.761228719,345088028.94364965
1791016410,NEAR,4.688895237098452,747882590.8173386,6132888981.014315
1791016410,WLD,0.5594971747456302,555920760.466259,2123778759.929247
1791016410,ZEC,1314.596199705715,732314790.8814697,22306532686.0197
1791016420,ALGO,0.12613258490711568,81161453.44951038,1143087487.32929
1791016430,RENDER,1.9331521886912244,66897949.04811019,1002964678.1936725
1791072000,AAVE,181.52480348657994,330912317.87943715,2801893808.629915
1791072000,ADA,0.2438884037435961,247937020.49087334,9155887264.40345
1791072000,ALGO,0.131292924358788,74390073.93583037,1189877119.3079515
1791072000,AVAX,11.121975526554998,321164161.34975004,4929616692.539189
1791072000,BCH,319.62337460143283,140178514.9875352,6423794544.998947
1791072000,BTC,84742.78638478836,14790418116.01937,1702737315286.2708
1791072000,DOGE,0.092795185753179,392381210.0602506,14492379666.661877
1791072000,DOT,1.184835211672134,141960864.94825548,2020970424.681307
1791072000,ETH,2686.891434728346,5155711549.0922785,328073789645.7034
1791072000,HBAR,0.10195620560324051,80857862.9357915,4485844050.089792
1791072000,LINK,14.113054249994427,257939261.18606862,10557975467.025614
1791072000,LTC,70.25636865567294,332705270.8668256,5457297683.554104
1791072000,NEAR,4.829822220269547,472658240.8060578,6317427503.044959
1791072000,RENDER,1.9872006766629902,54346706.179347076,1030912497.7136472
1791072000,SHIB,5.746482247565315e-06,53285801.727434464,3386050664.058317
1791072000,SOL,119.60164144317127,1566870313.378953,70343170561.57712
1791072000,WLD,0.5979232629104267,461191551.0872491,2269255793.0066967
1791072000,XLM,0.21603552374193855,102229210.60147443,7573713219.298517
1791072000,XRP,1.4861649754925599,1105153629.4340918,93766571057.97058
1791072000,XTZ,0.32237928893078055,4380329.364041406,353924016.4778176
1791072000,ZEC,1304.3213458031073,534909053.21299535,22130061801.79484
1791101860,SOL,120.99495663201853,1641717716.2450476,71168133726.00961
1791101870,BTC,85133.77476332756,14560429247.515318,1710501693721.8499
1791101870,ETH,2701.7875386105316,4616848886.474456,329903525454.73254
1791101890,DOGE,0.09337582049084825,385728068.9910827,14579379350.59015
1791101890,XRP,1.497890743624918,1009797737.8470984,94481314189.77678
1791101910,ADA,0.24571856019628063,235788856.49900976,9223694846.28264
1791101920,AVAX,11.037033137893024,263258254.31760916,4892188814.628264
1791101920,DOT,1.186580332653999,121757146.55652219,2023943886.8754182
1791101940,LINK,14.07394745066676,226020851.87593305,10528758423.321333
1791101940,LTC,70.3409508849526,315526797.93034726,5463886539.176729
1791101950,AAVE,182.30129305840308,278578466.7968116,2813139293.539435
1791101980,BCH,318.94657344613876,157991569.605654,6409605376.507261
1791101980,HBAR,0.10252878033902048,77352462.36391604,4510535896.694918
1791101980,SHIB,5.7191985048108035e-06,48723211.983213365,3369973993.911565
1791101980,XLM,0.21660416428409043,94802106.94442512,7593648050.024181
1791102010,WLD,0.5881355871627812,399243305.4632931,2232806713.5127797
1791102010,XTZ,0.3290060671964788,4529858.872253241,361225951.0553136
1791102010,ZEC,1331.2632447880005,543387654.7902292,22598122144.320362
1791102030,NEAR,4.80754429040535,472796182.1092393,6290695343.055516
1791102040,ALGO,0.1304783330775861,71239827.6449857,1182435369.7940357
1791102050,RENDER,1.9555726807264946,47312775.52843325,1014504644.8624079
1791103370,BTC,85054.57349920567,14643467909.813278,1709002055646.9814
1791103410,SOL,120.91331887814061,1650742539.4867115,71113642769.47684
1791103420,ETH,2698.7900326214462,4635402842.796442,329534206450.3761
1791103420,XRP,1.4968018895019575,1011775704.3689079,94432774216.9879
1791103430,ADA,0.2448903138529895,228652090.10278922,9194147822.135979
1791103430,DOGE,0.09312225952306563,378898212.8675428,14544344845.82087
1791103440,DOT,1.190588173450757,122997816.98493886,2030825875.2596052
1791103450,LTC,70.40714220747591,318779152.61764413,5469000990.497805
1791103460,AAVE,182.13804478868954,277706269.7114566,2811693047.4822855
1791103460,AVAX,11.01589997919124,261967323.64697894,4882998440.618197
1791103460,LINK,14.044749944807139,225283704.5668781,10505771579.089579
1791103480,BCH,318.27744365304517,161196641.66213655,6397479156.300367
1791103490,HBAR,0.10206090374076263,76820203.04269598,4490294081.39302
1791103510,NEAR,4.784785211687524,465592243.7272566,6258643169.833072
1791103510,SHIB,5.715281645603329e-06,45174977.884277776,3367687956.135907
1791103510,XLM,0.21653229850340375,93802287.49211712,7590900110.614735
1791103530,XTZ,0.32457910110172966,3453243.797480949,357581030.6530977
1791103530,ZEC,1328.466516290617,540845355.5663387,22541905321.32128
1791103540,RENDER,1.9490419289107312,47750340.11813992,1011035155.843911
1791103550,ALGO,0.13081513813806367,71542983.26365112,1185728405.2984757
1791103560,WLD,0.5861725344926305,394954555.3683464,2225458568.9832683
1791158400,AAVE,179.06113436715913,245174144.84803817,2763875215.961808
1791158400,ADA,0.2597287620839071,606601383.6561636,9750554878.62965
1791158400,ALGO,0.13252367645760352,67579272.37315048,1201031138.224606
1791158400,AVAX,11.097155065629607,220375195.92942232,4918666107.400623
1791158400,BCH,318.72008994937437,138751041.19467524,6405887326.933883
1791158400,BTC,86489.73482686514,17426360350.682793,1737878978541.3047
1791158400,DOGE,0.09584281742478197,654378068.3777133,14969614549.583221
1791158400,DOT,1.2041209967335293,123268390.34249432,2054047820.7462375
1791158400,ETH,2725.9105379372454,6168266219.038013,332846167523.6478
1791158400,HBAR,0.10397061539906331,82118552.49169846,4574473556.492282
1791158400,LINK,14.265471591895803,257352925.88746804,10671998875.994272
1791158400,LTC,70.66467782857833,294911495.22002333,5489291680.016324
1791158400,NEAR,4.913315252654953,542694099.219239,6427020013.713891
1791158400,RENDER,1.9751344851557502,43932476.82402853,1024652844.2369242
1791158400,SHIB,5.915237250136389e-06,73265821.938598,3485487635.740487
1791158400,SOL,121.51595300100597,2096944839.726917,71489573027.34435
1791158400,WLD,0.5833637065113231,217722305.14581615,2214843157.345444
1791158400,XLM,0.22393667860387395,125793500.04260539,7850708364.07887
1791158400,XRP,1.519659669644157,1203106396.0510092,95879850990.56342
1791158400,XTZ,0.3301218036769137,6154105.769165111,362453514.8979994
1791158400,ZEC,1351.7077827357687,505150681.22477514,22934054453.80573
1791191820,BTC,85833.73354545106,25548961320.027187,1725394346395.423
1791191830,ETH,2718.030206990811,9372340945.834578,331913548941.2219
1791191850,DOGE,0.09641924902169584,833470485.1379935,15050304052.356134
1791191860,ADA,0.2707900764272151,1032995569.5164597,10166166225.735048
1791191860,SOL,120.72019056241476,2468535531.1999836,71021365807.71529
1791191870,XRP,1.5114302254780896,1655762596.1634321,95353259609.56941
1791191900,DOT,1.2118498036395347,173501121.0284849,2068107096.6133897
1791191900,LTC,70.10930126568485,299385760.96677405,5446734160.621589
1791191920,AVAX,10.967228508690043,285663240.4293464,4861081078.623243
1791191920,LINK,14.150348336511366,262851350.18084368,10585734543.316568
1791191930,AAVE,178.3377579750236,299494647.9613172,2753005546.573754
1791191940,BCH,315.7755028089905,145773546.4027342,6346669171.284329
1791191950,HBAR,0.10294349152329886,101601777.34640266,4529898936.956809
1791191960,SHIB,5.943316439674416e-06,101996239.86707973,3499871198.227231
1791191970,XLM,0.22160227467561688,191295033.64744106,7758424644.493742
1791191980,XTZ,0.3355869457427842,9760356.193928951,368418997.40660286
1791191990,NEAR,5.031114495660591,760891546.8063998,6581375386.04213
1791191990,ZEC,1330.2368073556624,520086806.24603784,22574375382.843327
1791192010,ALGO,0.12999677153167266,70668847.08330731,1178422238.8562536
1791192010,WLD,0.5804827170104209,261804707.7547156,2204721568.9610386
1791192020,RENDER,2.0171410834915755,55231850.963831104,1046402946.8343247
1791192800,BTC,85863.66945704482,25782649179.988186,1725348151484.1882
1791192840,ETH,2716.522543792348,9405818517.555668,331721037058.767
1791192850,ADA,0.27040647965776377,1028451628.7706357,10160570687.786726
1791192850,SOL,120.58105479807507,2490854187.639875,70939875667.30128
1791192860,XRP,1.5107843591455785,1653618035.7708983,95322217640.4008
1791192880,DOGE,0.09618489580570981,817047960.6501905,15023508076.888893
1791192880,DOT,1.209433656323122,170340363.46017212,2063186036.8463123
1791192880,LTC,70.11064226700344,298435497.9130505,5446347066.052398
1791192890,AAVE,178.75428603379814,299089928.8900334,2759147473.4218717
1791192910,AVAX,10.971229705546762,282907499.6015313,4862878464.505274
1791192910,BCH,316.1678377470597,145488324.7419171,6355056846.569911
1791192910,LINK,14.13080570420491,266217556.17463937,10571570471.720755
1791192940,HBAR,0.1028727171059915,100828531.51892999,4526168497.268129
1791192950,SHIB,5.952537094091976e-06,100348647.92846353,3507075524.8518257
1791192960,WLD,0.5782119092781487,260694514.1614536,2195992327.026643
1791192960,XLM,0.22145796171396195,181412063.76082972,7764459280.818816
1791192960,XTZ,0.3345711561545843,9775491.687981274,367318671.3296373
1791192960,ZEC,1325.9862869286649,522049803.19840795,22496938934.917362
1791192990,NEAR,5.040346761623711,760281350.2563858,6593452448.509137
1791192990,RENDER,2.0170683961733364,55549985.79293611,1046446625.7652373
1791193000,ALGO,0.12976564748788552,70622708.05661939,1176218335.6783128
1791244800,AAVE,184.06137166149756,408050010.76090163,2841071568.092936
1791244800,ADA,0.2704105568382824,999896221.9380316,10151563319.586018
1791244800,ALGO,0.12763866849696803,76660420.90539491,1156759451.6247005
1791244800,AVAX,11.13236683551405,365547068.0189372,4934666494.494327
1791244800,BCH,316.7806617503225,172423512.33716753,6366947759.412356
1791244800,BTC,85770.87224573967,31361712130.87098,1723479563822.4038
1791244800,DOGE,0.09542265530953754,676982518.9826319,14905361935.832426
1791244800,DOT,1.2304093469310566,203305042.84563604,2099081384.8486328
1791244800,ETH,2710.4181759245234,12360388631.332169,330962511259.41034
1791244800,HBAR,0.10170385341776518,109608332.21948878,4474741120.345397
1791244800,LINK,13.854445203264541,294411460.1581479,10364510046.815378
1791244800,LTC,70.09403910067088,289769317.2196692,5445213693.985794
1791244800,NEAR,5.289065104865807,873588163.8822402,6919083805.814463
1791244800,RENDER,2.065501498652745,89071938.56629092,1071533103.8348374
1791244800,SHIB,5.885473090011781e-06,96780115.47254536,3467947663.3290167
1791244800,SOL,120.76337713748657,2649223015.622316,71055303479.38402
1791244800,WLD,0.5752382537937905,277651604.5776056,2184822318.2811685
1791244800,XLM,0.2155586164433892,235006223.0820435,7556337977.047203
1791244800,XRP,1.507681000796034,1921811199.276916,95124081125.00378
1791244800,XTZ,0.33705596923783276,8486147.002703255,370097741.9650395
1791244800,ZEC,1337.4188310668194,828491116.5566187,22691617737.934914
1791278500,BTC,86030.01603081345,26688023159.568962,1728429144432.9812
1791278530,ETH,2716.338995466522,10490813819.033216,331725467196.72955
1791278550,ADA,0.2809546843543077,808815781.2194904,10550570240.48901
1791278550,SOL,120.40400001615083,2270016169.3482265,70839796242.05417
1791278550,XRP,1.5090268812804486,1593520585.579029,95212307499.70207
1791278560,DOGE,0.09520955010263861,521606539.6154456,14874183421.523336
1791278580,LTC,70.16380487995129,267651950.9706027,5451173314.405945
1791278590,AVAX,11.35101677683913,431258494.6586443,5030065824.612452
1791278590,LINK,14.001428348101554,296121959.8703813,10474468133.1209
1791278600,DOT,1.2311442432647508,178444032.01750484,2100563313.4327245
1791278620,AAVE,180.0699729547153,400284512.92705417,2779505546.6183844
1791278630,BCH,315.9776693262835,145617230.47012573,6352460304.68812
1791278630,NEAR,5.260913630905877,840210211.6701076,6882769516.4563265
1791278640,HBAR,0.10104112497182637,93726686.64152072,4445287577.477571
1791278650,SHIB,5.869739233170561e-06,78168944.21510354,3458916940.4652033
1791278650,XLM,0.21650878717728458,189533701.0496109,7589850186.925487
1791278670,XTZ,0.33423652454649383,6833480.258014453,367191015.59910387
1791278670,ZEC,1358.9991847650685,816364073.651786,23048247087.230885
1791278690,ALGO,0.12661193778463653,120728761.54848929,1146973829.7393622
1791278700,WLD,0.5640081614137421,212022060.4674363,2143691776.7881873
1791278710,RENDER,2.109131346374532,98132922.9623297,1094171161.345947
1791331200,AAVE,179.66501011568238,302462760.9201141,2773221804.162267
1791331200,ADA,0.2674511709597978,671625006.2686456,10042108302.984194
1791331200,ALGO,0.12353369408951792,108233529.13856624,1119557026.9957707
1791331200,AVAX,11.603757427195381,563640731.9458994,5143727580.480923
1791331200,BCH,311.81538036447034,159909383.4754439,6267258174.833889
1791331200,BTC,85540.08713738805,26923752236.96755,1718883142480.0657
1791331200,DOGE,0.09367763322673615,734002753.3549044,14634129358.319334
1791331200,DOT,1.2011044951458458,147963857.07288268,2049265497.9468994
1791331200,ETH,2697.1723962480346,11013438109.181702,329352893752.80865
1791331200,HBAR,0.09975369918120179,96113102.83259386,4388938713.848961
1791331200,LINK,13.95931041620728,263370915.81181303,10442959709.516441
1791331200,LTC,68.97312889680472,247544564.5925937,5358358460.178626
1791331200,NEAR,5.0667957396624255,662978401.4921527,6628709526.965146
1791331200,RENDER,2.1415737369018655,104885435.65755856,1110997573.6596775
1791331200,SHIB,5.792662882393043e-06,68575636.74846837,3413260309.652683
1791331200,SOL,120.68055968041386,2463657929.210788,71015202778.43567
1791331200,WLD,0.5515412237612763,182029146.57783353,2096255005.366088
1791331200,XLM,0.21212710052848419,126123097.98764911,7432839229.336488
1791331200,XRP,1.4968097895053871,1502443248.5971925,94438184052.48476
1791331200,XTZ,0.3331248798561865,4495371.754561837,365811813.06670654
1791331200,ZEC,1365.0168159378054,708310283.0157369,23159865162.363796
1791353830,BTC,84272.1634312374,31825454875.627625,1693552422729.7375
1791353830,ETH,2618.5776703168003,15380271952.883347,319794917617.00385
1791353830,SOL,118.60365228131685,2844001882.4380326,69881873583.54945
1791353860,XRP,1.47121310620113,2119295815.6464217,92847760814.98602
1791353870,ADA,0.25684266110849574,805532439.4955763,9643785856.020357
1791353890,DOGE,0.09051923281178437,1068028571.4066358,14139048802.96502
1791353900,LTC,67.64069845909827,266878048.42469317,5253833932.053857
1791353910,DOT,1.1261941762538017,176392478.88718328,1920970905.2542512
1791353910,LINK,13.691824900473982,312515383.02046317,10244461838.416096
1791353920,XLM,0.2064309884564113,174834077.89795473,7232309058.673282
1791353930,AAVE,175.51870657406482,307366966.1441679,2709197389.993253
1791353940,AVAX,11.239642434756355,636147470.9047897,4982130527.353541
1791353940,BCH,307.30993271643314,186805657.31601253,6177550903.768566
1791353950,HBAR,0.09602355006143545,120964823.50450529,4224921575.2535996
1791353960,SHIB,5.548791329666335e-06,81747600.60632573,3270065689.0896153
1791353970,XTZ,0.3125139803238684,4867695.59138935,343220338.95049125
1791353970,ZEC,1316.5433060527716,709779137.9513268,22341496571.092274
1791353980,ALGO,0.11923133576106343,94468265.09238635,1080692833.6697598
1791353980,NEAR,5.121825430179929,695573096.9029942,6700837017.804888
1791353980,WLD,0.5222437339231291,235411776.50279823,1985090021.3520906
1791354020,RENDER,2.1028400363370823,118218396.04862666,1093312926.9167671
1791364300,BTC,83898.94981233991,34177288423.70424,1686154615402.0505
1791364310,DOT,1.120103156663621,168164835.80478022,1911499598.006766
1791364310,ETH,2607.745600774744,16230806949.78768,318441842055.2844
1791364320,DOGE,0.09022969682243612,1122714037.822773,14096357668.745102
1791364320,SOL,118.10752577492745,2975742255.119829,69575416587.89511
1791364330,ADA,0.25532194540962583,754307554.7520536,9586686865.983047
1791364330,XRP,1.458927142700173,2128383513.5171554,92048055128.64317
1791364340,LTC,67.45866665606769,287774556.13968736,5236545370.500647
1791364370,LINK,13.687459733436981,316917928.6409863,10240925102.249018
1791364380,AAVE,175.00368734215124,302139805.21099895,2701846126.480303
1791364390,AVAX,11.189917076305708,636978509.4069164,4960279356.313895
1791364400,BCH,307.0768825356913,194455841.62309334,6172697835.080397
1791364400,HBAR,0.09514914183292747,122539477.97383448,4185075037.426982
1791364400,SHIB,5.514669543581355e-06,82933168.17652935,3249650789.9864273
1791364420,NEAR,5.110658392509763,722385505.3615365,6686016002.605089
1791364420,XLM,0.20463912930807432,176343695.07477653,7170463198.3473625
1791364430,XTZ,0.30990131015635586,4753266.079172582,340340085.95596915
1791364440,ZEC,1318.005293278479,740526196.7161101,22373852668.09215
1791364450,ALGO,0.11854217256817683,64973000.53874643,1074320032.863882
1791364470,RENDER,2.0679494130655636,116290285.0777893,1072803023.6729012
1791364470,WLD,0.5235735261582638,248532423.79817915,1990269183.5875413
1791443810,BTC,83011.20555311217,37841890339.39289,1667642428605.9392
1791443840,ETH,2568.9508714213007,16241309361.013931,313710360061.6849
1791443840,SOL,115.38407830143314,3017800788.2915816,67967902066.74709
1791443860,XRP,1.4072306169703979,2362735588.121282,88766544293.71196
1791443890,ADA,0.25297900399668416,478551079.8883436,9497528043.342596
1791443900,DOGE,0.08775122455507463,963409335.651346,13708285212.722559
1791443900,DOT,1.1053425357537006,152542414.10365248,1886105943.5047822
1791443900,LTC,64.39156254836652,325422891.0132737,5002733319.708709
1791443910,LINK,13.157589416919246,347413026.7965876,9839905486.396584
1791443930,AAVE,173.5633303122207,333243475.30184364,2680096925.341378
1791443930,SHIB,5.401258025688126e-06,74736837.13443972,3181306946.4579577
1791443940,AVAX,10.906171983255849,549152375.2034614,4835438552.463706
1791443940,HBAR,0.09296299162972108,110493805.46019037,4090523241.603217
1791443950,BCH,296.10290545422924,195466622.31586212,5951105174.218757
1791443950,XLM,0.19889712925243058,173415473.5268121,6969089044.033116
1791443980,XTZ,0.30474542660299136,7361671.837198093,334591082.99948335
1791443990,ALGO,0.12156805478427976,53832954.27909029,1101862836.390826
1791443990,NEAR,5.529697872726516,1262665020.5306592,7235032653.549023
1791443990,ZEC,1245.1542238009743,818821077.053997,21134547601.675655
1791444020,RENDER,2.034873126777861,83899164.19504832,1056006399.6347897
1791444020,WLD,0.5266617503246354,238175383.73279944,2000174354.5039444
