,equity
1675281600,5000.0
1675296000,4990.8
1675310400,4993.1
1675324800,5001.2
1675339200,4998.5
1675353600,4993.9
1675368000,4974.0
1675382400,4982.4
1675396800,4978.4
1675411200,4995.1
1675425600,4996.6
1675440000,5022.9
1675454400,5025.8
1675468800,5015.599999999999
1675483200,5011.9
1675497600,5019.8
1675512000,5039.8
1675526400,5039.7
1675540800,5034.815603
1675555200,5034.815603
1675569600,5034.815603
1675584000,5034.815603
1675598400,5034.815603
1675612800,5034.815603
1675627200,5034.815603
1675641600,5034.815603
1675656000,5034.815603
1675670400,5034.815603
1675684800,5034.815603
1675699200,5034.815603
1675713600,5034.815603
1675728000,5034.815603
1675742400,5034.815603
1675756800,5034.815603
1675771200,5034.815603
1675785600,5034.815603
1675800000,5034.815603
1675814400,5034.815603
1675828800,5034.815603
1675843200,5034.815603
1675857600,5034.815603
1675872000,5034.815603
1675886400,5034.815603
1675900800,5034.815603
1675915200,5034.815603
1675929600,5034.815603
1675944000,5034.815603
1675958400,5034.815603
1675972800,5034.815603
1675987200,5034.815603
1676001600,5034.815603
1676016000,5034.815603
1676030400,5034.815603
1676044800,5034.815603
1676059200,5034.815603
1676073600,5034.815603
1676088000,5034.815603
1676102400,5034.815603
1676116800,5034.815603
1676131200,5034.815603
1676145600,5034.815603
1676160000,5034.815603
1676174400,5034.815603
1676188800,5034.815603
1676203200,5034.815603
1676217600,5034.815603
1676232000,5027.365603
1676246400,5016.265603
1676260800,5011.715603
1676275200,4997.015603
1676289600,4994.765603
1676304000,5025.865603
1676318400,5023.065603
1676332800,5020.515603
1676347200,5024.865603
1676361600,5023.815603
1676376000,5042.315603
1676390400,5030.315603
1676404800,5031.615603
1676419200,5026.315603
1676433600,5018.165603
1676448000,5028.565603
1676462400,5029.865603
1676476800,5035.625634
1676491200,5035.625634
1676505600,5035.625634
1676520000,5035.625634
1676534400,5035.625634
1676548800,5041.425634
1676563200,5036.525634
1676577600,5013.275634
1676592000,5039.775634
1676606400,5026.675634
1676620800,5021.425634
1676635200,5034.875634
1676649600,5046.975634
1676664000,5032.875634
1676678400,5044.525634
1676692800,5037.925634
1676707200,5039.325634
1676721600,5053.725634
1676736000,5049.725634
1676750400,5061.275634
1676764800,5062.175634
1676779200,5076.375634
1676793600,5071.7453575
1676808000,5074.2453575
1676822400,5062.6953575
1676836800,5058.501716
1676851200,5058.501716
1676865600,5058.501716
1676880000,5058.501716
1676894400,5058.501716
1676908800,5058.501716
1676923200,5058.501716
1676937600,5058.501716
1676952000,5058.501716
1676966400,5058.501716
1676980800,5058.501716
1676995200,5058.501716
1677009600,5058.501716
1677024000,5058.501716
1677038400,5058.501716
1677052800,5058.501716
1677067200,5058.501716
1677081600,5058.501716
1677096000,5058.501716
1677110400,5050.251716
1677124800,5055.001716000001
1677139200,5089.251716
1677153600,5076.001716
1677168000,5084.501716
1677182400,5090.251716
1677196800,5088.751716
1677211200,5079.501716
1677225600,5089.501716
1677240000,5152.251716
1677254400,5173.501716
1677268800,5174.001716
1677283200,5165.501716
1677297600,5156.001716
1677312000,5166.501716
1677326400,5166.501716
1677340800,5192.251716
1677355200,5177.8188628749995
1677369600,5177.8188628749995
1677384000,5181.718862874999
1677398400,5173.918862874999
1677412800,5170.813862874999
1677427200,5123.9708628749995
1677441600,5117.697862874999
1677456000,5121.170862874999
1677470400,5162.759862874999
1677484800,5162.380862874999
1677499200,5140.665862874999
1677513600,5197.405862874999
1677528000,5148.580862875
1677542400,5126.507862875
1677556800,5183.417862875
1677571200,5153.1048628749995
1677585600,5089.798862874999
1677600000,5164.970862874999
1677614400,5237.224862874999
1677628800,5110.429760283999
1677643200,5010.699760283999
1677657600,5010.514395726219
1677672000,5014.464395726219
1677686400,5069.164395726219
1677700800,4998.964395726219
1677715200,5086.21439572622
1677729600,5073.11439572622
1677744000,5106.564395726219
1677758400,5177.21439572622
1677772800,5119.614395726219
1677787200,5140.564395726219
1677801600,5669.4943957262185
1677816000,5635.744395726219
1677830400,5614.757348894726
1677844800,5611.257348894726
1677859200,5595.917348894727
1677873600,5585.667348894727
1677888000,5592.307348894727
1677902400,5608.916406394726
1677916800,5588.066406394726
1677931200,5615.996406394725
1677945600,5670.106406394726
1677960000,5642.156406394725
1677974400,5577.756406394727
1677988800,5583.206406394726
1678003200,5573.816406394726
1678017600,5572.086406394726
1678032000,5578.378475975325
1678046400,5587.6784759753255
1678060800,5637.6784759753255
1678075200,5656.878475975325
1678089600,5672.9284759753255
1678104000,5613.228475975326
1678118400,5656.328475975326
1678132800,5684.1784759753255
1678147200,5641.069300519326
1678161600,5641.069300519326
1678176000,5717.269300519326
1678190400,5704.969300519327
1678204800,5705.869300519326
1678219200,5697.469300519327
1678233600,5716.369300519326
1678248000,5747.569300519326
1678262400,5728.069300519326
1678276800,5748.769300519326
1678291200,5785.069300519326
1678305600,5803.969300519326
1678320000,5786.569300519326
1678334400,5801.569300519326
1678348800,5776.369300519326
1678363200,5769.469300519326
1678377600,5853.469300519327
1678392000,5970.769300519326
1678406400,6019.769300519326
1678420800,6062.562434574329
1678435200,6045.1624345743285
1678449600,6059.962434574329
1678464000,6058.362434574329
1678478400,6061.962434574329
1678492800,6059.562434574329
1678507200,6047.1624345743285
1678521600,6045.362434574329
1678536000,6045.1624345743285
1678550400,6046.1624345743285
1678564800,6049.562434574329
1678579200,6048.362434574329
1678593600,6041.362434574329
1678608000,6042.762434574329
1678622400,6026.762434574329
1678636800,6033.6829815783285
1678651200,6033.6829815783285
1678665600,6033.6829815783285
1678680000,6033.6829815783285
1678694400,6033.6829815783285
1678708800,6033.6829815783285
1678723200,6033.6829815783285
1678737600,6033.6829815783285
1678752000,6033.6829815783285
1678766400,6022.6829815783285
1678780800,6023.782981578329
1678795200,6061.382981578328
1678809600,6075.282981578329
1678824000,6069.282981578328
1678838400,6064.482981578329
1678852800,6064.782981578329
1678867200,6045.382981578328
1678881600,6024.782981578329
1678896000,6017.882981578328
1678910400,6021.482981578329
1678924800,6026.082981578328
1678939200,6029.6829815783285
1678953600,6035.982981578329
1678968000,6031.382981578328
1678982400,6034.382981578328
1678996800,6030.582981578328
1679011200,6033.609136675327
1679025600,6033.609136675327
1679040000,6033.609136675327
1679054400,6033.609136675327
1679068800,6033.609136675327
1679083200,6033.609136675327
1679097600,6033.609136675327
1679112000,6033.609136675327
1679126400,6033.609136675327
1679140800,6026.976136675327
1679155200,6030.096136675327
1679169600,6017.619136675327
1679184000,6039.4501366753275
1679198400,6027.711136675327
1679212800,6042.875136675327
1679227200,6057.538136675327
1679241600,6086.168136675327
1679256000,6071.080136675328
1679270400,6046.938136675327
1679284800,6082.864136675327
1679299200,6085.213136675327
1679313600,6065.900136675327
1679328000,6056.594136675327
1679342400,6049.032136675327
1679356800,6068.4991366753275
1679371200,6042.536136675327
1679385600,6066.338079579327
1679400000,6116.338079579327
1679414400,6157.238079579328
1679428800,6166.065933230327
1679443200,6174.465933230326
1679457600,6176.365933230326
1679472000,6176.665933230326
1679486400,6188.565933230327
1679500800,6132.165933230326
1679515200,6165.565933230327
1679529600,6154.865933230326
1679544000,6246.565933230326
1679558400,6254.665933230326
1679572800,6283.565933230327
1679587200,6261.065933230327
1679601600,6270.165933230326
1679616000,6230.2659332303265
1679630400,6224.565933230326
1679644800,6159.7659332303265
1679659200,6173.973128426326
1679673600,6171.073128426327
1679688000,6167.473128426326
1679702400,6182.573128426327
1679716800,6216.973128426326
1679731200,6234.173128426326
1679745600,6264.673128426326
1679760000,6219.7452365843255
1679774400,6224.775997172324
1679788800,6234.175997172324
1679803200,6234.775997172324
1679817600,6236.875997172324
1679832000,6230.525997172324
1679846400,6232.375997172324
1679860800,6233.975997172324
1679875200,6229.675997172324
1679889600,6226.575997172325
1679904000,6228.725997172324
1679918400,6212.525997172324
1679932800,6210.275997172324
1679947200,6213.475997172324
1679961600,6200.175997172324
1679976000,6200.976316292824
1679990400,6200.976316292824
1680004800,6200.976316292824
1680019200,6200.976316292824
1680033600,6200.976316292824
1680048000,6200.976316292824
1680062400,6200.976316292824
1680076800,6200.976316292824
1680091200,6200.976316292824
1680105600,6200.976316292824
1680120000,6200.976316292824
1680134400,6200.976316292824
1680148800,6225.926316292824
1680163200,6245.226316292824
1680177600,6213.8763162928235
1680192000,6226.226316292824
1680206400,6221.726316292824
1680220800,6240.426316292824
1680235200,6238.1263162928235
1680249600,6231.8763162928235
1680264000,6233.076316292824
1680278400,6248.176316292824
1680292800,6259.526316292824
1680307200,6247.976316292824
1680321600,6202.726316292824
1680336000,6189.676316292824
1680350400,6203.176316292824
1680364800,6190.676316292824
1680379200,6190.326316292824
1680393600,6240.386030517322
1680408000,6263.736030517322
1680422400,6249.536030517322
1680436800,6227.386030517322
1680451200,6212.486030517322
1680465600,6217.136030517322
1680480000,6188.286030517322
1680494400,6200.586030517322
1680508800,6215.586030517322
1680523200,6181.836030517322
1680537600,6181.036030517322
1680552000,6129.7360305173215
1680566400,6114.236030517322
1680580800,6110.506665754322
1680595200,6130.556665754322
1680609600,6122.506665754322
1680624000,6141.756665754322
1680638400,6134.806665754322
1680652800,6166.721292572822
1680667200,6162.321292572822
1680681600,6154.4212925728225
1680696000,6136.721292572822
1680710400,6139.321292572822
1680724800,6139.121292572822
1680739200,6138.4212925728225
1680753600,6131.721292572822
1680768000,6129.611126172822
1680782400,6137.911126172822
1680796800,6145.811126172822
1680811200,6090.511126172822
1680825600,6085.711126172822
1680840000,6066.411126172822
1680854400,6056.211126172822
1680868800,6060.311126172822
1680883200,6055.611126172822
1680897600,6058.311126172822
1680912000,6069.111126172822
1680926400,6066.411126172822
1680940800,6067.411126172822
1680955200,6067.011126172822
1680969600,6047.611126172822
1680984000,6049.611126172822
1680998400,6056.211126172822
1681012800,6051.111126172822
1681027200,6052.705181022822
1681041600,6052.705181022822
1681056000,6052.705181022822
1681070400,6052.705181022822
1681084800,6052.705181022822
1681099200,6052.705181022822
1681113600,6052.705181022822
1681128000,6052.705181022822
1681142400,6052.705181022822
1681156800,6052.705181022822
1681171200,6052.705181022822
1681185600,6052.705181022822
1681200000,6052.705181022822
1681214400,6052.705181022822
1681228800,6052.705181022822
1681243200,6052.705181022822
1681257600,6052.705181022822
1681272000,6052.705181022822
1681286400,6052.705181022822
1681300800,6052.705181022822
1681315200,6050.005181022822
1681329600,6056.305181022823
1681344000,6055.105181022822
1681358400,6045.505181022822
1681372800,6056.105181022822
1681387200,6066.905181022822
1681401600,6076.505181022822
1681416000,6079.305181022822
1681430400,6097.705181022822
1681444800,6089.505181022822
1681459200,6102.7201810228225
1681473600,6038.290181022822
1681488000,6076.450181022822
1681502400,6093.442181022822
1681516800,6063.8671810228225
1681531200,6075.767181022822
1681545600,6086.294181022822
1681560000,6081.132837022822
1681574400,6070.669837022822
1681588800,6069.657837022823
1681603200,6078.725837022823
1681617600,6078.274837022823
1681632000,6068.373837022822
1681646400,6080.401837022822
1681660800,6087.645837022823
1681675200,6115.168837022822
1681689600,6122.365837022822
1681704000,6090.776985749922
1681718400,6082.586985749922
1681732800,6074.713293059922
1681747200,6074.713293059922
1681761600,6074.713293059922
1681776000,6074.713293059922
1681790400,6097.883293059922
1681804800,6107.263293059922
1681819200,6092.528293059921
1681833600,6083.428293059922
1681848000,6088.503293059922
1681862400,6081.328293059922
1681876800,6072.018293059922
1681891200,6031.418293059922
1681905600,6035.8632930599215
1681920000,6005.893293059922
1681934400,5982.1132930599215
1681948800,6007.508293059922
1681963200,6017.233293059922
1681977600,5999.5732930599215
1681992000,5949.678293059922
1682006400,5908.473293059922
1682020800,5926.028293059922
1682035200,5930.9294620951705
1682049600,5933.329462095171
1682064000,5924.529462095171
1682078400,5922.729462095171
1682092800,5877.329462095171
1682107200,5872.4294620951705
1682121600,5878.029462095171
1682136000,5876.4294620951705
1682150400,5878.4294620951705
1682164800,5890.305354720171
1682179200,5890.305354720171
1682193600,5869.590354720171
1682208000,5927.66535472017
1682222400,5854.7953547201705
1682236800,5847.730354720171
1682251200,6011.325354720171
1682265600,6126.930354720171
1682280000,6004.62535472017
1682294400,5934.075354720171
1682308800,6039.175354720171
1682323200,5884.400354720171
1682337600,6005.805354720171
1682352000,6008.545354720171
1682366400,6010.35535472017
1682380800,6124.45535472017
1682395200,6100.5453547201705
1682409600,6051.8803547201705
1682424000,6097.025354720171
1682438400,5987.036733314321
1682452800,5987.036733314321
1682467200,6003.911733314321
1682481600,5988.386733314321
1682496000,5916.431733314321
1682510400,5886.4617333143215
1682524800,6102.4617333143215
1682539200,6077.216733314322
1682553600,6028.886733314321
1682568000,6023.426733314322
1682582400,6024.051733314321
1682596800,5961.626733314321
1682611200,5962.401733314321
1682625600,5952.816733314321
1682640000,5951.636733314322
1682654400,5923.391733314321
1682668800,5917.161733314321
1682683200,5927.556733314321
1682697600,5804.859016123525
1682712000,5807.909016123525
1682726400,5813.759016123525
1682740800,5811.459016123525
1682755200,5814.309016123525
1682769600,5817.259016123525
1682784000,5822.909016123525
1682798400,5817.309016123525
1682812800,5799.2228520475255
1682827200,5799.2228520475255
1682841600,5799.2228520475255
1682856000,5799.2228520475255
1682870400,5799.2228520475255
1682884800,5799.2228520475255
1682899200,5799.2228520475255
1682913600,5799.2228520475255
1682928000,5799.2228520475255
1682942400,5799.2228520475255
1682956800,5799.2228520475255
1682971200,5799.2228520475255
1682985600,5799.2228520475255
1683000000,5799.2228520475255
1683014400,5799.2228520475255
1683028800,5799.2228520475255
1683043200,5785.962852047525
1683057600,5790.642852047526
1683072000,5838.612852047526
1683086400,5856.682852047526
1683100800,5901.272852047526
1683115200,5911.022852047526
1683129600,5901.142852047526
1683144000,5792.852852047526
1683158400,5793.502852047525
1683172800,5808.322852047526
1683187200,5791.292852047525
1683201600,5848.882852047525
1683216000,5855.252852047526
1683230400,5857.982852047526
1683244800,5837.052852047525
1683259200,5851.482852047526
1683273600,5821.192852047526
1683288000,5775.662932880327
1683302400,5775.662932880327
1683316800,5775.662932880327
1683331200,5775.662932880327
1683345600,5775.662932880327
1683360000,5775.662932880327
1683374400,5775.662932880327
1683388800,5775.662932880327
1683403200,5775.662932880327
1683417600,5775.662932880327
1683432000,5775.662932880327
1683446400,5775.662932880327
1683460800,5775.662932880327
1683475200,5781.422932880328
1683489600,5799.902932880327
1683504000,5855.822932880327
1683518400,5890.142932880328
1683532800,5873.102932880327
1683547200,5875.022932880327
1683561600,5940.782932880327
1683576000,5916.782932880327
1683590400,5934.062932880327
1683604800,5708.942932880327
1683619200,5660.702932880327
1683633600,5685.182932880328
1683648000,5657.102932880328
1683662400,5653.902932880328
1683676800,5711.662932880327
1683691200,5726.062932880328
1683705600,5707.982932880328
1683720000,5716.999125840327
1683734400,5726.699125840328
1683748800,5735.379125840327
1683763200,5752.229125840327
1683777600,5776.499125840327
1683792000,5761.579125840327
1683806400,5790.709125840327
1683820800,5838.599125840327
1683835200,5813.709125840327
1683849600,5866.669125840327
1683864000,5864.5191258403265
1683878400,5840.699125840327
1683892800,5839.939125840327
1683907200,5823.346719024326
1683921600,5777.166719024327
1683936000,5789.696719024327
1683950400,5785.196719024327
1683964800,5797.816719024327
1683979200,5812.462289562127
1683993600,5811.562289562126
1684008000,5809.312289562127
1684022400,5804.812289562126
1684036800,5796.262289562127
1684051200,5799.8622895621265
1684065600,5764.762289562127
1684080000,5813.812289562127
1684094400,5807.512289562127
1684108800,5764.762289562127
1684123200,5750.3622895621265
1684137600,5740.912289562127
1684152000,5738.662289562127
1684166400,5750.682987642127
1684180800,5750.682987642127
1684195200,5750.682987642127
1684209600,5750.682987642127
1684224000,5750.682987642127
1684238400,5750.682987642127
1684252800,5750.682987642127
1684267200,5750.682987642127
1684281600,5750.682987642127
1684296000,5750.682987642127
1684310400,5750.682987642127
1684324800,5750.682987642127
1684339200,5750.682987642127
1684353600,5750.682987642127
1684368000,5750.682987642127
1684382400,5750.682987642127
1684396800,5750.682987642127
1684411200,5750.682987642127
1684425600,5750.682987642127
1684440000,5751.182987642127
1684454400,5761.382987642127
1684468800,5758.032987642127
1684483200,5753.932987642127
1684497600,5762.382987642127
1684512000,5761.232987642127
1684526400,5758.012987642127
1684540800,5765.382987642127
1684555200,5784.282987642127
1684569600,5777.442987642127
1684584000,5770.362987642127
1684598400,5770.682987642127
1684612800,5774.172987642127
1684627200,5774.2829876421265
1684641600,5770.682987642127
1684656000,5801.402987642126
1684670400,5839.772987642127
1684684800,5830.781645618126
1684699200,5880.281645618126
1684713600,5870.861645618127
1684728000,5849.661645618126
1684742400,5801.794770282127
1684756800,5839.294770282127
1684771200,5825.377241787128
1684785600,5825.377241787128
1684800000,5825.377241787128
1684814400,5825.377241787128
1684828800,5825.377241787128
1684843200,5825.377241787128
1684857600,5825.377241787128
1684872000,5825.377241787128
1684886400,5825.377241787128
1684900800,5825.377241787128
1684915200,5825.377241787128
1684929600,5825.377241787128
1684944000,5825.377241787128
1684958400,5825.377241787128
1684972800,5825.377241787128
1684987200,5825.377241787128
1685001600,5825.377241787128
1685016000,5825.377241787128
1685030400,5825.377241787128
1685044800,5836.127241787128
1685059200,5833.877241787128
1685073600,5807.627241787128
1685088000,5829.377241787128
1685102400,5800.127241787129
1685116800,5787.127241787128
1685131200,5804.627241787128
1685145600,5789.627241787128
1685160000,5791.377241787128
1685174400,5800.627241787128
1685188800,5771.627241787128
1685203200,5762.127241787128
1685217600,5745.377241787128
1685232000,5704.627241787128
1685246400,5706.877241787128
1685260800,5721.377241787128
1685275200,5707.127241787128
1685289600,5668.761578207127
1685304000,5668.761578207127
1685318400,5668.761578207127
1685332800,5668.761578207127
1685347200,5668.761578207127
1685361600,5668.761578207127
1685376000,5669.361578207127
1685390400,5672.521578207127
1685404800,5684.001578207127
1685419200,5679.041578207127
1685433600,5700.521578207127
1685448000,5687.801578207127
1685462400,5703.441578207127
1685476800,5712.631578207127
1685491200,5724.171578207127
1685505600,5736.981578207127
1685520000,5738.991578207127
1685534400,5744.641578207127
1685548800,5742.451578207128
1685563200,5745.781578207127
1685577600,5753.171578207127
1685592000,5754.661578207128
1685606400,5735.441578207127
1685620800,5721.608723007126
1685635200,5727.608723007126
1685649600,5740.358723007126
1685664000,5714.258723007126
1685678400,5698.558723007126
1685692800,5677.058723007126
1685707200,5686.458723007126
1685721600,5665.415740532126
1685736000,5667.065740532126
1685750400,5669.065740532126
1685764800,5660.015740532126
1685779200,5668.315740532126
1685793600,5666.865740532126
1685808000,5682.415740532127
1685822400,5637.565740532126
1685836800,5635.265740532126
1685851200,5629.315740532126
1685865600,5635.315740532126
1685880000,5638.915740532126
1685894400,5636.765740532126
1685908800,5642.765740532127
1685923200,5659.698170532127
1685937600,5661.998170532126
1685952000,5660.298170532126
1685966400,5624.401468032125
1685980800,5627.931468032125
1685995200,5633.5814680321255
1686009600,5629.151468032125
1686024000,5634.401468032125
1686038400,5627.611468032125
1686052800,5636.951468032125
1686067200,5618.611468032125
1686081600,5556.861468032125
1686096000,5561.851468032125
1686110400,5553.821468032125
1686124800,5590.631468032125
1686139200,5546.031468032125
1686153600,5517.921468032125
1686168000,5515.231468032125
1686182400,5499.271468032125
1686196800,5508.971468032126
1686211200,5509.291468032125
1686225600,5517.198487176124
1686240000,5545.558487176124
1686254400,5550.198487176124
1686268800,5574.482084365625
1686283200,5620.542084365625
1686297600,5500.317084365625
1686312000,5596.843361878125
1686326400,5783.177223878123
1686340800,5776.077223878124
1686355200,5951.707223878124
1686369600,6292.862223878124
1686384000,6211.922223878123
1686398400,6240.207223878124
1686412800,6168.417223878124
1686427200,6123.382223878124
1686441600,6135.782223878124
1686456000,6139.322223878124
1686470400,6121.117223878124
1686484800,6159.842793050823
1686499200,6061.822793050824
1686513600,6111.946392110324
1686528000,6121.029392110325
1686542400,6113.0723921103245
1686556800,6111.458392110324
1686571200,6128.862392110324
1686585600,6124.137392110324
1686600000,6126.057392110324
1686614400,6114.629392110324
1686628800,6116.713392110324
1686643200,6118.744392110324
1686657600,6141.372607790324
1686672000,6125.939607790324
1686686400,6122.991607790324
1686700800,6117.194607790324
1686715200,6126.720607790325
1686729600,6117.579607790324
1686744000,6116.5676077903245
1686758400,6129.316607790324
1686772800,6208.889414980905
1686787200,6208.889414980905
1686801600,6208.889414980905
1686816000,6208.889414980905
1686830400,6208.889414980905
1686844800,6208.889414980905
1686859200,6208.889414980905
1686873600,6208.889414980905
1686888000,6208.889414980905
1686902400,6208.889414980905
1686916800,6208.889414980905
1686931200,6208.889414980905
1686945600,6208.889414980905
1686960000,6208.889414980905
1686974400,6208.889414980905
1686988800,6202.159414980905
1687003200,6192.089414980905
1687017600,6197.434414980905
1687032000,6199.519414980905
1687046400,6186.639414980905
1687060800,6193.384414980905
1687075200,6204.319414980905
1687089600,6209.734414980905
1687104000,6215.724414980905
1687118400,6178.554414980905
1687132800,6183.1244149809045
1687147200,6173.424414980905
1687161600,6179.664414980904
1687176000,6172.574414980905
1687190400,6199.799414980905
1687204800,6211.004414980905
1687219200,6214.259414980905
1687233600,6195.894568344705
1687248000,6195.894568344705
1687262400,6195.894568344705
1687276800,6195.894568344705
1687291200,6195.894568344705
1687305600,6195.894568344705
1687320000,6195.894568344705
1687334400,6195.894568344705
1687348800,6195.894568344705
1687363200,6210.294568344704
1687377600,6205.944568344705
1687392000,6220.644568344705
1687406400,6213.594568344704
1687420800,6175.2245683447045
1687435200,6196.644568344705
1687449600,6206.094568344704
1687464000,6186.324568344705
1687478400,6241.624568344704
1687492800,6255.994568344705
1687507200,6274.654568344705
1687521600,6456.444568344705
1687536000,6546.994568344705
1687550400,6534.664568344704
1687564800,6592.884568344704
1687579200,6534.344568344704
1687593600,6604.354568344705
1687608000,6558.197059136704
1687622400,6600.587059136705
1687636800,6728.217059136704
1687651200,6748.547059136705
1687665600,6757.413271486105
1687680000,6740.663271486105
1687694400,6707.513271486106
1687708800,6687.974787486103
1687723200,6693.974787486103
1687737600,6679.124787486103
1687752000,6683.024787486103
1687766400,6691.974787486102
1687780800,6835.974787486103
1687795200,6798.424787486103
1687809600,6763.924787486103
1687824000,6807.524787486103
1687838400,6807.924787486103
1687852800,6874.874787486103
1687867200,6787.136611850103
1687881600,6831.686611850103
1687896000,6835.5866118501035
1687910400,6802.436611850103
1687924800,6737.286611850103
1687939200,6794.5866118501035
1687953600,6790.786611850103
1687968000,6718.286611850103
1687982400,6726.886611850103
1687996800,6744.286611850103
1688011200,6779.270399918103
1688025600,6798.120399918103
1688040000,6782.503998275103
1688054400,6799.503998275103
1688068800,6784.903998275103
1688083200,6838.103998275103
1688097600,6880.003998275103
1688112000,6958.8039982751025
1688126400,6849.403998275103
1688140800,7022.8489982751025
1688155200,7013.613998275103
1688169600,6911.283998275103
1688184000,6916.323998275103
1688198400,6896.343998275102
1688212800,6921.643998275103
1688227200,6918.298998275103
1688241600,6963.448998275103
1688256000,6848.283998275103
1688270400,6935.931284711101
1688284800,6972.041284711101
1688299200,6970.806284711101
1688313600,6967.928480711102
1688328000,6997.073480711102
1688342400,7009.418480711101
1688356800,6998.453480711102
1688371200,6996.893480711102
1688385600,6970.795976481101
1688400000,6970.795976481101
1688414400,6969.645976481102
1688428800,6971.345976481101
1688443200,6961.645976481102
1688457600,6969.045976481101
1688472000,6981.735976481101
1688486400,6949.925976481101
1688500800,6929.070976481101
1688515200,6948.820976481101
1688529600,6940.385976481101
1688544000,6870.255976481101
1688558400,6827.740976481101
1688572800,6855.960976481101
1688587200,6931.280976481102
1688601600,6966.300976481101
1688616000,7034.7659764811015
1688630400,7045.860976481102
1688644800,6978.630976481101
1688659200,7018.1483075071
1688673600,6956.0483075071
1688688000,7012.1083075071
1688702400,6982.9183075071
1688716800,6988.6440519716
1688731200,7038.1140519716
1688745600,7016.7455851787
1688760000,7031.8355851787
1688774400,7027.775585178701
1688788800,7032.5355851787
1688803200,7026.1355851787
1688817600,6992.9490600237
1688832000,6998.9390600237
1688846400,7024.1290600237
1688860800,7026.4890600236995
1688875200,7007.8790600237
1688889600,7006.7090600237
1688904000,6991.2590600237
1688918400,6989.5740600237
1688932800,6986.0390600237
1688947200,6987.1162840997
1688961600,6948.4712840997
1688976000,6968.096362542
1688990400,6984.011362542
1689004800,7022.611362542
1689019200,6992.3713625420005
1689033600,7024.776362542
1689048000,7034.051362542001
1689062400,7024.436362542
1689076800,7028.861362542
1689091200,7016.436362542
1689105600,7020.701362542
1689120000,7009.136362542
1689134400,7017.0363625420005
1689148800,7020.5714349419995
1689163200,7010.0714349419995
1689177600,7003.971434942
1689192000,7008.121434942
1689206400,7003.48140427
1689220800,7003.48140427
1689235200,7032.956404269999
1689249600,7108.91640427
1689264000,7204.31640427
1689278400,7195.49640427
1689292800,7310.38140427
1689307200,7317.98640427
1689321600,7289.74140427
1689336000,7292.38140427
1689350400,7156.63140427
1689364800,7247.841404270001
1689379200,7202.94640427
1689393600,7326.07640427
1689408000,7340.576404269999
1689422400,7248.67640427
1689436800,7269.90640427
1689451200,7236.83140427
1689465600,7187.99140427
1689480000,7233.086074337799
1689494400,7221.7810743377995
1689508800,7237.2510743378
1689523200,7202.026074337799
1689537600,7179.1160743378
1689552000,7218.671074337799
1689566400,7214.857943189
1689580800,7157.217943189
1689595200,7159.827943189
1689609600,7129.212649071999
1689624000,7129.212649071999
1689638400,7129.212649071999
1689652800,7129.212649071999
1689667200,7129.212649071999
1689681600,7129.212649071999
1689696000,7129.212649071999
1689710400,7129.212649071999
1689724800,7137.7626490719995
1689739200,7124.2626490719995
1689753600,7119.7626490719995
1689768000,7127.2626490719995
1689782400,7146.462649071999
1689796800,7129.212649071999
1689811200,7135.212649071999
1689825600,7206.7626490719995
1689840000,7342.062649072
1689854400,7301.862649071999
1689868800,7318.362649071999
1689883200,7352.812649072
1689897600,7341.562649072
1689912000,7273.2626490719995
1689926400,7256.162649071999
1689940800,7264.112649071999
1689955200,7281.162649071999
1689969600,7252.366836572
1689984000,7255.616836572
1689998400,7253.916836572
1690012800,7266.416836572
1690027200,7266.016836572
1690041600,7220.266836572
1690056000,7169.166836572
1690070400,7173.566836572
1690084800,7177.916836572
1690099200,7183.466836572
1690113600,7177.1669105619985
1690128000,7196.116910561999
1690142400,7175.4169105619985
1690156800,7129.674586040999
1690171200,7159.706512489999
1690185600,7103.706512489999
1690200000,7097.456512489999
1690214400,7077.956512489999
1690228800,7093.456512489999
1690243200,7100.006512489999
1690257600,7057.056512489999
1690272000,7067.748002719999
1690286400,7098.398002719999
1690300800,7073.648002719999
1690315200,7085.848002719999
1690329600,7081.198002719999
1690344000,7054.648002719999
1690358400,7049.198002719999
1690372800,7071.648002719999
1690387200,7104.098002719999
1690401600,7134.548002719999
1690416000,7146.396285743998
1690430400,7162.496285743999
1690444800,7179.601716055999
1690459200,7170.901716055999
1690473600,7156.701716055999
1690488000,7159.801716055998
1690502400,7159.101716055999
1690516800,7146.201716055999
1690531200,7149.001716055999
1690545600,7154.201716055999
1690560000,7157.301716055998
1690574400,7146.201716055999
1690588800,7154.501716055999
1690603200,7154.101716055999
1690617600,7148.651716055999
1690632000,7150.151716055999
1690646400,7179.091615068999
1690660800,7175.241615068999
1690675200,7168.591615068999
1690689600,7159.391615068999
1690704000,7178.041615068999
1690718400,7174.241615068999
1690732800,7162.541615068999
1690747200,7165.841615068999
1690761600,7162.041615068999
1690776000,7157.891615068999
1690790400,7166.241615068999
1690804800,7141.491615068999
1690819200,7143.840998178999
1690833600,7148.540998178999
1690848000,7131.9409981789995
1690862400,7136.140998178999
1690876800,7137.040998179
1690891200,7138.4409981789995
1690905600,7154.490998179
1690920000,7172.390998178999
1690934400,7157.790998178999
1690948800,7135.790998179
1690963200,7140.590998178999
1690977600,7108.1909981789995
1690992000,7100.040998178999
1691006400,7085.090998178999
1691020800,7082.8195112329995
1691035200,7081.619511233
1691049600,7078.0695112329995
1691064000,7071.869511233
1691078400,7069.419511232999
1691092800,7061.869511232999
1691107200,7069.019511232999
1691121600,7064.369511233
1691136000,7070.419511232999
1691150400,7083.9772610929995
1691164800,7065.577261093
1691179200,7064.4772610929995
1691193600,7045.077261093
1691208000,7034.9772610929995
1691222400,7045.627261092999
1691236800,7035.327261093
1691251200,7048.277261093
1691265600,7054.627261092999
1691280000,7089.7272610929995
1691294400,7093.327261092999
1691308800,7116.427261092999
1691323200,7181.877261092999
1691337600,7151.627261093
1691352000,7180.2272610929995
1691366400,7153.877261092999
1691380800,7127.388886812999
1691395200,7126.488886812999
1691409600,7102.942069812999
1691424000,7102.942069812999
1691438400,7105.942069812999
1691452800,7104.292069812999
1691467200,7112.392069812999
1691481600,7119.242069812999
1691496000,7081.242069813
1691510400,7044.3420698129985
1691524800,7017.392069812999
1691539200,7025.042069812999
1691553600,7006.642069812999
1691568000,7014.392069812999
1691582400,6950.997741536999
1691596800,6940.947741536999
1691611200,6959.847741536999
1691625600,6950.247741536999
1691640000,6940.4977415369995
1691654400,6948.447741536999
1691668800,6938.997741536999
1691683200,6929.415849536999
1691697600,6922.515849536999
1691712000,6913.515849536999
1691726400,6917.865849536999
1691740800,6915.315849536999
1691755200,6900.765849536999
1691769600,6902.865849536999
1691784000,6907.515849536999
1691798400,6895.815849536999
1691812800,6904.065849536999
1691827200,6915.015849536999
1691841600,6909.165849536999
1691856000,6909.015849536999
1691870400,6900.236777111999
1691884800,6900.236777111999
1691899200,6900.236777111999
1691913600,6900.236777111999
1691928000,6900.236777111999
1691942400,6900.236777111999
1691956800,6900.236777111999
1691971200,6900.236777111999
1691985600,6900.236777111999
1692000000,6900.236777111999
1692014400,6900.236777111999
1692028800,6900.236777111999
1692043200,6900.236777111999
1692057600,6900.236777111999
1692072000,6900.236777111999
1692086400,6906.836777111999
1692100800,6912.8867771119985
1692115200,7037.736777111999
1692129600,6994.836777111999
1692144000,7006.936777111999
1692158400,7036.086777111998
1692172800,7121.336777111998
1692187200,7090.986777111999
1692201600,7092.036777111999
1692216000,7114.436777111999
1692230400,7088.086777111999
1692244800,7095.736777111999
1692259200,7130.736777111999
1692273600,7140.786777111999
1692288000,7168.386777111999
1692302400,7495.336777111999
1692316800,7532.1367771119985
1692331200,7476.570698830503
1692345600,7488.2706988305035
1692360000,7484.970698830503
1692374400,7490.970698830503
1692388800,7520.0206988305035
1692403200,7595.0206988305035
1692417600,7627.738948270503
1692432000,7627.988948270503
1692446400,7657.688948270504
1692460800,7645.1389482705035
1692475200,7651.3889482705035
1692489600,7652.488948270503
1692504000,7665.8889482705035
1692518400,7686.238948270503
1692532800,7682.938948270504
1692547200,7687.938948270504
1692561600,7680.538948270503
1692576000,7671.3889482705035
1692590400,7667.988948270503
1692604800,7673.838948270503
1692619200,7658.988948270503
1692633600,7653.717925688504
1692648000,7648.917925688504
1692662400,7658.967925688504
1692676800,7672.017925688503
1692691200,7662.567925688503
1692705600,7620.567925688503
1692720000,7606.467925688504
1692734400,7614.417925688504
1692748800,7612.767925688503
1692763200,7607.217925688504
1692777600,7608.267925688503
1692792000,7639.467925688504
1692806400,7652.967925688504
1692820800,7657.317925688503
1692835200,7669.810125941503
1692849600,7669.810125941503
1692864000,7669.810125941503
1692878400,7669.810125941503
1692892800,7669.810125941503
1692907200,7669.810125941503
1692921600,7669.810125941503
1692936000,7669.810125941503
1692950400,7669.810125941503
1692964800,7669.810125941503
1692979200,7669.810125941503
1692993600,7669.810125941503
1693008000,7669.810125941503
1693022400,7669.810125941503
1693036800,7669.810125941503
1693051200,7669.810125941503
1693065600,7669.810125941503
1693080000,7669.810125941503
1693094400,7669.810125941503
1693108800,7669.810125941503
1693123200,7669.810125941503
1693137600,7669.810125941503
1693152000,7669.810125941503
1693166400,7669.810125941503
1693180800,7669.810125941503
1693195200,7669.810125941503
1693209600,7669.810125941503
1693224000,7669.810125941503
1693238400,7669.810125941503
1693252800,7669.810125941503
1693267200,7669.810125941503
1693281600,7669.810125941503
1693296000,7669.810125941503
1693310400,7669.810125941503
1693324800,7668.510125941503
1693339200,7672.410125941504
1693353600,7662.310125941503
1693368000,7667.710125941504
1693382400,7632.460125941504
1693396800,7591.560125941503
1693411200,7595.960125941503
1693425600,7598.460125941503
1693440000,7574.660125941504
1693454400,7589.460125941503
1693468800,7601.410125941504
1693483200,7543.410125941504
1693497600,7504.710125941503
1693512000,7504.360125941504
1693526400,7500.960125941504
1693540800,7481.010125941503
1693555200,7480.110125941504
1693569600,7451.681305205503
1693584000,7453.381305205503
1693598400,7450.481305205503
1693612800,7437.726794628502
1693627200,7437.726794628502
1693641600,7437.726794628502
1693656000,7437.726794628502
1693670400,7437.726794628502
1693684800,7437.726794628502
1693699200,7437.726794628502
1693713600,7437.726794628502
1693728000,7437.726794628502
1693742400,7437.726794628502
1693756800,7437.726794628502
1693771200,7437.726794628502
1693785600,7437.726794628502
1693800000,7437.726794628502
1693814400,7437.726794628502
1693828800,7437.726794628502
1693843200,7437.726794628502
1693857600,7437.726794628502
1693872000,7437.726794628502
1693886400,7437.726794628502
1693900800,7437.726794628502
1693915200,7437.726794628502
1693929600,7437.726794628502
1693944000,7437.726794628502
1693958400,7437.726794628502
1693972800,7437.726794628502
1693987200,7437.726794628502
1694001600,7437.726794628502
1694016000,7437.726794628502
1694030400,7437.726794628502
1694044800,7437.726794628502
1694059200,7437.726794628502
1694073600,7437.726794628502
1694088000,7437.726794628502
1694102400,7434.976794628502
1694116800,7449.776794628502
1694131200,7445.976794628502
1694145600,7444.826794628502
1694160000,7437.176794628502
1694174400,7447.626794628502
1694188800,7448.976794628502
1694203200,7456.776794628502
1694217600,7466.876794628502
1694232000,7472.576794628502
1694246400,7485.476794628502
1694260800,7475.526794628502
1694275200,7479.576794628502
1694289600,7479.876794628502
1694304000,7472.526794628502
1694318400,7474.576794628502
1694332800,7476.776794628502
1694347200,7476.484084578003
1694361600,7476.484084578003
1694376000,7476.484084578003
1694390400,7476.484084578003
1694404800,7476.484084578003
1694419200,7476.484084578003
1694433600,7476.484084578003
1694448000,7476.484084578003
1694462400,7476.484084578003
1694476800,7476.484084578003
1694491200,7476.484084578003
1694505600,7476.484084578003
1694520000,7476.484084578003
1694534400,7476.484084578003
1694548800,7476.484084578003
1694563200,7476.484084578003
1694577600,7476.484084578003
1694592000,7476.484084578003
1694606400,7476.484084578003
1694620800,7476.484084578003
1694635200,7476.484084578003
1694649600,7476.484084578003
1694664000,7476.484084578003
1694678400,7476.484084578003
1694692800,7476.484084578003
1694707200,7476.484084578003
1694721600,7476.484084578003
1694736000,7476.484084578003
1694750400,7476.484084578003
1694764800,7476.484084578003
1694779200,7476.484084578003
1694793600,7476.484084578003
1694808000,7476.484084578003
1694822400,7476.484084578003
1694836800,7476.484084578003
1694851200,7476.484084578003
1694865600,7476.484084578003
1694880000,7476.484084578003
1694894400,7476.484084578003
1694908800,7476.484084578003
1694923200,7476.484084578003
1694937600,7476.484084578003
1694952000,7476.484084578003
1694966400,7476.484084578003
1694980800,7476.484084578003
1694995200,7476.484084578003
1695009600,7476.484084578003
1695024000,7476.484084578003
1695038400,7476.484084578003
1695052800,7476.484084578003
1695067200,7476.484084578003
1695081600,7476.484084578003
1695096000,7476.484084578003
1695110400,7476.484084578003
1695124800,7476.484084578003
1695139200,7476.484084578003
1695153600,7463.284084578003
1695168000,7446.484084578003
1695182400,7459.984084578003
1695196800,7495.3490845780025
1695211200,7501.959084578003
1695225600,7527.584084578003
1695240000,7527.254084578002
1695254400,7536.889084578003
1695268800,7598.919084578003
1695283200,7627.004084578003
1695297600,7594.909084578003
1695312000,7583.734084578003
1695326400,7570.674084578003
1695340800,7557.489084578003
1695355200,7545.259084578002
1695369600,7551.634084578003
1695384000,7583.279084578003
1695398400,7599.237430858003
1695412800,7583.032430858004
1695427200,7581.602430858003
1695441600,7569.639883056003
1695456000,7557.339883056003
1695470400,7603.5398830560025
1695484800,7583.5398830560025
1695499200,7578.339883056003
1695513600,7599.139883056002
1695528000,7606.0398830560025
1695542400,7584.239883056002
1695556800,7579.239883056002
1695571200,7630.839883056003
1695585600,7688.839883056002
1695600000,7670.639883056003
1695614400,7651.339883056003
1695628800,7706.424984176001
1695643200,7685.424984176002
1695657600,7653.024984176001
1695672000,7646.338513256002
1695686400,7657.138513256003
1695700800,7676.638513256003
1695715200,7692.838513256002
1695729600,7699.738513256003
1695744000,7665.838513256002
1695758400,7677.238513256003
1695772800,7680.238513256002
1695787200,7654.738513256002
1695801600,7649.188513256002
1695816000,7689.838513256002
1695830400,7706.188513256003
1695844800,7700.188513256003
1695859200,7703.338513256002
1695873600,7700.338513256002
1695888000,7700.938513256003
1695902400,7696.888513256003
1695916800,7710.838513256002
1695931200,7674.861105362006
1695945600,7665.561105362006
1695960000,7670.961105362006
1695974400,7658.361105362006
1695988800,7676.2111053620065
1696003200,7710.261105362006
1696017600,7693.557484962506
1696032000,7693.557484962506
1696046400,7693.557484962506
1696060800,7693.557484962506
1696075200,7693.557484962506
1696089600,7693.557484962506
1696104000,7693.557484962506
1696118400,7693.557484962506
1696132800,7681.8574849625065
1696147200,7656.057484962506
1696161600,7676.757484962506
1696176000,7698.657484962507
1696190400,7636.557484962506
1696204800,7631.352484962506
1696219200,7660.962484962506
1696233600,7653.8974849625065
1696248000,7694.487484962507
1696262400,7707.672484962506
1696276800,7690.792484962506
1696291200,7700.002484962507
1696305600,7721.347484962506
1696320000,7710.072484962507
1696334400,7719.337484962506
1696348800,7671.617484962506
1696363200,7573.8974849625065
1696377600,7580.175193442507
1696392000,7601.215193442507
1696406400,7613.050193442507
1696420800,7580.175193442507
1696435200,7592.075193442507
1696449600,7609.278200561156
1696464000,7598.693200561156
1696478400,7610.683200561157
1696492800,7605.303200561157
1696507200,7574.553200561157
1696521600,7569.426810007756
1696536000,7563.2768100077565
1696550400,7572.576810007757
1696564800,7578.160064359756
1696579200,7585.810064359756
1696593600,7584.6100643597565
1696608000,7587.160064359757
1696622400,7570.660064359756
1696636800,7574.1100643597565
1696651200,7591.210064359756
1696665600,7588.510064359756
1696680000,7584.310064359756
1696694400,7585.810064359756
1696708800,7572.460064359756
1696723200,7583.260064359756
1696737600,7596.010064359756
1696752000,7591.210064359756
1696766400,7608.310064359756
1696780800,7617.460064359756
1696795200,7606.960064359756
1696809600,7598.860064359756
1696824000,7601.8390757627585
1696838400,7601.8390757627585
1696852800,7591.239075762758
1696867200,7587.8390757627585
1696881600,7591.439075762759
1696896000,7594.939075762759
1696910400,7613.139075762759
1696924800,7604.3390757627585
1696939200,7598.539075762758
1696953600,7588.239075762759
1696968000,7589.739075762759
1696982400,7570.039075762758
1696996800,7565.239075762758
1697011200,7575.3390757627585
1697025600,7569.239075762759
1697040000,7572.8390757627585
1697054400,7567.539075762758
1697068800,7551.039075762758
1697083200,7558.639075762759
1697097600,7558.980357697758
1697112000,7580.040357697759
1697126400,7600.480357697758
1697140800,7584.340357697758
1697155200,7585.460357697759
1697169600,7564.620357697759
1697184000,7569.940357697758
1697198400,7584.440357697758
1697212800,7552.440357697758
1697227200,7524.860357697758
1697241600,7502.040357697759
1697256000,7525.2803576977585
1697270400,7521.800357697759
1697284800,7479.640357697758
1697299200,7500.860357697758
1697313600,7506.660357697759
1697328000,7513.228406383758
1697342400,7523.228406383758
1697356800,7497.308406383758
1697371200,7503.5484063837575
1697385600,7468.288406383757
1697400000,7480.308406383758
1697414400,7466.308406383759
1697428800,7391.768406383758
1697443200,7398.808406383758
1697457600,7424.710724263758
1697472000,7433.5177242637565
1697486400,7415.539724263757
1697500800,7410.847724263757
1697515200,7419.246724263758
1697529600,7428.254724263757
1697544000,7417.554724263758
1697558400,7429.630724263758
1697572800,7422.497724263757
1697587200,7422.7872357911565
1697601600,7426.750235791157
1697616000,7434.316235791157
1697630400,7412.206235791156
1697644800,7399.846235791157
1697659200,7398.810235791157
1697673600,7377.263235791157
1697688000,7417.292235791157
1697702400,7438.682235791157
1697716800,7474.873758910057
1697731200,7492.333758910057
1697745600,7482.118758910057
1697760000,7515.148758910057
1697774400,7539.868758910057
1697788800,7572.488758910058
1697803200,7565.7537589100575
1697817600,7576.898758910058
1697832000,7579.318758910057
1697846400,7567.313758910058
1697860800,7655.323758910058
1697875200,7749.703758910057
1697889600,7782.243758910057
1697904000,7790.958758910057
1697918400,7787.158758910058
1697932800,7836.032332862057
1697947200,7932.932332862057
1697961600,7887.982332862057
1697976000,7888.812332862057
1697990400,7932.052332862057
1698004800,8015.082332862056
1698019200,8092.560686936057
1698033600,8140.550686936057
1698048000,8136.740686936057
1698062400,8094.759889341057
1698076800,8131.759889341057
1698091200,8212.199889341056
1698105600,8179.314889341056
1698120000,8158.3788893410565
1698134400,8275.326889341057
1698148800,8077.626889341056
1698163200,8088.511889341056
1698177600,8121.456889341056
1698192000,8256.369889341056
1698206400,8184.9188893410565
1698220800,8284.403937095454
1698235200,8347.280937095455
1698249600,8303.351937095455
1698264000,8313.444937095455
1698278400,8341.662937095454
1698292800,8340.199937095455
1698307200,8241.729937095455
1698321600,8169.378937095455
1698336000,8204.976937095455
1698350400,8241.776627595456
1698364800,8231.546486565456
1698379200,8208.275284565456
1698393600,8208.275284565456
1698408000,8208.275284565456
1698422400,8208.275284565456
1698436800,8208.275284565456
1698451200,8208.275284565456
1698465600,8208.275284565456
1698480000,8208.275284565456
1698494400,8208.275284565456
1698508800,8208.275284565456
1698523200,8208.275284565456
1698537600,8208.275284565456
1698552000,8208.275284565456
1698566400,8208.275284565456
1698580800,8208.275284565456
1698595200,8208.275284565456
1698609600,8208.275284565456
1698624000,8208.275284565456
1698638400,8208.275284565456
1698652800,8208.275284565456
1698667200,8208.275284565456
1698681600,8208.275284565456
1698696000,8208.275284565456
1698710400,8208.275284565456
1698724800,8208.275284565456
1698739200,8208.275284565456
1698753600,8208.275284565456
1698768000,8208.275284565456
1698782400,8208.275284565456
1698796800,8208.275284565456
1698811200,8208.275284565456
1698825600,8208.275284565456
1698840000,8208.275284565456
1698854400,8208.275284565456
1698868800,8208.275284565456
1698883200,8208.275284565456
1698897600,8208.275284565456
1698912000,8208.275284565456
1698926400,8208.275284565456
1698940800,8248.715284565456
1698955200,8214.575284565455
1698969600,8174.345284565456
1698984000,8178.950284565456
1698998400,8178.245284565456
1699012800,8208.805284565457
1699027200,8192.045284565456
1699041600,8209.055284565457
1699056000,8258.560284565456
1699070400,8275.455284565456
1699084800,8272.970284565456
1699099200,8262.245284565455
1699113600,8267.190284565455
1699128000,8308.600284565457
1699142400,8328.575284565455
1699156800,8297.935284565456
1699171200,8302.610284565457
1699185600,8264.488079165452
1699200000,8271.618079165453
1699214400,8273.278079165453
1699228800,8269.877882865452
1699243200,8285.477882865453
1699257600,8292.477882865453
1699272000,8305.477882865453
1699286400,8319.277882865452
1699300800,8339.277882865452
1699315200,8340.177882865451
1699329600,8348.377882865452
1699344000,8320.177882865451
1699358400,8311.377882865452
1699372800,8377.927882865453
1699387200,8372.777882865452
1699401600,8380.927882865451
1699416000,8382.777882865452
1699430400,8431.627882865452
1699444800,8446.227882865453
1699459200,8541.127882865452
1699473600,8591.777882865452
1699488000,8628.052890322451
1699502400,8620.102890322452
1699516800,8604.802890322451
1699531200,8547.002890322452
1699545600,8454.702890322451
1699560000,8522.252890322452
1699574400,8500.01489032245
1699588800,8452.423890322452
1699603200,8497.784890322451
1699617600,8423.018246861451
1699632000,8447.771246861452
1699646400,8482.028246861451
1699660800,8451.992246861451
1699675200,8506.331246861451
1699689600,8550.98924686145
1699704000,8564.11124686145
1699718400,8579.45324686145
1699732800,8552.72924686145
1699747200,8530.661246861451
1699761600,8572.439246861451
1699776000,8566.097246861451
1699790400,8550.51524686145
1699804800,8533.286246861451
1699819200,8532.052152506752
1699833600,8509.852152506752
1699848000,8517.452762966752
1699862400,8517.452762966752
1699876800,8517.452762966752
1699891200,8517.452762966752
1699905600,8517.452762966752
1699920000,8517.452762966752
1699934400,8517.452762966752
1699948800,8517.452762966752
1699963200,8517.452762966752
1699977600,8517.452762966752
1699992000,8517.452762966752
1700006400,8517.452762966752
1700020800,8517.452762966752
1700035200,8517.452762966752
1700049600,8517.452762966752
1700064000,8517.452762966752
1700078400,8517.452762966752
1700092800,8517.452762966752
1700107200,8517.452762966752
1700121600,8517.452762966752
1700136000,8517.452762966752
1700150400,8517.452762966752
1700164800,8517.452762966752
1700179200,8517.452762966752
1700193600,8517.452762966752
1700208000,8517.452762966752
1700222400,8436.902762966753
1700236800,8487.652762966753
1700251200,8524.302762966752
1700265600,8468.702762966752
1700280000,8480.902762966753
1700294400,8481.502762966751
1700308800,8538.452762966752
1700323200,8542.452762966752
1700337600,8527.852762966751
1700352000,8484.002762966751
1700366400,8515.252762966751
1700380800,8494.902762966753
1700395200,8504.502762966751
1700409600,8541.602762966751
1700424000,8571.002762966751
1700438400,8557.052762966752
1700452800,8546.802762966752
1700467200,8523.247394466753
1700481600,8523.247394466753
1700496000,8523.247394466753
1700510400,8523.247394466753
1700524800,8523.247394466753
1700539200,8523.247394466753
1700553600,8523.247394466753
1700568000,8523.247394466753
1700582400,8523.247394466753
1700596800,8523.247394466753
1700611200,8523.247394466753
1700625600,8523.247394466753
1700640000,8523.247394466753
1700654400,8524.547394466752
1700668800,8571.497394466753
1700683200,8564.197394466753
1700697600,8536.037394466754
1700712000,8539.527394466753
1700726400,8544.108394466753
1700740800,8536.665394466752
1700755200,8477.961394466753
1700769600,8481.256394466753
1700784000,8485.177394466753
1700798400,8470.600394466752
1700812800,8525.778394466754
1700827200,8526.136394466752
1700841600,8507.827394466753
1700856000,8492.126394466753
1700870400,8501.719394466752
1700884800,8474.882394466753
1700899200,8498.360602966752
1700913600,8470.364602966752
1700928000,8479.757602966753
1700942400,8445.084246478353
1700956800,8454.174399778352
1700971200,8443.124399778353
1700985600,8389.235850778361
1701000000,8389.235850778361
1701014400,8389.235850778361
1701028800,8389.235850778361
1701043200,8389.235850778361
1701057600,8389.235850778361
1701072000,8389.235850778361
1701086400,8389.235850778361
1701100800,8389.235850778361
1701115200,8389.235850778361
1701129600,8389.235850778361
1701144000,8389.235850778361
1701158400,8389.235850778361
1701172800,8365.185850778362
1701187200,8349.585850778361
1701201600,8352.835850778361
1701216000,8343.085850778361
1701230400,8333.335850778361
1701244800,8348.285850778362
1701259200,8369.735850778361
1701273600,8361.28585077836
1701288000,8361.935850778362
1701302400,8365.835850778361
1701316800,8395.735850778361
1701331200,8384.03585077836
1701345600,8406.78585077836
1701360000,8398.335850778361
1701374400,8378.835850778361
1701388800,8351.53585077836
1701403200,8352.835850778361
1701417600,8346.349286278368
1701432000,8367.149286278369
1701446400,8340.499286278367
1701460800,8336.599286278368
1701475200,8334.649286278369
1701489600,8330.099286278368
1701504000,8331.399286278369
1701518400,8328.149286278369
1701532800,8294.349286278368
1701547200,8282.557286278368
1701561600,8298.987286278369
1701576000,8285.680286278368
1701590400,8235.549286278369
1701604800,8289.012286278368
1701619200,8281.610286278368
1701633600,8283.948286278368
1701648000,8276.278286278368
1701662400,8264.364286278369
1701676800,8357.652534477367
1701691200,8317.449534477368
1701705600,8356.105534477369
1701720000,8403.418534477367
1701734400,8400.685534477368
1701748800,8363.901534477367
1701763200,8360.902534477367
1701777600,8394.526534477367
1701792000,8499.669466757367
1701806400,8549.069466757366
1701820800,8657.269466757367
1701835200,8616.819466757366
1701849600,8601.819466757366
1701864000,8612.319466757366
1701878400,8691.119466757367
1701892800,8633.119466757367
1701907200,8641.019466757367
1701921600,8652.569466757366
1701936000,8644.184643233368
1701950400,8644.184643233368
1701964800,8644.184643233368
1701979200,8644.184643233368
1701993600,8644.184643233368
1702008000,8644.184643233368
1702022400,8644.184643233368
1702036800,8644.184643233368
1702051200,8644.184643233368
1702065600,8644.184643233368
1702080000,8644.184643233368
1702094400,8644.184643233368
1702108800,8644.184643233368
1702123200,8644.184643233368
1702137600,8644.184643233368
1702152000,8644.184643233368
1702166400,8644.184643233368
1702180800,8644.184643233368
1702195200,8644.184643233368
1702209600,8644.184643233368
1702224000,8644.184643233368
1702238400,8644.184643233368
1702252800,8644.184643233368
1702267200,8644.184643233368
1702281600,8644.184643233368
1702296000,8644.184643233368
1702310400,8644.184643233368
1702324800,8644.184643233368
1702339200,8644.184643233368
1702353600,8644.184643233368
1702368000,8787.964643233367
1702382400,8857.414643233367
1702396800,8941.964643233368
1702411200,8856.184643233368
1702425600,9170.334643233367
1702440000,9110.464643233368
1702454400,9162.324643233367
1702468800,8901.244643233367
1702483200,8711.714643233367
1702497600,8683.924643233368
1702512000,8752.504643233367
1702526400,8691.554643233367
1702540800,8479.314643233367
1702555200,8734.824643233367
1702569600,8509.194643233368
1702584000,8465.124643233368
1702598400,8564.914643233367
1702612800,8650.238608887374
1702627200,8650.238608887374
1702641600,8650.238608887374
1702656000,8650.238608887374
1702670400,8650.238608887374
1702684800,8650.238608887374
1702699200,8650.238608887374
1702713600,8650.238608887374
1702728000,8650.238608887374
1702742400,8650.238608887374
1702756800,8650.238608887374
1702771200,8650.238608887374
1702785600,8650.238608887374
1702800000,8650.238608887374
1702814400,8650.238608887374
1702828800,8650.238608887374
1702843200,8650.238608887374
1702857600,8650.238608887374
1702872000,8650.238608887374
1702886400,8650.238608887374
1702900800,8650.238608887374
1702915200,8650.238608887374
1702929600,8650.238608887374
1702944000,8650.238608887374
1702958400,8650.238608887374
1702972800,8650.238608887374
1702987200,8650.238608887374
1703001600,8650.238608887374
1703016000,8641.238608887374
1703030400,8640.638608887375
1703044800,8602.238608887374
1703059200,8616.638608887373
1703073600,8589.638608887373
1703088000,8626.238608887374
1703102400,8694.638608887375
1703116800,8700.638608887373
1703131200,8695.238608887374
1703145600,8656.838608887374
1703160000,8676.638608887373
1703174400,8650.838608887374
1703188800,8628.038608887375
1703203200,8620.838608887374
1703217600,8635.238608887374
1703232000,8587.238608887374
1703246400,8572.238608887374
1703260800,8535.348123567379
1703275200,8535.348123567379
1703289600,8535.348123567379
1703304000,8535.348123567379
1703318400,8535.348123567379
1703332800,8535.348123567379
1703347200,8535.348123567379
1703361600,8535.348123567379
1703376000,8535.348123567379
1703390400,8535.348123567379
1703404800,8535.348123567379
1703419200,8535.348123567379
1703433600,8535.348123567379
1703448000,8535.348123567379
1703462400,8535.348123567379
1703476800,8535.348123567379
1703491200,8535.348123567379
1703505600,8535.348123567379
1703520000,8535.348123567379
1703534400,8535.348123567379
1703548800,8535.348123567379
1703563200,8535.348123567379
1703577600,8535.348123567379
1703592000,8535.348123567379
1703606400,8535.348123567379
1703620800,8535.348123567379
1703635200,8535.348123567379
1703649600,8535.348123567379
1703664000,8535.348123567379
1703678400,8535.348123567379
1703692800,8535.348123567379
1703707200,8535.348123567379
1703721600,8535.348123567379
1703736000,8535.348123567379
1703750400,8535.348123567379
1703764800,8535.348123567379
1703779200,8535.348123567379
1703793600,8535.348123567379
1703808000,8535.348123567379
1703822400,8535.348123567379
1703836800,8535.348123567379
1703851200,8535.348123567379
1703865600,8535.348123567379
1703880000,8535.348123567379
1703894400,8535.348123567379
1703908800,8535.348123567379
1703923200,8535.348123567379
1703937600,8535.348123567379
1703952000,8535.348123567379
1703966400,8535.348123567379
1703980800,8535.348123567379
1703995200,8535.348123567379
1704009600,8535.348123567379
1704024000,8546.098123567379
1704038400,8545.098123567379
1704052800,8634.348123567379
1704067200,8637.098123567379
1704081600,8564.598123567379
1704096000,8544.848123567379
1704110400,8543.348123567379
1704124800,8505.348123567379
1704139200,8481.598123567379
1704153600,8442.848123567379
1704168000,8396.098123567379
1704182400,8401.348123567379
1704196800,8528.598123567379
1704211200,8562.848123567379
1704225600,8577.348123567379
1704240000,8544.348123567379
1704254400,8541.598123567379
1704268800,8640.28087457738
1704283200,8640.28087457738
1704297600,8640.28087457738
1704312000,8640.28087457738
1704326400,8640.28087457738
1704340800,8640.28087457738
1704355200,8640.28087457738
1704369600,8640.28087457738
1704384000,8703.98087457738
1704398400,8714.18087457738
1704412800,9069.63087457738
1704427200,9076.38087457738
1704441600,9210.43087457738
1704456000,9315.98087457738
1704470400,9370.28087457738
1704484800,9147.08087457738
1704499200,9376.03087457738
1704513600,9686.43087457738
1704528000,9627.63087457738
1704542400,9552.48087457738
1704556800,9654.58087457738
1704571200,9674.33087457738
1704585600,9669.88087457738
1704600000,9595.18087457738
1704614400,9679.38087457738
1704628800,9763.78965157738
1704643200,9771.060598851878
1704657600,9771.060598851878
1704672000,9771.060598851878
1704686400,9771.060598851878
1704700800,9771.060598851878
1704715200,9771.060598851878
1704729600,9771.060598851878
1704744000,9771.060598851878
1704758400,9771.060598851878
1704772800,9771.060598851878
1704787200,9771.060598851878
1704801600,9771.060598851878
1704816000,9771.060598851878
1704830400,9771.060598851878
1704844800,9771.060598851878
1704859200,9771.060598851878
1704873600,9771.060598851878
1704888000,9771.060598851878
1704902400,9771.060598851878
1704916800,9771.060598851878
1704931200,9846.930598851879
1704945600,9875.370598851878
1704960000,9661.440598851877
1704974400,9826.81559885188
1704988800,9801.885598851879
1705003200,9903.195598851878
1705017600,10035.240598851879
1705032000,9985.58559885188
1705046400,10016.595598851878
1705060800,10291.40559885188
1705075200,10397.465598851879
1705089600,10607.960598851878
1705104000,10671.585598851878
1705118400,10558.730598851878
1705132800,10619.250598851879
1705147200,10536.365598851879
1705161600,10490.06559885188
1705176000,10437.541723551887
1705190400,10453.061723551888
1705204800,10420.901723551886
1705219200,10438.501723551886
1705233600,10295.291723551887
1705248000,10485.707881151886
1705262400,10605.207881151886
1705276800,10499.807881151884
1705291200,10515.207881151886
1705305600,10520.907881151885
1705320000,10670.367881151886
1705334400,10504.517881151885
1705348800,10634.137881151886
1705363200,10490.507881151885
1705377600,10432.217881151886
1705392000,10478.497881151885
1705406400,10394.697881151886
1705420800,10386.317881151885
1705435200,10319.857881151886
1705449600,10233.857881151886
1705464000,10403.927881151887
1705478400,10188.766640151896
1705492800,10196.306640151895
1705507200,10208.006640151894
1705521600,10213.686640151895
1705536000,10214.466640151895
1705550400,10197.166640151896
1705564800,10232.655268151895
1705579200,10232.655268151895
1705593600,10232.655268151895
1705608000,10232.655268151895
1705622400,10232.655268151895
1705636800,10232.655268151895
1705651200,10232.655268151895
1705665600,10232.655268151895
1705680000,10232.655268151895
1705694400,10260.845268151894
1705708800,10281.425268151894
1705723200,10370.565268151895
1705737600,10382.215268151895
1705752000,10453.335268151894
1705766400,10400.235268151895
1705780800,10336.025268151894
1705795200,10328.065268151895
1705809600,10355.735268151895
1705824000,10318.325268151895
1705838400,10363.965268151895
1705852800,10352.745268151895
1705867200,10456.275268151894
1705881600,10582.545268151896
1705896000,10620.855268151896
1705910400,10745.565268151895
1705924800,10800.665268151895
1705939200,11102.082940751905
1705953600,11102.082940751905
1705968000,11102.082940751905
1705982400,11102.082940751905
1705996800,11102.082940751905
1706011200,11102.082940751905
1706025600,11102.082940751905
1706040000,11102.082940751905
1706054400,11102.082940751905
1706068800,11102.082940751905
1706083200,11102.082940751905
1706097600,11120.622940751906
1706112000,11163.582940751905
1706126400,11119.282940751906
1706140800,11156.242940751905
1706155200,11134.642940751904
1706169600,11126.322940751905
1706184000,11213.302940751904
1706198400,11152.602940751905
1706212800,11152.482940751905
1706227200,11142.622940751906
1706241600,11194.542940751904
1706256000,11082.302940751904
1706270400,11075.282940751906
1706284800,11073.942940751906
1706299200,11055.082940751905
1706313600,11041.802940751904
1706328000,11072.922940751903
1706342400,11061.301167630705
1706356800,11052.461167630705
1706371200,11047.041167630705
1706385600,11057.061167630705
1706400000,11019.061167630705
1706414400,11027.361167630705
1706428800,11030.661167630706
1706443200,11052.721167630705
1706457600,11084.861167630705
1706472000,11079.041167630705
1706486400,11049.081167630704
1706500800,11074.041167630705
1706515200,11063.281167630705
1706529600,11041.061167630705
1706544000,11006.241167630706
1706558400,10958.001167630704
1706572800,10970.341167630706
1706587200,10974.501167630704
1706601600,10966.954808332905
1706616000,10966.954808332905
1706630400,10966.954808332905
1706644800,10966.954808332905
1706659200,10966.954808332905
1706673600,10966.954808332905
1706688000,10966.954808332905
1706702400,10966.954808332905
1706716800,10966.954808332905
1706731200,10966.954808332905
1706745600,10966.954808332905
1706760000,10966.954808332905
1706774400,10966.954808332905
1706788800,10966.954808332905
1706803200,10966.954808332905
1706817600,10966.954808332905
1706832000,10966.954808332905
1706846400,10966.954808332905
1706860800,10966.954808332905
1706875200,10966.954808332905
1706889600,10966.954808332905
1706904000,10966.954808332905
1706918400,10966.954808332905
1706932800,10966.954808332905
1706947200,10966.954808332905
1706961600,10966.954808332905
1706976000,10966.954808332905
1706990400,10966.954808332905
1707004800,10966.954808332905
1707019200,10966.954808332905
1707033600,10966.954808332905
1707048000,10966.954808332905
1707062400,10966.954808332905
1707076800,10966.954808332905
1707091200,10966.954808332905
1707105600,10966.954808332905
1707120000,10966.954808332905
1707134400,10966.954808332905
1707148800,10966.954808332905
1707163200,10966.954808332905
1707177600,10966.954808332905
1707192000,10966.954808332905
1707206400,10966.954808332905
1707220800,10966.954808332905
1707235200,10962.604808332904
1707249600,10949.454808332905
1707264000,10949.554808332905
1707278400,10954.254808332904
1707292800,10949.104808332904
1707307200,10955.904808332905
1707321600,10957.754808332904
1707336000,10988.854808332904
1707350400,10999.404808332905
1707364800,11033.104808332904
1707379200,11006.554808332905
1707393600,10998.904808332905
1707408000,10971.104808332904
1707422400,10961.404808332905
1707436800,10965.854808332904
1707451200,10980.304808332905
1707465600,10997.454808332905
1707480000,11013.127837593405
1707494400,11011.127837593405
1707508800,11035.727837593406
1707523200,11046.127837593405
1707537600,11020.327837593406
1707552000,11016.727837593406
1707566400,11017.327837593406
1707580800,11022.197949713405
1707595200,11022.197949713405
1707609600,11022.197949713405
1707624000,11022.197949713405
1707638400,11022.197949713405
1707652800,11022.197949713405
1707667200,11022.197949713405
1707681600,11022.197949713405
1707696000,11022.197949713405
1707710400,11022.197949713405
1707724800,11022.197949713405
1707739200,11022.197949713405
1707753600,11022.197949713405
1707768000,11042.347949713405
1707782400,11022.197949713405
1707796800,11017.947949713405
1707811200,11029.247949713405
1707825600,10988.747949713405
1707840000,10984.947949713405
1707854400,10991.897949713406
1707868800,10982.297949713406
1707883200,10986.947949713405
1707897600,11039.047949713406
1707912000,11026.197949713405
1707926400,11031.097949713405
1707940800,11043.447949713405
1707955200,11041.147949713404
1707969600,11019.247949713405
1707984000,10989.997949713405
1707998400,10980.847949713405
1708012800,10993.029259356405
1708027200,10993.029259356405
1708041600,10993.029259356405
1708056000,10993.029259356405
1708070400,10993.029259356405
1708084800,10993.029259356405
1708099200,10993.029259356405
1708113600,10993.029259356405
1708128000,10993.029259356405
1708142400,10993.029259356405
1708156800,10993.029259356405
1708171200,10993.029259356405
1708185600,10993.029259356405
1708200000,10993.029259356405
1708214400,10993.029259356405
1708228800,10993.029259356405
1708243200,10993.029259356405
1708257600,10993.029259356405
1708272000,10993.029259356405
1708286400,10993.029259356405
1708300800,10993.029259356405
1708315200,10993.029259356405
1708329600,10993.029259356405
1708344000,10993.029259356405
1708358400,10993.029259356405
1708372800,10993.029259356405
1708387200,10993.029259356405
1708401600,10993.029259356405
1708416000,10993.029259356405
1708430400,10993.029259356405
1708444800,10993.029259356405
1708459200,10993.029259356405
1708473600,10993.029259356405
1708488000,10993.029259356405
1708502400,10993.029259356405
1708516800,10993.029259356405
1708531200,10993.029259356405
1708545600,10993.029259356405
1708560000,10993.029259356405
1708574400,10993.029259356405
1708588800,10993.029259356405
1708603200,10993.029259356405
1708617600,10993.029259356405
1708632000,10993.029259356405
1708646400,10993.029259356405
1708660800,10993.029259356405
1708675200,10993.029259356405
1708689600,10993.029259356405
1708704000,10993.029259356405
1708718400,10993.029259356405
1708732800,10993.029259356405
1708747200,10993.029259356405
1708761600,10993.029259356405
1708776000,10993.029259356405
1708790400,10993.029259356405
1708804800,10993.029259356405
1708819200,10993.029259356405
1708833600,10993.029259356405
1708848000,10993.029259356405
1708862400,10993.029259356405
1708876800,10993.029259356405
1708891200,10993.029259356405
1708905600,10993.029259356405
1708920000,10993.029259356405
1708934400,10993.029259356405
1708948800,10993.029259356405
1708963200,10993.029259356405
1708977600,10993.029259356405
1708992000,11014.794259356404
1709006400,11020.028259356404
1709020800,11049.311259356406
1709035200,11039.613259356403
1709049600,11062.877259356404
1709064000,11052.223259356404
1709078400,11053.359259356404
1709092800,11107.458259356405
1709107200,11117.951259356405
1709121600,11183.393259356404
1709136000,11160.014259356405
1709150400,11231.536259356404
1709164800,11226.750259356404
1709179200,11279.263259356405
1709193600,11308.914259356405
1709208000,11279.635259356404
1709222400,11226.014259356405
1709236800,11176.046416065405
1709251200,11169.948235595644
1709265600,11169.948235595644
1709280000,11169.948235595644
1709294400,11169.948235595644
1709308800,11169.948235595644
1709323200,11169.948235595644
1709337600,11169.948235595644
1709352000,11169.948235595644
1709366400,11169.948235595644
1709380800,11169.948235595644
1709395200,11169.948235595644
1709409600,11169.948235595644
1709424000,11169.948235595644
1709438400,11169.948235595644
1709452800,11169.948235595644
1709467200,11169.948235595644
1709481600,11169.948235595644
1709496000,11169.948235595644
1709510400,11169.948235595644
1709524800,11169.948235595644
1709539200,11169.948235595644
1709553600,11169.948235595644
1709568000,11169.948235595644
1709582400,11169.948235595644
1709596800,11169.948235595644
1709611200,11169.948235595644
1709625600,11169.948235595644
1709640000,11169.948235595644
1709654400,11169.948235595644
1709668800,11169.948235595644
1709683200,11169.948235595644
1709697600,11169.948235595644
1709712000,11168.448235595644
1709726400,11130.198235595644
1709740800,11161.948235595644
1709755200,11163.198235595644
1709769600,11201.448235595644
1709784000,11195.948235595644
1709798400,11187.948235595644
1709812800,11196.948235595644
1709827200,11214.198235595644
1709841600,11201.198235595644
1709856000,11203.698235595644
1709870400,11185.698235595644
1709884800,11203.948235595644
1709899200,11167.698235595644
1709913600,11182.448235595644
1709928000,11182.198235595644
1709942400,11197.448235595644
1709956800,11196.876818358143
1709971200,11196.876818358143
1709985600,11196.876818358143
1710000000,11196.876818358143
1710014400,11196.876818358143
1710028800,11196.876818358143
1710043200,11196.876818358143
1710057600,11196.876818358143
1710072000,11196.876818358143
1710086400,11196.876818358143
1710100800,11196.876818358143
1710115200,11196.876818358143
1710129600,11196.876818358143
1710144000,11196.876818358143
1710158400,11196.876818358143
1710172800,11196.876818358143
1710187200,11196.876818358143
1710201600,11196.876818358143
1710216000,11196.876818358143
1710230400,11196.876818358143
1710244800,11196.876818358143
1710259200,11196.876818358143
1710273600,11196.876818358143
1710288000,11196.876818358143
1710302400,11196.876818358143
1710316800,11196.876818358143
1710331200,11196.876818358143
1710345600,11196.876818358143
1710360000,11196.876818358143
1710374400,11196.876818358143
1710388800,11196.876818358143
1710403200,11196.876818358143
1710417600,11196.876818358143
1710432000,11196.876818358143
1710446400,11196.876818358143
1710460800,11196.876818358143
1710475200,11196.876818358143
1710489600,11196.876818358143
1710504000,11196.876818358143
1710518400,11196.876818358143
1710532800,11196.876818358143
1710547200,11196.876818358143
1710561600,11196.876818358143
1710576000,11196.876818358143
1710590400,11196.876818358143
1710604800,11196.876818358143
1710619200,11196.876818358143
1710633600,11196.876818358143
1710648000,11196.876818358143
1710662400,11196.876818358143
1710676800,11196.876818358143
1710691200,11196.876818358143
1710705600,11196.876818358143
1710720000,11196.876818358143
1710734400,11196.876818358143
1710748800,11196.876818358143
1710763200,11196.876818358143
1710777600,11196.876818358143
1710792000,11196.876818358143
1710806400,11196.876818358143
1710820800,11196.876818358143
1710835200,11196.876818358143
1710849600,11196.876818358143
1710864000,11196.876818358143
1710878400,11196.876818358143
1710892800,11196.876818358143
1710907200,11196.876818358143
1710921600,11196.876818358143
1710936000,11196.876818358143
1710950400,11196.876818358143
1710964800,11196.876818358143
1710979200,11196.876818358143
1710993600,11196.876818358143
1711008000,11196.876818358143
1711022400,11196.876818358143
1711036800,11196.876818358143
1711051200,11196.876818358143
1711065600,11196.876818358143
1711080000,11196.876818358143
1711094400,11196.876818358143
1711108800,11196.876818358143
1711123200,11196.876818358143
1711137600,11196.876818358143
1711152000,11196.876818358143
1711166400,11196.876818358143
1711180800,11196.876818358143
1711195200,11196.876818358143
1711209600,11196.876818358143
1711224000,11196.876818358143
1711238400,11196.876818358143
1711252800,11196.876818358143
1711267200,11196.876818358143
1711281600,11196.876818358143
1711296000,11196.876818358143
1711310400,11196.876818358143
1711324800,11196.876818358143
1711339200,11196.876818358143
1711353600,11196.876818358143
1711368000,11196.876818358143
1711382400,11196.876818358143
1711396800,11196.876818358143
1711411200,11196.876818358143
1711425600,11196.876818358143
1711440000,11196.876818358143
1711454400,11196.876818358143
1711468800,11196.876818358143
1711483200,11196.876818358143
1711497600,11196.876818358143
1711512000,11196.876818358143
1711526400,11196.876818358143
1711540800,11196.876818358143
1711555200,11196.876818358143
1711569600,11196.876818358143
1711584000,11196.876818358143
1711598400,11196.876818358143
1711612800,11196.876818358143
1711627200,11196.876818358143
1711641600,11196.876818358143
1711656000,11196.876818358143
1711670400,11196.876818358143
1711684800,11196.876818358143
1711699200,11196.876818358143
1711713600,11196.876818358143
1711728000,11196.876818358143
1711742400,11196.876818358143
1711756800,11196.876818358143
1711771200,11196.876818358143
1711785600,11196.876818358143
1711800000,11196.876818358143
1711814400,11196.876818358143
1711828800,11196.876818358143
1711843200,11196.876818358143
1711857600,11196.876818358143
1711872000,11196.876818358143
1711886400,11196.876818358143
1711900800,11196.876818358143
1711915200,11196.876818358143
1711929600,11196.876818358143
1711944000,11196.876818358143
1711958400,11196.876818358143
1711972800,11196.876818358143
1711987200,11196.876818358143
1712001600,11196.876818358143
1712016000,11196.876818358143
1712030400,11196.876818358143
1712044800,11196.876818358143
1712059200,11196.876818358143
1712073600,11196.876818358143
1712088000,11196.876818358143
1712102400,11196.876818358143
1712116800,11196.876818358143
1712131200,11196.876818358143
1712145600,11196.876818358143
1712160000,11219.331818358143
1712174400,11223.096818358143
1712188800,11278.506818358144
1712203200,11205.831818358143
1712217600,11179.461818358144
1712232000,11143.866818358143
1712246400,11141.271818358142
1712260800,11198.556818358144
1712275200,11228.031818358144
1712289600,11259.261818358144
1712304000,11324.781818358144
1712318400,11200.251818358143
1712332800,11209.341818358143
1712347200,11213.541818358144
1712361600,11193.141818358143
1712376000,11170.111818358144
1712390400,11165.096818358143
1712404800,11183.414852812744
1712419200,11154.254852812745
1712433600,11168.394852812744
1712448000,11153.214852812744
1712462400,11132.614852812743
1712476800,11137.734852812744
1712491200,11146.814852812744
1712505600,11140.894852812744
1712520000,11149.974852812744
1712534400,11163.214852812744
1712548800,11161.714852812744
1712563200,11200.334852812744
1712577600,11142.734852812744
1712592000,11146.574852812744
1712606400,11142.994852812744
1712620800,11187.382659212744
1712635200,11248.582659212743
1712649600,11211.082659212743
1712664000,11306.182659212744
1712678400,11284.882659212743
1712692800,11350.562659212743
1712707200,11242.142659212743
1712721600,11237.182659212744
1712736000,11222.902659212743
1712750400,11290.222659212743
1712764800,11254.982659212743
1712779200,11210.862659212744
1712793600,11137.687659212745
1712808000,11107.027659212745
1712822400,11273.667659212742
1712836800,11286.152659212743
1712851200,11210.607659212745
1712865600,11207.863814616743
1712880000,11161.588814616742
1712894400,11207.223814616744
1712908800,11157.628814616743
1712923200,11394.418814616742
1712937600,12255.674592616742
1712952000,12049.694592616743
1712966400,12093.454592616743
1712980800,12001.419592616743
1712995200,11998.559592616743
1713009600,12050.364592616743
1713024000,12535.425383996742
1713038400,12503.625383996743
1713052800,12388.325383996742
1713067200,12543.075383996742
1713081600,12447.075383996742
1713096000,12467.875383996743
1713110400,12462.975383996743
1713124800,12568.325383996742
1713139200,12507.268023061742
1713153600,12765.868023061741
1713168000,12678.768023061742
1713182400,12485.318023061742
1713196800,12483.318023061742
1713211200,12509.975210548742
1713225600,12419.375210548742
1713240000,12516.07521054874
1713254400,12454.825210548743
1713268800,12192.175210548741
1713283200,12356.925210548743
1713297600,12471.684456541241
1713312000,12476.784456541242
1713326400,12468.584456541243
1713340800,12399.534456541242
1713355200,12264.934456541241
1713369600,12365.984456541242
1713384000,12327.784456541242
1713398400,12384.784456541242
1713412800,12266.384456541242
1713427200,12409.384456541242
1713441600,12430.984456541242
1713456000,12426.534456541242
1713470400,12438.634456541242
1713484800,12274.184456541241
1713499200,12468.008899392242
1713513600,12502.708899392243
1713528000,12498.908899392243
1713542400,12507.208899392243
1713556800,12485.977364936241
1713571200,12533.577364936242
1713585600,12572.927364936242
1713600000,12529.077364936242
1713614400,12629.027364936243
1713628800,12685.427364936242
1713643200,12731.027364936243
1713657600,12720.127364936243
1713672000,12714.777364936243
1713686400,12672.877364936241
1713700800,12657.977364936241
1713715200,12622.727364936241
1713729600,12637.18598201324
1713744000,12684.08598201324
1713758400,12702.41567443424
1713772800,12702.41567443424
1713787200,12702.41567443424
1713801600,12702.41567443424
1713816000,12702.41567443424
1713830400,12702.41567443424
1713844800,12702.41567443424
1713859200,12702.41567443424
1713873600,12702.41567443424
1713888000,12702.41567443424
1713902400,12702.41567443424
1713916800,12702.41567443424
1713931200,12702.41567443424
1713945600,12702.41567443424
1713960000,12702.41567443424
1713974400,12702.41567443424
1713988800,12702.41567443424
1714003200,12702.41567443424
1714017600,12702.41567443424
1714032000,12702.41567443424
1714046400,12791.81567443424
1714060800,12761.21567443424
1714075200,12782.81567443424
1714089600,12756.56567443424
1714104000,12730.31567443424
1714118400,12675.26567443424
1714132800,12650.96567443424
1714147200,12663.26567443424
1714161600,12655.31567443424
1714176000,12619.31567443424
1714190400,12619.46567443424
1714204800,12595.61567443424
1714219200,12561.71567443424
1714233600,12608.51567443424
1714248000,12587.36567443424
1714262400,12596.21567443424
1714276800,12592.01567443424
1714291200,12552.29672103824
1714305600,12552.29672103824
1714320000,12552.29672103824
1714334400,12552.29672103824
1714348800,12552.29672103824
1714363200,12552.29672103824
1714377600,12552.29672103824
1714392000,12552.29672103824
1714406400,12552.29672103824
1714420800,12552.29672103824
1714435200,12552.29672103824
1714449600,12552.29672103824
1714464000,12552.29672103824
1714478400,12552.29672103824
1714492800,12552.29672103824
1714507200,12552.29672103824
1714521600,12552.29672103824
1714536000,12552.29672103824
1714550400,12552.29672103824
1714564800,12552.29672103824
1714579200,12552.29672103824
1714593600,12511.196721038239
1714608000,12466.196721038239
1714622400,12483.596721038239
1714636800,12493.196721038239
1714651200,12439.75672103824
1714665600,12421.07672103824
1714680000,12462.64672103824
1714694400,12479.88672103824
1714708800,12527.69672103824
1714723200,12472.026721038239
1714737600,12373.82360209024
1714752000,12453.223602090242
1714766400,12421.99360209024
1714780800,12418.553602090242
1714795200,12406.313602090242
1714809600,12417.303602090242
1714824000,12416.92360209024
1714838400,12426.59006439924
1714852800,12413.15006439924
1714867200,12399.180064399241
1714881600,12412.63006439924
1714896000,12421.867007561741
1714910400,12437.617007561741
1714924800,12441.217007561741
1714939200,12437.317007561742
1714953600,12497.917007561742
1714968000,12620.467007561741
1714982400,12572.017007561743
1714996800,12507.517007561743
1715011200,12486.967007561741
1715025600,12489.217007561741
1715040000,12464.767007561743
1715054400,12465.367007561741
1715068800,12457.417007561742
1715083200,12463.117007561741
1715097600,12440.917007561742
1715112000,12397.761199745742
1715126400,12397.761199745742
1715140800,12397.761199745742
1715155200,12397.761199745742
1715169600,12397.761199745742
1715184000,12397.761199745742
1715198400,12397.761199745742
1715212800,12397.761199745742
1715227200,12397.761199745742
1715241600,12397.761199745742
1715256000,12397.761199745742
1715270400,12397.761199745742
1715284800,12397.761199745742
1715299200,12397.761199745742
1715313600,12397.761199745742
1715328000,12397.761199745742
1715342400,12397.761199745742
1715356800,12397.761199745742
1715371200,12397.761199745742
1715385600,12397.761199745742
1715400000,12397.761199745742
1715414400,12397.761199745742
1715428800,12397.761199745742
1715443200,12397.761199745742
1715457600,12397.761199745742
1715472000,12397.761199745742
1715486400,12397.761199745742
1715500800,12397.761199745742
1715515200,12397.761199745742
1715529600,12397.761199745742
1715544000,12397.761199745742
1715558400,12397.761199745742
1715572800,12397.761199745742
1715587200,12397.761199745742
1715601600,12397.761199745742
1715616000,12376.761199745742
1715630400,12364.761199745742
1715644800,12341.361199745743
1715659200,12348.361199745743
1715673600,12347.761199745742
1715688000,12343.161199745742
1715702400,12331.961199745743
1715716800,12317.161199745742
1715731200,12334.961199745743
1715745600,12342.361199745743
1715760000,12326.161199745742
1715774400,12433.161199745742
1715788800,12480.661199745742
1715803200,12489.261199745742
1715817600,12523.461199745743
1715832000,12504.761199745742
1715846400,12489.761199745742
1715860800,12427.115316595742
1715875200,12411.215316595742
1715889600,12409.015316595742
1715904000,12417.615316595742
1715918400,12449.515316595742
1715932800,12433.315316595743
1715947200,12468.215316595742
1715961600,12452.615316595742
1715976000,12467.615316595742
1715990400,12474.215316595742
1716004800,12457.715316595742
1716019200,12470.377185393741
1716033600,12496.877185393741
1716048000,12479.277185393741
1716062400,12483.977185393742
1716076800,12497.377185393741
1716091200,12517.977185393742
1716105600,12515.57718539374
1716120000,12547.877185393741
1716134400,12520.577185393742
1716148800,12507.07718539374
1716163200,12543.977185393742
1716177600,12520.377185393741
1716192000,12521.777185393741
1716206400,12499.877185393741
1716220800,12558.17718539374
1716235200,12577.877185393741
1716249600,12546.077185393742
1716264000,12547.577185393742
1716278400,12542.728858369741
1716292800,12510.428858369742
1716307200,12501.648858369741
1716321600,12537.10885836974
1716336000,12549.918858369741
1716350400,12550.53885836974
1716364800,12519.358858369742
1716379200,12550.59885836974
1716393600,12499.38885836974
1716408000,12487.30885836974
1716422400,12514.45885836974
1716436800,12523.408858369741
1716451200,12508.38885836974
1716465600,12370.55885836974
1716480000,12325.928858369742
1716494400,12500.078858369741
1716508800,12565.068858369741
1716523200,12408.158858369741
1716537600,12508.852233369742
1716552000,12490.248985769738
1716566400,12516.648985769738
1716580800,12521.148985769738
1716595200,12628.848985769739
1716609600,12622.998985769738
1716624000,12651.348985769739
1716638400,12628.398985769738
1716652800,12626.448985769739
1716667200,12615.198985769739
1716681600,12608.598985769739
1716696000,12604.848985769739
1716710400,12636.568611269739
1716724800,12633.118611269738
1716739200,12630.718611269738
1716753600,12630.868611269738
1716768000,12641.218611269738
1716782400,12621.868611269738
1716796800,12631.318611269739
1716811200,12657.186670909237
1716825600,12657.186670909237
1716840000,12657.186670909237
1716854400,12657.186670909237
1716868800,12656.586670909237
1716883200,12639.936670909237
1716897600,12632.136670909238
1716912000,12644.886670909238
1716926400,12652.536670909238
1716940800,12624.186670909237
1716955200,12610.686670909237
1716969600,12670.236670909238
1716984000,12645.486670909237
1716998400,12595.236670909237
1717012800,12605.136670909238
1717027200,12656.186670909237
1717041600,12582.736670909237
1717056000,12548.536670909238
1717070400,12587.836670909237
1717084800,12585.286670909238
1717099200,12540.036670909238
1717113600,12537.893914909237
1717128000,12534.593914909237
1717142400,12551.293914909238
1717156800,12503.493914909237
1717171200,12567.238140854237
1717185600,12567.238140854237
1717200000,12567.238140854237
1717214400,12567.238140854237
1717228800,12567.238140854237
1717243200,12567.238140854237
1717257600,12567.238140854237
1717272000,12567.238140854237
1717286400,12567.238140854237
1717300800,12567.238140854237
1717315200,12567.238140854237
1717329600,12567.238140854237
1717344000,12567.238140854237
1717358400,12567.238140854237
1717372800,12567.238140854237
1717387200,12567.238140854237
1717401600,12567.238140854237
1717416000,12567.238140854237
1717430400,12567.238140854237
1717444800,12567.238140854237
1717459200,12567.238140854237
1717473600,12567.238140854237
1717488000,12567.238140854237
1717502400,12567.238140854237
1717516800,12567.238140854237
1717531200,12567.238140854237
1717545600,12567.238140854237
1717560000,12567.238140854237
1717574400,12567.238140854237
1717588800,12567.238140854237
1717603200,12567.238140854237
1717617600,12567.238140854237
1717632000,12567.238140854237
1717646400,12567.238140854237
1717660800,12567.238140854237
1717675200,12567.238140854237
1717689600,12567.238140854237
1717704000,12567.238140854237
1717718400,12567.238140854237
1717732800,12567.238140854237
1717747200,12567.238140854237
1717761600,12567.238140854237
1717776000,12567.238140854237
1717790400,12571.588140854237
1717804800,12578.338140854237
1717819200,12582.188140854236
1717833600,12466.038140854236
1717848000,12458.938140854238
1717862400,12436.588140854237
1717876800,12447.488140854237
1717891200,12459.338140854237
1717905600,12469.638140854237
1717920000,12463.688140854238
1717934400,12472.338140854237
1717948800,12521.538140854236
1717963200,12548.088140854237
1717977600,12533.088140854237
1717992000,12429.888140854237
1718006400,12489.388140854237
1718020800,12550.238140854237
1718035200,12471.828342854238
1718049600,12467.994577354233
1718064000,12467.994577354233
1718078400,12467.994577354233
1718092800,12467.994577354233
1718107200,12467.994577354233
1718121600,12467.994577354233
1718136000,12467.994577354233
1718150400,12467.994577354233
1718164800,12467.994577354233
1718179200,12467.994577354233
1718193600,12467.994577354233
1718208000,12467.994577354233
1718222400,12467.994577354233
1718236800,12467.994577354233
1718251200,12467.994577354233
1718265600,12467.994577354233
1718280000,12467.994577354233
1718294400,12467.994577354233
1718308800,12467.994577354233
1718323200,12467.994577354233
1718337600,12467.994577354233
1718352000,12467.994577354233
1718366400,12467.994577354233
1718380800,12467.994577354233
1718395200,12467.994577354233
1718409600,12467.994577354233
1718424000,12467.994577354233
1718438400,12467.994577354233
1718452800,12467.994577354233
1718467200,12467.994577354233
1718481600,12467.994577354233
1718496000,12467.994577354233
1718510400,12467.994577354233
1718524800,12467.994577354233
1718539200,12467.994577354233
1718553600,12467.994577354233
1718568000,12467.994577354233
1718582400,12467.994577354233
1718596800,12467.994577354233
1718611200,12467.994577354233
1718625600,12467.994577354233
1718640000,12467.994577354233
1718654400,12467.994577354233
1718668800,12467.994577354233
1718683200,12467.994577354233
1718697600,12467.994577354233
1718712000,12467.994577354233
1718726400,12467.994577354233
1718740800,12494.694577354234
1718755200,12546.594577354233
1718769600,12543.144577354233
1718784000,12519.144577354233
1718798400,12493.794577354232
1718812800,12505.527577354233
1718827200,12495.120577354233
1718841600,12479.154577354233
1718856000,12465.318577354234
1718870400,12445.494577354233
1718884800,12509.898577354234
1718899200,12519.033577354234
1718913600,12533.034577354232
1718928000,12557.838577354232
1718942400,12577.998577354232
1718956800,12632.199577354233
1718971200,12609.273577354234
1718985600,12584.617664314232
1719000000,12592.132664314231
1719014400,12576.544664314231
1719028800,12559.183664314232
1719043200,12581.242664314232
1719057600,12578.625103126233
1719072000,12579.750103126233
1719086400,12582.531103126232
1719100800,12569.121103126234
1719115200,12569.031103126232
1719129600,12576.168103126234
1719144000,12597.669103126233
1719158400,12592.548103126233
1719172800,12676.590103126233
1719187200,12708.522103126234
1719201600,12745.107103126233
1719216000,12850.974103126233
1719230400,12890.043103126232
1719244800,13027.608103126233
1719259200,12939.507103126234
1719273600,12849.732103126233
1719288000,12904.659103126232
1719302400,12858.768103126233
1719316800,12805.302678790415
1719331200,12787.112678790414
1719345600,12805.122678790414
1719360000,12791.862678790414
1719374400,12811.172678790414
1719388800,12836.382678790415
1719403200,12835.182678790414
1719417600,12919.202678790414
1719432000,12958.092678790414
1719446400,12921.192678790416
1719460800,12930.462678790414
1719475200,12923.852678790414
1719489600,12825.252678790413
1719504000,12847.912678790415
1719518400,12855.302678790415
1719532800,12848.002678790415
1719547200,12921.512678790414
1719561600,12905.552678790415
1719576000,12961.010742790413
1719590400,12950.210742790412
1719604800,12924.210742790412
1719619200,12969.067292350413
1719633600,12969.067292350413
1719648000,12969.067292350413
1719662400,12969.067292350413
1719676800,12974.207292350413
1719691200,12981.617292350413
1719705600,12990.037292350415
1719720000,12926.497292350414
1719734400,12924.297292350413
1719748800,12907.617292350413
1719763200,12878.177292350414
1719777600,12803.257292350414
1719792000,12738.217292350413
1719806400,12753.307292350413
1719820800,12814.067292350413
1719835200,12767.867292350413
1719849600,12759.097292350414
1719864000,12791.497292350414
1719878400,12768.287292350413
1719892800,12818.067292350413
1719907200,12797.527292350413
1719921600,12887.795895450414
1719936000,12887.795895450414
1719950400,12887.795895450414
1719964800,12887.795895450414
1719979200,12887.795895450414
1719993600,12887.795895450414
1720008000,12887.795895450414
1720022400,12887.795895450414
1720036800,12887.795895450414
1720051200,12887.795895450414
1720065600,12887.795895450414
1720080000,12887.795895450414
1720094400,12887.795895450414
1720108800,12829.195895450413
1720123200,12748.545895450414
1720137600,12475.545895450414
1720152000,12584.545895450414
1720166400,12681.695895450413
1720180800,12793.395895450414
1720195200,12840.595895450415
1720209600,12858.795895450414
1720224000,12873.145895450414
1720238400,12980.895895450414
1720252800,13044.745895450415
1720267200,13107.445895450413
1720281600,13295.695895450413
1720296000,13329.145895450414
1720310400,13240.945895450415
1720324800,13102.945895450415
1720339200,13117.595895450413
1720353600,12893.864950198413
1720368000,12904.064950198412
1720382400,12778.664950198412
1720396800,12717.164950198412
1720411200,12819.014950198412
1720425600,13062.337345366414
1720440000,12932.785001062413
1720454400,12956.755202879913
1720468800,12956.755202879913
1720483200,12956.755202879913
1720497600,12956.755202879913
1720512000,12956.755202879913
1720526400,12956.755202879913
1720540800,12956.755202879913
1720555200,12956.755202879913
1720569600,12956.755202879913
1720584000,12956.755202879913
1720598400,12956.755202879913
1720612800,12956.755202879913
1720627200,12956.755202879913
1720641600,12956.755202879913
1720656000,12956.755202879913
1720670400,12956.755202879913
1720684800,12956.755202879913
1720699200,12956.755202879913
1720713600,12956.755202879913
1720728000,12956.755202879913
1720742400,12956.755202879913
1720756800,12956.755202879913
1720771200,12956.755202879913
1720785600,12916.755202879913
1720800000,12949.955202879913
1720814400,12968.755202879913
1720828800,13039.955202879913
1720843200,13131.955202879912
1720857600,13110.355202879913
1720872000,13215.955202879913
1720886400,13313.555202879912
1720900800,13173.955202879912
1720915200,13157.785202879912
1720929600,13202.074202879912
1720944000,13211.105202879913
1720958400,13215.844202879913
1720972800,13221.294202879913
1720987200,13227.865202879912
1721001600,13342.384202879912
1721016000,13356.195202879913
1721030400,13340.76162911991
1721044800,13367.12162911991
1721059200,13438.35162911991
1721073600,13561.07262911991
1721088000,13612.64762911991
1721102400,13389.37862911991
1721116800,13461.68862911991
1721131200,13669.71162911991
1721145600,13662.30062911991
1721160000,13636.96958268391
1721174400,13643.42958268391
1721188800,13674.12958268391
1721203200,13683.438260131908
1721217600,13644.88826013191
1721232000,13643.038260131909
1721246400,13633.654047683907
1721260800,13657.115909608907
1721275200,13657.115909608907
1721289600,13657.115909608907
1721304000,13657.115909608907
1721318400,13657.115909608907
1721332800,13657.115909608907
1721347200,13654.565909608908
1721361600,13639.415909608906
1721376000,13634.665909608908
1721390400,13715.315909608908
1721404800,13771.415909608908
1721419200,13764.115909608907
1721433600,13737.465909608907
1721448000,13751.715909608907
1721462400,13723.465909608907
1721476800,13758.365909608907
1721491200,13736.665909608906
1721505600,13727.765909608906
1721520000,13737.465909608907
1721534400,13691.765909608906
1721548800,13673.265909608906
1721563200,13677.015909608906
1721577600,13677.215909608907
1721592000,13714.603828698904
1721606400,13687.003828698904
1721620800,13633.158845262904
1721635200,13659.758845262904
1721649600,13642.958845262903
1721664000,13654.958845262903
1721678400,13627.158845262904
1721692800,13640.558845262904
1721707200,13610.158845262904
1721721600,13649.758845262904
1721736000,13645.958845262905
1721750400,13637.158845262904
1721764800,13627.958845262903
1721779200,13627.558845262904
1721793600,13646.758845262904
1721808000,13690.158845262904
1721822400,13659.358845262905
1721836800,13621.758845262904
1721851200,13575.758845262904
1721865600,13488.558845262904
1721880000,13505.881594062905
1721894400,13502.281594062904
1721908800,13512.081594062904
1721923200,13507.281594062904
1721937600,13519.281594062904
1721952000,13544.281594062904
1721966400,13532.681594062904
1721980800,13532.481594062903
1721995200,13518.281594062904
1722009600,13519.8722210469
1722024000,13519.8722210469
1722038400,13519.8722210469
1722052800,13519.8722210469
1722067200,13524.072221046901
1722081600,13518.2722210469
1722096000,13546.672221046902
1722110400,13535.4722210469
1722124800,13517.1222210469
1722139200,13507.7222210469
1722153600,13516.072221046901
1722168000,13494.2222210469
1722182400,13475.8722210469
1722196800,13468.322221046901
1722211200,13548.5222210469
1722225600,13571.2722210469
1722240000,13578.3722210469
1722254400,13536.3722210469
1722268800,13551.822221046901
1722283200,13576.8722210469
1722297600,13583.0222210469
1722312000,13599.6393320349
1722326400,13634.5893320349
1722340800,13623.1893320349
1722355200,13630.915291842899
1722369600,13630.915291842899
1722384000,13630.915291842899
1722398400,13630.915291842899
1722412800,13630.915291842899
1722427200,13630.915291842899
1722441600,13630.915291842899
1722456000,13630.915291842899
1722470400,13630.915291842899
1722484800,13621.315291842899
1722499200,13625.5152918429
1722513600,13497.915291842899
1722528000,13497.5152918429
1722542400,13582.915291842899
1722556800,13545.715291842898
1722571200,13471.315291842899
1722585600,13476.215291842898
1722600000,13389.5152918429
1722614400,13393.115291842898
1722628800,13400.415291842899
1722643200,13395.5152918429
1722657600,13515.715291842898
1722672000,13518.5152918429
1722686400,13411.215291842898
1722700800,13223.5152918429
1722715200,13285.715291842898
1722729600,13231.2244051889
1722744000,13269.524405188899
1722758400,13315.236569930898
1722772800,13220.436569930898
1722787200,13174.986569930898
1722801600,13119.336569930898
1722816000,12931.986569930898
1722830400,12915.286569930899
1722844800,12792.336569930898
1722859200,13326.936569930898
1722873600,13252.536569930899
1722888000,13354.736569930898
1722902400,13614.4521852109
1722916800,13680.852185210899
1722931200,13519.852185210899
1722945600,13611.852185210899
1722960000,13627.252185210898
1722974400,13597.052185210898
1722988800,13677.4521852109
1723003200,13693.0521852109
1723017600,13732.052185210898
1723032000,13652.252185210898
1723046400,13771.652185210898
1723060800,14137.652185210898
1723075200,14257.6468119309
1723089600,14246.8468119309
1723104000,14263.1228253469
1723118400,14326.3128253469
1723132800,14281.1528253469
1723147200,14387.6128253469
1723161600,14325.2857762509
1723176000,14286.3757762509
1723190400,14282.2957762509
1723204800,14179.4257762509
1723219200,14225.2357762509
1723233600,14258.2457762509
1723248000,14248.8857762509
1723262400,14258.6557762509
1723276800,14266.1357762509
1723291200,14267.3757762509
1723305600,14266.4257762509
1723320000,14261.685776250899
1723334400,14295.2257762509
1723348800,14310.3757762509
1723363200,14250.8859723509
1723377600,14237.2859723509
1723392000,14205.2859723509
1723406400,14188.0859723509
1723420800,14218.678358350897
1723435200,14218.678358350897
1723449600,14231.078358350896
1723464000,14216.878358350898
1723478400,14193.278358350897
1723492800,14203.878358350898
1723507200,14195.878358350898
1723521600,14198.478358350896
1723536000,14194.678358350897
1723550400,14205.678358350897
1723564800,14208.278358350897
1723579200,14212.878358350898
1723593600,14211.678358350897
1723608000,14202.878358350898
1723622400,14204.478358350898
1723636800,14183.078358350896
1723651200,14157.878358350898
1723665600,14159.078358350896
1723680000,14170.678358350897
1723694400,14147.976010970895
1723708800,14147.976010970895
1723723200,14147.976010970895
1723737600,14147.976010970895
1723752000,14147.976010970895
1723766400,14147.976010970895
1723780800,14147.976010970895
1723795200,14147.976010970895
1723809600,14147.976010970895
1723824000,14147.976010970895
1723838400,14147.976010970895
1723852800,14147.976010970895
1723867200,14147.976010970895
1723881600,14147.976010970895
1723896000,14147.976010970895
1723910400,14147.976010970895
1723924800,14147.976010970895
1723939200,14147.976010970895
1723953600,14147.976010970895
1723968000,14147.976010970895
1723982400,14147.976010970895
1723996800,14147.976010970895
1724011200,14147.976010970895
1724025600,14147.976010970895
1724040000,14147.976010970895
1724054400,14147.976010970895
1724068800,14147.976010970895
1724083200,14147.976010970895
1724097600,14147.976010970895
1724112000,14147.976010970895
1724126400,14147.976010970895
1724140800,14147.976010970895
1724155200,14147.976010970895
1724169600,14147.976010970895
1724184000,14147.976010970895
1724198400,14147.976010970895
1724212800,14147.976010970895
1724227200,14147.976010970895
1724241600,14147.976010970895
1724256000,14147.976010970895
1724270400,14147.976010970895
1724284800,14147.976010970895
1724299200,14147.976010970895
1724313600,14147.976010970895
1724328000,14147.976010970895
1724342400,14147.976010970895
1724356800,14147.976010970895
1724371200,14147.976010970895
1724385600,14147.976010970895
1724400000,14147.976010970895
1724414400,14147.976010970895
1724428800,14147.976010970895
1724443200,14147.976010970895
1724457600,14147.976010970895
1724472000,14147.976010970895
1724486400,14147.976010970895
1724500800,14157.476010970895
1724515200,14200.626010970895
1724529600,14147.276010970894
1724544000,14106.376010970895
1724558400,14037.476010970895
1724572800,14052.576010970895
1724587200,14114.426010970894
1724601600,14115.526010970894
1724616000,14070.626010970895
1724630400,14037.226010970895
1724644800,13977.476010970895
1724659200,13958.726010970895
1724673600,13930.126010970895
1724688000,13825.526010970894
1724702400,13832.176010970894
1724716800,13857.826010970895
1724731200,13856.176010970896
1724745600,13794.032827200896
1724760000,13761.184930970396
1724774400,13746.084930970395
1724788800,13608.084930970397
1724803200,13648.534930970396
1724817600,13631.084930970395
1724832000,13771.684930970396
1724846400,13676.664379970396
1724860800,13679.664379970396
1724875200,13697.664379970396
1724889600,13655.814379970396
1724904000,13652.964379970397
1724918400,13665.714379970397
1724932800,13722.714379970397
1724947200,13683.564379970396
1724961600,13663.614379970397
1724976000,13641.264379970396
1724990400,13667.514379970396
1725004800,13689.564379970396
1725019200,13592.503222770896
1725033600,13592.503222770896
1725048000,13592.503222770896
1725062400,13592.503222770896
1725076800,13592.503222770896
1725091200,13592.503222770896
1725105600,13592.503222770896
1725120000,13592.503222770896
1725134400,13592.503222770896
1725148800,13592.503222770896
1725163200,13592.503222770896
1725177600,13592.503222770896
1725192000,13592.503222770896
1725206400,13592.503222770896
1725220800,13592.503222770896
1725235200,13592.503222770896
1725249600,13549.153222770896
1725264000,13607.203222770897
1725278400,13620.253222770896
1725292800,13720.903222770896
1725307200,13802.203222770897
1725321600,13772.503222770896
1725336000,13765.153222770896
1725350400,13759.753222770896
1725364800,13597.903222770896
1725379200,13603.903222770896
1725393600,13560.703222770897
1725408000,13599.253222770896
1725422400,13737.703222770897
1725436800,13728.853222770897
1725451200,13799.203222770897
1725465600,13817.803222770897
1725480000,13807.003222770896
1725494400,13735.825024278896
1725508800,13735.825024278896
1725523200,13735.825024278896
1725537600,13735.825024278896
1725552000,13735.825024278896
1725566400,13735.825024278896
1725580800,13735.825024278896
1725595200,13735.825024278896
1725609600,13733.425024278897
1725624000,13692.925024278897
1725638400,13671.775024278895
1725652800,13738.675024278897
1725667200,13736.725024278896
1725681600,13731.775024278897
1725696000,13773.175024278897
1725710400,13757.275024278897
1725724800,13744.225024278896
1725739200,13712.725024278896
1725753600,13725.025024278897
1725768000,13715.575024278896
1725782400,13720.675024278897
1725796800,13694.575024278896
1725811200,13704.625024278896
1725825600,13724.575024278896
1725840000,13742.575024278896
1725854400,13838.717678483396
1725868800,13838.717678483396
1725883200,13838.717678483396
1725897600,13838.717678483396
1725912000,13838.717678483396
1725926400,13838.717678483396
1725940800,13838.717678483396
1725955200,13838.717678483396
1725969600,13838.717678483396
1725984000,13838.717678483396
1725998400,13838.717678483396
1726012800,13838.717678483396
1726027200,13838.717678483396
1726041600,13838.717678483396
1726056000,13838.717678483396
1726070400,13838.717678483396
1726084800,13838.717678483396
1726099200,13838.717678483396
1726113600,13882.217678483396
1726128000,13868.717678483396
1726142400,13870.217678483396
1726156800,13762.217678483396
1726171200,13753.217678483396
1726185600,13760.717678483394
1726200000,13745.717678483396
1726214400,13742.717678483396
1726228800,13564.217678483396
1726243200,13562.717678483396
1726257600,13579.117678483395
1726272000,13537.717678483394
1726286400,13567.217678483396
1726300800,13606.017678483395
1726315200,13558.217678483396
1726329600,13549.417678483394
1726344000,13511.317678483396
1726358400,13477.165459823396
1726372800,13478.865459823397
1726387200,13480.965459823397
1726401600,13485.665459823396
1726416000,13464.665459823396
1726430400,13448.965459823397
1726444800,13423.065459823396
1726459200,13441.065459823396
1726473600,13425.765459823397
1726488000,13435.265459823397
1726502400,13428.604339472397
1726516800,13428.604339472397
1726531200,13428.604339472397
1726545600,13428.604339472397
1726560000,13428.604339472397
1726574400,13428.604339472397
1726588800,13428.604339472397
1726603200,13428.604339472397
1726617600,13428.604339472397
1726632000,13428.604339472397
1726646400,13428.604339472397
1726660800,13428.604339472397
1726675200,13428.604339472397
1726689600,13428.604339472397
1726704000,13428.604339472397
1726718400,13428.604339472397
1726732800,13428.604339472397
1726747200,13428.604339472397
1726761600,13428.604339472397
1726776000,13428.604339472397
1726790400,13428.604339472397
1726804800,13428.604339472397
1726819200,13428.604339472397
1726833600,13428.604339472397
1726848000,13428.604339472397
1726862400,13428.604339472397
1726876800,13428.604339472397
1726891200,13428.604339472397
1726905600,13428.604339472397
1726920000,13428.604339472397
1726934400,13428.604339472397
1726948800,13428.604339472397
1726963200,13428.604339472397
1726977600,13428.604339472397
1726992000,13428.604339472397
1727006400,13428.604339472397
1727020800,13428.604339472397
1727035200,13428.604339472397
1727049600,13428.604339472397
1727064000,13428.604339472397
1727078400,13428.604339472397
1727092800,13353.604339472397
1727107200,13365.604339472397
1727121600,13298.104339472397
1727136000,13247.104339472397
1727150400,13191.604339472397
1727164800,13092.855859472396
1727179200,13092.855859472396
1727193600,13092.855859472396
1727208000,13092.855859472396
1727222400,13092.855859472396
1727236800,13092.855859472396
1727251200,13092.855859472396
1727265600,13092.855859472396
1727280000,13092.855859472396
1727294400,13092.855859472396
1727308800,13092.855859472396
1727323200,13092.855859472396
1727337600,13092.855859472396
1727352000,13092.855859472396
1727366400,13092.855859472396
1727380800,13092.855859472396
1727395200,13092.855859472396
1727409600,13092.855859472396
1727424000,13092.855859472396
1727438400,13092.855859472396
1727452800,13092.855859472396
1727467200,13092.855859472396
1727481600,13092.855859472396
1727496000,13092.855859472396
1727510400,13092.855859472396
1727524800,13092.855859472396
1727539200,13092.855859472396
1727553600,13092.855859472396
1727568000,13092.855859472396
1727582400,13092.855859472396
1727596800,13092.855859472396
1727611200,13092.855859472396
1727625600,13092.855859472396
1727640000,13092.855859472396
1727654400,13092.855859472396
1727668800,13092.855859472396
1727683200,13092.855859472396
1727697600,13092.855859472396
1727712000,13092.855859472396
1727726400,13092.855859472396
1727740800,13092.855859472396
1727755200,13092.855859472396
1727769600,13092.855859472396
1727784000,13092.855859472396
1727798400,13092.855859472396
1727812800,13092.855859472396
1727827200,13092.855859472396
1727841600,13092.855859472396
1727856000,13092.855859472396
1727870400,13092.855859472396
1727884800,13092.855859472396
1727899200,13092.855859472396
1727913600,13092.855859472396
1727928000,13092.855859472396
1727942400,13092.855859472396
1727956800,13092.855859472396
1727971200,13092.855859472396
1727985600,13092.855859472396
1728000000,13092.855859472396
1728014400,13092.855859472396
1728028800,13076.605859472395
1728043200,13104.605859472395
1728057600,12917.605859472396
1728072000,12921.855859472395
1728086400,13054.105859472395
1728100800,12955.605859472396
1728115200,12949.605859472395
1728129600,12998.105859472395
1728144000,13027.605859472396
1728158400,13067.605859472395
1728172800,13094.105859472395
1728187200,13046.855859472395
1728201600,13043.855859472396
1728216000,12912.355859472396
1728230400,13006.605859472396
1728244800,12932.855859472395
1728259200,12749.605859472396
1728273600,12769.454262472398
1728288000,12850.963491832397
1728302400,12850.963491832397
1728316800,12850.963491832397
1728331200,12850.963491832397
1728345600,12850.963491832397
1728360000,12850.963491832397
1728374400,12850.963491832397
1728388800,12850.963491832397
1728403200,12850.963491832397
1728417600,12850.963491832397
1728432000,12850.963491832397
1728446400,12850.963491832397
1728460800,12850.963491832397
1728475200,12850.963491832397
1728489600,12850.963491832397
1728504000,12850.963491832397
1728518400,12850.963491832397
1728532800,12850.963491832397
1728547200,12850.963491832397
1728561600,12850.963491832397
1728576000,12850.963491832397
1728590400,12850.963491832397
1728604800,12850.963491832397
1728619200,12850.963491832397
1728633600,12814.963491832397
1728648000,12751.963491832397
1728662400,12735.463491832397
1728676800,12744.463491832397
1728691200,12754.963491832397
1728705600,12609.253491832398
1728720000,12554.663491832398
1728734400,12565.163491832396
1728748800,12617.383491832396
1728763200,12617.423491832396
1728777600,12746.903491832398
1728792000,12687.443491832397
1728806400,12798.313491832396
1728820800,12974.923491832396
1728835200,12902.303491832396
1728849600,12832.783491832397
1728864000,12554.172281832398
1728878400,12547.142281832397
1728892800,12528.522281832396
1728907200,11987.587516480397
1728921600,11987.587516480397
1728936000,11987.587516480397
1728950400,11987.587516480397
1728964800,11987.587516480397
1728979200,11987.587516480397
1728993600,11987.587516480397
1729008000,11987.587516480397
1729022400,11987.587516480397
1729036800,11987.587516480397
1729051200,11987.587516480397
1729065600,11987.587516480397
1729080000,11987.587516480397
1729094400,11987.587516480397
1729108800,11987.587516480397
1729123200,11987.587516480397
1729137600,11987.587516480397
1729152000,11987.587516480397
1729166400,11987.587516480397
1729180800,11987.587516480397
1729195200,11987.587516480397
1729209600,11987.587516480397
1729224000,11987.587516480397
1729238400,11987.587516480397
1729252800,11987.587516480397
1729267200,11987.587516480397
1729281600,11987.587516480397
1729296000,11987.587516480397
1729310400,11987.587516480397
1729324800,11987.587516480397
1729339200,11987.587516480397
1729353600,11987.587516480397
1729368000,11987.587516480397
1729382400,11987.587516480397
1729396800,11987.587516480397
1729411200,11987.587516480397
1729425600,11987.587516480397
1729440000,12006.887516480396
1729454400,12025.287516480397
1729468800,12058.487516480396
1729483200,12065.887516480396
1729497600,12048.087516480397
1729512000,11992.587516480397
1729526400,12012.787516480395
1729540800,12008.187516480397
1729555200,12021.987516480396
1729569600,12015.587516480397
1729584000,11982.987516480396
1729598400,11945.187516480397
1729612800,11947.387516480396
1729627200,11953.487516480396
1729641600,11920.687516480397
1729656000,11934.187516480397
1729670400,11903.887516480396
1729684800,11929.432421967396
1729699200,11942.632421967397
1729713600,11949.032421967397
1729728000,11947.832421967396
1729742400,11943.232421967397
1729756800,11943.317956111394
1729771200,11943.317956111394
1729785600,11943.317956111394
1729800000,11943.317956111394
1729814400,11943.317956111394
1729828800,11943.317956111394
1729843200,11943.317956111394
1729857600,11943.317956111394
1729872000,11943.317956111394
1729886400,11904.417956111394
1729900800,11933.517956111395
1729915200,11957.017956111395
1729929600,11977.317956111394
1729944000,11961.217956111394
1729958400,12017.917956111394
1729972800,12023.017956111395
1729987200,12041.517956111393
1730001600,12064.117956111393
1730016000,12076.517956111393
1730030400,12054.017956111395
1730044800,12053.917956111392
1730059200,12057.317956111394
1730073600,12069.317956111392
1730088000,12010.717956111394
1730102400,12003.117956111393
1730116800,12172.517956111395
1730131200,12250.909580424393
1730145600,12208.499256904392
1730160000,12150.499256904392
1730174400,12203.499256904392
1730188800,12176.499256904392
1730203200,12162.499256904392
1730217600,12163.499256904392
1730232000,12142.249339164391
1730246400,12142.249339164391
1730260800,12142.249339164391
1730275200,12142.249339164391
1730289600,12142.249339164391
1730304000,12142.249339164391
1730318400,12142.249339164391
1730332800,12142.249339164391
1730347200,12142.249339164391
1730361600,12142.249339164391
1730376000,12142.249339164391
1730390400,12142.249339164391
1730404800,12142.249339164391
1730419200,12142.249339164391
1730433600,12142.249339164391
1730448000,12142.249339164391
1730462400,12142.249339164391
1730476800,12152.349339164391
1730491200,12140.349339164391
1730505600,12162.349339164391
1730520000,12168.14933916439
1730534400,12142.54933916439
1730548800,12118.249339164391
1730563200,12144.64933916439
1730577600,12144.249339164391
1730592000,12050.54933916439
1730606400,12067.14933916439
1730620800,12033.449339164392
1730635200,12006.949339164392
1730649600,12037.04933916439
1730664000,12061.949339164392
1730678400,12065.249339164391
1730692800,12077.449339164392
1730707200,12063.54933916439
1730721600,12091.307238252391
1730736000,12135.007238252392
1730750400,12172.957238252391
1730764800,12146.50723825239
1730779200,12044.157238252392
1730793600,12105.10723825239
1730808000,12098.207238252391
1730822400,12121.20723825239
1730836800,12048.75723825239
1730851200,11814.948012752398
1730865600,11814.948012752398
1730880000,11814.948012752398
1730894400,11812.348012752398
1730908800,11828.448012752398
1730923200,11849.048012752399
1730937600,11887.448012752398
1730952000,11862.348012752398
1730966400,11854.6480127524
1730980800,11877.1480127524
1730995200,11888.448012752398
1731009600,11891.048012752399
1731024000,11894.848012752398
1731038400,11914.248012752398
1731052800,11931.6480127524
1731067200,11959.448012752398
1731081600,11983.1480127524
1731096000,12001.1480127524
1731110400,11966.748012752398
1731124800,11981.948012752398
1731139200,11990.957520452399
1731153600,11990.957520452399
1731168000,11990.957520452399
1731182400,11990.957520452399
1731196800,11990.957520452399
1731211200,11990.957520452399
1731225600,12068.857520452399
1731240000,12092.857520452399
1731254400,12213.357520452399
1731268800,12246.457520452399
1731283200,12322.857520452399
1731297600,12265.007520452398
1731312000,12322.8075204524
1731326400,12407.007520452398
1731340800,12446.457520452399
1731355200,12615.957520452399
1731369600,12676.107520452399
1731384000,12916.957520452399
1731398400,12838.207520452399
1731412800,12717.607520452399
1731427200,12769.257520452398
1731441600,12757.757520452398
1731456000,12713.107520452399
1731470400,12742.108335486399
1731484800,12742.108335486399
1731499200,12742.108335486399
1731513600,12742.108335486399
1731528000,12779.608335486399
1731542400,12786.358335486399
1731556800,12826.708335486399
1731571200,12871.5583354864
1731585600,12790.708335486399
1731600000,13110.358335486399
1731614400,13015.558335486397
1731628800,13135.408335486398
1731643200,13167.508335486398
1731657600,13302.658335486398
1731672000,13188.958335486397
1731686400,13292.608335486399
1731700800,13489.258335486398
1731715200,13622.758335486398
1731729600,13917.508335486398
1731744000,13968.208335486399
1731758400,14354.158335486398
1731772800,14919.358259586399
1731787200,15235.646370291395
1731801600,15235.646370291395
1731816000,15235.646370291395
1731830400,15181.896370291395
1731844800,15376.846370291396
1731859200,15205.796370291395
1731873600,15381.496370291396
1731888000,16285.846370291396
1731902400,16779.546370291395
1731916800,16512.746370291396
1731931200,17052.196370291396
1731945600,16515.946370291396
1731960000,17197.746370291396
1731974400,17502.896370291397
1731988800,17003.396370291397
1732003200,17278.046370291395
1732017600,17054.146370291397
1732032000,17011.996370291396
1732046400,16896.246370291396
1732060800,16606.646370291393
1732075200,16682.852186426393
1732089600,16931.949798538393
1732104000,17058.40334681639
1732118400,17015.803346816392
1732132800,17036.60334681639
1732147200,17123.60334681639
1732161600,17140.60334681639
1732176000,17050.80334681639
1732190400,17031.50334681639
1732204800,17289.00334681639
1732219200,17696.60334681639
1732233600,18255.70334681639
1732248000,18109.70334681639
1732262400,18718.60334681639
1732276800,18487.70334681639
1732291200,18935.50334681639
1732305600,19330.70334681639
1732320000,20624.60334681639
1732334400,20521.70334681639
1732348800,20572.20334681639
1732363200,21508.424015366392
1732377600,21218.52401536639
1732392000,21408.12401536639
1732406400,22202.316430490388
1732420800,22054.91643049039
1732435200,21472.012113776385
1732449600,21340.31211377639
1732464000,21434.06211377639
1732478400,21560.762113776385
1732492800,21353.862113776388
1732507200,21447.662113776387
1732521600,21422.712113776386
1732536000,21270.612113776388
1732550400,21336.012113776385
1732564800,21108.612113776388
1732579200,21287.81211377639
1732593600,21018.81211377639
1732608000,20823.662113776387
1732622400,20893.712113776386
1732636800,20910.212113776386
1732651200,20959.262113776385
1732665600,20843.31211377639
1732680000,21100.960303402888
1732694400,21245.36030340289
1732708800,21406.86030340289
1732723200,21317.721423788385
1732737600,21216.721423788385
1732752000,21151.321423788384
1732766400,21166.971423788385
1732780800,21160.671423788386
1732795200,21034.721423788385
1732809600,21224.971423788385
1732824000,21360.221423788385
1732838400,21398.021423788385
1732852800,21479.171423788386
1732867200,21628.971423788385
1732881600,21711.221423788385
1732896000,22082.471423788385
1732910400,22262.971423788385
1732924800,21894.521423788385
1732939200,22061.421423788386
1732953600,21977.438466228385
1732968000,21949.588466228386
1732982400,21963.619074371883
1732996800,21963.619074371883
1733011200,21963.619074371883
1733025600,21963.619074371883
1733040000,22298.119074371883
1733054400,22198.219074371882
1733068800,22332.919074371883
1733083200,22408.219074371882
1733097600,22827.919074371883
1733112000,22920.619074371883
1733126400,22846.069074371884
1733140800,23557.519074371885
1733155200,23568.169074371883
1733169600,23949.319074371884
1733184000,25057.969074371882
1733198400,24476.119074371883
1733212800,24982.969074371882
1733227200,24097.619074371883
1733241600,24019.869074371883
1733256000,23881.219074371882
1733270400,24160.369074371883
1733284800,24126.885201213383
1733299200,24116.085201213384
1733313600,24018.385201213383
1733328000,23900.685201213382
1733342400,23863.885201213383
1733356800,23760.785201213384
1733371200,23880.985201213385
1733385600,23916.585201213384
1733400000,23881.485201213385
1733414400,23844.185201213382
1733428800,23749.385201213383
1733443200,23814.885201213383
1733457600,23817.502057955382
1733472000,23817.502057955382
1733486400,23817.502057955382
1733500800,23817.502057955382
1733515200,23817.502057955382
1733529600,23817.502057955382
1733544000,23817.502057955382
1733558400,23817.502057955382
1733572800,23817.502057955382
1733587200,23817.502057955382
1733601600,23817.502057955382
1733616000,23817.502057955382
1733630400,23817.502057955382
1733644800,23817.502057955382
1733659200,23817.502057955382
1733673600,23817.502057955382
1733688000,23817.502057955382
1733702400,23817.502057955382
1733716800,23817.502057955382
1733731200,23817.502057955382
1733745600,23817.502057955382
1733760000,23817.502057955382
1733774400,23817.502057955382
1733788800,23817.502057955382
1733803200,23817.502057955382
1733817600,23817.502057955382
1733832000,23817.502057955382
1733846400,23817.502057955382
1733860800,23817.502057955382
1733875200,23817.502057955382
1733889600,23817.502057955382
1733904000,23817.502057955382
1733918400,23817.502057955382
1733932800,23817.502057955382
1733947200,23817.502057955382
1733961600,23817.502057955382
1733976000,23817.502057955382
1733990400,24041.252057955382
1734004800,23950.252057955382
1734019200,24251.002057955382
1734033600,24178.752057955382
1734048000,24203.252057955382
1734062400,24476.752057955382
1734076800,24241.002057955382
1734091200,23942.502057955382
1734105600,23945.502057955382
1734120000,23859.752057955382
1734134400,23858.252057955382
1734148800,23788.752057955382
1734163200,24035.002057955382
1734177600,24226.002057955382
1734192000,24376.502057955382
1734206400,24201.502057955382
1734220800,24285.502057955382
1734235200,24243.8516311754
1734249600,24243.8516311754
1734264000,24243.8516311754
1734278400,24243.8516311754
1734292800,24243.8516311754
1734307200,24280.8516311754
1734321600,24297.1016311754
1734336000,24571.1016311754
1734350400,24400.8516311754
1734364800,24252.3516311754
1734379200,24358.1016311754
1734393600,24324.6016311754
1734408000,24462.8516311754
1734422400,24300.6016311754
1734436800,24441.3516311754
1734451200,24422.1016311754
1734465600,24556.1016311754
1734480000,24663.3516311754
1734494400,24812.8516311754
1734508800,24668.6016311754
1734523200,24801.6016311754
1734537600,25048.8516311754
1734552000,25455.6954463404
1734566400,25455.6954463404
1734580800,25455.6954463404
1734595200,25455.6954463404
1734609600,25455.6954463404
1734624000,25455.6954463404
1734638400,25455.6954463404
1734652800,25455.6954463404
1734667200,25455.6954463404
1734681600,25455.6954463404
1734696000,25455.6954463404
1734710400,25455.6954463404
1734724800,25509.5004463404
1734739200,25528.9454463404
1734753600,25268.2244463404
1734768000,25566.8384463404
1734782400,25718.987446340398
1734796800,26101.4314463404
1734811200,26258.5184463404
1734825600,26231.524446340398
1734840000,26481.2944463404
1734854400,25929.3584463404
1734868800,26542.6974463404
1734883200,26754.1354463404
1734897600,25939.6974463404
1734912000,25258.1926132764
1734926400,25394.604613276395
1734940800,25234.387613276398
1734955200,25716.871613276395
1734969600,25605.60182828639
1734984000,25077.33184692191
1734998400,25165.146846921907
1735012800,25150.201846921907
1735027200,25106.17184692191
1735041600,24829.42684692191
1735056000,24926.271846921907
1735070400,24828.026846921908
1735084800,24880.876846921907
1735099200,24843.11184692191
1735113600,24964.716846921907
1735128000,24993.85684692191
1735142400,24883.65684692191
1735156800,24902.50184692191
1735171200,25230.216846921907
1735185600,25574.08184692191
1735200000,25987.71684692191
1735214400,26226.901846921908
1735228800,26220.20760243436
1735243200,26300.30760243436
1735257600,26161.40760243436
1735272000,26336.90760243436
1735286400,26100.20760243436
1735300800,27314.94260243436
1735315200,26869.197602434357
1735329600,27199.862602434358
1735344000,27153.022602434357
1735358400,27234.387751114373
1735372800,27016.52275111437
1735387200,26789.367751114372
1735401600,26441.91775111437
1735416000,26286.23875111437
1735430400,26425.002751114374
1735444800,26243.760751114372
1735459200,26299.518751114374
1735473600,26518.01975111437
1735488000,26828.38875111437
1735502400,27013.801751114373
1735516800,26759.253751114375
1735531200,26609.03975111437
1735545600,26520.44043258726
1735560000,26756.85843258726
1735574400,26455.45343258726
1735588800,26814.30943258726
1735603200,26923.88843258726
1735617600,26832.79043258726
1735632000,26508.07843258726
1735646400,26288.75143258726
1735660800,26657.225428945538
1735675200,26720.610428945536
1735689600,26621.861428945536
1735704000,26672.513428945538
1735718400,26726.427428945535
1735732800,26545.820428945535
1735747200,26502.952428945533
1735761600,26496.365428945537
1735776000,26337.451428945536
1735790400,26112.39442894554
1735804800,25808.30042894554
1735819200,25875.801428945535
1735833600,25764.315623528535
1735848000,25809.843623528533
1735862400,25802.619623528535
1735876800,25906.793623528534
1735891200,25845.823623528537
1735905600,25738.163623528533
1735920000,25594.446983935853
1735934400,25594.446983935853
1735948800,25594.446983935853
1735963200,25594.446983935853
1735977600,25594.446983935853
1735992000,25594.446983935853
1736006400,25594.446983935853
1736020800,25594.446983935853
1736035200,25594.446983935853
1736049600,25594.446983935853
1736064000,25594.446983935853
1736078400,25594.446983935853
1736092800,25594.446983935853
1736107200,25594.446983935853
1736121600,25594.446983935853
1736136000,25594.446983935853
1736150400,25594.446983935853
1736164800,25594.446983935853
1736179200,25594.446983935853
1736193600,25761.396983935854
1736208000,25838.046983935852
1736222400,25898.246983935853
1736236800,26046.296983935852
1736251200,26659.496983935853
1736265600,26921.64698393585
1736280000,26972.746983935853
1736294400,27126.396983935854
1736308800,27263.946983935853
1736323200,27363.696983935853
1736337600,27431.946983935853
1736352000,27475.346983935855
1736366400,27450.84698393585
1736380800,27516.996983935853
1736395200,27807.146983935854
1736409600,27758.496983935853
1736424000,27632.496983935853
1736438400,27924.989928685853
1736452800,27920.039928685852
1736467200,27952.489928685853
1736481600,27990.689928685853
1736496000,27853.239928685853
1736510400,28295.659928685855
1736524800,27973.19392868585
1736539200,28192.119928685854
1736553600,28543.337928685854
1736568000,28477.787928685855
1736582400,28138.863928685856
1736596800,28201.67792868585
1736611200,28318.329928685853
1736625600,28229.559928685852
1736640000,28136.549928685854
1736654400,28163.177928685855
1736668800,28130.439928685853
1736683200,27814.56447314385
1736697600,27952.51447314385
1736712000,28192.922473143855
1736726400,28753.54247314385
1736740800,29224.114827761452
1736755200,29999.91482776145
1736769600,29229.06482776145
1736784000,29470.96340300645
1736798400,29560.51340300645
1736812800,29575.663403006452
1736827200,29550.163403006452
1736841600,29637.76340300645
1736856000,29644.063403006454
1736870400,29771.71340300645
1736884800,29776.96340300645
1736899200,30023.113403006453
1736913600,30064.21340300645
1736928000,29916.76340300645
1736942400,30232.51340300645
1736956800,30193.21340300645
1736971200,30488.413403006452
1736985600,30335.413403006452
1737000000,30411.31340300645
1737014400,30570.913403006452
1737028800,30732.422488617947
1737043200,30732.422488617947
1737057600,30732.422488617947
1737072000,30732.422488617947
1737086400,30732.422488617947
1737100800,30732.422488617947
1737115200,30732.422488617947
1737129600,30732.422488617947
1737144000,30789.82248861795
1737158400,30738.32248861795
1737172800,30614.422488617947
1737187200,30670.122488617948
1737201600,30674.922488617947
1737216000,30752.772488617946
1737230400,30856.022488617946
1737244800,30800.272488617946
1737259200,30691.922488617947
1737273600,30435.522488617946
1737288000,30598.57248861795
1737302400,30554.762488617947
1737316800,31016.967488617945
1737331200,30989.782488617948
1737345600,30677.807488617946
1737360000,30870.727488617948
1737374400,30919.10748861795
1737388800,30716.727575430945
1737403200,30969.912575430946
1737417600,31020.927575430946
1737432000,31033.017575430946
1737446400,30847.307575430947
1737460800,30865.60134843094
1737475200,30696.44634843094
1737489600,30719.036348430942
1737504000,30702.11634843094
1737518400,31161.026348430943
1737532800,30918.79134843094
1737547200,31393.011112630942
1737561600,31395.011112630942
1737576000,31295.411112630944
1737590400,31735.411112630944
1737604800,31652.61111263094
1737619200,31865.81111263094
1737633600,31649.81111263094
1737648000,31961.411112630944
1737662400,31727.011112630942
1737676800,31903.411112630944
1737691200,31508.211112630943
1737705600,31301.011112630942
1737720000,31409.41111263094
1737734400,31513.81111263094
1737748800,31778.21111263094
1737763200,31674.57454051894
1737777600,31674.57454051894
1737792000,31674.57454051894
1737806400,31674.57454051894
1737820800,31674.57454051894
1737835200,31674.57454051894
1737849600,31674.57454051894
1737864000,31674.57454051894
1737878400,31674.57454051894
1737892800,31674.57454051894
1737907200,31674.57454051894
1737921600,31674.57454051894
1737936000,31674.57454051894
1737950400,31674.57454051894
1737964800,31674.57454051894
1737979200,31674.57454051894
1737993600,31674.57454051894
1738008000,31892.174540518943
1738022400,31906.37454051894
1738036800,31905.79954051894
1738051200,31916.54454051894
1738065600,31975.41454051894
1738080000,32335.71454051894
1738094400,32876.56954051894
1738108800,32387.53954051894
1738123200,31883.509540518942
1738137600,32188.35454051894
1738152000,32518.58454051894
1738166400,32311.62954051894
1738180800,32579.91454051894
1738195200,31840.239540518938
1738209600,31755.55954051894
1738224000,31261.869540518943
1738238400,30916.665245228938
1738252800,30909.59337395694
1738267200,30872.53837395694
1738281600,30867.012402392585
1738296000,30894.612402392584
1738310400,30906.112402392584
1738324800,30901.312402392585
1738339200,30782.312402392585
1738353600,30805.912402392587
1738368000,30831.712402392586
1738382400,30703.912402392587
1738396800,30580.712402392586
1738411200,30491.812402392585
1738425600,30354.762402392585
1738440000,30186.662402392587
1738454400,29966.312402392585
1738468800,30043.012402392585
1738483200,29915.062402392585
1738497600,29962.46663882758
1738512000,29807.06663882758
1738526400,29745.116638827578
1738540800,29193.51663882758
1738555200,29646.51663882758
1738569600,29395.46663882758
1738584000,30675.46663882758
1738598400,31398.26663882758
1738612800,31507.71663882758
1738627200,31005.887837309077
1738641600,29588.637837309077
1738656000,30173.987837309076
1738670400,30429.387837309077
1738684800,30294.337837309078
1738699200,30259.637837309077
1738713600,30295.787837309075
1738728000,30432.037837309075
1738742400,30752.537837309075
1738756800,30411.187837309077
1738771200,30035.137837309077
1738785600,29724.787837309075
1738800000,29994.650481143075
1738814400,30088.768031443076
1738828800,30066.718031443077
1738843200,29733.418031443078
1738857600,29640.118031443075
1738872000,29617.768031443076
1738886400,29729.83172669558
1738900800,29836.096726695578
1738915200,29751.291726695577
1738929600,29727.79672669558
1738944000,29863.846726695578
1738958400,29876.686726695578
1738972800,29836.361726695577
1738987200,29926.85172669558
1739001600,29906.246726695575
1739016000,29966.661726695576
1739030400,29900.361726695577
1739044800,29959.576726695577
1739059200,29873.10172669558
1739073600,29890.05521573058
1739088000,29966.37521573058
1739102400,29977.35521573058
1739116800,30041.34521573058
1739131200,29979.51521573058
1739145600,29926.946412284877
1739160000,29926.946412284877
1739174400,29933.396412284877
1739188800,29930.846412284878
1739203200,29935.046412284875
1739217600,29968.196412284877
1739232000,30062.246412284876
1739246400,30122.996412284876
1739260800,30094.196412284877
1739275200,30038.396412284877
1739289600,29874.896412284877
1739304000,29925.896412284877
1739318400,29897.696412284877
1739332800,29888.096412284878
1739347200,29906.246412284876
1739361600,29870.396412284877
1739376000,30297.496412284876
1739390400,30311.546412284875
1739404800,30375.846412284878
1739419200,30146.983262759375
1739433600,30151.883262759377
1739448000,30171.483262759375
1739462400,30276.483262759375
1739476800,30316.033262759374
1739491200,30347.183262759376
1739505600,30330.733262759375
1739520000,30436.433262759376
1739534400,30362.233262759375
1739548800,30346.483262759375
1739563200,30256.533262759374
1739577600,30419.283262759374
1739592000,30419.283262759374
1739606400,30505.733262759375
1739620800,30563.461875092373
1739635200,30563.461875092373
1739649600,30563.461875092373
1739664000,30563.461875092373
1739678400,30563.461875092373
1739692800,30563.461875092373
1739707200,30563.461875092373
1739721600,30563.461875092373
1739736000,30563.461875092373
1739750400,30563.461875092373
1739764800,30563.461875092373
1739779200,30563.461875092373
1739793600,30563.461875092373
1739808000,30563.461875092373
1739822400,30563.461875092373
1739836800,30563.461875092373
1739851200,30563.461875092373
1739865600,30563.461875092373
1739880000,30563.461875092373
1739894400,30563.461875092373
1739908800,30563.461875092373
1739923200,30563.461875092373
1739937600,30563.461875092373
1739952000,30563.461875092373
1739966400,30563.461875092373
1739980800,30563.461875092373
1739995200,30563.461875092373
1740009600,30563.461875092373
1740024000,30563.461875092373
1740038400,30563.461875092373
1740052800,30563.461875092373
1740067200,30553.31187509237
1740081600,30664.61187509237
1740096000,30807.06187509237
1740110400,30779.31187509237
1740124800,30934.211875092373
1740139200,30828.511875092372
1740153600,30299.411875092374
1740168000,30519.31187509237
1740182400,30608.461875092373
1740196800,30555.411875092374
1740211200,30624.161875092374
1740225600,30729.861875092374
1740240000,30707.461875092373
1740254400,30638.56187509237
1740268800,30630.411875092374
1740283200,30717.06187509237
1740297600,30602.461875092373
1740312000,30484.806127491374
1740326400,30477.75612749137
1740340800,30529.206127491372
1740355200,30397.119625023373
1740369600,30397.119625023373
1740384000,30397.119625023373
1740398400,30397.119625023373
1740412800,30397.119625023373
1740427200,30397.119625023373
1740441600,30397.119625023373
1740456000,30397.119625023373
1740470400,30397.119625023373
1740484800,30397.119625023373
1740499200,30397.119625023373
1740513600,30397.119625023373
1740528000,30397.119625023373
1740542400,30397.119625023373
1740556800,30397.119625023373
1740571200,30397.119625023373
1740585600,31026.867625023373
1740600000,30962.862625023372
1740614400,30798.727625023374
1740628800,30619.564625023373
1740643200,30546.90662502337
1740657600,30747.89762502337
1740672000,30984.027625023373
1740686400,30884.73062502337
1740700800,31605.34362502337
1740715200,31821.124625023374
1740729600,31597.67662502337
1740744000,31499.73062502337
1740758400,31741.24662502337
1740772800,31756.07562502337
1740787200,31837.27662502337
1740801600,31938.916625023372
1740816000,32009.845625023372
1740830400,32044.016436771413
1740844800,32395.16643677141
1740859200,32419.366436771412
1740873600,32365.466436771414
1740888000,32192.616436771412
1740902400,32320.766436771413
1740916800,32282.566436771413
1740931200,33358.66643677141
1740945600,33735.01643677141
1740960000,33175.366436771415
1740974400,32546.71643677141
1740988800,32278.47517165741
1741003200,32180.92517165741
1741017600,31330.175171657414
1741032000,31247.325171657412
1741046400,30896.97517165741
1741060800,30900.575171657412
1741075200,31158.37048673741
1741089600,31045.020486737412
1741104000,31396.12048673741
1741118400,31356.82048673741
1741132800,31325.07048673741
1741147200,31760.220486737413
1741161600,32239.720486737413
1741176000,31625.37048673741
1741190400,32190.672169962418
1741204800,32142.972169962417
1741219200,32316.07216996242
1741233600,32071.77216996242
1741248000,32332.772169962416
1741262400,31795.07216996242
1741276800,31307.472169962417
1741291200,31351.672169962418
1741305600,30679.572169962416
1741320000,31443.21764028242
1741334400,31391.617640282417
1741348800,31173.31764028242
1741363200,31052.117640282417
1741377600,30514.189659672422
1741392000,30459.989659672425
1741406400,30368.989659672425
1741420800,30343.589659672423
1741435200,30359.589659672423
1741449600,30535.789659672424
1741464000,30496.189659672422
1741478400,30497.789659672424
1741492800,30493.16601564842
1741507200,30493.16601564842
1741521600,30493.16601564842
1741536000,30493.16601564842
1741550400,30493.16601564842
1741564800,30493.16601564842
1741579200,30493.16601564842
1741593600,30493.16601564842
1741608000,30493.16601564842
1741622400,30493.16601564842
1741636800,30493.16601564842
1741651200,30493.16601564842
1741665600,30493.16601564842
1741680000,30493.16601564842
1741694400,30493.16601564842
1741708800,30519.66601564842
1741723200,30479.66601564842
1741737600,30444.66601564842
1741752000,30532.66601564842
1741766400,30572.16601564842
1741780800,30508.16601564842
1741795200,30615.66601564842
1741809600,30774.41601564842
1741824000,30715.66601564842
1741838400,30652.41601564842
1741852800,30762.66601564842
1741867200,30495.66601564842
1741881600,30397.91601564842
1741896000,30506.91601564842
1741910400,30586.16601564842
1741924800,30586.41601564842
1741939200,30651.41601564842
1741953600,30819.340989748423
1741968000,30752.190989748426
1741982400,30679.290989748424
1741996800,30772.240989748425
1742011200,30710.590989748423
1742025600,30822.090989748423
1742040000,30806.949946715926
1742054400,30821.419946715923
1742068800,30783.979946715925
1742083200,30691.479946715925
1742097600,30725.589946715925
1742112000,30110.269946715922
1742126400,30193.779946715924
1742140800,30248.409946715925
1742155200,30235.409946715925
1742169600,30644.019946715922
1742184000,30597.639946715924
1742198400,30637.779946715924
1742212800,30673.447729711923
1742227200,30815.985613071924
1742241600,30753.06561307192
1742256000,30641.165613071924
1742270400,30763.015613071922
1742284800,30657.66948951892
1742299200,30621.66948951892
1742313600,30651.86750085892
1742328000,30651.86750085892
1742342400,30651.86750085892
1742356800,30651.86750085892
1742371200,30651.86750085892
1742385600,30651.86750085892
1742400000,30603.86750085892
1742414400,30666.36750085892
1742428800,30601.86750085892
1742443200,30600.36750085892
1742457600,30587.36750085892
1742472000,30576.36750085892
1742486400,30543.86750085892
1742500800,30536.86750085892
1742515200,30533.36750085892
1742529600,30517.86750085892
1742544000,30434.11750085892
1742558400,30363.86750085892
1742572800,30498.61750085892
1742587200,30449.61750085892
1742601600,30539.36750085892
1742616000,30521.11750085892
1742630400,30548.86750085892
1742644800,30478.74920289892
1742659200,30528.49920289892
1742673600,30477.24920289892
1742688000,30567.74920289892
1742702400,30603.99920289892
1742716800,30609.99920289892
1742731200,30569.49920289892
1742745600,30560.74920289892
1742760000,30610.99920289892
1742774400,30622.49920289892
1742788800,30740.35829403892
1742803200,30740.35829403892
1742817600,30740.35829403892
1742832000,30740.35829403892
1742846400,30740.35829403892
1742860800,30740.35829403892
1742875200,30740.35829403892
1742889600,30740.35829403892
1742904000,30740.35829403892
1742918400,30740.35829403892
1742932800,30740.35829403892
1742947200,30740.35829403892
1742961600,30740.35829403892
1742976000,30740.35829403892
1742990400,30740.35829403892
1743004800,30740.35829403892
1743019200,30757.78329403892
1743033600,30795.64829403892
1743048000,30782.25329403892
1743062400,30759.12829403892
1743076800,30760.65329403892
1743091200,30765.383294038922
1743105600,30762.85329403892
1743120000,30718.633294038922
1743134400,30484.44829403892
1743148800,30489.99329403892
1743163200,30384.44829403892
1743177600,30353.72829403892
1743192000,30417.133294038922
1743206400,30373.97829403892
1743220800,30273.69329403892
1743235200,30104.64829403892
1743249600,30109.55829403892
1743264000,30114.986725590268
1743278400,30117.986725590268
1743292800,30141.38672559027
1743307200,30135.986725590268
1743321600,30121.18672559027
1743336000,30098.986725590268
1743350400,30112.58432152227
1743364800,30112.58432152227
1743379200,30112.58432152227
1743393600,30112.58432152227
1743408000,30112.58432152227
1743422400,30112.58432152227
1743436800,30112.58432152227
1743451200,30112.58432152227
1743465600,30112.58432152227
1743480000,30112.58432152227
1743494400,30191.484321522268
1743508800,30431.48432152227
1743523200,30271.03432152227
1743537600,30242.18432152227
1743552000,30098.93432152227
1743566400,30009.93432152227
1743580800,30072.03432152227
1743595200,30306.58432152227
1743609600,30335.634321522273
1743624000,29811.53432152227
1743638400,30029.134321522273
1743652800,29912.88432152227
1743667200,29756.73432152227
1743681600,29699.43432152227
1743696000,29820.78432152227
1743710400,29889.28432152227
1743724800,29836.08432152227
1743739200,29966.212349414265
1743753600,29840.802979004267
1743768000,29840.802979004267
1743782400,29840.802979004267
1743796800,29805.302979004267
1743811200,29770.802979004267
1743825600,29794.602979004267
1743840000,29840.902979004266
1743854400,29705.302979004267
1743868800,29723.652979004266
1743883200,29803.552979004267
1743897600,29734.45297900427
1743912000,29588.852979004267
1743926400,29539.252979004268
1743940800,29475.802979004267
1743955200,29048.502979004268
1743969600,28808.402979004266
1743984000,28497.20297900427
1743998400,28034.002979004268
1744012800,28398.402979004266
1744027200,28815.002979004268
1744041600,28965.105613579268
1744056000,29180.155613579267
1744070400,29492.853130735268
1744084800,29413.00313073527
1744099200,29918.80313073527
1744113600,29419.478130735268
1744128000,28426.57813073527
1744142400,28388.07813073527
1744156800,28069.70313073527
1744171200,28929.403130735267
1744185600,28451.403130735267
1744200000,28870.95313073527
1744214400,30881.42813073527
1744228800,30798.77813073527
1744243200,30313.578130735266
1744257600,30366.67813073527
1744272000,30379.903130735267
1744286400,29608.951290810768
1744300800,29773.85508547077
1744315200,29838.655085470768
1744329600,29904.764488780766
1744344000,29904.764488780766
1744358400,29904.764488780766
1744372800,29904.764488780766
1744387200,29904.764488780766
1744401600,29904.764488780766
1744416000,29904.764488780766
1744430400,29904.764488780766
1744444800,29904.764488780766
1744459200,29904.764488780766
1744473600,29904.764488780766
1744488000,30024.264488780766
1744502400,29976.514488780766
1744516800,29878.514488780766
1744531200,29892.764488780766
1744545600,29787.264488780766
1744560000,29748.014488780766
1744574400,29730.514488780766
1744588800,29794.764488780766
1744603200,29773.514488780766
1744617600,29840.764488780766
1744632000,29545.714488780766
1744646400,29674.294488780768
1744660800,29527.834488780765
1744675200,29664.964488780766
1744689600,29780.784488780766
1744704000,29640.484488780767
1744718400,29324.094488780767
1744732800,29114.508242820768
1744747200,28942.003242820767
1744761600,28964.358242820766
1744776000,28863.828242820768
1744790400,28962.463242820766
1744804800,29102.843242820767
1744819200,29227.638242820765
1744833600,29152.678242820766
1744848000,29179.393242820766
1744862400,29468.528242820765
1744876800,29419.442968330663
1744891200,29430.21418446066
1744905600,29442.81418446066
1744920000,29437.68918446066
1744934400,29412.95418446066
1744948800,29408.560871653208
1744963200,29414.560871653208
1744977600,29375.810871653208
1744992000,29414.060871653208
1745006400,29399.810871653208
1745020800,29443.560871653208
1745035200,29431.560871653208
1745049600,29419.560871653208
1745064000,29401.310871653208
1745078400,29420.060871653208
1745092800,29444.560871653208
1745107200,29422.060871653208
1745121600,29383.060871653208
1745136000,29315.810871653208
1745150400,29356.560871653208
1745164800,29446.060871653208
1745179200,29422.060871653208
1745193600,29539.310871653208
1745208000,29583.842197503207
1745222400,29583.842197503207
1745236800,29583.842197503207
1745251200,29583.842197503207
1745265600,29583.842197503207
1745280000,29583.842197503207
1745294400,29583.842197503207
1745308800,29583.842197503207
1745323200,29583.842197503207
1745337600,29583.842197503207
1745352000,29583.842197503207
1745366400,29583.842197503207
1745380800,29583.842197503207
1745395200,29583.842197503207
1745409600,29583.842197503207
1745424000,29595.682197503207
1745438400,29603.514197503206
1745452800,29563.54619750321
1745467200,29544.870197503205
1745481600,29561.234197503207
1745496000,29584.022197503207
1745510400,29598.130197503207
1745524800,29615.494197503205
1745539200,29588.746197503206
1745553600,29607.590197503207
1745568000,29642.322197503207
1745582400,29658.222197503208
1745596800,29667.398197503207
1745611200,29641.90219750321
1745625600,29695.410197503206
1745640000,29658.694197503206
1745654400,29432.824197503207
1745668800,29458.176633339688
1745683200,29436.26663333969
1745697600,29399.846633339686
1745712000,29366.756633339686
1745726400,29344.666633339686
1745740800,29316.406633339688
1745755200,29295.51663333969
1745769600,29381.096633339686
1745784000,29275.53663333969
1745798400,29328.136633339687
1745812800,29481.506633339686
1745827200,29475.976633339687
1745841600,29215.686633339687
1745856000,29353.80663333969
1745870400,29494.084804724887
1745884800,29494.084804724887
1745899200,29494.084804724887
1745913600,29494.084804724887
1745928000,29494.084804724887
1745942400,29494.084804724887
1745956800,29494.084804724887
1745971200,29494.084804724887
1745985600,29494.084804724887
1746000000,29494.084804724887
1746014400,29494.084804724887
1746028800,29494.084804724887
1746043200,29494.084804724887
1746057600,29494.084804724887
1746072000,29494.084804724887
1746086400,29494.084804724887
1746100800,29494.084804724887
1746115200,29494.084804724887
1746129600,29494.084804724887
1746144000,29494.084804724887
1746158400,29494.084804724887
1746172800,29494.084804724887
1746187200,29494.084804724887
1746201600,29494.084804724887
1746216000,29494.084804724887
1746230400,29494.084804724887
1746244800,29494.084804724887
1746259200,29494.084804724887
1746273600,29494.084804724887
1746288000,29494.084804724887
1746302400,29494.084804724887
1746316800,29494.084804724887
1746331200,29494.084804724887
1746345600,29494.084804724887
1746360000,29494.084804724887
1746374400,29494.084804724887
1746388800,29494.084804724887
1746403200,29494.084804724887
1746417600,29494.084804724887
1746432000,29494.084804724887
1746446400,29494.084804724887
1746460800,29494.084804724887
1746475200,29494.084804724887
1746489600,29494.084804724887
1746504000,29494.084804724887
1746518400,29494.084804724887
1746532800,29494.084804724887
1746547200,29494.084804724887
1746561600,29494.084804724887
1746576000,29494.084804724887
1746590400,29494.084804724887
1746604800,29497.584804724887
1746619200,29409.584804724887
1746633600,29379.084804724887
1746648000,29601.384804724887
1746662400,30313.884804724887
1746676800,30432.284804724888
1746691200,30564.834804724887
1746705600,30831.88480472489
1746720000,31127.884804724887
1746734400,31569.284804724888
1746748800,31402.934804724886
1746763200,31902.684804724886
1746777600,31879.98480472489
1746792000,31717.48480472489
1746806400,31765.284804724888
1746820800,31771.084804724887
1746835200,31806.934804724886
1746849600,32163.889826019888
1746864000,32018.78982601989
1746878400,32232.439826019887
1746892800,32447.272723559887
1746907200,32447.272723559887
1746921600,32447.272723559887
1746936000,32447.272723559887
1746950400,32447.272723559887
1746964800,32447.272723559887
1746979200,32447.272723559887
1746993600,32447.272723559887
1747008000,32447.272723559887
1747022400,32447.272723559887
1747036800,32447.272723559887
1747051200,32447.272723559887
1747065600,32447.272723559887
1747080000,32447.272723559887
1747094400,32447.272723559887
1747108800,32447.272723559887
1747123200,32447.272723559887
1747137600,32447.272723559887
1747152000,32447.272723559887
1747166400,32447.272723559887
1747180800,32447.272723559887
1747195200,32447.272723559887
1747209600,32447.272723559887
1747224000,32447.272723559887
1747238400,32447.272723559887
1747252800,32447.272723559887
1747267200,32447.272723559887
1747281600,32447.272723559887
1747296000,32447.272723559887
1747310400,32447.272723559887
1747324800,32447.272723559887
1747339200,32447.272723559887
1747353600,32447.272723559887
1747368000,32447.272723559887
1747382400,32447.272723559887
1747396800,32447.272723559887
1747411200,32447.272723559887
1747425600,32447.272723559887
1747440000,32447.272723559887
1747454400,32447.272723559887
1747468800,32447.272723559887
1747483200,32447.272723559887
1747497600,32447.272723559887
1747512000,32447.272723559887
1747526400,32447.272723559887
1747540800,32447.272723559887
1747555200,32447.272723559887
1747569600,32447.272723559887
1747584000,32447.272723559887
1747598400,32447.272723559887
1747612800,32447.272723559887
1747627200,32447.272723559887
1747641600,32447.272723559887
1747656000,32447.272723559887
1747670400,32447.272723559887
1747684800,32447.272723559887
1747699200,32447.272723559887
1747713600,32447.272723559887
1747728000,32447.272723559887
1747742400,32447.272723559887
1747756800,32447.272723559887
1747771200,32447.272723559887
1747785600,32447.272723559887
1747800000,32447.272723559887
1747814400,32447.272723559887
1747828800,32454.322723559886
1747843200,32368.67272355989
1747857600,32350.072723559886
1747872000,32478.022723559887
1747886400,32431.972723559888
1747900800,32464.67272355989
1747915200,32488.072723559886
1747929600,32481.472723559888
1747944000,32490.322723559886
1747958400,32573.122723559885
1747972800,32464.972723559888
1747987200,32345.42272355989
1748001600,32435.272723559887
1748016000,32548.67272355989
1748030400,32340.072723559886
1748044800,32348.572723559886
1748059200,32401.722723559888
1748073600,32470.486690344886
1748088000,32454.096690344886
1748102400,32424.396690344885
1748116800,32388.206690344887
1748131200,32396.236690344886
1748145600,32386.336690344888
1748160000,32302.296690344887
1748174400,32295.256690344886
1748188800,32324.076690344886
1748203200,32401.736690344886
1748217600,32430.006690344886
1748232000,32423.406690344887
1748246400,32374.016690344888
1748260800,32350.256690344886
1748275200,32307.500754198885
1748289600,32307.500754198885
1748304000,32307.500754198885
1748318400,32307.500754198885
1748332800,32307.500754198885
1748347200,32307.500754198885
1748361600,32307.500754198885
1748376000,32307.500754198885
1748390400,32307.500754198885
1748404800,32307.500754198885
1748419200,32307.500754198885
1748433600,32307.500754198885
1748448000,32307.500754198885
1748462400,32307.500754198885
1748476800,32307.500754198885
1748491200,32307.500754198885
1748505600,32307.500754198885
1748520000,32307.500754198885
1748534400,32307.500754198885
1748548800,32307.500754198885
1748563200,32307.500754198885
1748577600,32288.240754198887
1748592000,32292.950754198886
1748606400,32257.430754198886
1748620800,32221.865754198887
1748635200,32156.360754198886
1748649600,32131.235754198886
1748664000,32141.915754198886
1748678400,32139.815754198884
1748692800,32164.190754198884
1748707200,32166.635754198884
1748721600,32152.535754198885
1748736000,32130.125754198885
1748750400,32123.345754198886
1748764800,32233.095754198886
1748779200,32192.51575419889
1748793600,32089.380754198886
1748808000,32028.050754198888
1748822400,32109.411006576338
1748836800,32070.211006576337
1748851200,32193.211006576337
1748865600,32223.911006576338
1748880000,32167.21100657634
1748894400,32051.261006576337
1748908800,32035.96100657634
1748923200,32104.51100657634
1748937600,31946.06100657634
1748952000,31756.961006576337
1748966400,31621.057412883347
1748980800,31587.607412883346
1748995200,31592.107412883346
1749009600,31573.357412883346
1749024000,31625.557412883347
1749038400,31691.407412883345
1749052800,31584.457412883345
1749067200,31552.20741288335
1749081600,31555.957412883345
1749096000,31498.782218871347
1749110400,31498.782218871347
1749124800,31498.782218871347
1749139200,31498.782218871347
1749153600,31498.782218871347
1749168000,31606.032218871347
1749182400,31595.532218871347
1749196800,31627.482218871348
1749211200,31667.982218871348
1749225600,31630.332218871346
1749240000,31637.382218871346
1749254400,31677.282218871347
1749268800,31678.332218871346
1749283200,31670.082218871346
1749297600,31723.882218871346
1749312000,31696.382218871346
1749326400,31661.532218871347
1749340800,31578.732218871348
1749355200,31541.582218871346
1749369600,31581.582218871346
1749384000,31600.682218871345
1749398400,31772.68221887135
1749412800,31677.884472833848
1749427200,31615.684472833847
1749441600,31536.684472833847
1749456000,31629.884472833848
1749470400,31868.28447283385
1749484800,31875.284472833846
1749499200,31597.734472833843
1749513600,31618.084472833845
1749528000,31734.734472833847
1749542400,31205.821395797848
1749556800,31295.071395797848
1749571200,31013.32139579785
1749585600,30694.821395797844
1749600000,31015.071395797848
1749614400,30911.82139579784
1749628800,31300.321395797844
1749643200,30547.821395797848
1749657600,31123.571395797848
1749672000,31377.321395797844
1749686400,31758.821395797844
1749700800,32189.32139579785
1749715200,32575.852081825367
1749729600,32598.382081825366
1749744000,32751.572081825365
1749758400,32867.161822465365
1749772800,32641.991822465367
1749787200,32781.36182246537
1749801600,32837.79182246537
1749816000,32872.11182246537
1749830400,32980.131822465366
1749844800,33141.72182246537
1749859200,33082.21182246537
1749873600,32978.591822465365
1749888000,32995.97182246537
1749902400,32956.591822465365
1749916800,32869.69182246537
1749931200,32944.49182246537
1749945600,33010.381822465366
1749960000,33066.15182246537
1749974400,33081.60999918617
1749988800,33081.60999918617
1750003200,33081.60999918617
1750017600,33081.60999918617
1750032000,33081.60999918617
1750046400,33081.60999918617
1750060800,33159.30999918617
1750075200,33000.20999918617
1750089600,32839.25999918617
1750104000,33238.85999918617
1750118400,33150.05999918617
1750132800,33292.50999918617
1750147200,33527.45999918617
1750161600,33719.85999918617
1750176000,33584.80999918617
1750190400,33695.80999918617
1750204800,33497.85999918617
1750219200,33525.60999918617
1750233600,33653.25999918617
1750248000,33582.95999918617
1750262400,33692.10999918617
1750276800,33536.70999918617
1750291200,33516.35999918617
1750305600,33543.62902105317
1750320000,33543.62902105317
1750334400,33731.929021053176
1750348800,33842.32902105317
1750363200,33862.32902105317
1750377600,33801.029021053175
1750392000,33793.12902105317
1750406400,33748.429021053176
1750420800,33710.529021053175
1750435200,33695.029021053175
1750449600,33627.929021053176
1750464000,33581.429021053176
1750478400,33586.62902105317
1750492800,33604.929021053176
1750507200,33597.32902105317
1750521600,33585.429021053176
1750536000,33562.429021053176
1750550400,33524.929021053176
1750564800,33487.72902105317
1750579200,33531.34763796518
1750593600,33531.34763796518
1750608000,33520.127637965175
1750622400,33629.79763796517
1750636800,33569.84763796518
1750651200,33623.197637965175
1750665600,33616.157637965174
1750680000,33524.197637965175
1750694400,33628.697637965175
1750708800,33713.947637965175
1750723200,33671.487637965176
1750737600,33625.17763796518
1750752000,33767.20763796518
1750766400,33600.627637965175
1750780800,33586.197637965175
1750795200,33664.64763796518
1750809600,33835.25763796518
1750824000,33914.53763796518
1750838400,33885.29763796517
1750852800,33804.75702667038
1750867200,33838.00702667038
1750881600,33800.75702667038
1750896000,33847.00702667038
1750910400,33838.50702667038
1750924800,33760.25702667038
1750939200,33720.25702667038
1750953600,33741.25702667038
1750968000,33714.50702667038
1750982400,33772.57021288288
1750996800,33772.57021288288
1751011200,33772.57021288288
1751025600,33772.57021288288
1751040000,33772.57021288288
1751054400,33772.57021288288
1751068800,33772.57021288288
1751083200,33772.57021288288
1751097600,33772.57021288288
1751112000,33772.57021288288
1751126400,33772.57021288288
1751140800,33772.57021288288
1751155200,33772.57021288288
1751169600,33772.57021288288
1751184000,33772.57021288288
1751198400,33772.57021288288
1751212800,33772.57021288288
1751227200,33772.57021288288
1751241600,33772.57021288288
1751256000,33772.57021288288
1751270400,33772.57021288288
1751284800,33772.57021288288
1751299200,33772.57021288288
1751313600,33772.57021288288
1751328000,33772.57021288288
1751342400,33772.57021288288
1751356800,33772.57021288288
1751371200,33772.57021288288
1751385600,33772.57021288288
1751400000,33772.57021288288
1751414400,33772.57021288288
1751428800,33785.67021288288
1751443200,33758.17021288288
1751457600,33764.37021288288
1751472000,33801.67021288288
1751486400,33840.47021288288
1751500800,33790.270212882875
1751515200,33937.270212882875
1751529600,33948.270212882875
1751544000,33724.270212882875
1751558400,33785.37021288288
1751572800,33786.770212882875
1751587200,33676.17021288288
1751601600,33493.270212882875
1751616000,33590.770212882875
1751630400,33492.17021288288
1751644800,33582.37021288288
1751659200,33626.92021288288
1751673600,33679.225201517875
1751688000,33712.02520151788
1751702400,33729.07520151788
1751716800,33684.77520151788
1751731200,33688.32520151787
1751745600,33757.646295721876
1751760000,33759.44629572188
1751774400,33726.29629572188
1751788800,33723.44629572188
1751803200,33796.49629572188
1751817600,33804.44629572188
1751832000,33964.79629572188
1751846400,33964.646295721876
1751860800,33964.34629572188
1751875200,33964.49629572188
1751889600,33955.04629572188
1751904000,33863.69659817138
1751918400,33863.69659817138
1751932800,33863.69659817138
1751947200,33863.69659817138
1751961600,33863.69659817138
1751976000,33863.69659817138
1751990400,33934.09659817138
1752004800,33912.29659817138
1752019200,33898.09659817138
1752033600,33954.49659817138
1752048000,34054.29659817138
1752062400,34055.29659817138
1752076800,34133.29659817138
1752091200,34099.69659817138
1752105600,34132.29659817138
1752120000,34164.89659817138
1752134400,34197.09659817138
1752148800,34199.29659817138
1752163200,34417.59659817138
1752177600,34597.04659817138
1752192000,34714.20659817138
1752206400,34686.61659817138
1752220800,35022.75659817138
1752235200,36069.10270599937
1752249600,36470.067705999376
1752264000,35990.14270599937
1752278400,36488.05270599937
1752292800,36110.457705999375
1752307200,36507.597705999375
1752321600,35923.87270599937
1752336000,36144.50770599937
1752350400,36227.832705999375
1752364800,36676.57270599937
1752379200,37001.93770599937
1752393600,36687.86770599937
1752408000,37340.262526011364
1752422400,37356.22807709317
1752436800,37329.903077093164
1752451200,37428.903077093164
1752465600,37439.82307709317
1752480000,37447.29759423427
1752494400,37447.29759423427
1752508800,37447.29759423427
1752523200,37447.29759423427
1752537600,37447.29759423427
1752552000,37447.29759423427
1752566400,37447.29759423427
1752580800,37447.29759423427
1752595200,37447.29759423427
1752609600,37447.29759423427
1752624000,37447.29759423427
1752638400,37447.29759423427
1752652800,37453.79759423427
1752667200,37493.69759423427
1752681600,37495.19759423427
1752696000,37387.897594234266
1752710400,37386.09759423427
1752724800,37517.29759423427
1752739200,37535.19759423427
1752753600,37500.69759423427
1752768000,37436.34759423427
1752782400,37792.147594234266
1752796800,37911.69759423427
1752811200,37712.09759423427
1752825600,37748.747594234264
1752840000,37410.497594234264
1752854400,37425.84759423427
1752868800,37441.54759423427
1752883200,37437.747594234264
1752897600,37392.972055234255
1752912000,37250.67205523426
1752926400,37324.27205523426
1752940800,37346.972055234255
1752955200,37378.472055234255
1752969600,37442.822055234254
1752984000,37476.89170023426
1752998400,37527.29170023426
1753012800,37578.091700234254
1753027200,37587.89170023426
1753041600,37481.89170023426
1753056000,37641.69170023425
1753070400,37713.091700234254
1753084800,37705.39170023426
1753099200,37673.79170023426
1753113600,37553.19170023425
1753128000,37588.89170023426
1753142400,37447.79170023426
1753156800,37430.53600319925
1753171200,37430.53600319925
1753185600,37430.53600319925
1753200000,37430.53600319925
1753214400,37430.53600319925
1753228800,37430.53600319925
1753243200,37430.53600319925
1753257600,37430.53600319925
1753272000,37430.53600319925
1753286400,37430.53600319925
1753300800,37430.53600319925
1753315200,37430.53600319925
1753329600,37298.436003199255
1753344000,37415.73600319925
1753358400,37533.13600319925
1753372800,37442.53600319925
1753387200,37375.836003199256
1753401600,37291.23600319925
1753416000,37280.23600319925
1753430400,37375.936003199255
1753444800,37648.936003199255
1753459200,37554.73600319926
1753473600,37262.936003199255
1753488000,37145.48600319926
1753502400,37241.38600319925
1753516800,37020.78600319925
1753531200,36486.83600319925
1753545600,35786.02382069926
1753560000,36042.323820699254
1753574400,35928.61352869924
1753588800,35933.11352869924
1753603200,35982.61352869924
1753617600,35756.11352869925
1753632000,35510.413528699246
1753646400,35118.913528699246
1753660800,35390.71352869924
1753675200,35347.964548699245
1753689600,35425.96454869924
1753704000,36106.36454869924
1753718400,36273.16454869924
1753732800,36174.16454869924
1753747200,36286.964548699245
1753761600,35954.564548699236
1753776000,36061.96454869924
1753790400,36777.76454869924
1753804800,36873.16454869924
1753819200,36645.76454869924
1753833600,36822.76454869924
1753848000,36955.36454869924
1753862400,37134.542536699235
1753876800,37134.542536699235
1753891200,37134.542536699235
1753905600,37134.542536699235
1753920000,37134.542536699235
1753934400,37134.542536699235
1753948800,37357.542536699235
1753963200,38415.34253669923
1753977600,39121.94253669923
1753992000,40000.542536699235
1754006400,40247.94253669924
1754020800,40870.14253669923
1754035200,40723.542536699235
1754049600,40491.94253669924
1754064000,40834.542536699235
1754078400,42153.34253669923
1754092800,41732.542536699235
1754107200,41866.94253669923
1754121600,41995.94253669924
1754136000,42910.24253669923
1754150400,43553.042536699235
1754164800,43506.34253669924
1754179200,42613.042536699235
1754193600,42423.75341323924
1754208000,42491.15341323924
1754222400,42623.49741323924
1754236800,42523.65141323924
1754251200,42567.42741323924
1754265600,42622.43541323924
1754280000,42660.21141323924
1754294400,42611.07141323924
1754308800,42552.03741323924
1754323200,42607.35141323924
1754337600,42557.193413239234
1754352000,42611.371413239234
1754366400,42630.08941728224
1754380800,42475.77541728223
1754395200,44205.611417282234
1754409600,44188.37741728223
1754424000,43928.00741728223
1754438400,44764.41741728224
1754452800,43930.77941728223
1754467200,44166.112602578156
1754481600,43362.112602578156
1754496000,43352.828602578156
1754510400,43389.16660257816
1754524800,43772.90260257816
1754539200,43345.84860257816
1754553600,41622.108602578155
1754568000,41921.818602578154
1754582400,41657.178602578155
1754596800,39793.29904523316
1754611200,39715.99773983316
1754625600,39701.63373983316
1754640000,39689.30373983316
1754654400,39811.43373983316
1754668800,39121.60173983315
1754683200,39379.21773983316
1754697600,39532.973739833156
1754712000,39190.66773983316
1754726400,39196.66173983316
1754740800,39340.26468913895
1754755200,39350.61468913896
1754769600,39486.51468913895
1754784000,39217.86468913896
1754798400,39846.96468913896
1754812800,39887.914689138954
1754827200,39706.564689138955
1754841600,39574.26468913895
1754856000,39597.664689138954
1754870400,39251.61468913895
1754884800,39428.01468913895
1754899200,39662.914689138954
1754913600,39630.268488594964
1754928000,39630.268488594964
1754942400,39630.268488594964
1754956800,39630.268488594964
1754971200,39630.268488594964
1754985600,39630.268488594964
1755000000,39630.268488594964
1755014400,39630.268488594964
1755028800,39758.268488594964
1755043200,39834.668488594965
1755057600,39980.61848859496
1755072000,39511.11848859496
1755086400,39839.06848859497
1755100800,39324.56848859496
1755115200,39364.268488594964
1755129600,38712.81848859497
1755144000,39342.268488594964
1755158400,39936.06848859497
1755172800,41403.66848859496
1755187200,41556.46848859496
1755201600,41525.418488594965
1755216000,40425.018488594964
1755230400,39984.56848859497
1755244800,40555.21848859496
1755259200,41565.918488594965
1755273600,41322.37635959497
1755288000,41225.12635959497
1755302400,41135.17680929497
1755316800,41197.42680929497
1755331200,41045.92680929497
1755345600,41176.59287477497
1755360000,41176.59287477497
1755374400,41176.59287477497
1755388800,41176.59287477497
1755403200,41121.767874774974
1755417600,41070.087874774974
1755432000,41080.78087477497
1755446400,41193.66087477497
1755460800,41223.104874774974
1755475200,41578.21787477497
1755489600,41597.20687477497
1755504000,41640.250874774974
1755518400,41436.35287477497
1755532800,41406.77287477497
1755547200,41422.03887477497
1755561600,41664.62887477497
1755576000,41658.87187477497
1755590400,41667.38087477497
1755604800,41860.15087477497
1755619200,41867.68987477497
1755633600,41833.88687477497
1755648000,41835.85393478535
1755662400,41942.35393478535
1755676800,42075.60393478535
1755691200,42323.85393478535
1755705600,42374.60393478535
1755720000,42449.85393478535
1755734400,42286.85393478535
1755748800,42262.60393478535
1755763200,42362.10393478535
1755777600,42106.35393478535
1755792000,42068.60393478535
1755806400,42039.35393478535
1755820800,41997.82924846035
1755835200,41997.82924846035
1755849600,41997.82924846035
1755864000,42536.82924846035
1755878400,42717.57924846035
1755892800,42624.07924846035
1755907200,42413.32924846035
1755921600,41906.57924846035
1755936000,41870.57924846035
1755950400,41886.32924846036
1755964800,41523.07924846035
1755979200,41598.07924846035
1755993600,41832.57924846035
1756008000,42128.82924846035
1756022400,42362.32924846035
1756036800,42257.82924846035
1756051200,42014.07924846036
1756065600,42073.32924846035
1756080000,42148.32924846035
1756094400,42852.57924846035
1756108800,42811.65347281035
1756123200,42971.65347281035
1756137600,43426.65347281035
1756152000,43656.65347281035
1756166400,43357.53167961035
1756180800,43357.53167961035
1756195200,43357.53167961035
1756209600,43357.53167961035
1756224000,43357.53167961035
1756238400,43357.53167961035
1756252800,43357.53167961035
1756267200,43450.81467961035
1756281600,43365.33267961035
1756296000,43241.66567961035
1756310400,43204.55267961035
1756324800,43296.00367961035
1756339200,43176.255679610345
1756353600,43003.98667961035
1756368000,43006.99967961035
1756382400,43039.74567961035
1756396800,43116.74167961035
1756411200,43086.64767961035
1756425600,43056.85067961035
1756440000,44039.67467961035
1756454400,44297.20267961035
1756468800,44756.39867961035
1756483200,44828.68967961035
1756497600,44781.57867961035
1756512000,44725.0753755539
1756526400,44492.1753755539
1756540800,44550.825375553904
1756555200,44402.9253755539
1756569600,44567.4053755539
1756584000,44536.55537555391
1756598400,44238.0053755539
1756612800,44481.9553755539
1756627200,44409.8853755539
1756641600,44301.895375553904
1756656000,44488.895375553904
1756670400,44960.419127825895
1756684800,45078.279127825896
1756699200,44724.0391278259
1756713600,44857.7191278259
1756728000,44854.4991278259
1756742400,44766.3591278259
1756756800,44764.5191278259
1756771200,44544.8991278259
1756785600,44564.0791278259
1756800000,44662.3791278259
1756814400,44449.9243382671
1756828800,44449.9243382671
1756843200,44449.9243382671
1756857600,44410.1243382671
1756872000,44533.7243382671
1756886400,44224.9743382671
1756900800,43687.874338267095
1756915200,43708.774338267096
1756929600,43831.774338267096
1756944000,44092.274338267096
1756958400,44228.874338267095
1756972800,44062.2043382671
1756987200,44568.1843382671
1757001600,44712.9643382671
1757016000,44597.2243382671
1757030400,44500.3243382671
1757044800,44149.344338267096
1757059200,44181.164338267095
1757073600,45387.984338267095
1757088000,44583.8543382671
1757102400,44727.3195381966
1757116800,44795.1095381966
1757131200,45130.8795381966
1757145600,45137.4595381966
1757160000,45256.3595381966
1757174400,45339.7195381966
1757188800,44971.5795381966
1757203200,44691.2595381966
1757217600,44631.6912005326
1757232000,44393.6912005326
1757246400,43826.5212005326
1757260800,44075.3412005326
1757275200,43311.70651883261
1757289600,43173.62651883261
1757304000,42986.2912410946
1757318400,42855.4612410946
1757332800,42390.3177053694
1757347200,42763.3777053694
1757361600,42708.297705369405
1757376000,42653.13770536941
1757390400,42402.1777053694
1757404800,42536.37770536941
1757419200,43196.88770536941
1757433600,43066.0977053694
1757448000,42987.797705369405
1757462400,42740.8977053694
1757476800,42672.73885021941
1757491200,42689.038850219404
1757505600,42067.83885021941
1757520000,42282.3888502194
1757534400,41739.38885021941
1757548800,41657.23885021941
1757563200,41353.8388502194
1757577600,41605.01294984441
1757592000,42279.01294984441
1757606400,41840.3129498444
1757620800,41166.91294984441
1757635200,41347.612949844406
1757649600,40964.80120319342
1757664000,41111.15120319342
1757678400,41241.85120319342
1757692800,40319.40120319342
1757707200,39952.696611168416
1757721600,39865.196611168416
1757736000,39988.696611168416
1757750400,39580.089206593424
1757764800,39580.089206593424
1757779200,39580.089206593424
1757793600,39580.089206593424
1757808000,39580.089206593424
1757822400,39580.089206593424
1757836800,39580.089206593424
1757851200,39580.089206593424
1757865600,39580.089206593424
1757880000,39580.089206593424
1757894400,39580.089206593424
1757908800,39580.089206593424
1757923200,39580.089206593424
1757937600,39580.089206593424
1757952000,39580.089206593424
1757966400,39580.089206593424
1757980800,39580.089206593424
1757995200,39580.089206593424
1758009600,39580.089206593424
1758024000,39544.88920659343
1758038400,39428.089206593424
1758052800,39452.88920659343
1758067200,39604.88920659343
1758081600,39327.589206593424
1758096000,39781.63920659342
1758110400,39990.48920659342
1758124800,38741.239206593425
1758139200,36207.46391135342
1758153600,35646.82391135342
1758168000,36214.113911353415
1758182400,35835.753911353415
1758196800,35168.08727135342
1758211200,34726.28055052942
1758225600,34828.76055052942
1758240000,35408.410550529414
1758254400,35342.26055052942
1758268800,35806.56055052942
1758283200,36221.34055052942
1758297600,36918.09055052942
1758312000,36692.19055052942
1758326400,36578.22222312541
1758340800,36364.54222312542
1758355200,36835.07222312542
1758369600,36496.376768061426
1758384000,36822.87676806142
1758398400,36769.07676806142
1758412800,36569.62676806142
1758427200,36394.52676806143
1758441600,36843.35131828143
1758456000,36773.35131828143
1758470400,36717.35131828143
1758484800,37054.55131828143
1758499200,38208.35131828143
1758513600,40058.35131828143
1758528000,39973.75131828143
1758542400,40040.55131828143
1758556800,40251.75131828143
1758571200,39646.15131828142
1758585600,39822.55131828143
1758600000,39709.21015992143
1758614400,39652.21015992143
1758628800,39202.81015992143
1758643200,39436.81015992143
1758657600,39418.81015992143
1758672000,39583.81015992142
1758686400,39259.81015992143
1758700800,39136.21015992143
1758715200,39207.010159921425
1758729600,39233.157910321424
1758744000,39244.377910321426
1758758400,39363.50791032142
1758772800,39758.34791032143
1758787200,39997.267910321425
1758801600,39738.237910321426
1758816000,40464.28791032143
1758830400,40954.81791032143
1758844800,40500.35791032143
1758859200,40332.78791032143
1758873600,40632.877910321426
1758888000,40386.89791032143
1758902400,39971.00791032142
1758916800,39809.56791032143
1758931200,39837.68791032143
1758945600,40080.35791032143
1758960000,40105.94791032143
1758974400,40115.09097509482
1758988800,40143.89097509482
1759003200,40067.89097509482
1759017600,40250.659180494826
1759032000,40250.659180494826
1759046400,40250.659180494826
1759060800,40250.659180494826
1759075200,40250.659180494826
1759089600,39816.659180494826
1759104000,40045.759180494824
1759118400,40421.35918049482
1759132800,40655.259180494824
1759147200,39956.759180494824
1759161600,39483.909180494826
1759176000,39441.80918049482
1759190400,40047.30918049483
1759204800,40222.85918049482
1759219200,40451.909180494826
1759233600,41198.259180494824
1759248000,39964.05918049483
1759262400,40156.45918049483
1759276800,40771.60918049483
1759291200,40249.70918049483
1759305600,37735.35449840283
1759320000,37365.90350799383
1759334400,37241.70350799383
1759348800,37203.38900747783
1759363200,37106.589007477836
1759377600,37207.38900747783
1759392000,37349.78900747783
1759406400,37328.98900747783
1759420800,36924.98900747784
1759435200,37046.589007477836
1759449600,37188.189007477835
1759464000,37356.98900747783
1759478400,37453.78900747783
1759492800,37089.78900747783
1759507200,37164.189007477835
1759521600,37258.589007477836
1759536000,37485.78900747783
1759550400,37608.189007477835
1759564800,37789.78900747783
1759579200,37790.589007477836
1759593600,37667.38900747783
1759608000,37649.94693579783
1759622400,37649.94693579783
1759636800,37213.18693579783
1759651200,37386.47693579783
1759665600,37764.02693579783
1759680000,38207.68693579783
1759694400,38191.91693579783
1759708800,38142.20693579783
1759723200,38144.32693579783
1759737600,37905.08693579783
1759752000,37313.61693579783
1759766400,36733.33693579783
1759780800,36942.73693579783
1759795200,37059.48693579783
1759809600,37465.32693579783
1759824000,37578.706935797825
1759838400,38688.09693579783
1759852800,38784.146935797835
1759867200,38901.526935797825
1759881600,38870.51759447403
1759896000,38870.51759447403
1759910400,38870.51759447403
1759924800,38870.51759447403
1759939200,38870.51759447403
1759953600,38746.417594474035
1759968000,39055.817594474036
1759982400,39301.567594474036
1759996800,39501.11759447403
1760011200,39627.317594474036
1760025600,39450.21759447403
1760040000,39285.56759447403
1760054400,38931.31759447403
1760068800,38990.067594474036
1760083200,38905.26759447403
1760097600,39534.417594474035
1760112000,40175.11759447403
1760126400,41736.71759447403
1760140800,41977.26759447403
1760155200,41893.96759447403
1760169600,42117.21759447403
1760184000,42016.71759447403
1760198400,41883.32391282953
1760212800,41892.97391282953
1760227200,41689.50892053353
1760241600,42085.50892053353
1760256000,41858.908920533526
1760270400,43241.35892053353
1760284800,43888.55892053353
1760299200,43583.70892053353
1760313600,43468.60892053353
1760328000,43847.50892053353
1760342400,43416.20892053353
1760356800,43866.60892053353
1760371200,44309.34892053353
1760385600,44295.677315938025
1760400000,44145.23731593803
1760414400,44074.12731593803
1760428800,44145.37731593803
1760443200,44061.157315938035
1760457600,43891.37731593803
1760472000,43940.787315938025
1760486400,43873.58284357803
1760500800,44049.89284357803
1760515200,43992.182843578026
1760529600,43871.54284357803
1760544000,43812.63284357802
1760558400,43757.98284357803
1760572800,43718.612843578034
1760587200,43798.09284357803
1760601600,43999.142843578025
1760616000,43643.987777537826
1760630400,43410.63777753783
1760644800,43459.718741946825
1760659200,43460.468741946825
1760673600,43066.718741946825
1760688000,43172.218741946825
1760702400,43201.468741946825
1760716800,43200.218741946825
1760731200,43205.968741946825
1760745600,43224.169823996825
1760760000,43224.169823996825
1760774400,43224.169823996825
1760788800,43224.169823996825
1760803200,43259.86982399682
1760817600,43263.01982399682
1760832000,43267.919823996825
1760846400,43213.319823996826
1760860800,43317.26982399682
1760875200,43447.46982399683
1760889600,43472.669823996825
1760904000,43422.96982399683
1760918400,43568.569823996826
1760932800,43669.71982399683
1760947200,43640.169823996825
1760961600,43530.51982399682
1760976000,43551.51982399682
1760990400,43482.36982399682
1761004800,43215.86982399682
1761019200,43132.01982399682
1761033600,43189.96982399683
1761048000,43805.238822580824
1761062400,43651.988822580824
1761076800,43383.988822580824
1761091200,43393.33882258082
1761105600,43378.238822580824
1761120000,43342.43882258082
1761134400,43455.83882258082
1761148800,43195.18882258082
1761163200,43119.33882258082
1761177600,43233.03882258083
1761192000,43485.49702955582
1761206400,43368.797029555826
1761220800,43470.99702955582
1761235200,43504.24702955583
1761249600,43461.69702955583
1761264000,43443.24702955582
1761278400,43590.44702955583
1761292800,43640.34702955583
1761307200,43506.797029555826
1761321600,43637.09702955583
1761336000,43703.23681648633
1761350400,43705.936816486326
1761364800,43709.83681648633
1761379200,43696.33681648633
1761393600,43651.59258313633
1761408000,43651.59258313633
1761422400,43651.59258313633
1761436800,43651.59258313633
1761451200,43651.59258313633
1761465600,43651.59258313633
1761480000,43651.59258313633
1761494400,43651.59258313633
1761508800,43651.59258313633
1761523200,43651.59258313633
1761537600,43651.59258313633
1761552000,43651.59258313633
1761566400,43651.59258313633
1761580800,43651.59258313633
1761595200,43651.59258313633
1761609600,43651.59258313633
1761624000,43651.59258313633
1761638400,43651.59258313633
1761652800,43651.59258313633
1761667200,43651.59258313633
1761681600,43651.59258313633
1761696000,43651.59258313633
1761710400,43651.59258313633
1761724800,43651.59258313633
1761739200,43651.59258313633
1761753600,43651.59258313633
1761768000,43651.59258313633
1761782400,43651.59258313633
1761796800,43651.59258313633
1761811200,43651.59258313633
1761825600,43651.59258313633
1761840000,43651.59258313633
1761854400,43651.59258313633
1761868800,43651.59258313633
1761883200,43651.59258313633
1761897600,43651.59258313633
1761912000,43651.59258313633
1761926400,43651.59258313633
1761940800,43620.09258313633
1761955200,43636.292583136325
1761969600,43639.59258313633
1761984000,43638.692583136326
1761998400,43647.09258313633
1762012800,43648.89258313633
1762027200,43647.39258313633
1762041600,43612.89258313633
1762056000,43673.49258313633
1762070400,43635.99258313633
1762084800,43530.09258313633
1762099200,43524.99258313633
1762113600,43618.292583136325
1762128000,43279.59258313633
1762142400,43231.89258313633
1762156800,43251.99258313633
1762171200,43037.49258313633
1762185600,43066.130101516326
1762200000,43066.130101516326
1762214400,43066.130101516326
1762228800,43066.130101516326
1762243200,43209.980101516325
1762257600,43134.380101516326
1762272000,42926.130101516326
1762286400,43074.880101516326
1762300800,43151.18010151633
1762315200,43167.980101516325
1762329600,43131.58010151632
1762344000,43250.93010151633
1762358400,43250.230101516325
1762372800,43247.08010151632
1762387200,43243.230101516325
1762401600,43109.880101516326
1762416000,43093.380101516326
1762430400,43197.78010151633
1762444800,43383.62010151633
1762459200,43419.78010151633
1762473600,43404.10010151633
1762488000,43468.182400620324
1762502400,43790.12240062033
1762516800,43712.34240062033
1762531200,43537.74240062032
1762545600,43556.30240062033
1762560000,43682.582400620326
1762574400,43693.16240062033
1762588800,43774.222400620325
1762603200,43645.942400620326
1762617600,43632.28240062032
1762632000,43597.48240062033
1762646400,43572.362400620324
1762660800,43584.97538251273
1762675200,43520.97538251273
1762689600,43316.47938251273
1762704000,43130.53638251273
1762718400,43213.17138251273
1762732800,43146.57138251273
1762747200,43169.28038251273
1762761600,43409.51138251273
1762776000,43304.97438406273
1762790400,43255.93138406273
1762804800,43296.12038406272
1762819200,43297.51038406273
1762833600,43320.273384062726
1762848000,43249.24138406273
1762862400,43675.43138406273
1762876800,43623.587384062725
1762891200,43495.82538406273
1762905600,43504.93138406273
1762920000,43489.03638406273
1762934400,43159.15564133147
1762948800,42899.15564133147
1762963200,42690.58799013147
1762977600,42694.787990131466
1762992000,42818.08799013147
1763006400,42961.48799013147
1763020800,42947.387990131465
1763035200,42794.98799013147
1763049600,42314.08799013147
1763064000,42503.68799013147
1763078400,42332.98799013147
1763092800,42114.58799013147
1763107200,41939.98799013147
1763121600,41915.387990131465
1763136000,41954.98799013147
1763150400,41758.787990131466
1763164800,41912.98799013146
1763179200,41919.58799013147
1763193600,41894.08799013147
1763208000,41904.57378127947
1763222400,41904.57378127947
1763236800,41904.57378127947
1763251200,41904.57378127947
1763265600,41904.57378127947
1763280000,41904.57378127947
1763294400,41904.57378127947
1763308800,41904.57378127947
1763323200,41904.57378127947
1763337600,41904.57378127947
1763352000,41904.57378127947
1763366400,41904.57378127947
1763380800,41904.57378127947
1763395200,41904.57378127947
1763409600,41904.57378127947
1763424000,41904.57378127947
1763438400,41904.57378127947
1763452800,41904.57378127947
1763467200,41904.57378127947
1763481600,41904.57378127947
1763496000,41904.57378127947
1763510400,41904.57378127947
1763524800,41904.57378127947
1763539200,42004.497781279475
1763553600,42328.205781279474
1763568000,42557.73178127947
1763582400,41974.46778127947
1763596800,41777.413781279465
1763611200,41807.597781279466
1763625600,41890.05378127947
1763640000,42342.637781279474
1763654400,42992.75978127947
1763668800,43036.58978127947
1763683200,43190.17578127947
1763697600,43375.65178127947
1763712000,43360.17378127947
1763726400,43387.10378127947
1763740800,43425.89178127947
1763755200,43178.50578127947
1763769600,43290.273781279466
1763784000,43281.59699719915
1763798400,43023.24699719915
1763812800,42950.59699719915
1763827200,43134.54699719915
1763841600,43298.99699719915
1763856000,43928.54699719915
1763870400,43852.49699719915
1763884800,44116.24699719915
1763899200,44683.09699719915
1763913600,45026.342487839654
1763928000,44829.79248783965
1763942400,45118.69248783965
1763956800,44978.79439158365
1763971200,44910.28367887116
1763985600,45006.58367887115
1764000000,45438.883678871156
1764014400,45416.246566871145
1764028800,45416.246566871145
1764043200,45416.246566871145
1764057600,45416.246566871145
1764072000,45416.246566871145
1764086400,45416.246566871145
1764100800,45416.246566871145
1764115200,45416.246566871145
1764129600,45416.246566871145
1764144000,45416.246566871145
1764158400,45416.246566871145
1764172800,45416.246566871145
1764187200,45416.246566871145
1764201600,45416.246566871145
1764216000,45416.246566871145
1764230400,45416.246566871145
1764244800,45416.246566871145
1764259200,45416.246566871145
1764273600,45416.246566871145
1764288000,45416.246566871145
1764302400,45416.246566871145
1764316800,45416.246566871145
1764331200,45416.246566871145
1764345600,45416.246566871145
1764360000,45416.246566871145
1764374400,45416.246566871145
1764388800,45416.246566871145
1764403200,45416.246566871145
1764417600,45416.246566871145
1764432000,45416.246566871145
1764446400,45416.246566871145
1764460800,45416.246566871145
1764475200,45416.246566871145
1764489600,45416.246566871145
1764504000,45416.246566871145
1764518400,45416.246566871145
1764532800,45416.246566871145
1764547200,45416.246566871145
1764561600,45416.246566871145
1764576000,45416.246566871145
1764590400,45416.246566871145
1764604800,45416.246566871145
1764619200,45416.246566871145
1764633600,45416.246566871145
1764648000,45389.246566871145
1764662400,45455.246566871145
1764676800,45974.246566871145
1764691200,46067.246566871145
1764705600,46052.246566871145
1764720000,46209.29656687114
1764734400,46374.146566871146
1764748800,46167.896566871146
1764763200,46075.646566871146
1764777600,46490.146566871146
1764792000,46687.79656687115
1764806400,46600.896566871146
1764820800,46528.646566871146
1764835200,46276.94656687114
1764849600,46358.34656687114
1764864000,45924.69656687115
1764878400,45867.59656687114
1764892800,45902.78372072115
1764907200,45887.43372072114
1764921600,45242.833720721144
1764936000,45109.983720721146
1764950400,44492.38372072115
1764964800,44378.791696574146
1764979200,44442.94169657415
1764993600,44311.49169657414
1765008000,44391.69169657415
1765022400,44442.125277363135
1765036800,44478.125277363135
1765051200,44469.125277363135
1765065600,44508.125277363135
1765080000,44478.125277363135
1765094400,44367.125277363135
1765108800,44439.125277363135
1765123200,44514.125277363135
1765137600,44369.31335886313
1765152000,44369.31335886313
1765166400,44369.31335886313
1765180800,44369.31335886313
1765195200,44369.31335886313
1765209600,44369.31335886313
1765224000,44369.31335886313
1765238400,44369.31335886313
1765252800,44369.31335886313
1765267200,44369.31335886313
1765281600,44369.31335886313
1765296000,44369.31335886313
1765310400,44369.31335886313
1765324800,44369.31335886313
1765339200,44369.31335886313
1765353600,44319.31335886313
1765368000,44321.81335886313
1765382400,44484.31335886313
1765396800,44291.81335886313
1765411200,43966.81335886313
1765425600,43984.31335886313
1765440000,43924.31335886313
1765454400,43884.31335886313
1765468800,43894.31335886313
1765483200,43981.81335886313
1765497600,43979.31335886313
1765512000,43959.31335886313
1765526400,43934.31335886313
1765540800,43734.31335886313
1765555200,43798.41335886313
1765569600,43903.71335886313
1765584000,43981.16335886313
1765598400,44008.928065863125
1765612800,44056.178065863125
1765627200,44086.32806586313
1765641600,44063.82806586313
1765656000,44066.07806586313
1765670400,44056.178065863125
1765684800,44030.52806586312
1765699200,43965.27806586312
1765713600,43904.97806586313
1765728000,43852.77806586312
1765742400,43842.428065863125
1765756800,43938.27806586312
1765771200,43944.12806586312
1765785600,43966.62806586313
1765800000,43686.96815612713
1765814400,43686.96815612713
1765828800,43686.96815612713
1765843200,43686.96815612713
1765857600,43686.96815612713
1765872000,43686.96815612713
1765886400,43686.96815612713
1765900800,43686.96815612713
1765915200,43686.96815612713
1765929600,43663.56815612713
1765944000,43646.918156127125
1765958400,43620.81815612713
1765972800,43604.16815612713
1765987200,43448.01815612713
1766001600,43441.71815612713
1766016000,43400.31815612713
1766030400,43374.66815612713
1766044800,43432.71815612713
1766059200,43586.168156127125
1766073600,43167.668156127125
1766088000,43251.36815612713
1766102400,43405.71815612713
1766116800,43515.06815612713
1766131200,43527.668156127125
1766145600,43590.21815612713
1766160000,43737.36815612713
1766174400,43701.328956915124
1766188800,43653.478956915125
1766203200,43684.27895691512
1766217600,43760.17895691512
1766232000,43750.828956915124
1766246400,43748.62895691513
1766260800,43769.088956915126
1766275200,43774.80895691513
1766289600,43646.98895691513
1766304000,43654.24895691512
1766318400,43447.008956915124
1766332800,43556.018956915126
1766347200,43658.978956915125
1766361600,43559.42895691512
1766376000,43571.85895691512
1766390400,43724.09895691513
1766404800,43884.258956915124
1766419200,43697.91895691513
1766433600,43762.54814569312
1766448000,43758.14814569312
1766462400,43668.71814569312
1766476800,43655.62814569312
1766491200,43613.49814569312
1766505600,43597.72632358752
1766520000,43597.72632358752
1766534400,43597.72632358752
1766548800,43597.72632358752
1766563200,43597.72632358752
1766577600,43597.72632358752
1766592000,43597.72632358752
1766606400,43597.72632358752
1766620800,43597.72632358752
1766635200,43597.72632358752
1766649600,43597.72632358752
1766664000,43597.72632358752
1766678400,43597.72632358752
1766692800,43597.72632358752
1766707200,43597.72632358752
1766721600,43597.72632358752
1766736000,43597.72632358752
1766750400,43597.72632358752
1766764800,43597.72632358752
1766779200,43597.72632358752
1766793600,43597.72632358752
1766808000,43597.72632358752
1766822400,43597.72632358752
1766836800,43597.72632358752
1766851200,43597.72632358752
1766865600,43597.72632358752
1766880000,43597.72632358752
1766894400,43597.72632358752
1766908800,43597.72632358752
1766923200,43597.72632358752
1766937600,43597.72632358752
1766952000,43597.72632358752
1766966400,43597.72632358752
1766980800,43597.72632358752
1766995200,43438.42632358752
1767009600,43436.42632358752
1767024000,43396.02632358752
1767038400,43415.82632358752
1767052800,43453.82632358752
1767067200,43400.02632358752
1767081600,43424.42632358752
1767096000,43448.42632358752
1767110400,43391.026323587525
1767124800,43384.026323587525
1767139200,43407.52632358752
1767153600,43427.526323587525
1767168000,43445.72632358752
1767182400,43385.12632358752
1767196800,43401.22632358752
1767211200,43419.82632358752
1767225600,43393.62632358752
1767240000,43369.85859139152
1767254400,43369.85859139152
1767268800,43369.85859139152
1767283200,43369.85859139152
1767297600,43347.35859139152
1767312000,43434.35859139152
1767326400,43333.85859139152
1767340800,43408.85859139152
1767355200,43575.35859139152
1767369600,43827.35859139152
1767384000,44257.758591391525
1767398400,44305.95859139152
1767412800,43961.158591391526
1767427200,43832.258591391525
1767441600,43912.45859139152
1767456000,43976.158591391526
1767470400,44091.658591391526
1767484800,44431.55859139152
1767499200,44324.15859139152
1767513600,44612.758591391525
1767528000,44602.30859139152
1767542400,44461.123609841525
1767556800,44505.42360984153
1767571200,44717.023609841526
1767585600,44739.92360984153
1767600000,44713.67360984153
1767614400,44912.67360984153
1767628800,45344.010337585525
1767643200,45537.010337585525
1767657600,45561.110337585524
1767672000,45242.31033758553
1767686400,45349.860337585524
1767700800,45159.860337585524
1767715200,44797.110337585524
1767729600,45186.79853653552
1767744000,44964.098536535515
1767758400,45044.098536535515
1767772800,44844.99853653552
1767787200,44428.89853653552
1767801600,44458.43168107952
1767816000,44430.58168107952
1767830400,44314.28168107952
1767844800,44136.58168107952
1767859200,43857.78168107952
1767873600,44079.89584438352
1767888000,44105.99584438352
1767902400,44120.895844383514
1767916800,44307.395844383514
1767931200,44191.24584438352
1767945600,44049.64584438352
1767960000,44162.34584438352
1767974400,43848.89584438352
1767988800,43901.03929553702
1768003200,43907.95869769701
1768017600,43941.70869769701
1768032000,43985.20869769701
1768046400,44000.82269543451
1768060800,44036.82269543451
1768075200,43961.82269543451
1768089600,43942.82269543451
1768104000,44016.82269543451
1768118400,43961.82269543451
1768132800,43935.82269543451
1768147200,43991.82269543451
1768161600,44064.82269543451
1768176000,44110.82269543451
1768190400,44250.82269543451
1768204800,44283.82269543451
1768219200,43913.82269543451
1768233600,44111.82269543451
1768248000,44207.777007404504
1768262400,44243.777007404504
1768276800,44205.777007404504
1768291200,44138.777007404504
1768305600,43758.777007404504
1768320000,43338.220342554494
1768334400,43338.220342554494
1768348800,43338.220342554494
1768363200,43338.220342554494
1768377600,43338.220342554494
1768392000,43338.220342554494
1768406400,43338.220342554494
1768420800,43338.220342554494
1768435200,43338.220342554494
1768449600,43338.220342554494
1768464000,43338.220342554494
1768478400,43338.220342554494
1768492800,43338.220342554494
1768507200,43338.220342554494
1768521600,43338.220342554494
1768536000,43338.220342554494
1768550400,43338.220342554494
1768564800,43338.220342554494
1768579200,43338.220342554494
1768593600,43338.220342554494
1768608000,43338.220342554494
1768622400,43338.220342554494
1768636800,43338.220342554494
1768651200,43338.220342554494
1768665600,43338.220342554494
1768680000,43338.220342554494
1768694400,43338.220342554494
1768708800,43338.220342554494
1768723200,43338.220342554494
1768737600,43338.220342554494
1768752000,43338.220342554494
1768766400,43338.220342554494
1768780800,43338.220342554494
1768795200,43338.220342554494
1768809600,43338.220342554494
1768824000,43338.220342554494
1768838400,43338.220342554494
1768852800,43338.220342554494
1768867200,43338.220342554494
1768881600,43338.220342554494
1768896000,43338.220342554494
1768910400,43338.220342554494
1768924800,43338.220342554494
1768939200,43338.220342554494
1768953600,43338.220342554494
1768968000,43338.220342554494
1768982400,43338.220342554494
1768996800,43338.220342554494
1769011200,43338.220342554494
1769025600,43338.220342554494
1769040000,43250.0203425545
1769054400,43319.620342554495
1769068800,43319.620342554495
1769083200,43364.470342554494
1769097600,43314.970342554494
1769112000,43325.9203425545
1769126400,42999.6703425545
1769140800,43152.970342554494
1769155200,43232.470342554494
1769169600,43322.17034255449
1769184000,43437.67034255449
1769198400,43380.370342554495
1769212800,43229.620342554495
1769227200,43223.470342554494
1769241600,43234.120342554495
1769256000,43264.120342554495
1769270400,43422.82034255449
1769284800,43287.41145340699
1769299200,43306.31145340699
1769313600,43139.361453406986
1769328000,42717.261453406994
1769342400,42874.76145340699
1769356800,43974.11145340699
1769371200,43564.61145340699
1769385600,43533.11145340699
1769400000,43224.41145340699
1769414400,43268.511453406994
1769428800,43016.51145340699
1769443200,42994.46145340699
1769457600,42805.461453406984
1769472000,42849.56145340699
1769486400,42994.46145340699
1769500800,43016.51145340699
1769515200,42739.31145340699
1769529600,42821.21145340699
1769544000,42690.64417941952
1769558400,42837.64417941952
1769572800,42813.64417941952
1769587200,42717.64417941952
1769601600,43002.64417941952
1769616000,42849.64417941952
1769630400,42882.64417941952
1769644800,43302.64417941952
1769659200,43251.64417941952
1769673600,43452.64417941952
1769688000,44070.64417941952
1769702400,44187.64417941952
1769716800,43833.64417941952
1769731200,44502.64417941952
1769745600,44415.64417941952
1769760000,44208.64417941952
1769774400,44256.64417941952
1769788800,43983.64417941952
1769803200,44041.38751941951
1769817600,44041.38751941951
1769832000,44041.38751941951
1769846400,44041.38751941951
1769860800,44041.38751941951
1769875200,44041.38751941951
1769889600,44041.38751941951
1769904000,44041.38751941951
1769918400,44041.38751941951
1769932800,44041.38751941951
1769947200,44041.38751941951
1769961600,44041.38751941951
1769976000,44041.38751941951
1769990400,44041.38751941951
1770004800,44041.38751941951
1770019200,44041.38751941951
1770033600,44041.38751941951
1770048000,44041.38751941951
1770062400,44041.38751941951
1770076800,44041.38751941951
1770091200,44041.38751941951
1770105600,44041.38751941951
1770120000,44041.38751941951
1770134400,44041.38751941951
1770148800,44041.38751941951
1770163200,44041.38751941951
1770177600,44041.38751941951
1770192000,44041.38751941951
1770206400,44041.38751941951
1770220800,44041.38751941951
1770235200,44041.38751941951
1770249600,44041.38751941951
1770264000,44041.38751941951
1770278400,44041.38751941951
1770292800,44041.38751941951
1770307200,44041.38751941951
1770321600,44041.38751941951
1770336000,44041.38751941951
1770350400,44100.187519419516
1770364800,44500.98751941951
1770379200,45779.187519419516
1770393600,46080.98751941951
1770408000,46139.88751941951
1770422400,46233.437519419516
1770436800,45205.33751941951
1770451200,45003.937519419516
1770465600,45575.437519419516
1770480000,46104.23751941951
1770494400,45976.48751941951
1770508800,45688.73751941951
1770523200,45677.787519419515
1770537600,46227.58751941951
1770552000,45866.13751941951
1770566400,46005.08751941951
1770580800,45592.08751941951
1770595200,45862.12242050752
1770609600,45365.38126429952
1770624000,44971.506237836016
1770638400,45055.217890451015
1770652800,45055.217890451015
1770667200,45055.217890451015
1770681600,45055.217890451015
1770696000,45055.217890451015
1770710400,45055.217890451015
1770724800,45055.217890451015
1770739200,45055.217890451015
1770753600,45055.217890451015
1770768000,45055.217890451015
1770782400,45055.217890451015
1770796800,45055.217890451015
1770811200,45055.217890451015
1770825600,45055.217890451015
1770840000,45055.217890451015
1770854400,45055.217890451015
1770868800,45055.217890451015
1770883200,45143.41789045101
1770897600,44904.367890451016
1770912000,44830.31789045101
1770926400,44897.867890451016
1770940800,44867.31789045101
1770955200,44794.66789045101
1770969600,44905.617890451016
1770984000,45199.41789045101
1770998400,45312.51789045102
1771012800,45303.16789045101
1771027200,45455.91789045101
1771041600,45444.967890451015
1771056000,45849.56789045101
1771070400,45917.16789045101
1771084800,46354.717890451015
1771099200,46317.617890451016
1771113600,46452.717890451015
1771128000,47088.585004756016
1771142400,46830.413921906016
1771156800,46830.413921906016
1771171200,46830.413921906016
1771185600,46830.413921906016
1771200000,46830.413921906016
1771214400,46830.413921906016
1771228800,46830.413921906016
1771243200,46830.413921906016
1771257600,46830.413921906016
1771272000,46534.41392190601
1771286400,46478.413921906016
1771300800,46494.41392190601
1771315200,46974.413921906016
1771329600,46902.413921906016
1771344000,46758.413921906016
1771358400,46918.413921906016
1771372800,46750.413921906016
1771387200,46646.413921906016
1771401600,46942.413921906016
1771416000,46678.413921906016
1771430400,47526.413921906016
1771444800,47518.413921906016
1771459200,47398.413921906016
1771473600,47302.41392190601
1771488000,47622.413921906016
1771502400,47790.41392190601
1771516800,47553.99585950601
1771531200,47553.99585950601
1771545600,47553.99585950601
1771560000,47553.99585950601
1771574400,47553.99585950601
1771588800,47553.99585950601
1771603200,47553.99585950601
1771617600,47553.99585950601
1771632000,47553.99585950601
1771646400,47553.99585950601
1771660800,47385.99585950601
1771675200,47465.99585950601
1771689600,47633.99585950601
1771704000,47673.99585950601
1771718400,47889.99585950601
1771732800,48001.99585950601
1771747200,48001.99585950601
1771761600,48321.99585950601
1771776000,48413.99585950601
1771790400,48327.59585950601
1771804800,48813.19585950601
1771819200,48481.99585950601
1771833600,48173.195859506006
1771848000,48452.39585950601
1771862400,48695.595859506015
1771876800,48659.59585950601
1771891200,48909.99585950601
1771905600,48924.26276958601
1771920000,48938.612769586005
1771934400,48899.76276958601
1771948800,49025.112769586005
1771963200,48995.76276958601
1771977600,49400.112769586005
1771992000,49321.162769586
1772006400,49590.112769586005
1772020800,50483.230982906
1772035200,50456.680982906
1772049600,50111.680982906
1772064000,50219.680982906
1772078400,50242.630982906005
1772092800,50236.030982906
1772107200,50156.830982906
1772121600,50093.680982906
1772136000,49770.43098290601
1772150400,49680.430982906
1772164800,49381.907161622
1772179200,50156.807161622
1772193600,50156.807161622
1772208000,50474.457161622
1772222400,50251.407161622
1772236800,50248.557161622
1772251200,50387.907161622
1772265600,50518.657161621995
1772280000,50404.907161622
1772294400,50800.407161621995
1772308800,50978.207161622
1772323200,50821.057161622
1772337600,50895.707161622
1772352000,50808.99998431
1772366400,50884.89998431
1772380800,50449.74998431
1772395200,50627.449984310006
1772409600,51108.19998431
1772424000,50400.825605955004
1772438400,50534.575605955004
1772452800,51655.26621076601
1772467200,51582.01621076601
1772481600,51368.366210766006
1772496000,51269.616210766006
1772510400,51121.164326903505
1772524800,51017.9643269035
1772539200,51029.164326903505
1772553600,50965.164326903505
1772568000,51010.7643269035
1772582400,50964.3643269035
1772596800,51024.3643269035
1772611200,51197.164326903505
1772625600,51737.164326903505
1772640000,52033.9643269035
1772654400,51726.3132382955
1772668800,51726.3132382955
1772683200,51726.3132382955
1772697600,51726.3132382955
1772712000,51726.3132382955
1772726400,51697.5132382955
1772740800,51670.3132382955
1772755200,51714.973238295504
1772769600,51718.7032382955
1772784000,51564.1932382955
1772798400,51163.6732382955
1772812800,51210.1332382955
1772827200,51219.6332382955
1772841600,51152.5532382955
1772856000,51083.0732382955
1772870400,51085.1232382955
1772884800,51006.7132382955
1772899200,50801.0932382955
1772913600,50872.443238295506
1772928000,50729.6232382955
1772942400,50760.9532382955
1772956800,50805.7332382955
1772971200,50604.088131071505
1772985600,50673.91813107151
1773000000,50415.363125304706
1773014400,50516.863125304706
1773028800,50486.06312530471
1773043200,50452.463125304705
1773057600,50381.376128589705
1773072000,50381.376128589705
1773086400,50381.376128589705
1773100800,50381.376128589705
1773115200,50381.376128589705
1773129600,50381.376128589705
1773144000,50381.376128589705
1773158400,50381.376128589705
1773172800,50381.376128589705
1773187200,50228.5761285897
1773201600,50175.77612858971
1773216000,50176.5761285897
1773230400,50209.376128589705
1773244800,50394.476128589704
1773259200,50253.476128589704
1773273600,50100.976128589704
1773288000,50205.976128589704
1773302400,50384.976128589704
1773316800,50338.5761285897
1773331200,50387.476128589704
1773345600,50427.27612858971
1773360000,50794.67612858971
1773374400,50768.0761285897
1773388800,51124.5761285897
1773403200,50886.476128589704
1773417600,50624.57612858971
1773432000,50569.262714637705
1773446400,50564.262714637705
1773460800,50471.762714637705
1773475200,50451.762714637705
1773489600,50443.22326656271
1773504000,50443.22326656271
1773518400,50556.02326656271
1773532800,50588.82326656271
1773547200,50597.62326656271
1773561600,50642.423266562706
1773576000,50548.023266562705
1773590400,50580.82326656271
1773604800,50817.62326656271
1773619200,50981.62326656271
1773633600,50971.22326656271
1773648000,50997.023266562705
1773662400,50934.62326656271
1773676800,51297.72326656271
1773691200,51417.32326656271
1773705600,51183.82326656271
1773720000,51195.82326656271
1773734400,51117.52326656271
1773748800,51102.12326656271
1773763200,51104.56361065071
1773777600,51221.56361065071
1773792000,51371.56361065071
1773806400,51187.81361065071
1773820800,50914.06361065071
1773835200,50515.06361065071
1773849600,50496.31361065071
1773864000,50709.31361065071
1773878400,50602.81361065071
1773892800,50302.14182170071
1773907200,50299.44682170071
1773921600,49941.86682170071
1773936000,50220.161821700705
1773950400,50211.25682170071
1773964800,50424.146821700706
1773979200,50381.29682170071
1773993600,50318.49182170071
1774008000,50264.96182170071
1774022400,50260.49682170071
1774036800,50443.1375739407
1774051200,50531.142573940706
1774065600,50511.007573940704
1774080000,50443.062573940704
1774094400,50449.532573940705
1774108800,50383.568081710706
1774123200,49956.64808171071
1774137600,50154.1430817107
1774152000,50000.57428942545
1774166400,49927.47428942545
1774180800,49989.204805382455
1774195200,49989.204805382455
1774209600,49989.204805382455
1774224000,49989.204805382455
1774238400,49989.204805382455
1774252800,49989.204805382455
1774267200,49989.204805382455
1774281600,49989.204805382455
1774296000,50006.704805382455
1774310400,49991.40480538246
1774324800,50184.30480538245
1774339200,50112.704805382455
1774353600,49949.204805382455
1774368000,49910.104805382456
1774382400,50205.104805382456
1774396800,50246.50480538246
1774411200,50352.204805382455
1774425600,50471.00480538246
1774440000,50322.50480538246
1774454400,50341.30480538245
1774468800,50350.80480538245
1774483200,50155.40480538245
1774497600,49922.30480538245
1774512000,49704.704805382455
1774526400,49717.80480538245
1774540800,49593.07791098246
1774555200,49613.17629463045
1774569600,49613.17629463045
1774584000,49613.17629463045
1774598400,50385.976294630455
1774612800,50394.376294630456
1774627200,50483.976294630455
1774641600,50595.976294630455
1774656000,50909.57629463045
1774670400,50713.57629463045
1774684800,50664.57629463045
1774699200,50234.77629463045
1774713600,50139.576294630446
1774728000,50516.17629463045
1774742400,50338.37629463045
1774756800,50497.976294630455
1774771200,50615.57629463045
1774785600,50840.976294630455
1774800000,51048.17629463045
1774814400,51003.37629463045
1774828800,50398.57629463045
1774843200,50057.00759605446
1774857600,50057.00759605446
1774872000,50057.00759605446
1774886400,50057.00759605446
1774900800,50057.00759605446
1774915200,50057.00759605446
1774929600,50057.00759605446
1774944000,50057.00759605446
1774958400,50057.00759605446
1774972800,50057.00759605446
1774987200,50057.00759605446
1775001600,50057.00759605446
1775016000,50057.00759605446
1775030400,50057.00759605446
1775044800,50057.00759605446
1775059200,50038.607596054455
1775073600,49960.20759605445
1775088000,49771.40759605446
1775102400,49853.80759605446
1775116800,49705.80759605445
1775131200,49838.30759605446
1775145600,49849.40759605446
1775160000,49930.95759605445
1775174400,50040.857596054455
1775188800,50220.05759605446
1775203200,50180.50759605446
1775217600,50129.107596054455
1775232000,50092.25759605446
1775246400,50046.357596054455
1775260800,50011.00759605446
1775275200,49988.40759605446
1775289600,49985.25759605446
1775304000,50011.85486663846
1775318400,50068.80486663846
1775332800,50044.154866638455
1775347200,50016.95486663846
1775361600,49868.31446447396
1775376000,49868.31446447396
1775390400,49868.31446447396
1775404800,49868.31446447396
1775419200,49868.31446447396
1775433600,49868.31446447396
1775448000,49868.31446447396
1775462400,49868.31446447396
1775476800,49868.31446447396
1775491200,49868.31446447396
1775505600,49868.31446447396
1775520000,49868.31446447396
1775534400,49836.014464473956
1775548800,49808.81446447396
1775563200,49785.014464473956
1775577600,49964.36446447396
1775592000,50505.81446447396
1775606400,50513.46446447396
1775620800,50477.764464473956
1775635200,50402.96446447396
1775649600,50325.61446447396
1775664000,50219.96446447396
1775678400,49935.21446447396
1775692800,49697.61446447396
1775707200,49829.264464473956
1775721600,49774.864464473954
1775736000,50249.364464473954
1775750400,50220.71446447396
1775764800,50161.61446447396
1775779200,50017.85864296896
1775793600,50002.90864296896
1775808000,50079.75864296896
1775822400,50261.70864296896
1775836800,50580.55864296896
1775851200,50455.75864296896
1775865600,50343.45864296896
1775880000,50260.50864296896
1775894400,50272.00864296896
1775908800,50326.846759542954
1775923200,50326.846759542954
1775937600,50326.846759542954
1775952000,50326.846759542954
1775966400,50326.846759542954
1775980800,50326.846759542954
1775995200,50326.846759542954
1776009600,50326.846759542954
1776024000,50326.846759542954
1776038400,50326.846759542954
1776052800,50326.846759542954
1776067200,50326.846759542954
1776081600,50326.846759542954
1776096000,50326.846759542954
1776110400,50326.846759542954
1776124800,50326.846759542954
1776139200,50326.846759542954
1776153600,50326.846759542954
1776168000,50326.846759542954
1776182400,50326.846759542954
1776196800,50326.846759542954
1776211200,50342.846759542954
1776225600,50314.846759542954
1776240000,50375.64675954296
1776254400,50376.44675954295
1776268800,50578.04675954295
1776283200,50482.846759542954
1776297600,50654.04675954296
1776312000,50610.04675954295
1776326400,50586.246759542955
1776340800,50977.346759542954
1776355200,51286.04675954296
1776369600,51141.94675954295
1776384000,50847.54675954296
1776398400,51054.64675954296
1776412800,50984.14675954296
1776427200,51272.746759542955
1776441600,51225.54675954296
1776456000,51169.27575730295
1776470400,51104.37575730295
1776484800,51153.075757302955
1776499200,50738.575757302955
1776513600,50794.92575730295
1776528000,50631.37575730295
1776542400,50617.73575730295
1776556800,50541.05575730295
1776571200,50383.38332868795
1776585600,50479.76332868796
1776600000,50571.08332868796
1776614400,50393.713328687954
1776628800,50118.81332868795
1776643200,50297.56332868795
1776657600,50331.323328687955
1776672000,50606.24332868795
1776686400,50260.68332868795
1776700800,49982.12332868796
1776715200,49976.951646692956
1776729600,50149.65164669295
1776744000,49907.04164669296
1776758400,49897.82164669296
1776772800,50146.58164669295
1776787200,50655.86342982316
1776801600,49923.41342982315
1776816000,49386.613429823155
1776830400,48758.01342982316
1776844800,48628.16342982316
1776859200,48807.91342982315
1776873600,49543.26342982315
1776888000,50258.01342982315
1776902400,50740.26342982315
1776916800,50396.93499967115
1776931200,50424.934999671146
1776945600,50213.53499967115
1776960000,50647.53499967115
1776974400,50611.13499967115
1776988800,50714.73499967115
1777003200,50795.93499967115
1777017600,50520.13499967115
1777032000,50706.33499967115
1777046400,50856.13499967115
1777060800,50952.73499967115
1777075200,50664.63499967115
1777089600,50812.034999671145
1777104000,50896.33499967115
1777118400,51099.08499967115
1777132800,51429.170791493154
1777147200,51261.42079149316
1777161600,51236.670791493154
1777176000,50986.420791493154
1777190400,50826.920791493154
1777204800,50802.170791493154
1777219200,50887.420791493154
1777233600,50969.920791493154
1777248000,50848.920791493154
1777262400,51412.670791493154
1777276800,51346.670791493154
1777291200,51830.670791493154
1777305600,51778.420791493154
1777320000,51637.29535341315
1777334400,51637.29535341315
1777348800,51637.29535341315
1777363200,51637.29535341315
1777377600,51637.29535341315
1777392000,51637.29535341315
1777406400,51637.29535341315
1777420800,51637.29535341315
1777435200,51637.29535341315
1777449600,51637.29535341315
1777464000,51637.29535341315
1777478400,51637.29535341315
1777492800,51637.29535341315
1777507200,51637.29535341315
1777521600,51637.29535341315
1777536000,51637.29535341315
1777550400,51684.89535341315
1777564800,51619.79535341315
1777579200,51644.29535341315
1777593600,51826.29535341315
1777608000,51765.39535341315
1777622400,51807.39535341315
1777636800,51848.69535341315
1777651200,51824.89535341315
1777665600,51784.29535341315
1777680000,51759.79535341315
1777694400,51742.99535341315
1777708800,51730.39535341315
1777723200,51819.29535341315
1777737600,51779.39535341315
1777752000,51783.595353413155
1777766400,51737.39535341315
1777780800,51742.99535341315
1777795200,51790.22073350315
1777809600,51790.22073350315
1777824000,51790.22073350315
1777838400,51790.22073350315
1777852800,51790.22073350315
1777867200,51790.22073350315
1777881600,51790.22073350315
1777896000,51790.22073350315
1777910400,51790.22073350315
1777924800,51790.22073350315
1777939200,51790.22073350315
1777953600,51790.22073350315
1777968000,51790.22073350315
1777982400,51790.22073350315
1777996800,51790.22073350315
1778011200,51790.22073350315
1778025600,51790.22073350315
1778040000,51790.22073350315
1778054400,51790.22073350315
1778068800,51790.22073350315
1778083200,51790.22073350315
1778097600,51757.07073350315
1778112000,51617.97073350315
1778126400,51707.02073350315
1778140800,51670.62073350315
1778155200,51467.170733503146
1778169600,51464.57073350315
1778184000,51457.420733503146
1778198400,51365.12073350315
1778212800,51357.97073350315
1778227200,51429.47073350315
1778241600,51473.670733503146
1778256000,51530.22073350315
1778270400,51662.46073350315
1778284800,51623.58073350315
1778299200,51688.50073350315
1778313600,51675.48073350315
1778328000,51630.020733503145
1778342400,51304.64490528814
1778356800,51427.94490528815
1778371200,51432.834905288146
1778385600,50821.64490528815
1778400000,50941.31490528815
1778414400,50149.074905288144
1778428800,48961.34039097815
1778443200,48827.96039097815
1778457600,49481.18039097815
1778472000,49251.88039097815
1778486400,49242.860390978145
1778500800,48402.31039097815
1778515200,48679.01000780975
1778529600,48865.660007809754
1778544000,49852.21000780975
1778558400,49866.01000780975
1778572800,51330.56000780975
1778587200,53573.81000780975
1778601600,52281.71000780976
1778616000,52425.21000780975
1778630400,50678.910007809754
1778644800,50817.160007809754
1778659200,51845.26000780975
1778673600,55130.71000780975
1778688000,54002.71000780975
1778702400,53494.96000780976
1778716800,54268.482054520246
1778731200,53789.830859365255
1778745600,53854.53085936525
1778760000,52648.88085936525
1778774400,51647.03085936526
1778788800,53113.03085936526
1778803200,53268.812870565256
1778817600,53926.383201467754
1778832000,54714.58320146774
1778846400,57101.783201467755
1778860800,56784.033201467755
1778875200,56740.33320146776
1778889600,56917.283201467755
1778904000,59091.18320146776
1778918400,59397.48320146776
1778932800,58461.08320146775
1778947200,58670.03320146776
1778961600,58903.883201467754
1778976000,59024.93320146776
1778990400,58421.18320146775
1779004800,58366.783201467755
1779019200,58807.381540965755
1779033600,58766.131540965755
1779048000,59312.381540965755
1779062400,59623.381540965755
1779076800,59864.10578325575
1779091200,59864.10578325575
1779105600,59864.10578325575
1779120000,59864.10578325575
1779134400,59864.10578325575
1779148800,59864.10578325575
1779163200,59864.10578325575
1779177600,59864.10578325575
1779192000,59864.10578325575
1779206400,59874.60578325575
1779220800,59895.60578325575
1779235200,59962.10578325575
1779249600,59731.10578325575
1779264000,59752.10578325575
1779278400,59318.10578325575
1779292800,59283.55578325576
1779307200,59406.655783255745
1779321600,58793.205783255755
1779336000,59046.50578325575
1779350400,59679.25578325575
1779364800,59422.05578325575
1779379200,58546.40578325575
1779393600,58832.65578325575
1779408000,58988.20578325575
1779422400,59161.30578325575
1779436800,59111.90578325575
1779451200,59468.82811291078
1779465600,60396.528112910775
1779480000,60716.82811291077
1779494400,60431.87811291078
1779508800,61706.57811291078
1779523200,61414.82811291078
1779537600,60683.018024770754
1779552000,60464.518024770754
1779566400,59997.418024770755
1779580800,60022.91802477075
1779595200,60049.31802477076
1779609600,59885.018024770754
1779624000,60581.018024770754
1779638400,60597.918024770755
1779652800,60610.918024770755
1779667200,60844.018024770754
1779681600,60117.81802477075
1779696000,60116.81802477076
1779710400,59974.88580242075
1779724800,60021.085802420755
1779739200,60170.68580242076
1779753600,60395.085802420755
1779768000,60381.88580242075
1779782400,60124.48580242076
1779796800,60282.88580242076
1779811200,60547.655330300746
1779825600,60547.655330300746
1779840000,60547.655330300746
1779854400,60547.655330300746
1779868800,60547.655330300746
1779883200,60547.655330300746
1779897600,60547.655330300746
1779912000,61553.755330300744
1779926400,62810.45533030074
1779940800,62707.155330300746
1779955200,62999.255330300744
1779969600,62527.05533030075
1779984000,61977.655330300746
1779998400,61952.85533030074
1780012800,62313.155330300746
1780027200,61925.755330300744
1780041600,62262.755330300744
1780056000,61683.655330300746
1780070400,62229.755330300744
1780084800,62235.25533030074
1780099200,61547.655330300746
1780113600,61830.655330300746
1780128000,61899.505330300744
1780142400,61565.55533030075
1780156800,61187.10520644074
1780171200,61504.855206440734
1780185600,60951.105206440734
1780200000,61547.105206440734
1780214400,61335.55520644074
1780228800,62654.15520644073
1780243200,63110.55520644074
1780257600,62035.20520644073
1780272000,61509.40520644073
1780286400,64184.005206440735
1780300800,63951.605206440734
1780315200,66028.45520644073
1780329600,63783.85520644073
1780344000,63901.755206440735
1780358400,64733.15520644073
1780372800,66919.96374748823
1780387200,67296.76374748824
1780401600,70194.21374748823
1780416000,70426.44231123824
1780430400,71345.47789707824
1780444800,71663.02789707824
1780459200,70397.19219003324
1780473600,70397.19219003324
1780488000,70397.19219003324
1780502400,70397.19219003324
1780516800,70397.19219003324
1780531200,70397.19219003324
1780545600,70397.19219003324
1780560000,70397.19219003324
1780574400,70397.19219003324
1780588800,70397.19219003324
1780603200,70397.19219003324
1780617600,70397.19219003324
1780632000,70397.19219003324
1780646400,70397.19219003324
1780660800,70397.19219003324
1780675200,70397.19219003324
1780689600,70397.19219003324
1780704000,70397.19219003324
1780718400,70397.19219003324
1780732800,70397.19219003324
1780747200,70397.19219003324
1780761600,70397.19219003324
1780776000,70397.19219003324
1780790400,70397.19219003324
1780804800,70001.09919003324
1780819200,69868.40319003323
1780833600,70168.90719003323
1780848000,70606.55319003323
1780862400,69469.57419003324
1780876800,69581.80719003323
1780891200,69491.57619003323
1780905600,69383.16219003324
1780920000,69214.84119003323
1780934400,69441.24519003324
1780948800,69606.71619003323
1780963200,69730.34919003324
1780977600,69542.36319003323
1780992000,69822.46119003324
1781006400,70722.32019003324
1781020800,70170.50319003324
1781035200,70383.56919003323
1781049600,70471.3597933186
1781064000,70471.3597933186
1781078400,70471.3597933186
1781092800,70471.3597933186
1781107200,70471.3597933186
1781121600,70471.3597933186
1781136000,70471.3597933186
1781150400,70471.3597933186
1781164800,70471.3597933186
1781179200,70471.3597933186
1781193600,70471.3597933186
1781208000,70471.3597933186
1781222400,70471.3597933186
1781236800,70471.3597933186
1781251200,70471.3597933186
1781265600,70471.3597933186
1781280000,70471.3597933186
1781294400,70471.3597933186
1781308800,70471.3597933186
1781323200,70471.3597933186
1781337600,70471.3597933186
1781352000,70471.3597933186
1781366400,70471.3597933186
1781380800,70471.3597933186
1781395200,70471.3597933186
1781409600,70471.3597933186
1781424000,70471.3597933186
1781438400,70471.3597933186
1781452800,70471.3597933186
1781467200,70471.3597933186
1781481600,70471.3597933186
1781496000,70471.3597933186
1781510400,70471.3597933186
1781524800,70471.3597933186
1781539200,70471.3597933186
1781553600,70471.3597933186
1781568000,70471.3597933186
1781582400,70471.3597933186
1781596800,70471.3597933186
1781611200,70471.3597933186
1781625600,70471.3597933186
1781640000,70471.3597933186
1781654400,70471.3597933186
1781668800,70471.3597933186
1781683200,70471.3597933186
1781697600,70471.3597933186
1781712000,71422.5597933186
1781726400,71251.4597933186
1781740800,71477.6597933186
1781755200,71477.6597933186
1781769600,71883.6597933186
1781784000,72657.9597933186
1781798400,72489.7597933186
1781812800,72408.5597933186
1781827200,72620.2597933186
1781841600,73020.4597933186
1781856000,72971.1597933186
1781870400,72689.8597933186
1781884800,72846.4597933186
1781899200,72724.6597933186
1781913600,72605.7597933186
1781928000,72388.2597933186
1781942400,72391.1597933186
1781956800,72265.66906215061
1781971200,72265.66906215061
1781985600,72265.66906215061
1782000000,72304.7690621506
1782014400,72350.66906215061
1782028800,72314.96906215062
1782043200,72422.06906215061
1782057600,72308.16906215061
1782072000,72053.16906215061
1782086400,72250.36906215061
1782100800,72345.56906215061
1782115200,72479.86906215061
1782129600,72381.26906215062
1782144000,72323.46906215062
1782158400,72269.06906215061
1782172800,72394.86906215061
1782187200,72129.66906215061
1782201600,72297.96906215062
1782216000,72491.76906215062
1782230400,72439.06906215061
1782244800,72662.67575225461
1782259200,72662.67575225461
1782273600,72662.67575225461
1782288000,72662.67575225461
1782302400,72662.67575225461
1782316800,72662.67575225461
1782331200,72662.67575225461
1782345600,72662.67575225461
1782360000,72662.67575225461
1782374400,72662.67575225461
1782388800,72662.67575225461
1782403200,72656.87575225461
1782417600,72878.72575225461
1782432000,72842.47575225461
1782446400,72904.8257522546
1782460800,72668.47575225461
1782475200,72888.87575225461
1782489600,72968.62575225461
1782504000,73003.42575225461
1782518400,72984.5757522546
1782532800,73009.22575225461
1782547200,72938.17575225461
1782561600,73068.67575225461
1782576000,72855.52575225462
1782590400,72816.37575225461
1782604800,72785.92575225461
1782619200,72711.97575225461
1782633600,72722.12575225461
1782648000,72674.15791509011
1782662400,72674.15791509011
1782676800,72674.15791509011
1782691200,72674.15791509011
1782705600,72674.15791509011
1782720000,72674.15791509011
1782734400,72674.15791509011
1782748800,72674.15791509011
1782763200,72674.15791509011
1782777600,72674.15791509011
1782792000,72674.15791509011
1782806400,72674.15791509011
1782820800,72674.15791509011
1782835200,72674.15791509011
1782849600,72674.15791509011
1782864000,72674.15791509011
1782878400,72674.15791509011
1782892800,72674.15791509011
1782907200,72674.15791509011
1782921600,72674.15791509011
1782936000,72674.15791509011
1782950400,72674.15791509011
1782964800,72674.15791509011
1782979200,72674.15791509011
1782993600,72674.15791509011
1783008000,72674.15791509011
1783022400,72674.15791509011
1783036800,72674.15791509011
1783051200,72674.15791509011
1783065600,72674.15791509011
1783080000,72674.15791509011
1783094400,72674.15791509011
1783108800,72674.15791509011
1783123200,72674.15791509011
1783137600,72674.15791509011
1783152000,72674.15791509011
1783166400,72674.15791509011
1783180800,72674.15791509011
1783195200,72674.15791509011
1783209600,72674.15791509011
1783224000,72674.15791509011
1783238400,72674.15791509011
1783252800,72674.15791509011
1783267200,72674.15791509011
1783281600,72674.15791509011
1783296000,72674.15791509011
1783310400,72674.15791509011
1783324800,72674.15791509011
1783339200,72674.15791509011
1783353600,72674.15791509011
1783368000,72674.15791509011
1783382400,72674.15791509011
1783396800,72674.15791509011
1783411200,72674.15791509011
1783425600,72674.15791509011
1783440000,72674.15791509011
1783454400,72674.15791509011
1783468800,72674.15791509011
1783483200,72674.15791509011
1783497600,72674.15791509011
1783512000,72674.15791509011
1783526400,72674.15791509011
1783540800,72674.15791509011
1783555200,72674.15791509011
1783569600,72674.15791509011
1783584000,72674.15791509011
1783598400,72674.15791509011
1783612800,72674.15791509011
1783627200,72674.15791509011
1783641600,72674.15791509011
1783656000,72674.15791509011
1783670400,72674.15791509011
1783684800,72674.15791509011
1783699200,72674.15791509011
1783713600,72674.15791509011
1783728000,72674.15791509011
1783742400,72674.15791509011
1783756800,72674.15791509011
1783771200,72674.15791509011
1783785600,72674.15791509011
1783800000,72674.15791509011
1783814400,72674.15791509011
1783828800,72674.15791509011
1783843200,72674.15791509011
1783857600,72674.15791509011
1783872000,72674.15791509011
1783886400,72674.15791509011
1783900800,72674.15791509011
1783915200,72674.15791509011
1783929600,72674.15791509011
1783944000,72674.15791509011
1783958400,72674.15791509011
1783972800,72674.15791509011
1783987200,72674.15791509011
1784001600,72674.15791509011
1784016000,72674.15791509011
1784030400,72674.15791509011
1784044800,72674.15791509011
1784059200,72674.15791509011
1784073600,72674.15791509011
1784088000,72674.15791509011
1784102400,72674.15791509011
1784116800,72674.15791509011
1784131200,72674.15791509011
1784145600,72674.15791509011
1784160000,72674.15791509011
1784174400,72674.15791509011
1784188800,72674.15791509011
1784203200,72674.15791509011
1784217600,72674.15791509011
1784232000,72674.15791509011
1784246400,72674.15791509011
1784260800,72674.15791509011
1784275200,72674.15791509011
1784289600,72674.15791509011
1784304000,72674.15791509011
1784318400,72674.15791509011
1784332800,72674.15791509011
1784347200,72674.15791509011
1784361600,72674.15791509011
1784376000,72674.15791509011
1784390400,72674.15791509011
1784404800,72674.15791509011
1784419200,72674.15791509011
1784433600,72674.15791509011
1784448000,72674.15791509011
1784462400,72674.15791509011
1784476800,72674.15791509011
1784491200,72674.15791509011
1784505600,72674.15791509011
1784520000,72674.15791509011
1784534400,72674.15791509011
1784548800,72674.15791509011
1784563200,72674.15791509011
1784577600,72674.15791509011
1784592000,72674.15791509011
1784606400,72674.15791509011
1784620800,72674.15791509011
1784635200,72660.40791509011
1784649600,72651.65791509011
1784664000,72546.65791509011
1784678400,72566.65791509011
1784692800,72464.15791509011
1784707200,72437.90791509011
1784721600,72519.15791509011
1784736000,72477.90791509011
1784750400,72401.65791509011
1784764800,72230.40791509011
1784779200,72210.40791509011
1784793600,72186.65791509011
1784808000,72141.65791509011
1784822400,72154.15791509011
1784836800,72145.40791509011
1784851200,72142.90791509011
1784865600,72105.40791509011
1784880000,71988.2608466901
1784894400,71988.2608466901
1784908800,71988.2608466901
1784923200,71988.2608466901
1784937600,71988.2608466901
1784952000,71988.2608466901
1784966400,71988.2608466901
1784980800,71988.2608466901
1784995200,71988.2608466901
1785009600,71988.2608466901
1785024000,71988.2608466901
1785038400,71988.2608466901
1785052800,71988.2608466901
1785067200,71988.2608466901
1785081600,71988.2608466901
1785096000,71988.2608466901
1785110400,71988.2608466901
1785124800,71988.2608466901
1785139200,71988.2608466901
1785153600,71988.2608466901
1785168000,71988.2608466901
1785182400,71988.2608466901
1785196800,71988.2608466901
1785211200,71988.2608466901
1785225600,71988.2608466901
1785240000,71988.2608466901
1785254400,71988.2608466901
1785268800,71988.2608466901
1785283200,71988.2608466901
1785297600,71988.2608466901
1785312000,71930.3108466901
1785326400,71776.4108466901
1785340800,71790.6608466901
1785355200,71830.5608466901
1785369600,71846.7108466901
1785384000,71859.0608466901
1785398400,71926.5108466901
1785412800,72006.3108466901
1785427200,71887.56084669009
1785441600,71906.8108466901
1785456000,72165.7108466901
1785470400,72160.11084669009
1785484800,72298.5608466901
1785499200,72484.5108466901
1785513600,72106.4108466901
1785528000,72211.2608466901
1785542400,71975.7608466901
1785556800,72064.5577453966
1785571200,72064.5577453966
1785585600,71931.95774539659
1785600000,72758.15774539659
1785614400,72436.8577453966
1785628800,71957.45774539659
1785643200,71778.9577453966
1785657600,71998.2577453966
1785672000,71815.2876833206
1785686400,71580.6876833206
1785700800,71560.2876833206
1785715200,72070.2876833206
1785729600,72345.68768332059
1785744000,72315.08768332058
1785758400,71723.48768332059
1785772800,71825.48768332059
1785787200,71856.0876833206
1785801600,71825.48768332059
1785816000,71830.58768332058
1785830400,71672.48768332059
1785844800,71850.98768332059
1785859200,71733.68768332059
1785873600,71942.7876833206
1785888000,72090.68768332059
1785902400,72049.8876833206
1785916800,72060.0876833206
1785931200,72117.42985237659
1785945600,72117.42985237659
1785960000,72117.42985237659
1785974400,72117.42985237659
1785988800,72117.42985237659
1786003200,72117.42985237659
1786017600,72117.42985237659
1786032000,72117.42985237659
1786046400,72117.42985237659
1786060800,72117.42985237659
1786075200,72117.42985237659
1786089600,72117.42985237659
1786104000,72117.42985237659
1786118400,72117.42985237659
1786132800,72117.42985237659
1786147200,72117.42985237659
1786161600,72117.42985237659
1786176000,72117.42985237659
1786190400,72117.42985237659
1786204800,72117.42985237659
1786219200,72117.42985237659
1786233600,72117.42985237659
1786248000,72117.42985237659
1786262400,72117.42985237659
1786276800,72117.42985237659
1786291200,72117.42985237659
1786305600,72117.42985237659
1786320000,72117.42985237659
1786334400,72117.42985237659
1786348800,72117.42985237659
1786363200,72117.42985237659
1786377600,72117.42985237659
1786392000,72117.42985237659
1786406400,72117.42985237659
1786420800,72117.42985237659
1786435200,72117.42985237659
1786449600,72117.42985237659
1786464000,72117.42985237659
1786478400,72117.42985237659
1786492800,72117.42985237659
1786507200,72117.42985237659
1786521600,72117.42985237659
1786536000,72117.42985237659
1786550400,72117.42985237659
1786564800,72117.42985237659
1786579200,72117.42985237659
1786593600,72117.42985237659
1786608000,72117.42985237659
1786622400,72117.42985237659
1786636800,72117.42985237659
1786651200,72117.42985237659
1786665600,72224.52985237658
1786680000,72372.42985237659
1786694400,72489.7298523766
1786708800,72260.2298523766
1786723200,72280.62985237659
1786737600,72163.32985237658
1786752000,72040.92985237659
1786766400,72173.5298523766
1786780800,72193.92985237659
1786795200,72173.5298523766
1786809600,72234.7298523766
1786824000,72445.62985237659
1786838400,72363.37985237659
1786852800,72313.4798523766
1786867200,72431.2798523766
1786881600,72253.17985237659
1786896000,72354.9798523766
1786910400,72767.05349105259
1786924800,72440.4534910526
1786939200,72369.60349105259
1786953600,72527.25349105259
1786968000,72128.1534910526
1786982400,72426.4034910526
1786996800,72323.25349105259
1787011200,73041.2034910526
1787025600,72830.50349105259
1787040000,72693.80349105259
1787054400,72327.35349105258
1787068800,72324.41416517159
1787083200,72402.66416517159
1787097600,72546.2641651716
1787112000,72515.0141651716
1787126400,72281.31416517159
1787140800,68854.82912079158
1787155200,68550.97912079158
1787169600,67527.35479323908
1787184000,67527.35479323908
1787198400,67527.35479323908
1787212800,67527.35479323908
1787227200,67546.90479323908
1787241600,67316.35479323908
1787256000,67635.10479323908
1787270400,68127.35479323908
1787284800,68323.60479323908
1787299200,68660.10479323908
1787313600,69146.45479323909
1787328000,68854.85479323908
1787342400,69824.25479323907
1787356800,71058.80479323908
1787371200,70787.75479323907
1787385600,70059.75479323907
1787400000,69640.60479323908
1787414400,70285.60479323908
1787428800,69900.10479323908
1787443200,69989.75479323907
1787457600,69745.20479323907
1787472000,70235.02960723906
1787486400,70237.24657523904
