coin,t,ret1,low1,high1,ret2,low2,high2,ret3,low3,high3,ret4,low4,high4,ret5,low5,high5,ret6,low6,high6,ret7,low7,high7
AAVE,1621382400,0.13466443197551548,-0.38409968665743643,0.5774247613495591,-0.09482863319487966,-0.38409968665743643,0.5774247613495591,-0.18839418008695863,-0.38409968665743643,0.5774247613495591,-0.2887366707959873,-0.4968301391823945,0.5774247613495591,-0.058976414292307267,-0.4968301391823945,0.5774247613495591,-0.09990526852728998,-0.4968301391823945,0.5774247613495591,0.008185770846996565,-0.4968301391823945,0.5774247613495591
AAVE,1649203200,0.05682591177855678,-0.008215164041651568,0.15708230861807326,-0.041180471979488265,-0.0526921668149235,0.15708230861807326,-0.03354089267960869,-0.07566323060017799,0.15708230861807326,-0.07801789545288063,-0.08356443932813573,0.15708230861807326,-0.17461148029930407,-0.18675108576212662,0.15708230861807326,-0.13939615927999593,-0.18675108576212662,0.15708230861807326,-0.06786667364345156,-0.18675108576212662,0.15708230861807326
AAVE,1649635200,0.04266514517560527,-0.014707746925320286,0.12964371750982617,0.12932674020540125,-0.014707746925320286,0.1393432230252314,0.08976797261316083,-0.014707746925320286,0.14302015975656146,0.11487257512362126,-0.014707746925320286,0.14302015975656146,0.0913528591352859,-0.014707746925320286,0.14302015975656146,0.05629516926588063,-0.014707746925320286,0.14302015975656146,0.0711931025738557,-0.014707746925320286,0.14302015975656146
AAVE,1652227200,-0.06420682121616705,-0.21750212404418012,0.317878383298944,0.0009709916251972039,-0.21750212404418012,0.317878383298944,0.050855686369704944,-0.21750212404418012,0.317878383298944,0.11700449083626663,-0.21750212404418012,0.317878383298944,0.017720597159849527,-0.21750212404418012,0.317878383298944,0.12368005825949746,-0.21750212404418012,0.317878383298944,-0.007525185095278664,-0.21750212404418012,0.317878383298944
AAVE,1652313600,0.06964980544747079,-0.1638132295719844,0.20402075226977967,0.12295719844357977,-0.1638132295719844,0.20402075226977967,0.19364461738002614,-0.1638132295719844,0.20402075226977967,0.08754863813229563,-0.1638132295719844,0.20402075226977967,0.2007782101167317,-0.1638132295719844,0.2191958495460442,0.06057068741893645,-0.1638132295719844,0.2625162127107654,0.19014267185473432,-0.1638132295719844,0.2625162127107654
AAVE,1655510400,0.09013914095583786,-0.08086307723331332,0.18168985682597283,0.24097600322645674,-0.08086307723331332,0.27485380116959046,0.33776971163541036,-0.08086307723331332,0.5662431941923773,0.24662230288364584,-0.08086307723331332,0.5662431941923773,0.3712442024601734,-0.08086307723331332,0.5662431941923773,0.4329501915708811,-0.08086307723331332,0.5662431941923773,0.40976003226456936,-0.08086307723331332,0.5662431941923773
AAVE,1698105600,0.031736526946107846,-0.03413173652694601,0.08922155688622757,-0.0331736526946107,-0.08155688622754498,0.08922155688622757,-0.06131736526946108,-0.09676646706586822,0.08922155688622757,-0.041676646706586884,-0.09676646706586822,0.08922155688622757,0.012814371257484858,-0.09676646706586822,0.08922155688622757,0.002035928143712562,-0.09676646706586822,0.08922155688622757,-0.024431137724550966,-0.09676646706586822,0.08922155688622757
AAVE,1698883200,-0.01966749972834947,-0.047810496577203154,0.11648375529718558,-0.020645441703792344,-0.047810496577203154,0.11648375529718558,-0.031294143214169234,-0.06530479191567973,0.11648375529718558,0.09018798217972401,-0.06530479191567973,0.11648375529718558,0.05932847984352918,-0.06530479191567973,0.13951972182983807,0.09073128327719227,-0.06530479191567973,0.13951972182983807,0.09572965337389983,-0.06530479191567973,0.1952624144300772
AAVE,1699488000,-0.004660848869496248,-0.08766362554541851,0.09083696945656472,-0.038575961919873114,-0.08766362554541851,0.09083696945656472,-0.01071003570011897,-0.08766362554541851,0.09083696945656472,-0.07834192780642613,-0.08766362554541851,0.09083696945656472,-0.09956366521221738,-0.15648552161840545,0.09083696945656472,-0.053054343514478464,-0.15648552161840545,0.09083696945656472,-0.09658865529551774,-0.15648552161840545,0.09083696945656472
AAVE,1699920000,0.0516519823788546,-0.06321585903083693,0.055726872246696146,0.0033039647577091102,-0.06321585903083693,0.08248898678414118,-0.023017621145374534,-0.0646475770925109,0.08248898678414118,-0.029295154185022043,-0.08920704845814975,0.08248898678414118,0.00781938325991205,-0.08920704845814975,0.08248898678414118,-0.005726872246695991,-0.08920704845814975,0.08248898678414118,-0.06971365638766513,-0.08920704845814975,0.08248898678414118
AAVE,1710806400,0.09907686683118544,-0.040307101727447225,0.14066355908966277,0.12832465039758723,-0.040307101727447225,0.14221734759162774,0.08810894799378488,-0.040307101727447225,0.14468512933004285,0.11031898363952108,-0.040307101727447225,0.14468512933004285,0.14203454894433798,-0.040307101727447225,0.1494378941595833,0.16195960149894884,-0.040307101727447225,0.19202997897815544,0.19696554245498588,-0.040307101727447225,0.20756786399780647
AAVE,1712880000,-0.17393046788898903,-0.3280232441639115,0.2037871956717765,-0.11972748221621088,-0.3280232441639115,0.2037871956717765,-0.15018535216912143,-0.3280232441639115,0.2037871956717765,-0.13185051598036268,-0.3280232441639115,0.2037871956717765,-0.16230838593327324,-0.3280232441639115,0.2037871956717765,-0.1444745015529506,-0.3280232441639115,0.2037871956717765,-0.14116821961727288,-0.3280232441639115,0.2037871956717765
AAVE,1712966400,0.06561552456033959,-0.18653729533050345,0.2124924196482716,0.028744693753790074,-0.18653729533050345,0.2124924196482716,0.050939963614311745,-0.18653729533050345,0.2124924196482716,0.01406913280776223,-0.18653729533050345,0.2124924196482716,0.035657974530018066,-0.18653729533050345,0.2124924196482716,0.039660400242571114,-0.18653729533050345,0.2124924196482716,0.11279563371740453,-0.18653729533050345,0.2124924196482716
AAVE,1731196800,0.018244912981755013,-0.04569115095430887,0.04558599295441401,-0.05657500394342496,-0.09196067090803939,0.04558599295441401,-0.08828014091171987,-0.12030075187969924,0.04558599295441401,-0.16767443083232547,-0.18113465481886526,0.04558599295441401,-0.13486513486513485,-0.20800252379199746,0.04558599295441401,-0.11104684788895314,-0.20800252379199746,0.04558599295441401,-0.14753667385246338,-0.20800252379199746,0.04558599295441401
AAVE,1731369600,-0.033606420331048326,-0.06754723290419662,0.097921194894945,-0.11776180125954405,-0.13202920358914338,0.097921194894945,-0.08298500808114595,-0.16050827620799202,0.097921194894945,-0.057738393802597154,-0.16050827620799202,0.097921194894945,-0.09641642980549525,-0.16050827620799202,0.097921194894945,-0.04759516245889772,-0.16050827620799202,0.097921194894945,-0.09658362592654524,-0.16050827620799202,0.097921194894945
AAVE,1734566400,0.045643680716577206,-0.13788393736302118,0.11329924086014675,-0.050281104087920414,-0.13788393736302118,0.11329924086014675,0.012864085379411083,-0.13788393736302118,0.11329924086014675,0.21789537210558096,-0.13788393736302118,0.23539688085633514,0.19092843756948197,-0.13788393736302118,0.23895435631928352,0.17482450846488584,-0.13788393736302118,0.23895435631928352,0.072197693993584,-0.13788393736302118,0.23895435631928352
AAVE,1734652800,-0.09173754556500602,-0.175516403402187,0.044623329283110635,-0.03134872417982992,-0.175516403402187,0.044623329283110635,0.16473268529769136,-0.175516403402187,0.18147023086269742,0.1389428918590523,-0.175516403402187,0.18487241798298903,0.12354191980558937,-0.175516403402187,0.18487241798298903,0.025394896719319604,-0.175516403402187,0.18487241798298903,-0.01628189550425274,-0.175516403402187,0.18487241798298903
AAVE,1756080000,0.0541542327626825,-0.02578922569498987,0.10130359667033129,0.006627925239516053,-0.02578922569498987,0.10130359667033129,-0.0030783728600597415,-0.02578922569498987,0.10130359667033129,0.002010365949426607,-0.0453274697659809,0.10130359667033129,0.002607193340662839,-0.0453274697659809,0.10130359667033129,-0.008732527092822462,-0.0453274697659809,0.10130359667033129,-0.04294016020103664,-0.06097062980995771,0.10130359667033129
AAVE,1776556800,0.004101540849129837,-0.04278904777740822,0.12215940583083928,0.01784724531648374,-0.04278904777740822,0.12215940583083928,0.04112626094668004,-0.04278904777740822,0.12215940583083928,0.04467353951890041,-0.04278904777740822,0.12215940583083928,0.0447843919742823,-0.04278904777740822,0.12215940583083928,0.04301075268817223,-0.04278904777740822,0.12215940583083928,0.06895022724753375,-0.04278904777740822,0.12215940583083928
ADA,1591833600,0.055644090305444927,-0.018193891102257775,0.12988047808764924,0.04993359893758309,-0.018193891102257775,0.12988047808764924,0.01540504648074359,-0.018193891102257775,0.12988047808764924,0.03891102257636114,-0.07954847277556454,0.12988047808764924,0.05166002656042479,-0.07954847277556454,0.12988047808764924,0.10770252324037166,-0.07954847277556454,0.12988047808764924,0.08539176626826017,-0.07954847277556454,0.12988047808764924
ADA,1606262400,-0.10560928433268846,-0.2457769181173436,0.1382978723404258,-0.0861379754996775,-0.2457769181173436,0.1382978723404258,0.06402321083172158,-0.2457769181173436,0.1382978723404258,0.07607994842037402,-0.2457769181173436,0.1382978723404258,0.1109606705351387,-0.2457769181173436,0.1382978723404258,0.0036750483558996017,-0.2457769181173436,0.1382978723404258,0.02237266279819483,-0.2457769181173436,0.1382978723404258
ADA,1606348800,0.021770472895040305,-0.15671856978085352,0.1637831603229527,0.18966262975778547,-0.15671856978085352,0.2511534025374855,0.20314302191464817,-0.15671856978085352,0.2511534025374855,0.24214244521337935,-0.15671856978085352,0.25576701268742785,0.12218858131487886,-0.15671856978085352,0.2618223760092271,0.1430940023068048,-0.15671856978085352,0.2618223760092271,0.1839677047289503,-0.15671856978085352,0.2618223760092271
ADA,1606780800,0.01862915141003385,-0.0932742339564464,0.12442988372839991,0.05505235433930755,-0.0932742339564464,0.12442988372839991,-0.049720562728849504,-0.0932742339564464,0.12442988372839991,0.028329157833879348,-0.0932742339564464,0.12442988372839991,0.020620543457313456,-0.0932742339564464,0.12442988372839991,-0.010021198689535549,-0.0932742339564464,0.12442988372839991,-0.0932742339564464,-0.11993319200873642,0.12442988372839991
ADA,1613347200,0.011592618862132698,-0.20674860179296062,0.0604048695975723,0.03958001465065175,-0.20674860179296062,0.0604048695975723,0.06484657511947267,-0.20674860179296062,0.11882143646151877,0.07836935920839982,-0.20674860179296062,0.11882143646151877,0.29695475739218424,-0.20674860179296062,0.3982070392893271,0.2795716428496682,-0.20674860179296062,0.3982070392893271,0.27249049451763296,-0.20674860179296062,0.3982070392893271
ADA,1613952000,-0.1189531972441017,-0.2656664047223084,0.047360149125532214,-0.04154863941226983,-0.2656664047223084,0.047360149125532214,-0.015935963742027326,-0.2656664047223084,0.07814470293682274,0.13748423765054185,-0.2656664047223084,0.18843546117436372,0.20046053473199454,-0.2656664047223084,0.357846451872293,0.19994882947422288,-0.2656664047223084,0.357846451872293,0.18605968676328155,-0.2656664047223084,0.357846451872293
ADA,1642723200,-0.04436707730762368,-0.18460989109087667,0.14345652562042477,0.0032137118371717843,-0.18460989109087667,0.14345652562042477,-0.0490091055168721,-0.18460989109087667,0.14345652562042477,-0.07025531155150866,-0.18460989109087667,0.14345652562042477,-0.03883235136582763,-0.18460989109087667,0.14345652562042477,-0.07016604177825392,-0.18460989109087667,0.14345652562042477,-0.06463131583645776,-0.18460989109087667,0.14345652562042477
ADA,1642809600,0.04978981784212966,-0.14675385333956092,0.09173283512377406,-0.0048575432041103594,-0.14675385333956092,0.09173283512377406,-0.027090144792153104,-0.14675385333956092,0.09173283512377406,0.005791686127977647,-0.14675385333956092,0.09173283512377406,-0.026996730499766364,-0.14675385333956092,0.09173283512377406,-0.021205044371788828,-0.14675385333956092,0.09173283512377406,-0.011022886501634743,-0.14675385333956092,0.09173283512377406
ADA,1652054400,0.04474384564204925,-0.031936127744510934,0.25415834996673325,-0.13905522288755823,-0.21473719228210242,0.25415834996673325,-0.21324018629407848,-0.333166999334664,0.25415834996673325,-0.1207584830339321,-0.333166999334664,0.25415834996673325,-0.10678642714570852,-0.333166999334664,0.25415834996673325,-0.005821689953426357,-0.333166999334664,0.25415834996673325,-0.07418496340652025,-0.333166999334664,0.25415834996673325
ADA,1652140800,-0.1759274000955262,-0.2483680942525075,0.11447221779971328,-0.24693520140105085,-0.3617258398344213,0.11447221779971328,-0.15841426524438784,-0.3617258398344213,0.11447221779971328,-0.14504059863079122,-0.3617258398344213,0.11447221779971328,-0.04839993631587325,-0.3617258398344213,0.11447221779971328,-0.11383537653239928,-0.3617258398344213,0.11447221779971328,-0.08103805126572194,-0.3617258398344213,0.11447221779971328
ADA,1652227200,-0.08616692426584227,-0.22546367851622873,0.2818778979907266,0.021251931993817585,-0.22546367851622873,0.2818778979907266,0.03748068006182392,-0.22546367851622873,0.2818778979907266,0.15475270479134484,-0.22546367851622873,0.2818778979907266,0.0753477588871716,-0.22546367851622873,0.2818778979907266,0.11514683153013938,-0.22546367851622873,0.2818778979907266,-0.02260432766615139,-0.22546367851622873,0.2818778979907266
ADA,1652313600,0.11754756871035932,-0.15243128964059194,0.2866807610993658,0.13530655391120527,-0.15243128964059194,0.2866807610993658,0.26363636363636367,-0.15243128964059194,0.2866807610993658,0.17674418604651154,-0.15243128964059194,0.29830866807611,0.22029598308668086,-0.15243128964059194,0.29830866807611,0.06955602536997896,-0.15243128964059194,0.29830866807611,0.12706131078224114,-0.15243128964059194,0.29830866807611
ADA,1654992000,-0.052696078431372584,-0.1100898692810458,0.14481209150326801,-0.01388888888888884,-0.1100898692810458,0.14481209150326801,0.09170751633986929,-0.1100898692810458,0.14481209150326801,-0.028390522875816893,-0.1100898692810458,0.14481209150326801,-0.005514705882352922,-0.1100898692810458,0.14481209150326801,-0.0716911764705882,-0.1421568627450981,0.14481209150326801,-0.010008169934640487,-0.1421568627450981,0.14481209150326801
ADA,1655078400,0.04096593359206557,-0.06058645968089693,0.12009486847779205,0.15243639499784378,-0.06058645968089693,0.1625700733074602,0.025657611039241024,-0.06058645968089693,0.17895644674428635,0.04980595084087969,-0.06058645968089693,0.17895644674428635,-0.020051746442432017,-0.09443725743855114,0.17895644674428635,0.04506252695127211,-0.09443725743855114,0.17895644674428635,0.05950840879689534,-0.09443725743855114,0.17895644674428635
ADA,1655510400,0.06644664466446648,-0.07590759075907594,0.08910891089108897,0.08118811881188126,-0.07590759075907594,0.11947194719471943,0.05830583058305816,-0.07590759075907594,0.12519251925192498,0.009680968096809517,-0.07590759075907594,0.12519251925192498,0.055225522552255324,-0.07590759075907594,0.12519251925192498,0.09570957095709565,-0.07590759075907594,0.12519251925192498,0.09614961496149599,-0.07590759075907594,0.12519251925192498
ADA,1676505600,0.04077419354838696,-0.005161290322580614,0.08903225806451598,0.04800000000000004,-0.005161290322580614,0.08903225806451598,0.03070967741935471,-0.005161290322580614,0.08903225806451598,0.042580645161290454,-0.005161290322580614,0.08903225806451598,0.012903225806451646,-0.006967741935483995,0.08903225806451598,0.0036129032258065408,-0.028129032258064623,0.08903225806451598,-0.013677419354838793,-0.028129032258064623,0.08903225806451598
ADA,1689292800,-0.006709362610552105,-0.036596523330283626,0.15736505032021952,-0.04208600182982625,-0.0506251906068923,0.15736505032021952,-0.04910033546813053,-0.06953339432753902,0.15736505032021952,-0.05702958218969212,-0.089661482159195,0.15736505032021952,-0.01677340652638004,-0.089661482159195,0.15736505032021952,-0.036596523330283626,-0.089661482159195,0.15736505032021952,-0.04696553827386407,-0.089661482159195,0.15736505032021952
ADA,1700524800,0.06644238856181661,-0.003924866834875251,0.09335576114381827,0.08606672273619287,-0.003924866834875251,0.09335576114381827,0.08242220353238006,-0.003924866834875251,0.1157835716288198,0.10513036164844403,-0.003924866834875251,0.1157835716288198,0.08578637510513021,-0.003924866834875251,0.1157835716288198,0.05887300252312855,-0.003924866834875251,0.1157835716288198,0.08186150827025518,-0.003924866834875251,0.1157835716288198
ADA,1702252800,0.05043541364296078,-0.07891872278664724,0.10105224963715531,0.21244557329462976,-0.07891872278664724,0.23349056603773577,0.16763425253991282,-0.07891872278664724,0.23639332365747445,0.08998548621190117,-0.07891872278664724,0.23639332365747445,0.10322931785195921,-0.07891872278664724,0.23639332365747445,0.053882438316400494,-0.07891872278664724,0.23639332365747445,0.09216255442670529,-0.07891872278664724,0.23639332365747445
ADA,1710806400,0.09086259802250263,-0.029832935560859086,0.1367200818274803,0.07790658029321507,-0.029832935560859086,0.1367200818274803,0.04875554040231833,-0.029832935560859086,0.1367200818274803,0.06290487555404023,-0.029832935560859086,0.1367200818274803,0.10364814183429938,-0.029832935560859086,0.1367200818274803,0.12052505966587113,-0.029832935560859086,0.14012956017729272,0.1346743948175928,-0.029832935560859086,0.16638254347084902
ADA,1731196800,0.039275435923480595,-0.1735229388860673,0.1173184357541901,-0.03267309971220578,-0.1735229388860673,0.1173184357541901,-0.020145589977992207,-0.1735229388860673,0.1173184357541901,-0.018960555273404456,-0.1735229388860673,0.1173184357541901,0.1979007956661587,-0.1735229388860673,0.19857795835449465,0.25613678686304375,-0.1735229388860673,0.38801422041645495,0.19011342475029624,-0.1735229388860673,0.38801422041645495
ADA,1731369600,0.012950647532376625,-0.09152957647882398,0.14718235911795574,0.014175708785439278,-0.09152957647882398,0.14718235911795574,0.23836191809590468,-0.09152957647882398,0.23906195309765477,0.29856492824641223,-0.09152957647882398,0.43489674483724183,0.23031151557577867,-0.09152957647882398,0.43489674483724183,0.2833391669583478,-0.09152957647882398,0.43489674483724183,0.29313965698284905,-0.09152957647882398,0.43489674483724183
ADA,1731456000,0.0012093987560470865,-0.10314443676572216,0.054941257774706376,0.2225293711126468,-0.10314443676572216,0.2232204561161022,0.2819626814098135,-0.10314443676572216,0.4165514858327575,0.21458189357290935,-0.10314443676572216,0.4165514858327575,0.2669315825846579,-0.10314443676572216,0.4165514858327575,0.2766067726330339,-0.10314443676572216,0.4165514858327575,0.3826883206634417,-0.10314443676572216,0.4664823773324118
ADA,1733702400,0.018040466460679694,-0.10774444333698796,0.19087012857570018,0.08312568523871211,-0.10774444333698796,0.19087012857570018,0.11920661816007172,-0.10774444333698796,0.19087012857570018,0.1175122097079635,-0.10774444333698796,0.19087012857570018,0.05681251868832837,-0.10774444333698796,0.19087012857570018,0.09608292634306759,-0.10774444333698796,0.19087012857570018,0.073856274294827,-0.10774444333698796,0.19087012857570018
ADA,1760140800,0.10855784469096674,-0.03565768621236132,0.12329635499207603,0.15404120443740088,-0.03565768621236132,0.16576862123613312,0.10665610142630744,-0.03565768621236132,0.16576862123613312,0.058637083993660966,-0.03565768621236132,0.16576862123613312,0.021711568938193482,-0.03565768621236132,0.16576862123613312,-0.010618066561014272,-0.062282091917591154,0.16576862123613312,0.004754358161648264,-0.062282091917591154,0.16576862123613312
ADA,1763683200,-0.01124969430178524,-0.05233553436047933,0.07483492296404992,-0.0014673514306676738,-0.05233553436047933,0.07483492296404992,0.045243335778919036,-0.05233553436047933,0.07483492296404992,0.03130349718757652,-0.05233553436047933,0.07483492296404992,0.06505258009293224,-0.05233553436047933,0.07483492296404992,0.05869405722670584,-0.05233553436047933,0.07483492296404992,0.026412325752017685,-0.05233553436047933,0.07483492296404992
ADA,1765756800,-0.00567156483629816,-0.028100025779840165,0.05052848672338217,-0.05336426914153136,-0.0623872131992782,0.05052848672338217,-0.09461201340551695,-0.10698633668471269,0.05052848672338217,-0.02913121938643992,-0.10724413508636255,0.05052848672338217,-0.03892755864913633,-0.10724413508636255,0.05052848672338217,-0.05671564836298015,-0.10724413508636255,0.05052848672338217,-0.043567929878834843,-0.10724413508636255,0.05052848672338217
AVAX,1613347200,-0.03898941940352474,-0.16151786228978993,0.1605038229544966,-0.02530643901876628,-0.16151786228978993,0.1605038229544966,0.07778756006938425,-0.16151786228978993,0.1605038229544966,0.01891039246204551,-0.16151786228978993,0.1605038229544966,-0.05649535428490582,-0.16151786228978993,0.1605038229544966,-0.05056571341728633,-0.16151786228978993,0.1605038229544966,-0.1528317113944483,-0.36231861273130317,0.1605038229544966
AVAX,1613952000,-0.14870018403105323,-0.3066483151106505,0.12398125666919269,-0.08276757960502912,-0.3066483151106505,0.12398125666919269,-0.17332632262654069,-0.3066483151106505,0.12398125666919269,-0.19777306960703955,-0.3066483151106505,0.12398125666919269,-0.20582094861048816,-0.3066483151106505,0.12398125666919269,-0.2600095881725252,-0.3164560877163137,0.12398125666919269,-0.15000541267803835,-0.3164560877163137,0.12398125666919269
AVAX,1630886400,-0.194348388739207,-0.38748753633027133,0.09213568958567575,-0.213929609436324,-0.38748753633027133,0.09213568958567575,-0.1348197806394129,-0.38748753633027133,0.09213568958567575,0.047499840889322575,-0.38748753633027133,0.09213568958567575,0.2115323418970234,-0.38748753633027133,0.2553832445849331,0.2579290154231284,-0.38748753633027133,0.37592549377346884,0.12739461569467725,-0.38748753633027133,0.37592549377346884
AVAX,1630972800,-0.024304824099431244,-0.2397303560143248,0.24447019170002093,0.07388877185590892,-0.2397303560143248,0.24447019170002093,0.3001895934274279,-0.2397303560143248,0.31132820728881394,0.503791868548557,-0.2397303560143248,0.5582209816726353,0.5613808721297662,-0.2397303560143248,0.7078417948177798,0.3993574889403835,-0.2397303560143248,0.7078417948177798,0.3560143248367391,-0.2397303560143248,0.7078417948177798
AVAX,1631059200,0.1006396243219172,-0.11278438992794093,0.20678487571856552,0.33257765902895864,-0.11278438992794093,0.34399373869862093,0.5412517205084608,-0.11278438992794093,0.5970366771921303,0.6002752813537366,-0.11278438992794093,0.750384584244191,0.4342158529673712,-0.11278438992794093,0.750384584244191,0.38979299921733745,-0.11278438992794093,0.750384584244191,0.5627074730791031,-0.11278438992794093,0.750384584244191
AVAX,1631232000,0.1565942968243681,-0.18083684381075815,0.19845674011665593,0.20088707064160727,-0.18083684381075815,0.3135328904731043,0.07627187297472471,-0.18083684381075815,0.3135328904731043,0.04293583927414146,-0.18083684381075815,0.3135328904731043,0.17269523655217123,-0.18083684381075815,0.3135328904731043,0.36896467919637055,-0.18083684381075815,0.3852883992222944,0.421054763447829,-0.18083684381075815,0.43666963707064155
AVAX,1652140800,-0.30159443072086234,-0.41612396137435437,0.13002470244778808,-0.31955984729395914,-0.47563440377273747,0.13002470244778808,-0.27734111834718167,-0.47563440377273747,0.13002470244778808,-0.23849090500785997,-0.47563440377273747,0.13002470244778808,-0.17987873343813154,-0.47563440377273747,0.13002470244778808,-0.26970581630361545,-0.47563440377273747,0.13002470244778808,-0.22816079047832927,-0.47563440377273747,0.13002470244778808
AVAX,1652227200,-0.025723472668810365,-0.24919614147909963,0.48681672025723466,0.03472668810289381,-0.24919614147909963,0.48681672025723466,0.09035369774919588,-0.24919614147909963,0.48681672025723466,0.1742765273311897,-0.24919614147909963,0.48681672025723466,0.04565916398713821,-0.24919614147909963,0.48681672025723466,0.10514469453376196,-0.24919614147909963,0.48681672025723466,-0.049196141479099675,-0.24919614147909963,0.48681672025723466
AVAX,1652313600,0.06204620462046195,-0.22937293729372932,0.25346534653465325,0.11914191419141895,-0.22937293729372932,0.25346534653465325,0.2052805280528054,-0.22937293729372932,0.25346534653465325,0.07326732673267333,-0.22937293729372932,0.25346534653465325,0.1343234323432343,-0.22937293729372932,0.25346534653465325,-0.02409240924092415,-0.22937293729372932,0.25346534653465325,0.001980198019801982,-0.22937293729372932,0.25346534653465325
AVAX,1653523200,-0.036324786324786196,-0.08846153846153848,0.19658119658119655,0.057264957264957284,-0.08846153846153848,0.19658119658119655,0.11709401709401712,-0.08846153846153848,0.19658119658119655,0.18290598290598292,-0.08846153846153848,0.21666666666666679,0.12863247863247862,-0.08846153846153848,0.24401709401709404,0.011965811965811923,-0.08846153846153848,0.24401709401709404,0.052136752136752174,-0.08846153846153848,0.24401709401709404
AVAX,1675900800,-0.0068190710413056355,-0.02928846906265703,0.1319657928567437,0.005812978592588669,-0.02928846906265703,0.1319657928567437,-0.0069867531160918706,-0.02928846906265703,0.1319657928567437,-0.01537085685540207,-0.059806606673746376,0.1319657928567437,0.013973506232183741,-0.059806606673746376,0.1319657928567437,0.11547705550276688,-0.059806606673746376,0.1319657928567437,0.03934939354982947,-0.059806606673746376,0.14023810854619634
AVAX,1699920000,0.21433178912801254,-0.08784378115287639,0.22969565472350895,0.2736175452999472,-0.08784378115287639,0.4144138861197444,0.28587345335131653,-0.08784378115287639,0.4472526828124084,0.2900369436462791,-0.08784378115287639,0.4472526828124084,0.34064387497800963,-0.08784378115287639,0.4472526828124084,0.22271741042631787,-0.08784378115287639,0.4472526828124084,0.11604996188353955,-0.08784378115287639,0.4472526828124084
AVAX,1700092800,0.009622910815415109,-0.07910124775542149,0.13633224365762686,0.012891937934527364,-0.07910124775542149,0.13633224365762686,0.05262673235415982,-0.07910124775542149,0.13633224365762686,-0.03996500759703492,-0.07910124775542149,0.13633224365762686,-0.12371656153598232,-0.1284129103549888,0.13633224365762686,-0.042865693632303525,-0.1284129103549888,0.13633224365762686,-0.0494958331414892,-0.1284129103549888,0.13633224365762686
AVAX,1700524800,0.0922656578394283,-0.005359394703656983,0.17218369062631367,0.08469945355191255,-0.005359394703656983,0.17218369062631367,0.09746742328709534,-0.005359394703656983,0.17218369062631367,0.12326607818411106,-0.005359394703656983,0.17218369062631367,0.10766078184110972,-0.005359394703656983,0.17218369062631367,0.06982976040353095,-0.005359394703656983,0.17218369062631367,0.08758932324506108,-0.005359394703656983,0.17218369062631367
AVAX,1702252800,-0.014111154907370915,-0.1689396925502562,0.12834055971620018,0.02538431217973991,-0.1689396925502562,0.12834055971620018,0.032584417290763446,-0.1689396925502562,0.12834055971620018,0.044514518460123664,-0.1689396925502562,0.12834055971620018,0.10944685323873338,-0.1689396925502562,0.19348311654184736,0.06758638812245432,-0.1689396925502562,0.19348311654184736,0.08080409932991728,-0.1689396925502562,0.19348311654184736
AVAX,1710806400,0.06359943351222408,-0.05998434704830058,0.15533691115086468,0.003652355396541296,-0.05998434704830058,0.15533691115086468,-0.003875968992248069,-0.05998434704830058,0.15533691115086468,-0.0033914728682170603,-0.05998434704830058,0.15533691115086468,0.038554710793082814,-0.05998434704830058,0.15533691115086468,0.07723986285032791,-0.05998434704830058,0.15533691115086468,0.040287716159809195,-0.05998434704830058,0.15533691115086468
AVAX,1731369600,-0.024756409879014285,-0.08080421536016003,0.11082982543934539,-0.08136351594006641,-0.09699449530481874,0.11082982543934539,-0.024697536133761133,-0.09987930882223062,0.11082982543934539,0.035353684024609144,-0.09987930882223062,0.11082982543934539,0.02257808130464234,-0.09987930882223062,0.11082982543934539,0.045273910099791204,-0.09987930882223062,0.11082982543934539,0.007447528774543022,-0.09987930882223062,0.11082982543934539
AVAX,1733702400,-0.008692752334370835,-0.11909737661182751,0.20644730991551796,0.07705646954201861,-0.11909737661182751,0.20644730991551796,0.18105824811027138,-0.11909737661182751,0.23181413961760788,0.17343263672743436,-0.11909737661182751,0.23181413961760788,0.1078257003112495,-0.11909737661182751,0.23181413961760788,0.12861271676300579,-0.11909737661182751,0.23181413961760788,0.0889061805246778,-0.11909737661182751,0.23181413961760788
AVAX,1734566400,0.026490066225165476,-0.13474373180096366,0.12312211714381416,-0.03605019712938384,-0.13474373180096366,0.12312211714381416,-0.057979230551189254,-0.13474373180096366,0.12312211714381416,0.007112118947612434,-0.13474373180096366,0.12312211714381416,0.06210219805705153,-0.13474373180096366,0.12312211714381416,0.03682325353673299,-0.13474373180096366,0.12312211714381416,-0.03860128327363632,-0.13474373180096366,0.12312211714381416
AVAX,1734652800,-0.060926321074431966,-0.15707292581900334,0.06263336262081087,-0.08228944395631976,-0.15707292581900334,0.06263336262081087,-0.018877871218777487,-0.15707292581900334,0.06263336262081087,0.03469310907493406,-0.15707292581900334,0.06263336262081087,0.010066524413204325,-0.15707292581900334,0.06263336262081087,-0.0634115727375425,-0.15707292581900334,0.06263336262081087,-0.08241496171708296,-0.15707292581900334,0.06263336262081087
AVAX,1760054400,0.04027562111801242,-0.5741459627329193,0.3884413819875776,0.09069293478260865,-0.5741459627329193,0.3884413819875776,0.15479425465838492,-0.5741459627329193,0.3884413819875776,0.10263004658385078,-0.5741459627329193,0.3884413819875776,0.0620147515527949,-0.5741459627329193,0.3884413819875776,0.017032220496894457,-0.5741459627329193,0.3884413819875776,-0.03222049689440998,-0.5741459627329193,0.3884413819875776
AVAX,1790121600,-0.005847383295974895,-0.028164896208946466,0.1113926517883248,0.037618165870772824,-0.028164896208946466,0.1113926517883248,0.05584251047656186,-0.028164896208946466,0.1113926517883248,0.061982262937335664,-0.028164896208946466,0.1113926517883248,0.03410973589318789,-0.028164896208946466,0.1113926517883248,0.11421888704804606,-0.028164896208946466,0.170158853912874,0.0654906929149206,-0.028164896208946466,0.170158853912874
BCH,1599091200,0.07606609558582589,-0.07784487197490986,0.2478584468473528,0.056546365210878635,-0.07784487197490986,0.2478584468473528,0.06586153630108127,-0.07784487197490986,0.2478584468473528,0.07096381594345358,-0.07784487197490986,0.2478584468473528,0.0409118569489304,-0.07784487197490986,0.2478584468473528,0.04858868136497674,-0.07784487197490986,0.2478584468473528,0.0646444787717082,-0.07784487197490986,0.2478584468473528
BCH,1606262400,-0.1332503907869973,-0.2048999904297062,0.16135515360321562,-0.15255048329983745,-0.2048999904297062,0.16135515360321562,-0.11921395986856798,-0.2048999904297062,0.16135515360321562,-0.08945034612562608,-0.2048999904297062,0.16135515360321562,0.0140364309184291,-0.2048999904297062,0.16135515360321562,-0.08201741793473072,-0.2048999904297062,0.16135515360321562,-0.06099467253644686,-0.2048999904297062,0.16135515360321562
BCH,1606348800,-0.022267206477732837,-0.08266470371733525,0.18638203901361794,0.01619433198380582,-0.08266470371733525,0.18638203901361794,0.050533676849466413,-0.08266470371733525,0.18638203901361794,0.1699300699300701,-0.08266470371733525,0.18881118881118897,0.059109311740890735,-0.08266470371733525,0.18881118881118897,0.08336400441663616,-0.08266470371733525,0.18881118881118897,0.07600294442399713,-0.08266470371733525,0.18881118881118897
BCH,1606780800,0.022901028634973786,-0.06206561023074786,0.11808451487350569,0.0159507923269393,-0.06206561023074786,0.11808451487350569,-0.02776619405059777,-0.06206561023074786,0.11808451487350569,0.006984987489574657,-0.06206561023074786,0.11808451487350569,-0.004587155963302725,-0.06206561023074786,0.11808451487350569,-0.012406171809841493,-0.06206561023074786,0.11808451487350569,-0.06922435362802337,-0.08764247984431461,0.11808451487350569
BCH,1610323200,-0.051665932775576184,-0.16086892705122569,0.2677444381539493,0.04160114067643783,-0.16086892705122569,0.2677444381539493,0.1064351764483864,-0.16086892705122569,0.2677444381539493,0.029754041643077267,-0.16086892705122569,0.2677444381539493,0.02774108322324964,-0.16086892705122569,0.2677444381539493,0.0064792099138202275,-0.16086892705122569,0.2677444381539493,0.06867123775974493,-0.16086892705122569,0.2677444381539493
BCH,1614038400,0.023296481240406397,-0.213087998134727,0.22981716439660382,-0.029844366292964386,-0.213087998134727,0.22981716439660382,-0.058250918064002066,-0.213087998134727,0.22981716439660382,-0.060699088736471785,-0.213087998134727,0.22981716439660382,-0.10515475936036678,-0.213087998134727,0.22981716439660382,-0.024928595022052913,-0.213087998134727,0.22981716439660382,0.005440379272155127,-0.213087998134727,0.22981716439660382
BCH,1618704000,-0.08378969864477481,-0.1972011877485178,0.0692510814059819,-0.03353642874022622,-0.1972011877485178,0.0692510814059819,-0.06504875317229541,-0.1972011877485178,0.0692510814059819,-0.12272031399303374,-0.1972011877485178,0.0692510814059819,-0.13737195228456645,-0.2989817830612266,0.0692510814059819,-0.20739363177741021,-0.2989817830612266,0.0692510814059819,-0.21957935619098512,-0.2989817830612266,0.0692510814059819
BCH,1652054400,0.06476243043098306,-0.03279517961455314,0.22524262913389448,-0.10505496527298652,-0.15703049537739744,0.22524262913389448,-0.10675681891357347,-0.2802538981647579,0.22524262913389448,-0.0697759992640632,-0.2802538981647579,0.22524262913389448,-0.04024653879766338,-0.2802538981647579,0.22524262913389448,-0.012188951750149557,-0.2802538981647579,0.22524262913389448,-0.0918081045030128,-0.2802538981647579,0.22524262913389448
BCH,1652227200,-0.001901629233694857,-0.19576502030117693,0.28380531428277744,0.039420260060646584,-0.19576502030117693,0.28380531428277744,0.07241609703448626,-0.19576502030117693,0.28380531428277744,0.10376728169810345,-0.19576502030117693,0.28380531428277744,0.014801870792002791,-0.19576502030117693,0.28380531428277744,0.06254818317315114,-0.19576502030117693,0.28380531428277744,-0.039471655445341036,-0.19576502030117693,0.28380531428277744
BCH,1652313600,0.041400617919670646,-0.19423274974253346,0.16956745623069014,0.07445932028836255,-0.19423274974253346,0.21987641606591146,0.10587023686920705,-0.19423274974253346,0.21987641606591146,0.01673532440782699,-0.19423274974253346,0.21987641606591146,0.0645726055612772,-0.19423274974253346,0.21987641606591146,-0.03764160659114313,-0.19423274974253346,0.21987641606591146,0.01107106076210096,-0.19423274974253346,0.21987641606591146
BCH,1655078400,-0.007410911384421293,-0.07387259539577429,0.1737622201198359,0.008120466729738318,-0.13276568905707986,0.1737622201198359,-0.1384421318196153,-0.15657521286660359,0.1737622201198359,-0.04344055502995903,-0.1594922737306843,0.1737622201198359,-0.09113844213181965,-0.1594922737306843,0.1737622201198359,-0.049116997792494566,-0.1594922737306843,0.1737622201198359,-0.06520025228634507,-0.1594922737306843,0.1737622201198359
BCH,1655510400,0.04623525329632194,-0.05551700208188759,0.08605135322692581,0.028539208882720324,-0.05551700208188759,0.08605135322692581,0.03599930603747392,-0.05551700208188759,0.08605135322692581,-0.022467036780013938,-0.05551700208188759,0.08605135322692581,0.00806731436502428,-0.05551700208188759,0.08605135322692581,-0.010496183206106902,-0.05551700208188759,0.08605135322692581,0.000867453157529452,-0.05551700208188759,0.08605135322692581
BCH,1692230400,0.019215067225518467,-0.12579609166621308,0.15018235262097868,0.017799793152250665,-0.12579609166621308,0.15018235262097868,0.02727124271950343,-0.12579609166621308,0.15018235262097868,0.010451254694899603,-0.12579609166621308,0.15018235262097868,0.006205432475096639,-0.12579609166621308,0.15018235262097868,0.05383484840237318,-0.12579609166621308,0.15018235262097868,0.05552229056665392,-0.12579609166621308,0.15018235262097868
BCH,1704240000,0.02351935001069072,-0.10720547359418431,0.1466324567030146,0.022193713919179014,-0.10720547359418431,0.1466324567030146,0.009065640367757144,-0.10720547359418431,0.1466324567030146,-0.0070985674577720426,-0.10720547359418431,0.1466324567030146,0.08561043403891389,-0.10720547359418431,0.1466324567030146,0.04618345093008336,-0.10720547359418431,0.1466324567030146,0.08856104340389148,-0.10720547359418431,0.1466324567030146
BCH,1709596800,0.037790915213649745,-0.16435930055626224,0.20372171917483595,0.07805133577789425,-0.16435930055626224,0.20372171917483595,0.08922647110179849,-0.16435930055626224,0.20372171917483595,0.07725311182618677,-0.16435930055626224,0.20372171917483595,0.05490284117837807,-0.16435930055626224,0.20372171917483595,0.11896031330290113,-0.16435930055626224,0.20372171917483595,0.08306517997455654,-0.16435930055626224,0.20372171917483595
BCH,1712880000,-0.1003022395764892,-0.17000506861401576,0.16120069834237527,-0.014436163622369547,-0.17000506861401576,0.16120069834237527,-0.047250746212619155,-0.17000506861401576,0.16120069834237527,-0.08751806867033374,-0.17000506861401576,0.16120069834237527,-0.13020706226886192,-0.17000506861401576,0.16120069834237527,-0.09412603953518939,-0.17000506861401576,0.16120069834237527,-0.10587771499371124,-0.17000506861401576,0.16120069834237527
BCH,1712966400,0.09543880148562378,-0.07747360514125945,0.15037766556775045,0.0589659057713976,-0.07747360514125945,0.1848892041897927,0.014209406167842165,-0.07747360514125945,0.1848892041897927,-0.033238743062220966,-0.07747360514125945,0.1848892041897927,0.00686474982264329,-0.07747360514125945,0.1848892041897927,-0.006197053791261453,-0.07747360514125945,0.1848892041897927,0.07436464549513833,-0.07747360514125945,0.1848892041897927
BCH,1731196800,0.07125050990345838,-0.10501745002946106,0.09767484023024986,-0.020260164075601717,-0.10501745002946106,0.09767484023024986,-0.004124552418075522,-0.10501745002946106,0.09767484023024986,-0.059941984317635866,-0.10501745002946106,0.09767484023024986,-0.022095816525404488,-0.10501745002946106,0.09767484023024986,0.0473190409282509,-0.10501745002946106,0.09767484023024986,-0.019534968046049928,-0.10501745002946106,0.10807687077913242
BCH,1731369600,0.016469282013323427,-0.06786639526276828,0.09876943005181338,-0.04050240562546259,-0.06786639526276828,0.09876943005181338,-0.0018736121391561555,-0.06786639526276828,0.09876943005181338,0.06897668393782386,-0.06786639526276828,0.11949481865284972,0.0007401924500369805,-0.06786639526276828,0.13099093264248696,0.04730292376017764,-0.06786639526276828,0.13099093264248696,0.03395632864544784,-0.06786639526276828,0.13099093264248696
BCH,1731456000,-0.05604860731840522,-0.08296923356999808,0.025327689787001617,-0.018045694520298583,-0.08296923356999808,0.025327689787001617,0.05165665392317487,-0.08296923356999808,0.10135627161842353,-0.015474239941744017,-0.08296923356999808,0.11266612051702163,0.03033406153286,-0.08296923356999808,0.11266612051702163,0.017203713817586008,-0.08296923356999808,0.11266612051702163,0.0016839614054251495,-0.08296923356999808,0.11266612051702163
BCH,1734566400,0.02431957657472683,-0.11146852827778153,0.11473091050122064,0.039787374808933906,-0.11146852827778153,0.11473091050122064,0.016722560627837613,-0.11146852827778153,0.11473091050122064,0.05123993338352384,-0.11146852827778153,0.11473091050122064,0.07229712773481167,-0.11146852827778153,0.11473091050122064,0.061118335500650156,-0.11146852827778153,0.11473091050122064,-0.002851732712796262,-0.11146852827778153,0.11473091050122064
BCH,1764547200,0.04301157562422264,-0.027341433081412014,0.06769348512388795,0.12916865971491442,-0.027341433081412014,0.1617908734334641,0.09920596957811156,-0.027341433081412014,0.1617908734334641,0.06993207691571812,-0.027341433081412014,0.1617908734334641,0.11577537549028993,-0.027341433081412014,0.1617908734334641,0.1442265378360279,-0.027341433081412014,0.1617908734334641,0.1073758729551324,-0.027341433081412014,0.1617908734334641
BCH,1770249600,0.153174410655611,-0.0682955873596931,0.1974551789534036,0.15756279356958558,-0.0682955873596931,0.1974551789534036,0.16135576774648808,-0.0682955873596931,0.1974551789534036,0.17463117736564704,-0.0682955873596931,0.1974551789534036,0.1556663064811341,-0.0682955873596931,0.1974551789534036,0.13727479215824645,-0.0682955873596931,0.1974551789534036,0.10889364235781862,-0.0682955873596931,0.1974551789534036
BCH,1780617600,0.03542818996757591,-0.03824146481022317,0.17256341789052065,0.09736791913026877,-0.03824146481022317,0.17256341789052065,-0.0023841312225825195,-0.05106809078771701,0.17256341789052065,-0.030516879649055917,-0.05106809078771701,0.17256341789052065,-0.07376502002670227,-0.08659164600419611,0.17256341789052065,-0.021695594125500706,-0.08659164600419611,0.17256341789052065,-0.03690635132557696,-0.08659164600419611,0.17256341789052065
BCH,1787356800,-0.008566161853471699,-0.056999313261286155,0.10684208623992486,-0.020566017276900217,-0.056999313261286155,0.10684208623992486,-0.038529656269201684,-0.05891495283189363,0.10684208623992486,-0.02826471970217226,-0.06787870025662357,0.10684208623992486,-0.02559005313189011,-0.06787870025662357,0.10684208623992486,-0.10409513138395932,-0.12281779737593523,0.10684208623992486,-0.10709509523981642,-0.12382983337550157,0.10684208623992486
BCH,1790121600,0.003912386259225187,-0.05068318563087215,0.08610213699279767,0.016864755920448227,-0.05068318563087215,0.08610213699279767,-0.004564450635762607,-0.05068318563087215,0.08610213699279767,-0.014997480660363438,-0.05068318563087215,0.08610213699279767,-0.08085598269065464,-0.09896558878449269,0.08610213699279767,-0.08823616586146588,-0.10483416817333058,0.08610213699279767,-0.09262278075817298,-0.10483416817333058,0.08610213699279767
BTC,1583971200,0.16908062501967636,-0.23985812179278643,0.6725257888827092,0.08444691635272283,-0.23985812179278643,0.6725257888827092,0.12438898974741064,-0.23985812179278643,0.6725257888827092,0.05490644643363107,-0.23985812179278643,0.6725257888827092,0.11390763225000788,-0.23985812179278643,0.6725257888827092,0.13117227918105234,-0.23985812179278643,0.6725257888827092,0.29277071768125684,-0.23985812179278643,0.6725257888827092
BTC,1589068800,-0.018170704154925832,-0.08940046080465358,0.09868307122058173,0.010227615479274421,-0.08940046080465358,0.09868307122058173,0.06724903750546174,-0.08940046080465358,0.09868307122058173,0.12239994586864178,-0.08940046080465358,0.1411165510067629,0.06780181959348708,-0.08940046080465358,0.1411165510067629,0.07517148286662234,-0.08940046080465358,0.1411165510067629,0.10998757960578143,-0.08940046080465358,0.1411165510067629
BTC,1605657600,0.0013132212597930515,-0.032228451028540106,0.04113260836324062,0.0492452350756003,-0.032228451028540106,0.05864972071561558,0.05248781222734933,-0.032228451028540106,0.06732957356287717,0.036365435296868975,-0.032228451028540106,0.06732957356287717,0.03337864396412926,-0.032228451028540106,0.06732957356287717,0.07821536828660602,-0.032228451028540106,0.09285193880029152,0.05359415616539387,-0.032228451028540106,0.09927131960747282
BTC,1606348800,-0.0006551895794546514,-0.056795143669551296,0.10406963662626323,0.03278279532786876,-0.056795143669551296,0.10406963662626323,0.05979187821401388,-0.056795143669551296,0.10406963662626323,0.14949630843807227,-0.056795143669551296,0.16255346731688203,0.09427735037603457,-0.056795143669551296,0.16325295797110395,0.11959366587896247,-0.056795143669551296,0.16325295797110395,0.1328426017788047,-0.056795143669551296,0.16325295797110395
BTC,1606780800,0.023135190995434707,-0.0384973924901586,0.06303302135547884,0.0352426662121057,-0.0384973924901586,0.06303302135547884,-0.0057796694135633375,-0.0384973924901586,0.06303302135547884,0.01997155443809362,-0.0384973924901586,0.06303302135547884,0.032084889227441904,-0.0384973924901586,0.06303302135547884,0.02131712540018227,-0.0384973924901586,0.06303302135547884,-0.024151027822316484,-0.0384973924901586,0.06303302135547884
BTC,1608163200,0.013470663746620204,-0.0694872548920783,0.046940897988735575,0.04515450986304481,-0.0694872548920783,0.06418988657136637,0.02874919084419103,-0.0694872548920783,0.06832671618824393,-0.003808127189432242,-0.0694872548920783,0.06832671618824393,0.044265260229329195,-0.0694872548920783,0.06832671618824393,0.018463434484566,-0.0694872548920783,0.06832671618824393,0.04034055324562957,-0.0694872548920783,0.06832671618824393
BTC,1608508800,0.048257156809693,-0.03563996638818123,0.062247856366667964,0.022356698826666133,-0.03563996638818123,0.06622584150531674,0.044317446909604374,-0.03563996638818123,0.06622584150531674,0.08798465470895422,-0.03563996638818123,0.09228028033312663,0.16624343931614916,-0.03563996638818123,0.18459663617845945,0.15730419135859508,-0.03563996638818123,0.25207720159612146,0.192368709332559,-0.03563996638818123,0.25207720159612146
BTC,1609718400,0.06145439412420495,-0.13209268375986194,0.07707922339153828,0.14962378715416014,-0.13209268375986194,0.15629949296105328,0.2331439443015797,-0.13209268375986194,0.26644598510134077,0.26868162693285,-0.13209268375986194,0.31514526364557915,0.25303463168729623,-0.13209268375986194,0.31514526364557915,0.1932685982703668,-0.13209268375986194,0.31514526364557915,0.10544106082001004,-0.13209268375986194,0.31514526364557915
BTC,1610323200,-0.03817053890510902,-0.1400925089653715,0.08228880894565882,0.05683980608024175,-0.1400925089653715,0.08228880894565882,0.10604386635284335,-0.1400925089653715,0.1350222517443571,0.03803554291827438,-0.1400925089653715,0.1350222517443571,0.017430862567872296,-0.1400925089653715,0.1350222517443571,0.013029936913381723,-0.1400925089653715,0.1350222517443571,0.03610436601874256,-0.1400925089653715,0.1350222517443571
BTC,1613952000,-0.09619680351195647,-0.17032319897926473,0.06434779812459834,-0.0814633004133617,-0.17032319897926473,0.06434779812459834,-0.12974752730594574,-0.17032319897926473,0.06434779812459834,-0.1440931169667129,-0.18499368231497282,0.06434779812459834,-0.14798333986632062,-0.18499368231497282,0.06434779812459834,-0.1653418655808787,-0.20528475230368648,0.06434779812459834,-0.08348381380820302,-0.20528475230368648,0.06434779812459834
BTC,1614038400,0.016301671819535013,-0.08201608022116447,0.10950499746446152,-0.037121714023981345,-0.08201608022116447,0.10950499746446152,-0.052994184619914675,-0.09824802473376848,0.10950499746446152,-0.05729846559028984,-0.09824802473376848,0.10950499746446152,-0.0765045557900248,-0.12069878621321428,0.10950499746446152,0.014066103940717278,-0.12069878621321428,0.10950499746446152,-0.009288045345242302,-0.12069878621321428,0.10950499746446152
BTC,1652054400,0.0314573171948922,-0.011817703931915058,0.139293865573618,-0.03266836568341058,-0.08003566604339807,0.139293865573618,-0.034464976078465215,-0.1139716401722084,0.139293865573618,-0.026027561334282634,-0.1139716401722084,0.139293865573618,0.0007718770586160328,-0.1139716401722084,0.139293865573618,0.04218041960833907,-0.1139716401722084,0.139293865573618,-0.006318079889275463,-0.1139716401722084,0.139293865573618
BTC,1652140800,-0.062169982033475124,-0.10809267759280816,0.05315446372987642,-0.06391179952325798,-0.1409936746220417,0.05315446372987642,-0.055731708497166355,-0.1409936746220417,0.05315446372987642,-0.029749597607903966,-0.1409936746220417,0.05315446372987642,0.010396069943649167,-0.1409936746220417,0.05315446372987642,-0.03662332551665848,-0.1409936746220417,0.05315446372987642,-0.018227797471784157,-0.1409936746220417,0.05315446372987642
BTC,1652227200,-0.0018572848559056387,-0.08404901856253033,0.10740953475014359,0.006865075134051102,-0.08404901856253033,0.10740953475014359,0.03456957423464391,-0.08404901856253033,0.10740953475014359,0.07737655074686933,-0.08404901856253033,0.10740953475014359,0.027240177886616257,-0.08404901856253033,0.10740953475014359,0.046855169614819836,-0.08404901856253033,0.10740953475014359,-0.01286685675174648,-0.08404901856253033,0.10740953475014359
BTC,1652313600,0.008738590040901828,-0.08234467121744138,0.07070470388377936,0.036494640032804115,-0.08234467121744138,0.07070470388377936,0.07938126923196198,-0.08234467121744138,0.08412271240872893,0.02915160557808738,-0.08234467121744138,0.08412271240872893,0.0488030957213299,-0.08234467121744138,0.08412271240872893,-0.011030057855255126,-0.08234467121744138,0.08412271240872893,0.044768044878310986,-0.08234467121744138,0.08412271240872893
BTC,1655078400,-0.015521883274369763,-0.07335958881249582,0.19604832788198379,0.004272077965422838,-0.1055247758271588,0.19604832788198379,-0.09274414258060204,-0.1055247758271588,0.19604832788198379,-0.0896335358120286,-0.1055247758271588,0.19604832788198379,-0.1562779520726253,-0.21708831186169142,0.19604832788198379,-0.08487639899428157,-0.21708831186169142,0.19604832788198379,-0.08461384420265672,-0.21708831186169142,0.19604832788198379
BTC,1655510400,0.08462686645885742,-0.07207392522033573,0.0981713845683212,0.08493805281729139,-0.07207392522033573,0.11288153293564784,0.0924803662505207,-0.07207392522033573,0.14664261565320125,0.0536770096573258,-0.07207392522033573,0.14664261565320125,0.11270747954872684,-0.07207392522033573,0.14664261565320125,0.11980674799706748,-0.07207392522033573,0.14664261565320125,0.133029531057981,-0.07207392522033573,0.14664261565320125
BTC,1667952000,0.1058157812008802,-0.027815152467777438,0.16786545111600137,0.07251178874567743,-0.027815152467777438,0.16786545111600137,0.05670543854133925,-0.027815152467777438,0.16786545111600137,0.026167871738447035,-0.027815152467777438,0.16786545111600137,0.04402389185790634,-0.027815152467777438,0.16786545111600137,0.0618233259981138,-0.027815152467777438,0.16786545111600137,0.046878340144608455,-0.027815152467777438,0.16786545111600137
BTC,1678838400,0.02891963109354423,-0.016469038208168696,0.03754940711462451,0.12747035573122534,-0.016469038208168696,0.14309123847167338,0.10783102766798414,-0.016469038208168696,0.14309123847167338,0.15100872859025039,-0.016469038208168696,0.16917819499341236,0.1406497035573122,-0.016469038208168696,0.17272727272727284,0.1565834980237153,-0.016469038208168696,0.17272727272727284,0.12128623188405796,-0.016469038208168696,0.1891057312252964
BTC,1698019200,0.02548829896595506,-0.09689181834673755,0.08792102557900461,0.04274354477837572,-0.09689181834673755,0.08792102557900461,0.03265404849730902,-0.09689181834673755,0.08792102557900461,0.024765676966801653,-0.09689181834673755,0.08792102557900461,0.030616193989236207,-0.09689181834673755,0.08792102557900461,0.043980165689060824,-0.09689181834673755,0.08792102557900461,0.04262562738102438,-0.09689181834673755,0.08792102557900461
BTC,1698105600,0.016826370256803225,-0.03194563198396083,0.04077601202936587,0.00698764631305826,-0.03194563198396083,0.04077601202936587,-0.000704661379249405,-0.03194563198396083,0.04077601202936587,0.0050004422560956385,-0.03194563198396083,0.04077601202936587,0.018032255211250847,-0.03194563198396083,0.04077601202936587,0.016711383671905056,-0.03194563198396083,0.04077601202936587,0.02165285844856557,-0.03194563198396083,0.04077601202936587
BTC,1702857600,-0.008750530210889007,-0.04963242617472452,0.020582728131290917,0.024306507591682625,-0.04963242617472452,0.040141358324135235,0.02869817701193078,-0.04963242617472452,0.040141358324135235,0.03110961128804335,-0.04963242617472452,0.04247077102623065,0.024688493779249532,-0.04963242617472452,0.04247077102623065,0.007890475420477827,-0.04963242617472452,0.04247077102623065,0.022033338254627832,-0.04963242617472452,0.04247077102623065
BTC,1709596800,0.03734583684981674,-0.07271512249911372,0.08788750600024464,0.048983958561447105,-0.07271512249911372,0.08788750600024464,0.06953695366399248,-0.07271512249911372,0.10327323153571766,0.0723590295447345,-0.07271512249911372,0.10327323153571766,0.08242532244452327,-0.07271512249911372,0.10327323153571766,0.1318704762860916,-0.07271512249911372,0.14341918258627007,0.12166456984912322,-0.07271512249911372,0.1509489014453922
BTC,1731456000,-0.03351940477783699,-0.046821651239364104,0.0332672294894667,0.007314189394701964,-0.046821651239364104,0.0332672294894667,0.002543873523032536,-0.046821651239364104,0.0332672294894667,-0.005678368116195376,-0.046821651239364104,0.0332672294894667,0.0010407760805102306,-0.046821651239364104,0.0332672294894667,0.02126457058861897,-0.046821651239364104,0.03951409803646144,0.04285542060736636,-0.046821651239364104,0.04906025993963281
BTC,1760054400,-0.01894869267505883,-0.0893093992009929,0.08678621903581529,0.019336396519004984,-0.0893093992009929,0.08678621903581529,0.02126604379722652,-0.0893093992009929,0.08678621903581529,0.0023856650717875016,-0.0893093992009929,0.08678621903581529,-0.017884946888122144,-0.0893093992009929,0.08678621903581529,-0.04068228778981309,-0.0893093992009929,0.08678621903581529,-0.05621528298388223,-0.0893093992009929,0.08678621903581529
BTC,1763683200,-0.004748893863808723,-0.05280661860189084,0.027874044433475964,0.020144899434151764,-0.05280661860189084,0.035331723339620424,0.037060410019566836,-0.05280661860189084,0.04799191477609921,0.026213518071298125,-0.05280661860189084,0.04799191477609921,0.0628085576454136,-0.05280661860189084,0.06536221920593221,0.07284575202571286,-0.05280661860189084,0.08036336500437757,0.06762326147120534,-0.05280661860189084,0.09385558238878411
BTC,1764547200,0.05806362590675507,-0.028473497708762396,0.06993840559544329,0.08273385465946825,-0.028473497708762396,0.09210636166304886,0.06717291886977961,-0.028473497708762396,0.09210636166304886,0.03532981762861542,-0.028473497708762396,0.09210636166304886,0.034270004267082266,-0.028473497708762396,0.09210636166304886,0.04758492421290872,-0.028473497708762396,0.09210636166304886,0.05066232537429727,-0.028473497708762396,0.09210636166304886
BTC,1765756800,0.016626943658923254,-0.015243680106123425,0.041468968015937024,-0.0021796529455408997,-0.015243680106123425,0.04599264497354438,-0.010651708127917714,-0.022934393951144605,0.04599264497354438,0.019795138089059083,-0.022934393951144605,0.04599264497354438,0.02235099241925287,-0.022934393951144605,0.04599264497354438,0.025829408298886802,-0.022934393951144605,0.04599264497354438,0.025368706295527677,-0.022934393951144605,0.04872213071203935
BTC,1769817600,-0.022555865566888822,-0.040743620627442634,0.07029506980337152,-0.00018168696986797794,-0.052750207097734925,0.07029506980337152,-0.03779088973252642,-0.07391483327997084,0.07029506980337152,-0.07076135734142419,-0.08727073137263874,0.07029506980337152,-0.20123674193335273,-0.20930211874958704,0.07029506980337152,-0.10370514364705463,-0.24021812600690162,0.07029506980337152,-0.12009889869744428,-0.24021812600690162,0.07029506980337152
BTC,1770249600,0.1221032606361574,-0.04880217471181725,0.16619239328053514,0.10157933832897759,-0.04880217471181725,0.16619239328053514,0.11802488066284811,-0.04880217471181725,0.16619239328053514,0.11519991855965106,-0.04880217471181725,0.16619239328053514,0.09443899211205697,-0.04880217471181725,0.16619239328053514,0.06658861966561735,-0.04880217471181725,0.16619239328053514,0.05368382375163261,-0.04880217471181725,0.16619239328053514
DOGE,1606003200,0.10346889952153115,-0.058911483253588526,0.11094497607655507,0.2778110047846889,-0.058911483253588526,0.2870813397129184,0.1130382775119616,-0.058911483253588526,0.29156698564593286,-0.026913875598086223,-0.11991626794258381,0.29156698564593286,-0.019736842105263164,-0.11991626794258381,0.29156698564593286,0.015251196172248793,-0.11991626794258381,0.29156698564593286,0.02960526315789469,-0.11991626794258381,0.29156698564593286
DOGE,1606176000,-0.12894921600748888,-0.1731804352913643,0.010765270301895669,-0.23847413994851396,-0.3112567282939387,0.010765270301895669,-0.23285747718230743,-0.3112567282939387,0.010765270301895669,-0.20547624619705118,-0.3112567282939387,0.010765270301895669,-0.19424292066463844,-0.3112567282939387,0.010765270301895669,-0.16498946875731335,-0.3112567282939387,0.010765270301895669,-0.22185817926515328,-0.3112567282939387,0.010765270301895669
DOGE,1606262400,-0.12573885008060182,-0.2092960773777539,0.16039763567974208,-0.1192907039226222,-0.2092960773777539,0.16039763567974208,-0.0878559914024718,-0.2092960773777539,0.16039763567974208,-0.07495969908651268,-0.2092960773777539,0.16039763567974208,-0.04137560451370237,-0.2092960773777539,0.16039763567974208,-0.10666308436324567,-0.2092960773777539,0.16039763567974208,-0.09645351961311122,-0.2092960773777539,0.16039763567974208
DOGE,1606348800,0.007375537799631182,-0.09557467732022129,0.17025199754148757,0.04333128457283353,-0.09557467732022129,0.17025199754148757,0.05808236017209589,-0.09557467732022129,0.17025199754148757,0.09649661954517508,-0.09557467732022129,0.17025199754148757,0.021819299323909025,-0.09557467732022129,0.17025199754148757,0.033497234173325285,-0.09557467732022129,0.17025199754148757,0.05224339274738776,-0.09557467732022129,0.17025199754148757
DOGE,1608508800,-0.05378819589786532,-0.10004185851820846,0.13959815822519883,-0.21410632063624946,-0.2505232314776057,0.13959815822519883,-0.042486395981582215,-0.2505232314776057,0.13959815822519883,-0.044579321892005086,-0.2505232314776057,0.13959815822519883,-0.05420678107994992,-0.2505232314776057,0.13959815822519883,-0.046881540393470145,-0.2505232314776057,0.13959815822519883,-0.03537044788614485,-0.2505232314776057,0.13959815822519883
DOGE,1608681600,0.21837549933422107,-0.0463382157123835,0.2716378162450066,0.2157123834886816,-0.0463382157123835,0.2716378162450066,0.20346205059920086,-0.0463382157123835,0.2716378162450066,0.21278295605858855,-0.0463382157123835,0.28921438082556583,0.22743009320905472,-0.0463382157123835,0.28921438082556583,0.19786950732356856,-0.0463382157123835,0.28921438082556583,0.23435419440745675,-0.0463382157123835,0.28921438082556583
DOGE,1609718400,0.020824826459779677,-0.21396488362596966,0.17946100449162938,0.06859942833809729,-0.21396488362596966,0.17946100449162938,-0.002960391996733258,-0.21396488362596966,0.17946100449162938,-0.004185381788485043,-0.21396488362596966,0.17946100449162938,0.04144548795426717,-0.21396488362596966,0.17946100449162938,0.004593711719069082,-0.21396488362596966,0.17946100449162938,-0.10157207023274806,-0.3201306655777868,0.17946100449162938
DOGE,1649203200,0.018011728567439267,-0.022619380061435268,0.22088802010611563,-0.0064227869310249375,-0.022619380061435268,0.22088802010611563,0.0062133482267523465,-0.022619380061435268,0.22088802010611563,0.03469701200781916,-0.022619380061435268,0.22088802010611563,-0.06408824350740017,-0.07323373359396812,0.22088802010611563,-0.03714046355766554,-0.07323373359396812,0.22088802010611563,-0.02324769617425304,-0.07323373359396812,0.22088802010611563
DOGE,1649635200,0.028793077726390948,-0.009771743995226068,0.12919588244069802,0.043637177383261117,-0.009771743995226068,0.12919588244069802,0.07481724600924955,-0.009771743995226068,0.12919588244069802,0.08764732209458437,-0.009771743995226068,0.12919588244069802,0.06989407727883035,-0.009771743995226068,0.12919588244069802,0.03759510666865573,-0.009771743995226068,0.12919588244069802,0.04527823362673433,-0.019021333731165324,0.12919588244069802
DOGE,1652054400,0.06195908733280886,-0.027537372147915185,0.23200236034618404,-0.1627655389457121,-0.3078284815106216,0.23200236034618404,-0.18764752163650666,-0.3273013375295043,0.23200236034618404,-0.13394964594807246,-0.3273013375295043,0.23200236034618404,-0.12077104642014169,-0.3273013375295043,0.23200236034618404,-0.08457907159716771,-0.3273013375295043,0.23200236034618404,-0.13532651455546818,-0.3273013375295043,0.23200236034618404
DOGE,1652227200,-0.02971925290731814,-0.19652296487724652,0.3027134970045813,0.03441794901914719,-0.19652296487724652,0.3027134970045813,0.05015858099377413,-0.19652296487724652,0.3027134970045813,0.0933865852226008,-0.19652296487724652,0.3027134970045813,0.03277340538000706,-0.19652296487724652,0.3027134970045813,0.058616233995066436,-0.19652296487724652,0.3027134970045813,-0.02114413250323033,-0.19652296487724652,0.3027134970045813
DOGE,1667865600,-0.15579997732169182,-0.20353781607892063,0.2824583286086857,0.017348905771629397,-0.20353781607892063,0.2824583286086857,-0.03571833541217828,-0.20353781607892063,0.2824583286086857,-0.0011339154099104798,-0.20353781607892063,0.2824583286086857,-0.03707903390407086,-0.20353781607892063,0.2824583286086857,-0.025853271345957607,-0.20353781607892063,0.2824583286086857,-0.013266810295952003,-0.20353781607892063,0.2824583286086857
DOGE,1667952000,0.2051040967092006,-0.056548018804566946,0.26608462055070503,0.14224311618535923,-0.056548018804566946,0.26608462055070503,0.18321020819341838,-0.056548018804566946,0.27991940899932843,0.14063129617192738,-0.056548018804566946,0.27991940899932843,0.15392881128274016,-0.056548018804566946,0.27991940899932843,0.16883814640698458,-0.056548018804566946,0.27991940899932843,0.14748153122901275,-0.056548018804566946,0.27991940899932843
DOGE,1700524800,0.055462653288740116,-0.0175585284280938,0.09810479375696746,0.061872909698996725,-0.0175585284280938,0.09810479375696746,0.08918617614269775,-0.0175585284280938,0.09810479375696746,0.10019509476031208,-0.0175585284280938,0.1032608695652173,0.09601449275362306,-0.0175585284280938,0.1032608695652173,0.09852285395763638,-0.0175585284280938,0.13698439241917493,0.12695094760312142,-0.0175585284280938,0.13698439241917493
DOGE,1702857600,-0.020618556701030966,-0.06272381985892561,0.0183396635919697,-0.006185567010309256,-0.06272381985892561,0.0183396635919697,0.03190450352685836,-0.06272381985892561,0.06456863809007074,0.031470428648942006,-0.06272381985892561,0.06456863809007074,0.014975583288117322,-0.06272381985892561,0.06456863809007074,-0.004232230059685316,-0.06272381985892561,0.06456863809007074,0.024959305480195537,-0.06272381985892561,0.06456863809007074
DOGE,1709596800,0.03234871258659,-0.19618350542412755,0.35348320480982887,0.031303097634296284,-0.19618350542412755,0.35348320480982887,0.07613383871389368,-0.19618350542412755,0.35348320480982887,0.16984707881322714,-0.19618350542412755,0.35348320480982887,0.1114233433538101,-0.19618350542412755,0.35348320480982887,0.19173964187687886,-0.19618350542412755,0.35348320480982887,0.09966017514050463,-0.19618350542412755,0.35348320480982887
DOGE,1712966400,0.0616806502359728,-0.18169900367068692,0.15331672784478223,0.056305715783953714,-0.18169900367068692,0.15331672784478223,0.022155217619297396,-0.18169900367068692,0.15331672784478223,-0.03336392239119046,-0.18169900367068692,0.15331672784478223,-0.0026874672260094323,-0.18169900367068692,0.15331672784478223,0.024318300996329256,-0.18169900367068692,0.15331672784478223,0.06522024121657055,-0.18169900367068692,0.15331672784478223
DOGE,1730592000,0.04547557670698654,-0.060281578425540494,0.05915790865225712,0.12307488928547827,-0.060281578425540494,0.18600039658933176,0.29856566858351496,-0.060281578425540494,0.4541608830722452,0.2779430233326723,-0.060281578425540494,0.4541608830722452,0.33538237821402594,-0.060281578425540494,0.4541608830722452,0.44755106087646235,-0.060281578425540494,0.4558133386211911,0.8371339810959086,-0.060281578425540494,0.9697270143433139
DOGE,1731369600,0.04952656496580743,-0.13995265649658073,0.15715412940557605,-0.04626512361914781,-0.13995265649658073,0.15715412940557605,0.004813256180957293,-0.13995265649658073,0.15715412940557605,-0.0416885849552866,-0.13995265649658073,0.15715412940557605,-0.033745397159389845,-0.13995265649658073,0.15715412940557605,-0.02304050499736976,-0.13995265649658073,0.15715412940557605,0.027880063124671173,-0.13995265649658073,0.15715412940557605
DOGE,1731456000,-0.09127133298248258,-0.11853745332431143,0.08861489111094412,-0.042603313034107804,-0.11853745332431143,0.08861489111094412,-0.08691075858957975,-0.11853745332431143,0.08861489111094412,-0.07934240533293246,-0.14768313159411572,0.08861489111094412,-0.06914267097711957,-0.14768313159411572,0.08861489111094412,-0.020625015662982804,-0.14768313159411572,0.08861489111094412,-0.05292835125178552,-0.14768313159411572,0.08861489111094412
DOGE,1733702400,-0.0488246805015341,-0.11820839272340744,0.12990119102263664,0.00026574541589163836,-0.11820839272340744,0.12990119102263664,-0.019157828618365458,-0.11820839272340744,0.12990119102263664,-0.01188606769260514,-0.11820839272340744,0.12990119102263664,-0.03836397458507479,-0.11820839272340744,0.12990119102263664,-0.01814316430314311,-0.11820839272340744,0.12990119102263664,-0.029183678399729462,-0.11820839272340744,0.12990119102263664
DOGE,1734566400,0.011554621848739677,-0.16440667175961288,0.168831168831169,0.019448688566335637,-0.16440667175961288,0.168831168831169,-0.005411255411255311,-0.16440667175961288,0.168831168831169,0.03389992360580596,-0.16440667175961288,0.168831168831169,0.07257448433919023,-0.16440667175961288,0.168831168831169,0.06378915202444624,-0.16440667175961288,0.168831168831169,-0.00522026992615221,-0.16440667175961288,0.168831168831169
DOGE,1734652800,0.007803895654362902,-0.17395135152144492,0.10094716636772705,-0.016772082192642923,-0.17395135152144492,0.10094716636772705,0.022090059473236945,-0.17395135152144492,0.10094716636772705,0.060322854715378016,-0.17395135152144492,0.10094716636772705,0.05163787406778053,-0.17395135152144492,0.10094716636772705,-0.016583278265521195,-0.17395135152144492,0.10094716636772705,-0.01897479467572938,-0.17395135152144492,0.10094716636772705
DOGE,1737244800,-0.010663837864999137,-0.03475517838199982,0.14393389537155943,0.037518843169002336,-0.06336887945954994,0.14393389537155943,0.012562112668192738,-0.06336887945954994,0.14393389537155943,-0.017559041929540387,-0.06336887945954994,0.14393389537155943,-0.021132265088492974,-0.06336887945954994,0.14393389537155943,-0.01359499748757742,-0.06336887945954994,0.14393389537155943,-0.0626151526994585,-0.06596504941097647,0.14393389537155943
DOGE,1760054400,-0.04121789560894795,-0.5064208782104391,0.3151408450704223,0.07207953603976791,-0.5064208782104391,0.3151408450704223,0.10656586578293292,-0.5064208782104391,0.3151408450704223,0.0576843413421706,-0.5064208782104391,0.3151408450704223,0.015482601491300763,-0.5064208782104391,0.3151408450704223,-0.024544324772162507,-0.5064208782104391,0.3151408450704223,-0.04396230323115169,-0.5064208782104391,0.3151408450704223
DOGE,1760140800,0.1181680708576367,-0.0382912076042341,0.15608122704687832,0.15413696262691734,-0.0382912076042341,0.17860228991142812,0.1031540289479369,-0.0382912076042341,0.17860228991142812,0.05913804277381729,-0.0382912076042341,0.17860228991142812,0.017390365089652304,-0.0382912076042341,0.17860228991142812,-0.002862389284942757,-0.05281918340894354,0.17860228991142812,0.023493195074530293,-0.05281918340894354,0.17860228991142812
DOGE,1787356800,0.016869830213321668,-0.10361340879407921,0.09980409229429688,-0.019373095341750135,-0.10361340879407921,0.09980409229429688,-0.0674793208532869,-0.10361340879407921,0.09980409229429688,-0.04614714845450596,-0.10361340879407921,0.09980409229429688,-0.03025685676969969,-0.10361340879407921,0.09980409229429688,-0.0724858511101436,-0.10361340879407921,0.09980409229429688,-0.07226817588158474,-0.10361340879407921,0.09980409229429688
DOGE,1789430400,0.010621017118580323,-0.021866799950018723,0.048731725602898956,0.020617268524303345,-0.021866799950018723,0.048731725602898956,0.0927152317880795,-0.021866799950018723,0.10808446832437824,0.09596401349493933,-0.021866799950018723,0.14094714482069226,0.09021616893664852,-0.021866799950018723,0.14094714482069226,0.24778208171935523,-0.021866799950018723,0.2766462576533799,0.2545295514182182,-0.021866799950018723,0.32375359240284896
DOGE,1790121600,0.033020394949821785,-0.0183446638610123,0.12625445127873092,0.06755152692349187,-0.0183446638610123,0.12625445127873092,0.04316391496708749,-0.0183446638610123,0.12625445127873092,0.04510629114060638,-0.0183446638610123,0.12625445127873092,0.013164994064961633,-0.0183446638610123,0.12625445127873092,0.012733354915290818,-0.0183446638610123,0.12625445127873092,0.01974749109744245,-0.0183446638610123,0.12625445127873092
DOT,1609718400,0.021314573708525852,-0.0900881982360352,0.11129777404451913,0.058588828223435696,-0.0900881982360352,0.11129777404451913,0.014279714405712074,-0.0900881982360352,0.129462410751785,-0.02320453590928162,-0.0900881982360352,0.129462410751785,0.02435951280974402,-0.0900881982360352,0.129462410751785,-0.022889542209155844,-0.09334313313733722,0.129462410751785,-0.1317723645527088,-0.25661486770264585,0.129462410751785
DOT,1610323200,0.0036280082234851907,-0.14379005925746768,0.12964082718587489,0.32482766960938436,-0.14379005925746768,0.3814245978957551,0.7535373080178982,-0.14379005925746768,0.7896964566453017,0.5912444068206553,-0.14379005925746768,0.816543717499093,1.1699117184665622,-0.14379005925746768,1.3572378764058532,1.0668762849195792,-0.14379005925746768,1.3572378764058532,1.0076188172693188,-0.14379005925746768,1.3572378764058532
DOT,1632441600,-0.030980787360618933,-0.0955755664640291,0.0892688794252463,-0.06303436169175258,-0.1302948538734111,0.0892688794252463,-0.09989922304216381,-0.1302948538734111,0.0892688794252463,-0.14534638015669188,-0.15113292805825562,0.0892688794252463,-0.11404050583531089,-0.15191313676408436,0.0892688794252463,-0.07038132700497379,-0.15191313676408436,0.0892688794252463,0.038230226585611815,-0.15191313676408436,0.0892688794252463
DOT,1652054400,0.0685008951286159,-0.030434372938848653,0.27014039385659117,-0.14557618015641194,-0.2567605766512767,0.27014039385659117,-0.1810044285310468,-0.31753509846414774,0.27014039385659117,-0.014793178177706534,-0.31753509846414774,0.27014039385659117,0.06416658814661269,-0.31753509846414774,0.27014039385659117,0.1115612927541696,-0.31753509846414774,0.27014039385659117,0.0006595684537831215,-0.31753509846414774,0.27014039385659117
DOT,1652140800,-0.2003527336860671,-0.30440917107583776,0.09673721340387997,-0.23350970017636685,-0.3612874779541446,0.09673721340387997,-0.0779541446208113,-0.3612874779541446,0.09673721340387997,-0.004056437389770684,-0.3612874779541446,0.09673721340387997,0.040299823633157095,-0.3612874779541446,0.09673721340387997,-0.0634920634920636,-0.3612874779541446,0.09673721340387997,-0.02786596119929463,-0.3612874779541446,0.09673721340387997
DOT,1652227200,-0.04146449051610046,-0.20125716806352,0.28352448169386846,0.15306572562858412,-0.20125716806352,0.29984561093956796,0.24547860608734018,-0.20125716806352,0.29984561093956796,0.3009483899426557,-0.20125716806352,0.3065725628584033,0.17115130127922362,-0.20125716806352,0.3065725628584033,0.21570357300397003,-0.20125716806352,0.3065725628584033,0.04554477282752534,-0.20125716806352,0.3065725628584033
DOT,1652313600,0.2029452369995397,-0.1667050161067648,0.35607455131155086,0.2993557294063507,-0.1667050161067648,0.35607455131155086,0.35722503451449605,-0.1667050161067648,0.3630924988495168,0.22181316152784158,-0.1667050161067648,0.3630924988495168,0.26829268292682906,-0.1667050161067648,0.3630924988495168,0.09077312471237908,-0.1667050161067648,0.3630924988495168,0.15301426599171664,-0.1667050161067648,0.3630924988495168
DOT,1677196800,-0.010894235133908303,-0.04176123467998183,0.08155545468300796,0.011499470419125357,-0.04176123467998183,0.08155545468300796,-0.004841882281736987,-0.04176123467998183,0.08155545468300796,-0.04009683764563465,-0.05159630806476023,0.08155545468300796,-0.011499470419125357,-0.05159630806476023,0.08155545468300796,-0.042063852322590356,-0.059161749129974295,0.08155545468300796,-0.08700257224996222,-0.12967165985776974,0.08155545468300796
DOT,1698019200,-0.03924718843240771,-0.10167546476933675,0.014459490475097425,-0.015607069084232372,-0.10167546476933675,0.014459490475097425,-0.02823043378471435,-0.10167546476933675,0.02157447785173261,-0.05118200596740874,-0.10167546476933675,0.02157447785173261,-0.04085379848519621,-0.10167546476933675,0.02157447785173261,-0.010098691760385692,-0.10167546476933675,0.02157447785173261,0.03764057837961898,-0.10167546476933675,0.0397062198760616
DOT,1699920000,0.07057692307692309,-0.04615384615384621,0.08499999999999996,0.029807692307692424,-0.04615384615384621,0.11538461538461542,0.008653846153846123,-0.04615384615384621,0.11538461538461542,0.017692307692307674,-0.04615384615384621,0.11538461538461542,0.04538461538461536,-0.04615384615384621,0.11538461538461542,0.01961538461538459,-0.04615384615384621,0.11538461538461542,-0.06634615384615383,-0.07480769230769235,0.11538461538461542
DOT,1700092800,-0.020541549953314697,-0.05658263305322142,0.08309990662931832,-0.01176470588235301,-0.06853408029878616,0.08309990662931832,0.015126050420168013,-0.06853408029878616,0.08309990662931832,-0.009897292250233614,-0.06853408029878616,0.08309990662931832,-0.09337068160597572,-0.10158730158730167,0.08309990662931832,-0.0338001867413632,-0.10158730158730167,0.08309990662931832,-0.04052287581699354,-0.10158730158730167,0.08309990662931832
DOT,1702252800,0.06365533691115077,-0.08199165175909362,0.09824090638044125,0.1340190816935003,-0.08199165175909362,0.14072748956469883,0.12000596302921873,-0.08199165175909362,0.15951103160405466,0.03652355396541451,-0.08199165175909362,0.15951103160405466,0.05694692903995224,-0.08199165175909362,0.15951103160405466,0.01222420989862849,-0.08199165175909362,0.15951103160405466,0.026088252832438874,-0.08199165175909362,0.15951103160405466
DOT,1702857600,-0.025570245532471336,-0.07380502687781487,0.023972105186691905,0.011041696934476208,-0.07380502687781487,0.03777422635478711,0.22504721778294345,-0.07380502687781487,0.22722650007264256,0.15618189742844701,-0.07380502687781487,0.24698532616591606,0.21066395467092836,-0.07380502687781487,0.24698532616591606,0.2522156036611942,-0.07380502687781487,0.343890745314543,0.3369170419875054,-0.07380502687781487,0.3656835682115358
DOT,1704240000,0.03279118572927597,-0.15805351521511024,0.126311647429171,-0.02347848898216154,-0.15805351521511024,0.126311647429171,-0.06427072402938083,-0.15805351521511024,0.126311647429171,-0.09535676810073446,-0.15805351521511024,0.126311647429171,-0.018756558237145837,-0.15805351521511024,0.126311647429171,-0.06545120671563476,-0.15805351521511024,0.126311647429171,0.04774396642182599,-0.15805351521511024,0.126311647429171
DOT,1710806400,0.08210742387957581,-0.03181662675333563,0.14072300148249517,0.04743984490819941,-0.03181662675333563,0.14072300148249517,0.019842627437564042,-0.03181662675333563,0.14072300148249517,0.023605884365378138,-0.03181662675333563,0.14072300148249517,0.06944919603147448,-0.03181662675333563,0.14072300148249517,0.11141521268103549,-0.03181662675333563,0.14072300148249517,0.10548523206751059,-0.03181662675333563,0.14779336298323642
DOT,1731196800,0.08962623951182325,-0.12528604118993136,0.10450038138825324,0.012967200610221274,-0.12528604118993136,0.11517925247902361,-0.031655225019069366,-0.12528604118993136,0.11517925247902361,-0.08848207475209757,-0.12528604118993136,0.11517925247902361,-0.015255530129672068,-0.12528604118993136,0.11517925247902361,0.10316552250190703,-0.12528604118993136,0.11517925247902361,0.034515636918383,-0.12528604118993136,0.1721967963386728
DOT,1733356800,0.028995279838165855,-0.046238320007706446,0.08342163568057015,0.021481552836913442,-0.046238320007706446,0.08342163568057015,0.0020229265003370855,-0.046238320007706446,0.08342163568057015,-0.1843753010307292,-0.2730950775455159,0.08342163568057015,-0.1918890280319816,-0.2730950775455159,0.08342163568057015,-0.13380213852230027,-0.2730950775455159,0.08342163568057015,-0.12725170985454193,-0.2730950775455159,0.08342163568057015
DOT,1733702400,-0.00921223573875063,-0.10877524506909175,0.22900673201842436,0.06200543285697413,-0.10877524506909175,0.22900673201842436,0.07003661273178219,-0.10877524506909175,0.22900673201842436,0.07334356915082063,-0.10877524506909175,0.22900673201842436,0.009802763670721637,-0.10877524506909175,0.22900673201842436,0.06613912838077218,-0.10877524506909175,0.22900673201842436,0.03389630329514581,-0.10877524506909175,0.22900673201842436
DOT,1760054400,0.019407558733401498,-0.6714334354783793,0.4603336738168198,0.10248552945182166,-0.6714334354783793,0.4603336738168198,0.1484508001361935,-0.6714334354783793,0.4603336738168198,0.10520939734422896,-0.6714334354783793,0.4603336738168198,0.06707524685052779,-0.6714334354783793,0.4603336738168198,0.02621722846441954,-0.6714334354783793,0.4603336738168198,-0.01634320735444328,-0.6714334354783793,0.4603336738168198
DOT,1760140800,0.08149632598530387,-0.04843019372077484,0.10688042752171012,0.12658650634602542,-0.04843019372077484,0.14963259853039412,0.08416833667334656,-0.04843019372077484,0.14963259853039412,0.046760187040748136,-0.04843019372077484,0.14963259853039412,0.006680026720106813,-0.04843019372077484,0.14963259853039412,-0.03507014028056121,-0.0754843019372079,0.14963259853039412,-0.021710086840347476,-0.0754843019372079,0.14963259853039412
DOT,1789430400,0.0793684433612376,-0.012186076083501085,0.08869344071209073,0.14315990251139143,-0.012186076083501085,0.1608562043022146,0.20154710183320956,-0.012186076083501085,0.24139027233230892,0.1909505139345129,-0.012186076083501085,0.24139027233230892,0.20122920419624868,-0.012186076083501085,0.24139027233230892,0.2767828759139559,-0.012186076083501085,0.29183003073010494,0.29119423545618295,-0.012186076083501085,0.30973826427890216
ETH,1606262400,-0.08694431281700266,-0.15737376928342017,0.06546271433335105,-0.08927850611628851,-0.15737376928342017,0.06546271433335105,-0.056740202530756845,-0.15737376928342017,0.06546271433335105,0.011565664543077281,-0.15737376928342017,0.06546271433335105,0.0835922006353218,-0.15737376928342017,0.08378525421646565,0.028413977079274844,-0.15737376928342017,0.12086909212165886,0.047684234542550996,-0.15737376928342017,0.12086909212165886
ETH,1606348800,-0.002556463238827522,-0.07713599231138879,0.11010091302258518,0.033080249879865464,-0.07713599231138879,0.11010091302258518,0.10789043728976444,-0.07713599231138879,0.11010091302258518,0.18677558865929833,-0.07713599231138879,0.18698702546852464,0.12634310427678996,-0.07713599231138879,0.2276021143680922,0.14744834214320046,-0.07713599231138879,0.2276021143680922,0.18443056222969734,-0.07713599231138879,0.2276021143680922
ETH,1606780800,0.018737840881941414,-0.04774906993412742,0.08990067920406841,0.051571725997474394,-0.04774906993412742,0.08990067920406841,-0.031229734803235765,-0.04774906993412742,0.08990067920406841,0.018754906310795683,-0.04774906993412742,0.08990067920406841,0.02709990102051263,-0.04774906993412742,0.08990067920406841,0.010000341308577188,-0.04774906993412742,0.08990067920406841,-0.052578586299873775,-0.06481449878835455,0.08990067920406841
ETH,1609718400,0.055775517443031,-0.14678221855796603,0.12542301387197918,0.16252360728973958,-0.14678221855796603,0.16766208741168254,0.17640517299230196,-0.14678221855796603,0.24354094966015105,0.16803596936085374,-0.14678221855796603,0.24354094966015105,0.22706138374668083,-0.14678221855796603,0.25969456720767714,0.2059706071267653,-0.14678221855796603,0.2986741570879392,0.04201857905685902,-0.14678221855796603,0.2986741570879392
ETH,1610323200,-0.03323090510975779,-0.1580032016486651,0.163357683036782,0.03998380775387789,-0.1580032016486651,0.163357683036782,0.13608846854472167,-0.1580032016486651,0.163357683036782,0.07530314460779786,-0.1580032016486651,0.163357683036782,0.1317920032384492,-0.1580032016486651,0.1930649345870057,0.13503045246287737,-0.1580032016486651,0.1930649345870057,0.1619684619206212,-0.1580032016486651,0.1930649345870057
ETH,1652227200,-0.05959750093570959,-0.14805804278351997,0.17652760583115001,-0.036223956084031506,-0.14805804278351997,0.17652760583115001,-0.01390608355166556,-0.14805804278351997,0.17652760583115001,0.02883424984884697,-0.14805804278351997,0.17652760583115001,-0.02931410090307962,-0.14805804278351997,0.17652760583115001,0.0028887033464812806,-0.14805804278351997,0.17652760583115001,-0.08146911198763906,-0.14805804278351997,0.17652760583115001
ETH,1652313600,0.024854830644255976,-0.09406668095398463,0.11936033636428567,0.04858708630560571,-0.09406668095398463,0.11936033636428567,0.09403606527263264,-0.09406668095398463,0.11936033636428567,0.03220259416873339,-0.09406668095398463,0.11936033636428567,0.0664462337609324,-0.09406668095398463,0.11936033636428567,-0.023257712600393887,-0.09406668095398463,0.11936033636428567,0.030452397718111257,-0.09406668095398463,0.11936033636428567
ETH,1653523200,-0.03599624794809664,-0.053628658529776274,0.09729651260175776,0.00040200556107694574,-0.053628658529776274,0.09729651260175776,0.01196524885260919,-0.053628658529776274,0.09729651260175776,0.11549284765105905,-0.053628658529776274,0.12425321883619378,0.08411966365534718,-0.053628658529776274,0.1260454936293285,0.014561534767897566,-0.053628658529776274,0.1260454936293285,0.02364574376612194,-0.053628658529776274,0.1260454936293285
ETH,1655078400,-0.0005955137960695911,-0.1125190233573744,0.20308674650962755,0.0227039634751538,-0.16262489247667566,0.20308674650962755,-0.11684476940382449,-0.16262489247667566,0.20308674650962755,-0.10177496195328517,-0.16262489247667566,0.20308674650962755,-0.17778568120161442,-0.2737709256931119,0.20308674650962755,-0.06712763845695746,-0.2737709256931119,0.20308674650962755,-0.06716899358168471,-0.2737709256931119,0.20308674650962755
ETH,1655510400,0.13458539971229966,-0.11673993300405405,0.16989407397720524,0.13453510245551192,-0.11673993300405405,0.18097958937319558,0.1321610719351367,-0.11673993300405405,0.2010984920882415,0.05563882545845966,-0.11673993300405405,0.2010984920882415,0.15050951121125844,-0.11673993300405405,0.2010984920882415,0.23169934311782647,-0.11673993300405405,0.25234133730346353,0.24898148055005076,-0.11673993300405405,0.26547898077638843
ETH,1667952000,0.17859444933680746,-0.02755358650555151,0.22561257932436973,0.16990621794115257,-0.02755358650555151,0.22561257932436973,0.14101807551589207,-0.02755358650555151,0.22561257932436973,0.10829875895378072,-0.02755358650555151,0.22561257932436973,0.12837156941960437,-0.02755358650555151,0.22561257932436973,0.13737755222471382,-0.02755358650555151,0.22561257932436973,0.10375945310443124,-0.02755358650555151,0.22561257932436973
ETH,1700092800,-0.00046887820888530385,-0.029722801241508057,0.0666979252139257,0.0005402292406722076,-0.029722801241508057,0.0666979252139257,0.025650695927385003,-0.029722801241508057,0.0666979252139257,0.030721715686524265,-0.029722801241508057,0.0666979252139257,-0.014621865014040836,-0.029722801241508057,0.0666979252139257,0.051872200109065014,-0.029722801241508057,0.0670954523910241,0.051245330329794614,-0.029722801241508057,0.0670954523910241
ETH,1702252800,-0.009372921871349305,-0.04984363486043952,0.05893797516130772,0.016121785078811568,-0.04984363486043952,0.05893797516130772,0.040879598842538556,-0.04984363486043952,0.05893797516130772,-0.0017299016876650697,-0.04984363486043952,0.05893797516130772,0.0018332464638113333,-0.04984363486043952,0.05893797516130772,-0.012414852890957784,-0.04984363486043952,0.05893797516130772,-0.0022825715774905664,-0.04984363486043952,0.05893797516130772
ETH,1704240000,0.025995412574251642,-0.0647985197182398,0.08011708341061996,0.02648401413325252,-0.0647985197182398,0.08011708341061996,0.013558693262275101,-0.0647985197182398,0.08011708341061996,0.004741244757712426,-0.0647985197182398,0.08011708341061996,0.05461479648387857,-0.0647985197182398,0.08011708341061996,0.06064540646673211,-0.0647985197182398,0.08011708341061996,0.16984785490343346,-0.0647985197182398,0.19691547645438146
ETH,1705968000,-0.0031449767360941516,-0.0330869396476734,0.049110707642070484,-0.010550170185620544,-0.0330869396476734,0.049110707642070484,0.011174704572929794,-0.0330869396476734,0.049110707642070484,0.011295150490482353,-0.0330869396476734,0.049110707642070484,0.006392555550103207,-0.0330869396476734,0.049110707642070484,0.033390284921509306,-0.0330869396476734,0.049110707642070484,0.04473450597099471,-0.0330869396476734,0.0674363309496937
ETH,1710806400,0.11287567225561546,-0.033533691869661486,0.12369186966149948,0.1057133818411895,-0.033533691869661486,0.13588421385637472,0.05631129389433731,-0.033533691869661486,0.13588421385637472,0.0537677950015818,-0.033533691869661486,0.13588421385637472,0.09369186966149945,-0.033533691869661486,0.13588421385637472,0.13664663081303385,-0.033533691869661486,0.15947484973109782,0.13560265738690291,-0.033533691869661486,0.16559633027522924
ETH,1712966400,0.049143891450892596,-0.07115383335662429,0.0998050215274866,0.03170562908839236,-0.07115383335662429,0.0998050215274866,0.02574980202697752,-0.07115383335662429,0.0998050215274866,-0.007389883744917558,-0.07115383335662429,0.0998050215274866,0.019095246651094966,-0.07115383335662429,0.0998050215274866,0.016453388166869587,-0.07115383335662429,0.0998050215274866,0.04952652838500593,-0.07115383335662429,0.0998050215274866
ETH,1733702400,-0.022666361395806134,-0.06398567022666368,0.08030060201209399,0.03175445448546155,-0.06398567022666368,0.08030060201209399,0.04524383509986385,-0.06398567022666368,0.08030060201209399,0.05199929967273165,-0.06398567022666368,0.08030060201209399,0.04203310393126003,-0.06398567022666368,0.08030060201209399,0.06624826601661926,-0.06398567022666368,0.08030060201209399,0.07332157142664752,-0.06398567022666368,0.10705310366190335
ETH,1770249600,0.13018986821556755,-0.04873010219458074,0.19071755390558653,0.14300665771664955,-0.04873010219458074,0.19071755390558653,0.14446971149894505,-0.04873010219458074,0.19071755390558653,0.15288638044877945,-0.04873010219458074,0.19071755390558653,0.10770706046740997,-0.04873010219458074,0.19071755390558653,0.0630811803063096,-0.04873010219458074,0.19071755390558653,0.06696073865037411,-0.04873010219458074,0.19071755390558653
HBAR,1632096000,-0.10022671731001387,-0.1531961251950651,0.17006742631687444,0.07958660895680603,-0.1531961251950651,0.17006742631687444,0.1267555869622825,-0.1531961251950651,0.17006742631687444,0.03003268262520975,-0.1531961251950651,0.17006742631687444,0.005152666136678308,-0.1531961251950651,0.17006742631687444,-0.01422135853723172,-0.1531961251950651,0.17006742631687444,-0.06080146041280221,-0.1531961251950651,0.17006742631687444
HBAR,1632182400,0.19984292679734295,-0.058869727412546036,0.24431427729964983,0.2522661081841686,-0.058869727412546036,0.2882947740436532,0.1447691351156779,-0.058869727412546036,0.2882947740436532,0.11711770673124144,-0.058869727412546036,0.2882947740436532,0.09558558853365628,-0.058869727412546036,0.2882947740436532,0.04381687882456897,-0.058869727412546036,0.2882947740436532,-0.008050001636179083,-0.058869727412546036,0.2882947740436532
HBAR,1652227200,-0.04645288820557869,-0.19262025038436192,0.3185811552822315,0.05633648144080827,-0.19262025038436192,0.3185811552822315,0.11486931693388969,-0.19262025038436192,0.3185811552822315,0.18537228201186018,-0.19262025038436192,0.3185811552822315,0.12211728530639143,-0.19262025038436192,0.3185811552822315,0.20217439051175035,-0.19262025038436192,0.3185811552822315,0.08906215681967922,-0.19262025038436192,0.3185811552822315
HBAR,1663027200,-0.01050193050193049,-0.037992277992278,0.1365250965250966,-0.05791505791505791,-0.07057915057915065,0.1365250965250966,-0.06393822393822401,-0.07969111969111975,0.1365250965250966,-0.04787644787644785,-0.07969111969111975,0.1365250965250966,-0.11335907335907336,-0.14084942084942087,0.1365250965250966,-0.0912741312741312,-0.14084942084942087,0.1365250965250966,-0.11258687258687261,-0.14084942084942087,0.1365250965250966
HBAR,1676246400,0.019904551274589677,-0.08182982190664645,0.05878244674659516,0.06576649982539862,-0.08182982190664645,0.0777557909440112,-0.023280176929344698,-0.08182982190664645,0.08089861482947258,-0.005703643347689469,-0.08182982190664645,0.08089861482947258,0.006285647770922997,-0.08182982190664645,0.08089861482947258,0.017925736235595346,-0.08182982190664645,0.08089861482947258,0.010126876964264842,-0.08182982190664645,0.08089861482947258
HBAR,1692144000,-0.08061420345489445,-0.17594369801663468,0.1114843250159947,-0.054702495201535584,-0.17594369801663468,0.1114843250159947,0.04430582213691614,-0.17594369801663468,0.1114843250159947,-0.019033909149072326,-0.17594369801663468,0.1114843250159947,-0.02127319257837501,-0.17594369801663468,0.1114843250159947,-0.058061420345489556,-0.17594369801663468,0.1114843250159947,-0.012316058861164492,-0.17594369801663468,0.1114843250159947
HBAR,1692230400,0.028183716075156573,-0.10368823938761307,0.10803757828810001,0.1358733472512177,-0.10368823938761307,0.1927627000695893,0.06697981906750172,-0.10368823938761307,0.1927627000695893,0.0645441892832288,-0.10368823938761307,0.1927627000695893,0.024530271398747194,-0.10368823938761307,0.1927627000695893,0.07428670842032004,-0.10368823938761307,0.1927627000695893,0.03114126652748772,-0.10368823938761307,0.1927627000695893
HBAR,1709596800,0.13183655141445882,-0.16802873821284248,0.1521329142343959,0.20287382128423892,-0.16802873821284248,0.2546924113156712,0.17269869779973046,-0.16802873821284248,0.2546924113156712,0.1746744499326447,-0.16802873821284248,0.2546924113156712,0.13156713066906156,-0.16802873821284248,0.2546924113156712,0.19317467444993275,-0.16802873821284248,0.2546924113156712,0.1972159856308937,-0.16802873821284248,0.2546924113156712
HBAR,1710806400,0.09911242603550274,-0.03126232741617363,0.11844181459566072,0.08579881656804722,-0.03126232741617363,0.11844181459566072,0.052169625246548224,-0.03126232741617363,0.11844181459566072,0.051084812623274134,-0.03126232741617363,0.11844181459566072,0.08560157790927025,-0.03126232741617363,0.11844181459566072,0.15571992110453636,-0.03126232741617363,0.1731755424063115,0.18757396449704133,-0.03126232741617363,0.2910256410256409
HBAR,1714435200,0.06191289496157126,-0.041310845431255294,0.16588385994876176,0.07055935098206656,-0.041310845431255294,0.16588385994876176,0.1873398804440649,-0.041310845431255294,0.23558923996584125,0.16310845431255339,-0.041310845431255294,0.23558923996584125,0.17698548249359525,-0.041310845431255294,0.23558923996584125,0.21391972672929116,-0.041310845431255294,0.31714346712211783,0.15115286080273282,-0.041310845431255294,0.31714346712211783
HBAR,1731369600,-0.08043310131477177,-0.17865429234338748,0.1786542923433876,-0.012219644238205762,-0.17865429234338748,0.1786542923433876,0.11894818252126838,-0.17865429234338748,0.1786542923433876,0.3927300850734725,-0.17865429234338748,0.4897138437741688,0.3948955916473318,-0.17865429234338748,0.4897138437741688,1.225986078886311,-0.17865429234338748,1.3047177107501935,1.0567672080433104,-0.17865429234338748,1.4382057231245167
HBAR,1731456000,0.0741799831791421,-0.05382674516400343,0.14264087468460884,0.21682085786375094,-0.05382674516400343,0.24928511354079053,0.5145500420521445,-0.05382674516400343,0.6200168208578638,0.5169049621530697,-0.05382674516400343,0.6200168208578638,1.420689655172414,-0.05382674516400343,1.5063078216989063,1.2366694701429775,-0.05382674516400343,1.6514718250630778,1.0474348191757779,-0.05382674516400343,1.6514718250630778
HBAR,1733702400,0.034609614972497926,-0.1822630187870563,0.20015715408243429,0.06736195442531612,-0.1822630187870563,0.20015715408243429,0.04078862775912562,-0.1822630187870563,0.20015715408243429,0.12250875062504463,-0.1822630187870563,0.20015715408243429,0.05014643903135929,-0.1822630187870563,0.20015715408243429,0.05661118651332231,-0.1822630187870563,0.20015715408243429,0.008464890349310528,-0.1822630187870563,0.20015715408243429
HBAR,1752537600,0.013089566971374644,-0.04244453027767037,0.05175743530320598,0.1868589330930004,-0.04244453027767037,0.22505471868160165,0.11295652547100987,-0.04244453027767037,0.2824342302905454,0.14299815458564025,-0.04244453027767037,0.2824342302905454,0.16188146431483652,-0.04244453027767037,0.2824342302905454,0.16316896270546333,-0.04244453027767037,0.2824342302905454,0.1817947727565341,-0.04244453027767037,0.2824342302905454
HBAR,1752796800,0.02699263486677217,-0.024254810473142374,0.1522770215555469,0.04395943392588597,-0.024254810473142374,0.1522770215555469,0.045116261134461766,-0.024254810473142374,0.1522770215555469,0.061851694751860586,-0.024254810473142374,0.1522770215555469,-0.05464080515173719,-0.08147919639069912,0.1522770215555469,-0.0787028110901169,-0.11117109474414832,0.1522770215555469,-0.003239116184012625,-0.11117109474414832,0.1522770215555469
HBAR,1760054400,0.025285531057228416,-0.49111341843278566,0.32443657240579005,0.1303976058144507,-0.49111341843278566,0.32443657240579005,0.1861601416966958,-0.49111341843278566,0.32443657240579005,0.16075245831551954,-0.49111341843278566,0.32443657240579005,0.09240823306663404,-0.49111341843278566,0.32443657240579005,0.043180846515605165,-0.49111341843278566,0.32443657240579005,-0.007634520246747489,-0.49111341843278566,0.32443657240579005
HBAR,1787356800,0.030365680320454835,-0.07313606409096784,0.12223801524744804,0.024550975578240042,-0.07313606409096784,0.12223801524744804,0.004393332471895439,-0.07313606409096784,0.12223801524744804,0.01524744799069655,-0.07313606409096784,0.12223801524744804,0.01692725158289199,-0.07313606409096784,0.12223801524744804,-0.017185682904768074,-0.07313606409096784,0.12223801524744804,-0.02480940690011635,-0.07313606409096784,0.12223801524744804
HBAR,1790121600,0.028637770897832704,-0.026094648385670105,0.12063246351172041,0.05705440070765144,-0.026094648385670105,0.12063246351172041,0.0329500221141088,-0.026094648385670105,0.12063246351172041,0.059376382131800076,-0.026094648385670105,0.12063246351172041,0.3489606368863334,-0.026094648385670105,0.44836355594869515,0.1318000884564352,-0.026094648385670105,0.44836355594869515,0.1580053073861123,-0.026094648385670105,0.44836355594869515
LINK,1595808000,0.019884360456917216,-0.09124241996897475,0.057537723875334956,-0.0011281906642222062,-0.09124241996897475,0.057537723875334956,0.04428148357072348,-0.09124241996897475,0.06755041602030754,0.0989987307855027,-0.09124241996897475,0.10661401776900292,0.1733182907911437,-0.09124241996897475,0.19602312790861642,0.16711324213792134,-0.09124241996897475,0.24100973064447895,0.3022140741785362,-0.09124241996897475,0.3070088845014809
LINK,1610323200,-0.0460530804393805,-0.1471651770485093,0.11080030019785769,0.0883536876577744,-0.1471651770485093,0.11080030019785769,0.22965136112437734,-0.1471651770485093,0.2312888039844443,0.41679743467285246,-0.1471651770485093,0.47929317049873776,0.3734051988810807,-0.1471651770485093,0.5737872688817629,0.5887289349798732,-0.1471651770485093,0.6224329671829161,0.5056969366173159,-0.1471651770485093,0.6224329671829161
LINK,1621382400,0.16693969294068345,-0.2555525924797135,0.6590727265800602,-0.026553392510190843,-0.2555525924797135,0.6590727265800602,-0.11234713703379173,-0.2555525924797135,0.6590727265800602,-0.24431406910739462,-0.4293115928225837,0.6590727265800602,0.0059049868566420916,-0.4293115928225837,0.6590727265800602,0.04830660215627258,-0.4293115928225837,0.6590727265800602,0.29543982627909626,-0.4293115928225837,0.6590727265800602
LINK,1632096000,-0.0907432547089767,-0.11751230273205493,0.16426268454098092,0.03695061937892419,-0.11751230273205493,0.16426268454098092,0.07814356015611756,-0.11751230273205493,0.16426268454098092,-0.01336331240454769,-0.11751230273205493,0.16426268454098092,0.03873239436619724,-0.11751230273205493,0.16426268454098092,0.04310198540641452,-0.11751230273205493,0.16426268454098092,-0.02409638554216853,-0.11751230273205493,0.16426268454098092
LINK,1632182400,0.14043764288713678,-0.029440582279662175,0.14337703541268132,0.18574161339989748,-0.029440582279662175,0.1885876918770122,0.08510241216815206,-0.029440582279662175,0.18970746045817188,0.14239723790416647,-0.029440582279662175,0.18970746045817188,0.1472029113983111,-0.029440582279662175,0.18970746045817188,0.073298185041758,-0.029440582279662175,0.18970746045817188,0.030000466570242246,-0.029440582279662175,0.18970746045817188
LINK,1632441600,0.052801307133336195,-0.0826847830760632,0.09640108354473909,0.05723008126585549,-0.0826847830760632,0.09640108354473909,-0.010878445199294817,-0.0826847830760632,0.09640108354473909,-0.05078041019907986,-0.0826847830760632,0.09640108354473909,-0.0178010921443007,-0.0826847830760632,0.09640108354473909,0.03138839919164105,-0.0826847830760632,0.09640108354473909,0.13161628756933386,-0.0826847830760632,0.14877241260695695
LINK,1652054400,0.06137854225962136,-0.025491894567504003,0.257270139834179,-0.14169038485335972,-0.19217918574433857,0.257270139834179,-0.1879717856700902,-0.3170399703007053,0.257270139834179,-0.11570350204182644,-0.3170399703007053,0.257270139834179,-0.10332879594109634,-0.3170399703007053,0.257270139834179,-0.014973394381883387,-0.3170399703007053,0.257270139834179,-0.08204430144784058,-0.3170399703007053,0.257270139834179
LINK,1652227200,-0.0539215686274509,-0.2042964244521338,0.2750865051903113,0.030276816608996615,-0.2042964244521338,0.2750865051903113,0.04469434832756636,-0.2042964244521338,0.2750865051903113,0.14763552479815445,-0.2042964244521338,0.2750865051903113,0.06949250288350628,-0.2042964244521338,0.2750865051903113,0.1115916955017302,-0.2042964244521338,0.2750865051903113,-0.019896193771626325,-0.2042964244521338,0.2750865051903113
LINK,1652313600,0.08899725693386151,-0.15894544346235906,0.17372752209692166,0.10423651325815309,-0.15894544346235906,0.17372752209692166,0.21304480341359344,-0.15894544346235906,0.21685461749466617,0.1304480341359342,-0.15894544346235906,0.21685461749466617,0.17494666260286484,-0.15894544346235906,0.21685461749466617,0.03596464492532769,-0.15894544346235906,0.21685461749466617,0.09996952148735128,-0.15894544346235906,0.21685461749466617
LINK,1654992000,-0.054597701149425415,-0.15581098339719024,0.13952745849297576,0.07375478927203072,-0.15581098339719024,0.13952745849297576,0.16842273307790534,-0.15581098339719024,0.176404853128991,0.014527458492975764,-0.15581098339719024,0.1976372924648786,0.014846743295019227,-0.15581098339719024,0.1976372924648786,-0.054757343550447035,-0.15581098339719024,0.1976372924648786,0.05379948914431676,-0.15581098339719024,0.1976372924648786
LINK,1655078400,0.1357649442755826,-0.10705842620736228,0.16109422492401237,0.23590003377237423,-0.10705842620736228,0.24434312732185082,0.07311719013846685,-0.10705842620736228,0.26680175616345836,0.0734549138804459,-0.10705842620736228,0.26680175616345836,-0.00016886187098941186,-0.10705842620736228,0.26680175616345836,0.11465721040189125,-0.10705842620736228,0.26680175616345836,0.17865585950692342,-0.10705842620736228,0.26680175616345836
LINK,1655510400,0.11484546529302486,-0.08951190677250465,0.15048133761188986,0.1788549231548726,-0.08951190677250465,0.23036649214659688,0.15757473399763544,-0.08951190677250465,0.2776558013849013,0.11805438270562396,-0.08951190677250465,0.2776558013849013,0.17969937510555645,-0.08951190677250465,0.2776558013849013,0.22597534200303993,-0.08951190677250465,0.2776558013849013,0.22597534200303993,-0.08951190677250465,0.2776558013849013
LINK,1667952000,0.15671162491971735,-0.07626846499678863,0.2668593448940271,0.130218368657675,-0.07626846499678863,0.2668593448940271,0.008028259473346067,-0.07626846499678863,0.2668593448940271,-0.02488760436737303,-0.07626846499678863,0.2668593448940271,0.009152215799614671,-0.08750802825947335,0.2668593448940271,0.030346820809248554,-0.08750802825947335,0.2668593448940271,-0.00867052023121373,-0.08750802825947335,0.2668593448940271
LINK,1698019200,-0.019381677224165617,-0.0908575210362107,0.05474142006239968,0.04538148813463172,-0.0908575210362107,0.11506098137468102,0.03337430273234365,-0.0908575210362107,0.11506098137468102,0.057483218303866934,-0.0908575210362107,0.11506098137468102,0.0326179445967667,-0.0908575210362107,0.11506098137468102,0.048312375909993266,-0.0908575210362107,0.11506098137468102,0.06107591944785873,-0.0908575210362107,0.12290819703129441
LINK,1699488000,0.061811212266411175,-0.09850092408789102,0.09514682729824075,0.1283455404202889,-0.09850092408789102,0.14176192757888972,0.0973372578547469,-0.09850092408789102,0.14176192757888972,-0.016359778218906218,-0.09850092408789102,0.14176192757888972,-0.04442466972414261,-0.09850092408789102,0.14176192757888972,0.02909165582859896,-0.09850092408789102,0.14176192757888972,-0.050516804709425656,-0.09850092408789102,0.14176192757888972
LINK,1733356800,0.11742620403935788,-0.01782323493871918,0.12036078025202812,0.07060245123424824,-0.01782323493871918,0.16019333678577596,0.12722250992577244,-0.01782323493871918,0.18354047988952193,-0.04017780079406186,-0.1629552908682893,0.18354047988952193,-0.045615397894010146,-0.1629552908682893,0.18354047988952193,0.0384947350250302,-0.1629552908682893,0.18354047988952193,0.25703435180390133,-0.1629552908682893,0.27110305541170376
LINK,1733702400,-0.005665212895103688,-0.12791691021087181,0.23101479250033718,0.08196573895058679,-0.12791691021087181,0.23101479250033718,0.30965334292522817,-0.12791691021087181,0.32431095724113135,0.30313385189514874,-0.12791691021087181,0.39143923384739887,0.30915876084708427,-0.12791691021087181,0.39143923384739887,0.3154534418416439,-0.12791691021087181,0.39143923384739887,0.29175846409783746,-0.12791691021087181,0.39143923384739887
LINK,1734566400,0.025168815224063668,-0.12255546785933535,0.12216083486801699,-0.029948259230027197,-0.12255546785933535,0.12216083486801699,-0.031658335525738934,-0.12255546785933535,0.12216083486801699,0.07598877488380262,-0.12255546785933535,0.12216083486801699,0.11453126370253441,-0.12255546785933535,0.13917390160484078,0.07112163465754628,-0.12255546785933535,0.13917390160484078,-0.006182583530649932,-0.12255546785933535,0.13917390160484078
LINK,1756080000,0.04261327172378371,-0.02173447995550437,0.1325461002010866,0.01711376374449136,-0.02173447995550437,0.1325461002010866,0.07692636803148933,-0.02173447995550437,0.1325461002010866,0.0017113763744491806,-0.02173447995550437,0.1325461002010866,0.00513412912334732,-0.023916484832926965,0.1325461002010866,-0.0076156248662987425,-0.023916484832926965,0.1325461002010866,-0.03713686732554666,-0.05557694776023614,0.1325461002010866
LINK,1760054400,-0.004920405209840606,-0.5208104196816208,0.3184949348769901,0.09887120115774262,-0.5208104196816208,0.3184949348769901,0.1483646888567296,-0.5208104196816208,0.3184949348769901,0.10523878437047762,-0.5208104196816208,0.3184949348769901,0.04451519536903059,-0.5208104196816208,0.3184949348769901,0.008219971056440123,-0.5208104196816208,0.3184949348769901,-0.039421128798842076,-0.5208104196816208,0.3184949348769901
LINK,1787356800,-0.00918454935622326,-0.13733905579399142,0.08369098712446355,-0.0018025751072962004,-0.13733905579399142,0.08369098712446355,-0.031158798283261735,-0.13733905579399142,0.08369098712446355,-0.002832618025751077,-0.13733905579399142,0.08369098712446355,0.02240343347639473,-0.13733905579399142,0.08369098712446355,-0.019227467811158805,-0.13733905579399142,0.08369098712446355,-0.017081545064377646,-0.13733905579399142,0.08369098712446355
LINK,1789430400,0.0157169117647058,-0.025000000000000022,0.06810661764705883,0.046139705882352944,-0.025000000000000022,0.06810661764705883,0.1238051470588235,-0.025000000000000022,0.14172794117647047,0.14117647058823524,-0.025000000000000022,0.166452205882353,0.15018382352941173,-0.025000000000000022,0.166452205882353,0.2111213235294116,-0.025000000000000022,0.22077205882352935,0.19889705882352926,-0.025000000000000022,0.22325367647058814
LINK,1790121600,0.07038716993358163,-0.023894378746152634,0.0959015065608293,0.12781467681840275,-0.023894378746152634,0.1513850639883363,0.14506722825206553,-0.023894378746152634,0.17438846589988666,0.1351854851773855,-0.023894378746152634,0.17438846589988666,0.25085047788757486,-0.023894378746152634,0.25724931151790065,0.18240725741130737,-0.023894378746152634,0.2774177871375345,0.16304876073222085,-0.023894378746152634,0.2774177871375345
LTC,1599091200,0.0638747884940778,-0.04653130287648055,0.241751269035533,0.011632825719120055,-0.04695431472081213,0.241751269035533,0.013324873096446588,-0.04695431472081213,0.241751269035533,0.03384094754653133,-0.04695431472081213,0.241751269035533,0.0038071065989848663,-0.04695431472081213,0.241751269035533,0.011844331641285955,-0.04695431472081213,0.241751269035533,0.029610829103214886,-0.04695431472081213,0.241751269035533
LTC,1605657600,0.11083877995642699,-0.08360566448801743,0.13643790849673199,0.12527233115468417,-0.08360566448801743,0.16721132897603486,0.18899782135076237,-0.08360566448801743,0.20819716775599129,0.12949346405228757,-0.08360566448801743,0.20819716775599129,0.21473311546840956,-0.08360566448801743,0.2429193899782136,0.21827342047930287,-0.08360566448801743,0.28676470588235303,0.11424291938997833,-0.08360566448801743,0.28676470588235303
LTC,1606003200,0.07546714888487038,-0.06449668474984938,0.10042194092827006,0.078601567209162,-0.06449668474984938,0.13924050632911378,-0.013502109704641385,-0.06449668474984938,0.13924050632911378,-0.14333936106088008,-0.22302591922845083,0.13924050632911378,-0.1655213984327909,-0.22302591922845083,0.13924050632911378,-0.12429174201326099,-0.22302591922845083,0.13924050632911378,-0.04822182037371914,-0.22302591922845083,0.13924050632911378
LTC,1606176000,-0.08539175142505873,-0.12819939644573597,0.05621996199843515,-0.2057672963004359,-0.2796468089862524,0.05621996199843515,-0.22633284899966466,-0.2796468089862524,0.05621996199843515,-0.18810774561305466,-0.2796468089862524,0.05621996199843515,-0.11758131217167767,-0.2796468089862524,0.05621996199843515,-0.019224321001452993,-0.2796468089862524,0.05621996199843515,-0.048172571811780474,-0.2796468089862524,0.05621996199843515
LTC,1606262400,-0.13161432237565684,-0.2123915434437248,0.11132836368080157,-0.15409996333862885,-0.2123915434437248,0.11132836368080157,-0.11230600024440907,-0.2123915434437248,0.11132836368080157,-0.03519491628986915,-0.2123915434437248,0.11132836368080157,0.07234510570695352,-0.2123915434437248,0.11132836368080157,0.04069412196016131,-0.2123915434437248,0.13894659660271302,0.08737626787241859,-0.2123915434437248,0.13894659660271302
LTC,1606348800,-0.025893611032929975,-0.0930199831128623,0.1728117084154237,0.0222347312130593,-0.0930199831128623,0.1728117084154237,0.11103292991837876,-0.0930199831128623,0.1728117084154237,0.23487193920630456,-0.0930199831128623,0.24795947086968773,0.19842386715451732,-0.0930199831128623,0.31156768927666767,0.25218125527723045,-0.0930199831128623,0.31156768927666767,0.25316633830565705,-0.0930199831128623,0.31156768927666767
LTC,1606780800,0.04485674025364039,-0.06881164866134337,0.09441052137153605,0.04567872240488491,-0.06881164866134337,0.09441052137153605,-0.06599342414278997,-0.08947862846406751,0.09441052137153605,-0.022898074213245745,-0.08947862846406751,0.09441052137153605,-0.01784875528417096,-0.08947862846406751,0.09441052137153605,-0.02031470173790495,-0.08947862846406751,0.09441052137153605,-0.0988727101925787,-0.11484264913104747,0.09441052137153605
LTC,1608163200,0.08250074191314671,-0.10456029280838863,0.11801365120189922,0.18617073894549407,-0.10456029280838863,0.2307844495004452,0.1344346621822139,-0.10456029280838863,0.2307844495004452,0.034424770006924454,-0.10456029280838863,0.2307844495004452,0.13136808784251652,-0.10456029280838863,0.2307844495004452,0.01394796715797808,-0.10456029280838863,0.2307844495004452,0.10050450093975671,-0.10456029280838863,0.2307844495004452
LTC,1608508800,0.09371712728315962,-0.05909916802142101,0.1366548723343215,-0.019795352395524435,-0.09209142201396192,0.1366548723343215,0.06388065410729671,-0.09209142201396192,0.1366548723343215,0.22367791909725554,-0.09209142201396192,0.2317108157215264,0.24117815817155974,-0.09209142201396192,0.29473080233336524,0.22396480826240794,-0.09209142201396192,0.3352778043415894,0.24356890121449748,-0.09209142201396192,0.3352778043415894
LTC,1608681600,0.08536585365853666,-0.07375609756097568,0.14634146341463405,0.24839024390243902,-0.07375609756097568,0.25658536585365854,0.2662439024390244,-0.07375609756097568,0.32087804878048765,0.2486829268292683,-0.07375609756097568,0.36224390243902427,0.2686829268292683,-0.07375609756097568,0.36224390243902427,0.25902439024390245,-0.07375609756097568,0.36224390243902427,0.27034146341463416,-0.07375609756097568,0.36224390243902427
LTC,1609718400,0.01941123537729772,-0.10335518704203628,0.12257359557783776,0.08741483481167234,-0.10335518704203628,0.12257359557783776,0.0904357886617817,-0.10335518704203628,0.17065175472425742,0.10856151176243722,-0.10335518704203628,0.1730299524360457,0.14127779920298233,-0.10335518704203628,0.1730299524360457,0.09499935724386166,-0.10335518704203628,0.1994472297210439,-0.10618331405064929,-0.2765779663195784,0.1994472297210439
LTC,1610323200,-0.04012656407306203,-0.19063713504961888,0.23011649647634114,0.061628074212570105,-0.19063713504961888,0.23011649647634114,0.0976556881921471,-0.19063713504961888,0.23011649647634114,0.032216309506687635,-0.19063713504961888,0.23011649647634114,0.03300733496332531,-0.19063713504961888,0.23011649647634114,0.02768589098230967,-0.19063713504961888,0.23011649647634114,0.09370056090896006,-0.19063713504961888,0.23011649647634114
LTC,1614038400,0.02098807112311496,-0.12198964663515643,0.17566959261760062,0.010015755120414083,-0.12198964663515643,0.17566959261760062,-0.04175106909745663,-0.12198964663515643,0.17566959261760062,-0.032748143146522635,-0.12198964663515643,0.17566959261760062,-0.06954760297096552,-0.13903893765473785,0.17566959261760062,-0.009396803961287392,-0.13903893765473785,0.17566959261760062,0.008721584514967518,-0.13903893765473785,0.17566959261760062
LTC,1630972800,0.00785369684730175,-0.12711769325704025,0.2461012004936609,0.012117132278693932,-0.12711769325704025,0.2461012004936609,-0.02300011219566922,-0.12711769325704025,0.2461012004936609,0.0018512285425782427,-0.12711769325704025,0.2461012004936609,0.027375743296308652,-0.12711769325704025,0.2461012004936609,0.006563446650959426,-0.12711769325704025,0.3262650061707617,0.027319645461685305,-0.12711769325704025,0.3262650061707617
LTC,1632096000,-0.0560361277191197,-0.08135097315863116,0.1200228978501463,0.026968579061188214,-0.08135097315863116,0.1200228978501463,0.04166136623839223,-0.08135097315863116,0.1200228978501463,-0.03339269813000889,-0.09922401730059782,0.1200228978501463,-0.0404528685917821,-0.09922401730059782,0.1200228978501463,-0.04204299707416348,-0.09922401730059782,0.1200228978501463,-0.07842513675104956,-0.09922401730059782,0.1200228978501463
LTC,1632182400,0.08793208004851438,-0.026817599892190458,0.09379421871841531,0.10349706893066513,-0.026817599892190458,0.11178492015362851,0.023987601913617596,-0.04575163398692805,0.12243110302540261,0.016508321541675253,-0.04575163398692805,0.12243110302540261,0.014823798935381882,-0.04575163398692805,0.12243110302540261,-0.023718078296610767,-0.04575163398692805,0.12243110302540261,-0.054174247018394905,-0.058486624890506045,0.12243110302540261
LTC,1652054400,0.05364891518737669,-0.03931623931623929,0.2478632478632481,-0.12465483234714014,-0.15844838921761994,0.2478632478632481,-0.1534516765285996,-0.2862590401051939,0.2478632478632481,-0.10795529257067715,-0.2862590401051939,0.2478632478632481,-0.09493754109138719,-0.2862590401051939,0.2478632478632481,-0.059960552268244593,-0.2862590401051939,0.2478632478632481,-0.11689677843523993,-0.2862590401051939,0.2478632478632481
LTC,1652227200,-0.03289770166741768,-0.184617695658705,0.24335286164939163,0.019077662610785806,-0.184617695658705,0.24335286164939163,0.0339492263782486,-0.184617695658705,0.24335286164939163,0.07390716538981534,-0.184617695658705,0.24335286164939163,0.008862851134144645,-0.184617695658705,0.24335286164939163,0.09749136247558976,-0.184617695658705,0.24335286164939163,-0.00961394021330908,-0.184617695658705,0.24335286164939163
LTC,1652313600,0.05374339857098498,-0.1568810189499844,0.13699906803355089,0.06912084498291393,-0.1568810189499844,0.13699906803355089,0.11043802423112759,-0.1568810189499844,0.13699906803355089,0.04318111214662945,-0.1568810189499844,0.13699906803355089,0.1348244796520659,-0.1568810189499844,0.147250698974837,0.024075799937869125,-0.1568810189499844,0.15424044734389564,0.11991301646474062,-0.1568810189499844,0.15424044734389564
LTC,1653523200,-0.028413575374901412,-0.04798737174427781,0.08571428571428563,-0.0055248618784530246,-0.04798737174427781,0.08571428571428563,0.004104183109707948,-0.04798737174427781,0.08571428571428563,0.09060773480662987,-0.04798737174427781,0.10197316495659048,0.07908445146014209,-0.04798737174427781,0.10197316495659048,-0.01089187056037888,-0.04798737174427781,0.11475927387529605,0.016416732438831794,-0.04798737174427781,0.11475927387529605
LTC,1655510400,0.15177244746338348,-0.12014434302695809,0.19741031628104433,0.11929526639779242,-0.12014434302695809,0.19741031628104433,0.13563999150923367,-0.12014434302695809,0.19741031628104433,0.10613457864572284,-0.12014434302695809,0.19741031628104433,0.1825514752706432,-0.12014434302695809,0.2052642751008278,0.1844618976862662,-0.12014434302695809,0.21715134790914892,0.24962852897473997,-0.12014434302695809,0.2687327531309702
LTC,1667952000,0.19530015797788303,-0.0643759873617693,0.2109004739336493,0.21307266982622441,-0.0643759873617693,0.2697472353870458,0.18305687203791465,-0.0643759873617693,0.2697472353870458,0.13191153238546605,-0.0643759873617693,0.2697472353870458,0.11848341232227488,-0.0643759873617693,0.2697472353870458,0.14494470774091628,-0.0643759873617693,0.2697472353870458,0.1344786729857821,-0.0643759873617693,0.2697472353870458
LTC,1678838400,0.031675392670156954,-0.01832460732984298,0.11858638743455474,0.11871727748691097,-0.01832460732984298,0.11976439790575899,0.08651832460732978,-0.01832460732984298,0.15091623036649215,0.09921465968586385,-0.01832460732984298,0.15091623036649215,0.021465968586387385,-0.01832460732984298,0.15091623036649215,0.07918848167539272,-0.01832460732984298,0.15091623036649215,0.1418848167539266,-0.01832460732984298,0.15562827225130893
LTC,1686355200,0.007004799584900745,-0.05915164093916203,0.15838630172525603,0.00466986638993383,-0.05915164093916203,0.15838630172525603,0.00466986638993383,-0.05915164093916203,0.15838630172525603,-0.05188740433259831,-0.08924633545206917,0.15838630172525603,-0.032818783240368465,-0.08924633545206917,0.15838630172525603,-0.012971851083149577,-0.08924633545206917,0.15838630172525603,-0.003632118303281917,-0.08924633545206917,0.15838630172525603
LTC,1704240000,0.01808983596504654,-0.1387398436302315,0.12969492564770801,0.01165108079104682,-0.1387398436302315,0.12969492564770801,0.006438755173999722,-0.1387398436302315,0.12969492564770801,-0.01517706576728517,-0.1387398436302315,0.12969492564770801,0.038785834738617186,-0.1387398436302315,0.12969492564770801,0.027134753947570145,-0.1387398436302315,0.12969492564770801,0.07481220297409163,-0.1387398436302315,0.12969492564770801
LTC,1709596800,0.04843826256710604,-0.11944851146900914,0.1233528550512446,0.07491459248413856,-0.11944851146900914,0.1233528550512446,0.07881893606637402,-0.11944851146900914,0.1233528550512446,0.10749145924841397,-0.11944851146900914,0.1233528550512446,0.06747193753050262,-0.11944851146900914,0.1233528550512446,0.26964372864812125,-0.11944851146900914,0.2916056612981943,0.19106881405563714,-0.11944851146900914,0.2916056612981943
LTC,1710806400,0.0792255763596994,-0.01910584638899504,0.119220481467329,0.09298178575977589,-0.01910584638899504,0.119220481467329,0.06317666539294353,-0.01910584638899504,0.119220481467329,0.08686791491529733,-0.01910584638899504,0.119220481467329,0.142529614061903,-0.01910584638899504,0.16074385428607818,0.15450261113233976,-0.01910584638899504,0.17373582983059488,0.22111832887530247,-0.01910584638899504,0.2376767290790982
LTC,1712880000,-0.10175397839470324,-0.1807410849111395,0.1569287954466254,-0.07445696364269949,-0.1807410849111395,0.1569287954466254,-0.09327448019514462,-0.1807410849111395,0.1569287954466254,-0.07190149843187355,-0.1807410849111395,0.1569287954466254,-0.06899756069229868,-0.1807410849111395,0.1569287954466254,-0.06237658264606816,-0.1807410849111395,0.1569287954466254,-0.06121500755023823,-0.1807410849111395,0.1569287954466254
LTC,1712966400,0.030389240915556837,-0.08793482477693004,0.12091038406827881,0.009440062071641053,-0.08793482477693004,0.12091038406827881,0.033234191128928,-0.08793482477693004,0.12091038406827881,0.03646708909866825,-0.08793482477693004,0.12091038406827881,0.0438380964696754,-0.08793482477693004,0.12091038406827881,0.04513125565757137,-0.08793482477693004,0.12091038406827881,0.09905599379283592,-0.08793482477693004,0.12091038406827881
LTC,1733356800,0.001251011847818173,-0.07991758039590835,0.08403856060048587,-0.014644197512693968,-0.07991758039590835,0.08403856060048587,-0.006475826035764243,-0.07991758039590835,0.08403856060048587,-0.18721024357936555,-0.27375082787548743,0.08403856060048587,-0.19206711310618874,-0.27375082787548743,0.08403856060048587,-0.1370225918021929,-0.27375082787548743,0.08403856060048587,-0.12252557215394799,-0.27375082787548743,0.08403856060048587
LTC,1733702400,-0.005975554549569884,-0.10647351742870081,0.22426437301946578,0.06174739701222265,-0.10647351742870081,0.22426437301946578,0.079583521955636,-0.10647351742870081,0.22426437301946578,0.12711634223630597,-0.10647351742870081,0.22426437301946578,0.07007695789950197,-0.10647351742870081,0.22426437301946578,0.09678587596197374,-0.10647351742870081,0.22426437301946578,0.06835672249886815,-0.10647351742870081,0.22426437301946578
LTC,1734566400,0.020342396777442096,-0.1290030211480363,0.12507552870090644,0.022356495468278004,-0.1290030211480363,0.12507552870090644,0.004431017119838954,-0.1290030211480363,0.12507552870090644,0.0745216515609266,-0.1290030211480363,0.12507552870090644,0.09043303121852975,-0.1290030211480363,0.12507552870090644,0.10563947633434045,-0.1290030211480363,0.12507552870090644,0.02930513595166162,-0.1290030211480363,0.12507552870090644
LTC,1734652800,0.001973943939992173,-0.14636794315041457,0.04599289380181615,-0.015594157125937591,-0.14636794315041457,0.04599289380181615,0.05309909198578766,-0.14636794315041457,0.062376628503750586,0.06869324911172536,-0.14636794315041457,0.09336754836162653,0.08359652585866573,-0.14636794315041457,0.09336754836162653,0.008784050532964827,-0.14636794315041457,0.09336754836162653,-0.00789577575996836,-0.14636794315041457,0.09336754836162653
LTC,1737244800,0.02544132917964692,-0.03686396677050885,0.11517826237452411,0.03028729664243679,-0.03686396677050885,0.11517826237452411,-0.0019037729318103214,-0.03686396677050885,0.11517826237452411,0.00692281066112832,-0.037729318103149834,0.11517826237452411,0.026566285912080323,-0.037729318103149834,0.11517826237452411,0.07199723087573551,-0.037729318103149834,0.11898580823814475,0.01289373485635159,-0.037729318103149834,0.11898580823814475
LTC,1738454400,-0.0201760821716801,-0.2297322083639033,0.1127109317681585,-0.07364269992663242,-0.2297322083639033,0.1127109317681585,-0.05254952311078509,-0.2297322083639033,0.1127109317681585,-0.06832355099046228,-0.2297322083639033,0.1127109317681585,-0.055117388114453436,-0.2297322083639033,0.1127109317681585,-0.040535583272193754,-0.2297322083639033,0.1127109317681585,-0.017424798239178307,-0.2297322083639033,0.1127109317681585
LTC,1760140800,0.06014150943396235,-0.03473413379073753,0.10098627787307035,0.06560891938250424,-0.03473413379073753,0.10098627787307035,0.04298885077186965,-0.03473413379073753,0.10098627787307035,0.023048885077187053,-0.03473413379073753,0.10098627787307035,-0.016616638078902235,-0.039772727272727404,0.10098627787307035,-0.03430531732418529,-0.09712692967409953,0.10098627787307035,-0.01779588336192106,-0.09712692967409953,0.10098627787307035
LTC,1787356800,-0.003810975609755962,-0.04916158536585358,0.057355182926829285,-0.01619664634146334,-0.04916158536585358,0.057355182926829285,-0.048399390243902385,-0.05868902439024393,0.057355182926829285,-0.03772865853658536,-0.06345274390243905,0.057355182926829285,-0.049542682926829174,-0.06345274390243905,0.057355182926829285,-0.06078506097560976,-0.08669969512195119,0.057355182926829285,-0.06688262195121952,-0.08669969512195119,0.057355182926829285
SHIB,1635292800,-0.1309174219026885,-0.40718191483975497,0.13380335172902624,-0.05292137106981931,-0.40718191483975497,0.13380335172902624,-0.17324439268897784,-0.40718191483975497,0.13380335172902624,-0.15272644423067194,-0.40718191483975497,0.13380335172902624,-0.09432433800820217,-0.40718191483975497,0.13380335172902624,-0.12395574907599627,-0.40718191483975497,0.13380335172902624,-0.29657992000405053,-0.40718191483975497,0.13380335172902624
SHIB,1652227200,-0.10042327164080012,-0.24973026807203924,0.3916507593991203,0.06282679060502927,-0.24973026807203924,0.3916507593991203,0.04066727529255543,-0.24973026807203924,0.3916507593991203,0.08266246161507174,-0.24973026807203924,0.3916507593991203,-0.005477632998589055,-0.24973026807203924,0.3916507593991203,0.04050128641381012,-0.24973026807203924,0.3916507593991203,-0.04423603618557559,-0.24973026807203924,0.3916507593991203
SHIB,1652313600,0.1814743057477628,-0.1659747209152136,0.32576805978411305,0.1568410369960329,-0.1659747209152136,0.32576805978411305,0.20352431036073426,-0.1659747209152136,0.32576805978411305,0.10554479195497746,-0.1659747209152136,0.32576805978411305,0.15665651812897874,-0.1659747209152136,0.32576805978411305,0.06245963649783204,-0.1659747209152136,0.32576805978411305,0.09013746655595534,-0.1659747209152136,0.32576805978411305
SHIB,1660867200,-0.02151273280121624,-0.05055112124667427,0.06955530216647654,0.02447738502470531,-0.05055112124667427,0.06955530216647654,-0.0003800836183960321,-0.05055112124667427,0.06955530216647654,0.012010642341315103,-0.05055112124667427,0.06955530216647654,-0.008969973394146735,-0.05055112124667427,0.06955530216647654,0.057696693272519806,-0.05055112124667427,0.12846826301786396,-0.05564424173318128,-0.06666666666666665,0.12846826301786396
SHIB,1676505600,0.039016315913927624,-0.01426657208165849,0.10325530070150557,0.03948924095530848,-0.01426657208165849,0.10325530070150557,0.05083944194845125,-0.01426657208165849,0.10561992590841007,0.06416016394734769,-0.01426657208165849,0.10561992590841007,0.02963663592653898,-0.01426657208165849,0.10561992590841007,0.03696697406794347,-0.01426657208165849,0.10561992590841007,0.035469378103570426,-0.01426657208165849,0.10561992590841007
SHIB,1686355200,-0.027311231196144203,-0.29297502555863886,0.1572951657660291,-0.027311231196144203,-0.29297502555863886,0.1572951657660291,-0.007886665693004113,-0.29297502555863886,0.1572951657660291,-0.04264641448809692,-0.29297502555863886,0.1572951657660291,-0.013436541551044234,-0.29297502555863886,0.1572951657660291,-0.003213086023075684,-0.29297502555863886,0.1572951657660291,0.017964071856287456,-0.29297502555863886,0.1572951657660291
SHIB,1692144000,-0.11908380373425953,-0.22785497177594438,0.10301780286582729,-0.06914893617021278,-0.22785497177594438,0.10301780286582729,-0.08369518019973943,-0.22785497177594438,0.10301780286582729,-0.0986756404689535,-0.22785497177594438,0.10301780286582729,-0.1351498046026921,-0.22785497177594438,0.10301780286582729,-0.13232739904472424,-0.22785497177594438,0.10301780286582729,-0.09824142422926618,-0.22785497177594438,0.10301780286582729
SHIB,1692230400,0.05668515095502147,-0.12347504621072092,0.1529266789895254,0.040172520024645664,-0.12347504621072092,0.1529266789895254,0.023166974738139112,-0.12347504621072092,0.1529266789895254,-0.018237831176833086,-0.12347504621072092,0.1529266789895254,-0.015033887861984008,-0.12347504621072092,0.1529266789895254,0.02365988909426986,-0.12347504621072092,0.1529266789895254,0.012322858903265566,-0.12347504621072092,0.1529266789895254
SHIB,1702857600,-0.030175304147907034,-0.08621515470830532,0.014464987067726698,-0.018775744803142036,-0.08621515470830532,0.014464987067726698,0.0010537407797681642,-0.08621515470830532,0.014464987067726698,0.0455982373790591,-0.08621515470830532,0.050483762812529864,0.06130855445923933,-0.08621515470830532,0.08056327234409433,0.021649583293418706,-0.08621515470830532,0.08056327234409433,0.05603985056039851,-0.08621515470830532,0.08056327234409433
SHIB,1709596800,-0.05280368516833478,-0.27974294813466793,0.30223498635122836,-0.10299135577798002,-0.27974294813466793,0.30223498635122836,0.001080527752502336,-0.27974294813466793,0.30223498635122836,-0.005288898999090019,-0.27974294813466793,0.30223498635122836,-0.06520131938125562,-0.27974294813466793,0.30223498635122836,-0.03668107370336671,-0.27974294813466793,0.30223498635122836,-0.0833996815286624,-0.27974294813466793,0.30223498635122836
SHIB,1710806400,0.1152379040353344,-0.04898614735996787,0.12531620156595058,0.09295322224452929,-0.04898614735996787,0.15165629391688418,0.06637221441477603,-0.04898614735996787,0.15165629391688418,0.09010238907849821,-0.04898614735996787,0.15165629391688418,0.12788596667335872,-0.04898614735996787,0.15165629391688418,0.15326239710901435,-0.04898614735996787,0.23188114836378237,0.23155992772535638,-0.04898614735996787,0.2792611925316202
SHIB,1727740800,-0.007684332499847346,-0.047813624443495684,0.13606147465999885,-0.020308593035311295,-0.05671769226077927,0.13606147465999885,0.060498871744831595,-0.05671769226077927,0.13606147465999885,0.06306031591144734,-0.05671769226077927,0.13606147465999885,0.10489723729950629,-0.05671769226077927,0.14899066902482172,0.062389461486857645,-0.05671769226077927,0.14899066902482172,0.05147283039580408,-0.05671769226077927,0.14899066902482172
SHIB,1731196800,0.0706590499559101,-0.22800291377525583,0.11149024268680763,0.015297320093547562,-0.22800291377525583,0.1695357129164592,-0.009431430433615717,-0.22800291377525583,0.1695357129164592,-0.10182877736456686,-0.22800291377525583,0.1695357129164592,-0.019322930644480985,-0.22800291377525583,0.1695357129164592,-0.05578346049150784,-0.22800291377525583,0.1695357129164592,-0.04903577042518115,-0.22800291377525583,0.1695357129164592
SHIB,1731369600,-0.02435616645268479,-0.11826901291443248,0.15191450796767625,-0.11536137753946074,-0.13737633109281777,0.15191450796767625,-0.03409863303375871,-0.14655237519824782,0.15191450796767625,-0.07000981798957773,-0.14655237519824782,0.15191450796767625,-0.06336379427535677,-0.14655237519824782,0.15191450796767625,-0.06072048938901886,-0.14655237519824782,0.15191450796767625,-0.0653651536892984,-0.14655237519824782,0.15191450796767625
SHIB,1731456000,-0.09327708325269957,-0.11584162247939,0.08182064481170426,-0.009985679451948726,-0.1252467391725045,0.08182064481170426,-0.046793358362038906,-0.1252467391725045,0.08182064481170426,-0.03998142199171728,-0.1252467391725045,0.08182064481170426,-0.03727212911715749,-0.1252467391725045,0.08182064481170426,-0.04203274373959831,-0.1252467391725045,0.08182064481170426,-0.0756279753841389,-0.1252467391725045,0.08182064481170426
SHIB,1733702400,-0.0032312550488360348,-0.13997209370639652,0.18443856943526482,0.05746493353895876,-0.13997209370639652,0.18443856943526482,0.03330395828743482,-0.13997209370639652,0.18443856943526482,0.048101637658808816,-0.13997209370639652,0.18443856943526482,0.00862891973268698,-0.13997209370639652,0.18443856943526482,0.023683630755673146,-0.13997209370639652,0.18443856943526482,-0.0017992215612837592,-0.13997209370639652,0.18443856943526482
SHIB,1760054400,0.02294238683127592,-0.3169753086419753,0.24907407407407423,0.09938271604938276,-0.3169753086419753,0.24907407407407423,0.14248971193415638,-0.3169753086419753,0.24907407407407423,0.10452674897119363,-0.3169753086419753,0.24907407407407423,0.06183127572016467,-0.3169753086419753,0.24907407407407423,0.028600823045267454,-0.3169753086419753,0.24907407407407423,0.002572016460905324,-0.3169753086419753,0.24907407407407423
SHIB,1787356800,0.017804698972099908,-0.04754038179148301,0.14298825256975034,0.004038179148311283,-0.04754038179148301,0.14298825256975034,-0.03377386196769461,-0.050293685756240825,0.14298825256975034,-0.015785609397944267,-0.06314243759177673,0.14298825256975034,-0.004588839941262801,-0.06314243759177673,0.14298825256975034,-0.049008810572687245,-0.07342143906020548,0.14298825256975034,-0.056167400881057206,-0.07342143906020548,0.14298825256975034
SOL,1609718400,-0.1400209407216495,-0.2677996134020618,0.007248711340205993,-0.24480509020618557,-0.32611146907216493,0.007248711340205993,-0.04755960051546393,-0.32611146907216493,0.10059600515463929,0.2975193298969072,-0.32611146907216493,0.5496134020618555,0.3601804123711341,-0.32611146907216493,0.5496134020618555,0.38772551546391765,-0.32611146907216493,0.5496134020618555,0.2479059278350515,-0.32611146907216493,0.5496134020618555
SOL,1610323200,0.17064670194914155,-0.16635471795533763,0.25984251968503935,0.13886020394991605,-0.16635471795533763,0.25984251968503935,0.06328256099135143,-0.16635471795533763,0.25984251968503935,0.04763134116432166,-0.16635471795533763,0.25984251968503935,0.10555698980250416,-0.16635471795533763,0.25984251968503935,0.23686588356783278,-0.16635471795533763,0.29727636504453314,0.22411901381179788,-0.16635471795533763,0.3471989157093067
SOL,1649635200,0.03563541457538655,-0.01646255771933347,0.12286689419795227,0.05290102389078499,-0.01646255771933347,0.12286689419795227,0.011041959445894367,-0.01646255771933347,0.12286689419795227,0.017165227865890254,-0.01646255771933347,0.12286689419795227,0.024091547881951225,-0.01646255771933347,0.12286689419795227,0.004617546677373907,-0.01646255771933347,0.12286689419795227,0.027404135715719535,-0.05039148765308177,0.12286689419795227
SOL,1652140800,-0.23926380368098155,-0.35567858746072123,0.10713751309292219,-0.33218614394732904,-0.4448600927727069,0.10713751309292219,-0.2685919497231781,-0.4448600927727069,0.10713751309292219,-0.21592099356576389,-0.4448600927727069,0.10713751309292219,-0.12015561873410152,-0.4448600927727069,0.10713751309292219,-0.1954212180158611,-0.4448600927727069,0.10713751309292219,-0.1470896304055065,-0.4448600927727069,0.10713751309292219
SOL,1652227200,-0.12214791502753741,-0.2702596380802518,0.34618410700236013,-0.03855232100708106,-0.2702596380802518,0.34618410700236013,0.03068450039339088,-0.2702596380802518,0.34618410700236013,0.1565696302124311,-0.2702596380802518,0.34618410700236013,0.057631785995279294,-0.2702596380802518,0.34618410700236013,0.12116443745082606,-0.2702596380802518,0.34618410700236013,-0.018095987411487102,-0.2702596380802518,0.34618410700236013
SOL,1652313600,0.09522742549854368,-0.1687205915303608,0.26305175890656507,0.17409814026439596,-0.1687205915303608,0.26305175890656507,0.31749943983867346,-0.1687205915303608,0.32847860183732913,0.20479498095451487,-0.1687205915303608,0.32847860183732913,0.2771678243334079,-0.1687205915303608,0.32847860183732913,0.11853013667936363,-0.1687205915303608,0.32847860183732913,0.1691687205915302,-0.1687205915303608,0.32847860183732913
SOL,1653523200,-0.052061736926975355,-0.08062658373646625,0.12070951393688101,0.018659295093296446,-0.08062658373646625,0.12070951393688101,0.03547569684404528,-0.08062658373646625,0.12070951393688101,0.08753743377102063,-0.08062658373646625,0.12070951393688101,0.054134991937341725,-0.08062658373646625,0.12070951393688101,-0.07648007371573351,-0.09030177378484205,0.12070951393688101,-0.05920294862934794,-0.12232204561161009,0.12070951393688101
SOL,1655510400,0.06816760475297046,-0.15290806754221387,0.10787992495309573,0.10131332082551592,-0.15290806754221387,0.15384615384615374,0.1378986866791745,-0.15290806754221387,0.2273295809881175,0.06660412757973733,-0.15290806754221387,0.2273295809881175,0.19293308317698554,-0.15290806754221387,0.2273295809881175,0.3098811757348343,-0.15290806754221387,0.3417761100687928,0.31988742964352723,-0.15290806754221387,0.3417761100687928
SOL,1667952000,0.5055555555555555,-0.19461538461538452,1.035042735042735,0.40393162393162396,-0.19461538461538452,1.035042735042735,0.24444444444444446,-0.19461538461538452,1.035042735042735,0.1218803418803418,-0.19461538461538452,1.035042735042735,0.19649572649572655,-0.19461538461538452,1.035042735042735,0.22247863247863253,-0.19461538461538452,1.035042735042735,0.2185470085470087,-0.19461538461538452,1.035042735042735
SOL,1689292800,0.029545198905177816,-0.05440365940534664,0.2590079112144277,0.027483034006973828,-0.05440365940534664,0.2590079112144277,0.004461774961568743,-0.05440365940534664,0.2590079112144277,-0.042255633459562736,-0.07198830190094108,0.2590079112144277,-0.013985227400547418,-0.07198830190094108,0.2590079112144277,-0.04896704285553599,-0.07198830190094108,0.2590079112144277,-0.044167822728806594,-0.07198830190094108,0.2590079112144277
SOL,1698019200,-0.05469876496771364,-0.09974296282364747,0.03219233903830476,0.01705222243119553,-0.09974296282364747,0.06159488433327054,0.02720832549683405,-0.09974296282364747,0.06159488433327054,-0.005109397529935444,-0.09974296282364747,0.06159488433327054,-0.009027647169456476,-0.09974296282364747,0.06159488433327054,0.02896370133533943,-0.09974296282364747,0.06159488433327054,0.09579336718701015,-0.09974296282364747,0.10993041188640196
SOL,1698105600,0.07590277547501412,-0.023311337334615545,0.12302284710017575,0.0866465497231157,-0.023311337334615545,0.12302284710017575,0.05245879895215033,-0.023311337334615545,0.12302284710017575,0.04831382431939524,-0.023311337334615545,0.12302284710017575,0.08850349835859017,-0.023311337334615545,0.12302284710017575,0.1592001856948635,-0.023311337334615545,0.17415525416984434,0.2724077328646748,-0.023311337334615545,0.28059820273899927
SOL,1698883200,-0.018732453852078113,-0.05798613699038524,0.10702839681001719,0.05393654816029425,-0.05798613699038524,0.10702839681001719,0.022757198578917448,-0.05798613699038524,0.10702839681001719,0.047949119276539776,-0.05798613699038524,0.10702839681001719,0.06770018136195377,-0.05798613699038524,0.11798464634419026,0.07182430250180127,-0.05798613699038524,0.11798464634419026,0.12556209783607875,-0.05798613699038524,0.21736105935256278
SOL,1699488000,0.25105396755325016,-0.09696501489901777,0.27078688886436386,0.24509436044586685,-0.09696501489901777,0.4134422249199867,0.2430195342677408,-0.09696501489901777,0.4134422249199867,0.1403156384505022,-0.09696501489901777,0.4134422249199867,0.2548063127690099,-0.09696501489901777,0.4134422249199867,0.4458889747268513,-0.09696501489901777,0.4838980245006068,0.27672442335283076,-0.09696501489901777,0.5087959386381193
SOL,1700092800,0.011202932125445209,-0.06481449465786104,0.18177103143044837,0.012776183396148166,-0.06481449465786104,0.18177103143044837,0.05630856471076373,-0.06481449465786104,0.18177103143044837,-0.02142042114726317,-0.06481449465786104,0.18177103143044837,-0.10649700909373805,-0.11483005428581305,0.18177103143044837,-0.004546869057086567,-0.11483005428581305,0.18177103143044837,-0.022561460530410415,-0.11483005428581305,0.18177103143044837
SOL,1737244800,-0.04209567559005234,-0.09207191509583401,0.17060034848724848,-0.008949786155552086,-0.09207191509583401,0.17060034848724848,0.018929193727229565,-0.09207191509583401,0.17060034848724848,0.001940440361159368,-0.09207191509583401,0.17060034848724848,0.0027720576587992873,-0.09207191509583401,0.17060034848724848,0.015048313004910385,-0.09207191509583401,0.17060034848724848,-0.048313004910502166,-0.09207191509583401,0.17060034848724848
SOL,1737936000,-0.03347957575499427,-0.05967542701367301,0.038335392085871334,-0.028666354304212716,-0.05967542701367301,0.038335392085871334,0.014397069472249502,-0.05967542701367301,0.04182817225369506,-0.01354517187034121,-0.05967542701367301,0.04182817225369506,-0.09319759764876268,-0.0945180389317204,0.04182817225369506,-0.13353494909911834,-0.17110363334327217,0.04182817225369506,-0.07909869233718114,-0.23712569749116164,0.04182817225369506
SOL,1760054400,-0.0555822009059419,-0.2432720490274447,0.19557687183586459,0.049187316813215975,-0.2432720490274447,0.19557687183586459,0.11148414601652012,-0.2432720490274447,0.19557687183586459,0.07828403943511852,-0.2432720490274447,0.19557687183586459,0.032400746069810804,-0.2432720490274447,0.19557687183586459,-0.015401012523314717,-0.2432720490274447,0.19557687183586459,-0.03069544364508403,-0.2432720490274447,0.19557687183586459
SOL,1770249600,0.11661770341039723,-0.14050325712096057,0.19300038319070123,0.11776727551411414,-0.14050325712096057,0.19300038319070123,0.11023119172308071,-0.14050325712096057,0.19300038319070123,0.10754885681440784,-0.14050325712096057,0.19300038319070123,0.0595222889257887,-0.14050325712096057,0.19300038319070123,0.012262102439647427,-0.14050325712096057,0.19300038319070123,0.0010218418699705634,-0.14050325712096057,0.19300038319070123
XLM,1599091200,0.03930918932852179,-0.055677277999742314,0.19925248098981818,-0.027451991235984075,-0.06160587704601117,0.19925248098981818,-0.0032220646990591684,-0.07462301843021013,0.19925248098981818,0.013661554324010616,-0.07462301843021013,0.19925248098981818,-0.002191003995360319,-0.07462301843021013,0.19925248098981818,0.00824848562959124,-0.07462301843021013,0.19925248098981818,0.0457533187266399,-0.07462301843021013,0.19925248098981818
XLM,1606003200,0.26816443594646255,-0.08336520076481824,0.2763862332695983,0.8700764818355642,-0.08336520076481824,0.9067877629063097,0.8473231357552582,-0.08336520076481824,1.224378585086042,0.6117590822179733,-0.08336520076481824,1.224378585086042,0.975812619502868,-0.08336520076481824,1.224378585086042,0.9125239005736139,-0.08336520076481824,1.224378585086042,0.8571701720841298,-0.08336520076481824,1.224378585086042
XLM,1606176000,-0.012167067123357689,-0.3307090639537855,0.1894586166351413,-0.13813199734164927,-0.3307090639537855,0.1894586166351413,0.05654107663207397,-0.3307090639537855,0.1894586166351413,0.022698226062062288,-0.3307090639537855,0.1894586166351413,-0.006901487654005556,-0.3307090639537855,0.1894586166351413,0.03869945299320077,-0.3307090639537855,0.1894586166351413,-0.06011962578600272,-0.3307090639537855,0.1894586166351413
XLM,1606262400,-0.12751643119598421,-0.2547741034000932,0.20410909279097433,0.06955441701599119,-0.2547741034000932,0.20410909279097433,0.03529472649174559,-0.2547741034000932,0.20410909279097433,0.00533043523262422,-0.2547741034000932,0.20410909279097433,0.051493039383118555,-0.2547741034000932,0.20410909279097433,-0.04854318687574388,-0.2547741034000932,0.20410909279097433,-0.040883920716245026,-0.2547741034000932,0.20410909279097433
XLM,1606348800,0.2258734207248354,-0.1458568123850762,0.23032208316032987,0.18660656029420508,-0.1458568123850762,0.31010142950352937,0.1522628862921882,-0.1458568123850762,0.31010142950352937,0.20517231152500148,-0.1458568123850762,0.31010142950352937,0.09051545168752617,-0.1458568123850762,0.31010142950352937,0.09929414556023497,-0.1458568123850762,0.31010142950352937,0.09377780414022197,-0.1458568123850762,0.31010142950352937
XLM,1606780800,0.008050040794125524,-0.06630405221648084,0.1187381017133533,0.0029915692140332073,-0.06630405221648084,0.1187381017133533,-0.12129453358716347,-0.13304324177318472,0.1187381017133533,-0.06543377753603485,-0.13445743812890953,0.1187381017133533,-0.041446831656241634,-0.13445743812890953,0.1187381017133533,-0.08512374218112606,-0.13445743812890953,0.1187381017133533,-0.16915964101169434,-0.18808811531139513,0.1187381017133533
XLM,1608163200,-0.005308026379282738,-0.05034582596107451,0.12380033242185395,-0.02621843332797169,-0.05034582596107451,0.12380033242185395,-0.05249048308401705,-0.07007667149214514,0.12380033242185395,-0.11318427966328892,-0.14213715082301215,0.12380033242185395,-0.1305560023591229,-0.1785963219130342,0.12380033242185395,-0.320411774167605,-0.40893249691705535,0.12380033242185395,-0.15157364216395908,-0.40893249691705535,0.12380033242185395
XLM,1608681600,0.24844181459566061,-0.13025641025641022,0.3157396449704142,0.20284023668639062,-0.13025641025641022,0.31731755424063124,0.15952662721893485,-0.13025641025641022,0.31731755424063124,0.1478500986193294,-0.13025641025641022,0.31731755424063124,0.140828402366864,-0.13025641025641022,0.31731755424063124,0.09262327416173566,-0.13025641025641022,0.31731755424063124,0.04118343195266272,-0.13025641025641022,0.31731755424063124
XLM,1652227200,-0.04486010937623841,-0.17539827217246584,0.19759055242926227,0.04692082111436946,-0.17539827217246584,0.19759055242926227,0.0941586748038361,-0.17539827217246584,0.19759055242926227,0.15003566616469843,-0.17539827217246584,0.19759055242926227,0.08036775778711247,-0.17539827217246584,0.19759055242926227,0.12213679955615442,-0.17539827217246584,0.19759055242926227,0.01093762384084962,-0.17539827217246584,0.19759055242926227
XLM,1655078400,0.056821378340365714,-0.062353492733239424,0.11664322550398509,0.13436474449132696,-0.062353492733239424,0.14533520862634797,0.0227848101265824,-0.062353492733239424,0.1530239099859354,0.04800750117205821,-0.062353492733239424,0.1530239099859354,0.008157524613220835,-0.062353492733239424,0.1530239099859354,0.07585560243788092,-0.062353492733239424,0.1530239099859354,0.05850914205344604,-0.062353492733239424,0.1530239099859354
XLM,1689292800,-0.05337286879169745,-0.07301704966641953,0.16893995552260943,-0.027798369162342462,-0.0747220163083765,0.16893995552260943,-0.04418087472201626,-0.08124536693847295,0.16893995552260943,-0.020237212750185196,-0.08124536693847295,0.16893995552260943,0.15900667160859894,-0.08124536693847295,0.2453669384729431,0.20934025203854723,-0.08124536693847295,0.3406226834692365,0.16441808747220166,-0.08124536693847295,0.3406226834692365
XLM,1709596800,0.04847247428917112,-0.12787356321839072,0.16031457955232908,0.07493950393224447,-0.12787356321839072,0.16031457955232908,0.07176346037507564,-0.12787356321839072,0.16031457955232908,0.07698124621899582,-0.12787356321839072,0.16031457955232908,0.05792498487598308,-0.12787356321839072,0.16031457955232908,0.19426799758015711,-0.12787356321839072,0.23230490018148808,0.1302177858439202,-0.12787356321839072,0.23230490018148808
XLM,1710806400,0.08387150190428883,-0.03038582546779267,0.11748633879781423,0.10473588342440787,-0.03038582546779267,0.12311641000165596,0.06292432521940716,-0.03038582546779267,0.12311641000165596,0.09902301705580396,-0.03038582546779267,0.13156151680741868,0.11897665176353689,-0.03038582546779267,0.13156151680741868,0.13255505878456697,-0.03038582546779267,0.15648286140089418,0.14530551415797333,-0.03038582546779267,0.16012584865043888
XLM,1712880000,-0.08492125641694948,-0.22779082920038296,0.1421734969111632,-0.038110154006786856,-0.22779082920038296,0.1421734969111632,-0.06421299921691459,-0.22779082920038296,0.1421734969111632,-0.04689811189419657,-0.22779082920038296,0.1421734969111632,-0.06430000870094843,-0.22779082920038296,0.1421734969111632,-0.03967632471939453,-0.22779082920038296,0.1421734969111632,-0.028191072826938224,-0.22779082920038296,0.1421734969111632
XLM,1712966400,0.05115527241608819,-0.15612817343348873,0.09774650565750687,0.022630027574403355,-0.15612817343348873,0.09774650565750687,0.04155177331938775,-0.15612817343348873,0.09774650565750687,0.02253494342493112,-0.15612817343348873,0.09774650565750687,0.04944375772558707,-0.15612817343348873,0.09774650565750687,0.06199486545592858,-0.15612817343348873,0.09774650565750687,0.10202529238375968,-0.15612817343348873,0.11077303413520956
XLM,1731369600,-0.07532718619869117,-0.17571386079714446,0.05361392028554457,-0.02394408090422373,-0.17571386079714446,0.05361392028554457,0.08477096966091624,-0.17571386079714446,0.10157644259369425,0.6429952409280193,-0.17571386079714446,0.7995240928019038,0.4616299821534804,-0.17571386079714446,0.7995240928019038,0.7239738251041048,-0.17571386079714446,0.9031082688875671,0.7238251041046997,-0.17571386079714446,0.9031082688875671
XLM,1731456000,0.05556895858463995,-0.02959388821873743,0.13124246079613977,0.17314032971451554,-0.02959388821873743,0.19131483715319653,0.7768395657418576,-0.02959388821873743,0.9461198230800161,0.5806996381182148,-0.02959388821873743,0.9461198230800161,0.8644149577804583,-0.02959388821873743,1.058142340168878,0.8642541214314434,-0.02959388821873743,1.058142340168878,0.9900281463610776,-0.02959388821873743,1.1708886208283071
XLM,1733702400,0.06412195121951236,-0.1508048780487805,0.20436585365853666,0.06134146341463409,-0.1508048780487805,0.20436585365853666,0.03656097560975602,-0.1508048780487805,0.20436585365853666,0.06768292682926824,-0.1508048780487805,0.20436585365853666,0.03434146341463418,-0.1508048780487805,0.20436585365853666,0.049780487804878204,-0.1508048780487805,0.20436585365853666,0.021609756097560995,-0.1508048780487805,0.20436585365853666
XLM,1752537600,0.003988212616045761,-0.04865619391576015,0.06569472448097846,0.1022311833913101,-0.04865619391576015,0.14062880818913004,0.015709126359869652,-0.04865619391576015,0.1543438282409766,0.020982429707752548,-0.04865619391576015,0.1543438282409766,0.02417299980058929,-0.04865619391576015,0.1543438282409766,0.04788070812930667,-0.04865619391576015,0.1543438282409766,0.047193849289876466,-0.04865619391576015,0.1543438282409766
XLM,1752796800,0.005191745560839456,-0.020527027616596083,0.13649055451332837,0.008332969765717069,-0.020527027616596083,0.13649055451332837,0.03167401073251619,-0.020527027616596083,0.13649055451332837,0.030997774966188274,-0.02091968064220584,0.13649055451332837,-0.0672091095501941,-0.10815409449849489,0.13649055451332837,-0.074015095327429,-0.12270407050303211,0.13649055451332837,-0.05937786309497828,-0.12270407050303211,0.13649055451332837
XLM,1779926400,0.27272280874048604,-0.1960225877731403,0.3061134299042476,0.1267861527129881,-0.1960225877731403,0.4626074146820527,0.2747360667812424,-0.1960225877731403,0.4626074146820527,0.19322366805794244,-0.1960225877731403,0.4626074146820527,0.09216793518291189,-0.1960225877731403,0.4626074146820527,0.024453719616990055,-0.1960225877731403,0.4626074146820527,-0.01036091333169653,-0.1960225877731403,0.4626074146820527
XLM,1780358400,-0.06199982016005756,-0.06339357971405446,0.09504540958546892,-0.09387644995953603,-0.10992716482330722,0.09504540958546892,-0.0868626922039385,-0.18788777987591043,0.09504540958546892,-0.04702814495099361,-0.18788777987591043,0.09504540958546892,-0.0749482960165454,-0.18788777987591043,0.09504540958546892,-0.08969517129754512,-0.18788777987591043,0.09504540958546892,-0.13618379642118517,-0.18788777987591043,0.09504540958546892
XLM,1780617600,0.043623830625307836,-0.11063515509601174,0.05972427375677003,0.013047759724273744,-0.11063515509601174,0.07237813884785815,-0.003101920236336708,-0.11063515509601174,0.07237813884785815,-0.05401280157557853,-0.11063515509601174,0.07237813884785815,-0.1003938946331856,-0.11063515509601174,0.07237813884785815,-0.05519448547513539,-0.11063515509601174,0.07237813884785815,-0.07479074347612014,-0.11063515509601174,0.07237813884785815
XRP,1606003200,0.3789473684210527,-0.09697648376259804,0.39216125419932824,0.5567749160134379,-0.09697648376259804,0.7556550951847705,0.41410974244120924,-0.09697648376259804,0.7556550951847705,0.20268756998880177,-0.09697648376259804,0.7556550951847705,0.2611422172452409,-0.09697648376259804,0.7556550951847705,0.4015677491601344,-0.09697648376259804,0.7556550951847705,0.35699888017917125,-0.09697648376259804,0.7556550951847705
XRP,1606176000,-0.09164149043303138,-0.1848654869802907,0.12775140267587393,-0.2274492878722486,-0.3446986045173357,0.12775140267587393,-0.18990073370738025,-0.3446986045173357,0.12775140267587393,-0.09969788519637468,-0.3446986045173357,0.12775140267587393,-0.12832685944468425,-0.3446986045173357,0.12775140267587393,-0.04359085023737608,-0.3446986045173357,0.12775140267587393,-0.12041432887354331,-0.3446986045173357,0.12775140267587393
XRP,1606262400,-0.14950902755780793,-0.2785872663921444,0.15505226480836232,-0.10817231548938855,-0.2785872663921444,0.15505226480836232,-0.008869179600886845,-0.2785872663921444,0.15505226480836232,-0.04038644282546722,-0.2785872663921444,0.15505226480836232,0.05289832119100413,-0.2785872663921444,0.15505226480836232,-0.031675641431738844,-0.2785872663921444,0.15505226480836232,-0.0017421602787456303,-0.2785872663921444,0.15505226480836232
XRP,1606348800,0.048603351955307295,-0.15176908752327745,0.21638733705772806,0.16536312849162016,-0.15176908752327745,0.21638733705772806,0.12830540037243932,-0.15176908752327745,0.21638733705772806,0.23798882681564226,-0.15176908752327745,0.2702048417132217,0.13854748603351963,-0.15176908752327745,0.27299813780260695,0.17374301675977644,-0.15176908752327745,0.27299813780260695,0.17467411545623834,-0.15176908752327745,0.27299813780260695
XRP,1606780800,0.030912659470068604,-0.06427870461236507,0.11808963035655862,0.031730454694144594,-0.06427870461236507,0.11808963035655862,-0.09486424599280352,-0.11350997710173372,0.11808963035655862,-0.042688910696761506,-0.11350997710173372,0.11808963035655862,0.016683022571148065,-0.11350997710173372,0.11808963035655862,-0.004743212299640143,-0.11350997710173372,0.11808963035655862,-0.08619561661759911,-0.11350997710173372,0.11808963035655862
XRP,1608163200,0.011424614851999415,-0.06422018348623859,0.13969188159944612,-0.0012117015752121096,-0.06422018348623859,0.13969188159944612,-0.037735849056603876,-0.08066470486411625,0.13969188159944612,-0.10818764064393283,-0.13709537822399165,0.13969188159944612,-0.22935779816513768,-0.30552189717846634,0.13969188159944612,-0.5520166176216029,-0.6345854249610524,0.13969188159944612,-0.41249783624718717,-0.6345854249610524,0.13969188159944612
XRP,1608681600,0.3114374034003091,-0.18431221020092725,0.7283616692426584,0.22797527047913468,-0.18431221020092725,0.7283616692426584,0.14064914992272048,-0.18431221020092725,0.7283616692426584,0.09891808346213304,-0.18431221020092725,0.7283616692426584,-0.04443585780525494,-0.18431221020092725,0.7283616692426584,-0.14489953632148367,-0.3404173106646059,0.7283616692426584,-0.1835394126738794,-0.3404173106646059,0.7283616692426584
XRP,1618704000,-0.07125132931584544,-0.2201347040056717,0.1114498404820985,-0.017157036511875168,-0.2201347040056717,0.1114498404820985,-0.08457993619283954,-0.2201347040056717,0.1114498404820985,-0.1806451612903227,-0.23317972350230431,0.1114498404820985,-0.1702942219071253,-0.38305565402339603,0.1114498404820985,-0.2553704360155974,-0.38305565402339603,0.1114498404820985,-0.26579227224388513,-0.38305565402339603,0.1114498404820985
XRP,1652227200,-0.07494595243814561,-0.19409079990391542,0.2553447033389382,0.015373528705260764,-0.19409079990391542,0.2553447033389382,0.023060293057890924,-0.19409079990391542,0.2553447033389382,0.07566658659620451,-0.19409079990391542,0.2553447033389382,0.01561374009128036,-0.19409079990391542,0.2553447033389382,0.05092481383617575,-0.19409079990391542,0.2553447033389382,-0.02714388662022571,-0.19409079990391542,0.2553447033389382
XRP,1652313600,0.09763697740846533,-0.12879771487925207,0.20903661386652828,0.10594650740067513,-0.12879771487925207,0.20903661386652828,0.162814853284861,-0.12879771487925207,0.20903661386652828,0.09789665022072191,-0.12879771487925207,0.20903661386652828,0.13606855362243575,-0.12879771487925207,0.20903661386652828,0.051674889639054866,-0.12879771487925207,0.20903661386652828,0.09166450272656457,-0.12879771487925207,0.20903661386652828
XRP,1689292800,-0.004598021457433377,-0.07119966559843949,0.15257071199665595,0.0398495192977566,-0.07119966559843949,0.15257071199665595,0.02689145882680788,-0.07119966559843949,0.15257071199665595,0.08346105615159538,-0.07119966559843949,0.15257071199665595,0.14156332729552745,-0.07119966559843949,0.19255956527797125,0.10631182945520412,-0.07119966559843949,0.19255956527797125,0.07412567925316993,-0.07119966559843949,0.19255956527797125
XRP,1700092800,0.00212418300653594,-0.04395424836601314,0.06813725490196076,-0.0016339869281045694,-0.04395424836601314,0.06813725490196076,0.02287581699346397,-0.04395424836601314,0.06813725490196076,0.00032679738562091387,-0.04395424836601314,0.06813725490196076,-0.05457516339869284,-0.06535947712418311,0.06813725490196076,-0.0011437908496733096,-0.06535947712418311,0.06813725490196076,0.014869281045751581,-0.06535947712418311,0.06813725490196076
XRP,1709596800,0.03601014370245137,-0.1039729501267963,0.132544378698225,0.06170752324598472,-0.1039729501267963,0.132544378698225,0.04885883347421793,-0.1039729501267963,0.132544378698225,0.04919695688926451,-0.1039729501267963,0.132544378698225,0.028909551986475046,-0.1039729501267963,0.132544378698225,0.22451394759087062,-0.1039729501267963,0.2603550295857988,0.16415891800507176,-0.1039729501267963,0.2603550295857988
XRP,1710806400,0.044786324786324716,-0.029230769230769282,0.1100854700854701,0.09606837606837604,-0.029230769230769282,0.11965811965811968,0.045982905982906,-0.029230769230769282,0.11965811965811968,0.05504273504273516,-0.029230769230769282,0.11965811965811968,0.08256410256410263,-0.029230769230769282,0.11965811965811968,0.09538461538461562,-0.029230769230769282,0.13435897435897437,0.08085470085470092,-0.029230769230769282,0.13435897435897437
XRP,1712966400,0.05077308817384041,-0.13957375679063944,0.1475135812787296,0.039072294191391466,-0.13957375679063944,0.1475135812787296,0.03635603844546598,-0.13957375679063944,0.1475135812787296,0.033639782699540266,-0.13957375679063944,0.1475135812787296,0.04931048892603407,-0.13957375679063944,0.1475135812787296,0.05035520267446714,-0.13957375679063944,0.1475135812787296,0.1042624320936063,-0.13957375679063944,0.1475135812787296
XRP,1721865600,0.006507592190889255,-0.026030368763557576,0.04438511596862993,-0.006507592190889366,-0.027865843484064845,0.04438511596862993,0.002836642749874718,-0.027865843484064845,0.04438511596862993,0.003837810779242501,-0.027865843484064845,0.04438511596862993,0.04688803604204894,-0.027865843484064845,0.06457533789420977,0.03954613716001987,-0.027865843484064845,0.0984481895544802,-0.0051727014850661,-0.05339562823293842,0.0984481895544802
XRP,1722470400,-0.05987923515598781,-0.08453539080845351,0.05686011405568614,-0.06809795370680971,-0.09426366990942625,0.05686011405568614,-0.12328077826232797,-0.1398859443139885,0.05686011405568614,-0.1803086212680307,-0.27624958067762495,0.05686011405568614,-0.15179469976517934,-0.27624958067762495,0.05686011405568614,0.006541429050654246,-0.27624958067762495,0.08034216705803421,0.03388124790338809,-0.27624958067762495,0.08034216705803421
XRP,1733356800,0.08065018926742384,-0.029169450011133247,0.11182364729458927,0.16321531952794488,-0.029169450011133247,0.1679804052549545,0.15925183700734813,-0.029169450011133247,0.17960365174794046,-0.014829659318637112,-0.10487641950567805,0.17960365174794046,0.054909819639278545,-0.15381874860832778,0.17960365174794046,0.06608773101759069,-0.15381874860832778,0.17960365174794046,0.04105989757292372,-0.15381874860832778,0.17960365174794046
XRP,1733702400,0.07078925956061832,-0.14108127655727343,0.17936895398246078,0.08213543079287566,-0.14108127655727343,0.17936895398246078,0.05673085616128737,-0.14108127655727343,0.17936895398246078,0.09483771810867014,-0.14108127655727343,0.17936895398246078,0.08475725522104693,-0.14108127655727343,0.17936895398246078,0.10627429707982983,-0.14108127655727343,0.17936895398246078,0.12318054425458813,-0.14108127655727343,0.17936895398246078
XRP,1760054400,0.005915659596044787,-0.416589199695766,0.1982591058903067,0.06781881179751537,-0.416589199695766,0.1982591058903067,0.1003971942871631,-0.416589199695766,0.1982591058903067,0.057212879236034686,-0.416589199695766,0.1982591058903067,0.018211780613538453,-0.416589199695766,0.1982591058903067,-0.01681737513732784,-0.416589199695766,0.1982591058903067,-0.03131074114763799,-0.416589199695766,0.1982591058903067
XRP,1770249600,0.2099538562953196,-0.0792682926829269,0.2702702702702704,0.17205009887936717,-0.0792682926829269,0.2702702702702704,0.17823005932762026,-0.0792682926829269,0.2702702702702704,0.18350362557679611,-0.0792682926829269,0.2702702702702704,0.1526038233355307,-0.0792682926829269,0.2702702702702704,0.12804878048780477,-0.0792682926829269,0.2702702702702704,0.12285761371127224,-0.0792682926829269,0.2702702702702704
XRP,1787356800,0.03988506533488412,-0.05329410959841285,0.16371348429910393,0.013409044263528846,-0.05329410959841285,0.16371348429910393,-0.019292604501607746,-0.05329410959841285,0.16371348429910393,-0.02736539645618119,-0.07162892522405417,0.16371348429910393,-0.006362454676062224,-0.07162892522405417,0.16371348429910393,-0.05390983101867686,-0.07162892522405417,0.16371348429910393,-0.04522131764383941,-0.07162892522405417,0.16371348429910393
XRP,1789430400,0.012552627475440614,-0.028769686574146247,0.13753313581786997,0.009979728676126731,-0.028769686574146247,0.13753313581786997,0.08872602526118833,-0.028769686574146247,0.13753313581786997,0.09964135350070191,-0.028769686574146247,0.13753313581786997,0.09925152034929052,-0.028769686574146247,0.13753313581786997,0.1977233743957587,-0.028769686574146247,0.22758459379385632,0.22563542803680026,-0.028769686574146247,0.2550288476532043
XTZ,1606348800,0.003118040089086671,-0.08240534521158127,0.18841870824053464,0.03340757238307335,-0.08240534521158127,0.18841870824053464,0.05077951002227166,-0.08240534521158127,0.18841870824053464,0.11224944320712682,-0.08240534521158127,0.18841870824053464,0.03563474387527843,-0.08240534521158127,0.18841870824053464,0.06547884187082387,-0.08240534521158127,0.18841870824053464,0.07216035634743867,-0.08240534521158127,0.18841870824053464
XTZ,1606780800,0.02881720430107504,-0.058064516129032406,0.10064516129032253,0.03526881720430097,-0.058064516129032406,0.10064516129032253,-0.01935483870967758,-0.058064516129032406,0.10064516129032253,0.0008602150537633246,-0.058064516129032406,0.10064516129032253,0.00043010752688177334,-0.058064516129032406,0.10064516129032253,-0.020215053763440904,-0.058064516129032406,0.10064516129032253,-0.07311827956989259,-0.098494623655914,0.10064516129032253
XTZ,1610323200,-0.012435677530017064,-0.09862778730703259,0.19082332761578047,0.07332761578044611,-0.09862778730703259,0.19082332761578047,0.09648370497427106,-0.09862778730703259,0.19082332761578047,0.16295025728988,-0.09862778730703259,0.2538593481989708,0.22427101200686117,-0.09862778730703259,0.37006861063464846,0.277015437392796,-0.09862778730703259,0.37006861063464846,0.30488850771869647,-0.09862778730703259,0.37006861063464846
XTZ,1613347200,0.0010993843447668628,-0.16864555848724716,0.09476693051890939,0.0158311345646438,-0.16864555848724716,0.09476693051890939,0.06684256816182943,-0.16864555848724716,0.10268249780123129,0.09674582233948992,-0.16864555848724716,0.1312664907651715,0.022647317502198616,-0.16864555848724716,0.13676341248900603,0.02924362357080046,-0.16864555848724716,0.13676341248900603,-0.06002638522427439,-0.21437994722955145,0.13676341248900603
XTZ,1613952000,-0.17146198830409365,-0.3277192982456141,0.0982456140350878,-0.17263157894736847,-0.3277192982456141,0.0982456140350878,-0.2182456140350878,-0.3277192982456141,0.0982456140350878,-0.18877192982456148,-0.3277192982456141,0.0982456140350878,-0.14853801169590652,-0.3277192982456141,0.0982456140350878,-0.1983625730994153,-0.3277192982456141,0.0982456140350878,-0.1483040935672515,-0.3277192982456141,0.0982456140350878
XTZ,1614038400,-0.0014116318464144628,-0.18859401468097114,0.21485036702428006,-0.05646527385657818,-0.18859401468097114,0.21485036702428006,-0.020892151326933894,-0.18859401468097114,0.21485036702428006,0.027667984189723382,-0.18859401468097114,0.21485036702428006,-0.03246753246753242,-0.18859401468097114,0.21485036702428006,0.02795031055900621,-0.18859401468097114,0.21485036702428006,0.04178430265386801,-0.18859401468097114,0.21485036702428006
XTZ,1618704000,-0.12043913464643197,-0.1693574426864708,0.16047788182111722,-0.07862447529867611,-0.20035518243461414,0.16047788182111722,-0.13868259606070388,-0.20035518243461414,0.16047788182111722,-0.2050371327090732,-0.21714562479819177,0.16047788182111722,-0.22198902163383916,-0.3505004843396836,0.16047788182111722,-0.2825314820794317,-0.3505004843396836,0.16047788182111722,-0.2810784630287374,-0.3505004843396836,0.16047788182111722
XTZ,1621382400,0.15876974231088958,-0.5400387919091161,0.6201163757273485,0.014962593516209433,-0.5400387919091161,0.6201163757273485,-0.04876697146023834,-0.5400387919091161,0.6201163757273485,-0.19589914103629813,-0.5400387919091161,0.6201163757273485,-0.019395954558049322,-0.5400387919091161,0.6201163757273485,0.014685508451094398,-0.5400387919091161,0.6201163757273485,0.08783596564145202,-0.5400387919091161,0.6201163757273485
XTZ,1630972800,-0.016542034896895652,-0.18694765465669616,0.29753002492635394,0.2669385905279855,-0.18694765465669616,0.29753002492635394,0.4031271244051664,-0.18694765465669616,0.5590301382279628,0.3879447088148651,-0.18694765465669616,0.5785180149558122,0.5950600498527077,-0.18694765465669616,0.6428733288012689,0.6249716745977794,-0.18694765465669616,0.790165420348969,0.6136415137094946,-0.18694765465669616,0.8241559030138228
XTZ,1631232000,-0.010820413436692489,-0.1411498708010337,0.125,0.1367894056847545,-0.1411498708010337,0.1708656330749354,0.15810723514211888,-0.1411498708010337,0.27583979328165387,0.15003229974160215,-0.1411498708010337,0.3000645994832043,0.11466408268733841,-0.1411498708010337,0.3000645994832043,0.12160852713178305,-0.1411498708010337,0.3000645994832043,-0.011304909560723608,-0.1411498708010337,0.3000645994832043
XTZ,1631491200,-0.006972528238739395,-0.13791660856226462,0.12257704643703815,-0.03751220192441784,-0.13791660856226462,0.12257704643703815,-0.03151582763910188,-0.13791660856226462,0.12257704643703815,-0.14628364244875192,-0.15576628085343747,0.12257704643703815,-0.1068191326174871,-0.17514990935713293,0.12257704643703815,-0.09078231766838663,-0.17514990935713293,0.12257704643703815,-0.2614698089527262,-0.2967508018407474,0.12257704643703815
XTZ,1632096000,-0.11593655589123864,-0.15728851963746227,0.23810422960725086,0.051925981873111704,-0.15728851963746227,0.23810422960725086,0.1735271903323261,-0.15728851963746227,0.244335347432024,0.3196752265861027,-0.15728851963746227,0.39916918429003023,0.2881419939577039,-0.15728851963746227,0.41616314199395754,0.22922960725075514,-0.15728851963746227,0.41616314199395754,0.1387839879154078,-0.15728851963746227,0.41616314199395754
XTZ,1632182400,0.189876121315677,-0.04677488252883388,0.20205040580948297,0.32742417770183674,-0.04677488252883388,0.40751815463477126,0.49273814609141375,-0.04677488252883388,0.5826569841947884,0.4570696283639468,-0.04677488252883388,0.6018795386586928,0.39043143955574533,-0.04677488252883388,0.6018795386586928,0.2881247330200767,-0.04677488252883388,0.6018795386586928,0.1676633917129431,-0.04677488252883388,0.6018795386586928
XTZ,1652227200,-0.060504201680672165,-0.19047619047619035,0.2229691876750699,-0.00952380952380949,-0.19047619047619035,0.2229691876750699,0.02072829131652676,-0.19047619047619035,0.2229691876750699,0.07394957983193273,-0.19047619047619035,0.2229691876750699,-0.0056022408963585235,-0.19047619047619035,0.2229691876750699,0.04033613445378159,-0.19047619047619035,0.2229691876750699,-0.059943977591036424,-0.19047619047619035,0.2229691876750699
XTZ,1652313600,0.05426356589147274,-0.13834227787716158,0.15444245676803803,0.08646392367322608,-0.13834227787716158,0.15444245676803803,0.14311270125223619,-0.13834227787716158,0.15444245676803803,0.058437686344662954,-0.13834227787716158,0.15444245676803803,0.10733452593917714,-0.13834227787716158,0.15444245676803803,0.0005963029218842841,-0.13834227787716158,0.15444245676803803,0.04710793082886111,-0.13834227787716158,0.15444245676803803
XTZ,1653523200,-0.023630504833512367,-0.058002148227712214,0.21374865735767967,0.0563909774436091,-0.058002148227712214,0.21374865735767967,0.06552094522019325,-0.058002148227712214,0.21374865735767967,0.14822771213748642,-0.058002148227712214,0.21374865735767967,0.12244897959183665,-0.058002148227712214,0.21374865735767967,0.04457572502685281,-0.058002148227712214,0.21374865735767967,0.06444683136412444,-0.058002148227712214,0.21374865735767967
XTZ,1654992000,-0.1432945499081445,-0.18309859154929575,0.14084507042253525,-0.11390079608083281,-0.21432945499081446,0.14084507042253525,-0.06429883649724433,-0.21432945499081446,0.14084507042253525,-0.16778934476423757,-0.21432945499081446,0.14084507042253525,-0.15064298836497247,-0.21432945499081446,0.14084507042253525,-0.21371708511941212,-0.2694427434170239,0.14084507042253525,-0.1494182486221678,-0.2694427434170239,0.14084507042253525
XTZ,1655078400,0.03431022158684782,-0.08291636883488218,0.18012866333095068,0.09220872051465334,-0.08291636883488218,0.18012866333095068,-0.028591851322373185,-0.08291636883488218,0.18012866333095068,-0.0085775553967119,-0.08291636883488218,0.18012866333095068,-0.0822015725518227,-0.1472480343102216,0.18012866333095068,-0.0071479628305932685,-0.1472480343102216,0.18012866333095068,0.03145103645461056,-0.1472480343102216,0.18012866333095068
XTZ,1675900800,0.010223048327137496,-0.0269516728624537,0.14684014869888462,0.006505576208178265,-0.0269516728624537,0.14684014869888462,0.0027881040892192566,-0.0269516728624537,0.14684014869888462,-0.03531598513011158,-0.06970260223048341,0.14684014869888462,-0.013011152416356864,-0.06970260223048341,0.14684014869888462,0.06691449814126371,-0.06970260223048341,0.14684014869888462,0.014869888475836479,-0.06970260223048341,0.14684014869888462
XTZ,1677196800,-0.03314470493128552,-0.07033144704931305,0.08892481810832642,-0.01859337105901382,-0.07033144704931305,0.08892481810832642,-0.04203718674211809,-0.07033144704931305,0.08892481810832642,-0.0824575586095393,-0.08892481810832664,0.08892481810832642,-0.02829426030719495,-0.08892481810832664,0.08892481810832642,-0.04688763136620866,-0.08892481810832664,0.08892481810832642,-0.07356507679870672,-0.14713015359741322,0.08892481810832642
XTZ,1677801600,-0.027923211169284312,-0.07940663176265272,0.028795811518324665,-0.027923211169284312,-0.07940663176265272,0.028795811518324665,-0.009598603839441444,-0.07940663176265272,0.028795811518324665,-0.03228621291448508,-0.07940663176265272,0.028795811518324665,-0.10471204188481664,-0.11518324607329833,0.028795811518324665,-0.13787085514834196,-0.1605584642233856,0.028795811518324665,-0.11780104712041883,-0.16753926701570676,0.028795811518324665
XTZ,1678320000,0.023279352226720507,-0.03441295546558709,0.07591093117408909,-0.006072874493927127,-0.037449392712550655,0.07591093117408909,0.06275303643724706,-0.037449392712550655,0.07591093117408909,0.1012145748987856,-0.037449392712550655,0.11538461538461542,0.2095141700404859,-0.037449392712550655,0.24898785425101222,0.16093117408906887,-0.037449392712550655,0.25404858299595157,0.19736842105263164,-0.037449392712550655,0.25404858299595157
XTZ,1700524800,0.05490196078431375,-0.005228758169934622,0.11503267973856213,0.06274509803921569,-0.005228758169934622,0.11503267973856213,0.07450980392156858,-0.005228758169934622,0.11503267973856213,0.10718954248365997,-0.005228758169934622,0.11503267973856213,0.1006535947712417,-0.005228758169934622,0.11503267973856213,0.05490196078431375,-0.005228758169934622,0.11503267973856213,0.065359477124183,-0.005228758169934622,0.11503267973856213
XTZ,1702857600,-0.03139013452914796,-0.06278026905829603,0.028026905829596327,-0.008968609865470878,-0.06278026905829603,0.028026905829596327,0.041479820627802644,-0.06278026905829603,0.047085201793722,0.11210762331838553,-0.06278026905829603,0.13452914798206272,0.108744394618834,-0.06278026905829603,0.16479820627802688,0.09977578475336313,-0.06278026905829603,0.16479820627802688,0.16928251121076232,-0.06278026905829603,0.17713004484304928
XTZ,1712966400,0.05977710233029376,-0.1185410334346505,0.12968591691995957,0.010131712259371817,-0.1185410334346505,0.13171225937183384,0.015197568389057725,-0.1185410334346505,0.13171225937183384,-0.042553191489361764,-0.1185410334346505,0.13171225937183384,-0.01317122593718345,-0.1185410334346505,0.13171225937183384,-0.003039513677811523,-0.1185410334346505,0.13171225937183384,0.0942249240121582,-0.1185410334346505,0.13171225937183384
XTZ,1714435200,0.010940919037199182,-0.05032822757111599,0.08643326039387311,0.024070021881838155,-0.05032822757111599,0.08643326039387311,0.06564551422319465,-0.05032822757111599,0.08643326039387311,0.05579868708971536,-0.05032822757111599,0.08643326039387311,0.05361050328227557,-0.05032822757111599,0.08643326039387311,0.028446389496717517,-0.05032822757111599,0.08643326039387311,0.00875273522975939,-0.05032822757111599,0.08643326039387311
XTZ,1733702400,-0.010452961672474004,-0.13379790940766545,0.22369337979094062,0.02996515679442502,-0.13379790940766545,0.22369337979094062,0.029268292682926855,-0.13379790940766545,0.22369337979094062,0.02857142857142847,-0.13379790940766545,0.22369337979094062,-0.019512195121951237,-0.13379790940766545,0.22369337979094062,0.04738675958188132,-0.13379790940766545,0.22369337979094062,0.015331010452961591,-0.13379790940766545,0.22369337979094062
XTZ,1753228800,-0.004550625711035261,-0.03868031854379983,0.16723549488054612,0.018202502844141044,-0.04778156996587035,0.16723549488054612,0.021615472127417545,-0.04778156996587035,0.16723549488054612,0.025028441410694047,-0.04778156996587035,0.16723549488054612,-0.020477815699658675,-0.04778156996587035,0.16723549488054612,-0.03185437997724694,-0.056882821387940874,0.16723549488054612,-0.055745164960182114,-0.10011376564277585,0.16723549488054612
XTZ,1763683200,-0.02409638554216864,-0.054216867469879526,0.04216867469879526,-0.02008032128514059,-0.054216867469879526,0.04216867469879526,0.012048192771084265,-0.054216867469879526,0.04216867469879526,0.02008032128514059,-0.054216867469879526,0.04216867469879526,0.02208835341365467,-0.054216867469879526,0.04216867469879526,0.02208835341365467,-0.054216867469879526,0.04216867469879526,0.012048192771084265,-0.054216867469879526,0.04216867469879526
XTZ,1770249600,0.09160305343511443,-0.09160305343511455,0.20356234096692094,0.07124681933842236,-0.09160305343511455,0.20356234096692094,0.045801526717557106,-0.09160305343511455,0.20356234096692094,0.045801526717557106,-0.09160305343511455,0.20356234096692094,0.020356234096692072,-0.09160305343511455,0.20356234096692094,0.0025445292620864812,-0.09160305343511455,0.20356234096692094,0.01781170483460559,-0.09160305343511455,0.20356234096692094
XTZ,1780617600,0.007818930041152417,-0.06131687242798356,0.14979423868312747,0.010699588477366406,-0.06131687242798356,0.14979423868312747,0.012757201646090621,-0.06131687242798356,0.14979423868312747,-0.023045267489711918,-0.06131687242798356,0.14979423868312747,-0.06584362139917688,-0.07613168724279828,0.14979423868312747,-0.03539094650205765,-0.07613168724279828,0.14979423868312747,-0.03786008230452664,-0.07613168724279828,0.14979423868312747
XTZ,1789430400,0.014847512038523414,-0.03892455858748001,0.11115569823434979,0.020465489566613204,-0.03892455858748001,0.11115569823434979,0.1837881219903692,-0.03892455858748001,0.18579454253611538,0.4686998394863562,-0.03892455858748001,0.595505617977528,0.401685393258427,-0.03892455858748001,0.595505617977528,0.3615569823434992,-0.03892455858748001,0.595505617977528,0.3924558587479934,-0.03892455858748001,0.595505617977528
