t,c,oi,sv,sbv,vol_ratio,er30,doi30,oi_pct,vol_state,dir_state,mkt_C,regime
1761926400,233.53,355453.2,60977,33825,,,,,na,rotation,False,warmup
1761940800,228.39,354201.6,34966,20122,,,,,na,rotation,False,warmup
1761955200,228.02,352392.3,16923,8090,,,,,na,rotation,False,warmup
1761969600,226.46,350398.4,8515,4277,,,,,na,rotation,False,warmup
1761984000,225.2,347904.4,6356,3194,,,,,na,rotation,False,warmup
1761998400,222.65,344538.0,19342,12819,,,,,na,rotation,False,warmup
1762012800,223.32,343023.0,5300,2345,,,,,na,rotation,False,warmup
1762027200,222.84,342900.2,6688,2776,,,,,na,rotation,False,warmup
1762041600,222.51,343994.2,5878,2533,,,,,na,rotation,False,warmup
1762056000,225.9,341488.1,5962,2994,,,,,na,rotation,False,warmup
1762070400,223.73,341603.1,11286,6013,,,,,na,rotation,False,warmup
1762084800,220.14,343989.3,13527,6728,,,,,na,rotation,False,warmup
1762099200,224.87,416086.0,64650,35532,,,,,na,rotation,False,warmup
1762113600,231.24,417917.6,13013,7049,,,,,na,rotation,False,warmup
1762128000,216.77,415494.4,50716,21579,,,,,na,rotation,False,warmup
1762142400,211.91,413955.8,26108,12948,,,,,na,rotation,False,warmup
1762156800,213.91,413114.3,25064,12678,,,,,na,rotation,False,warmup
1762171200,200.36,409358.0,65798,35714,,,,,na,rotation,False,warmup
1762185600,202.69,405424.3,36128,18306,,,,,na,rotation,False,warmup
1762200000,199.57,398382.4,24321,10897,,,,,na,rotation,False,warmup
1762214400,204.51,400242.7,20681,10278,,,,,na,rotation,False,warmup
1762228800,193.5,410769.6,64770,25618,,,,,na,rotation,False,warmup
1762243200,197.62,415425.9,29753,15130,,,,,na,rotation,False,warmup
1762257600,199.72,414383.3,41005,18896,,,,,na,rotation,False,warmup
1762272000,185.96,430110.3,67399,33279,,,,,na,rotation,False,warmup
1762286400,188.02,419762.3,117629,57866,,,,,na,rotation,False,warmup
1762300800,198.6,476420.8,87576,47058,,,,,na,rotation,False,warmup
1762315200,198.09,479250.0,28324,14162,,,,,na,rotation,False,warmup
1762329600,197.96,481405.8,24912,13447,,,,,na,rotation,False,warmup
1762344000,199.82,474563.0,30514,18445,,,,,na,rotation,False,warmup
1762358400,203.22,461058.8,65570,24881,,0.23789341495957939,0.297101278030413,,na,rotation,False,warmup
1762372800,201.9,457053.3,11954,5823,,0.21433772958977257,0.2903761586621856,,na,rotation,False,warmup
1762387200,204.56,460207.8,21850,11316,,0.18636796949475704,0.30595305289020214,,na,rotation,False,warmup
1762401600,199.54,457845.3,29245,15080,,0.20813360136075476,0.30664209653925356,,na,rotation,False,warmup
1762416000,200.27,457566.1,18803,7168,,0.19354087415573312,0.3152064187748127,,na,rotation,False,warmup
1762430400,195.15,458437.7,38141,16067,,0.2093164865276298,0.3305867567583256,,na,rotation,False,warmup
1762444800,198.91,460503.3,36768,16567,,0.18152747824793633,0.3424851977855712,,na,rotation,False,warmup
1762459200,197.16,467974.3,30789,17530,,0.18918520701340802,0.36475365135395066,,na,rotation,False,warmup
1762473600,198.68,473092.0,37301,17471,,0.17403052654641046,0.37529062990015527,,na,rotation,False,warmup
1762488000,202.47,472284.3,17242,8369,,0.17061093715866896,0.38301832479667675,,na,rotation,False,warmup
1762502400,193.6,482694.7,42875,17500,,0.2091925293341665,0.41302786772134104,,na,rotation,False,warmup
1762516800,198.59,497016.2,57846,29582,,0.1481812555868802,0.44485947673372417,,na,rotation,False,warmup
1762531200,210.41,488853.8,73083,42081,,0.09480723839496467,0.17488644174521606,,na,rotation,False,warmup
1762545600,207.99,479285.2,19916,9956,,0.15649188934508992,0.14684138691454973,,na,rotation,False,warmup
1762560000,207.27,474314.8,24135,13134,,0.07046432280077143,0.1415672509665593,,na,rotation,False,warmup
1762574400,205.89,472117.9,27167,13345,,0.04583523679001075,0.1405031648306414,,na,rotation,False,warmup
1762588800,205.3,473484.5,14238,6802,,0.06626645116601239,0.146134374917547,,na,rotation,False,warmup
1762603200,199.37,465866.7,24915,11805,,0.008094186902134,0.1380422515255595,,na,rotation,False,warmup
1762617600,201.2,470492.9,422944,210313,,0.012232164846892782,0.16049506652659962,,na,rotation,False,warmup
1762632000,202.69,469107.9,9177,5170,,0.025961058412381475,0.17753168814686582,,na,rotation,False,warmup
1762646400,197.5,470606.7,13335,6813,,0.058208087685792526,0.1758033313287164,,na,rotation,False,warmup
1762660800,200.23,473258.9,17733,7670,,0.06000891662951398,0.1521273726195902,,na,rotation,False,warmup
1762675200,202.2,473603.2,14644,7503,,0.04163636363636351,0.14004254429008878,,na,rotation,False,warmup
1762689600,208.03,468197.5,29519,16587,,0.07306779213927728,0.12986575472515427,,na,rotation,False,warmup
1762704000,213.75,467977.9,50745,27881,,0.2629387832339862,0.08804160235176894,,na,rotation,False,warmup
1762718400,212.17,466336.6,16270,8057,,0.22954091816367247,0.11095398514826127,,na,rotation,False,warmup
1762732800,219.88,463424.2,63643,26608,,0.2079343365253078,-0.0272796653714531,,na,rotation,False,warmup
1762747200,220.07,466610.9,17712,9708,,0.2154479513820818,-0.026372665623369818,,na,rotation,False,warmup
1762761600,223.95,478432.7,30747,16173,,0.24572184929564128,-0.006175870751868762,,na,rotation,False,warmup
1762776000,219.09,477519.9,47942,17270,,0.1771628206306887,0.006230784953736412,,na,rotation,False,warmup
1762790400,221.4,474655.8,21799,13197,,0.16883358098068357,0.029490815488176336,,na,rotation,False,warmup
1762804800,228.23,476710.1,40548,23876,,0.23261772241364065,0.0430076754724229,,na,rotation,False,warmup
1762819200,230.08,472955.7,45394,22175,,0.22708667022601892,0.027700312771752333,,na,rotation,False,warmup
1762833600,216.54,431581.8,36479,17822,,0.14061207609594703,-0.05736326221979349,,na,rotation,False,warmup
1762848000,218.6,429796.7,13434,7355,,0.1499631841610078,-0.06068937362273985,,na,rotation,False,warmup
1762862400,214.34,422927.7,33074,14977,,0.1581115596934992,-0.0774587255803787,,na,rotation,False,warmup
1762876800,211.58,424585.3,13296,6586,,0.10525878541164754,-0.07799726950925212,,na,rotation,False,warmup
1762891200,207.6,427576.7,15299,7384,,0.08515497553017941,-0.08632439858342644,,na,rotation,False,warmup
1762905600,212.21,426374.2,16860,8533,,0.10764579521043836,-0.09874992601861787,,na,rotation,False,warmup
1762920000,208.31,423940.7,8862,4911,,0.04642289348171702,-0.10236122606658737,,na,rotation,False,warmup
1762934400,217.63,418133.8,22448,10127,,0.1903366336633663,-0.13375100244523097,,na,rotation,False,warmup
1762948800,207.49,387802.2,75147,23024,,0.0677321156773212,-0.21973931634421573,,na,rotation,False,warmup
1762963200,204.87,389663.7,23979,12651,,0.045335515548281434,-0.20290340383975736,,na,rotation,False,warmup
1762977600,205.01,391782.2,10393,5208,,0.024849899933289007,-0.18256979351751312,,na,rotation,False,warmup
1762992000,209.12,390441.9,16551,8882,,0.01500283837482762,-0.17682960767827605,,na,rotation,False,warmup
1763006400,213.9,387985.2,16071,8272,,0.06321521584721031,-0.17820273283431953,,na,rotation,False,warmup
1763020800,213.43,388422.4,9863,4650,,0.06422308239197404,-0.17965128742334746,,na,rotation,False,warmup
1763035200,208.35,396143.0,21920,11653,,0.07141721011611252,-0.14966448557065792,,na,rotation,False,warmup
1763049600,192.32,403171.6,70205,37227,,0.06345576675718159,-0.14308675008698335,,na,rotation,False,warmup
1763064000,198.64,417222.6,36707,18609,,0.027975409269876426,-0.11060419148771539,,na,rotation,False,warmup
1763078400,192.95,430689.6,111616,72836,,0.03132098850416473,-0.0848205093552642,,na,rotation,False,warmup
1763092800,185.67,427297.1,105090,64345,,0.09718328661059937,-0.0971176664612119,,na,rotation,False,warmup
1763107200,179.85,405560.3,68547,21595,,0.14544153055248252,-0.14367069310342506,,na,rotation,False,warmup
1763121600,179.03,372777.5,113035,58430,,0.19507601237723662,-0.20380288233064037,,na,rotation,False,warmup
1763136000,180.35,370495.2,51441,25733,,0.23152641064744212,-0.20830620420323265,,na,rotation,False,warmup
1763150400,173.81,360507.4,52214,21350,,0.2570700978421122,-0.2269373667003618,,na,rotation,False,warmup
1763164800,178.95,360283.4,26185,13422,,0.2790998977156496,-0.22256239531729238,,na,rotation,False,warmup
1763179200,179.17,361085.2,11832,5576,,0.27883828742841565,-0.22615352534627886,,na,rotation,False,warmup
1763193600,178.32,357505.3,16408,8478,,0.31764705882352945,-0.2527573888657695,,na,rotation,False,warmup
1763208000,178.98,354988.4,15532,7166,,0.28762997490139847,-0.2565997773077101,,na,rotation,False,warmup
1763222400,180.35,354771.4,15988,7955,,0.296368493249585,-0.2525712316166788,,na,rotation,False,warmup
1763236800,178.42,352106.0,12366,4945,,0.37280143701818724,-0.2613833858355423,,na,trend,False,warmup
1763251200,179.45,350027.3,11720,5836,,0.3812787107462913,-0.2599152521050069,,na,trend,False,warmup
1763265600,181.22,349902.7,8463,3812,,0.29185258634936373,-0.18925520028879805,,na,trend,False,warmup
1763280000,176.29,348616.0,15457,7264,,0.34151263217370253,-0.1888816270576298,,na,trend,False,warmup
1763294400,173.21,348939.8,23937,9776,,0.33518050688615436,-0.17494219461151406,,na,trend,False,warmup
1763308800,172.73,350485.4,64972,33044,,0.3225940380303913,-0.17452299926540082,,na,trend,False,warmup
1763323200,172.78,346843.8,29222,14112,,0.29888412017167376,-0.18881501260475608,,na,trend,False,warmup
1763337600,176.95,350484.4,17974,9004,,0.30380837497845964,-0.17798872445846858,,na,trend,False,warmup
1763352000,178.71,349700.8,11129,5190,,0.2598314606741573,-0.17511859559603504,,na,trend,False,warmup
1763366400,178.99,352163.4,13453,7190,,0.3684210526315788,-0.15777342085236823,,na,trend,False,warmup
1763380800,174.19,360857.7,67847,34445,,0.33453887884267636,-0.06948000810722577,,na,trend,False,warmup
1763395200,165.67,356416.9,56504,26407,,0.37177541729893787,-0.08532177875434632,,na,trend,False,warmup
1763409600,169.04,355494.5,24256,11688,,0.33100211649949374,-0.09262212525224478,,na,trend,False,warmup
1763424000,169.96,356060.0,36169,17997,,0.371255214258627,-0.08805894039548523,,na,trend,False,warmup
1763438400,171.06,356955.6,30936,14521,,0.4208251473477405,-0.07997624651661983,,na,trend,False,warmup
1763452800,171.68,353771.4,23233,11031,,0.4095144678764098,-0.08920958214562291,,na,trend,False,warmup
1763467200,176.0,357943.7,33295,16303,,0.31969562209704505,-0.09642805754487649,,na,trend,False,warmup
1763481600,177.93,356415.1,19536,9907,,0.1652313698472842,-0.11597171030896025,,na,rotation,False,warmup
1763496000,178.19,352400.6,15157,7931,,0.25237566333456724,-0.1553655051284375,,na,rotation,False,warmup
1763510400,175.44,353837.8,12038,6133,,0.22422845434754748,-0.17843895000018573,,na,rotation,False,warmup
1763524800,175.23,348694.4,17162,8236,,0.14700084483244144,-0.1839532727930987,,na,rotation,False,warmup
1763539200,174.22,349133.2,11163,5382,,0.08503247243618778,-0.1391336873949447,,na,rotation,False,warmup
1763553600,168.25,343978.3,28820,13968,,0.1510650224215246,-0.07725573566001165,,na,rotation,False,warmup
1763568000,164.62,346504.7,36695,16984,,0.21351975023754555,-0.06475252580870139,,na,rotation,False,warmup
1763582400,174.41,348007.1,36161,19218,,0.0078003120124804206,-0.03467418421924218,,na,rotation,False,warmup
1763596800,176.14,344171.6,21110,8934,,0.03822609168820569,-0.04471979558314387,,na,rotation,False,warmup
1763611200,178.52,345106.6,12728,6101,,0.008589929959032332,-0.04425160599215927,,na,rotation,False,warmup
1763625600,177.76,345998.0,14861,5520,,0.007409367557554929,-0.03218777455886668,,na,rotation,False,warmup
1763640000,173.14,345214.5,29304,14603,,0.07342217752074423,-0.027533012346318997,,na,rotation,False,warmup
1763654400,163.81,359558.6,81753,40481,,0.18902857142857116,0.01349375964353361,,na,rotation,False,warmup
1763668800,164.55,356183.0,26831,13514,,0.16069980303556902,0.011578899535935161,,na,rotation,False,warmup
1763683200,163.26,348809.2,29092,14920,,0.18701628739748155,-0.0034800142731723493,,na,rotation,False,warmup
1763697600,156.13,353345.7,68485,40457,,0.2729250516697485,0.009839878343322228,,na,rotation,False,warmup
1763712000,152.91,356932.4,46247,21155,,0.2591443138993568,0.023855474218050787,,na,rotation,False,warmup
1763726400,152.5,358345.1,72059,33936,,0.23655054254711577,0.02695393302798932,,na,rotation,False,warmup
1763740800,156.56,367706.9,41122,20906,,0.17743882365850952,0.049136140906297365,,na,rotation,False,warmup
1763755200,157.72,364297.4,26015,13594,,0.16326973113616644,0.05032121087359798,,na,rotation,False,warmup
1763769600,159.18,358104.8,45054,23541,,0.1984809561040988,0.02174247983647759,,na,rotation,False,warmup
1763784000,158.88,357099.5,14010,6366,,0.22516180311116152,0.021157229265703847,,na,rotation,False,warmup
1763798400,157.05,353089.7,14726,6898,,0.24481142602097727,0.0026303130876177416,,na,rotation,False,warmup
1763812800,157.86,350426.4,14244,7176,,0.1907041924559147,-0.028906962495188537,,na,rotation,False,warmup
1763827200,159.17,348708.1,15739,8450,,0.08288701861769955,-0.021628604030841547,,na,rotation,False,warmup
1763841600,161.05,345210.7,15211,7992,,0.10386065254127098,-0.028928155006617495,,na,rotation,False,warmup
1763856000,163.86,348608.8,12111,6776,,0.07739152499365634,-0.02092681008818742,,na,rotation,False,warmup
1763870400,163.27,349927.9,11867,6157,,0.09947643979057577,-0.019687882750683672,,na,rotation,False,warmup
1763884800,163.37,350055.3,6056,3353,,0.1068260701889703,-0.010504240874191773,,na,rotation,False,warmup
1763899200,164.9,352330.7,13299,6966,,0.14799999999999988,-0.015681237021352823,,na,rotation,False,warmup
1763913600,168.4,350865.0,34292,20444,,0.12446127726263548,-0.015572011399068053,,na,rotation,False,warmup
1763928000,167.35,343321.3,30902,14792,,0.140124095139607,-0.025764144555940005,,na,rotation,False,warmup
1763942400,172.05,345585.6,28766,15202,,0.0427436641028872,-0.023321985384263666,,na,rotation,False,warmup
1763956800,170.56,341014.2,22024,10748,,0.057947636183149076,-0.02202559031633433,,na,rotation,False,warmup
1763971200,170.72,341501.6,28290,11481,,0.043892651116127376,-0.021858706075503664,,na,rotation,False,warmup
1763985600,171.23,340570.7,23206,11610,,0.04011847065158841,-0.009906438865474931,,na,rotation,False,warmup
1764000000,177.7,330888.2,30352,16662,,0.16960580912863035,-0.04506865274843319,,na,rotation,False,warmup
1764014400,178.41,329110.1,20476,9943,,0.0587889476778365,-0.054300616280529956,,na,rotation,False,warmup
1764028800,178.08,330537.2,16762,7950,,0.029111644657863506,-0.039615122223913835,,na,rotation,False,warmup
1764043200,178.74,334476.5,17024,7405,,0.0033887861983980085,-0.030802366573110973,,na,rotation,False,warmup
1764057600,177.32,332588.8,26500,12432,,0.006709362610551959,-0.03875513731293245,,na,rotation,False,warmup
1764072000,176.1,333628.8,18983,9939,,0.04760373110324873,-0.033560873022425275,,na,rotation,False,warmup
1764086400,177.63,330092.6,12573,6354,,0.25413755057006215,-0.08195048039457264,,na,rotation,False,warmup
1764100800,178.89,330389.7,7729,3700,,0.2612021857923491,-0.07241586487844731,,na,rotation,False,warmup
1764115200,176.85,332073.1,12348,4347,,0.2442048517520216,-0.047980672528132984,,na,rotation,False,warmup
1764129600,178.51,331211.1,7817,3957,,0.4459944200876842,-0.06264290183805843,,na,trend,False,warmup
1764144000,176.53,331159.1,8246,3189,,0.48263179403351053,-0.0722077906068489,,na,trend,False,warmup
1764158400,177.61,328913.9,10948,5195,,0.506147954041524,-0.08213088444630601,,na,trend,False,warmup
1764172800,187.49,321646.7,31308,18173,,0.5580010824463287,-0.1252633551342115,,na,trend,False,warmup
1764187200,185.67,326365.6,30380,10476,,0.4983062934569437,-0.10412316969596835,,na,trend,False,warmup
1764201600,185.52,323842.9,15394,8803,,0.4808324205914568,-0.095675623448778,,na,trend,False,warmup
1764216000,185.83,323660.2,10153,4433,,0.49187807994159555,-0.09364140806693932,,na,trend,False,warmup
1764230400,182.99,323435.3,34188,18458,,0.46487455197132604,-0.08398545751971809,,na,trend,False,warmup
1764244800,185.17,320705.4,16261,5350,,0.47769809340563196,-0.08481381539747002,,na,trend,False,warmup
1764259200,186.74,318815.5,12949,5217,,0.4800626850078357,-0.08572384753895879,,na,trend,False,warmup
1764273600,185.85,318233.6,10875,6296,,0.4394046775336636,-0.07814676659790687,,na,trend,False,warmup
1764288000,186.32,316184.5,21700,14248,,0.4151571164510161,-0.09301056083495307,,na,trend,False,warmup
1764302400,184.88,319190.1,7814,4148,,0.3932666060054591,-0.08784038083273737,,na,trend,False,warmup
1764316800,185.52,316553.1,9484,4545,,0.3991710218057306,-0.09570544996747665,,na,trend,False,warmup
1764331200,185.91,320371.7,18166,8702,,0.3865685372585093,-0.09070739506946168,,na,trend,False,warmup
1764345600,186.3,317015.3,14727,7182,,0.3493364558938328,-0.0964749975061634,,na,trend,False,warmup
1764360000,185.18,314499.4,4908,2346,,0.34749561488988506,-0.08395022388648754,,na,trend,False,warmup
1764374400,183.96,313122.1,4401,1944,,0.24900689943550058,-0.09393765249477992,,na,trend,False,warmup
1764388800,183.83,316692.1,5466,2414,,0.2855605767161612,-0.0713228364097449,,na,trend,False,warmup
1764403200,183.97,316551.2,3861,1801,,0.2852529601722283,-0.07306085828001962,,na,trend,False,warmup
1764417600,183.77,317020.3,4773,2404,,0.27178153446033865,-0.06914981235907847,,na,trend,False,warmup
1764432000,182.96,312973.0,12315,6492,,0.1299407114624511,-0.05414275879284913,,na,rotation,False,warmup
1764446400,181.98,312235.5,8344,4576,,0.08760736196319002,-0.051273418834608786,,na,rotation,False,warmup
1764460800,189.87,346844.8,15673,8669,,0.2440488511695298,0.04933665560185041,,na,rotation,False,warmup
1764475200,185.41,351258.0,16820,9048,,0.12799846478602922,0.05017243363883561,,na,rotation,False,warmup
1764489600,177.65,328618.5,30849,13905,,0.005645851154833403,-0.01193756374237498,,na,rotation,False,warmup
1764504000,180.15,330411.2,23946,10895,,0.067805123053742,-0.009644251335616083,,na,rotation,False,warmup
1764518400,180.21,329517.4,9608,4711,,0.04428424304840391,-0.001742541335370551,,na,rotation,False,warmup
1764532800,177.32,321979.1,12316,4066,,0.02621472699949895,-0.025456604730716537,,na,rotation,False,warmup
1764547200,166.78,320469.6,58854,27672,,0.1472437490861235,-0.03494260751623668,,na,rotation,False,warmup
1764561600,166.41,315788.2,20457,12497,,0.1803278688524588,-0.046565166445206585,,na,rotation,False,warmup
1764576000,167.89,314255.9,16413,6767,,0.12972972972972985,-0.05104253514398349,,na,rotation,False,warmup
1764590400,164.53,310309.0,30840,15242,,0.18989547038327537,-0.056564651113862996,,na,rotation,False,warmup
1764604800,164.3,313413.5,26474,16133,,0.39152456525409407,-0.025597029287102946,,na,trend,False,warmup
1764619200,171.28,315193.0,23158,14035,,0.22348190712843594,-0.03423338734229331,,na,trend,False,warmup
1764633600,169.31,314754.9,23473,13811,,0.24482706539797622,-0.02806298980153643,,na,trend,False,warmup
1764648000,168.8,312266.9,8860,3529,,0.2564372835416353,-0.035201424209711285,,na,trend,False,warmup
1764662400,170.55,310118.6,16291,8718,,0.19044703000612367,-0.04117268585092604,,na,rotation,False,warmup
1764676800,184.0,300371.0,47860,24838,,0.015276145710928156,-0.06340523109370788,,na,rotation,False,warmup
1764691200,187.12,303195.4,32594,17388,,0.004863066291272019,-0.048994167473036865,,na,rotation,False,warmup
1764705600,189.78,303548.9,20412,11078,,0.04918032786885256,-0.04614440461346614,,na,rotation,False,warmup
1764720000,190.3,300559.7,22189,12404,,0.049774887443722104,-0.04941671713825313,,na,rotation,False,warmup
1764734400,193.42,296286.8,32634,21027,,0.1046055854973052,-0.07175441844844177,,na,rotation,False,warmup
1764748800,192.46,295740.7,18155,10603,,0.08467545143972675,-0.06574694735259257,,na,rotation,False,warmup
1764763200,192.84,292354.1,26653,13267,,0.0845637583892619,-0.08745341738986323,,na,rotation,False,warmup
1764777600,195.42,295034.7,12987,7291,,0.10839077727596846,-0.06933608567157479,,na,rotation,False,warmup
1764792000,197.74,291778.5,22967,12966,,0.1471760018748537,-0.07224465293097548,,na,rotation,False,warmup
1764806400,197.55,287605.3,13855,5892,,0.1611908433163328,-0.08149153317507762,,na,rotation,False,warmup
1764820800,193.13,281805.0,16745,5699,,0.10496613995485315,-0.11016094181067349,,na,rotation,False,warmup
1764835200,194.26,281999.3,6846,2313,,0.11485656881348363,-0.10915106308237033,,na,rotation,False,warmup
1764849600,195.54,285217.2,10628,5366,,0.12981140399250013,-0.1003188123915092,,na,rotation,False,warmup
1764864000,190.41,284521.1,18421,11594,,0.0784293083482471,-0.09090848092327464,,na,rotation,False,warmup
1764878400,190.42,282534.6,4513,2481,,0.089768134439481,-0.09512339243936074,,na,rotation,False,warmup
1764892800,191.93,282869.4,6149,3195,,0.0235052487448654,-0.18444964433660238,,na,rotation,False,warmup
1764907200,191.77,282298.9,4481,2483,,0.07631389488840917,-0.19632036850406243,,na,rotation,False,warmup
1764921600,189.2,283896.7,8448,3422,,0.147792706333973,-0.13609032966798884,,na,rotation,False,warmup
1764936000,188.43,287229.3,23492,11175,,0.10834859984297315,-0.13069139302783928,,na,rotation,False,warmup
1764950400,184.37,289613.3,26622,12365,,0.051728425764735145,-0.12109861269844946,,na,rotation,False,warmup
1764964800,183.37,286937.8,6497,2907,,0.07704062141856638,-0.10883097691744581,,na,rotation,False,warmup
1764979200,183.73,285154.7,3540,1893,,0.2479882955376739,-0.11019734789196844,,na,rotation,False,warmup
1764993600,183.28,283973.9,3084,1682,,0.24652930001461393,-0.10074568967428166,,na,rotation,False,warmup
1765008000,184.5,283649.5,4067,1777,,0.24365556696494114,-0.09739323907681607,,na,rotation,False,warmup
1765022400,187.22,287295.7,9244,4666,,0.33599881534133014,-0.07416252831854697,,na,rotation,False,warmup
1765036800,187.03,284036.7,13288,8165,,0.3367906356497261,-0.09373176330949362,,na,rotation,False,warmup
1765051200,187.31,282713.8,3869,1763,,0.26369468662609014,-0.1030454356537106,,na,rotation,False,warmup
1765065600,189.98,288328.6,12585,8371,,0.3361522198731503,-0.08395834346026076,,na,rotation,False,warmup
1765080000,189.47,287542.3,12864,4967,,0.3361522198731503,-0.07917778028987388,,na,rotation,False,warmup
1765094400,188.6,284753.4,6655,3423,,0.2978056426332289,-0.08179193379565097,,na,rotation,False,warmup
1765108800,188.11,281189.6,30728,17456,,0.08625393494228795,-0.06385902766911589,,na,rotation,False,warmup
1765123200,193.75,282126.6,19488,10033,,0.13215068766194954,-0.06948918090445977,,na,rotation,False,warmup
1765137600,187.39,284488.3,15667,7573,,0.044366066456283985,-0.06279251876715752,,na,rotation,False,warmup
1765152000,189.99,286322.5,12255,6513,,0.005540661304736419,-0.04736895864615254,,na,rotation,False,warmup
1765166400,193.02,284837.0,7299,3799,,0.007160759040457887,-0.03864431355024922,,na,rotation,False,warmup
1765180800,197.13,283638.2,13898,8203,,0.07913912896119285,-0.04092267313900322,,na,rotation,False,warmup
1765195200,192.61,290188.6,40374,16023,,0.003642121931907996,-0.007407113496954554,,na,rotation,False,warmup
1765209600,191.27,288496.2,18208,8636,,0.06703278953319301,-0.02216179995098877,,na,rotation,False,warmup
1765224000,191.42,283855.0,9135,4625,,0.10579176431201924,-0.02715587337655101,,na,rotation,False,warmup
1765238400,190.42,288414.2,12574,6408,,0.11775392237820037,0.0028125350958414508,,na,rotation,False,warmup
1765252800,190.11,289999.5,9298,3465,,0.05350815024805081,0.029078618193431716,,na,rotation,False,warmup
1765267200,188.65,291519.7,5223,2323,,0.0988197991897128,0.033760367490274,,na,rotation,False,warmup
1765281600,196.3,280086.1,31090,14339,,0.012036743744061142,-0.01799014926168563,,na,rotation,False,warmup
1765296000,204.8,281663.6,58273,29016,,0.21635844233949836,-0.010043191875751867,,na,rotation,False,warmup
1765310400,202.29,282655.6,29628,12538,,0.1720040573829882,0.00042826613094471,,na,rotation,False,warmup
1765324800,200.32,277748.1,16556,6376,,0.12077155606736717,-0.018104821518340475,,na,rotation,False,warmup
1765339200,200.17,271214.6,15449,6463,,0.12093291102792955,-0.03926441087797383,,na,rotation,False,warmup
1765353600,197.42,265321.5,23965,11759,,0.11803561171740394,-0.06542943260700107,,na,rotation,False,warmup
1765368000,198.04,265947.6,15215,6305,,0.1382932796085767,-0.07409306780331959,,na,rotation,False,warmup
1765382400,202.7,262290.4,37652,17508,,0.26152090169781717,-0.09434269765925796,,na,rotation,False,warmup
1765396800,196.81,264981.3,33118,15301,,0.17924779941317703,-0.07652006811232259,,na,rotation,False,warmup
1765411200,187.51,266530.1,20281,8955,,0.045042897998093474,-0.06531402077538973,,na,rotation,False,warmup
1765425600,189.43,264319.0,11356,6153,,0.07202248506850929,-0.06921375520778505,,na,rotation,False,warmup
1765440000,190.13,267728.0,7469,3667,,0.06633675032402497,-0.056130893937764714,,na,rotation,False,warmup
1765454400,190.8,267641.0,16481,8136,,0.043226273846897055,-0.06841278863554179,,na,rotation,False,warmup
1765468800,193.7,268182.6,13253,6892,,0.07798433298257912,-0.05581708279247022,,na,rotation,False,warmup
1765483200,202.33,266982.9,27323,15324,,0.15999147848317016,-0.05564249074505723,,na,rotation,False,warmup
1765497600,204.36,278024.7,24375,14575,,0.1542256542256545,-0.03573665602371723,,na,rotation,False,warmup
1765512000,204.27,273974.2,9849,5264,,0.15944839474251252,-0.047186448741628584,0.048,na,rotation,False,warmup
1765526400,205.66,275779.5,13940,7180,,0.18277265909577894,-0.03151463687527534,0.052,na,rotation,False,warmup
1765540800,192.76,272847.4,47772,25072,,0.043971631205673545,-0.029667526821759993,0.048,na,rotation,False,warmup
1765555200,191.13,270072.3,37998,18849,,0.025751916650285082,-0.04272656318121015,0.044,na,rotation,False,warmup
1765569600,191.25,267603.1,11181,5086,,0.04041884816753941,-0.05935288024147223,0.032,na,rotation,False,warmup
1765584000,194.28,265525.0,6785,4130,,0.044720108412383955,-0.072636624784989,0.02,na,rotation,False,warmup
1765598400,195.58,264952.6,5807,3923,,0.027176220806794084,-0.06980975083995411,0.012,na,rotation,False,warmup
1765612800,198.95,263763.6,17015,8919,,0.01947357158142514,-0.07007025146824386,0.008,na,rotation,False,warmup
1765627200,198.38,264420.3,8398,4187,,0.0644620712769521,-0.08879845727916258,0.016,na,rotation,False,warmup
1765641600,197.89,263870.2,4910,2441,,0.07466726821565504,-0.0853598764905742,0.012,na,rotation,False,warmup
1765656000,197.41,265971.8,6980,3693,,0.06731093381278805,-0.06300118018002154,0.044,na,rotation,False,warmup
1765670400,195.92,267613.9,6104,3605,,0.061466249441215905,-0.07211954196429993,0.06,na,rotation,False,warmup
1765684800,194.52,268331.7,9615,4778,,0.04869161974163625,-0.07471668054600089,0.076,na,rotation,False,warmup
1765699200,193.51,268756.9,10094,5357,,0.053928095872170255,-0.07808323073878021,0.08,na,rotation,False,warmup
1765713600,191.41,270545.3,9588,4570,,0.05782192266761279,-0.034063811092374774,0.088,na,rotation,False,warmup
1765728000,189.86,268332.3,10667,4830,,0.19247616593661424,-0.04733057448672806,0.08,na,rotation,False,warmup
1765742400,188.49,268073.3,14241,5972,,0.18043933054393285,-0.05159034528238604,0.072,na,rotation,False,warmup
1765756800,193.08,268854.1,13856,7695,,0.09152970922882403,-0.0320218212113782,0.092,na,rotation,False,warmup
1765771200,194.71,266922.3,8089,4570,,0.06775874906924771,-0.015826212895618363,0.052,na,rotation,False,warmup
1765785600,195.49,266230.6,7058,3453,,0.02455158376796818,0.0034264090923652457,0.048,na,rotation,False,warmup
1765800000,184.43,268634.1,37439,17635,0.9522406989429951,0.15283548568220087,0.010101614002156811,0.096,normal,rotation,False,A
1765814400,183.37,284850.0,33686,18060,0.9568684284518965,0.22621416032767686,0.08601001027868338,0.224,normal,rotation,False,A
1765828800,192.8,280458.2,42912,23043,0.9106767546636891,0.045061242836273635,0.05840751781352127,0.144,normal,rotation,False,A
1765843200,186.88,281193.9,15744,6862,0.9657281619061844,0.007358953393295122,0.05501742579918756,0.152,normal,rotation,False,A
1765857600,186.75,282580.0,10038,5169,0.9696037620423115,0.03197327606776434,0.06908697445132583,0.18,normal,rotation,False,A
1765872000,188.06,286066.6,6023,3057,0.9583967735405634,0.024517351652256224,0.06849713141696046,0.248,normal,rotation,False,A
1765886400,189.35,283607.3,17500,8441,0.9606015876905297,0.01704879482657281,0.05965565813907436,0.196,normal,rotation,False,A
1765900800,185.27,267016.5,25101,12100,0.9627340572701218,0.09776179983764327,-0.004348156815542792,0.064,normal,rotation,False,A
1765915200,186.11,265846.4,16646,10962,0.970814616866659,0.20678225395206534,-0.004256826935358005,0.04,normal,rotation,False,A
1765929600,186.35,265831.1,6790,3068,0.973811307596428,0.23496412263535593,-0.04385797376995648,0.04,normal,rotation,False,A
1765944000,185.29,264732.5,8089,4477,0.9772052439490093,0.24452460706003648,-0.03373200834239143,0.024,normal,rotation,False,A
1765958400,184.05,266126.4,7796,3595,0.9807637707374239,0.27894668904091907,-0.035002964324759356,0.06,normal,rotation,False,A
1765972800,182.95,264359.6,37064,17959,0.9814117189262987,0.1493832800365465,-0.0311082311944334,0.02,normal,rotation,False,A
1765987200,179.91,270907.0,34675,18952,0.993527476530771,0.16726296958855108,0.0030906538730555155,0.14,normal,rotation,False,A
1766001600,179.9,271025.4,11611,6392,0.9931363769401211,0.16947887113632976,0.012788715825788444,0.144,normal,rotation,False,A
1766016000,177.91,269055.9,7523,3407,0.9962277817627455,0.24829364477476137,0.01329780623293475,0.132,normal,rotation,False,A
1766030400,177.13,270846.0,7662,3612,0.9971532564917419,0.2820669622381904,0.022243223882309593,0.144,normal,rotation,False,A
1766044800,176.77,268764.7,17482,6958,0.9525989272861007,0.3554487179487179,0.018960538906809044,0.128,normal,trend,False,B
1766059200,183.12,262483.3,36427,17919,1.033774322946586,0.22381930184804932,-0.007325458748817737,0.008,normal,trend,False,B
1766073600,169.77,267114.1,36446,17367,1.2820902523922542,0.34698914116485685,0.012293544325960193,0.092,normal,trend,False,B
1766088000,173.46,268514.9,16784,9211,1.181114866514965,0.28427299703264103,0.009561539982810396,0.128,normal,trend,False,B
1766102400,178.33,267213.1,17963,10135,1.224116683692407,0.20073034348967234,-0.001497680053241024,0.096,normal,rotation,False,A
1766116800,181.99,263991.7,16071,10323,1.112287365347158,0.13939259094448778,-0.01617401149398301,0.02,normal,rotation,False,A
1766131200,181.41,265319.1,7590,3310,1.0671181115288433,0.13525598032640287,-0.012791485539534242,0.048,normal,rotation,False,A
1766145600,183.1,269914.5,19593,9627,1.073148760791792,0.09331836047164521,-0.0023315873533932274,0.164,normal,rotation,False,A
1766160000,185.28,273661.6,19564,9361,1.0785736253486915,0.05107047279215002,0.019860821824282837,0.196,normal,rotation,False,A
1766174400,181.53,276577.3,15946,8108,1.0944016963983816,0.07560286769498165,0.03172266689744929,0.208,normal,rotation,False,A
1766188800,181.42,271192.3,9600,4766,1.0723776958466618,0.1331354190454445,0.008696910331663199,0.188,normal,rotation,False,A
1766203200,182.25,271452.8,5077,3163,1.0724026985685184,0.1435814703848814,0.016973104158026553,0.196,normal,rotation,False,A
1766217600,182.09,270703.4,7466,3329,1.0720930884143591,0.1555246053853297,0.016800472973429903,0.176,normal,rotation,False,A
1766232000,182.08,268897.5,7233,3831,1.0709410248624207,0.03128744508054846,0.000980515876428223,0.16,normal,rotation,False,A
1766246400,181.14,270454.4,3894,1805,1.0700802949251276,0.029737298306441097,-0.05053747586448998,0.176,normal,rotation,False,A
1766260800,179.8,270377.0,6331,3666,1.0710005903232738,0.1943198804185352,-0.03594546353075079,0.176,normal,rotation,False,A
1766275200,177.92,277676.6,6749,3901,1.062134718604748,0.14253897550111375,-0.01250845057449701,0.236,normal,rotation,False,A
1766289600,177.63,277682.0,7279,3855,1.0621778137276632,0.14471596318629018,-0.017333144596220484,0.24,normal,rotation,False,A
1766304000,177.97,275399.1,9199,5764,1.0559807943158983,0.16261079774375514,-0.037290267371304475,0.228,normal,rotation,False,A
1766318400,175.23,278562.4,13406,6951,1.0678774378620166,0.2223622047244095,-0.017788329143854753,0.256,normal,rotation,False,A
1766332800,176.54,280117.4,4902,2586,1.071003884599393,0.14375102914539792,0.04906400915299258,0.264,normal,rotation,False,A
1766347200,165.08,348253.0,131206,63067,1.2107680915779668,0.2947442186405046,0.30997824307570077,0.708,normal,rotation,False,A
1766361600,162.52,342209.0,54355,30049,0.9356017677547106,0.3234695262657795,0.28731739815243595,0.66,normal,rotation,False,A
1766376000,160.45,351840.9,33633,17389,0.9033761423993697,0.332619175147295,0.3290430906669941,0.784,normal,rotation,False,A
1766390400,159.02,346373.3,36632,18579,0.8335689370349993,0.3343128088687056,0.3015367885335689,0.696,compressed,rotation,False,A
1766404800,154.23,363368.9,120996,67762,0.820940200903252,0.365580448065173,0.3745250787185337,0.9,compressed,trend,False,B
1766419200,153.16,361739.7,74604,41782,0.8191600998964615,0.34926230578404477,0.33529107774992895,0.9,compressed,trend,False,B
1766433600,150.5,383433.3,64796,32111,0.8029445305970693,0.37102473498233207,0.4147504256058656,0.924,compressed,trend,False,B
1766448000,152.23,384312.7,55520,27458,0.8045508976933089,0.32514560648265384,0.42837492134534116,0.928,compressed,trend,False,B
1766462400,152.59,378189.4,31376,14347,0.8054192923186789,0.31237270875763723,0.39632632566107695,0.924,compressed,trend,False,B
1766476800,151.15,376492.5,17515,8246,0.8003382577281324,0.32169763937719725,0.40082570367313863,0.924,compressed,trend,False,B
1766491200,150.22,369893.6,41500,18646,0.786650047173615,0.44327674481271867,0.40920812866951906,0.916,compressed,trend,False,B
1766505600,150.75,365324.5,15567,7827,0.7943259482147993,0.30977198697068387,0.36767209218831964,0.912,compressed,trend,False,B
1766520000,150.71,361954.6,14043,7968,0.7951416476328961,0.39393939393939353,0.3479870204595721,0.904,compressed,trend,False,B
1766534400,149.79,366576.8,13263,5200,0.7956313816816151,0.5304832713754644,0.3718519039672832,0.92,compressed,trend,False,B
1766548800,147.4,363016.1,15651,7783,0.7985291812977541,0.6584808680753849,0.37510421729167986,0.908,compressed,trend,False,B
1766563200,148.95,364084.5,21964,10581,0.8278017759167405,0.6067289719626167,0.3722513757961641,0.916,compressed,trend,False,B
1766577600,148.22,356470.6,15285,6191,0.8254736415824813,0.6638751427483819,0.3206796967187757,0.852,compressed,trend,False,B
1766592000,148.23,356582.2,14904,6536,0.8259473219347485,0.7355568790946994,0.3030041481888581,0.856,compressed,trend,False,B
1766606400,148.64,356113.7,12172,4653,0.8354222229019624,0.6993408462683397,0.28757385367490396,0.84,compressed,trend,False,B
1766620800,150.46,357904.9,18430,8968,0.8517986843843725,0.6352072219942547,0.31974580399222274,0.88,normal,trend,False,B
1766635200,150.39,358191.2,6183,3402,0.524875054974829,0.6640266777824094,0.3195340037015644,0.892,compressed,trend,False,B
1766649600,149.94,356893.0,9844,4588,0.5113120782993176,0.6660451626268904,0.3183912725144935,0.864,compressed,trend,False,B
1766664000,153.52,348125.2,16222,7776,0.584400421146038,0.5509259259259256,0.29463903532015,0.716,compressed,trend,False,B
1766678400,152.69,346619.7,10526,4680,0.5814378099594767,0.5499710032862938,0.2816197480980158,0.704,compressed,trend,False,B
1766692800,148.99,340599.3,10613,4288,0.5470166998111774,0.5696062118691068,0.2597199465930904,0.652,compressed,trend,False,B
1766707200,152.35,333678.5,15935,7862,0.6034118696470251,0.4601403635054885,0.20168030003248383,0.644,compressed,trend,False,B
1766721600,152.61,336996.4,8411,4011,0.5702413122578195,0.45048613611811256,0.2136054911733567,0.652,compressed,trend,False,B
1766736000,153.92,345268.9,11344,6188,0.5648164708427889,0.4255883914351445,0.2537038065846986,0.7,compressed,trend,False,B
1766750400,154.63,339527.2,32978,17330,0.5678620122889901,0.3781204111600587,0.21885509314968554,0.656,compressed,trend,False,B
1766764800,155.13,342943.1,19200,8473,0.5578600911111453,0.39891932178125583,0.2242834611487896,0.68,compressed,trend,False,B
1766779200,154.23,341498.8,5730,1844,0.558738940885684,0.25168174437485547,-0.019394520650216962,0.672,compressed,trend,False,B
1766793600,155.87,342329.1,7569,3989,0.5687674141267818,0.15762028916804935,0.0003509551180711501,0.684,compressed,rotation,False,A
1766808000,156.65,342904.4,8525,4272,0.5704503579078751,0.0929095354523223,-0.025399264269731048,0.688,compressed,rotation,False,A
1766822400,156.73,342631.6,9055,4179,0.5642659638829907,0.057901390644753976,-0.01080250700616936,0.688,compressed,rotation,False,A
1766836800,156.55,340117.7,11784,5511,0.5252480994813387,0.06639954207212431,-0.06398786467416451,0.66,compressed,rotation,False,A
1766851200,156.02,339759.9,5963,2354,0.5239970003307202,0.08313953488372137,-0.06076137067620724,0.66,compressed,rotation,False,A
1766865600,157.01,340991.6,5535,3301,0.519334319113098,0.19890009165902836,-0.11068861259572393,0.676,compressed,rotation,False,A
1766880000,156.04,343663.2,4594,1962,0.5291613578819088,0.1191742258367221,-0.10577194040165727,0.716,compressed,rotation,False,A
1766894400,155.16,347964.2,10508,4290,0.538032784485816,0.0791012619267466,-0.07992080158777592,0.772,compressed,rotation,False,A
1766908800,154.95,349878.7,7932,3703,0.5272381240115677,0.12156110044785629,-0.07068879194140654,0.812,compressed,rotation,False,A
1766923200,154.75,350003.1,5637,3751,0.5294430247259344,0.14837864395676414,-0.053773571643304985,0.816,compressed,rotation,False,A
1766937600,153.15,348634.1,5818,2659,0.5454029515975598,0.07594936708860793,-0.045686506106215274,0.788,compressed,rotation,False,A
1766952000,153.54,347397.1,7543,3010,0.4746646205708836,0.08857589984350517,-0.0402191324547333,0.768,compressed,rotation,False,A
1766966400,157.39,341485.9,14781,7172,0.5466726641454129,0.21788990825688112,-0.0684465028883442,0.684,compressed,rotation,False,A
1766980800,153.96,347544.3,36674,19816,0.5309256865259117,0.18262806236080234,-0.04262014825237781,0.776,compressed,rotation,False,A
1766995200,151.86,351877.7,37509,14484,0.49695745455486334,0.07979160954209026,-0.03352738169298608,0.852,compressed,rotation,False,A
1767009600,151.06,351044.1,16168,8222,0.5018493809468138,0.07772304324028485,-0.015222854283074128,0.844,compressed,rotation,False,A
1767024000,149.55,353823.0,8524,4663,0.5027100778928124,0.03470031545741387,-0.007737907276358702,0.88,compressed,rotation,False,A
1767038400,149.38,357620.4,10964,4387,0.49742096515195444,0.01957671957671984,0.004230952080753969,0.92,compressed,rotation,False,A
1767052800,151.02,358587.3,6166,3425,0.5155851885115286,0.014885699096225493,0.001906651739051357,0.94,compressed,rotation,False,A
1767067200,150.89,354570.0,6021,3595,0.5127430688840968,0.013269639065817428,-0.010109684436691913,0.884,compressed,rotation,False,A
1767081600,149.95,348634.6,26136,15470,0.4956791395396167,0.00026198585276371273,-0.023139708540094728,0.804,compressed,rotation,False,A
1767096000,150.82,346175.4,9498,4803,0.4973014624200607,0.07614213197969602,-0.005600858541697007,0.756,compressed,rotation,False,A
1767110400,150.12,343126.6,8131,3510,0.4973668900331193,0.07274271157656378,-0.01007761532307605,0.716,compressed,rotation,False,A
1767124800,149.41,344555.0,9378,4651,0.4980695496472514,0.012987012987012622,0.011613940486665753,0.736,compressed,rotation,False,A
1767139200,149.43,349706.3,7695,3587,0.4986762663477175,0.10068965517241346,0.04803366114388541,0.828,compressed,rotation,False,A
1767153600,150.09,351959.5,8375,5029,0.4951063876012934,0.08571428571428621,0.04440136452496213,0.868,compressed,rotation,False,A
1767168000,149.59,352432.0,8523,4890,0.4960141032752564,0.15145155648828218,0.020746438500542475,0.872,compressed,rotation,False,A
1767182400,147.32,358648.3,15899,7759,0.5217285308709895,0.24245439469320093,0.05631684295102124,0.94,compressed,rotation,False,A
1767196800,144.28,361180.6,21662,10881,0.5667279623960578,0.33190578158458256,0.053179375820653574,0.944,compressed,rotation,False,A
1767211200,145.93,360513.7,18706,9315,0.6158831213435584,0.24820574162679399,0.055680722743388866,0.94,compressed,rotation,False,A
1767225600,146.08,358915.4,5846,2931,0.6325626139839385,0.3064162754303601,0.048451329437082746,0.932,compressed,rotation,False,A
1767240000,145.95,355598.1,6133,2347,0.6321962616194181,0.3418530351437707,0.037018189326237794,0.872,compressed,rotation,False,A
1767254400,146.25,357239.1,4965,1908,0.523314948186111,0.3324873096446696,0.04263325390886297,0.904,compressed,rotation,False,A
1767268800,146.43,363211.4,6266,3699,0.46735077105107936,0.3210659898477155,0.06789914197349911,0.956,compressed,rotation,False,A
1767283200,148.57,361796.5,7686,4414,0.49291217257200876,0.22487171747660767,0.06485933154560031,0.944,compressed,rotation,False,A
1767297600,148.83,361128.3,7026,3287,0.4914572896621777,0.252469135802468,0.05905336084525259,0.932,compressed,rotation,False,A
1767312000,150.76,358018.0,11346,6756,0.5046444992075766,0.15827338129496385,0.0417699654778283,0.9,compressed,rotation,False,A
1767326400,149.55,353595.8,8870,3796,0.5165847603028119,0.16651825467497716,0.01618442357001082,0.856,compressed,rotation,False,A
1767340800,150.63,348909.0,19307,11043,0.5057571536651915,0.12499999999999979,-0.0027715319623630164,0.796,compressed,rotation,False,A
1767355200,154.04,341693.2,25698,13370,0.5851063465371045,0.01879798782102218,-0.02374236113908701,0.696,compressed,rotation,False,A
1767369600,156.76,328851.6,24418,12352,0.618165729768194,0.09282591925944932,-0.056742871681226825,0.592,compressed,rotation,False,A
1767384000,165.12,354290.1,66342,32935,0.9054688381275531,0.24711907810499364,0.019841846693596565,0.876,normal,rotation,False,A
1767398400,165.05,354687.2,23831,12839,0.9011731999274839,0.17780872794800412,0.03865840434407386,0.88,normal,rotation,False,A
1767412800,161.68,351645.7,28578,12188,0.9552689309776992,0.1794514179451415,0.01180108550190595,0.84,normal,rotation,False,A
1767427200,158.42,337861.1,23518,10754,1.007425917319205,0.14848347668628248,-0.03983372632025284,0.66,normal,rotation,False,A
1767441600,159.75,344726.0,14683,8406,1.0098546636651244,0.1943636770297468,-0.017998023610138913,0.744,normal,rotation,False,A
1767456000,160.48,341916.8,4859,2764,1.0059508444843488,0.2488049169132701,-0.0336501584125396,0.708,normal,rotation,False,A
1767470400,163.03,339816.7,11643,4840,0.9830657404155667,0.2947527531850568,-0.04978379309457737,0.672,normal,rotation,False,A
1767484800,164.29,331684.2,9546,5139,0.9161147349752053,0.2889179185717388,-0.07502524489852258,0.636,normal,rotation,False,A
1767499200,161.48,321440.0,8438,3746,0.967843277751286,0.2178564081464718,-0.09343712101982682,0.564,normal,rotation,False,A
1767513600,164.07,315351.5,12721,6830,0.977897967862845,0.2809391165937125,-0.09546700184089585,0.512,normal,rotation,False,A
1767528000,164.49,305897.2,18201,7182,0.9747930531901411,0.2744428829552299,-0.1163519995932698,0.468,normal,rotation,False,A
1767542400,162.46,303485.6,12008,6862,1.0040399154674584,0.2412983965584667,-0.11552878733388783,0.464,normal,rotation,False,A
1767556800,164.1,305853.9,7031,3570,1.0028552356121927,0.2821202227770306,-0.11232198052560538,0.472,normal,rotation,False,A
1767571200,165.69,303249.6,18313,8184,0.996969417732338,0.3031319910514537,-0.13284490442408392,0.464,normal,rotation,False,A
1767585600,164.49,296570.0,21158,8653,1.0083463736236256,0.2657807308970099,-0.15737464111637844,0.452,normal,rotation,False,A
1767600000,166.03,296650.2,11548,5383,1.0035163808590808,0.2977182180369429,-0.1582767739592318,0.456,normal,rotation,False,A
1767614400,169.16,298211.4,24070,12202,1.0018350994726584,0.38944365192582026,-0.16851299727337332,0.46,normal,trend,False,B
1767628800,173.43,306001.7,28105,14535,1.0312806743015415,0.5086372360844528,-0.15277370932990297,0.496,normal,trend,False,B
1767643200,170.77,302633.9,20108,8587,1.048502727374071,0.4259259259259258,-0.1605481289615346,0.472,normal,trend,False,B
1767657600,173.13,297673.0,8064,3978,1.0412138152895747,0.4468858417313726,-0.1706318536345891,0.46,normal,trend,False,B
1767672000,171.55,297712.2,10795,4672,0.8245918004763597,0.413036463375283,-0.1627846155533451,0.464,compressed,trend,False,B
1767686400,174.65,297982.7,14408,6419,0.8502851736749064,0.43840691571472723,-0.16587322048454378,0.468,normal,trend,False,B
1767700800,172.75,300215.4,31983,13917,0.8097559931481008,0.39578947368421075,-0.1734416926340968,0.476,compressed,trend,False,B
1767715200,169.73,293358.2,19375,8429,0.7957259778853911,0.31403977441377273,-0.1891624158884898,0.44,compressed,trend,False,B
1767729600,176.15,298825.8,16459,8310,0.9110252190886616,0.3714985042153931,-0.17252178796289297,0.48,normal,trend,False,B
1767744000,172.08,298641.3,8730,4491,0.9848037236881064,0.28171247357293905,-0.16584836516599732,0.48,normal,trend,False,B
1767758400,173.4,296796.1,4430,2094,0.9719362817885299,0.31468531468531463,-0.16063454373609642,0.464,normal,trend,False,B
1767772800,171.95,297651.9,12787,6366,0.9811325714804313,0.2799369747899158,-0.14690678658332113,0.468,normal,trend,False,B
1767787200,166.86,296441.4,15213,6457,1.0408171440122427,0.16469681397738978,-0.13243400805166738,0.456,normal,rotation,False,A
1767801600,167.07,296308.6,15228,6633,1.0216845941307473,0.13686446302933764,-0.09895953068192465,0.456,normal,rotation,False,A
1767816000,167.74,295672.3,6089,3086,1.0219263370548308,0.03873447664104088,-0.16545141961347487,0.448,normal,rotation,False,A
1767830400,166.52,292474.9,5859,2712,1.0113156881058385,0.021369385085041416,-0.17540046553695765,0.44,normal,rotation,False,A
1767844800,165.45,286676.2,15172,7457,1.0061027914580043,0.05670025567754521,-0.1847584088188765,0.384,normal,rotation,False,A
1767859200,164.26,288796.7,19845,8601,1.0001612512304674,0.09065507606333444,-0.14522062468866637,0.42,normal,rotation,False,A
1767873600,165.83,290292.6,27315,10671,1.0033294458924036,0.09403031240334075,-0.15790337833525758,0.436,normal,rotation,False,A
1767888000,164.27,288501.3,16841,9654,1.0024682641919975,0.05787143075278699,-0.15622367780699864,0.42,normal,rotation,False,A
1767902400,164.22,287047.9,10882,6780,0.966748075989706,0.0188918876012065,-0.15528607040207265,0.392,normal,rotation,False,A
1767916800,166.14,287681.1,7360,3452,0.9151056450040693,0.02906520031421829,-0.13266565003699315,0.412,normal,rotation,False,A
1767931200,164.94,288757.7,3557,1626,0.8996322432841972,0.05577047066408782,-0.1016746515679442,0.432,normal,rotation,False,A
1767945600,165.18,285634.7,7167,3105,0.8754213865042326,0.01859607974535121,-0.09423389455892861,0.376,normal,rotation,False,A
1767960000,167.83,282974.7,20745,9349,0.9015792095055908,0.05394056847545226,-0.07493530506326962,0.32,normal,rotation,False,A
1767974400,164.27,283675.5,12781,6897,0.8990812379506457,0.028526398739164738,-0.06527525523451516,0.336,normal,rotation,False,A
1767988800,165.61,285839.4,5089,2600,0.9036173139119241,0.023911322248614714,-0.065438106233074,0.388,normal,rotation,False,A
1768003200,164.67,284791.8,3823,2056,0.8796253059972253,0.016320000000000157,-0.06086669199233896,0.368,normal,rotation,False,A
1768017600,165.09,285707.0,3288,1440,0.7031814690542421,0.009721322099805472,-0.03662878915601708,0.392,compressed,rotation,False,A
1768032000,166.46,285816.2,3025,1366,0.6601080652535257,0.006986190089358349,-0.03652112825138831,0.396,compressed,rotation,False,A
1768046400,165.84,286928.6,6290,2596,0.6477800101504938,0.05623306233062312,-0.03783490503716502,0.416,compressed,rotation,False,A
1768060800,165.65,286348.6,3435,1803,0.6422129918111954,0.14155749636098966,-0.06422546018535202,0.412,compressed,rotation,False,A
1768075200,164.82,284722.9,1838,888,0.513986568164958,0.11198945981554692,-0.059183719999643114,0.364,compressed,rotation,False,A
1768089600,165.38,284926.4,7380,3273,0.5161606083344596,0.1509838301188386,-0.042820813442938976,0.384,compressed,rotation,False,A
1768104000,165.96,283638.8,1680,922,0.515405720515621,0.1110669580766936,-0.04727182829591803,0.332,compressed,rotation,False,A
1768118400,166.76,282739.1,3023,1235,0.511053859992465,0.16427232979387874,-0.051155989928274526,0.316,compressed,rotation,False,A
1768132800,166.85,283220.8,4924,2160,0.5030393522949791,0.12765036780614433,-0.056608022106794054,0.328,compressed,rotation,False,A
1768147200,168.75,282753.3,10390,5490,0.5112455516517261,0.02172949002217267,-0.03615000364741816,0.32,compressed,rotation,False,A
1768161600,167.82,285818.4,10887,4025,0.5058986944716242,0.21030042918454914,-0.043528370040337716,0.424,compressed,rotation,False,A
1768176000,169.0,280717.3,12292,6205,0.49357428994599817,0.08387799564270161,-0.060018490409732395,0.272,compressed,rotation,False,A
1768190400,166.31,279979.3,7742,3647,0.5458633549788786,0.18613809398792286,-0.056661121894795774,0.26,compressed,rotation,False,A
1768204800,164.47,283034.6,12655,6118,0.5446846224547137,0.1943866943866936,-0.04910870718446625,0.34,compressed,rotation,False,A
1768219200,164.69,281970.4,23137,12948,0.5370906998001236,0.064564117822077,-0.04881571872214874,0.296,compressed,rotation,False,A
1768233600,166.63,284016.5,15552,8147,0.5594808888894458,0.012450481041312845,-0.041484114872129885,0.384,compressed,rotation,False,A
1768248000,164.89,281258.7,13738,3025,0.533928869251747,0.0782751991211209,-0.04874856386614501,0.288,compressed,rotation,False,A
1768262400,167.16,285423.8,7483,3801,0.48490602023097834,0.017084890549919483,-0.02410839357497019,0.436,compressed,rotation,False,A
1768276800,169.2,282784.5,14956,7385,0.4990844116507087,0.09758001561280219,-0.013575246218555992,0.34,compressed,rotation,False,A
1768291200,169.53,281985.8,17179,7936,0.4910689573476957,0.14027149321266946,-0.0235837182350076,0.304,compressed,rotation,False,A
1768305600,172.48,278694.0,23872,12723,0.5353394652514399,0.17073170731707213,-0.03995485933847431,0.26,compressed,rotation,False,A
1768320000,174.96,283570.6,18566,9992,0.5554434213162106,0.2681213945322289,-0.017090737546070045,0.368,compressed,rotation,False,A
1768334400,177.67,285088.2,26226,12882,0.5754930615146049,0.31624735480836963,-0.006827083563405334,0.444,compressed,rotation,False,A
1768348800,178.53,285949.5,15683,8687,0.5727968880315281,0.298770195321919,-0.006019164971212798,0.48,compressed,rotation,False,A
1768363200,177.03,283623.6,18634,8444,0.5845633518861428,0.2894421833852039,-0.017779958768199156,0.376,compressed,rotation,False,A
1768377600,174.6,283077.2,11864,4821,0.629768902642083,0.2142857142857134,-0.008953744065409386,0.364,compressed,rotation,False,A
1768392000,177.33,281596.9,18484,9294,0.6536844454540094,0.21571298819255158,-0.004868986520703,0.296,compressed,rotation,False,A
1768406400,178.39,283782.9,26720,13743,0.6553954160680708,0.3399133365430896,0.00037860160641312035,0.404,compressed,rotation,False,A
1768420800,178.33,283851.6,11513,5305,0.658273436248741,0.31594634873323335,-0.006954254731853071,0.404,compressed,rotation,False,A
1768435200,172.68,279884.2,19536,10944,0.8067265343133763,0.1781187458305539,-0.01723223772594573,0.264,compressed,rotation,False,A
1768449600,175.56,280719.3,8363,3893,0.8284952275119198,0.2207463630613534,-0.017457395163576694,0.288,compressed,rotation,False,A
1768464000,174.56,276062.6,28323,11004,0.8329941649535598,0.1721206969825752,-0.034125427460025115,0.236,compressed,rotation,False,A
1768478400,173.72,275121.0,12318,6583,0.8015062609530117,0.16666666666666646,-0.041151701154921394,0.228,compressed,rotation,False,A
1768492800,170.39,274154.5,13915,5884,0.8391129452967416,0.09401031336771076,-0.04258480746893811,0.228,compressed,rotation,False,A
1768507200,171.62,274907.7,7590,3483,0.8481010626418248,0.13380558835104298,-0.03447281549885872,0.232,compressed,rotation,False,A
1768521600,170.91,277588.1,3833,1956,0.8583876317096866,0.10849519325093182,-0.025755072187063188,0.256,normal,rotation,False,A
1768536000,172.74,276089.4,9264,4566,0.8651700642233316,0.12983531214094204,-0.02661624573224808,0.252,normal,rotation,False,A
1768550400,172.87,275680.2,6821,3023,0.85191483458582,0.11852570320077606,-0.024966126015114165,0.244,normal,rotation,False,A
1768564800,169.19,273130.8,11988,5852,0.8984411581467532,0.04243743199129489,-0.03562591448085739,0.22,normal,rotation,False,A
1768579200,171.95,269548.4,8443,4140,0.9281418328040744,0.057142857142856884,-0.04670113487623295,0.168,normal,rotation,False,A
1768593600,175.26,271656.6,7437,3844,0.9355596588059,0.12744090441932154,-0.049548244619660786,0.22,normal,rotation,False,A
1768608000,174.74,272048.4,20054,9463,0.914001305067468,0.09944559944559955,-0.030881246007994356,0.224,normal,rotation,False,A
1768622400,174.02,273431.0,3488,2146,0.8847317994501497,0.1382959641255606,-0.02338851479377224,0.236,normal,rotation,False,A
1768636800,174.58,275078.9,5892,3354,0.8826921409017497,0.18560675601248408,-0.028108577537869772,0.256,normal,rotation,False,A
1768651200,176.39,274612.6,4756,2056,0.8900429299470644,0.20870495897252922,-0.02609422833034969,0.252,normal,rotation,False,A
1768665600,174.96,273716.6,3084,1281,0.874630324016372,0.14995499549955021,-0.03626514656718893,0.244,normal,rotation,False,A
1768680000,173.72,272527.7,3994,1745,0.8478253777445875,0.1603996366939149,-0.031042595304607512,0.228,compressed,rotation,False,A
1768694400,173.82,269674.2,16347,9425,0.8416476253321502,0.12594553706505296,-0.05517970120221216,0.172,compressed,rotation,False,A
1768708800,172.69,269079.7,2029,693,0.8448203215963173,0.06715412738118166,-0.04846375950591342,0.168,compressed,rotation,False,A
1768723200,172.99,268937.0,3268,1058,0.7063206991009036,0.06661532537543338,-0.04627467056851797,0.164,compressed,rotation,False,A
1768737600,174.34,268815.6,8591,4205,0.6721316657868102,0.0369487485101314,-0.03544532713298465,0.156,compressed,rotation,False,A
1768752000,175.16,268715.2,11199,7162,0.6707031007163459,0.004108463434675202,-0.05238695407774985,0.148,compressed,rotation,False,A
1768766400,168.67,267162.2,32521,11772,0.8644060342316735,0.1715592832634389,-0.06287878628438492,0.104,normal,rotation,False,A
1768780800,163.4,265728.1,51713,23825,0.9359477906806356,0.2660453666256376,-0.07071668249113927,0.06,normal,rotation,False,A
1768795200,162.33,271586.1,12595,7330,0.9321254622017033,0.2604535790219703,-0.04244181372777156,0.248,normal,rotation,False,A
1768809600,163.51,273613.9,8837,4753,0.942995638260466,0.20094219967385435,-0.03343010316620343,0.276,normal,rotation,False,A
1768824000,162.47,275640.5,5536,2017,0.9237314170908731,0.2777570093457952,-0.021152221491074763,0.316,normal,rotation,False,A
1768838400,165.33,276741.8,8453,4029,0.9695610991578292,0.23616636528028917,-0.024811572508421142,0.34,normal,rotation,False,A
1768852800,163.84,274090.6,6772,2835,0.9307817382726371,0.25542041248016956,-0.034387687087196306,0.292,normal,rotation,False,A
1768867200,163.92,271388.4,6979,3412,0.8914179935572627,0.17122752150117337,-0.03035469669241775,0.244,normal,rotation,False,A
1768881600,160.76,272010.7,13347,6677,0.8628292006802855,0.2877138413685853,-0.031022448403084435,0.26,normal,rotation,False,A
1768896000,159.46,272404.1,12665,5562,0.8659453366577067,0.2918438345574027,-0.013252428978065112,0.268,normal,rotation,False,A
1768910400,157.0,281166.8,16569,7183,0.8814603642213654,0.3133433283358325,0.021975058247098556,0.412,normal,rotation,False,A
1768924800,154.85,289245.7,19901,9850,0.8812628634086188,0.29781525488693017,0.055046333363121924,0.58,normal,rotation,False,A
1768939200,153.2,292284.6,11511,5265,0.847953378094548,0.35019011406844197,0.06320994282808368,0.584,compressed,trend,False,B
1768953600,156.16,292295.5,9489,5339,0.9318673013324585,0.26891522333637236,0.05298281878798128,0.584,normal,trend,False,B
1768968000,156.9,287884.9,6856,3760,0.95416812519329,0.2946428571428577,0.042723480148096904,0.556,normal,trend,False,B
1768982400,156.12,287779.5,17529,7517,0.9590461004176307,0.3078478220915278,0.043888897352802214,0.552,normal,trend,False,B
1768996800,159.1,285917.4,34842,18310,1.0249013515744885,0.1878607335691682,0.046814932625687256,0.52,normal,rotation,False,A
1769011200,162.03,279160.2,26581,13547,1.0754617599845853,0.18411284335560513,0.035658902074729326,0.36,normal,rotation,False,A
1769025600,159.38,276261.9,12777,5598,1.0779998550452206,0.2983840661405491,0.01695265272406421,0.324,normal,rotation,False,A
1769040000,159.85,273144.2,7879,4997,1.0748130784274668,0.2800451382358479,0.004027959730694919,0.252,normal,rotation,False,A
1769054400,159.26,270673.9,3990,1796,0.9418846036476018,0.278280542986426,-0.010083348267021619,0.188,normal,rotation,False,A
1769068800,158.98,271817.9,4180,2140,0.8360356284269826,0.2956785443517825,-0.011854780573864465,0.224,compressed,rotation,False,A
1769083200,156.31,270532.5,13845,7921,0.877260030507934,0.3744871316672884,-0.01485765766028202,0.176,normal,trend,False,B
1769097600,157.89,271696.2,8049,4865,0.886684736672964,0.31746326948112397,-0.007381357213994244,0.224,normal,trend,False,B
1769112000,157.15,270845.3,3033,1456,0.8881199495779103,0.31105688004505383,-0.0061733174279166025,0.192,normal,trend,False,B
1769126400,158.52,271157.4,2296,1398,0.8535532483290472,0.28052805280528054,0.005499969963756346,0.208,normal,trend,False,B
1769140800,158.24,271261.2,5693,3499,0.8468896871990514,0.26913764201899804,0.008107263387018726,0.216,compressed,trend,False,B
1769155200,157.99,269778.5,14375,6241,0.8467267606170696,0.2796420581655485,0.0031289855988576587,0.16,compressed,trend,False,B
1769169600,158.23,268339.8,11258,5982,0.7975304008865504,0.3066818960593954,-0.0017699865632797573,0.104,compressed,trend,False,B
1769184000,157.36,266505.4,13911,7272,0.7931631002970501,0.3385317611259037,-0.00822357648543881,0.064,compressed,trend,False,B
1769198400,156.96,266080.3,6973,3950,0.7586935311629788,0.2518821251882126,-0.00404959983111397,0.052,compressed,trend,False,B
1769212800,157.2,266930.0,3320,2290,0.7272040497311041,0.1495417269657509,0.004523044420217559,0.068,compressed,rotation,False,A
1769227200,157.58,266495.3,1709,1043,0.7040748117045232,0.11650723571253394,-0.018744700115359336,0.056,compressed,rotation,False,A
1769241600,155.85,269979.1,3338,1841,0.6690341405681743,0.18538238141335922,-0.013284412816746638,0.164,compressed,rotation,False,A
1769256000,155.57,273699.6,3522,2105,0.6701674458682432,0.17011834319526653,-0.007041418078983397,0.276,compressed,rotation,False,A
1769270400,155.66,275069.6,2447,1404,0.6688299570643179,0.2558878010055577,-0.006042455458481588,0.296,compressed,rotation,False,A
1769284800,156.12,274981.9,1751,745,0.592903766687684,0.21001088139281845,0.003251844463108444,0.292,compressed,rotation,False,A
1769299200,154.88,275765.1,3433,2027,0.5082123281550432,0.2383966244725737,0.016127071017036698,0.316,compressed,rotation,False,A
1769313600,155.1,277550.3,2224,1068,0.4496979677990734,0.16180674671240705,0.020365375332661362,0.336,compressed,rotation,False,A
1769328000,154.63,279426.9,3793,1478,0.4447032775358332,0.1414348462664718,0.02578081607435445,0.36,compressed,rotation,False,A
1769342400,153.27,283233.5,5745,2664,0.45978457142221724,0.11285930408471986,0.007350441090484328,0.44,compressed,rotation,False,A
1769356800,146.14,285186.1,38156,16640,0.8769091986266099,0.2290297133841706,-0.014035126537749854,0.492,normal,rotation,False,A
1769371200,147.83,294300.3,18486,8904,0.8841977426008624,0.14105594956658715,0.006896360601961193,0.592,normal,rotation,False,A
1769385600,149.87,290919.2,10215,4838,0.9011519875025162,0.16931359353970366,-0.004708591134656492,0.572,normal,rotation,False,A
1769400000,152.26,289147.6,5769,2978,0.951255692894815,0.11958762886597982,0.004386127928210026,0.56,normal,rotation,False,A
1769414400,151.55,293011.4,7818,3532,0.937792009935277,0.11799638523108695,0.01818023868969143,0.584,normal,rotation,False,A
1769428800,152.56,296250.2,14597,6990,0.9510299707563997,0.17791077257889007,0.036139108707619716,0.596,normal,rotation,False,A
1769443200,153.51,293035.9,13790,6113,0.9636354753439004,0.2449683726279478,0.04970515137902898,0.58,normal,rotation,False,A
1769457600,154.13,294177.3,8225,4231,0.9689349158655174,0.16030534351145065,0.06484933318709518,0.584,normal,rotation,False,A
1769472000,154.32,297231.4,7470,3516,0.9685142043243679,0.170311056359717,0.08818492210341655,0.616,normal,rotation,False,A
1769486400,153.93,295884.0,3476,1474,0.9703640561294568,0.1651688875116206,0.09313827450670331,0.588,normal,rotation,False,A
1769500800,153.67,295688.5,8845,3045,0.9720141275122478,0.16465116279069802,0.08781835191869258,0.584,normal,rotation,False,A
1769515200,154.7,301931.8,36162,9978,0.984724289684173,0.0525971904606343,0.11606479812961479,0.648,normal,rotation,False,A
1769529600,156.18,297751.3,19830,10853,0.9867993466887091,0.05604719764011734,0.09589791833673034,0.624,normal,rotation,False,A
1769544000,158.94,291746.1,13493,7781,1.0282934282587204,0.05502612972640615,0.0771687749427441,0.536,normal,rotation,False,A
1769558400,158.31,293462.0,15918,10284,1.0317838065142957,0.006605850896508588,0.08225702119875744,0.56,normal,rotation,False,A
1769572800,158.21,288077.0,25101,10437,1.0313651243830033,0.000949066751028192,0.06199117308336022,0.5,normal,rotation,False,A
1769587200,162.79,281393.0,14678,7642,1.1193377938927098,0.13355592654424003,0.043051985239743074,0.344,normal,rotation,False,A
1769601600,160.37,287857.1,19594,8536,1.1573257572952391,0.056138509968520885,0.07273352667028887,0.492,normal,rotation,False,A
1769616000,159.99,285915.7,9849,4828,1.1565772262515752,0.06989104437948435,0.07283267055751952,0.456,normal,rotation,False,A
1769630400,160.11,284841.1,9326,4560,1.141717435405497,0.08433734939759052,0.07050803836285513,0.416,normal,rotation,False,A
1769644800,156.73,284307.9,8969,3576,0.8486998301966057,0.011607804396147158,0.06510283594950006,0.404,compressed,rotation,False,A
1769659200,156.7,280949.0,6823,3601,0.8410900557455843,0.021923268560040447,0.054236228556376,0.316,compressed,rotation,False,A
1769673600,153.88,280187.6,15105,7957,0.8933920706749838,0.04778074217802569,0.03781218620256155,0.304,normal,rotation,False,A
1769688000,147.14,283781.0,39351,18967,1.150103494783386,0.1767666177395682,0.03683381342172232,0.388,normal,rotation,True,C
1769702400,145.12,301271.5,35834,19355,1.1675831764507252,0.21241434905280124,0.09525552805544502,0.644,normal,rotation,True,C
1769716800,147.13,304965.1,11210,4795,1.1898609860731826,0.1756888802032444,0.10903699479856654,0.66,normal,rotation,True,C
1769731200,142.5,306958.9,35613,15684,1.2844278646334777,0.2269061583577714,0.11311728714039604,0.672,normal,rotation,True,C
1769745600,141.85,310970.1,23112,12658,1.2769704482688093,0.2409529005273688,0.12040988606389535,0.672,normal,rotation,True,C
1769760000,142.79,315198.3,19608,10995,1.2870430607886518,0.21348719798052676,0.12801702341471044,0.672,normal,rotation,True,C
1769774400,139.71,320339.6,31015,16210,1.321967024982002,0.23714585519412407,0.13100886724204575,0.676,expanded,rotation,True,C
1769788800,140.24,331566.9,35760,16459,1.3291717950835165,0.11664689600632633,0.16263345233165305,0.684,expanded,rotation,True,C
1769803200,137.92,337248.7,17677,9630,1.3283406089457253,0.193516891232182,0.14593393210948147,0.696,expanded,rotation,True,C
1769817600,137.76,339975.2,8697,4156,1.3032902727051388,0.24548956010541317,0.16862414031112416,0.712,expanded,rotation,True,C
1769832000,136.24,338372.4,7982,4117,1.2335952142102056,0.33058192323565844,0.1702410810257462,0.696,normal,rotation,True,C
1769846400,134.5,337729.7,17906,8167,1.2346529526371912,0.3445140432410594,0.15261624633034754,0.688,normal,rotation,True,C
1769860800,132.07,341857.5,94647,49076,1.2382848184572193,0.40247495580436105,0.15394858805158607,0.736,normal,trend,True,C
1769875200,123.4,349567.8,178814,72827,1.4194244540125653,0.5135596111205868,0.19291800083197974,0.824,expanded,trend,True,C
1769889600,129.03,347340.8,47179,24493,1.7308587438727885,0.39440603394091783,0.18071924652242033,0.788,expanded,trend,True,C
1769904000,129.0,340562.4,17803,9716,1.7344181350387107,0.39886578449905497,0.14578204052465527,0.704,expanded,trend,True,C
1769918400,127.28,341857.2,15955,5786,1.7225409398116234,0.4112019750038577,0.15537575536358839,0.724,expanded,trend,True,C
1769932800,127.08,342807.5,20646,9560,1.7208893318930745,0.4106563706563708,0.15935350884461186,0.744,expanded,trend,True,C
1769947200,123.96,341518.2,47986,21783,1.7270540866445616,0.45990424895272314,0.1311104030777812,0.716,expanded,trend,True,C
1769961600,124.64,339798.9,27045,14767,1.7467636392135757,0.47758933979406465,0.14121718360255708,0.684,expanded,trend,True,C
1769976000,124.16,341740.2,29123,12920,1.6382947157697934,0.5454830614805524,0.17136167372931466,0.728,expanded,trend,True,C
1769990400,124.99,340855.8,34939,17189,1.6548676026165607,0.5209505941213263,0.16149893342238508,0.708,expanded,trend,True,C
1770004800,124.8,340465.8,39709,20348,1.6153494532005204,0.5216237314597975,0.1818569340835956,0.7,expanded,trend,True,C
1770019200,126.99,334299.8,28204,13854,1.6126313671091164,0.5806033084657802,0.18801747022847048,0.656,expanded,trend,True,C
1770033600,129.59,330389.6,28652,15173,1.6721255861535123,0.49773609314359635,0.14775560512490404,0.644,expanded,trend,True,C
1770048000,127.83,330470.7,10579,5200,1.666636414097708,0.5086997785510915,0.1558326457763599,0.648,expanded,trend,True,C
1770062400,128.28,327269.6,8717,3099,1.646986338393336,0.500865460267506,0.1489549787583322,0.64,expanded,trend,True,C
1770076800,128.0,326453.2,11933,5699,1.64124679001875,0.475268817204301,0.14823823045367357,0.64,expanded,trend,True,C
1770091200,128.34,326779.0,11062,5048,1.6307542414136411,0.46675444371296887,0.16312569185154602,0.644,expanded,trend,True,C
1770105600,126.58,326962.9,14040,6614,1.6391160336873287,0.45728643216080395,0.1669427911870478,0.648,expanded,trend,True,C
1770120000,128.94,329223.7,21057,11025,1.6778930794830973,0.3289949385394069,0.160132989875996,0.66,expanded,trend,True,C
1770134400,127.35,339174.0,53996,25715,1.6770970622265937,0.3237383858626345,0.12580844852566542,0.708,expanded,trend,True,C
1770148800,125.2,330274.4,33347,17184,1.6738443164219101,0.3985099036888967,0.0829908078006305,0.664,expanded,trend,True,C
1770163200,127.93,327683.2,9266,5126,1.252924076454978,0.2742330133634479,0.06751490183213438,0.656,normal,trend,True,C
1770177600,127.81,326847.0,6727,3517,0.9951696941372071,0.26692015209125447,0.051056034004555606,0.648,normal,trend,True,C
1770192000,126.82,324980.8,20523,8879,1.002846849093489,0.3033238366571698,0.031036017643496283,0.64,normal,trend,True,C
1770206400,122.56,329179.2,23989,11002,1.1352806659170223,0.31859557867360194,0.027594465373622423,0.672,normal,trend,True,C
1770220800,125.2,331602.4,58727,31240,1.201951789291881,0.2688594923131926,0.00010706738217836076,0.696,normal,trend,True,C
1770235200,123.66,330250.5,17053,8164,1.1414067684303608,0.2585206671501085,-0.020750858342819423,0.68,normal,trend,True,C
1770249600,121.64,331876.0,22638,10926,1.1664339510358637,0.28270782181690607,-0.023822914141972795,0.708,normal,trend,True,C
1770264000,119.98,334461.3,32464,17360,1.1810105652635894,0.28446466060181935,-0.011558566833465234,0.72,normal,trend,True,C
1770278400,118.26,340942.7,29650,15106,1.1862740373139413,0.2842142107105353,0.009513525165243175,0.788,normal,trend,True,C
1770292800,112.48,350076.3,87615,45150,1.4270477243022583,0.323855182674822,0.024041596279151367,0.912,expanded,trend,True,C
1770307200,109.72,347668.1,83259,46754,1.3985562867181576,0.2506412605349944,-0.0054344250242728265,0.876,expanded,trend,True,C
1770321600,100.93,406228.8,202570,104974,1.8024468079035796,0.4866643574644956,0.16953954156839623,1.0,expanded,trend,True,C
1770336000,104.37,380512.1,190117,94182,1.9527613202864496,0.402780049059689,0.11730508124208638,0.996,expanded,trend,True,C
1770350400,102.88,385783.7,44839,22904,1.935299520635659,0.40052527905449753,0.12849371023924605,0.996,expanded,trend,True,C
1770364800,106.34,383429.7,48503,25294,2.0623802578125208,0.323153630414459,0.11849857427273336,0.992,expanded,trend,True,C
1770379200,110.17,373638.6,48063,27185,2.179437453952785,0.2125134843581443,0.09405179577545209,0.984,expanded,rotation,True,C
1770393600,114.23,353963.9,51231,26385,2.283978811270528,0.15248278892632183,0.041686420997831375,0.92,expanded,rotation,True,C
1770408000,113.95,347006.7,22458,11391,2.243492472727888,0.1499926546202437,0.015410829630227774,0.836,expanded,rotation,True,C
1770422400,114.56,340835.5,18936,8115,2.2441210805234104,0.1537214443625643,-5.955597645690425e-05,0.768,expanded,rotation,True,C
1770436800,111.46,340497.1,21350,9794,2.2606340591245435,0.18852459016393436,9.19328754900306e-05,0.76,expanded,rotation,True,C
1770451200,110.93,338272.4,22605,8283,2.2099538433634973,0.23241678726483328,0.011883345428265413,0.732,expanded,rotation,True,C
1770465600,113.2,334798.1,17054,8066,2.252773632205101,0.23833066744219855,0.013343337683752843,0.72,expanded,rotation,True,C
1770480000,114.36,335368.1,54623,28021,2.267462359498449,0.19759424966994274,0.01481946811018342,0.724,expanded,rotation,True,C
1770494400,113.89,335049.2,5774,2910,2.2102101145614834,0.21102800997213664,0.023771227147281637,0.724,expanded,rotation,True,C
1770508800,112.3,332729.3,9465,4536,2.1714607479736077,0.22589928057553957,0.019225114043911917,0.712,expanded,rotation,True,C
1770523200,112.47,331140.6,6027,3216,2.1701230844618986,0.22890523582864564,0.013347246916111333,0.696,expanded,rotation,True,C
1770537600,114.88,329153.7,16064,9702,2.1974019720327203,0.16719062589311234,0.006700454394061195,0.672,expanded,rotation,True,C
1770552000,113.1,329206.8,12871,6239,2.19791652312371,0.22824207492795393,-5.1332877918586206e-05,0.68,expanded,rotation,True,C
1770566400,114.66,330483.6,12745,6504,2.2001622639340024,0.18293210321464606,-0.025622246988271535,0.704,expanded,rotation,True,C
1770580800,112.42,328673.6,11527,5717,2.0516632175551033,0.18399078606392166,-0.0048468788377180605,0.668,expanded,rotation,True,C
1770595200,114.39,342092.2,11833,6449,2.0148018477313103,0.19708879184861725,0.04397234890284274,0.84,expanded,rotation,True,C
1770609600,112.37,358280.2,16278,9041,1.4509136068912563,0.2186968838526912,0.09617099132009788,0.948,expanded,rotation,True,C
1770624000,110.18,367154.3,12368,5079,1.4104181953441934,0.23175487465181044,0.12977228193173262,0.98,expanded,rotation,True,C
1770638400,112.49,370484.7,16668,8326,1.3993733786654732,0.14416607015032226,0.12548028551014156,0.98,expanded,rotation,True,C
1770652800,114.4,360401.3,22281,12369,1.3311654203136805,0.15624999999999997,0.08684768264644638,0.952,expanded,rotation,True,C
1770667200,112.65,353156.1,10727,5126,1.24831270009491,0.15880571181306785,0.069358259866374,0.908,normal,rotation,True,C
1770681600,110.89,354670.6,14703,5382,1.1271137644399944,0.15563920660199798,0.06868408682761018,0.92,normal,rotation,True,C
1770696000,108.7,344286.4,23632,10640,1.1622611894243249,0.1620689655172414,0.029375894909216882,0.852,normal,rotation,True,C
1770710400,108.37,340161.6,13220,6940,1.1545751269282876,0.14499340272687292,-0.002291000804534149,0.792,normal,rotation,True,C
1770724800,109.51,341683.1,22686,13074,1.0967663660614635,0.04672015101462953,-0.023975344803404353,0.824,normal,rotation,True,C
1770739200,108.83,340697.5,34695,20400,1.0971168374693956,0.014473898194828437,-0.020049581770659963,0.808,normal,rotation,True,C
1770753600,109.38,337987.2,9153,5918,1.0425941983726295,0.15868544600938947,-0.16798808947076127,0.768,normal,rotation,False,A
1770768000,109.35,340201.9,9838,5453,1.021153441188405,0.09991974317816993,-0.10593671002840632,0.8,normal,rotation,False,A
1770782400,106.02,348390.9,12867,6602,1.1114956930317959,0.060758513931888566,-0.09692685305263027,0.888,normal,rotation,False,A
1770796800,105.58,352882.0,6514,2971,1.0872263399782534,0.015618577887381944,-0.07966962392323806,0.908,normal,rotation,False,A
1770811200,106.08,355166.9,60896,31978,1.0792722674703423,0.09022722258989642,-0.04943734400032529,0.936,normal,rotation,False,A
1770825600,107.78,351418.0,20134,9391,1.0510052292101593,0.15010472422620444,-0.007192541386282669,0.904,normal,rotation,False,A
1770840000,107.45,344896.3,10934,5172,1.0309339223492886,0.15109251510925156,-0.00608172695224618,0.876,normal,rotation,False,A
1770854400,108.98,343745.0,5265,2527,1.0304811950337758,0.12699135184342286,0.008536376052377115,0.868,normal,rotation,False,A
1770868800,109.59,340200.5,5875,3157,0.9995992313821054,0.04511459589867289,-0.0008710793718946785,0.8,normal,rotation,False,A
1770883200,109.78,341462.5,15928,8851,0.957384243814375,0.027973729019703384,0.009430565425970316,0.836,normal,rotation,False,A
1770897600,107.8,338702.2,19114,9478,0.9588887434345753,0.13228809407153372,0.011661057813649567,0.78,normal,rotation,False,A
1770912000,110.92,368365.9,76022,40233,1.018894126641611,0.08041140719962594,0.09839278094726378,0.976,normal,rotation,False,A
1770926400,114.87,361445.0,35424,19396,1.101873500305553,0.02118460873324695,0.07878186248467389,0.968,normal,rotation,False,A
1770940800,112.14,364952.3,22542,10461,1.1288387280091776,0.003375527426160265,0.09684449190377875,0.968,normal,rotation,False,A
1770955200,110.64,365097.1,9185,4414,1.1186012780080348,0.03755386825364248,0.10254405530460486,0.968,normal,rotation,False,A
1770969600,112.19,369014.1,9967,5162,1.1101424079430584,0.05619385836640897,0.12109965648267051,0.976,normal,rotation,False,A
1770984000,116.67,367145.0,28144,15236,1.1984687523539868,0.07059521455408359,0.11524124046040374,0.964,normal,rotation,False,A
1770998400,119.27,375147.0,23849,11166,1.223732857661097,0.0893237744623135,0.13514558664938292,0.984,normal,rotation,False,A
1771012800,118.81,367292.1,12006,5758,1.2267641575168893,0.12823600240818786,0.11749802843915669,0.964,normal,rotation,False,A
1771027200,120.3,363236.8,7549,4434,1.2217867994601315,0.11975683890577501,0.06180965248549941,0.944,normal,rotation,False,A
1771041600,123.86,369090.6,18559,10348,1.272599240255842,0.22578109648260944,0.03017303216867684,0.972,normal,rotation,False,A
1771056000,128.29,368942.8,29096,15301,1.3367325413600066,0.34086203651421015,0.0048712489544586735,0.964,expanded,rotation,False,A
1771070400,129.5,379169.2,32674,16121,1.1926732186886895,0.32692677301556794,0.023440914024249748,0.984,normal,rotation,False,A
1771084800,129.77,377492.6,13066,6696,1.1791983015315506,0.30502083746775155,0.04742296989494754,0.98,normal,rotation,False,A
1771099200,128.18,377343.2,14697,8556,1.2236320362764126,0.3091777822018713,0.06848841064900202,0.976,normal,rotation,False,A
1771113600,128.84,380242.7,18042,10323,1.220965842726749,0.3653572155505801,0.07210098609808657,0.984,normal,trend,False,B
1771128000,130.96,390868.1,21213,11989,1.2108241303962621,0.45373012637586624,0.1352992740927319,0.996,normal,trend,False,B
1771142400,128.69,384164.6,9653,4656,1.2735572439243767,0.3984313725490192,0.12935910461380717,0.988,normal,trend,False,B
1771156800,126.51,381908.7,14315,6198,1.3273518000726445,0.32667179093005366,0.1177278009945475,0.98,expanded,trend,False,B
1771171200,123.53,383889.6,20988,9289,1.4027049470037558,0.270518954729481,0.12677551200111536,0.984,expanded,trend,False,B
1771185600,125.68,382534.1,13081,5373,1.3600981762569384,0.29138362531283524,0.13180055339373786,0.976,expanded,trend,False,B
1771200000,126.34,381749.9,6910,3160,1.3211857729097947,0.3003358670673502,0.12212747783007671,0.968,expanded,trend,False,B
1771214400,126.55,379864.5,6563,3696,1.2460674842224306,0.38409728718428426,0.09033990267828451,0.956,normal,trend,False,B
1771228800,126.21,379305.6,7581,3827,1.1702663844917127,0.38669165885660706,0.07487942144966309,0.952,normal,trend,False,B
1771243200,123.72,376965.3,16251,8310,1.198262089119211,0.31875677629201293,0.061375088725891924,0.936,normal,trend,False,B
1771257600,124.86,377524.1,6122,2979,1.1927554859098601,0.311792625045637,0.074287885082722,0.944,normal,trend,False,B
1771272000,126.92,376610.2,7214,3429,1.0847214410929016,0.3445407892408422,0.09195198672760485,0.928,normal,trend,False,B
1771286400,126.36,370215.2,3194,1486,1.051083653344506,0.3129276197335252,0.07700533825946554,0.912,normal,trend,False,B
1771300800,125.42,361836.6,15425,6357,1.0554356623251293,0.2833363164488991,0.06359808407101109,0.868,normal,trend,False,B
1771315200,124.47,359254.0,9008,4524,1.053225316891635,0.2594031432103124,0.05210381813522713,0.856,normal,trend,False,B
1771329600,126.73,362606.2,19974,8904,1.0000221712002437,0.3326304691618345,0.07057527231886884,0.868,normal,trend,False,B
1771344000,127.47,369036.5,18393,9414,0.8580333349954097,0.3035026590867411,0.001820472524736827,0.904,normal,trend,False,B
1771358400,126.53,370422.7,4981,2422,0.8521281628889518,0.2263198757763974,0.024838357149773893,0.912,normal,trend,False,B
1771372800,127.1,368883.2,4180,2126,0.858221857174283,0.3030794165316044,0.010770996648055142,0.888,normal,trend,False,B
1771387200,127.63,372992.9,44821,18900,0.84531782904289,0.3511056003306467,0.021626575505530043,0.916,compressed,trend,False,B
1771401600,126.89,369721.4,64585,21748,0.8477811842458269,0.30895334174022704,0.0019167289271604382,0.9,compressed,trend,False,B
1771416000,127.47,371048.6,13811,6583,0.8137170609322336,0.24725274725274723,0.010632311484563228,0.912,compressed,trend,False,B
1771430400,121.56,349809.8,19372,8547,1.0417548471986782,0.0487337731432221,-0.06753939122530639,0.792,normal,rotation,False,A
1771444800,122.88,343997.5,14773,5884,1.0355850756270617,0.08505747126436769,-0.06342254570680927,0.76,normal,rotation,False,A
1771459200,123.76,344613.8,6397,3816,0.9844604458784197,0.07324301439458102,-0.05126958502001999,0.764,normal,rotation,False,A
1771473600,123.65,341992.0,6943,3148,0.949260976233152,0.004795615437314312,-0.07341991370140555,0.74,normal,rotation,False,A
1771488000,122.44,340333.8,7210,3433,0.9540958291174714,0.14419521814148364,-0.07754318555613504,0.684,normal,rotation,False,A
1771502400,122.33,338062.2,24344,12757,0.9537077479095322,0.18165695464910056,-0.1084133415899815,0.644,normal,rotation,False,A
1771516800,123.35,342704.1,9353,4800,0.9667272780637857,0.15962207856787708,-0.09215677340429984,0.744,normal,rotation,False,A
1771531200,124.76,343792.5,6812,3782,0.9376834179003672,0.08541458541458545,-0.0889129577530482,0.752,normal,rotation,False,A
1771545600,123.69,345434.7,13567,7594,0.9386528013302019,0.127317676143387,-0.09154153386771136,0.768,normal,rotation,False,A
1771560000,123.94,342745.9,5400,3000,0.9049493737988942,0.18195956454121326,-0.12311621234887149,0.736,normal,rotation,False,A
1771574400,124.58,343734.8,15222,7885,0.9167787834517868,0.1112313937753721,-0.10524082645824206,0.74,normal,rotation,False,A
1771588800,117.51,376177.3,93132,47626,1.2702686752741217,0.21510516252390055,-0.015007251733202276,0.924,normal,rotation,False,A
1771603200,116.89,369216.5,40000,20904,1.2688190158460622,0.16818642350557245,-0.03822218679537026,0.888,normal,rotation,False,A
1771617600,115.81,374967.6,15792,8665,1.2136306800361634,0.256964332205155,-0.019779935958650463,0.916,normal,rotation,False,A
1771632000,116.08,384668.7,18690,9651,1.2028470148971022,0.2698579694897424,0.007645843522159357,0.988,normal,rotation,False,A
1771646400,118.84,383843.7,15146,5817,1.2694076810463322,0.19004190288390418,0.01047531422388781,0.976,normal,rotation,False,A
1771660800,122.24,381574.7,19713,10382,1.3476420972145837,0.09099243639697455,0.005982247559751297,0.956,expanded,rotation,False,A
1771675200,121.62,377366.3,33278,15460,1.3436108979303607,0.05028735632183896,0.0010637583883714719,0.924,expanded,rotation,False,A
1771689600,123.32,376410.5,15022,7668,1.360074983101154,0.03638941398865801,-0.0029497454599586304,0.908,expanded,rotation,False,A
1771704000,121.38,374341.8,8286,3096,1.3675747915427532,0.1312796208530808,-0.006023203832503765,0.892,expanded,rotation,False,A
1771718400,119.31,369279.1,22358,9755,1.1945972785823629,0.1612903225806452,-0.0025285293526576824,0.86,normal,rotation,False,A
1771732800,118.82,369614.3,12051,5592,1.1771072584934812,0.15256588072122082,0.021495061583046038,0.86,normal,rotation,False,A
1771747200,119.5,368264.4,7674,3645,1.1716043849717854,0.11560828099558039,0.025080862008495464,0.824,normal,rotation,False,A
1771761600,118.38,363805.1,14028,7543,1.1719653431438464,0.1995221027479095,0.0033063417007208606,0.8,normal,rotation,False,A
1771776000,117.88,362304.8,8085,3620,1.1631469155071597,0.23047344388368196,-0.018241285076137537,0.788,normal,rotation,False,A
1771790400,117.88,357522.3,5308,2605,1.1609160418991356,0.2126874846324074,-0.034826159411936786,0.764,normal,rotation,False,A
1771804800,112.07,354324.3,41501,22052,1.3454050469183056,0.32737965584839906,-0.03946750624587947,0.752,expanded,rotation,False,A
1771819200,114.59,357925.7,18111,9348,1.3825627566123428,0.27223382045929,-0.04039540699032074,0.764,expanded,rotation,False,A
1771833600,117.28,355377.1,16610,7531,1.4359429961109225,0.192778335005015,-0.03879759191650811,0.756,expanded,rotation,False,A
1771848000,117.0,352827.3,22953,10546,1.4337469091675987,0.2113017154389505,-0.04910758321147146,0.728,expanded,rotation,False,A
1771862400,114.38,350000.6,25932,13080,1.45550285423177,0.15520968439256386,0.0005454392644230754,0.716,expanded,rotation,False,A
1771876800,114.52,351085.4,21137,11007,1.1903921503898036,0.1854480922803903,0.020604510207196336,0.72,normal,rotation,False,A
1771891200,112.59,346266.2,20746,9570,1.2013312145593877,0.24214177324951222,0.004794932762414161,0.684,normal,rotation,False,A
1771905600,112.82,342236.4,14287,7127,1.1949308584856724,0.23416216216216243,0.0007146365996866244,0.636,normal,rotation,False,A
1771920000,113.25,340375.7,9574,4400,1.1945878864713253,0.20211128216406418,0.0001231144247206828,0.572,normal,rotation,False,A
1771934400,114.94,339738.4,26689,16600,1.1606830125181298,0.15706695005313498,0.004958259160592338,0.544,normal,rotation,False,A
1771948800,114.52,339435.8,23206,12052,1.067964645646818,0.19009687836383202,-0.009536798655166323,0.54,normal,rotation,False,A
1771963200,114.31,340433.0,19561,10978,1.0645624687802244,0.23093922651933715,-0.009771882749041949,0.572,normal,rotation,False,A
1771977600,117.34,339138.6,29759,16561,1.1173753594363198,0.13450540139800884,-0.01822659970176721,0.528,normal,rotation,False,A
1771992000,116.53,340924.8,14391,7394,1.1009673706689573,0.15511827506803433,-0.00531326559996792,0.596,normal,rotation,False,A
1772006400,115.72,345317.9,18598,10480,1.0750791805907955,0.1848143512724239,0.004605585468797635,0.676,normal,rotation,False,A
1772020800,120.94,362484.5,41889,22185,1.2421403354191884,0.0744196137990886,-0.036399857194998164,0.788,normal,rotation,False,A
1772035200,122.9,364904.6,42432,21616,1.2553665077149614,0.12671305081172266,-0.011678513825898906,0.8,normal,rotation,False,A
1772049600,119.04,365677.2,34610,17260,1.3297111917373394,0.06432981477793277,-0.024776540693115745,0.808,expanded,rotation,False,A
1772064000,118.29,366655.5,23506,11454,1.329837308690484,0.04359834286841602,-0.046827828726382026,0.808,expanded,rotation,False,A
1772078400,114.37,368204.6,27084,14800,1.408686612598793,0.08621022179363548,-0.04074340675644805,0.82,expanded,rotation,True,C
1772092800,114.67,380990.9,36398,18291,1.211419950598531,0.15528205128205114,-0.001529975650901405,0.952,normal,rotation,True,C
1772107200,114.08,403335.9,59190,28767,1.1730957016656862,0.15476190476190485,0.06881801581116287,0.996,normal,rotation,True,C
1772121600,113.91,403282.3,66709,24877,1.1217236541723716,0.19940665395210833,0.07138961320154458,0.992,normal,rotation,True,C
1772136000,114.49,403775.6,15721,7163,1.1242817178514275,0.15033820641501192,0.07862814144720143,0.996,normal,rotation,False,A
1772150400,116.87,400738.8,15861,8005,1.1125077840647781,0.0528825314260944,0.08519220286227958,0.984,normal,rotation,False,A
1772164800,119.57,383161.1,33819,15974,1.1488494213271212,0.015511892450879,0.03665117935101536,0.952,normal,rotation,False,A
1772179200,116.43,371431.2,41414,20721,1.1854206647363246,0.06042117693367434,0.008599256403822864,0.856,normal,rotation,False,A
1772193600,114.01,369602.7,48898,24415,1.2170456321226741,0.08386106313567435,0.01593600529514294,0.828,normal,rotation,False,A
1772208000,112.32,371904.4,18360,9064,1.2266280390801079,0.10431519699812385,0.026495922769999236,0.856,normal,rotation,False,A
1772222400,112.89,375083.1,11035,6653,1.2093241797971632,0.09263040653424899,0.0491180550136312,0.872,normal,rotation,False,A
1772236800,111.78,377349.0,5859,2784,1.2119130486293985,0.005897905226764123,0.06498199530768844,0.896,normal,rotation,False,A
1772251200,106.83,378754.1,25991,12653,1.343372948017299,0.15038759689922487,0.05819196553921646,0.908,expanded,rotation,False,A
1772265600,105.92,388483.6,18869,8895,1.2705204931148841,0.2280208751505419,0.09315878822805401,0.976,normal,rotation,False,A
1772280000,107.51,387707.2,26842,14537,1.2942470684900143,0.1856053197731272,0.09885827995736163,0.972,normal,rotation,False,A
1772294400,110.82,383840.3,16794,9037,1.3695824765859068,0.06869934388267084,0.096684691397672,0.948,expanded,rotation,False,A
1772308800,111.84,381049.5,15216,6995,1.2185598655736942,0.05085388994307386,0.08534704091938883,0.92,normal,rotation,False,A
1772323200,116.13,378538.6,37250,18692,1.3110571509278934,0.06429349800217929,0.0932011267631665,0.888,expanded,rotation,False,A
1772337600,115.29,380790.8,11626,5305,1.245948124116775,0.04436860068259409,0.11265429393249793,0.912,normal,rotation,False,A
1772352000,113.04,380035.9,27069,15944,1.2656247329869066,0.0036528091842058406,0.11651889368130575,0.9,normal,rotation,False,A
1772366400,114.99,380380.5,25467,15012,1.2085412586434916,0.0008658008658008168,0.11962763114207875,0.904,normal,rotation,False,A
1772380800,112.64,374177.1,26416,12418,1.2346713884567662,0.031501340482573664,0.10235013513601099,0.82,normal,rotation,False,A
1772395200,113.54,374838.7,29268,15003,1.231710487352879,0.012754679476561143,0.10106452664694676,0.824,normal,rotation,False,A
1772409600,116.26,378729.0,28675,15258,1.2584984116054898,0.017982017982017956,0.1167381123823712,0.876,normal,rotation,False,A
1772424000,113.21,374271.9,16951,6269,1.2970033283684166,0.0532905296950242,0.09781365274688159,0.812,normal,rotation,False,A
1772438400,114.57,372117.1,13429,6622,1.273129235301373,0.018297533810660394,0.0776073293623063,0.796,normal,rotation,False,A
1772452800,122.87,381074.0,42987,21393,1.5358235694848694,0.029273471864098385,0.051283572125153,0.92,expanded,rotation,False,A
1772467200,123.44,381769.6,38966,19239,1.4836011329768104,0.008366904245429069,0.04621755932920557,0.928,expanded,rotation,False,A
1772481600,122.13,378583.3,24068,11299,1.4512712581565266,0.04984674947572172,0.03529369618887901,0.864,expanded,rotation,False,A
1772496000,119.79,373795.1,14073,7790,1.454438334164411,0.02359232463038692,0.019472229381531037,0.792,expanded,rotation,False,A
1772510400,119.77,369275.2,10603,4550,1.4519861882048295,0.09048257372654142,0.002907622555503142,0.736,expanded,rotation,False,A
1772524800,111.66,396032.5,61339,25541,1.7131829343464393,0.044599199881464,0.03948020805746277,0.98,expanded,rotation,False,A
1772539200,109.9,403897.2,52268,28677,1.6206040268864434,0.060879697057966704,0.0013916440366452676,0.996,expanded,rotation,False,A
1772553600,109.81,401328.7,69144,29700,1.6141377837367894,0.05978419364246129,-0.004844249301295789,0.98,expanded,rotation,False,A
1772568000,111.06,392920.3,38353,20936,1.6092948762596333,0.04953068592057752,-0.026884487324147388,0.968,expanded,rotation,False,A
1772582400,110.97,390741.8,17942,9116,1.5628823248293688,0.08811230585424144,-0.024946423954955166,0.96,expanded,rotation,False,A
1772596800,112.6,389958.2,30758,12982,1.5678447973964382,0.10578236454697224,0.017739535667895323,0.956,expanded,rotation,False,A
1772611200,115.72,398235.0,76297,39679,1.5296716969096495,0.010778806740549688,0.07216356622706965,0.972,expanded,rotation,False,A
1772625600,118.04,398639.2,51214,25709,1.5403242650761257,0.06127413714459481,0.07856138496823761,0.972,expanded,rotation,False,A
1772640000,117.59,398129.3,31896,16559,1.5133107288262104,0.08166744150007764,0.07051516464984009,0.964,expanded,rotation,False,A
1772654400,115.81,398026.7,21184,9790,1.5120808628848157,0.04441740188621847,0.06116937819912449,0.96,expanded,rotation,False,A
1772668800,115.49,390513.4,16659,8045,1.4866602428744236,0.05712086220169351,0.03488653739641556,0.94,expanded,rotation,False,A
1772683200,114.4,385690.0,22208,9575,1.4886413918076948,0.12391553445735815,0.0183124090273874,0.92,expanded,rotation,False,A
1772697600,117.68,385760.8,20832,9597,1.4979263836821703,0.1853135833595967,-0.00700879007505073,0.92,expanded,rotation,False,A
1772712000,116.39,382468.7,42334,14030,1.4622317004824772,0.1405953134895503,-0.013511484955657238,0.88,expanded,rotation,False,A
1772726400,118.65,374742.1,38845,19520,1.4730282354429476,0.12606665593302224,-0.0237030869348529,0.748,expanded,rotation,False,A
1772740800,116.75,376306.0,20131,11342,1.1913839493620475,0.07794888077472609,-0.01244851390698587,0.768,normal,rotation,False,A
1772755200,118.31,376070.4,10909,5793,1.1981670454059539,0.03617656820444749,-0.006520339009020382,0.76,normal,rotation,False,A
1772769600,118.4,370083.3,12185,5836,1.1856893686361696,0.05226012434884889,-0.028119114222297403,0.684,normal,rotation,False,A
1772784000,114.41,355973.5,15794,8800,1.2282910506176024,0.02236734693877534,-0.06331612355569571,0.544,normal,rotation,False,A
1772798400,110.77,336283.1,51460,30149,1.2770722491370043,0.06704798220527479,-0.1159297072273684,0.272,normal,rotation,False,A
1772812800,111.25,332183.7,13661,6289,0.9627450153217565,0.022760766333715394,-0.1122286746035499,0.244,normal,rotation,False,A
1772827200,110.92,332984.7,6524,3897,0.9428615816276639,0.043305785123966975,-0.11165869479325374,0.248,normal,rotation,False,A
1772841600,110.23,341343.9,4253,2533,0.9462538627034583,0.10312981015905585,-0.09871200779449152,0.38,normal,rotation,False,A
1772856000,110.16,343511.3,5189,1913,0.9356406689599351,0.05496485853306892,-0.08218784258182366,0.428,normal,rotation,False,A
1772870400,109.94,345814.3,5146,2641,0.9358291826583782,0.08518859245630159,-0.0706842012904002,0.464,normal,rotation,False,A
1772884800,109.67,346771.6,7673,4239,0.9162141428173443,0.28497409326424855,-0.09001506269123594,0.468,normal,rotation,False,A
1772899200,108.37,346448.6,7016,2982,0.847973592529703,0.32029755579171054,-0.0925191529131707,0.464,compressed,rotation,False,A
1772913600,108.73,351112.9,3635,1532,0.801011910911041,0.2906724511930581,-0.07256104534986085,0.504,compressed,rotation,False,A
1772928000,107.72,349814.0,9435,4040,0.8034666938098594,0.26960017869108766,-0.06415573665893426,0.488,compressed,rotation,False,A
1772942400,107.77,350176.0,7015,3426,0.7931939834647955,0.2678571428571426,-0.05172077626658933,0.496,compressed,rotation,False,A
1772956800,108.06,357318.0,9082,4464,0.7967921404223584,0.09734991887506733,-0.09775586599584629,0.544,compressed,rotation,False,A
1772971200,106.37,365259.4,13494,6746,0.8077607111984906,0.09563803847195872,-0.09566246064592665,0.604,compressed,rotation,False,A
1772985600,107.19,369624.7,8347,3488,0.7161087675900251,0.06960680127523915,-0.07899758975622728,0.676,compressed,rotation,False,A
1773000000,105.47,372707.8,14418,6425,0.7257547306894775,0.14668066124376797,-0.051441730040417855,0.712,compressed,rotation,False,A
1773014400,106.92,371426.0,11788,6107,0.699961288011069,0.10260957689384324,-0.04943366693811613,0.696,compressed,rotation,False,A
1773028800,106.48,376434.9,10691,5593,0.6860596048508579,0.15987460815046978,-0.03467884506595831,0.772,compressed,rotation,False,A
1773043200,106.0,380127.8,15920,8014,0.6475051036602324,0.2727272727272724,-0.04546863033133708,0.832,compressed,rotation,False,A
1773057600,105.12,392881.8,29557,13991,0.643329174518349,0.3777777777777775,-0.014442633840324848,0.948,compressed,trend,False,B
1773072000,107.84,392074.3,38335,11634,0.6445479385416155,0.2673430216616395,-0.015208626946070058,0.944,compressed,trend,False,B
1773086400,106.6,392033.5,8377,4282,0.5396488377883043,0.2563317561925967,-0.015057281333136774,0.94,compressed,trend,False,B
1773100800,107.6,382823.2,26021,13488,0.5517924728028782,0.21551488664299356,-0.019692538079359112,0.872,compressed,rotation,False,A
1773115200,110.83,381822.2,9571,4579,0.6676375466947992,0.09212903225806461,-0.010028261038657948,0.856,compressed,rotation,False,A
1773129600,111.28,373678.4,22264,9897,0.6645329590674353,0.17817371937639193,-0.031320963664529855,0.692,compressed,rotation,False,A
1773144000,114.37,371229.3,34725,16192,0.7392168180123707,0.05355249204665943,-0.029386456983277354,0.66,compressed,rotation,False,A
1773158400,111.45,366710.9,20084,9015,0.810995758500467,0.18759770713913484,-0.021431272333692797,0.564,compressed,rotation,False,A
1773172800,111.66,362200.8,12369,5041,0.8101100370767539,0.13872989915508313,-0.03748332474103522,0.516,compressed,rotation,False,A
1773187200,109.82,357357.9,9117,4146,0.8233630147375555,0.22964565864214234,-0.04975797084801148,0.484,compressed,rotation,False,A
1773201600,108.99,356435.3,12527,8016,0.8284765634382258,0.2495359321134979,-0.03687818391156805,0.476,compressed,rotation,False,A
1773216000,109.66,355518.8,6297,3111,0.8224244874262429,0.13812154696132592,-0.0012773422740738338,0.468,compressed,rotation,False,A
1773230400,111.28,357092.1,21811,12082,0.8389776960461166,0.015755329008341205,0.06187941053237589,0.476,compressed,rotation,False,A
1773244800,112.17,357421.8,13140,7460,0.8424350838473736,0.028065893837705958,0.07597633478102628,0.484,compressed,rotation,False,A
1773259200,110.22,356344.9,10002,5640,0.8483773411843207,0.020348837209302396,0.07015397404145007,0.464,compressed,rotation,False,A
1773273600,107.9,353420.8,17006,7513,0.8884991639936207,0.06466833194560082,0.03538044769512494,0.432,normal,rotation,False,A
1773288000,108.94,355901.6,9358,5825,0.8693254399307792,0.03297297297297294,0.036069555790450014,0.456,normal,rotation,False,A
1773302400,110.48,360224.5,15712,7688,0.8701499348236716,0.014091858037578448,0.04167034156771421,0.5,normal,rotation,False,A
1773316800,109.65,366753.7,26037,14451,0.874584169060483,0.0005144032921809674,0.057623230968164796,0.564,normal,rotation,False,A
1773331200,111.62,359238.7,24344,15408,0.892476125881603,0.08217446270543613,0.03691774191034414,0.488,normal,rotation,False,A
1773345600,111.58,362687.6,13457,6992,0.8826519998791862,0.07264848330359401,0.032965749763110175,0.524,normal,rotation,False,A
1773360000,115.52,369731.3,32060,15088,0.9244551226482774,0.18500948766603403,0.05693682928642074,0.636,normal,rotation,False,A
1773374400,114.21,369073.9,13709,7136,0.9240581865338203,0.14831874712114224,0.053966862377775815,0.6,normal,rotation,False,A
1773388800,115.83,369199.3,20651,9366,0.9304502824192634,0.17363128491620097,0.03325133354602894,0.604,normal,rotation,False,A
1773403200,113.94,379460.0,36853,19420,0.8993862545374978,0.16840934371523894,0.03887812332824292,0.8,normal,rotation,False,A
1773417600,112.82,376161.8,27869,12942,0.9087128179719136,0.12441988950276225,0.017685776951594345,0.728,normal,rotation,False,A
1773432000,112.24,370872.8,10793,4591,0.8447360458318138,0.15347993652233036,-0.00492342795079681,0.644,compressed,rotation,False,A
1773446400,112.61,370665.4,18887,5978,0.7839614984064095,0.13223332558679976,-0.002047783407731263,0.64,compressed,rotation,False,A
1773460800,111.23,370404.3,14929,5020,0.7987900421803583,0.10802820104616777,-0.016020299924369485,0.628,compressed,rotation,False,A
1773475200,110.44,367347.0,10827,4639,0.7787130022062192,0.10027100271002698,-0.03362237647443833,0.544,compressed,rotation,False,A
1773489600,110.56,368973.0,7037,2780,0.7754827232058145,0.12499999999999983,-0.06085494415877746,0.564,compressed,rotation,False,A
1773504000,110.18,371612.5,4939,3433,0.7789012798286363,0.05682370082564355,-0.052188577522168655,0.66,compressed,rotation,False,A
1773518400,111.1,373538.3,3214,1300,0.7680555731062503,0.11013215859030834,-0.047177600893801186,0.676,compressed,rotation,False,A
1773532800,111.1,374120.2,8891,4198,0.761519710019608,0.08780732563973906,-0.022733731915934086,0.688,compressed,rotation,False,A
1773547200,111.18,374134.6,6196,3420,0.7289500622684381,0.00953418687006288,-0.020133978590034962,0.688,compressed,rotation,False,A
1773561600,113.67,361385.9,11004,6126,0.7198190562560524,0.061677419354838704,-0.03289593404381952,0.44,compressed,rotation,False,A
1773576000,112.8,353234.1,6971,3475,0.7260654800093345,0.042978373939228216,-0.04847462201932884,0.348,compressed,rotation,False,A
1773590400,114.76,357759.5,17497,6958,0.7362281019693939,0.0930559460219286,-0.024409964361572056,0.412,compressed,rotation,False,A
1773604800,116.28,363904.3,22496,10325,0.7386888047154319,0.12527114967462044,0.004703192262413447,0.476,compressed,rotation,False,A
1773619200,118.05,362271.8,20719,8518,0.7316400836151868,0.22358054876392286,0.013750640464363473,0.448,compressed,rotation,False,A
1773633600,119.14,363449.6,21902,11136,0.736718591490626,0.27380631238198005,0.019679027301729102,0.468,compressed,rotation,False,A
1773648000,118.62,361325.9,14700,8015,0.6184262917615617,0.24268689057421464,0.016334157293510287,0.424,compressed,rotation,False,A
1773662400,119.91,359930.0,34928,16893,0.6065951292378662,0.23585679147307992,0.007947249463093664,0.412,compressed,rotation,False,A
1773676800,122.05,350881.4,26202,11210,0.6201713087905844,0.2610993657505284,-0.018298827883469815,0.296,compressed,rotation,False,A
1773691200,122.22,351830.6,25722,13442,0.5682812151108204,0.33277870216306155,-0.012668344629037875,0.308,compressed,rotation,False,A
1773705600,121.31,344691.9,26134,9875,0.559899313336827,0.38701298701298686,-0.024698319963058157,0.228,compressed,trend,False,B
1773720000,120.67,343887.2,11817,6973,0.560546411826068,0.3424817518248175,-0.03375764537164194,0.212,compressed,trend,False,B
1773734400,122.01,343497.0,15368,6733,0.5685632376874967,0.3386196769456681,-0.04643631957293304,0.192,compressed,trend,False,B
1773748800,121.41,343044.5,11512,5202,0.5404669015540438,0.34772324068598415,-0.06464610990972963,0.188,compressed,trend,False,B
1773763200,121.31,338819.6,11360,3306,0.5237622392398703,0.3032863849765256,-0.056839922870225434,0.096,compressed,trend,False,B
1773777600,119.6,338938.5,11319,6817,0.5738893591179004,0.2385484830458058,-0.06548087114089363,0.096,compressed,trend,False,B
1773792000,121.5,336514.1,8293,4591,0.5835064190407165,0.1893603546548448,-0.08984146054175024,0.072,compressed,rotation,False,A
1773806400,120.54,338490.5,5281,2247,0.6029811374385948,0.20268972142171018,-0.0828652473122592,0.084,compressed,rotation,False,A
1773820800,117.37,329866.8,10735,4921,0.7150954835674522,0.04697986577181225,-0.10653460068857123,0.016,compressed,rotation,False,A
1773835200,113.54,333985.3,35835,21035,0.8455272584058673,0.01152073732718869,-0.11984056290518108,0.044,compressed,rotation,False,A
1773849600,113.67,328514.6,19215,10679,0.7984488078969947,0.025200118588793608,-0.12666676945931254,0.004,compressed,rotation,False,A
1773864000,115.23,328368.2,8111,4314,0.8091704108286883,0.08614232209737852,-0.11460694879753919,0.004,compressed,rotation,False,A
1773878400,117.99,330476.4,12736,5937,0.8341391745219204,0.14501347708894868,-0.1084239316645147,0.028,compressed,rotation,False,A
1773892800,114.11,336497.8,15725,8522,0.925169934243416,0.07272727272727263,-0.0915391640971771,0.072,normal,rotation,False,A
1773907200,114.27,336295.8,8302,4111,0.9032121284129442,0.09828072876571721,-0.08452825257862462,0.072,normal,rotation,False,A
1773921600,111.67,337819.4,22924,11997,0.9340377685316384,0.026779252110977085,-0.08443327831575742,0.084,normal,rotation,False,A
1773936000,111.45,338243.0,9509,5440,0.9398942832315691,0.0307580527972874,-0.08979649500487741,0.096,normal,rotation,False,A
1773950400,111.54,336713.8,14221,6093,0.9277051814171653,0.010874938210578645,-0.09858292978256844,0.084,normal,rotation,False,A
1773964800,112.11,338259.8,8990,4770,0.8946644322295937,0.024616134535705714,-0.09585261635164322,0.104,normal,rotation,False,A
1773979200,112.16,336490.7,4595,2717,0.8970660140393313,0.023902439024390012,-0.10061592806439168,0.076,normal,rotation,False,A
1773993600,111.56,339428.4,5982,2967,0.8978006035590983,0.05395039631807724,-0.060759149706726245,0.136,normal,rotation,False,A
1774008000,110.07,342119.1,13466,7782,0.9082883885260685,0.06871381827334522,-0.03146638447420569,0.208,normal,rotation,False,A
1774022400,110.45,346031.4,5388,2401,0.8957615864067506,0.11297509829619934,-0.03278207846332515,0.28,normal,rotation,False,A
1774036800,111.17,342687.9,10436,7145,0.9112639745414514,0.13681392235609108,-0.05830214152457103,0.208,normal,rotation,False,A
1774051200,111.54,344121.7,2367,1150,0.9171632927295104,0.18108484005563263,-0.05010078068455781,0.248,normal,rotation,False,A
1774065600,111.34,342528.7,3793,2018,0.9105352222165796,0.2224757558471192,-0.057562038863160025,0.2,normal,rotation,False,A
1774080000,111.39,347177.2,1929,1161,0.875564714103827,0.20901994796183887,-0.039157724370160074,0.292,normal,rotation,False,A
1774094400,112.5,345598.3,2770,1481,0.8957134593772008,0.21534437663469913,-0.039818020170588775,0.268,normal,rotation,False,A
1774108800,111.72,345996.0,1462,621,0.8414153894224795,0.3125567322239032,-0.0139232230605556,0.272,compressed,rotation,False,A
1774123200,108.29,348021.7,6226,2583,0.8301091486855475,0.38364087028366833,-0.010825948624138881,0.292,compressed,trend,False,B
1774137600,109.17,353779.3,10925,5609,0.8418950498144188,0.3346196251378171,0.026363833905003187,0.352,compressed,trend,False,B
1774152000,108.17,357166.6,4676,2091,0.8184867766368494,0.3411572052401748,0.0386155692913257,0.392,compressed,trend,False,B
1774166400,106.67,362743.0,6490,2778,0.7396642092208638,0.4168478260869568,0.056029601423011055,0.48,compressed,trend,False,B
1774180800,107.32,366255.1,6031,4142,0.6381928793029651,0.38236092265943056,0.06766060962936282,0.516,compressed,trend,False,B
1774195200,106.26,364751.8,3269,1248,0.6431445753539415,0.39804284580798766,0.07653689455981882,0.492,compressed,trend,False,B
1774209600,106.25,363097.6,6873,2925,0.5849617220357884,0.3697036831902523,0.07127871280483022,0.472,compressed,trend,False,B
1774224000,107.13,363657.4,6726,4388,0.6039195446016025,0.4095183813052159,0.0806602160206662,0.484,compressed,trend,False,B
1774238400,105.65,360447.1,10103,7071,0.6234446596654931,0.4181409716371813,0.06486622224257399,0.428,compressed,trend,False,B
1774252800,109.27,361659.2,48692,22958,0.7902047933699539,0.22462562396006722,0.09637950833487952,0.44,compressed,trend,False,B
1774267200,109.46,366213.6,20503,10128,0.7916631728696742,0.12584824182603396,0.09649616315448606,0.52,compressed,rotation,False,A
1774281600,110.06,366447.2,11501,6922,0.794295896831582,0.1097598054119795,0.11546701425142158,0.524,compressed,rotation,False,A
1774296000,110.23,368288.5,3476,1688,0.7743544128373216,0.15873015873015903,0.12157175999381176,0.556,compressed,rotation,False,A
1774310400,110.16,367798.4,8595,3899,0.7737904692284402,0.27178063172509576,0.11293393416292363,0.544,compressed,rotation,False,A
1774324800,110.39,369576.3,15542,11693,0.7687627945081688,0.14785373608903035,0.09830227716199036,0.604,compressed,rotation,False,A
1774339200,110.62,367729.3,12449,7443,0.7677963632409261,0.14466904478795065,0.0934697965303164,0.536,compressed,rotation,False,A
1774353600,109.37,368391.5,11181,5027,0.7819851756034751,0.09631490787269677,0.09049835503822456,0.556,compressed,rotation,False,A
1774368000,108.93,370005.8,6230,2941,0.782858278238216,0.10456431535269702,0.09390526928864751,0.624,compressed,rotation,False,A
1774382400,112.24,367402.0,12505,7565,0.8788107060744127,0.025622254758418356,0.09114030966357789,0.524,normal,rotation,False,A
1774396800,111.88,359341.1,10449,4775,0.8746178439960047,0.008483954260420664,0.06232280631632836,0.376,normal,rotation,False,A
1774411200,112.62,352466.0,7490,4706,0.7549713937527888,0.016546762589928352,0.04747620067954328,0.288,compressed,rotation,False,A
1774425600,115.35,349611.1,16853,6554,0.8087107388687899,0.1266288005345805,0.02999955218832584,0.252,compressed,rotation,False,A
1774440000,114.75,356513.3,17860,9221,0.7990355535119296,0.16115702479338886,0.04207365212874703,0.332,compressed,rotation,False,A
1774454400,112.29,367567.9,30952,19725,0.8366307004963666,0.059125964010282986,0.06223857141288325,0.524,compressed,rotation,False,A
1774468800,112.53,369184.8,10211,6923,0.8351353506660135,0.04438642297650137,0.07732079247618584,0.58,compressed,rotation,False,A
1774483200,110.68,359176.6,7424,3829,0.8586657994380721,0.02677459526774599,0.04374876678802875,0.356,normal,rotation,False,A
1774497600,108.09,368182.0,13312,7505,0.9269587352821823,0.09417560127499293,0.07489387020708049,0.528,normal,rotation,False,A
1774512000,106.54,374185.3,16144,8245,0.9429055510667462,0.13468480977506256,0.07779341500536319,0.708,normal,rotation,False,A
1774526400,105.49,391032.0,20838,10327,0.936990343652912,0.19499304589707972,0.13146389898329947,0.94,normal,rotation,False,A
1774540800,104.15,397930.5,17140,10328,0.8214904763332065,0.20734045466995363,0.1501014462594943,0.96,compressed,rotation,False,A
1774555200,105.13,397287.4,20272,10191,0.8395002135110975,0.09277745155607801,0.14155927633248155,0.956,compressed,rotation,False,A
1774569600,105.95,398798.0,9589,5909,0.8464244315224542,0.0947058823529413,0.12725080297236158,0.976,compressed,rotation,False,A
1774584000,106.2,397086.1,7927,4180,0.8489723160021277,0.059248120300751946,0.11176716971855716,0.948,compressed,rotation,False,A
1774598400,101.28,392981.4,18946,8002,1.0572264530473725,0.1469866375784022,0.08336039565201814,0.94,normal,rotation,False,A
1774612800,100.52,404353.3,18065,9432,1.0540630654123369,0.18488308863512792,0.10402094059577593,1.0,normal,rotation,False,A
1774627200,98.68,413866.0,18853,9418,1.0658095811988846,0.20181043663471795,0.134651014744821,1.0,normal,rotation,False,A
1774641600,98.62,412732.1,7294,3702,1.0646999563717499,0.20287157670832237,0.13669740587654666,0.996,normal,rotation,False,A
1774656000,96.64,415629.0,13678,6597,1.0847807394515028,0.2709894084215966,0.1429136324463629,1.0,normal,rotation,False,A
1774670400,97.88,420222.1,22118,9786,0.9928826318867721,0.20197556537561778,0.16583570793051194,1.0,normal,rotation,False,A
1774684800,96.95,426022.6,7850,3725,0.9929563588421315,0.3443264393515931,0.17796699212960698,1.0,normal,rotation,False,A
1774699200,97.84,428024.4,16678,8620,1.0006997709052416,0.3185307017543859,0.16878346407670297,1.0,normal,rotation,False,A
1774713600,98.36,429699.9,5290,2432,0.9149453435511409,0.32142857142857184,0.17261067897366944,1.0,normal,rotation,False,A
1774728000,96.78,428274.9,5673,2533,0.9225545228904244,0.3557259984131187,0.16287883004763937,0.996,normal,trend,False,B
1774742400,97.71,428643.3,4582,2459,0.9355771767136828,0.32195500387897646,0.16543002905939774,0.996,normal,trend,False,B
1774756800,96.63,432374.8,5894,3233,0.928868966877661,0.34817813765182254,0.16992025733251825,1.0,normal,trend,False,B
1774771200,95.73,434544.9,8914,2555,0.9285619505042628,0.3704901716844993,0.18169778693185457,1.0,normal,trend,False,B
1774785600,95.46,434008.0,8228,3895,0.9056907842411334,0.354756439683755,0.17811621603647199,0.996,normal,trend,False,B
1774800000,95.06,437570.2,10274,5513,0.8980227347596457,0.35409752361501223,0.1826036240512987,1.0,normal,trend,False,B
1774814400,95.35,432211.0,10737,4922,0.9048227096364724,0.46721991701244897,0.17639805989080082,0.984,normal,trend,False,B
1774828800,98.17,432288.2,16519,10342,1.0183727535680678,0.35508935508935546,0.20300238408576154,0.984,normal,trend,False,B
1774843200,98.72,433288.0,10053,4906,1.0099912262341488,0.36179073399271294,0.22930438680610332,0.988,normal,trend,False,B
1774857600,98.46,425921.8,8811,4315,0.9974060721961727,0.4698191933240619,0.21827310402901978,0.952,normal,trend,False,B
1774872000,98.56,426301.9,15055,7266,0.9968469950668188,0.4566995768688298,0.19575314581531744,0.956,normal,trend,False,B
1774886400,96.62,424179.5,16007,7966,0.7959958959198395,0.4486115087317497,0.1540167136466486,0.944,compressed,trend,False,B
1774900800,96.82,423384.0,5151,2688,0.795265528794134,0.4502722843221561,0.1468077775683072,0.94,compressed,trend,False,B
1774915200,98.07,421450.0,7206,3827,0.7812701520585205,0.36774569845436067,0.17337822118701496,0.936,compressed,trend,False,B
1774929600,97.63,422064.3,4666,2401,0.7835716196347092,0.32545115121344187,0.14634691538423938,0.936,compressed,trend,False,B
1774944000,96.58,424877.7,9115,4324,0.7426466484862322,0.3147914032869792,0.13547405523413136,0.944,compressed,trend,False,B
1774958400,96.38,419846.5,15211,7877,0.7174896442521159,0.2958752841831768,0.0736883426420345,0.92,compressed,trend,False,B
1774972800,97.98,423981.4,17190,8070,0.7449866079675994,0.19871175523349463,0.06546595448200132,0.936,compressed,rotation,False,A
1774987200,98.14,421535.8,4927,2381,0.7339329387735155,0.23122725769103541,0.061034908230162666,0.924,compressed,rotation,False,A
1775001600,97.88,421461.8,9475,5225,0.7307215931981774,0.27199191102123405,0.05683027497630366,0.92,compressed,rotation,False,A
1775016000,100.21,424352.6,15786,7680,0.7641901391302187,0.1886614173228351,0.06866646805315013,0.94,compressed,rotation,False,A
1775030400,99.07,419448.1,11595,4958,0.7771699237302332,0.07901322845906365,0.067348480106183,0.9,compressed,rotation,False,A
1775044800,99.92,416910.9,13264,6947,0.7635626744289182,0.021382751247326973,0.031056009682621788,0.896,compressed,rotation,False,A
1775059200,99.45,420006.3,14935,8314,0.7518793364487233,0.02884975646309466,0.014836444646334712,0.904,compressed,rotation,False,A
1775073600,98.04,417366.1,8679,3647,0.78464449719753,0.0206847360912981,0.01122762198530225,0.892,compressed,rotation,False,A
1775088000,94.23,412828.7,20830,9396,0.9788384902185074,0.08068295949112818,-0.0067374990676780655,0.876,normal,rotation,False,A
1775102400,94.37,410466.6,8986,4331,0.9778927797285931,0.12200208550573491,-0.023215104583980684,0.868,normal,rotation,False,A
1775116800,93.39,410632.4,5952,2622,0.877797312147144,0.12352532963219998,-0.03612531353970416,0.868,normal,rotation,False,A
1775131200,94.37,404446.1,18819,8986,0.8901151688510439,0.12002767208578344,-0.05508634554478675,0.86,normal,rotation,False,A
1775145600,94.81,397845.2,9327,4428,0.8955442077408747,0.12313562261533116,-0.07413243521816038,0.804,normal,rotation,False,A
1775160000,94.28,399004.5,4820,2533,0.8959291257549002,0.08999280057595392,-0.06834488782788817,0.828,normal,rotation,False,A
1775174400,94.89,400634.0,5093,3033,0.8625893118530443,0.10269482884195165,-0.06534407513193363,0.828,normal,rotation,False,A
1775188800,95.26,400145.1,6184,2582,0.8646483227023469,0.05121495327102765,-0.07454111571719724,0.824,normal,rotation,False,A
1775203200,95.31,399958.1,3919,1574,0.8409733085408154,0.01621621621621627,-0.07959315596616146,0.82,compressed,rotation,False,A
1775217600,94.78,396006.2,5219,2480,0.8428359057879481,0.025993883792048637,-0.08756013714032918,0.772,compressed,rotation,False,A
1775232000,94.28,395593.0,4008,2110,0.8342166471872026,0.029702970297029726,-0.09593249266060622,0.768,compressed,rotation,False,A
1775246400,94.75,392381.5,2828,1459,0.8396018606345649,0.022692889561270566,-0.09215290679783716,0.752,compressed,rotation,False,A
1775260800,94.98,388639.3,1435,627,0.8007315881189083,0.13375262054507314,-0.10097175911810685,0.724,compressed,rotation,False,A
1775275200,94.92,386442.8,4967,2795,0.803088110616777,0.162671232876712,-0.10811561824929383,0.712,compressed,rotation,False,A
1775289600,94.72,385538.8,2555,1027,0.8065433814420474,0.16051502145922708,-0.09481317932071098,0.7,compressed,rotation,False,A
1775304000,94.88,384810.5,3700,1888,0.7129140492703775,0.15753424657534268,-0.09732867716517335,0.696,compressed,rotation,False,A
1775318400,94.66,387979.1,3404,1862,0.7025483383664985,0.09057301293900215,-0.08534217235863595,0.716,compressed,rotation,False,A
1775332800,94.43,388595.9,2978,1324,0.6843664370125322,0.11029072450392176,-0.08216678003892441,0.72,compressed,rotation,False,A
1775347200,94.04,390441.5,2210,1393,0.6843901934999879,0.1936568957232092,-0.07357575038557362,0.728,compressed,rotation,False,A
1775361600,92.63,392665.0,4829,2384,0.6879894874627904,0.2295684113865929,-0.06965597422004177,0.752,compressed,rotation,False,A
1775376000,91.95,402965.2,12621,5367,0.4004926855888678,0.21625408687529146,-0.051573664609839476,0.836,compressed,rotation,False,A
1775390400,91.59,404163.9,24679,12922,0.40110171762378877,0.22206768660176113,-0.037353175505809855,0.852,compressed,rotation,False,A
1775404800,91.67,406580.7,7789,4057,0.379591339269722,0.3147132169576059,-0.04104118718415484,0.86,compressed,rotation,False,A
1775419200,94.11,406683.5,20923,10860,0.5333809591851755,0.18047469771607696,-0.035233780855623675,0.86,compressed,rotation,False,A
1775433600,95.74,400698.1,13886,6478,0.5902202427136057,0.09029535864978905,-0.049265912118251265,0.812,compressed,rotation,False,A
1775448000,95.69,399738.1,9282,3436,0.5832996814272099,0.21101774042950494,-0.05800482900305082,0.796,compressed,rotation,False,A
1775462400,97.04,399792.4,15342,8769,0.6117056473797541,0.0938511326860835,-0.04686086311989479,0.796,compressed,rotation,False,A
1775476800,97.6,394913.0,14542,5313,0.6166295543334988,0.10871602624179984,-0.05276403183509959,0.736,compressed,rotation,False,A
1775491200,95.02,412950.7,23281,10480,0.7484014392381253,0.18891257995735647,-0.016798795637113062,0.876,compressed,rotation,False,A
1775505600,92.91,412407.6,14649,7705,0.8177844294657877,0.21242236024844768,-0.011880456989678878,0.864,compressed,rotation,False,A
1775520000,92.67,413992.9,10865,7671,0.8155196382654362,0.0758017492711372,0.00282005587305334,0.88,compressed,rotation,False,A
1775534400,91.46,419991.0,7313,3611,0.8308177997808058,0.13441108545034697,0.023203836804261302,0.9,compressed,rotation,False,A
1775548800,86.26,459996.2,80475,29238,1.1875798710243366,0.27560881329725556,0.12021408929251565,1.0,normal,rotation,False,A
1775563200,86.08,474738.0,58477,31775,1.1865579653244758,0.3306741124850424,0.1737979424205105,1.0,normal,rotation,False,A
1775577600,89.41,476753.6,38746,16680,1.3508162551757732,0.19313304721030078,0.1983394546421573,1.0,expanded,rotation,False,A
1775592000,95.76,455574.7,74144,32970,1.7278462873894438,0.04381290704558924,0.14177835087072954,0.988,expanded,rotation,False,A
1775606400,94.83,450768.7,28579,11244,1.7343184243995133,0.0017595307917889233,0.125138405627081,0.984,expanded,rotation,False,A
1775620800,95.94,440634.4,16242,7653,1.7423501554329135,0.019517795637198417,0.10118654458095344,0.98,expanded,rotation,False,A
1775635200,95.49,429248.1,12145,5921,1.7427506849087482,0.005107832009080381,0.07323267112230014,0.944,expanded,rotation,False,A
1775649600,94.33,416418.2,25252,9100,1.7370159491549246,0.012545302481182128,0.05154464753329613,0.852,expanded,rotation,False,A
1775664000,93.42,418763.5,13696,6484,1.7400092882441074,0.02370452039691289,0.05857156218638848,0.86,expanded,rotation,False,A
1775678400,91.89,420353.8,21123,10645,1.758371030090303,0.07659346545259775,0.07128852914829054,0.88,expanded,rotation,False,A
1775692800,89.64,413609.7,14795,6921,1.797889386628584,0.13567073170731722,0.06425083618666472,0.828,expanded,rotation,False,A
1775707200,90.5,419143.5,14213,8448,1.7542257796166034,0.1100597609561754,0.08461976778969627,0.856,expanded,rotation,False,A
1775721600,89.82,426242.1,14245,8583,1.729222690350823,0.12057086614173246,0.10557510683749594,0.924,expanded,rotation,False,A
1775736000,91.5,426875.1,20980,12529,1.759750777923488,0.0801707779886147,0.10931250576582485,0.928,expanded,rotation,False,A
1775750400,91.05,427635.4,18688,10157,1.741036893962203,0.08516159471573483,0.10221246453739408,0.928,expanded,rotation,False,A
1775764800,90.5,429293.7,20116,8224,1.7356419972643689,0.09201592132989947,0.10473038958980263,0.944,expanded,rotation,False,A
1775779200,89.92,430526.7,10595,5504,1.6979029905753695,0.09603729603729613,0.10266634054013224,0.948,expanded,rotation,False,A
1775793600,89.63,433182.1,11340,6352,1.669126662546948,0.07180469123982766,0.10318490316172824,0.96,expanded,rotation,False,A
1775808000,90.02,442227.1,14350,7970,1.6716011874189414,0.04651723306820936,0.09743248300349494,0.98,expanded,rotation,False,A
1775822400,91.63,428209.0,22334,11096,1.6846347366558794,0.0009358914365931687,0.05949343818188613,0.916,expanded,rotation,False,A
1775836800,94.51,420299.2,18564,9162,1.4662105923976287,0.06236275801493198,0.033741149051098596,0.844,expanded,rotation,False,A
1775851200,93.56,417554.9,15415,7479,1.4797858280007194,0.012485811577752482,0.02673184429660913,0.812,expanded,rotation,False,A
1775865600,92.55,417659.2,9436,4253,1.3938697550472137,0.07345153119963148,0.042328875529981325,0.812,expanded,rotation,False,A
1775880000,91.58,423123.9,8185,3636,0.9165302194963415,0.0926719278466741,0.058502804711384915,0.864,normal,rotation,False,A
1775894400,91.79,426036.7,6076,2924,0.9121020121076018,0.12149965285813459,0.06564481966140434,0.892,normal,rotation,False,A
1775908800,92.29,437557.4,23001,7220,0.89664081067372,0.12305909617612937,0.10798429021075528,0.968,normal,rotation,False,A
1775923200,96.08,430568.5,26998,14506,1.0983554827306572,0.023895401262398586,0.04266320410644653,0.936,normal,rotation,False,A
1775937600,94.45,435178.8,19489,8417,1.1141614151949484,0.03509571558796729,0.05521527731302722,0.964,normal,rotation,False,A
1775952000,89.94,434375.1,29202,13586,1.3333940823549992,0.05669781931464177,0.049233211487443196,0.956,expanded,rotation,False,A
1775966400,89.76,438225.6,12248,6346,1.3129979855186957,0.036078098471986154,0.04341664464238515,0.972,expanded,rotation,False,A
1775980800,89.85,444087.5,12630,4898,1.2580741421126675,0.08545584384670284,-0.034584416132133255,0.98,normal,rotation,False,A
1775995200,89.13,445457.1,12612,6278,1.2544511844626969,0.071680376028202,-0.06167802029751157,0.98,normal,rotation,False,A
1776009600,90.24,447937.2,17023,7207,1.2646661948277207,0.020580213240763645,-0.06044296257018289,0.98,normal,rotation,False,A
1776024000,89.76,449918.6,18085,9932,1.2326184024970457,0.1741149158444573,-0.012415307522564478,0.98,normal,rotation,False,A
1776038400,94.53,448985.1,31646,16536,1.4651502438650632,0.007832898172323686,-0.00395679646790037,0.976,expanded,rotation,False,A
1776052800,95.98,451436.9,85111,49066,1.472736979322386,0.0010351966873707623,0.024515789053237702,0.984,expanded,rotation,False,A
1776067200,93.84,445427.4,25367,11477,1.5169524274220219,0.04091247210513244,0.0376921878046752,0.96,expanded,rotation,False,A
1776081600,94.19,448311.7,34342,17914,1.5146754381159262,0.0035425101214575047,0.07659007219184955,0.968,expanded,rotation,False,A
1776096000,96.78,448346.5,22370,11212,1.559948013594883,0.0815533980582524,0.07064369268095239,0.968,expanded,rotation,False,A
1776110400,103.2,450788.5,59481,31028,1.8011536850923264,0.2453894554133218,0.07240258087354046,0.98,expanded,rotation,False,A
1776124800,101.45,440873.9,50547,26462,1.7871067599233548,0.25904803685018646,0.06591769970578554,0.936,expanded,rotation,False,A
1776139200,99.95,435258.5,18663,8599,1.7973627571127186,0.20441271901362756,0.03844745296062091,0.916,expanded,rotation,False,A
1776153600,100.27,429485.5,13734,7254,1.7832183335912946,0.22781774580335742,0.007609290588611595,0.864,expanded,rotation,False,A
1776168000,99.56,435715.5,45637,19229,1.777226336815262,0.17951002227171506,0.02070957055119882,0.916,expanded,rotation,False,A
1776182400,98.2,431508.9,23526,10083,1.797780872891417,0.15607945863348635,0.009057949832965262,0.872,expanded,rotation,False,A
1776196800,99.91,432808.3,13498,5995,1.8099077531946075,0.20034064296359383,0.008186935890277303,0.884,expanded,rotation,False,A
1776211200,100.13,434444.3,26784,12122,1.7152579341795695,0.21905170564256599,0.009099551781573512,0.9,expanded,rotation,False,A
1776225600,99.23,432850.4,17890,8086,1.6977661644768696,0.2033036848792888,-0.0007657287778048971,0.88,expanded,rotation,False,A
1776240000,101.38,440552.7,21781,10710,1.50772576269617,0.23193140057166214,-0.003786289894943007,0.928,expanded,rotation,False,A
1776254400,108.03,503532.4,77825,40176,1.7331190185613337,0.30359126249537244,0.1759033556043894,1.0,expanded,rotation,False,A
1776268800,107.72,488839.8,47682,24454,1.7385516300553128,0.2567541302235181,0.16307573271612208,0.996,expanded,rotation,False,A
1776283200,105.45,490356.2,15514,7449,1.7810116751467229,0.22531741519802945,0.1743514445645351,0.996,expanded,rotation,False,A
1776297600,106.74,496147.5,26175,12732,1.7808978280916454,0.2674835061262963,0.18792426935645135,0.996,expanded,rotation,False,A
1776312000,106.12,475655.2,27896,13093,1.7818268151919456,0.2759013282732453,0.12415110562178122,0.98,expanded,rotation,False,A
1776326400,106.1,475235.3,22025,9886,1.6450746327185448,0.27251952009141134,0.11547972275627894,0.976,expanded,rotation,False,A
1776340800,109.83,442102.9,65524,31754,1.6969764151671956,0.31467527807678536,0.010388351334019275,0.912,expanded,rotation,False,A
1776355200,116.52,434448.0,93551,51754,1.8038352334851633,0.3485675306957712,0.00901018072617954,0.868,expanded,rotation,False,A
1776369600,115.41,431218.1,43898,19814,1.8274936626858487,0.36063317274604295,-0.00910131651633772,0.82,expanded,trend,False,B
1776384000,113.64,426687.6,25768,12945,1.8456907732885044,0.4279523293607807,-0.017697837652296378,0.768,expanded,trend,False,B
1776398400,113.2,431486.6,24520,10917,1.619948703287221,0.42127965492451525,-0.015377924064682635,0.82,expanded,trend,False,B
1776412800,117.28,445819.7,58544,24613,1.6448600116935872,0.4600033540164353,0.0039005826554452394,0.928,expanded,trend,False,B
1776427200,116.45,436150.7,59713,27523,1.6236763036057718,0.4573150318044867,-0.020891798559277586,0.88,expanded,trend,False,B
1776441600,116.95,444149.2,26582,12916,1.6230425386827672,0.4517165567393884,-0.008456542568913705,0.916,expanded,trend,False,B
1776456000,114.78,449631.4,16755,7658,1.6577203968732133,0.41137783623807983,-0.0006383376904176563,0.944,expanded,trend,False,B
1776470400,114.07,449129.9,19355,9223,1.6386570430206282,0.3442565186751234,0.0003225051343576091,0.94,expanded,trend,False,B
1776484800,114.83,449018.3,13146,5645,1.6312595826788172,0.33618690922061717,-0.005357559384268407,0.936,expanded,trend,False,B
1776499200,111.22,430499.2,36302,15422,1.7337779422389927,0.3020507473062219,-0.03351432803639831,0.78,expanded,trend,False,B
1776513600,112.96,430459.1,19948,9566,1.7248240217077597,0.31851349058204664,-0.03982184716571091,0.776,expanded,trend,False,B
1776528000,103.67,517654.6,168699,81039,2.1987317106516606,0.10498247752552195,0.15458601773405167,1.0,expanded,rotation,False,A
1776542400,101.09,452080.4,116661,58176,1.9885926623884789,0.0341479203754653,0.0028658672526029605,0.956,expanded,rotation,False,A
1776556800,95.32,513276.5,185133,99390,2.1526817123426345,0.09314693815529575,0.1642251900146503,0.996,expanded,rotation,False,A
1776571200,92.48,538390.4,138783,69936,2.1718991470070623,0.11124348473566649,0.23694402291971328,1.0,expanded,rotation,False,A
1776585600,90.96,551256.0,152483,75542,2.1518256448354607,0.1362106803218728,0.28352645199896154,1.0,expanded,rotation,False,A
1776600000,91.88,560518.4,119689,63340,2.168564062261828,0.11201866977829653,0.2864320869925445,1.0,expanded,rotation,False,A
1776614400,91.0,575542.7,94749,45567,2.156474905518031,0.10575793184488845,0.3337910295708846,1.0,expanded,rotation,False,A
1776628800,90.21,590010.5,46997,20755,2.0418014219206775,0.14443120905300783,0.3632143838276669,1.0,expanded,rotation,False,A
1776643200,93.14,595285.1,122076,53729,1.8576402158993697,0.10004293688278225,0.3702219133730147,1.0,expanded,rotation,False,A
1776657600,92.37,593948.6,80282,32575,1.8542918962246526,0.0983653570404359,0.37217985705915924,0.996,expanded,rotation,False,A
1776672000,90.39,601902.0,87483,48529,1.850714565463891,0.15797038953571932,0.36624290351642386,1.0,expanded,rotation,False,A
1776686400,87.15,623344.6,96743,52525,1.8721949942819307,0.3155985489721886,0.23794337762574957,1.0,expanded,rotation,False,A
1776700800,89.93,635108.8,61347,29996,1.8445762847989906,0.2592160862596531,0.2992166349793941,1.0,expanded,rotation,False,A
1776715200,90.58,676374.1,118450,57639,1.8657383338137163,0.22190717803312948,0.37935260123151293,1.0,expanded,rotation,False,A
1776729600,93.55,699420.9,82563,43055,1.9641824257325167,0.19202212840296984,0.4097035659758439,1.0,expanded,rotation,False,A
1776744000,92.4,679620.5,89273,45641,1.9599090014799088,0.19820861022825773,0.4288091457845935,0.996,expanded,rotation,False,A
1776758400,93.02,681804.6,56073,31172,1.9707450775968964,0.18733887138355776,0.43466741633039474,0.996,expanded,rotation,False,A
1776772800,92.17,681182.7,64699,32076,1.947672935027297,0.26381834478637595,0.540778628685765,0.992,expanded,rotation,False,A
1776787200,90.38,679536.5,39844,19603,1.9235783498992527,0.42134107027724066,0.5641377103819099,0.984,expanded,trend,False,B
1776801600,91.82,681581.6,27203,13061,1.9159285703114528,0.3782267115600451,0.5805959907527074,0.992,expanded,trend,False,B
1776816000,92.47,676392.6,48695,25001,1.5381191926370472,0.3456326530612246,0.585217381522219,0.976,expanded,trend,False,B
1776830400,93.32,664105.5,38955,23430,1.5225883560762785,0.3224132338631206,0.539110368664983,0.968,expanded,trend,False,B
1776844800,93.45,654062.3,25699,13289,1.276674649806868,0.4129267024779068,0.46710048927851333,0.964,normal,trend,False,B
1776859200,94.09,639762.0,80564,39712,1.200540019706374,0.38873435326842837,0.4668370359144214,0.96,normal,trend,False,B
1776873600,94.46,631960.5,26967,12084,1.171479431623314,0.3918801184875416,0.42285632845899523,0.952,normal,trend,False,B
1776888000,93.92,625482.2,20423,9078,1.1694978976851478,0.3741032998565281,0.3910999098372576,0.948,normal,trend,False,B
1776902400,91.94,614695.3,43258,17965,1.2044754522174814,0.3880413817289147,0.36863588908242373,0.94,normal,trend,False,B
1776916800,91.53,613092.0,24166,11746,1.1989033135968288,0.4110797459421315,0.3654053743466581,0.936,normal,trend,False,B
1776931200,91.96,616919.1,19717,8857,1.1043410508853704,0.3600000000000004,0.43303193130207895,0.94,normal,trend,False,B
1776945600,93.78,613541.7,36317,18266,1.1347548434127301,0.35796939156401647,0.42531938574419725,0.932,normal,trend,False,B
1776960000,92.46,615245.5,47882,22191,1.1072121401575514,0.245779434334576,0.18852512853165027,0.936,normal,trend,False,B
1776974400,94.24,640754.0,52891,28250,0.9807516398539032,0.15286766346797612,0.4173452332815135,0.96,normal,rotation,False,A
1776988800,93.92,672432.3,86609,44467,0.8948816766580234,0.03556910569105672,0.31007809630871486,0.968,normal,rotation,False,A
1777003200,93.36,647507.9,23828,10653,0.9023057968612036,0.02373247033441197,0.20267356178713447,0.956,normal,rotation,False,A
1777017600,94.95,648448.4,33773,16918,0.8105574257831396,0.10740242261103665,0.17631082473478754,0.956,compressed,rotation,False,A
1777032000,94.33,635526.1,51205,25680,0.7940106897694432,0.06648575305291735,0.13381844378346885,0.94,compressed,rotation,False,A
1777046400,94.91,653260.3,27517,15200,0.7931555724313002,0.10697674418604647,0.13503359524845004,0.956,compressed,rotation,False,A
1777060800,94.25,647815.3,21979,11120,0.7874069419712147,0.11092806150466802,0.09797249370985783,0.948,compressed,rotation,False,A
1777075200,94.8,647088.5,24200,12097,0.721597636156877,0.04876615746180959,0.08702283998037252,0.94,compressed,rotation,False,A
1777089600,94.53,652047.0,20908,9660,0.6944859210002466,0.06440071556350623,0.09781721852699032,0.952,compressed,rotation,False,A
1777104000,95.39,648813.9,24180,11405,0.698737317790855,0.15422578655151162,0.0779394320005582,0.948,compressed,rotation,False,A
1777118400,94.73,644101.6,43339,20087,0.6989897855402638,0.2540214477211799,0.03329939811783089,0.928,compressed,rotation,False,A
1777132800,93.85,642883.0,17231,8701,0.7142464076871854,0.14030064423765182,0.01224073733508324,0.924,compressed,rotation,False,A
1777147200,94.09,632355.7,21085,9060,0.7080318777559821,0.12749727569923744,-0.06507996092694857,0.904,compressed,rotation,False,A
1777161600,93.49,624454.3,13329,7574,0.7112444373242429,0.002384737678855417,-0.10718381449567771,0.892,compressed,rotation,False,A
1777176000,94.7,655605.1,24255,13033,0.7322663846808156,0.09119746233148279,-0.03533648558276281,0.96,compressed,rotation,False,A
1777190400,95.75,651972.2,14388,7236,0.6658264164339326,0.10643274853801177,-0.04375505826742743,0.944,compressed,rotation,False,A
1777204800,95.96,642905.0,20290,10291,0.6582492019344948,0.15153938424630103,-0.05619300079112399,0.916,compressed,rotation,False,A
1777219200,96.89,645976.2,48556,29392,0.6661580517417448,0.26956521739130435,-0.04938704543464556,0.92,compressed,rotation,False,A
1777233600,96.43,644094.6,23712,11790,0.6198271155074604,0.198964177816142,-0.055000017606109064,0.912,compressed,rotation,False,A
1777248000,99.26,656766.7,61616,35304,0.6925532186278169,0.26785009861932957,-0.02901554511388804,0.96,compressed,rotation,False,A
1777262400,95.62,632747.9,57465,24535,0.8758672957910907,0.08173418621179851,-0.0472177989792284,0.88,normal,rotation,False,A
1777276800,96.08,639635.7,19951,10799,0.875374683179374,0.09237794169301003,-0.022056920265852487,0.888,normal,rotation,False,A
1777291200,97.13,664952.7,70270,37610,0.8792176623576708,0.10526315789473659,0.039375111369540416,0.964,normal,rotation,False,A
1777305600,95.57,662696.7,21979,11813,0.8860235751625074,0.036913867642168245,0.04863626761482709,0.956,normal,rotation,False,A
1777320000,97.59,655381.7,23063,10880,0.9282065278390285,0.11632329635499204,0.04780231955441727,0.944,normal,rotation,False,A
1777334400,97.03,648869.2,19033,9306,0.9317098551318379,0.16893461666113507,0.05559486138904912,0.924,normal,rotation,False,A
1777348800,97.69,645914.5,21241,11257,0.9265345359099062,0.20276497695852508,0.05353601090864024,0.896,normal,rotation,False,A
1777363200,96.45,653682.5,20260,10326,0.9480569201268274,0.14395639628085943,0.05959193028713172,0.936,normal,rotation,False,A
1777377600,96.52,656033.1,40102,18451,0.9463381183532643,0.09307065217391283,0.06925592832565419,0.948,normal,rotation,False,A
1777392000,96.83,647240.1,24632,13090,0.9390018403924182,0.15371086880056292,0.05200298092387512,0.896,normal,rotation,False,A
1777406400,96.42,644483.9,10713,5275,0.9348317337132898,0.08056171470805641,0.005821110753893022,0.88,normal,rotation,False,A
1777420800,97.2,654561.7,22639,11302,0.9265766331343971,0.11918604651162791,-0.02657605828869325,0.936,normal,rotation,False,A
1777435200,97.24,656118.6,46559,24590,0.9266901034378114,0.14370370370370353,0.013298216129872698,0.948,normal,rotation,False,A
1777449600,96.84,643819.1,29961,15215,0.9228221462147789,0.07322743122820617,-0.00713904144107691,0.86,normal,rotation,False,A
1777464000,93.75,622541.0,54817,27338,1.0312645257096487,0.020509193776520458,-0.02043204834545742,0.804,normal,rotation,False,A
1777478400,93.29,615784.2,30532,13528,1.0139644650148338,0.05752840909090878,-0.05736779045045304,0.796,normal,rotation,False,A
1777492800,93.24,604455.1,13158,6582,1.0126398594410155,0.0366606170598913,-0.06693296685027361,0.776,normal,rotation,False,A
1777507200,92.51,591597.3,24487,13126,1.0025237161528646,0.08258204111071017,-0.08575519422768285,0.76,normal,rotation,False,A
1777521600,92.76,587052.5,22579,11737,1.0043518771675382,0.06387585709130265,-0.09967763060024815,0.752,normal,rotation,False,A
1777536000,92.66,589108.5,12851,6634,0.8884303058293953,0.10129870129870143,-0.09202238114812278,0.752,normal,rotation,False,A
1777550400,93.59,587261.8,21780,9627,0.7387109010860718,0.04188096987509184,-0.088246636865985,0.748,compressed,rotation,False,A
1777564800,93.06,586147.5,8512,4291,0.7381404453911974,0.02940081875697774,-0.0882516725438377,0.74,compressed,rotation,False,A
1777579200,92.8,587708.1,4771,2406,0.7150954657993336,0.04797322424693218,-0.070605198941039,0.748,compressed,rotation,False,A
1777593600,93.24,586730.3,13298,7038,0.6920185921261885,0.009352787130564913,-0.06041114617995269,0.736,compressed,rotation,False,A
1777608000,92.35,594358.3,15407,9130,0.614637178236094,0.0889814464218103,-0.0934202616788673,0.764,compressed,rotation,False,A
1777622400,92.75,598074.1,22177,8652,0.6242537318441721,0.11645962732919259,-0.0826693224036239,0.768,compressed,rotation,False,A
1777636800,93.39,587065.1,48474,24317,0.6257823190308388,0.09812905689194323,-0.08685560074972198,0.732,compressed,rotation,False,A
1777651200,92.41,596749.8,26914,13442,0.6206564715626179,0.17073170731707335,-0.07620466512543322,0.764,compressed,rotation,False,A
1777665600,91.98,598354.9,15072,8027,0.6220467684468907,0.16978252575352934,-0.07101394733009714,0.768,compressed,rotation,False,A
1777680000,92.49,601555.1,6980,3041,0.6334578868528203,0.2833821682712438,-0.08406577251861269,0.768,compressed,rotation,False,A
1777694400,91.93,604200.0,8673,4661,0.6408215620670942,0.17731859682844797,-0.04511733662016104,0.772,compressed,rotation,False,A
1777708800,92.1,604607.4,8907,4180,0.6223249006330235,0.19395711500974708,-0.05476289081425556,0.776,compressed,rotation,False,A
1777723200,92.63,603622.6,8793,5068,0.6343238661806796,0.2250000000000003,-0.09223227456629624,0.764,compressed,rotation,False,A
1777737600,92.96,607120.2,18828,8720,0.6402345546494262,0.13905167820990963,-0.08386415686089876,0.776,compressed,rotation,False,A
1777752000,93.26,599173.9,24755,12678,0.41119874337735873,0.25395894428152527,-0.0857634566238269,0.748,compressed,rotation,False,A
1777766400,91.97,603880.0,27649,12419,0.45773702712850545,0.28458942632171036,-0.06933477502091323,0.76,compressed,rotation,False,A
1777780800,92.41,607298.2,16326,9155,0.46552881388445777,0.300683371298406,-0.05978546696195863,0.776,compressed,rotation,False,A
1777795200,93.12,607154.1,13388,6551,0.4651612445149819,0.19553728714034063,-0.07117889801241428,0.772,compressed,rotation,False,A
1777809600,92.63,603910.6,15753,9082,0.47122552445411015,0.22292263610315186,-0.07945102160241613,0.752,compressed,rotation,False,A
1777824000,92.89,607783.4,11892,7466,0.47295001828952027,0.2264367816091952,-0.06096145773415451,0.776,compressed,rotation,False,A
1777838400,92.39,612910.1,26378,13976,0.45159561766898587,0.23041738136077752,-0.04899082816498601,0.776,compressed,rotation,False,A
1777852800,94.21,610945.5,36139,18696,0.5399969132880164,0.16135995682676788,-0.06663420728710523,0.772,compressed,rotation,False,A
1777867200,93.56,597670.3,23334,10822,0.5502057743494226,0.1922675026123298,-0.08908191293464307,0.708,compressed,rotation,False,A
1777881600,92.05,605453.7,53247,29215,0.6019575013755656,0.23654320987654334,-0.05959034144839759,0.752,compressed,rotation,False,A
1777896000,92.58,599447.9,38616,18585,0.5912056479950616,0.06613906161673266,-0.03709490619894906,0.716,compressed,rotation,False,A
1777910400,92.53,597176.2,16082,7290,0.5872934356462383,0.04398148148148174,-0.030218378451412065,0.696,compressed,rotation,False,A
1777924800,92.18,600540.5,12872,6763,0.5784298646699678,0.06029579067121662,-0.006476246126469909,0.716,compressed,rotation,False,A
1777939200,92.82,590810.1,15667,6882,0.5661687189783078,0.01772441395082837,-0.0013306348761227271,0.668,compressed,rotation,False,A
1777953600,93.07,587134.3,12082,6290,0.561609097525382,0.01772441395082837,0.00013934017826344736,0.648,compressed,rotation,False,A
1777968000,93.49,590277.1,21574,13379,0.559561131645465,0.04660303200449179,0.001983675333151691,0.664,compressed,rotation,False,A
1777982400,93.06,582275.0,21773,9938,0.5562553201342778,0.030618139803581856,-0.008491613110200635,0.624,compressed,rotation,False,A
1777996800,93.19,585493.3,10683,4696,0.5560464677627257,0.007687758722649066,-0.0011161013226191896,0.624,compressed,rotation,False,A
1778011200,93.4,583865.9,19489,9800,0.5505055685466501,0.03558718861210021,-0.006537599192524279,0.62,compressed,rotation,False,A
1778025600,94.12,588608.5,17410,9591,0.560036469777618,0.05134189031505316,0.003201130059245161,0.652,compressed,rotation,False,A
1778040000,94.4,586181.8,22643,11433,0.5597558677445302,0.12401693889897246,-0.013756853399708557,0.624,compressed,rotation,False,A
1778054400,95.64,582978.6,45024,22012,0.5384731992343998,0.16637881404720822,-0.02524018344884016,0.608,compressed,rotation,False,A
1778068800,93.46,591639.6,48606,22273,0.6600521579840636,0.0037017451084078953,0.007792151160067151,0.672,compressed,rotation,False,A
1778083200,93.6,596475.8,32430,14005,0.6502034952378101,0.06585500830105147,-0.0004591539033611536,0.684,compressed,rotation,False,A
1778097600,94.28,592455.4,11159,5983,0.6553257421833499,0.12554585152838427,-0.00985953319677002,0.668,compressed,rotation,False,A
1778112000,92.08,596185.0,33789,20056,0.7610073281780163,0.02048975512243862,-0.008927029294573341,0.68,compressed,rotation,False,A
1778126400,94.09,595732.8,31735,19078,0.8326112247188112,0.10065237651444528,-0.01401390268123126,0.676,compressed,rotation,False,A
1778140800,93.77,583250.8,30075,12810,0.7756857938863815,0.0772790374826469,-0.03532308734560641,0.588,compressed,rotation,False,A
1778155200,92.32,587076.4,44862,19857,0.8063279136841656,0.013759431868619701,-0.027411498509167687,0.616,compressed,rotation,False,A
1778169600,92.46,591839.2,16094,7866,0.7643467028845622,0.022381378692927452,-0.025169645154287434,0.656,compressed,rotation,False,A
1778184000,92.35,600317.6,12636,6071,0.7590980299704034,0.04108352144469571,0.0019087947589171428,0.712,compressed,rotation,False,A
1778198400,92.5,600891.5,18428,8963,0.760821537606958,0.025226082817705886,-0.004948830893555023,0.716,compressed,rotation,False,A
1778212800,92.5,601497.5,11068,5827,0.7591753430087838,0.004375303840544643,-0.009551650243652898,0.716,compressed,rotation,False,A
1778227200,92.59,602719.4,22178,10666,0.7525465373494552,0.026566416040100287,-0.007304076510394886,0.724,compressed,rotation,False,A
1778241600,94.19,598369.9,52337,28985,0.8010803274165005,0.07407407407407417,-0.009174702348327624,0.688,compressed,rotation,False,A
1778256000,95.2,584710.7,31737,15757,0.8154771723667535,0.10591471801925731,-0.03796204371491563,0.564,compressed,rotation,False,A
1778270400,95.78,577296.6,16752,8155,0.814023447054409,0.15486523526724533,-0.05810558514209507,0.544,compressed,rotation,False,A
1778284800,98.14,575544.6,56005,27269,0.8921460600272249,0.1752117699509588,-0.057944448400061854,0.54,normal,rotation,False,A
1778299200,96.53,567868.7,22164,11209,0.9440969827435111,0.1269773407439075,-0.049862942829851375,0.532,normal,rotation,False,A
1778313600,95.78,571069.3,17575,9590,0.9539548355440127,0.16482545293857723,-0.056791130353980646,0.532,normal,rotation,False,A
1778328000,94.69,582607.0,41046,23031,0.9768341697152457,0.0909874946097455,-0.02809401784542076,0.548,normal,rotation,False,A
1778342400,96.05,586244.0,16496,7141,0.9845137331141929,0.14367346938775485,-0.01830648977638416,0.576,normal,rotation,False,A
1778356800,95.72,577671.9,9417,5412,0.9108901924708727,0.14460784313725447,-0.03808002957335932,0.536,normal,rotation,False,A
1778371200,95.59,576001.9,17873,7733,0.9159456999928174,0.11556111806424726,-0.025064229606095,0.528,normal,rotation,False,A
1778385600,97.29,574846.2,26616,13272,0.9539687250458145,0.16601101494885948,-0.02092894249237376,0.516,normal,rotation,False,A
1778400000,96.68,570429.3,44523,19589,0.8660399319168424,0.12456071846934824,-0.03362454684418548,0.508,normal,rotation,False,A
1778414400,99.04,598078.8,57422,30842,0.8845112436564116,0.21713870733478563,0.027141470954445968,0.68,normal,rotation,False,A
1778428800,102.1,564314.4,72392,34015,0.9912132685757713,0.2924187725631765,-0.03617274527308856,0.496,normal,rotation,False,A
1778443200,102.08,560784.7,67147,31285,0.9373842153678773,0.2866578599735795,-0.0395316801340857,0.492,normal,rotation,False,A
1778457600,99.75,551551.8,46365,19668,1.0450267269931408,0.17654437127626194,-0.06295644728202188,0.484,normal,rotation,False,A
1778472000,100.64,554789.6,36748,15369,1.044475903692586,0.19199999999999975,-0.053553692728092295,0.484,normal,rotation,False,A
1778486400,100.08,560024.6,43348,22136,1.0530745328348559,0.13953488372093006,-0.03937365796960646,0.484,normal,rotation,False,A
1778500800,101.76,549934.4,38108,21358,1.0664241490791233,0.26500638569604107,-0.07049088668168924,0.468,normal,rotation,False,A
1778515200,101.88,551567.0,29024,13342,1.0637851341182931,0.26453674121405746,-0.07529022971258859,0.476,normal,rotation,False,A
1778529600,101.13,543525.2,21399,8241,1.0566613737998654,0.2183614918712143,-0.08258883284716467,0.46,normal,rotation,False,A
1778544000,99.77,532338.8,32490,14459,1.0799867153575917,0.2518833933835571,-0.10709125523117813,0.452,normal,rotation,False,A
1778558400,99.6,537488.1,16882,8804,1.075024817199727,0.19205298013245004,-0.0977698390956484,0.452,normal,rotation,False,A
1778572800,97.98,529290.9,28768,11989,1.0374935647739456,0.14038012670890332,-0.09251577537484734,0.444,normal,rotation,False,A
1778587200,95.39,529302.8,50907,23616,1.0895522497653671,0.09861869579184096,-0.09840899753422205,0.444,normal,rotation,False,A
1778601600,96.38,530112.0,26637,13039,1.0914573990332632,0.12257661038148858,-0.10429724830663456,0.444,normal,rotation,False,A
1778616000,96.62,533479.9,13403,6402,1.0676111914604893,0.13298037994394307,-0.11133723215844404,0.448,normal,rotation,False,A
1778630400,98.61,528565.4,21317,10948,1.0896136753760761,0.17997054491899864,-0.12036465817872277,0.428,normal,rotation,False,A
1778644800,98.15,528410.9,20089,9445,1.091112420503372,0.16419645451903547,-0.12150773693988748,0.424,normal,rotation,False,A
1778659200,97.66,520287.6,21972,9902,1.0939604940683987,0.14564780235564484,-0.13676646213810284,0.42,normal,rotation,False,A
1778673600,94.5,516714.9,48768,19313,1.1791912951989232,0.008523508386032512,-0.13646241229714262,0.412,normal,rotation,False,A
1778688000,95.83,518859.5,19402,8507,1.2005558137868657,0.017170891251021968,-0.1126218487193752,0.416,normal,rotation,False,A
1778702400,96.35,522299.9,12489,5386,1.1348213643843208,0.01556101556101539,-0.09526593435679331,0.42,normal,rotation,False,A
1778716800,95.48,518146.4,24343,12077,1.0082455815139402,0.07569721115537847,-0.09972850062358318,0.408,normal,rotation,False,A
1778731200,96.3,521939.1,20013,8130,1.0232440523156274,0.00669577874818062,-0.08088066836576835,0.416,normal,rotation,False,A
1778745600,96.15,519275.8,16304,7807,0.9671377835736347,0.010962962962963117,-0.09069564762105065,0.408,normal,rotation,False,A
1778760000,99.09,512450.2,44941,24733,1.0766485946154465,0.1235955056179779,-0.12041873853214946,0.384,normal,rotation,False,A
1778774400,99.9,500426.7,32116,16406,1.079244365019044,0.10984308131241127,-0.14638495234066362,0.376,normal,rotation,False,A
1778788800,98.3,496236.2,18044,9872,1.067737143031529,0.07103524229074895,-0.14097223700858563,0.372,normal,rotation,False,A
1778803200,98.07,495878.3,23769,11362,1.0651562707973736,0.06809445359692456,-0.13910301337547681,0.364,normal,rotation,False,A
1778817600,97.06,484002.7,41537,19691,1.0658879290132957,0.006437167646235777,-0.1580309654999893,0.352,normal,rotation,False,A
1778832000,96.09,487753.8,30836,18318,1.0536211331292376,0.016348018841784547,-0.14493557746770735,0.352,normal,rotation,False,A
1778846400,93.31,499179.2,67478,37918,1.1350665533945772,0.15694330320460181,-0.16536215629111084,0.372,normal,rotation,True,C
1778860800,92.68,505282.9,31314,18566,1.1141747369232238,0.2764084507042254,-0.10460746704319435,0.38,normal,rotation,True,C
1778875200,92.82,513721.1,14209,7732,1.0425049611151778,0.27076023391812926,-0.08392454359043677,0.388,normal,rotation,True,C
1778889600,92.0,521190.1,17841,7837,1.0284240417284127,0.23707555827470217,-0.05504777611096556,0.412,normal,rotation,True,C
1778904000,89.05,530432.0,45990,21490,1.1224075222751502,0.33352517985611574,-0.04390421161463731,0.44,normal,rotation,True,C
1778918400,89.03,537995.0,28556,13943,1.042327392054364,0.3230049693072206,-0.039336843417235534,0.452,normal,rotation,True,C
1778932800,90.44,552707.6,18186,9668,1.0776966183544334,0.3335297583971724,0.005042783284697094,0.476,normal,rotation,True,C
1778947200,90.35,553566.9,8504,4391,1.0758708728813209,0.34001769389560665,0.0036258514378126883,0.476,normal,rotation,True,C
1778961600,89.97,551307.6,6756,3068,0.9744052023765204,0.33273703041144953,0.014318379350212407,0.46,normal,rotation,False,A
1778976000,89.85,551608.4,12571,5923,0.9398516916776211,0.30712074303405634,0.03619800022091191,0.468,normal,rotation,False,A
1778990400,90.79,559784.1,18410,10202,0.9535492076705937,0.2664045963108558,0.041481848621392814,0.48,normal,rotation,False,A
1779004800,90.96,558520.2,14714,8684,0.951106489561488,0.22201138519924168,0.05522350752676819,0.476,normal,rotation,False,A
1779019200,90.49,556513.1,14724,7392,0.9358195734113774,0.16610169491525476,0.05140781420389229,0.472,normal,rotation,False,A
1779033600,90.59,557090.4,12749,6863,0.9377087863018662,0.20237679133170222,0.05089188699746483,0.472,normal,rotation,False,A
1779048000,89.14,544068.6,38194,19347,0.7978488613371354,0.2508383635144204,0.019848357923138105,0.428,compressed,rotation,False,A
1779062400,88.34,544853.9,45282,24126,0.7705933918732498,0.358714634998254,0.03081643255498756,0.428,compressed,trend,False,B
1779076800,88.38,552694.2,27113,13622,0.7597863143158706,0.3463310882665731,0.04595533513786321,0.452,compressed,trend,False,B
1779091200,89.16,555544.7,31704,20327,0.7878124347627113,0.2982456140350883,0.06776463632806151,0.464,compressed,trend,False,B
1779105600,87.85,555723.9,59461,24653,0.7980067380245077,0.2495309568480307,0.07549424256974202,0.464,compressed,trend,False,B
1779120000,88.73,558179.1,28384,14021,0.8238810806367769,0.2709923664122139,0.07578082313227363,0.472,compressed,trend,False,B
1779134400,89.43,558890.3,14071,7212,0.7373546562294645,0.26231993934799075,0.07005630290183862,0.476,compressed,trend,False,B
1779148800,89.08,559858.2,22041,12873,0.736182744857722,0.24748646558391374,0.08050195851983122,0.48,compressed,trend,False,B
1779163200,89.5,565082.1,11355,5463,0.7492232241058967,0.2670856245090337,0.08265906884538832,0.496,compressed,trend,False,B
1779177600,88.11,566733.5,13314,7053,0.7797632331091506,0.3011235955056182,0.09139208875129556,0.496,compressed,trend,False,B
1779192000,88.15,565881.2,13008,6616,0.6065648458803243,0.4596638655462182,0.10426574133447497,0.492,compressed,trend,False,B
1779206400,87.92,568243.6,20396,8400,0.6083453790033597,0.515934539190353,0.13551814881180402,0.5,compressed,trend,False,B
1779220800,87.38,564414.7,10627,5298,0.5532372474593458,0.49277978339350165,0.1373912261943,0.48,compressed,trend,False,B
1779235200,87.02,558863.3,20472,11516,0.5555426000482105,0.49573799910273636,0.1270170523695029,0.448,compressed,trend,False,B
1779249600,87.67,556305.1,13551,7558,0.5733774688090995,0.42818057455540315,0.14938429062482506,0.428,compressed,trend,False,B
1779264000,87.3,562711.7,21279,9979,0.5756930525346321,0.412095639943741,0.1536797868104769,0.472,compressed,trend,False,B
1779278400,88.57,562636.0,36640,17549,0.6018141766509509,0.2391523713420789,0.12712228394131797,0.468,compressed,trend,False,B
1779292800,88.86,565773.2,16512,7749,0.6063941437307848,0.1960985626283368,0.11971570777479301,0.484,compressed,rotation,False,A
1779307200,88.0,569283.2,10722,5257,0.6190063586533346,0.23861386138613774,0.10815615710547988,0.5,compressed,rotation,False,A
1779321600,89.94,565970.3,16073,7991,0.7186737642430032,0.09662288930581601,0.08591913008324625,0.484,compressed,rotation,False,A
1779336000,89.28,567140.8,12077,6699,0.6826286789770131,0.012086179716237702,0.06920547779922792,0.488,compressed,rotation,False,A
1779350400,87.91,565294.8,27826,12977,0.712927911213615,0.05495583905789998,0.050743594271322356,0.468,compressed,rotation,False,A
1779364800,88.52,569917.5,25036,13427,0.7226663187593599,0.09805924412665967,0.031137440483901546,0.5,compressed,rotation,False,A
1779379200,88.97,572243.6,34269,20720,0.714131275608182,0.0692076228686054,0.03373883084411289,0.508,compressed,rotation,False,A
1779393600,88.11,575000.3,11807,5395,0.6914923710922327,0.09108716944172351,0.04297546415104758,0.512,compressed,rotation,False,A
1779408000,88.08,582221.2,14185,7937,0.6725255733202267,0.08706345302508565,0.05549734195490852,0.532,compressed,rotation,False,A
1779422400,87.82,597665.0,18243,8642,0.6602420338333905,0.15114503816793923,0.06767055370097164,0.668,compressed,rotation,False,A
1779436800,88.51,601661.2,25434,15562,0.672715373845843,0.12146752602875457,0.07724161095695381,0.716,compressed,rotation,False,A
1779451200,88.09,617464.8,45045,24110,0.6708049395926874,0.11928429423459157,0.1095242861309107,0.8,compressed,rotation,False,A
1779465600,85.43,622491.9,50590,24023,0.791261219316248,0.22751322751322672,0.11739836119954683,0.8,compressed,rotation,False,A
1779480000,86.12,618551.0,20407,9159,0.8053307583128032,0.13777372262773668,0.1368989131150007,0.796,compressed,rotation,False,A
1779494400,86.02,630828.5,14932,5856,0.8049698380556068,0.10933081998114985,0.15779385996869988,0.816,compressed,rotation,False,A
1779508800,83.39,628433.2,33934,15737,0.9327455230965738,0.20957580848382945,0.13703599567355695,0.812,normal,rotation,False,A
1779523200,83.29,626562.4,18513,7921,0.9359217200580718,0.25378296584522153,0.12783435788335318,0.808,normal,rotation,False,A
1779537600,85.35,626258.3,12177,6459,1.017834178232912,0.10469011725293109,0.1269234596532558,0.804,normal,rotation,False,A
1779552000,86.49,620779.7,9236,4822,1.042342000234619,0.09279204639602341,0.11215145819684036,0.78,normal,rotation,False,A
1779566400,86.62,604813.1,23504,12988,1.0129881148802833,0.11921934662706815,0.08216782434764025,0.716,normal,rotation,False,A
1779580800,86.07,600087.0,12162,6595,1.0134850917454525,0.12663020614219597,0.07185533765514207,0.656,normal,rotation,False,A
1779595200,86.56,602453.8,8109,3892,1.0101878350215021,0.1233221476510063,0.06613499171182391,0.684,normal,rotation,False,A
1779609600,87.84,605595.4,16891,9036,0.9762119883884117,0.011378002528444809,0.06857173609818368,0.72,normal,rotation,False,A
1779624000,85.78,583618.7,24697,10708,1.036937753577711,0.09203883495145629,0.03134491833268194,0.492,normal,rotation,False,A
1779638400,85.56,582995.1,13789,5266,1.0122206651571986,0.09168609168609149,0.02595981723331331,0.484,normal,rotation,False,A
1779652800,85.53,580182.7,12128,5523,1.0029228536779902,0.07332540626238569,0.027936905257782918,0.464,normal,rotation,False,A
1779667200,85.4,579336.7,10067,5511,0.9986137224452575,0.0647999999999995,0.03663400334214084,0.46,normal,rotation,False,A
1779681600,86.58,580192.2,12993,6359,1.0202426472934025,0.042694868781825386,0.042938847765371824,0.464,normal,rotation,False,A
1779696000,86.44,574735.4,13388,6691,1.0202667532269694,0.03399209486166002,0.02136742491759125,0.424,normal,rotation,False,A
1779710400,86.82,568864.9,13369,6993,1.0231084264293504,0.0716919295370749,0.011070923296767399,0.4,normal,rotation,False,A
1779724800,87.12,571630.8,14093,7345,1.0158167108205534,0.07125307125307095,0.01035326523066149,0.416,normal,rotation,False,A
1779739200,86.32,572066.1,16371,8963,1.022988271217987,0.06896551724137948,0.004888428114513177,0.416,normal,rotation,False,A
1779753600,85.56,568427.5,14142,6687,0.9068305568206014,0.18895599654874845,0.004341570573579423,0.388,normal,rotation,False,A
1779768000,86.03,563510.7,11473,5841,0.9065633511449671,0.14136581122227032,-0.006400703317412715,0.34,normal,rotation,False,A
1779782400,87.49,568056.8,23258,11294,0.9530033315891308,0.018197573656845805,0.004885946235486438,0.38,normal,rotation,False,A
1779796800,86.59,564708.0,35782,17949,0.8122698365426781,0.08258451005562649,-0.00914079669425838,0.344,compressed,rotation,False,A
1779811200,86.43,567954.3,17661,7922,0.8144397326731567,0.11005199306759059,-0.007495584048471504,0.376,compressed,rotation,False,A
1779825600,85.74,569194.0,6542,3567,0.7317328734712801,0.10344827586206905,-0.010097907775004744,0.392,compressed,rotation,False,A
1779840000,85.19,577961.3,12098,6203,0.7050233153075505,0.12334613743064439,-0.007316634983404735,0.452,compressed,rotation,False,A
1779854400,85.52,579654.9,26228,13749,0.7113235989127414,0.09787234042553174,-0.03013410522617177,0.456,compressed,rotation,False,A
1779868800,85.07,582330.8,10743,5778,0.7124244775832319,0.14789337919174597,-0.03212838055703093,0.472,compressed,rotation,False,A
1779883200,86.2,577793.0,31224,15077,0.7434085394847705,0.07884856070087608,-0.06424949244070277,0.44,compressed,rotation,False,A
1779897600,85.15,576690.7,15783,8342,0.7240088156094723,0.012522361359570706,-0.07357718228944032,0.428,compressed,rotation,False,A
1779912000,83.21,585658.4,34335,17399,0.7210388881303473,0.12325285895806892,-0.05317686011339395,0.504,compressed,rotation,False,A
1779926400,80.87,592477.6,44125,17921,0.8520484207012107,0.19922630560928395,-0.06079449485874533,0.58,normal,rotation,False,A
1779940800,81.33,593047.8,49666,21276,0.863862468137604,0.08699324324324331,-0.056307337040754524,0.58,normal,rotation,False,A
1779955200,80.37,594608.3,27304,10218,0.8796620178208571,0.11898940505297477,-0.05099907048364216,0.588,normal,rotation,False,A
1779969600,79.36,591436.2,61699,25958,0.8475368391010241,0.2550021285653465,-0.055603414757137926,0.552,compressed,rotation,False,A
1779984000,80.95,580268.1,30837,16941,0.9458971215466133,0.23141186299080976,-0.06525922158859254,0.44,normal,rotation,False,A
1779998400,80.77,573904.0,15943,7810,0.9368994022412418,0.24385160483534818,-0.0511052091960309,0.376,normal,rotation,False,A
1780012800,80.53,581357.5,18486,8367,0.9303702534216715,0.2339527027027023,-0.031211307693717716,0.44,normal,rotation,False,A
1780027200,81.71,581655.2,18394,10355,0.9886188685456267,0.19901518260155973,-0.034523145177273507,0.44,normal,rotation,False,A
1780041600,81.53,574906.7,18850,10786,0.9968469123117347,0.2711645896003441,-0.05067525281731011,0.376,normal,rotation,False,A
1780056000,82.88,563974.7,41995,22417,1.042157302971149,0.12854609929078054,-0.03365896260692125,0.264,normal,rotation,False,A
1780070400,82.29,554076.4,19638,9174,0.9897722256409462,0.1426079372001745,-0.049603675914257184,0.188,normal,rotation,False,A
1780084800,82.43,555666.4,7903,3284,0.9859264141253012,0.13454861111111108,-0.04225617206442023,0.196,normal,rotation,False,A
1780099200,82.98,555600.1,25460,11831,1.0005486991895332,0.10315430520034123,-0.04097202887371021,0.192,normal,rotation,False,A
1780113600,82.56,551722.6,15132,6028,0.998123518819981,0.17709251101321588,-0.04906925670493323,0.164,normal,rotation,False,A
1780128000,82.88,551883.3,4747,2443,1.0003777190624485,0.1555944055944059,-0.039761079620291295,0.164,normal,rotation,False,A
1780142400,83.01,547783.8,7339,3643,0.9978240445598875,0.16836058329650866,-0.037058183762084806,0.132,normal,rotation,False,A
1780156800,83.3,545200.5,7602,3655,0.9994086663715441,0.16887709991158328,-0.046236661845373006,0.128,normal,rotation,False,A
1780171200,82.74,543705.9,6484,3087,0.9678844101115359,0.15996425379803422,-0.049575040366838685,0.116,normal,rotation,False,A
1780185600,83.52,549310.5,7014,3607,0.9690858577902413,0.091071428571429,-0.03363137779224268,0.136,normal,rotation,False,A
1780200000,82.85,555416.8,5721,2570,0.8899334886173231,0.14070796460177043,-0.014363347492780343,0.188,normal,rotation,False,A
1780214400,82.77,547425.8,8992,4547,0.7172270051702648,0.22243166823751204,-0.03631855124346717,0.132,compressed,rotation,False,A
1780228800,81.68,542251.6,14941,6786,0.7554055009685826,0.22933208780943504,-0.03976639254269465,0.112,compressed,rotation,False,A
1780243200,81.32,543233.6,11124,4379,0.7291842412300817,0.23646459972235156,-0.04352586114763124,0.116,compressed,rotation,False,A
1780257600,82.11,543849.8,17754,8700,0.7059670817943502,0.16720405343159828,-0.04452647076392224,0.128,compressed,rotation,False,A
1780272000,82.68,536862.7,23906,12575,0.6311312763254608,0.11550851357570142,-0.07110960543551981,0.104,compressed,rotation,False,A
1780286400,80.64,541095.1,15303,7047,0.7896977399797798,0.2081911262798633,-0.06652199437975947,0.116,compressed,rotation,False,A
1780300800,80.9,538541.2,15568,6946,0.7921845501680482,0.1793548387096769,-0.07519712163601877,0.116,compressed,rotation,False,A
1780315200,79.06,558137.1,32065,16399,0.8516078623232368,0.2979966611018365,-0.0340189306550962,0.248,normal,rotation,False,A
1780329600,80.65,559891.7,26948,13794,0.9410616542000516,0.1836734693877551,-0.029129999842203103,0.276,normal,rotation,False,A
1780344000,80.24,558734.9,15852,8935,0.8853933224932445,0.12929908576404,-0.04597133755786653,0.26,normal,rotation,False,A
1780358400,79.68,565211.1,22608,10248,0.8885694371530862,0.05615856536101925,-0.04602114915399336,0.324,normal,rotation,False,A
1780372800,77.7,576918.8,28449,14203,0.9891852787922412,0.1598414795244383,-0.027196795941237806,0.44,normal,rotation,False,A
1780387200,77.38,578504.4,26462,13594,0.9724608502985262,0.13547802446760335,-0.027083207550247845,0.46,normal,rotation,False,A
1780401600,75.25,565732.0,60155,23799,1.0721951826514111,0.17723156532988346,-0.04346064715010678,0.332,normal,rotation,True,C
1780416000,75.09,570181.6,48077,23363,1.0607720958474895,0.2693014705882352,-0.017382482338767158,0.392,normal,rotation,True,C
1780430400,73.62,566026.6,41723,17499,1.0867050779606455,0.31019522776572633,-0.013725989015584528,0.348,normal,rotation,True,C
1780444800,72.75,563902.9,39372,20099,1.0755357709996363,0.32854729729729726,-0.030023866553712586,0.304,normal,rotation,True,C
1780459200,76.06,555392.4,28934,15976,1.433051276371912,0.21890740023246757,-0.045151835657963546,0.216,expanded,rotation,True,C
1780473600,76.39,554456.2,19195,9833,1.4188037103878817,0.19799691833590125,-0.03557185887727521,0.212,expanded,rotation,True,C
1780488000,75.4,545948.9,37736,20447,1.426317319651783,0.2921874999999993,-0.03196207205748758,0.156,expanded,rotation,True,C
1780502400,74.5,545279.8,44331,17240,1.4304820516314285,0.3006561173292163,-0.01587614993167008,0.156,expanded,rotation,True,C
1780516800,74.35,546308.9,31483,15752,1.4229717568147295,0.31172839506172834,-0.016840140055256136,0.164,expanded,rotation,True,C
1780531200,73.02,533736.2,107790,51086,1.444122785614799,0.3730337078651682,-0.03935186476748298,0.104,expanded,trend,True,C
1780545600,71.04,530338.2,26029,13444,1.4679508027760761,0.4076433121019102,-0.03875933304164092,0.092,expanded,trend,True,C
1780560000,70.62,533602.3,50773,25343,1.4424016137783064,0.43229901269393417,-0.033124756628801766,0.108,expanded,trend,True,C
1780574400,72.44,533318.1,35181,17984,1.5260465858074994,0.351747088186356,-0.02640768127863602,0.104,expanded,trend,True,C
1780588800,72.05,531577.8,21473,10551,1.5169167540891761,0.37313432835820853,-0.024986587503129543,0.1,expanded,trend,True,C
1780603200,71.26,528910.0,17626,8288,1.4838636053671903,0.3778801843317966,-0.027213057647526018,0.08,expanded,trend,True,C
1780617600,68.89,528498.8,36826,18306,1.489306612797315,0.45761651548326504,-0.03788695100494155,0.076,expanded,trend,True,C
1780632000,69.39,553400.4,231262,127390,1.514778829022755,0.4232704402515718,-0.003630426735381498,0.244,expanded,trend,True,C
1780646400,66.1,562527.7,75125,45585,1.688605608675386,0.47614967152242177,0.02758711774271494,0.344,expanded,trend,True,C
1780660800,62.21,660500.2,117976,62291,1.9082467448922948,0.5149431367363128,0.21806961934275515,0.992,expanded,trend,True,C
1780675200,60.24,671525.0,81916,43690,1.9400803742737591,0.5347539320142054,0.23616249068540696,1.0,expanded,trend,True,C
1780689600,62.21,663888.1,69530,37496,2.0710810341428276,0.4901477832512313,0.22071958103138023,0.992,expanded,trend,True,C
1780704000,59.91,669406.4,52378,26020,2.11857190682146,0.5379163713678243,0.2468856562394819,0.996,expanded,trend,True,C
1780718400,61.23,667008.3,50328,25985,2.1809886558353093,0.46647440519105987,0.2327006842235313,0.992,expanded,trend,True,C
1780732800,61.3,666253.6,26869,15071,2.1708695674786256,0.47320135200386304,0.23714508750676844,0.988,expanded,trend,True,C
1780747200,60.33,661261.9,32802,15567,1.917203211641591,0.4618988902589397,0.18476607270865886,0.972,expanded,trend,True,C
1780761600,59.9,663076.8,18758,8147,1.8902902469357437,0.5267834475755271,0.18429474843081284,0.976,expanded,trend,True,C
1780776000,60.9,662856.6,12787,7413,1.9574216634183077,0.48374187093546783,0.18635259762724665,0.972,expanded,trend,True,C
1780790400,62.06,661244.7,38154,21033,2.025479996030374,0.4342040413997044,0.16990749120107518,0.96,expanded,trend,True,C
1780804800,63.45,653090.3,37640,19581,2.0961073523106255,0.35633908477119286,0.1320315787941042,0.928,expanded,trend,True,C
1780819200,63.29,652500.8,35223,16035,2.0879017566648104,0.3537534521717298,0.12790983093646302,0.924,expanded,trend,True,C
1780833600,63.01,650094.9,26987,13282,2.0524817519261016,0.32227488151658773,0.14912166891743794,0.92,expanded,trend,True,C
1780848000,61.39,647448.5,51127,21932,2.0819046259901888,0.3473630831643003,0.13551279101254754,0.916,expanded,trend,True,C
1780862400,63.68,649503.1,46320,25095,2.1476924759893183,0.24689518132141097,0.14747805138486436,0.92,expanded,trend,True,C
1780876800,63.02,648436.9,29114,14891,2.148723486537172,0.24294631710362047,0.1499087874880587,0.912,expanded,trend,True,C
1780891200,62.67,647736.6,24176,11360,2.14726816725583,0.36101375033701816,0.16626838970068714,0.912,expanded,trend,True,C
1780905600,64.23,645543.6,27113,13853,2.1503507333036667,0.31732776617954067,0.16428240860143695,0.9,expanded,trend,True,C
1780920000,64.14,644502.3,31030,15483,2.1415544212311173,0.3009086050240514,0.18051762719917575,0.9,expanded,trend,True,C
1780934400,64.03,644122.1,16700,8345,1.9735296476716937,0.2858312858312858,0.18126895586449354,0.896,expanded,trend,True,C
1780948800,63.42,643769.3,15611,7991,1.6501391063733142,0.29468859530870845,0.17839797228271403,0.892,expanded,trend,True,C
1780963200,62.02,639489.7,28003,13376,1.5931159599794578,0.2960172228202367,0.19813814389955198,0.892,expanded,trend,True,C
1780977600,62.94,641858.8,19202,10084,1.5099314310266507,0.22437673130193933,0.2102820426663592,0.896,expanded,trend,True,C
1780992000,62.32,647364.9,21848,9686,1.3494419115902945,0.228650137741047,0.2131973569079444,0.924,expanded,trend,True,C
1781006400,60.15,646532.4,31897,16398,1.4487510498330798,0.33533424283765345,0.2122828758296409,0.92,expanded,trend,True,C
1781020800,61.86,646327.9,25128,11021,1.5366625423164781,0.2683697656044245,0.21586699068320758,0.92,expanded,trend,True,C
1781035200,62.06,643409.8,9410,4243,1.5063510027108309,0.24612092027822366,0.2164825773761132,0.9,expanded,trend,True,C
1781049600,61.59,641042.6,20427,10832,1.5072137022427172,0.20574971815107093,0.21294996317872417,0.896,expanded,rotation,True,C
1781064000,62.01,639494.4,14097,7273,1.4845674305038048,0.2084745762711865,0.15557271010284768,0.892,expanded,rotation,True,C
1781078400,60.58,634064.4,22266,10367,1.5039241390450448,0.16457960644007147,0.1271700931349693,0.884,expanded,rotation,True,C
1781092800,63.42,640551.3,60662,31145,1.673778399594111,0.037242228377962476,-0.03020271606276559,0.892,expanded,rotation,True,C
1781107200,61.63,641744.3,32459,14580,1.7487115889198308,0.04302073661405139,-0.044347864934291326,0.896,expanded,rotation,True,C
1781121600,61.26,636087.6,19930,10076,1.749866219730688,0.030934549006838247,-0.041875279885269845,0.876,expanded,rotation,True,C
1781136000,63.73,633492.3,25682,13629,1.8285123176599443,0.12370466321243523,-0.053650667218000825,0.868,expanded,rotation,True,C
1781150400,63.4,635979.1,11746,7090,1.711575292141694,0.07259953161592511,-0.04651996084606458,0.872,expanded,rotation,True,C
1781164800,63.14,631415.2,26698,11425,1.7003462861479586,0.06117021276595756,-0.0522899988833081,0.86,expanded,rotation,True,C
1781179200,63.72,630036.6,26250,12478,1.7013461094950704,0.11417985853822839,-0.047220775913446755,0.852,expanded,rotation,True,C
1781193600,64.61,624936.5,30268,15243,1.6588023287796525,0.15621890547263687,-0.05752018469052156,0.836,expanded,rotation,True,C
1781208000,64.3,618973.0,14093,6535,1.658013308222854,0.1154107264086897,-0.06620376111514914,0.824,expanded,rotation,True,C
1781222400,64.52,616386.8,6038,2739,1.6530845389760933,0.08625525946704046,-0.06783857776100122,0.812,expanded,rotation,True,C
1781236800,63.69,615261.7,9924,5817,1.6538909566800994,0.008583690987124283,-0.0579224649332567,0.808,expanded,rotation,True,C
1781251200,64.67,614904.3,15841,7396,1.6093282179994413,0.04794996525364847,-0.05761908644403191,0.804,expanded,rotation,True,C
1781265600,64.07,609083.4,22945,10694,1.592580084952855,0.0364261168384878,-0.06308540491549774,0.792,expanded,rotation,True,C
1781280000,64.8,608785.5,13653,6605,1.5815843742964,0.12087912087912073,-0.05971594651929846,0.788,expanded,rotation,True,C
1781294400,64.18,606978.8,9664,5640,1.4423348789833583,0.018839487565938475,-0.06547205086473018,0.768,expanded,rotation,True,C
1781308800,65.24,607608.8,9031,4449,1.391759942281565,0.08240534521158102,-0.06296387512801938,0.78,expanded,rotation,False,A
1781323200,66.18,611877.6,12249,6382,1.405068783640975,0.12749727569923738,-0.0553604659671848,0.796,expanded,rotation,False,A
1781337600,66.82,619225.1,15649,7743,1.3944563285928373,0.09733183013904512,-0.04076951580032706,0.824,expanded,rotation,False,A
1781352000,66.99,621536.5,16879,9966,1.3861227106720986,0.10678156612963642,-0.035633387188843346,0.828,expanded,rotation,False,A
1781366400,66.39,612325.9,12131,5369,1.314078640708587,0.0868285504047094,-0.04936362220765278,0.788,expanded,rotation,False,A
1781380800,67.08,612747.9,16686,8683,1.0980222701720865,0.1342626559060895,-0.04818713784580908,0.788,normal,rotation,False,A
1781395200,67.09,617027.4,13185,5947,0.9506754558830713,0.19597989949748756,-0.03512535072887013,0.804,normal,rotation,False,A
1781409600,66.07,616887.1,14070,8056,0.9921653667007262,0.12052368117058126,-0.03890528571081375,0.8,normal,rotation,False,A
1781424000,65.98,620957.3,6810,3187,0.768276297802684,0.14386792452830208,-0.040792449513404216,0.824,compressed,rotation,False,A
1781438400,65.53,616874.5,13669,7358,0.7731557879035748,0.22681281618887034,-0.04587225636333159,0.792,compressed,rotation,False,A
1781452800,65.45,616520.0,4655,2251,0.7683001461417767,0.16251697600724332,-0.046118850818601564,0.788,compressed,rotation,False,A
1781467200,68.28,613401.1,20568,10298,1.014107946557158,0.25161812297734637,-0.04664010402079677,0.772,normal,rotation,False,A
1781481600,68.94,610905.4,21165,10620,0.9997893476025591,0.2950622240064231,-0.047012788229674474,0.756,normal,rotation,False,A
1781496000,70.09,615021.0,36695,20827,1.0074287592769096,0.31513260530421244,-0.03826992073738256,0.776,normal,rotation,False,A
1781510400,74.14,627223.5,78584,41757,1.313078868997551,0.47983014861995776,-0.01078896717746658,0.844,expanded,trend,False,B
1781524800,77.58,631352.2,66925,34210,1.405739806825575,0.4906444906444908,-0.014361222902834037,0.856,expanded,trend,False,B
1781539200,74.46,621666.6,26923,11737,1.6270333316576606,0.42497515733686636,-0.03128613686167536,0.82,expanded,trend,False,B
1781553600,73.69,624708.1,32855,12386,1.6272992993844058,0.4063419418110496,-0.017889831526349487,0.824,expanded,trend,False,B
1781568000,73.63,615859.8,27719,14079,1.6272552444422699,0.3513129879347056,-0.027833803189083794,0.764,expanded,trend,False,B
1781582400,75.71,620703.5,23424,12488,1.6236782407020878,0.41129301703975946,-0.024019028298256972,0.8,expanded,trend,False,B
1781596800,75.4,617240.1,34122,17684,1.6153517901157064,0.40893929286190844,-0.022449728799686763,0.78,expanded,trend,False,B
1781611200,74.24,611828.0,42510,20914,1.6482496011054721,0.34424083769633507,-0.028900860680157292,0.724,expanded,trend,False,B
1781625600,76.0,608896.8,23644,12163,1.667986108902163,0.3623926185173402,-0.025666127678572015,0.712,expanded,trend,False,B
1781640000,75.87,606964.1,18324,9287,1.6686266141076196,0.3702400000000004,-0.01940133091427254,0.696,expanded,trend,False,B
1781654400,76.36,603010.9,41406,19663,1.6406187143291322,0.3756345177664978,-0.021700497155357712,0.684,expanded,trend,False,B
1781668800,76.44,606148.0,32299,15923,1.6348573587739652,0.4143646408839781,-0.014812721155891828,0.692,expanded,trend,False,B
1781683200,74.48,603059.0,45858,20812,1.7109113504918354,0.30897637795275623,-0.019263648018073787,0.68,expanded,trend,False,B
1781697600,76.4,597123.8,31197,16245,1.7026184893394571,0.372845479286363,-0.019635406251426235,0.632,expanded,trend,False,B
1781712000,73.66,591479.5,66187,33300,1.8331988918306017,0.2525655644241735,-0.028427089672799388,0.608,expanded,trend,False,B
1781726400,73.84,582486.5,19296,8650,1.8222155359447396,0.2788683602771363,-0.04035116218227064,0.572,expanded,trend,False,B
1781740800,73.87,583251.6,24729,12535,1.8183865724656196,0.2567688188039277,-0.04008697701547459,0.584,expanded,trend,False,B
1781755200,74.26,587705.7,19171,10313,1.7146827301732015,0.24440411373260743,-0.039504469521355334,0.604,expanded,trend,False,B
1781769600,73.43,584675.9,15752,7604,1.7281941343013572,0.19879699248120342,-0.055794249942387575,0.592,expanded,rotation,False,A
1781784000,70.93,584415.6,28579,14847,1.8081884253791412,0.11073636874648714,-0.05972440878371588,0.592,expanded,rotation,False,A
1781798400,73.5,576194.4,22839,12134,1.6665621868341942,0.18934753661784287,-0.05900697651365061,0.508,expanded,rotation,False,A
1781812800,74.82,575577.5,27337,16267,1.5190840112096415,0.20272393923520157,-0.06066181540565052,0.504,expanded,rotation,False,A
1781827200,73.12,574390.5,35300,18065,1.4201698682649204,0.15124153498871343,-0.06910049699575749,0.484,expanded,rotation,False,A
1781841600,72.26,581806.0,52102,29364,1.4223047747029665,0.15588013094938347,-0.05686794228635994,0.576,expanded,rotation,False,A
1781856000,72.31,577476.9,14239,7502,1.4224526827177209,0.1595664229896648,-0.07002156186906894,0.532,expanded,rotation,False,A
1781870400,73.25,578793.8,12913,6951,1.3612884599110464,0.1922310756972113,-0.061731681241484204,0.548,expanded,rotation,False,A
1781884800,72.16,592170.0,9716,4774,1.3701213298695545,0.1629827544328394,-0.0394958801012133,0.636,expanded,rotation,False,A
1781899200,73.6,592670.3,10015,4930,1.3839997329049611,0.1337355455002513,-0.03379648324725848,0.64,expanded,rotation,False,A
1781913600,73.44,588593.0,14351,7632,1.3249149136067635,0.114562118126273,-0.036523494472302964,0.62,expanded,rotation,False,A
1781928000,74.25,586948.3,11621,5984,1.3382824408814358,0.10683102208525937,-0.04564510805322086,0.612,expanded,rotation,False,A
1781942400,74.67,583807.8,8144,4094,1.3364234915171218,0.015009912206173932,-0.06921886695890689,0.596,expanded,rotation,False,A
1781956800,75.76,584470.6,18779,10053,1.3556764551108462,0.05521844660194158,-0.07425585909101129,0.6,expanded,rotation,False,A
1781971200,74.0,596272.4,19705,8635,1.3432075140613509,0.014556962025316266,-0.040848583469016875,0.648,expanded,rotation,False,A
1781985600,75.92,591874.8,21825,12610,1.340499888193811,0.06809160305343527,-0.05255782660733854,0.624,expanded,rotation,False,A
1782000000,76.24,590466.4,17116,9961,1.2048302852985737,0.07906694940926996,-0.041232436343466516,0.612,normal,rotation,False,A
1782014400,75.82,590252.4,12207,6319,1.1999341624022613,0.0035087719298245454,-0.04905901126705425,0.612,normal,rotation,False,A
1782028800,74.0,591882.1,28048,12953,1.2509160525032508,0.042604990870359294,-0.041082878445519055,0.628,normal,rotation,False,A
1782043200,75.05,589751.3,10344,6026,1.263314390306211,0.024732824427481006,-0.03608318024019819,0.604,normal,rotation,False,A
1782057600,74.66,588814.2,8455,3959,1.2461449161966411,0.04270235818993005,-0.032981943738249364,0.6,normal,rotation,False,A
1782072000,73.92,582880.9,15472,7582,1.1247342583754083,0.06095654892153814,-0.039678129233672865,0.552,normal,rotation,False,A
1782086400,74.85,572885.0,34165,18295,1.0071743657040233,0.04656182547024381,-0.04995913009201003,0.448,normal,rotation,False,A
1782100800,75.81,573543.3,13817,6707,0.9904428696642571,0.01891323926748712,-0.05378999848221877,0.448,normal,rotation,False,A
1782115200,76.63,575354.8,21371,9286,0.9293882013741721,0.06683245259558573,-0.04593945202708183,0.468,normal,rotation,False,A
1782129600,75.7,567464.2,34186,19687,0.9307238567574687,0.02245028864656843,-0.049670771789702695,0.388,normal,rotation,False,A
1782144000,75.24,568968.0,14537,7202,0.938770167677327,0.05467128027681662,-0.03805964534696471,0.408,normal,rotation,False,A
1782158400,75.01,562455.7,8541,4088,0.9257081738396689,0.04041450777202086,-0.03438843647020151,0.308,normal,rotation,False,A
1782172800,75.85,564518.9,15805,7850,0.9011143318477483,0.06653225806451593,-0.032117700148615036,0.336,normal,rotation,False,A
1782187200,72.14,564778.1,64925,33961,1.149129926894113,0.06408706166868226,-0.03901204293237237,0.34,normal,rotation,False,A
1782201600,72.75,556877.6,45862,24087,1.1572198563404126,0.020693852708460386,-0.04754480217159629,0.256,normal,rotation,False,A
1782216000,72.04,558989.8,52395,23604,1.1459349838315362,0.03572578049565504,-0.043506367728718964,0.284,normal,rotation,False,A
1782230400,72.03,558238.9,21407,12295,1.1408963652578468,0.0515608558400562,-0.031162225804346577,0.264,normal,rotation,False,A
1782244800,72.42,555116.0,8623,4872,1.1191011479169115,0.08701957940536609,-0.03554951331488809,0.212,normal,rotation,False,A
1782259200,72.07,560886.3,20675,10164,1.0713526950499457,0.04003049942813622,-0.02351048633290409,0.296,normal,rotation,False,A
1782273600,71.5,564804.1,18214,7988,0.9945352663696881,0.029298380878951674,-0.029222627473762808,0.34,normal,rotation,False,A
1782288000,75.86,602289.8,86197,43157,1.3509934875768779,0.11735537190082652,0.04296777931723339,0.668,expanded,rotation,False,A
1782302400,75.69,622669.3,132332,64681,1.348933185081257,0.08276797829036638,0.07580506218276706,0.82,expanded,rotation,False,A
1782316800,75.37,631870.3,96498,48070,1.292717071289019,0.11180773249738814,0.06704206562304749,0.86,normal,rotation,False,A
1782331200,80.31,625693.9,89531,46237,1.5746939661183308,0.2083203973921148,0.05572001836434182,0.824,expanded,rotation,True,C
1782345600,82.93,648165.4,93373,48800,1.6215737051317556,0.2737236804153453,0.10121153326662058,0.94,expanded,rotation,True,C
1782360000,81.94,690087.8,108354,55864,1.6261681483278223,0.22065997130559556,0.17572160955232352,1.0,expanded,rotation,True,C
1782374400,82.15,693400.9,67184,29608,1.6225466141680442,0.2159353348729795,0.18772119865476267,1.0,expanded,rotation,True,C
1782388800,82.12,652604.0,119226,61856,1.6162374101677157,0.18939845145920206,0.11657284386930677,0.948,expanded,rotation,True,C
1782403200,80.86,633745.1,124030,65622,1.6330265100576267,0.20737605804111262,0.06284493463054797,0.848,expanded,rotation,True,C
1782417600,82.39,625819.9,33206,16516,1.5951842228069746,0.197919853166106,0.057351825081926044,0.804,expanded,rotation,True,C
1782432000,83.42,622115.5,86497,39399,1.5565192098708316,0.21497005988023987,0.05360017098348013,0.78,expanded,rotation,True,C
1782446400,86.27,629031.4,84128,38568,1.6000373699218935,0.29165503767792383,0.06569901282908797,0.82,expanded,rotation,True,C
1782460800,86.21,633910.3,64705,31174,1.6022628239239631,0.3583798062811858,0.07100772265287314,0.848,expanded,trend,True,C
1782475200,92.93,668671.7,120744,65375,1.63389754336743,0.4499245093105187,0.13381979827768054,0.984,expanded,trend,True,C
1782489600,95.01,685028.1,142102,75878,1.6227398354405835,0.49118995896693246,0.16340281874995544,0.992,expanded,trend,True,C
1782504000,95.12,703316.6,78421,38279,1.56879728451361,0.519607843137255,0.206621455600964,1.0,expanded,trend,True,C
1782518400,92.61,693030.8,85452,43106,1.6177647784838103,0.4190655969797074,0.20972062455815754,0.992,expanded,trend,True,C
1782532800,96.19,700450.7,59755,32836,1.6441842299588227,0.4528888888888888,0.2212690829096946,0.996,expanded,trend,True,C
1782547200,97.0,713661.4,40953,22485,1.6197068151611775,0.4527672816181374,0.24038488946298875,1.0,expanded,trend,True,C
1782561600,96.14,702820.8,62832,32129,1.6148604980779822,0.4550311665182545,0.23852887988352411,0.992,expanded,trend,True,C
1782576000,93.76,720565.0,37799,17425,1.5696805389494581,0.39538855678906937,0.26644204946499617,1.0,expanded,trend,True,C
1782590400,93.97,696113.6,28761,14702,1.5601493374985178,0.4049551473729174,0.23763275934442496,0.98,expanded,trend,True,C
1782604800,94.72,696629.5,36145,18964,1.5437177278723333,0.40380911619944354,0.23402334270827785,0.98,expanded,trend,True,C
1782619200,90.9,685594.6,55394,24524,1.511789172067926,0.4005123825789923,0.21391852835653502,0.96,expanded,trend,False,B
1782633600,89.24,670209.1,76271,35898,1.4960316838792784,0.34433075798705337,0.20351240559864503,0.948,expanded,trend,False,B
1782648000,89.07,677837.4,41552,22272,1.48077391736162,0.3596620908130934,0.2126113929091371,0.952,expanded,trend,False,B
1782662400,90.1,679809.1,22901,11010,1.482464198331139,0.37357866446144267,0.2177745047863915,0.952,expanded,trend,False,B
1782676800,91.65,677133.4,43007,23969,1.4882333169045459,0.3882495457298604,0.2198052298978952,0.944,expanded,trend,False,B
1782691200,94.06,679327.5,38420,19569,1.481464872776425,0.42624539639465003,0.21116793189635752,0.948,expanded,trend,False,B
1782705600,91.55,672191.8,47766,23930,1.5324555109726026,0.3745563235568836,0.19013264953282039,0.936,expanded,trend,False,B
1782720000,92.36,675246.5,32564,12887,1.522839600526725,0.3301320528211281,0.12113221907460492,0.936,expanded,trend,False,B
1782734400,90.62,665753.1,58239,26951,1.4953327443971227,0.28962172647914636,0.06919210566507772,0.904,expanded,trend,False,B
1782748800,93.19,657297.1,34964,19052,1.5241172813308281,0.33122676579925614,0.04024053670507999,0.876,expanded,trend,False,B
1782763200,91.44,659019.8,13274,6027,1.2145922342871718,0.2199170124481325,0.05326230605732296,0.876,normal,rotation,False,A
1782777600,89.77,664316.8,21370,10872,1.187726088308011,0.1377366089407971,0.02491863959415297,0.9,normal,rotation,False,A
1782792000,90.16,660719.5,26542,13135,1.1865697131254853,0.16754993885038716,-0.04255733835607589,0.876,normal,rotation,False,A
1782806400,88.37,656122.4,34503,17661,1.1562558030097378,0.1228278041074249,-0.05376182811415442,0.86,normal,rotation,False,A
1782820800,85.33,651355.5,46216,23801,1.0898164353084105,0.05983224603914245,-0.0019131050376645087,0.844,normal,rotation,False,A
1782835200,85.18,646588.4,19182,10140,1.0748353686098184,0.08222306813856123,0.020265718819759027,0.812,normal,rotation,False,A
1782849600,85.09,645165.4,14610,7686,1.075031945484884,0.05283757338551864,0.030912248076483406,0.796,normal,rotation,False,A
1782864000,87.17,655255.7,44602,26919,1.1054838202187665,0.07190795781399807,0.05327017250012256,0.856,normal,rotation,False,A
1782878400,85.49,652642.6,21082,10775,1.118650353370496,0.015300117693213041,0.037535805048841686,0.848,normal,rotation,False,A
1782892800,86.23,644980.9,24201,13365,1.116443851363801,0.0003871467286103411,0.017463985046464847,0.784,normal,rotation,False,A
1782907200,86.91,654742.0,39859,21733,1.0191416182125286,0.1319596668128016,-0.02083189702809307,0.852,normal,rotation,False,A
1782921600,85.42,649969.2,24628,12707,1.0118294334101925,0.21296913168998452,-0.051178776461870745,0.824,normal,rotation,False,A
1782936000,83.16,640863.0,33817,16914,1.0477724693010009,0.2534972445951676,-0.08879870032926851,0.744,normal,rotation,False,A
1782950400,85.58,641698.7,27858,13920,1.0999468535097454,0.14928859630494798,-0.0740690024166315,0.748,normal,rotation,False,A
1782964800,84.62,642934.6,16767,8321,1.0740807571912772,0.2601753991454912,-0.08211298810894185,0.756,normal,rotation,False,A
1782979200,87.39,644330.5,30728,17723,1.1001246462979533,0.2069782468231747,-0.0971481713877198,0.768,normal,rotation,False,A
1782993600,86.07,620729.8,45380,21586,1.0688532833655109,0.21475794412454696,-0.11680217773862123,0.608,normal,rotation,False,A
1783008000,86.89,617223.5,26801,12020,1.0670449709697851,0.15155526141628067,-0.1434173183543469,0.58,normal,rotation,False,A
1783022400,86.17,613832.6,16841,10280,1.047230653094508,0.1701570680628271,-0.1182005350850781,0.54,normal,rotation,False,A
1783036800,86.13,618786.8,22199,11303,0.9775028850719014,0.19033902060713492,-0.11174189436422077,0.592,normal,rotation,False,A
1783051200,85.99,609428.1,21649,11132,0.9597468819136092,0.11845597104945735,-0.11109553663345662,0.512,normal,rotation,False,A
1783065600,86.79,617332.2,44015,26847,0.9503946836626072,0.06035969450603564,-0.0788961236127651,0.588,normal,rotation,False,A
1783080000,88.65,617033.8,68373,38172,0.9861556853750874,0.009933774834436783,-0.08970233864345634,0.58,normal,rotation,False,A
1783094400,86.95,607949.2,44962,24509,0.984220401680918,0.07334109429569241,-0.10570599893411259,0.5,normal,rotation,False,A
1783108800,87.55,610148.2,40637,24626,0.8907827430954044,0.09761904761904779,-0.0989246727454296,0.52,normal,rotation,False,A
1783123200,88.88,616242.0,28733,13950,0.9043712070673054,0.12658846529814283,-0.09286463450986449,0.568,normal,rotation,False,A
1783137600,87.61,611139.6,21876,9532,0.9246650753226145,0.0992943548387096,-0.09082556496523775,0.528,normal,rotation,False,A
1783152000,87.93,608293.5,13270,6754,0.8816646837260539,0.11303904057157416,-0.09915342026948681,0.504,normal,rotation,False,A
1783166400,89.56,611087.6,31501,14015,0.8694942700046868,0.027123848515864944,-0.0821107704943469,0.528,normal,rotation,False,A
1783180800,89.26,613305.7,15483,8512,0.8682738404641595,0.10676446617766887,-0.0669277256814309,0.548,normal,rotation,False,A
1783195200,88.59,607303.4,13243,5851,0.8713315803555544,0.0797649034424851,-0.07847472868038263,0.484,normal,rotation,False,A
1783209600,87.48,606503.5,12322,5772,0.8586412141336955,0.0651123116292292,-0.08702670171821647,0.472,normal,rotation,False,A
1783224000,87.85,603529.8,8440,4068,0.7854111475388834,0.0657183499288763,-0.08655670068765942,0.464,compressed,rotation,False,A
1783238400,88.06,603242.8,10942,4967,0.716531318293788,0.009234435507894014,-0.08059410866021333,0.46,compressed,rotation,False,A
1783252800,89.4,604841.8,31869,17008,0.7155761975552428,0.12770630687166631,-0.07141061985352082,0.464,compressed,rotation,False,A
1783267200,88.46,601350.1,10553,6189,0.630604967910068,0.10042865890998111,-0.06996460190130238,0.44,compressed,rotation,False,A
1783281600,89.04,597783.8,12163,6072,0.6022463202744016,0.119155354449472,-0.07344101218075239,0.436,compressed,rotation,False,A
1783296000,88.42,594922.2,17746,7535,0.6023952450314763,0.039444619753865505,-0.09207626885199172,0.424,compressed,rotation,False,A
1783310400,90.74,597224.6,25491,12054,0.6584490938399788,0.1623878750386636,-0.08491324348119478,0.432,compressed,rotation,False,A
1783324800,91.56,591445.7,36536,19512,0.6614795782204896,0.16445541499537156,-0.08300276798894368,0.384,compressed,rotation,False,A
1783339200,96.4,619423.1,102960,52033,0.8700850486317954,0.25950232430954323,-0.05394323260154388,0.624,normal,rotation,False,A
1783353600,96.29,631821.0,34675,18446,0.8725194426793862,0.30889457232168194,-0.027921630748041548,0.688,normal,rotation,False,A
1783368000,94.21,621449.4,30997,17104,0.9039434560040251,0.31562410739788566,-0.030292901915073833,0.632,normal,rotation,False,A
1783382400,91.76,612325.1,39022,18565,0.93256642691711,0.17636986301369859,-0.04577475379021334,0.524,normal,rotation,False,A
1783396800,93.41,615832.4,24681,13064,0.9485349794314627,0.24601175482787518,-0.04215389870136088,0.556,normal,rotation,False,A
1783411200,93.29,625336.9,28684,15517,0.9382232316845268,0.1783555018137847,-0.029478039608554885,0.656,normal,rotation,False,A
1783425600,92.33,632776.1,49754,26614,0.9287802105822753,0.19132029339853293,0.019406672597320096,0.692,normal,rotation,False,A
1783440000,91.14,624148.6,48003,24422,0.9465890434014625,0.12843759443940755,0.011219760751170371,0.64,normal,rotation,False,A
1783454400,89.89,614573.3,23950,13270,0.940151979416833,0.11064842355740616,0.0012066807790920286,0.528,normal,rotation,False,A
1783468800,87.96,609562.6,37730,19984,0.9745024120211921,0.051534778935511026,-0.014906911395007216,0.476,normal,rotation,False,A
1783483200,88.96,605876.7,20363,10168,0.9805552617548716,0.08166070937585912,-0.005827430668195355,0.424,normal,rotation,False,A
1783497600,87.9,592492.9,45022,21418,0.9793934469901505,0.03030303030303028,-0.04023652095257613,0.36,normal,rotation,False,A
1783512000,87.03,591123.2,64680,32662,0.9851903878877192,0.04545454545454556,-0.04199218908267277,0.328,normal,rotation,False,A
1783526400,87.95,585825.1,31022,17416,0.9932616273927326,0.028686173264486508,-0.03639136296256329,0.3,normal,rotation,False,A
1783540800,88.27,586485.5,15746,8066,0.9767149956414665,0.020821283979178675,-0.038781889383595614,0.304,normal,rotation,False,A
1783555200,87.11,581794.1,58102,31185,0.9811615423926041,0.05143853530950292,-0.05589995488785249,0.268,normal,rotation,False,A
1783569600,88.49,585007.9,21851,12568,0.997000002367631,0.025492468134414692,-0.042758970290912135,0.304,normal,rotation,False,A
1783584000,89.07,581719.9,23610,12954,0.9964932714899765,0.03277745830937281,-0.04368549063897609,0.264,normal,rotation,False,A
1783598400,92.3,587334.1,68413,37698,1.0360079981015757,0.07531610775151167,-0.03887085910432486,0.316,normal,rotation,False,A
1783612800,90.91,582286.9,27462,14065,1.0461314030707238,0.044035228182545794,-0.05057640912191086,0.268,normal,rotation,False,A
1783627200,91.28,580180.2,12923,6718,0.8308367305326627,0.07237019101425872,-0.04466169627899341,0.252,compressed,rotation,False,A
1783641600,93.61,585045.3,27440,14921,0.893407156912295,0.1596769992185463,-0.035380175052575846,0.3,normal,rotation,False,A
1783656000,94.19,584719.5,37280,17610,0.8603834084438987,0.16424870466321242,-0.031167143693650368,0.292,normal,rotation,False,A
1783670400,96.33,583567.7,50753,25145,0.8340165760618192,0.20404638539353548,-0.032615557118957916,0.272,compressed,rotation,False,A
1783684800,95.56,585939.0,74119,41269,0.8198842127494744,0.15415415415415404,-0.03125246965404849,0.304,compressed,rotation,False,A
1783699200,96.11,587783.0,24297,12483,0.8210195784304758,0.19332827899924201,-0.022561067172018445,0.32,compressed,rotation,False,A
1783713600,95.71,587842.5,23093,11514,0.8112451347301997,0.16933231784716907,-0.016630259970243477,0.32,compressed,rotation,False,A
1783728000,94.7,584666.8,24260,11913,0.8054516908340325,0.15786827551533447,-0.01723822039251499,0.272,compressed,rotation,False,A
1783742400,96.03,584078.0,27148,16344,0.7926339228805471,0.1363753544728025,-0.022012823986151897,0.26,compressed,rotation,False,A
1783756800,97.33,586776.5,27544,15354,0.737180183635207,0.14693149987267637,-0.007894553971733886,0.3,compressed,rotation,False,A
1783771200,99.96,606029.5,78364,42206,0.7770526304244143,0.0960604425256339,-0.021622700218961732,0.424,compressed,rotation,False,A
1783785600,101.7,614301.0,63311,31992,0.7553008338043061,0.1398294132850866,-0.027729372717905876,0.524,compressed,rotation,False,A
1783800000,98.05,609872.9,29472,13128,0.8951268699030758,0.0953800298062595,-0.018628226207958343,0.472,normal,rotation,False,A
1783814400,98.34,606716.5,26199,12649,0.8939457998705006,0.17270341207349085,-0.0091595134676008,0.424,normal,rotation,False,A
1783828800,97.34,604025.5,16006,7053,0.9129379384915173,0.10493991989319114,-0.019172261803698576,0.4,normal,rotation,False,A
1783843200,97.65,607347.2,13222,7320,0.88558538775513,0.11583421891604674,-0.028768012890331707,0.436,normal,rotation,False,A
1783857600,98.65,599199.7,53369,25969,0.8788695284464474,0.1677282377919323,-0.05306205465092628,0.368,normal,rotation,False,A
1783872000,98.46,591499.6,21631,11745,0.8829418492692507,0.1995637949836421,-0.05230965830893475,0.324,normal,rotation,False,A
1783886400,96.86,585748.2,17356,8817,0.830888459508646,0.18822576289495,-0.04690262333231865,0.252,compressed,rotation,False,A
1783900800,95.07,578929.5,33197,15824,0.8425021833768677,0.19273515857956083,-0.05025423147679986,0.176,compressed,rotation,False,A
1783915200,95.2,570225.2,24839,11517,0.8422493418488363,0.17323709050527505,-0.058842830562720105,0.132,compressed,rotation,False,A
1783929600,95.61,562928.8,17981,9068,0.7933579144057747,0.2179813401187444,-0.04989781312147368,0.088,compressed,rotation,False,A
1783944000,94.91,555706.8,31181,14933,0.7965805417451793,0.22386363636363613,-0.05991373710251924,0.06,compressed,rotation,False,A
1783958400,94.81,545158.6,59041,26434,0.7483379152568617,0.19953461314717852,-0.06941747630820194,0.032,compressed,rotation,False,A
1783972800,94.47,543784.3,9110,3998,0.7439175373787181,0.18023255813953487,-0.07280862016196465,0.032,compressed,rotation,False,A
1783987200,96.0,545300.3,19501,9989,0.7661928102733697,0.25568018406672405,-0.06272631503138293,0.044,compressed,rotation,False,A
1784001600,95.21,548258.9,21572,10682,0.7708760241430798,0.1966062024575773,-0.06281795510795662,0.056,compressed,rotation,False,A
1784016000,96.56,548613.4,22076,12984,0.7772666322005007,0.21430615164520742,-0.0569114104571633,0.06,compressed,rotation,False,A
1784030400,99.78,549659.6,83915,38857,0.8510137055920939,0.21408128219805367,-0.06414492194476706,0.064,normal,rotation,False,A
1784044800,98.97,567877.9,20817,9960,0.8463123966341659,0.23457508731082632,-0.024745533516210005,0.132,compressed,rotation,False,A
1784059200,98.89,571458.1,10368,5586,0.783780654190265,0.22336366304666838,-0.015033432716249129,0.14,compressed,rotation,False,A
1784073600,98.6,566276.2,14554,6919,0.7524698236292106,0.1557914455198248,-0.032081447368263794,0.12,compressed,rotation,False,A
1784088000,97.03,569066.9,38753,19609,0.6448466050140186,0.08600847970926712,-0.02676941678873368,0.132,compressed,rotation,False,A
1784102400,98.3,574156.7,14846,7329,0.6632528041073043,0.06127527216174174,-0.016126663624460358,0.148,compressed,rotation,False,A
1784116800,97.07,577189.4,46609,22142,0.6691051462765814,0.046304814474087366,-0.01493261243917876,0.164,compressed,rotation,False,A
1784131200,96.8,573676.8,25599,13590,0.6684769150726154,0.021342406433652858,-0.023998992825583487,0.14,compressed,rotation,False,A
1784145600,95.72,571748.1,7652,3742,0.6663497453305159,0.00030293850348394745,-0.027378762168438042,0.128,compressed,rotation,False,A
1784160000,96.24,572343.8,14130,7558,0.6712434907254653,0.047355473554735246,-0.021076962126120424,0.128,compressed,rotation,False,A
1784174400,94.52,582172.8,30902,14811,0.6769387700553533,0.04588271042236412,-0.0032618931033182585,0.192,compressed,rotation,False,A
1784188800,94.03,576667.6,24710,12470,0.6442944537416369,0.1028037383177568,-0.01722785421706563,0.156,compressed,rotation,False,A
1784203200,92.44,572283.9,33821,15575,0.6720605952573594,0.24211204121055974,-0.05568309793500148,0.116,compressed,rotation,False,A
1784217600,92.37,567960.6,23021,12679,0.6683732028175782,0.317454916638312,-0.07543598333715884,0.092,compressed,rotation,False,A
1784232000,91.14,564347.7,22439,12803,0.6794672119300663,0.25621060437523135,-0.07464702891372954,0.064,compressed,rotation,False,A
1784246400,90.67,564778.1,25033,10970,0.6810743999085105,0.28250460405156524,-0.069123552763111,0.07,compressed,rotation,False,A
1784260800,90.43,571631.1,17415,8637,0.6826063928540724,0.2618416066691926,-0.053630848366501116,0.112,compressed,rotation,False,A
1784275200,90.73,567990.3,11819,6165,0.6499669671464721,0.26231993934799086,-0.06480131957470114,0.096,compressed,rotation,False,A
1784289600,91.43,553627.7,26607,11576,0.6582131653272367,0.27684049079754586,-0.0760547777310302,0.028,compressed,rotation,False,A
1784304000,90.48,554380.7,32949,14706,0.6339971880576868,0.2973174366616985,-0.06275388859096442,0.032,compressed,rotation,False,A
1784318400,89.95,558638.1,13225,7057,0.4481284303976226,0.2681412495149396,-0.046282856695078145,0.052,compressed,rotation,False,A
1784332800,89.48,563395.9,16089,9000,0.4470584734656117,0.22862985685071527,-0.026831591756854678,0.072,compressed,rotation,False,A
1784347200,87.94,555857.4,39642,21131,0.46729351038380773,0.28074245939675196,-0.025196711755285373,0.044,compressed,rotation,False,A
1784361600,87.8,563215.5,18968,8954,0.46976048022535555,0.30519734271199694,0.0005093006433494196,0.076,compressed,rotation,False,A
1784376000,88.79,574387.4,22290,12379,0.49342401170566724,0.23647604327666105,0.03361592839965244,0.172,compressed,rotation,False,A
1784390400,89.51,578664.8,13692,7069,0.4709181134763568,0.1999999999999998,0.0614613802295334,0.204,compressed,rotation,False,A
1784404800,89.92,576114.7,8518,4574,0.472659525790548,0.1712457659013924,0.05945445648210135,0.188,compressed,rotation,False,A
1784419200,90.05,570323.5,13004,6116,0.47721821786214264,0.23639253079062386,0.045888843266728374,0.136,compressed,rotation,False,A
1784433600,90.73,569074.4,9342,5141,0.4854815662262286,0.17877094972066995,0.03796655193376708,0.132,compressed,rotation,False,A
1784448000,89.26,565360.9,12493,5815,0.5011920122924004,0.289912629070691,0.030526961244475626,0.104,compressed,rotation,False,A
1784462400,89.61,570190.7,8418,3945,0.4754649066893492,0.4558493948901841,0.03735239046129646,0.14,compressed,trend,False,B
1784476800,89.07,568160.4,13613,5370,0.4766877381577163,0.44918330308529986,0.0004974660926231333,0.128,compressed,trend,False,B
1784491200,89.52,566029.6,8684,4582,0.44939300593852105,0.418116912092816,-0.009499384119325605,0.108,compressed,trend,False,B
1784505600,89.76,558167.9,16904,8714,0.4528978968845158,0.39534883720930186,-0.014318631084972222,0.052,compressed,trend,False,B
1784520000,90.18,555553.0,15400,7086,0.4323381547892607,0.32296086751532255,-0.02374747151872658,0.04,compressed,trend,False,B
1784534400,90.94,565122.1,18257,10442,0.4414346707009306,0.35555555555555546,-0.015735425538010772,0.112,compressed,trend,False,B
1784548800,89.59,570213.5,31371,15811,0.4787762644557033,0.35926993275696406,-0.012085980788975048,0.164,compressed,trend,False,B
1784563200,89.57,569445.0,31715,15852,0.4781340950029517,0.35148274185707346,-0.007376627397168711,0.16,compressed,trend,False,B
1784577600,89.81,567291.7,7794,4047,0.46897629950339165,0.29954384186517946,-0.0077943415990363585,0.128,compressed,trend,False,B
1784592000,92.52,563557.3,23935,13351,0.5830233718685388,0.1697080291970801,-0.015351786810654744,0.092,compressed,rotation,False,A
1784606400,94.87,563704.6,37925,18650,0.6440464858863755,0.015521064301552466,-0.031722883652413936,0.096,compressed,rotation,False,A
1784620800,94.77,551166.3,34814,17401,0.6405092697027498,0.03339350180505386,-0.04422183594153706,0.028,compressed,rotation,False,A
1784635200,96.09,560454.0,37454,19393,0.6019344904945745,0.16674280493375965,-0.020671383556308376,0.076,compressed,rotation,False,A
1784649600,95.26,558990.8,26131,12503,0.6230477380940856,0.12759381898454722,-0.015792996908588264,0.076,compressed,rotation,False,A
1784664000,95.62,555609.7,10658,5363,0.6172695954396273,0.20569329660238728,-0.015483362473170392,0.048,compressed,rotation,False,A
1784678400,96.02,558384.3,23681,12706,0.6159571736460385,0.24643021649009605,-0.011320906387836116,0.072,compressed,rotation,False,A
1784692800,95.54,553791.3,61656,35663,0.626910747620518,0.23280182232346205,-0.031208588895880407,0.036,compressed,rotation,False,A
1784707200,95.99,549459.6,49887,20785,0.6289979315119548,0.238009049773755,-0.03262502898376973,0.024,compressed,rotation,False,A
1784721600,97.47,552209.1,64824,25389,0.6470374313144207,0.26398601398601335,-0.002562371788839335,0.036,compressed,rotation,False,A
1784736000,97.75,559245.4,47552,25338,0.5930031359925941,0.32733003151733403,0.00877501687919513,0.1,compressed,rotation,False,A
1784750400,97.36,560007.2,17467,9668,0.6039775167738365,0.3357498867240593,0.0024507816419967465,0.104,compressed,rotation,False,A
1784764800,96.88,563927.9,17538,8137,0.6022227159993221,0.3351449275362311,0.0009442738223690572,0.14,compressed,rotation,False,A
1784779200,97.1,568773.9,11272,5272,0.604094732941758,0.4412331406551054,0.023237074832501925,0.204,compressed,trend,False,B
1784793600,96.58,568713.5,14914,7232,0.6171427930968871,0.41532639545884553,0.00976180520600023,0.204,compressed,trend,False,B
1784808000,95.82,563604.8,25388,11990,0.6356707843997611,0.336202773792443,-0.018772347722112226,0.136,compressed,trend,False,B
1784822400,95.37,554916.7,13572,6242,0.6398763049005515,0.2839147286821705,-0.04103947570337796,0.052,compressed,trend,False,B
1784836800,94.91,553483.0,10241,4820,0.605492422431843,0.24117931367810497,-0.039283323268786474,0.04,compressed,trend,False,B
1784851200,95.4,551486.2,9377,4947,0.6059746176298793,0.2541567695961996,-0.0330291492459982,0.036,compressed,trend,False,B
1784865600,96.27,551157.4,11532,6407,0.6119056993977459,0.2608286252354044,-0.03148445967697722,0.032,compressed,trend,False,B
1784880000,95.68,551255.0,22385,11249,0.5129056538492563,0.31532416502946964,-0.024950257437329038,0.04,compressed,trend,False,B
1784894400,94.71,543368.7,29026,14108,0.4274983779938222,0.24308865586272593,-0.0470404024478126,0.004,compressed,trend,False,B
1784908800,93.76,540904.4,12400,5065,0.4480649867286779,0.21926133707339934,-0.047972368366397955,0.004,compressed,rotation,False,A
1784923200,93.08,532264.4,10850,5250,0.4109204391222085,0.16466234967622578,-0.059652710741629034,0.004,compressed,rotation,False,A
1784937600,91.52,531224.8,24031,10370,0.4496107297485201,0.0767218831734957,-0.04827060101449754,0.004,compressed,rotation,False,A
1784952000,90.92,530843.4,21069,10227,0.4464394990805036,0.0320069204152247,-0.044477484596429084,0.004,compressed,rotation,False,A
1784966400,90.83,531122.9,11903,6250,0.4377514745291382,0.004899777282850753,-0.06016257371637024,0.008,compressed,rotation,False,A
1784980800,91.75,525688.5,12971,7107,0.46769258634958266,0.09809264305177091,-0.07808478754010562,0.004,compressed,rotation,False,A
1784995200,91.73,519880.8,9534,4737,0.45921844834489756,0.09809264305177162,-0.08703948581513576,0.004,compressed,rotation,False,A
1785009600,91.97,519724.1,9252,5021,0.39692933225091875,0.09809264305177104,-0.08385033660813301,0.004,compressed,rotation,False,A
1785024000,92.35,521184.4,8065,3511,0.4005776321154543,0.008633824276282471,-0.07518827278078022,0.012,compressed,rotation,False,A
1785038400,93.15,510610.4,43037,19741,0.42744170726995834,0.0948180815876516,-0.09418798427403285,0.004,compressed,rotation,False,A
1785052800,95.8,518124.3,26171,13285,0.5815156676852961,0.04978250362493971,-0.05994923855105083,0.008,compressed,rotation,False,A
1785067200,97.73,529194.9,66843,36931,0.6406369992480239,0.07699530516431939,-0.05577460416019864,0.028,compressed,rotation,False,A
1785081600,96.35,526453.3,17410,9327,0.6650674355546053,0.04988558352402701,-0.05820757694044343,0.028,compressed,rotation,False,A
1785096000,101.42,553835.8,52681,29203,0.9383133122074659,0.2183734939759036,-0.0031927088385964586,0.12,normal,rotation,False,A
1785110400,99.85,551672.3,24410,13754,0.9679901897880577,0.13811756220699595,-0.012020395272574813,0.104,normal,rotation,False,A
1785124800,101.84,575191.7,30401,17654,0.9928084649296017,0.21545827633378906,0.03864343842165785,0.376,normal,rotation,False,A
1785139200,100.65,566994.8,16587,8421,1.0127453369284314,0.1554369579719815,0.031913538320196944,0.268,normal,rotation,False,A
1785153600,98.91,571616.2,39898,22211,1.0422799587364384,0.047619047619047485,0.03514447697439249,0.34,normal,rotation,False,A
1785168000,99.55,572366.7,27243,13126,1.0388889923885622,0.05882352941176454,0.023462508587464237,0.36,normal,rotation,False,A
1785182400,97.94,559520.8,21921,10277,1.0551543793355271,0.01822752985543676,-0.0008685602613679455,0.188,normal,rotation,False,A
1785196800,98.0,558755.3,22534,11726,1.0425773676208918,0.0356687898089173,-0.009172449173023622,0.176,normal,rotation,False,A
1785211200,97.18,559204.1,14611,8065,1.044570836157981,0.0025000000000003886,-0.016825314945007275,0.188,normal,rotation,False,A
1785225600,96.68,560661.9,17242,8016,1.0161954801657531,0.003126954346466805,-0.014157567914248492,0.208,normal,rotation,False,A
1785240000,100.25,571509.4,40478,21043,1.0987149376138363,0.12733544121874113,0.014025075726821212,0.356,normal,rotation,False,A
1785254400,101.65,573550.6,35182,18466,1.101666646651265,0.17571348628987113,0.033579634564971705,0.392,normal,rotation,False,A
1785268800,100.81,574014.0,13828,6749,1.1147689459944279,0.16334440753045404,0.03709418356119332,0.4,normal,rotation,False,A
1785283200,98.31,576823.0,30338,15752,1.1818444906955468,0.07631785995279294,0.04594276339099701,0.44,normal,rotation,False,A
1785297600,98.13,575648.6,19663,9449,1.18390103475811,0.049679487179487114,0.04443594515831584,0.428,normal,rotation,False,A
1785312000,98.13,554956.1,46779,23690,1.1845935513707258,0.06648575305291683,0.006713952707911863,0.136,normal,rotation,False,A
1785326400,98.61,544938.4,76836,31976,1.1823656952597121,0.1072607260726073,0.002888830365091133,0.064,normal,rotation,False,A
1785340800,97.01,551562.8,52545,24164,1.1535086096026266,0.08781410429613606,0.01970477592713249,0.108,normal,rotation,False,A
1785355200,96.01,530275.0,37825,17964,1.1293680288142707,0.07848915081703733,-0.003737616117102771,0.036,normal,rotation,False,A
1785369600,96.21,531224.5,33075,16553,1.1143645330979437,0.13038643313872655,-5.647326707380884e-07,0.048,normal,rotation,False,A
1785384000,96.61,533025.0,18629,9531,0.8609870057284804,0.15907184791724885,0.004109686585535455,0.06,normal,rotation,False,A
1785398400,98.44,529204.3,24963,12343,0.8867380136406964,0.2028792322047452,-0.0036123465962397683,0.036,normal,rotation,False,A
1785412800,99.11,529761.2,30777,17366,0.8488029806641543,0.19753086419753066,0.007747363695420395,0.04,compressed,rotation,False,A
1785427200,99.52,538286.2,24553,12705,0.8395493064878001,0.20690571049136747,0.035403115483395364,0.072,compressed,rotation,False,A
1785441600,99.45,536811.7,12434,5406,0.8097742791389319,0.19957310565634998,0.032878213652205,0.072,compressed,rotation,False,A
1785456000,99.77,544113.7,29410,14867,0.8110180321721395,0.19828968466060917,0.04399460152682999,0.092,compressed,rotation,False,A
1785470400,98.4,538261.8,23291,11318,0.8031324827254427,0.13819426164780202,0.05415361692593801,0.076,compressed,rotation,False,A
1785484800,97.27,538566.1,16576,6819,0.8196168982705695,0.040307101727447156,0.03945346705414132,0.084,compressed,rotation,False,A
1785499200,96.3,531679.1,33210,16551,0.8238286817725028,0.04027034638130121,0.004694300719829236,0.064,compressed,rotation,False,A
1785513600,96.16,534796.8,17130,9438,0.8235213944080939,0.0055442077618907985,0.0158485092599856,0.076,compressed,rotation,False,A
1785528000,93.65,526420.0,35212,16271,0.7185479780745481,0.24503311258278138,-0.04950167540632089,0.028,compressed,rotation,False,A
1785542400,92.58,529007.3,68312,35751,0.6827892533686387,0.23293816084588265,-0.041084172614793246,0.036,compressed,rotation,False,A
1785556800,91.33,548060.7,47818,21741,0.6940425801157593,0.344929438792255,-0.04716862221760154,0.132,compressed,rotation,False,A
1785571200,91.44,548548.2,22126,11074,0.6365909775120208,0.31337189520245023,-0.03253398443865818,0.14,compressed,rotation,False,A
1785585600,92.05,541451.6,42077,19359,0.6554124099684633,0.24274593064402,-0.0527707227331905,0.108,compressed,rotation,False,A
1785600000,90.17,525554.7,45663,19224,0.6995709402450082,0.3179661016949154,-0.0817867286828532,0.024,compressed,rotation,False,A
1785614400,90.59,531546.2,29105,12135,0.7006473781682697,0.25962557400211944,-0.049997426369136067,0.076,compressed,rotation,False,A
1785628800,92.12,534256.8,24314,12275,0.7367060914425485,0.19744795164539963,-0.04384477426880784,0.092,compressed,rotation,False,A
1785643200,92.12,539760.2,13328,6729,0.7319887741397998,0.17472375690607755,-0.0347706678116273,0.116,compressed,rotation,False,A
1785657600,91.98,541492.6,15390,7266,0.7325775834487686,0.16433566433566454,-0.034190480929772504,0.128,compressed,rotation,False,A
1785672000,92.18,534988.7,26973,12851,0.7308811172588189,0.3198573127229487,-0.06390218603578535,0.1,compressed,rotation,False,A
1785686400,92.93,530159.7,9693,4983,0.6798681051533993,0.3547599674532142,-0.07565313330680856,0.056,compressed,trend,False,B
1785700800,92.09,524283.7,13793,6961,0.669343649135499,0.3547599674532142,-0.0866360402359524,0.024,compressed,trend,False,B
1785715200,91.6,531218.9,15913,7106,0.6594389655373453,0.29729729729729776,-0.079060821083764,0.076,compressed,trend,False,B
1785729600,91.31,532113.8,11047,4985,0.6576496779036768,0.30070546737213405,-0.0756273879585565,0.096,compressed,trend,False,B
1785744000,92.2,536472.6,11830,6076,0.6792117077598863,0.2515910055154857,-0.03330623809703148,0.12,compressed,trend,False,B
1785758400,93.39,521773.8,28110,14070,0.7017605174676842,0.21499176276771023,-0.04250865785931035,0.024,compressed,rotation,False,A
1785772800,92.86,517011.2,17081,8133,0.6908697054379384,0.17880224041361523,-0.06264309340658947,0.008,compressed,rotation,False,A
1785787200,92.35,516627.1,8058,3912,0.6872697534550289,0.16109154929577524,-0.02573740040545003,0.008,compressed,rotation,False,A
1785801600,92.4,523433.0,11459,6012,0.692844196059052,0.1688081524147092,-0.014667056959910552,0.036,compressed,rotation,False,A
1785816000,92.73,522355.6,8265,4419,0.5934486866405176,0.17244444444444423,-0.020016697153041663,0.036,compressed,rotation,False,A
1785830400,92.27,525447.7,11175,4995,0.5793183759121324,0.2920018930430667,-0.007098581776452062,0.048,compressed,rotation,False,A
1785844800,90.24,545700.8,26458,12249,0.6406622847941407,0.39439751000444645,0.030088273735411564,0.204,compressed,trend,False,B
1785859200,90.51,553472.5,15440,8811,0.6472125982770565,0.4031319910514533,0.028212315307358793,0.26,compressed,trend,False,B
1785873600,90.43,558053.8,5254,2504,0.6375670809038098,0.4033989266547399,0.039570858831877276,0.308,compressed,trend,False,B
1785888000,90.83,559598.0,14628,6918,0.5636758442553503,0.3983957219251331,0.028457838867133933,0.344,compressed,trend,False,B
1785902400,91.79,553345.9,9708,4965,0.5839402032694605,0.3000453926463907,0.028023723771592124,0.26,compressed,trend,False,B
1785916800,91.1,550599.0,12987,6016,0.541331949064221,0.2857804539138485,0.022342475696112363,0.232,compressed,trend,False,B
1785931200,90.01,546005.4,22293,9341,0.5685922157242936,0.2897282358360194,0.02694538867523666,0.208,compressed,trend,False,B
1785945600,89.8,553209.3,14970,7203,0.570786482420627,0.29201101928374595,0.03442896442162713,0.268,compressed,trend,False,B
1785960000,89.77,559846.8,8029,3888,0.5702024097461148,0.20103626943005176,0.06349834732722925,0.364,compressed,rotation,False,A
1785974400,88.6,558982.0,38698,19425,0.5783900049214161,0.20515463917525742,0.056662167043819434,0.344,compressed,rotation,False,A
1785988800,88.36,563773.5,15480,6918,0.5725301295299433,0.16150081566068472,0.02866981704763738,0.408,compressed,rotation,False,A
1786003200,88.41,561676.4,19982,9975,0.574918223776749,0.16530278232405862,0.023932627980549404,0.384,compressed,rotation,False,A
1786017600,88.43,560778.0,11916,5750,0.5793654540023956,0.20405862457722546,0.03569367973056137,0.384,compressed,rotation,False,A
1786032000,89.05,561378.9,8054,3905,0.5707406819812931,0.06796116504854377,0.06816455071184802,0.388,compressed,rotation,False,A
1786046400,89.7,561293.2,6457,3131,0.5428044395692764,0.0532615200478754,0.05596315052200551,0.388,compressed,rotation,False,A
1786060800,90.33,550518.8,23503,10286,0.5590062500482312,0.11321948134092354,0.030438545658192817,0.236,compressed,rotation,False,A
1786075200,90.27,546952.5,11618,5400,0.5565261908759741,0.11657214870825476,0.013324991357273275,0.212,compressed,rotation,False,A
1786089600,89.67,545608.5,16599,8121,0.5657664191668957,0.14145744029393734,0.007601027234721336,0.204,compressed,rotation,False,A
1786104000,89.55,544000.1,22354,9660,0.5620147105255603,0.16184615384615403,0.016844094090211703,0.188,compressed,rotation,False,A
1786118400,90.45,540830.3,9660,5394,0.598630316404132,0.15121951219512175,0.02012714282130479,0.168,compressed,rotation,False,A
1786132800,89.86,539109.2,4306,2454,0.49698719027975463,0.13808049535603698,0.0282776290775395,0.164,compressed,rotation,False,A
1786147200,89.9,536392.3,5094,2354,0.49440443290445674,0.10828025477706903,0.00973873482287635,0.144,compressed,rotation,False,A
1786161600,90.33,533636.7,6662,3126,0.5021292437476265,0.06186868686868694,0.0028619817790853652,0.132,compressed,rotation,False,A
1786176000,90.34,533802.2,4454,2379,0.4970749840472719,0.12433155080213858,-0.004977700631868309,0.136,compressed,rotation,False,A
1786190400,91.22,531789.8,14026,8272,0.493274354056174,0.14812286689419757,0.019196057755295648,0.12,compressed,rotation,False,A
1786204800,91.43,530569.6,6185,3686,0.4802429748095851,0.09979064898813587,0.026224576953071788,0.092,compressed,rotation,False,A
1786219200,91.2,520964.3,6903,4141,0.43693448220611547,0.08185053380782827,0.00839522355679767,0.028,compressed,rotation,False,A
1786233600,90.64,519089.4,8204,4659,0.45712208315564384,0.12087912087912085,-0.008298292236064597,0.02,compressed,rotation,False,A
1786248000,91.71,520465.3,11236,5931,0.5014651233505811,0.06666666666666717,-0.0036187991475539194,0.032,compressed,rotation,False,A
1786262400,91.08,521305.3,8751,4977,0.4559103936373885,0.07692307692307664,-0.007883562912160413,0.044,compressed,rotation,False,A
1786276800,91.8,519443.8,9758,6054,0.46378127763285887,0.1101694915254237,-0.048116110513307,0.024,compressed,rotation,False,A
1786291200,91.27,518764.7,11044,4934,0.48493340480261093,0.05270457697642095,-0.06270916802551163,0.02,compressed,rotation,False,A
1786305600,90.58,516145.1,10242,5383,0.5125435871311053,0.009980039920159103,-0.07509795650526896,0.008,compressed,rotation,False,A
1786320000,91.37,514363.2,13441,7961,0.5206657550386554,0.03501945525291863,-0.0808344561631743,0.008,compressed,rotation,False,A
1786334400,92.14,517821.7,9929,5579,0.5262618670116204,0.022980958634274056,-0.06419890343454249,0.024,compressed,rotation,False,A
1786348800,91.48,519377.1,7923,4108,0.5359415697106739,0.02500000000000063,-0.05670533364572039,0.04,compressed,rotation,False,A
1786363200,90.02,514025.9,13459,5912,0.6122643576984771,0.0006422607578671093,-0.05856993355743367,0.008,compressed,rotation,False,A
1786377600,89.71,518630.0,8803,3792,0.6059560212877279,0.005743458838545202,-0.06250672213934227,0.036,compressed,rotation,False,A
1786392000,89.27,520043.3,4377,2123,0.6152197543956945,0.031094527363184056,-0.07109712871449847,0.064,compressed,rotation,False,A
1786406400,89.05,525953.3,8924,4224,0.5892240110990014,0.02974223397224075,-0.05908723357818313,0.112,compressed,rotation,False,A
1786420800,88.67,527649.7,10385,3973,0.5855343928829859,0.02030124426981022,-0.06407502303673385,0.124,compressed,rotation,False,A
1786435200,89.0,530680.6,6977,3461,0.5950831749594764,0.03794212218649537,-0.055184444281440426,0.156,compressed,rotation,False,A
1786449600,86.39,534135.8,22063,9318,0.7917676465511307,0.1124586549062848,-0.04750935307733173,0.212,compressed,rotation,False,A
1786464000,88.3,534370.1,9057,4341,0.9063101714144851,0.038600102933607806,-0.04811153393902057,0.22,normal,rotation,False,A
1786478400,88.21,530903.6,3962,2470,0.8932527510242605,0.07896131425543236,-0.05414211324847684,0.164,normal,rotation,False,A
1786492800,89.98,523889.2,11615,6104,0.988601333567306,0.017491254372813292,-0.048371826720540745,0.096,normal,rotation,False,A
1786507200,89.15,522966.4,12493,5680,1.0008754076052766,0.05389797882579353,-0.04385408239289512,0.092,normal,rotation,False,A
1786521600,89.88,524368.0,8677,4787,1.0101676228887788,0.010043041606886353,-0.03892992869429268,0.108,normal,rotation,False,A
1786536000,89.4,522868.6,19518,9039,0.9906415502012873,0.007052186177714692,-0.03884466197708425,0.092,normal,rotation,False,A
1786550400,88.47,521449.5,3362,1491,1.0029330266818515,0.09295774647887343,-0.035835270324166446,0.084,normal,rotation,False,A
1786564800,87.94,521444.3,10952,5868,0.9928133443601391,0.0903954802259888,-0.032766830912920764,0.084,normal,rotation,False,A
1786579200,88.2,519490.1,7465,4186,0.9964510579775258,0.07921714818266558,-0.03151089230773829,0.056,normal,rotation,False,A
1786593600,89.19,514398.4,7382,4187,1.0177816583168877,0.05177111716621257,-0.03605130606646789,0.016,normal,rotation,False,A
1786608000,88.21,518451.4,8168,3944,1.017164539129592,0.09264897781644237,-0.028757468590425272,0.04,normal,rotation,False,A
1786622400,87.05,532632.7,21905,11872,1.0181476150992443,0.17920068758057595,0.0015850247597828382,0.24,normal,rotation,False,A
1786636800,87.61,536839.4,8347,3870,1.0287708791880479,0.16172734970364136,0.011817111270604252,0.288,normal,rotation,False,A
1786651200,87.87,518534.8,9569,4423,0.9948713338485281,0.14080338266384776,-0.004663467343155814,0.044,normal,rotation,False,A
1786665600,87.33,520907.8,5421,2463,0.9988333304163215,0.14007617435463407,0.0035030574694840944,0.088,normal,rotation,False,A
1786680000,87.26,519998.3,7575,3717,0.9969780792606996,0.1966416261599642,-0.0008972740353679898,0.08,normal,rotation,False,A
1786694400,86.12,518501.7,18760,8022,1.0226984756188395,0.2143474503025062,-0.005378038550538422,0.044,normal,rotation,False,A
1786708800,86.16,519271.2,21680,10003,1.022079228356287,0.25111308993766707,-0.0003322784871048201,0.064,normal,rotation,False,A
1786723200,86.26,524732.6,8187,3587,1.018335799675501,0.22741715842033547,0.011504059547613688,0.156,normal,rotation,False,A
1786737600,86.43,523250.1,7936,3982,0.8498449371178028,0.19293351929335148,0.013765508962499062,0.14,compressed,rotation,False,A
1786752000,86.82,520943.8,7207,3343,0.7375100074978336,0.21553765987683632,0.01279368352945931,0.104,compressed,rotation,False,A
1786766400,86.58,519389.7,4991,2261,0.7390475310903575,0.27016520894071944,0.003028069314205961,0.072,compressed,rotation,False,A
1786780800,86.8,517136.7,5430,3138,0.6165677607821411,0.232373386295929,-0.0043136287679991225,0.032,compressed,rotation,False,A
1786795200,87.03,515020.5,8183,4818,0.6040853325420771,0.1581173982020094,0.0019349219562672104,0.02,compressed,rotation,False,A
1786809600,86.64,513525.2,3745,1629,0.5783476918136572,0.1616640337019482,-0.009842855214700297,0.008,compressed,rotation,False,A
1786824000,86.13,512077.7,3446,1645,0.5817771185188974,0.1647429171038826,-0.015317186088158352,0.008,compressed,rotation,False,A
1786838400,86.3,515090.6,2993,1229,0.5611101312928867,0.1446607048921621,-0.02065335458490336,0.032,compressed,rotation,False,A
1786852800,86.06,516381.3,2933,1492,0.5565269718184767,0.13831478537360894,-0.02135583513076944,0.04,compressed,rotation,False,A
1786867200,86.2,516578.0,3106,1495,0.5565394895325798,0.1498929336188436,-0.026574553507326182,0.044,compressed,rotation,False,A
1786881600,86.82,515706.4,7590,4048,0.5257489524556398,0.02576393049730336,-0.034503210606740886,0.036,compressed,rotation,False,A
1786896000,86.8,513773.4,4339,2067,0.48891654168481,0.10135135135135147,-0.038543885595395344,0.016,compressed,rotation,False,A
1786910400,85.98,515447.7,6175,2935,0.4585127303837112,0.14359304571796483,-0.029112441505388054,0.04,compressed,rotation,False,A
1786924800,86.68,511211.6,10184,4364,0.471864379952759,0.22821576763485513,-0.02419901001967595,0.008,compressed,rotation,False,A
1786939200,86.2,511657.1,6448,3535,0.47743678260476635,0.2090715804394053,-0.021625289884780408,0.012,compressed,rotation,False,A
1786953600,86.62,512205.5,8261,3918,0.47826631532281866,0.23623188405797066,-0.023194588533243854,0.02,compressed,rotation,False,A
1786968000,88.12,508813.9,15858,6905,0.593126091242042,0.08636977058029702,-0.026879984760989628,0.004,compressed,rotation,False,A
1786982400,87.84,505205.8,7737,3954,0.5271500709945349,0.044460127028934086,-0.03115105106055338,0.004,compressed,rotation,False,A
1786996800,89.21,499106.1,20077,13620,0.6013405204666918,0.08461025982678201,-0.042839091346861036,0.004,compressed,rotation,False,A
1787011200,88.12,493159.3,9766,4484,0.6646374739217412,0.0050505050505049555,-0.05068585522611502,0.004,compressed,rotation,False,A
1787025600,88.51,495235.9,7552,4227,0.6694270778781931,0.04461942257217809,-0.03725225428383916,0.008,compressed,rotation,False,A
1787040000,89.03,496570.1,7933,3905,0.674276786997135,0.055480378890393076,-0.042205113150432294,0.012,compressed,rotation,False,A
1787054400,89.46,495628.7,21977,12007,0.6732860503815151,0.1715302491103206,-0.06947376681904804,0.012,compressed,rotation,False,A
1787068800,89.36,498421.1,14263,7025,0.6760192491193922,0.128771155261222,-0.07156386062572917,0.02,compressed,rotation,False,A
1787083200,87.48,497370.8,11717,5070,0.8171764801717241,0.025641025641025786,-0.040815004123156196,0.02,compressed,rotation,False,A
1787097600,87.7,499641.6,6699,3476,0.8180988174388917,0.02484889187374119,-0.04082526696663025,0.032,compressed,rotation,False,A
1787112000,88.06,498784.5,6191,3439,0.8139638008536008,0.05270092226613969,-0.04079590260198929,0.028,compressed,rotation,False,A
1787126400,89.07,492869.3,11046,6170,0.8422725507753713,0.19601328903654505,-0.04943551776204402,0.004,compressed,rotation,False,A
1787140800,92.87,504041.2,61605,32580,1.171705802168974,0.3567251461988319,-0.0293295680561525,0.044,normal,trend,True,C
1787155200,92.9,504511.7,20280,10796,1.1730844214709115,0.3543223052294569,-0.03853562747959616,0.048,normal,trend,True,C
1787169600,95.29,472233.0,48899,26824,1.253551023385692,0.4227099236641234,-0.09750041137115883,0.004,normal,trend,True,C
1787184000,95.33,479580.5,27373,12420,1.2524992519868987,0.4129063561377986,-0.07940069543010209,0.008,normal,trend,True,C
1787198400,97.13,482113.2,13129,7506,1.2446457570496243,0.47586829048263524,-0.07176980983642922,0.012,normal,trend,True,C
1787212800,97.99,488814.3,31428,18234,1.2452360774581492,0.4905743095133724,-0.05476772389196127,0.016,normal,trend,True,C
1787227200,97.08,490664.8,26007,12163,1.2632196284288677,0.4278416347381875,-0.047290738912334596,0.02,normal,trend,True,C
1787241600,96.81,497114.3,31459,11736,1.2757983789785066,0.4351732991014134,-0.031957341139246975,0.044,normal,trend,True,C
1787256000,99.2,507962.4,16200,8471,1.3129521277193716,0.5176237623762394,-0.00803647571452537,0.08,expanded,trend,True,C
1787270400,100.94,506449.9,43158,22751,1.317571490408576,0.5458612975391515,-0.016775107136491996,0.08,expanded,trend,True,C
1787284800,105.82,533775.3,44217,24702,1.5490882223191353,0.6280991735537202,0.0336844111124861,0.428,expanded,trend,True,C
1787299200,109.43,523920.7,160059,87011,1.5613973754484243,0.6650443744632135,0.014214116745196348,0.3,expanded,trend,True,C
1787313600,110.52,526837.4,57741,32557,1.555456268138591,0.6694915254237301,0.02158398654738436,0.34,expanded,trend,True,C
1787328000,110.05,512993.6,29266,14881,1.5841668862123421,0.6485355648535576,-0.0015177897493331427,0.112,expanded,trend,True,C
1787342400,122.78,543253.7,95723,57884,2.565583188888767,0.7705192629815754,0.05394533722819972,0.52,expanded,trend,True,C
1787356800,126.33,534140.0,70106,37827,2.5508182297534763,0.7834420075083983,0.04485109492820594,0.452,expanded,trend,True,C
1787371200,122.91,522816.5,119872,59649,2.5950070104344944,0.6855275443510744,0.021810310068989702,0.284,expanded,trend,True,C
1787385600,124.34,529830.4,45969,25310,2.5792065262857324,0.6913489736070388,0.03440982183908603,0.372,expanded,trend,True,C
1787400000,122.0,528420.7,45420,25295,2.673978692566614,0.6115523465703976,0.038534324632247596,0.356,expanded,trend,True,C
1787414400,125.99,535933.3,54684,31514,2.6910443991150137,0.6454068685501612,0.0608217482855502,0.484,expanded,trend,True,C
1787428800,126.55,540572.0,29247,14847,2.649526680247195,0.6404802744425392,0.08308033101579015,0.524,expanded,trend,True,C
1787443200,124.14,537149.1,34887,17776,2.728238345680503,0.6041596779604163,0.08919998061478318,0.504,expanded,trend,True,C
1787457600,121.25,534075.4,33097,15863,2.8246951137240615,0.5270444301352224,0.07842626110102269,0.46,expanded,trend,True,C
1787472000,127.85,548684.1,47834,26538,2.932733493608759,0.5692082111436952,0.10494792175364576,0.616,expanded,trend,True,C
1787486400,139.94,593593.8,152107,76328,3.31925907059001,0.6321061858251944,0.197658246990136,1.0,expanded,trend,True,C
1787500800,139.3,595826.4,43862,20215,3.3474100529896536,0.6211442786069656,0.19542772165945643,1.0,expanded,trend,True,C
1787515200,141.61,599470.9,52653,26585,3.29696753834852,0.6696771000866019,0.20527964247197472,1.0,expanded,trend,True,C
1787529600,139.41,600602.7,58329,24856,3.3446688597645586,0.6244414925733607,0.20206704165545863,1.0,expanded,trend,True,C
1787544000,139.89,601806.5,87007,42671,3.3551899834508636,0.624984927046907,0.2065461136021669,1.0,expanded,trend,True,C
1787558400,137.31,556703.9,90318,53095,3.4345904367683016,0.5708875739644973,0.12951628352587607,0.712,expanded,trend,True,C
1787572800,134.59,524942.8,77355,36751,3.4354799113566377,0.5001198753296574,0.041468038723818657,0.324,expanded,trend,True,C
1787587200,134.51,510287.0,26841,11416,3.412047118980528,0.4985024559722056,0.011447306375649946,0.092,expanded,trend,True,C
1787601600,132.29,503567.4,22967,10121,3.456643005492004,0.44417767106842737,0.06635368557470578,0.068,expanded,trend,True,C
1787616000,127.93,499648.9,77485,35645,3.556961419128718,0.3720611732481171,0.04184573809819203,0.068,expanded,trend,True,C
1787630400,129.76,490147.7,45925,22824,2.804920352832095,0.372276098117513,0.0166651732414711,0.02,expanded,trend,True,C
1787644800,128.19,485369.0,31097,15369,2.763382151994523,0.3417836124943416,-0.007048279888702047,0.016,expanded,trend,True,C
1787659200,129.35,482560.2,26783,13004,2.6991637228116505,0.36418011511116144,-0.016517590012570693,0.016,expanded,trend,True,C
1787673600,127.43,484190.5,27820,13590,2.7147213269290025,0.33924218923111044,-0.02599764279563066,0.02,expanded,trend,True,C
1787688000,126.53,481430.3,17384,8149,2.686253813167472,0.30787428185197724,-0.052232409327934604,0.012,expanded,trend,True,C
1787702400,128.19,482554.5,19308,9613,2.6182449325507062,0.3072499718119294,-0.0471821595778773,0.02,expanded,trend,True,C
1787716800,127.3,481373.2,15676,8174,2.621805084782455,0.2536009445100356,-0.09817258310753618,0.012,expanded,trend,True,C
1787731200,126.37,474499.8,14564,6507,2.5937704338727605,0.2065349914654964,-0.09432897001397356,0.008,expanded,rotation,True,C
1787745600,123.26,473697.2,33342,16899,2.59960458387447,0.15159447881960994,-0.10086641533042262,0.008,expanded,rotation,True,C
1787760000,123.49,471628.4,21375,9533,2.3439665890255217,0.1603818615751791,-0.0806349241004175,0.004,expanded,rotation,True,C
1787774400,126.97,475503.8,19375,9588,1.4270429599026269,0.05620389000670693,-0.12471134573036502,0.02,expanded,rotation,True,C
1787788800,124.69,473863.2,16423,7800,1.45265979446186,0.022379912663755486,-0.11284831692065744,0.016,expanded,rotation,True,C
1787803200,126.69,469179.9,20681,11604,1.4491132699700775,0.05260228221541894,-0.10259163587989284,0.004,expanded,rotation,True,C
1787817600,126.49,468144.5,40387,23140,1.434387981845083,0.030440322809004584,-0.11642574680501538,0.004,expanded,rotation,True,C
1787832000,127.94,461756.9,34615,18646,1.4637931688019423,0.08517350157728713,-0.1261566778137191,0.004,expanded,rotation,True,C
1787846400,127.64,469251.4,26470,14050,1.4318180624697907,0.024981074943224945,-0.12442201296318034,0.016,expanded,rotation,True,C
1787860800,128.01,463883.3,11633,6132,1.3924578328027775,0.02216823565138165,-0.14186583840820466,0.008,expanded,rotation,True,C
1787875200,125.88,462314.9,36632,18080,1.4218902609825301,0.026532479414455586,-0.13931737016779877,0.008,expanded,rotation,True,C
1787889600,125.68,458975.0,14126,8635,1.3926200670145044,0.07044045158212775,-0.1406175981893194,0.004,expanded,rotation,True,C
1787904000,125.41,452939.7,18309,11301,1.2220010359103928,0.043140028288543165,-0.1744982222010807,0.004,normal,rotation,False,A
1787918400,123.15,450821.6,39986,15071,1.2221418301519422,0.35929809544190083,-0.24052171703949743,0.004,normal,trend,False,B
1787932800,121.46,459944.1,43239,16676,1.2202677581348271,0.37337798241942327,-0.22805686354280386,0.016,normal,trend,False,B
1787947200,122.15,461065.9,10380,5724,1.1990107867278903,0.4215771230502607,-0.23087859644229602,0.02,normal,trend,False,B
1787961600,120.63,462824.4,13408,6186,1.1866678855164856,0.41292875989445976,-0.22940006763206344,0.032,normal,trend,False,B
1787976000,121.73,467179.8,10990,4740,1.2044764851710583,0.3939262472885033,-0.2237042969791786,0.04,normal,trend,False,B
1787990400,121.61,466551.5,9706,3522,1.1607506973696997,0.3597616865261231,-0.16193958763356975,0.04,normal,trend,False,B
1788004800,123.13,462789.1,18683,8299,1.1922671968484098,0.27002827521206446,-0.1184009000599685,0.032,normal,trend,False,B
1788019200,124.28,464618.1,9916,4760,1.2024893499615208,0.23511836359457594,-0.08949649902897783,0.044,normal,trend,False,B
1788033600,126.68,466548.5,12828,6594,1.1508260209266137,0.12840466926070013,-0.07351329732623679,0.048,normal,rotation,False,A
1788048000,125.94,465221.1,12766,6858,1.1587416214974333,0.04966308959321211,-0.06890398437783019,0.048,normal,rotation,False,A
1788062400,124.05,464038.7,10271,4630,1.053605549225346,0.14228756541240947,-0.053267617087665586,0.044,normal,rotation,False,A
1788076800,126.55,462278.9,17642,11234,1.0691098671783479,0.039941548952752065,-0.047572259456207466,0.028,normal,rotation,False,A
1788091200,125.87,458984.4,42412,19326,1.0251001359760634,0.0857565303104975,-0.04885566609098713,0.016,normal,rotation,False,A
1788105600,127.61,453980.2,25895,11926,1.0585335050465035,0.00445544554455427,-0.062393417466885426,0.012,normal,rotation,False,A
1788120000,122.32,449460.3,29517,12596,1.325324309927784,0.09399419513284228,-0.06640628975783203,0.004,expanded,rotation,False,A
1788134400,122.34,450243.7,23031,10015,1.3152217852566483,0.1355735805330241,-0.06695782548914164,0.008,expanded,rotation,False,A
1788148800,123.53,450104.5,16727,7809,1.320654125534464,0.08676639815880306,-0.06495729301091135,0.008,expanded,rotation,False,A
1788163200,123.01,449228.9,8613,4193,1.2824216987060806,0.07806691449814118,-0.05325797819092859,0.004,normal,rotation,False,A
1788177600,123.68,444533.0,25872,12106,1.283858163258993,0.01034482758620693,-0.06156717835782022,0.004,normal,rotation,False,A
1788192000,124.11,441096.2,15702,8265,1.281217738440389,0.015196078431372646,-0.06473783173362757,0.004,normal,rotation,False,A
1788206400,124.05,440005.2,6676,3423,1.2304586018753476,0.07811663991439269,-0.07465471359009113,0.004,normal,rotation,False,A
1788220800,125.46,439176.3,18108,9463,1.212455486750886,0.02109011229800042,-0.07320024006928583,0.004,normal,rotation,False,A
1788235200,126.93,435655.6,20714,11214,1.2196490814989744,0.006670372429127537,-0.07145297571358034,0.004,normal,rotation,False,A
1788249600,128.22,433307.0,23712,11605,1.188768774272008,0.04666846506609124,-0.07441612579022072,0.004,normal,rotation,False,A
1788264000,127.11,423911.6,31790,15999,1.2018306533024181,0.02259733188129588,-0.08195936000090098,0.004,normal,rotation,False,A
1788278400,125.94,429587.7,22195,8985,1.2192283415439604,0.04521276595744684,-0.08452548037150243,0.008,normal,rotation,False,A
1788292800,127.86,435998.3,20155,9853,1.2277645587984896,0.00383141762452085,-0.06011210147034829,0.02,normal,rotation,False,A
1788307200,129.24,439396.5,40205,22552,1.2300238379384731,0.08750000000000022,-0.04957313727072177,0.028,normal,rotation,False,A
1788321600,131.4,466909.5,68571,37805,1.216562274078683,0.14172447968285404,0.017287433956097775,0.132,normal,rotation,False,A
1788336000,126.19,456413.2,43425,20814,1.4531363964456336,0.017218543046357615,0.007668791232033678,0.072,expanded,rotation,False,A
1788350400,127.12,458290.3,18216,9291,1.4242585084935893,0.0902888332954285,0.016566863699521095,0.076,expanded,rotation,False,A
1788364800,126.75,461372.1,18562,8263,1.3730057595467946,0.12403282532239149,0.003104725117682783,0.096,expanded,rotation,False,A
1788379200,127.12,459210.2,7124,3755,1.3645639013727777,0.11741081974958636,-0.004024804263338511,0.088,expanded,rotation,False,A
1788393600,127.03,459606.2,20336,9733,1.3332253207397209,0.15647921760391187,-0.006953393122748119,0.092,expanded,rotation,False,A
1788408000,127.5,463780.0,17197,8977,1.0392699243411714,0.14328284082443477,-0.007277283820918634,0.128,normal,rotation,False,A
1788422400,129.98,463889.2,21295,11195,1.084296041550439,0.19634060520759988,-0.0057063368138351445,0.136,normal,rotation,False,A
1788436800,134.16,457724.0,37428,17015,1.203615384084953,0.24354162066681362,-0.010944726226265855,0.076,normal,rotation,False,A
1788451200,134.05,453106.4,32694,16244,1.1958553395525817,0.2207909604519775,-0.02477669294416196,0.068,normal,rotation,False,A
1788465600,132.65,434080.2,20269,9885,1.226345856356468,0.13803468208092473,-0.06959255039936896,0.016,normal,rotation,False,A
1788480000,133.26,430827.3,19783,9364,1.2262919368188245,0.1697588126159553,-0.07393000876357503,0.012,normal,rotation,True,C
1788494400,133.7,433464.5,19747,9617,1.2223727969816025,0.23158147348212121,-0.06588717708242875,0.02,normal,rotation,True,C
1788508800,133.88,442640.2,22130,9673,1.2123797931823823,0.18627700127064795,-0.04248236291987373,0.052,normal,rotation,True,C
1788523200,131.24,454107.2,63250,31049,1.27016130709055,0.1299927378358752,-0.010626069208452438,0.092,normal,rotation,True,C
1788537600,130.5,456329.1,6817,3053,1.2609635615617998,0.0716943686430166,0.005174014197094845,0.096,normal,rotation,True,C
1788552000,130.28,454993.5,4730,2052,1.2313013781371653,0.22587968217934182,0.012310764710476096,0.096,normal,rotation,True,C
1788566400,130.22,463116.9,13695,6643,1.1848113603277675,0.22335600907029465,0.028591627156582033,0.164,normal,rotation,True,C
1788580800,129.81,465017.0,15215,6346,1.1438939151752465,0.18202898550724642,0.03313119508914042,0.188,normal,rotation,True,C
1788595200,129.51,469948.0,12074,5516,1.124808786023701,0.1896149358226366,0.04612147615614215,0.224,normal,rotation,True,C
1788609600,131.9,473282.4,18713,8670,1.1273782606734848,0.2283333333333331,0.06467326385217742,0.236,normal,rotation,True,C
1788624000,134.76,477433.6,19860,9765,0.9115697584511319,0.27712724434035874,0.08237976205644015,0.256,normal,rotation,True,C
1788638400,134.37,477857.9,18313,10141,0.9144316786431164,0.2662538699690404,0.08602784694362708,0.26,normal,rotation,True,C
1788652800,135.68,478728.9,41169,20585,0.915760504404099,0.2643559234350753,0.0900608707710322,0.264,normal,rotation,True,C
1788667200,134.69,473762.0,16967,8200,0.9344877557283081,0.2032477737035094,0.08746909255843383,0.244,normal,rotation,True,C
1788681600,135.47,476755.3,9460,4911,0.933343922370692,0.19246084417308196,0.10027140110822108,0.26,normal,rotation,True,C
1788696000,133.6,470553.3,18334,8510,0.9842130899666828,0.16887848035388997,0.11002694901484178,0.228,normal,rotation,True,C
1788710400,132.48,468844.5,8783,4386,0.9539689604803057,0.17040125065138062,0.09138250466668385,0.216,normal,rotation,True,C
1788724800,136.79,463582.6,16385,8523,0.9634830868407042,0.2190336031395631,0.06326698980248313,0.168,normal,rotation,False,A
1788739200,133.43,466012.7,21009,9755,1.0656600264917713,0.09801169590643269,0.06057444699718828,0.2,normal,rotation,False,A
1788753600,132.52,458827.1,24762,11958,1.0560719908375287,0.026987951807229026,-0.017310420970230944,0.116,normal,rotation,False,A
1788768000,133.67,463168.7,10494,5193,1.0642539460956884,0.1997863247863247,0.01480128094454769,0.172,normal,rotation,False,A
1788782400,130.52,460915.9,23848,9592,1.1424989841140427,0.08572869389813441,0.005729119730441656,0.14,normal,rotation,False,A
1788796800,132.4,455243.6,7710,3872,1.1742500292835591,0.13723585134806934,-0.013283204597763887,0.1,normal,rotation,False,A
1788811200,132.07,454718.8,8972,3714,1.1193194170368284,0.12035010940919028,-0.009780706090587787,0.096,normal,rotation,False,A
1788825600,130.99,455385.5,14565,6038,1.1246592103703876,0.09401709401709439,-0.009183296482945691,0.108,normal,rotation,False,A
1788840000,131.07,455635.5,11609,5539,1.1241371402810925,0.08554996405463698,-0.017561128121091896,0.112,normal,rotation,False,A
1788854400,129.9,454571.1,18398,9092,1.1359306401783917,0.001979218208807132,-0.02008690868422902,0.096,normal,rotation,False,A
1788868800,130.9,448812.2,34895,16391,1.1424693842945404,0.08754027926960257,-0.0194698115021279,0.06,normal,rotation,False,A
1788883200,128.93,449666.9,13115,5686,1.1744400762759553,0.13094629156010273,-0.007590932284337604,0.072,normal,rotation,False,A
1788897600,128.74,449176.3,6080,2932,1.1232478357155893,0.10319345473739791,0.03477721398027356,0.064,normal,rotation,False,A
1788912000,128.19,454848.4,9493,4749,1.0423095576915995,0.1340206185567011,0.055755751782675,0.116,normal,rotation,False,A
1788926400,129.75,453367.3,9598,5115,1.073394102137058,0.10141206675224636,0.04591564015046212,0.1,normal,rotation,False,A
1788940800,129.37,457877.5,14383,6682,1.052260989862292,0.11519795657726692,0.03442366960795695,0.152,normal,rotation,False,A
1788955200,128.81,455156.4,18084,8706,1.0489945909686393,0.0655516590234694,0.002310467660499471,0.128,normal,rotation,False,A
1788969600,126.0,458503.6,11482,5476,1.0931823400467908,0.11497189575881472,0.004765201254971485,0.164,normal,rotation,False,A
1788984000,125.73,454998.2,20684,10484,1.0765957835090278,0.11610104618525148,1.0329817898613314e-05,0.128,normal,rotation,False,A
1788998400,125.47,457208.0,21108,9736,1.0720324875906149,0.1205889819751208,-0.01275898158758626,0.156,normal,rotation,False,A
1789012800,124.07,455239.6,8999,4911,0.8771739760504117,0.14214957899950514,-0.021025897977923425,0.136,normal,rotation,False,A
1789027200,122.81,446769.1,14517,7723,0.8137146158182461,0.16207063376874703,-0.04932226544213403,0.06,compressed,rotation,False,A
1789041600,122.14,451291.1,25899,14145,0.8204401066709508,0.2463402322059573,-0.04646549290656077,0.096,compressed,rotation,False,A
1789056000,122.87,439707.2,15826,7902,0.8105794428061331,0.31715124033075515,-0.07901915575275797,0.044,compressed,rotation,False,A
1789070400,120.55,440326.4,5491,2541,0.7764187706926744,0.35058346017250197,-0.07854113116053951,0.052,compressed,trend,False,B
1789084800,121.91,438128.3,9180,5298,0.7545123205351632,0.3488725614390684,-0.08480916861296661,0.036,compressed,trend,False,B
1789099200,122.8,438607.3,8068,3939,0.784864198611563,0.30200660401320856,-0.0742032919482779,0.04,compressed,trend,False,B
1789113600,122.09,435314.9,7263,3214,0.7815705494072157,0.3404580152671761,-0.08692173951710647,0.028,compressed,trend,False,B
1789128000,125.73,434216.2,50787,26008,0.9911859646006749,0.19162405648892147,-0.07722207027344186,0.028,normal,rotation,False,A
1789142400,124.4,437957.8,19381,7881,0.9958654660711943,0.19573643410852715,-0.0658783455921953,0.044,normal,rotation,False,A
1789156800,125.0,436475.9,10461,5040,0.987000425477203,0.31381421346819327,-0.0584722118560963,0.044,normal,rotation,False,A
1789171200,125.64,434585.0,8241,4806,0.9626253469552294,0.22352941176470656,-0.06743957836342229,0.032,normal,rotation,False,A
1789185600,126.22,433315.0,6126,3334,0.9688095604959733,0.18250289687137963,-0.05560286216747001,0.02,normal,rotation,False,A
1789200000,127.46,432815.0,7938,3843,0.9864736155621042,0.1794279110083792,-0.06553486882857151,0.016,normal,rotation,False,A
1789214400,126.01,437255.8,11764,6031,0.9760140259994123,0.13704041324825317,-0.0513327919475115,0.06,normal,rotation,False,A
1789228800,126.02,438151.4,5272,2631,0.9759695252576804,0.20554123711340272,-0.03754517361693821,0.072,normal,rotation,False,A
1789243200,125.46,437214.8,3084,1478,0.9761019588082553,0.21138471378317916,-0.03849411988244167,0.06,normal,rotation,False,A
1789257600,127.33,437266.4,8279,4300,0.9307233521011912,0.11416094822208407,-0.039788486897364916,0.068,normal,rotation,False,A
1789272000,126.48,436641.1,8544,3879,0.9392650068632055,0.1398111483399328,-0.04168770870575278,0.06,normal,rotation,False,A
1789286400,124.0,443412.0,11426,5403,1.0098171083040013,0.17281780902167568,-0.024548634966015115,0.12,normal,rotation,False,A
1789300800,125.44,446395.2,16034,8130,1.0092723729387516,0.15789473684210556,-0.005385325978215394,0.128,normal,rotation,False,A
1789315200,126.13,447330.8,5459,2975,0.9905610972173922,0.08408408408408446,-0.0051951789202185905,0.136,normal,rotation,False,A
1789329600,124.28,448375.7,9457,4367,1.0246325116146813,0.12757437070938246,-0.0017823736470512497,0.14,normal,rotation,False,A
1789344000,125.91,444463.1,13727,6922,1.0420268704058986,0.06326304106548289,-0.0228324426336336,0.124,normal,rotation,False,A
1789358400,126.29,441986.7,7550,3936,0.9652038353645722,0.09925415949512326,-0.02510238387285535,0.116,normal,rotation,False,A
1789372800,126.32,440829.3,13547,7269,0.9501771043007272,0.08838017965807055,-0.037233102740361845,0.112,normal,rotation,False,A
1789387200,126.33,441401.3,13609,6266,0.9445474005772384,0.0730270906949354,-0.030220601094480992,0.12,normal,rotation,False,A
1789401600,131.03,440699.0,21461,10195,1.1294799783420386,0.14030683403068356,-0.038831974274574854,0.112,normal,rotation,False,A
1789416000,128.14,440083.4,21194,10186,1.1072172126570006,0.06264621783207651,-0.032779909898544624,0.108,normal,rotation,False,A
1789430400,127.02,440869.6,10215,5095,1.0984794405874256,0.03941011950165264,-0.03573515774002212,0.124,normal,rotation,False,A
1789444800,126.39,439824.4,11518,5340,1.0913616271623936,0.06016597510373469,-0.033861729076292924,0.104,normal,rotation,False,A
1789459200,127.18,441718.1,8688,4644,1.0848200434503,0.11472827513783165,-0.011305616256809148,0.14,normal,rotation,False,A
1789473600,125.05,435507.0,30086,13257,1.1160493505058209,0.07357774968394432,-0.03497542938471421,0.048,normal,rotation,False,A
1789488000,123.91,433468.1,34046,15313,1.09868467510783,0.026026026026025842,-0.014189215004894229,0.032,normal,rotation,False,A
1789502400,122.13,433994.2,18811,9694,1.1030520692689916,0.04008117706747842,-0.014380695774770746,0.036,normal,rotation,False,A
1789516800,120.35,438530.0,13055,6456,1.1207318158082333,0.03915662650602418,0.0009168547204094768,0.1,normal,rotation,False,A
1789531200,119.38,442028.7,13477,5919,1.1197078902335178,0.08567134268537084,0.007800599762019411,0.164,normal,rotation,False,A
1789545600,120.1,448988.5,15335,6309,1.0808167961405566,0.04983721512647158,0.03141082466968159,0.204,normal,rotation,False,A
1789560000,115.91,453600.0,19728,8814,1.2144410967962422,0.24258893280632443,0.0446408954801778,0.252,normal,rotation,False,A
1789574400,116.56,452942.4,48406,27660,1.1885586287510115,0.19698492462311576,0.03421471201106607,0.244,normal,rotation,False,A
1789588800,119.45,451693.4,15945,8647,1.248350541426979,0.13186029935851742,0.03486446788929243,0.24,normal,rotation,False,A
1789603200,121.63,450884.2,20660,10171,1.2788507028744354,0.09190923676369486,0.0375052061161798,0.236,normal,rotation,False,A
1789617600,123.36,444035.7,13067,6789,1.2789476243944444,0.06386779812416257,0.024741123662924247,0.176,normal,rotation,False,A
1789632000,123.12,445777.4,12105,5197,1.2539699475245198,0.09913202375513912,0.029949054445894907,0.188,normal,rotation,False,A
1789646400,126.11,447653.6,25303,13313,1.3203149470323956,0.0022065313327448,0.023779673134124213,0.204,expanded,rotation,False,A
1789660800,127.86,440299.6,26900,13540,1.3393496893451138,0.039099022524436956,0.004902871473193793,0.132,expanded,rotation,False,A
1789675200,128.55,439476.4,17645,7932,1.340486988949814,0.06547997457088402,0.005172743466140828,0.116,expanded,rotation,False,A
1789689600,134.78,442903.6,39554,21888,1.4322165676850303,0.1445198836081475,0.012891912115817528,0.18,expanded,rotation,False,A
1789704000,134.18,446609.7,33145,17380,1.3729373060626493,0.15009746588693965,0.022830191660839994,0.208,expanded,rotation,False,A
1789718400,134.8,442754.3,29751,14345,1.3571036716944913,0.2184466019417478,-0.0014832706376913807,0.18,expanded,rotation,False,A
1789732800,138.06,444035.6,56451,28812,1.3910377456814353,0.24619586422161543,-0.00528589913153199,0.192,expanded,rotation,False,A
1789747200,138.65,444465.4,17221,9687,1.390293387972866,0.24472243940578597,-0.0064055504338176306,0.204,expanded,rotation,False,A
1789761600,139.49,452299.7,18933,9179,1.3381668161302713,0.30329012961116664,0.008751589347950839,0.288,expanded,rotation,False,A
1789776000,142.94,477466.6,50662,29058,1.3462099387590496,0.32768905137579374,0.07425475815652649,0.568,expanded,rotation,False,A
1789790400,142.24,476717.1,21200,12542,1.3090123427795248,0.3050296423790402,0.07857793005988634,0.56,expanded,rotation,False,A
1789804800,142.73,473100.1,21399,11268,1.250696007966427,0.31109004739336504,0.07320475295085882,0.536,normal,rotation,False,A
1789819200,142.48,470740.7,17265,8499,1.228504349104187,0.3047744857520287,0.06646876663027501,0.528,normal,rotation,False,A
1789833600,142.49,469460.3,13417,7035,1.2344754768672603,0.23726708074534186,0.06526291187409083,0.52,normal,rotation,False,A
1789848000,141.03,463734.3,14857,7502,1.02710933674833,0.2750160017068492,0.05374185892946648,0.456,normal,rotation,False,A
1789862400,137.48,468221.8,35154,17514,1.1787710149174562,0.2121703853955374,0.062041474395150065,0.512,normal,rotation,False,A
1789876800,136.59,470398.6,8723,4660,1.1650911984486643,0.20581113801452794,0.0695145608110872,0.536,normal,rotation,False,A
1789891200,135.74,472724.9,14424,5211,1.1634644643815184,0.17251108424022585,0.07019590096036366,0.556,normal,rotation,False,A
1789905600,135.93,462332.2,19953,10088,1.1539542011377397,0.2281879194630876,0.061595336010672685,0.436,normal,rotation,False,A
1789920000,137.1,456791.2,29843,14708,1.148103531783991,0.27646195766086795,0.05380580485622821,0.368,normal,rotation,False,A
1789934400,137.46,455672.0,14361,7873,1.1017817771822513,0.33117303953337707,0.04994951545435389,0.36,normal,rotation,False,A
1789948800,138.94,456535.0,32058,15116,1.0918468319404675,0.40421830832789785,0.04105762433584936,0.372,normal,trend,False,B
1789963200,138.63,455044.7,20153,11236,1.0927939971091563,0.42466357820428013,0.02944605180613835,0.34,normal,trend,False,B
1789977600,145.93,457686.6,60214,31948,1.1325666212875654,0.4975919861298407,0.01937265653797371,0.388,normal,trend,False,B
1789992000,143.01,453028.0,40653,21620,1.186470436315613,0.5351500789889416,-0.0012610229276895923,0.3,normal,trend,False,B
1790006400,145.36,453671.9,26681,14588,1.2042233090681127,0.5502483760030571,0.0016105800649266477,0.316,normal,trend,False,B
1790020800,145.81,453976.6,24260,12769,1.1540861957434068,0.5282565130260521,0.005054756168675345,0.32,normal,trend,False,B
1790035200,143.35,446247.1,28061,13291,1.194686100724176,0.4328417696293343,-0.010284458847748534,0.216,normal,trend,False,B
1790049600,141.55,449825.0,16071,7830,1.212447840053245,0.3619900497512441,0.013037915645070841,0.268,normal,trend,False,B
1790064000,141.16,452463.8,17728,9097,1.1433942372105483,0.3579365079365077,0.014999414505984188,0.3,normal,trend,False,B
1790078400,143.15,444731.3,34994,17751,1.160773927188013,0.34493927125506074,-0.006528038644165957,0.212,normal,trend,False,B
1790092800,144.26,438720.7,20220,9710,1.1610310024119201,0.33634126333059866,-0.0035859673731249986,0.108,normal,trend,False,B
1790107200,147.98,436673.0,23898,13067,1.222229762272534,0.37516895153504504,-0.006378954592328512,0.076,normal,trend,False,B
1790121600,152.42,444193.7,51442,24650,1.2923906788027157,0.3527999999999997,0.00291282346768007,0.208,normal,trend,False,B
1790136000,149.77,447153.2,56116,25158,1.3103297955245452,0.2995196926032663,0.0012169462508315743,0.248,expanded,trend,False,B
1790150400,148.15,442398.1,28591,13175,1.2441335043316974,0.25164938737040526,-0.0008045094084914162,0.184,normal,trend,False,B
1790164800,138.83,435149.8,64343,28945,1.6412554983041854,0.013026560649636448,-0.020011458540711624,0.052,expanded,rotation,False,A
1790179200,139.02,434785.6,23480,11298,1.6361011366308977,0.00630216317492769,-0.021778523142633954,0.052,expanded,rotation,False,A
1790193600,138.88,437723.8,12619,6668,1.634667710210595,0.010515428374418441,-0.03222619869082388,0.1,expanded,rotation,False,A
1790208000,137.99,441863.8,14821,7522,1.6323274917270734,0.08926961226330009,-0.07456605341609235,0.188,expanded,rotation,False,A
1790222400,140.05,446951.0,13179,7037,1.6472029675826696,0.03854955113536345,-0.06243975724806172,0.268,expanded,rotation,False,A
1790236800,136.84,443602.0,32972,16361,1.6797182418447472,0.09894171006215326,-0.06235065264200956,0.22,expanded,rotation,False,A
1790251200,143.67,434678.5,54161,25202,1.8473458118299027,0.01800030252609284,-0.07660735517451545,0.052,expanded,rotation,True,C
1790265600,146.84,431981.3,19067,8883,1.693879978269318,0.0627977479428323,-0.07983422666410767,0.016,expanded,rotation,True,C
1790280000,146.85,445077.5,18321,9114,1.65856857945665,0.08581539368917714,-0.04023165851652555,0.26,expanded,rotation,True,C
1790294400,145.53,445512.7,14529,7052,1.6458470249730983,0.12273212379935988,-0.04850073191807813,0.264,expanded,rotation,False,A
1790308800,143.68,451823.4,19597,7995,1.6529925305852529,0.1065364387678438,-0.03948821276253789,0.36,expanded,rotation,False,A
1790323200,148.14,447922.6,31997,17451,1.6948730475994584,0.17673888255416167,-0.05246666718846427,0.304,expanded,rotation,False,A
1790337600,149.27,439148.5,40275,20113,1.6801785565696925,0.18762306610407883,-0.050145112107700895,0.136,expanded,rotation,False,A
1790352000,153.44,428073.7,76726,39295,1.72040510226635,0.22051282051282056,-0.06286789237621038,0.008,expanded,rotation,False,A
1790366400,153.52,421205.4,19149,9440,1.7110598152126768,0.21755621782714715,-0.0756390561632051,0.004,expanded,rotation,False,A
1790380800,154.48,423402.2,18595,9933,1.7059931374934003,0.2120054570259208,-0.07257450140734001,0.008,expanded,rotation,False,A
1790395200,154.03,428662.5,15843,7795,1.6681892672614371,0.20969498910675397,-0.05797716136458686,0.02,expanded,rotation,False,A
1790409600,154.24,430986.4,25907,13054,1.6053664064818798,0.1252449133383573,-0.05833729892900508,0.032,expanded,rotation,False,A
1790424000,154.96,433587.9,17773,9830,1.5745955291542002,0.18628215120810643,-0.0429114756703779,0.06,expanded,rotation,False,A
1790438400,154.63,434898.1,20358,13406,1.5591368967511678,0.14920328343795253,-0.04138188854103608,0.088,expanded,rotation,False,A
1790452800,155.57,435860.9,14352,7918,1.1190922499477867,0.15586074736505906,-0.03990447965820254,0.108,normal,rotation,False,A
1790467200,154.84,435235.8,15479,8647,1.1245744499123649,0.18870093611430486,-0.024675342427995628,0.096,normal,rotation,False,A
1790481600,157.23,442728.1,28361,18424,1.1281958458720711,0.2550422901756668,-0.01577702439837725,0.256,normal,rotation,False,A
1790496000,156.11,440678.7,10489,5019,1.1271292167154476,0.2403150618871571,-0.02604650360979155,0.212,normal,rotation,False,A
1790510400,153.48,430423.6,24069,11354,1.1643841556258396,0.16435958631662687,-0.03217156067045435,0.028,normal,rotation,False,A
1790524800,154.48,428673.1,10964,5022,1.0743424707471438,0.16289448517692082,-0.022902042233247766,0.024,normal,rotation,False,A
1790539200,154.5,425194.2,10981,5037,0.8383255303647326,0.11043360433604366,-0.026286946983211656,0.016,compressed,rotation,False,A
1790553600,150.17,420613.3,31240,10376,0.9155783434459976,0.03818089258442223,-0.05308584970925978,0.004,normal,rotation,False,A
1790568000,146.89,418476.0,28080,11774,0.9798191805431602,0.048354600402955424,-0.0641328296431738,0.004,normal,rotation,False,A
1790582400,147.87,415138.2,18107,8127,0.9737383825347246,0.004752206381534304,-0.06161848344285381,0.004,normal,rotation,False,A
1790596800,145.83,409172.8,39158,18634,0.9775105289914247,0.1355538342370256,-0.0596966837626951,0.004,normal,rotation,False,A
1790611200,146.63,409014.9,24402,10800,0.8614727629693786,0.14564593301435386,-0.059272202207248714,0.004,normal,rotation,False,A
1790625600,149.38,408317.4,8843,4095,0.9009093794357332,0.19139628144367496,-0.06718026298775615,0.004,normal,rotation,False,A
1790640000,147.46,408970.8,17181,7838,0.8076954096351535,0.16943997137233863,-0.07444149079422213,0.008,compressed,rotation,False,A
1790654400,163.8,457911.0,110655,58746,1.7984856335908428,0.338463730939148,0.024521703721436916,0.584,expanded,rotation,False,A
1790668800,171.28,483659.8,99825,55280,1.9018612549698461,0.46265448683503524,0.09030121595484242,0.848,expanded,trend,False,B
1790683200,169.95,500248.6,144759,81148,1.9073600916576932,0.38120104438642316,0.15084735039805275,0.892,expanded,trend,False,B
1790697600,165.52,493665.1,59739,27111,1.960474382331492,0.26609686609686645,0.14279275514935486,0.876,expanded,trend,False,B
1790712000,165.21,495048.9,18242,9178,1.9575247296028186,0.26042553191489404,0.11227572726098267,0.88,expanded,trend,False,B
1790726400,159.53,480308.4,71732,37701,2.036026601018264,0.1870157627571468,0.07810259954430032,0.828,expanded,rotation,False,A
1790740800,159.21,476678.9,51132,28620,2.03262399917324,0.2117823537433521,0.05501153769370948,0.8,expanded,rotation,False,A
1790755200,161.87,462378.4,24578,13256,2.039300815187498,0.19194743464280753,0.03227298644899812,0.648,expanded,rotation,False,A
1790769600,159.94,443358.3,83335,38650,2.033221934821659,0.14751831881653524,0.009586278901100531,0.312,expanded,rotation,False,A
1790784000,158.05,444163.6,14846,8008,2.0308917349166182,0.06581013561741637,0.03758675200088191,0.332,expanded,rotation,False,A
1790798400,159.9,,6522,3326,2.014131492805978,0.088833194096352,,,expanded,rotation,False,A
