t,c,oi,vol_ratio,er30,doi30,oi_pct,vol_state,dir_state,mkt_C,regime
1761926400,109802.8,78226.22,,,,,na,rotation,False,warmup
1761940800,109557.3,78354.082,,,,,na,rotation,False,warmup
1761955200,110194.6,78121.402,,,,,na,rotation,False,warmup
1761969600,110025.3,77918.238,,,,,na,rotation,False,warmup
1761984000,110096.2,77834.536,,,,,na,rotation,False,warmup
1761998400,110253.2,77177.196,,,,,na,rotation,False,warmup
1762012800,110249.0,76736.467,,,,,na,rotation,False,warmup
1762027200,110047.2,76676.39,,,,,na,rotation,False,warmup
1762041600,110008.5,76988.433,,,,,na,rotation,False,warmup
1762056000,110844.1,77099.029,,,,,na,rotation,False,warmup
1762070400,111145.4,77110.361,,,,,na,rotation,False,warmup
1762084800,110066.1,76812.992,,,,,na,rotation,False,warmup
1762099200,110125.2,76459.513,,,,,na,rotation,False,warmup
1762113600,110494.9,76017.172,,,,,na,rotation,False,warmup
1762128000,107886.0,76224.247,,,,,na,rotation,False,warmup
1762142400,107420.5,76599.337,,,,,na,rotation,False,warmup
1762156800,107737.4,77079.888,,,,,na,rotation,False,warmup
1762171200,105718.8,77410.295,,,,,na,rotation,False,warmup
1762185600,107034.7,77201.424,,,,,na,rotation,False,warmup
1762200000,106544.0,77413.57,,,,,na,rotation,False,warmup
1762214400,107097.2,77552.705,,,,,na,rotation,False,warmup
1762228800,104442.9,78205.863,,,,,na,rotation,False,warmup
1762243200,104530.7,78469.252,,,,,na,rotation,False,warmup
1762257600,103157.7,77770.177,,,,,na,rotation,False,warmup
1762272000,100507.0,79794.973,,,,,na,rotation,False,warmup
1762286400,101450.3,81000.529,,,,,na,rotation,False,warmup
1762300800,102094.8,85063.593,,,,,na,rotation,False,warmup
1762315200,101946.1,84479.554,,,,,na,rotation,False,warmup
1762329600,102019.4,83812.669,,,,,na,rotation,False,warmup
1762344000,103668.3,84627.609,,,,,na,rotation,False,warmup
1762358400,103950.0,84751.651,,0.2607548918273524,0.08341743983027672,,na,rotation,False,warmup
1762372800,103837.0,83884.396,,0.2563650949442265,0.07058105792114322,,na,rotation,False,warmup
1762387200,103598.3,83079.012,,0.30100161993200963,0.06346033062745082,,na,rotation,False,warmup
1762401600,103138.6,82514.484,,0.3101432566685741,0.058988063872799534,,na,rotation,False,warmup
1762416000,103182.6,82771.293,,0.3117323473712695,0.06342630474472166,,na,rotation,False,warmup
1762430400,101981.6,82764.791,,0.35619671001636455,0.07239955957974953,,na,trend,False,warmup
1762444800,101335.9,82414.028,,0.37350346763886383,0.07398778210625734,,na,trend,False,warmup
1762459200,101305.6,82288.283,,0.36896842816140546,0.07318932203250572,,na,trend,False,warmup
1762473600,101863.5,82841.029,,0.3364145519429035,0.07601915991717867,,na,trend,False,warmup
1762488000,101978.8,82062.008,,0.37739294790748895,0.06437148514542268,,na,trend,False,warmup
1762502400,100369.1,84444.175,,0.43454049106224846,0.09510802316176425,,na,trend,False,warmup
1762516800,100758.0,86985.76,,0.3860856364247241,0.13243551299238532,,na,trend,False,warmup
1762531200,103350.0,86961.059,,0.25430714140936467,0.13734780131283308,,na,trend,False,warmup
1762545600,103305.2,86823.372,,0.2731970710836007,0.14215472261977857,,na,trend,False,warmup
1762560000,102545.8,85783.216,,0.21825776339128833,0.12540588298628919,,na,rotation,False,warmup
1762574400,102302.9,85013.245,,0.21108031412921593,0.10984309172284346,,na,rotation,False,warmup
1762588800,101805.6,85125.227,,0.24285573915464356,0.10437663064585667,,na,rotation,False,warmup
1762603200,101678.0,85110.498,,0.1793185469197934,0.09947259598997804,,na,rotation,False,warmup
1762617600,101934.3,84253.957,,0.23750849841207752,0.09135236935525959,,na,rotation,False,warmup
1762632000,102269.3,84269.121,,0.2005122215498924,0.08855748417234843,,na,rotation,False,warmup
1762646400,101622.9,84274.036,,0.25566385361547933,0.0866679118413729,,na,rotation,False,warmup
1762660800,101898.2,84363.335,,0.13369866180496073,0.07873414810344848,,na,rotation,False,warmup
1762675200,102198.2,84468.138,,0.12119842247198025,0.07644887452221427,,na,rotation,False,warmup
1762689600,103715.8,85811.838,,0.028783026214679083,0.10340288925920804,,na,rotation,False,warmup
1762704000,104764.1,85800.48,,0.23933099086437137,0.07526172106104978,,na,rotation,False,warmup
1762718400,104670.6,85494.253,,0.190126168251888,0.05547771175667271,,na,rotation,False,warmup
1762732800,105990.6,86947.957,,0.22118638294006787,0.02215241484097663,,na,rotation,False,warmup
1762747200,106417.7,87161.564,,0.24992734020434135,0.03174744506818761,,na,rotation,False,warmup
1762761600,106136.6,87497.436,,0.22747715393880533,0.04396432000035699,,na,rotation,False,warmup
1762776000,105028.9,86804.455,,0.07749085897187591,0.025722645667562327,,na,rotation,False,warmup
1762790400,105767.2,87033.7,,0.1008726158491905,0.026926307311700537,,na,rotation,False,warmup
1762804800,105966.3,86843.315,,0.1176350347220305,0.03527377129829978,,na,rotation,False,warmup
1762819200,106407.3,85870.467,,0.15347043139997368,0.03360000236882943,,na,rotation,False,warmup
1762833600,104737.0,83987.492,,0.08191126279863443,0.017851508348522227,,na,rotation,False,warmup
1762848000,105256.2,84295.805,,0.10373705538045874,0.018418366377337847,,na,rotation,False,warmup
1762862400,103417.2,85550.293,,0.06959809957822224,0.033655639872273824,,na,rotation,False,warmup
1762876800,103073.6,85867.323,,0.08549611560204538,0.04190178642888309,,na,rotation,False,warmup
1762891200,103005.8,85638.366,,0.0834970337484774,0.040711543343297185,,na,rotation,False,warmup
1762905600,103267.2,85260.544,,0.06995449992275435,0.029206723156468772,,na,rotation,False,warmup
1762920000,103066.7,85221.524,,0.053987127253598756,0.038501568228747285,,na,rotation,False,warmup
1762934400,104979.9,84848.377,,0.2254162877787875,0.004786617904668944,,na,rotation,False,warmup
1762948800,102124.9,85720.023,,0.05963604950983144,-0.014551082843904495,,na,rotation,False,warmup
1762963200,101245.4,86235.045,,0.09923520147867357,-0.008348725376032928,,na,rotation,False,warmup
1762977600,101605.8,85983.137,,0.07895445971436237,-0.00967752093295804,,na,rotation,False,warmup
1762992000,102088.1,86003.338,,0.021542168901523367,0.0025660264357540985,,na,rotation,False,warmup
1763006400,103430.9,85766.429,,0.05047747755810726,0.008859607699953198,,na,rotation,False,warmup
1763020800,102900.0,85922.114,,0.04890036728894262,0.009361349485740522,,na,rotation,False,warmup
1763035200,101338.0,87645.465,,0.014276956152948187,0.029784422128513288,,na,rotation,False,warmup
1763049600,98643.1,90351.489,,0.1253637651791019,0.07237086799377268,,na,rotation,False,warmup
1763064000,99654.3,91605.694,,0.09710576544594386,0.08706122613999967,,na,rotation,False,warmup
1763078400,99103.3,90720.218,,0.09389580383096045,0.0764907236672514,,na,rotation,False,warmup
1763092800,97099.9,90175.17,,0.1679953504819325,0.06889053165098313,,na,rotation,False,warmup
1763107200,96134.6,90704.782,,0.2074628601928326,0.07383427819848465,,na,rotation,False,warmup
1763121600,96752.6,92791.705,,0.24580800485741933,0.08133920869985323,,na,rotation,False,warmup
1763136000,95737.3,92493.433,,0.3190268176484729,0.07800600882419317,,na,rotation,False,warmup
1763150400,94544.9,93382.619,,0.3444853829221914,0.09226779254975193,,na,rotation,False,warmup
1763164800,96388.5,96519.127,,0.320954765303019,0.1100792972053386,,na,rotation,False,warmup
1763179200,96289.4,96873.174,,0.3422960326874918,0.11142078634568797,,na,rotation,False,warmup
1763193600,95657.3,97014.918,,0.35000651296079205,0.10877441025814738,,na,trend,False,warmup
1763208000,96222.1,97270.499,,0.29957751365767005,0.12057035551919526,,na,trend,False,warmup
1763222400,95967.7,96690.795,,0.3389247237449634,0.11095811162802449,,na,trend,False,warmup
1763236800,95560.3,96864.08,,0.35732681358981944,0.1153890198687142,,na,trend,False,warmup
1763251200,95782.0,96738.608,,0.3676256379205954,0.1265643635081195,,na,trend,False,warmup
1763265600,96064.8,97824.741,,0.31518081046701807,0.16475368737049556,,na,trend,False,warmup
1763280000,95588.0,97754.679,,0.35192155092710553,0.15966244109063332,,na,trend,False,warmup
1763294400,94531.3,97603.523,,0.33292619416042524,0.14089057532508975,,na,trend,False,warmup
1763308800,93994.5,97480.783,,0.33772016292521456,0.13524888856730732,,na,trend,False,warmup
1763323200,94221.7,98680.902,,0.3248209326662454,0.15229781474345283,,na,trend,False,warmup
1763337600,95472.1,99603.426,,0.2780796164369875,0.1682241436320182,,na,trend,False,warmup
1763352000,95587.9,98973.03,,0.2676046258659187,0.16136188787236416,,na,trend,False,warmup
1763366400,95530.1,98712.85,,0.3621750894917174,0.16340292519678967,,na,trend,False,warmup
1763380800,93915.7,96485.804,,0.3303341488539788,0.12559237180792637,,na,trend,False,warmup
1763395200,91656.2,98793.27,,0.3655646710787154,0.14562785930012567,,na,trend,False,warmup
1763409600,92169.7,101314.375,,0.35764071815435733,0.17830517162917658,,na,trend,False,warmup
1763424000,90811.9,102209.356,,0.413656739961409,0.1884347558695918,,na,trend,False,warmup
1763438400,90459.1,103230.819,,0.49379134976284533,0.20362734234860125,,na,trend,False,warmup
1763452800,91473.6,102295.472,,0.4271008544708335,0.19056046502766444,,na,trend,False,warmup
1763467200,92851.4,102630.022,,0.319414961684959,0.1709678532711305,,na,trend,False,warmup
1763481600,93143.1,100530.341,,0.22759248530993959,0.11265837577950699,,na,trend,False,warmup
1763496000,92916.9,99950.766,,0.2881570505966385,0.09109774333460097,,na,trend,False,warmup
1763510400,91842.2,99723.492,,0.30375198182784147,0.09924219979277393,,na,trend,False,warmup
1763524800,91826.6,99722.957,,0.24060428253995728,0.10588044358552362,,na,trend,False,warmup
1763539200,91372.4,99213.526,,0.22247241401863083,0.09380700567694422,,na,trend,False,warmup
1763553600,89901.0,99378.708,,0.3078098044853365,0.070986981002235,,na,trend,False,warmup
1763568000,88857.7,101330.308,,0.3086794213719086,0.09554056664758037,,na,trend,False,warmup
1763582400,91508.9,100818.842,,0.12785311210309105,0.0796317674491438,,na,rotation,False,warmup
1763596800,92404.6,99804.817,,0.17474701839188322,0.034041853693931534,,na,rotation,False,warmup
1763611200,92267.4,100249.022,,0.17612387349909345,0.03484812007914595,,na,rotation,False,warmup
1763625600,91892.6,100406.987,,0.16673531482933163,0.03496440619575636,,na,rotation,False,warmup
1763640000,89835.4,100821.463,,0.2653242658269394,0.03650607364520675,,na,rotation,False,warmup
1763654400,86880.3,103393.296,,0.3394367249365006,0.06931891500116438,,na,rotation,False,warmup
1763668800,86601.3,105039.773,,0.33625335915566956,0.0844037645327349,,na,rotation,False,warmup
1763683200,85782.5,103593.975,,0.36707940691685587,0.07086485056721115,,na,trend,False,warmup
1763697600,84006.7,102288.759,,0.41965009727254066,0.04563281184664736,,na,trend,False,warmup
1763712000,82279.1,102342.811,,0.4438593273191147,0.04693516511879703,,na,trend,False,warmup
1763726400,82905.1,100225.605,,0.3933910360089057,0.02686462454843963,,na,trend,False,warmup
1763740800,84167.2,99400.549,,0.32455720282306955,0.019693789287679397,,na,trend,False,warmup
1763755200,85093.5,98405.405,,0.2946652807458147,-0.002791796532220614,,na,trend,False,warmup
1763769600,84414.1,98249.409,,0.3636638690836383,-0.013594080589155677,,na,trend,False,warmup
1763784000,84537.4,98762.027,,0.36332760145587517,-0.002131924222184556,,na,trend,False,warmup
1763798400,84066.2,98898.365,,0.3718652787554216,0.0018793399238294928,,na,trend,False,warmup
1763812800,84239.9,98762.781,,0.3292499506591263,0.023599088214054875,,na,trend,False,warmup
1763827200,84566.7,98966.731,,0.25822536760554676,0.0017557977380442402,,na,trend,False,warmup
1763841600,84689.4,98858.739,,0.2763940156444566,-0.02423778461842163,,na,trend,False,warmup
1763856000,86261.0,99617.887,,0.16683591358508953,-0.02535451842588654,,na,rotation,False,warmup
1763870400,85732.0,98771.896,,0.1721831870881735,-0.0431937191159939,,na,rotation,False,warmup
1763884800,86290.3,98316.176,,0.19199042881430653,-0.03890002091197142,,na,rotation,False,warmup
1763899200,87042.8,97826.663,,0.22025299176411664,-0.04680266949567635,,na,rotation,False,warmup
1763913600,87276.7,97529.895,,0.222933276584102,-0.029846173504971985,,na,rotation,False,warmup
1763928000,86807.7,96643.81,,0.2300375789798701,-0.033085849487136554,,na,rotation,False,warmup
1763942400,87408.8,96470.712,,0.16996756607549499,-0.032617991355537335,,na,rotation,False,warmup
1763956800,87004.6,95816.558,,0.18215197715356377,-0.039172514709927775,,na,rotation,False,warmup
1763971200,86232.5,96100.241,,0.19185675412369388,-0.03137964273137517,,na,rotation,False,warmup
1763985600,86571.0,95902.394,,0.1297871179464794,-0.034980470867059354,,na,rotation,False,warmup
1764000000,88277.0,95034.892,,0.022062986082879522,-0.06212767062742963,,na,rotation,False,warmup
1764014400,88247.1,93197.448,,0.13763566087734358,-0.07559493690673413,,na,rotation,False,warmup
1764028800,87775.1,92168.216,,0.19890354928657683,-0.07651535496528183,,na,rotation,False,warmup
1764043200,87362.2,91156.343,,0.2082816719601883,-0.09070092474318603,,na,rotation,False,warmup
1764057600,87311.9,91156.512,,0.19722039239999542,-0.09212979371644714,,na,rotation,False,warmup
1764072000,86946.5,90845.355,,0.13415217441779462,-0.09894825668221063,,na,rotation,False,warmup
1764086400,86835.0,90737.342,,0.002423639311108773,-0.12240594399853544,,na,rotation,False,warmup
1764100800,87324.1,90025.654,,0.03824136289085252,-0.14293746617293246,,na,rotation,False,warmup
1764115200,87088.5,89656.435,,0.07129677144635277,-0.1345400637440547,,na,rotation,False,warmup
1764129600,87896.2,89475.785,,0.22418255070692888,-0.12526277691960264,,na,rotation,False,warmup
1764144000,87049.2,90022.565,,0.2896393852730261,-0.12038213411980636,,na,rotation,False,warmup
1764158400,86926.2,89513.569,,0.2518523621923947,-0.10687923510164887,,na,rotation,False,warmup
1764172800,89923.3,90008.536,,0.325183180706284,-0.09448653045165778,,na,rotation,False,warmup
1764187200,90438.1,88991.255,,0.30912224689987067,-0.09566700121807326,,na,rotation,False,warmup
1764201600,91049.3,90214.553,,0.38528807181762187,-0.08178019676433879,,na,trend,False,warmup
1764216000,91361.5,91024.333,,0.3919576342739642,-0.07834685288506693,,na,trend,False,warmup
1764230400,91334.9,91345.736,,0.42843501889105584,-0.07636758201209903,,na,trend,False,warmup
1764244800,90912.9,90650.679,,0.3876495875450208,-0.08213723750853064,,na,trend,False,warmup
1764259200,91489.0,90451.208,,0.39639128916069644,-0.0860442990685425,,na,trend,False,warmup
1764273600,91292.2,90203.553,,0.3764982266470508,-0.08755104594243313,,na,trend,False,warmup
1764288000,91168.0,89999.414,,0.3049720323182095,-0.0965536741408699,,na,trend,False,warmup
1764302400,90870.2,90139.612,,0.3239967715085622,-0.08739615568379899,,na,trend,False,warmup
1764316800,91382.9,90836.885,,0.32204740343510374,-0.07607385991090632,,na,trend,False,warmup
1764331200,92299.9,90560.378,,0.32902733184375615,-0.0742771426231722,,na,trend,False,warmup
1764345600,91106.1,89538.183,,0.22608870205932388,-0.08194115250508571,,na,trend,False,warmup
1764360000,90847.8,89272.231,,0.24153309937884487,-0.07627574906245937,,na,trend,False,warmup
1764374400,90638.0,89067.64,,0.197678689487989,-0.07673906252500762,,na,rotation,False,warmup
1764388800,90523.5,88826.027,,0.21930212702310178,-0.07295744228257506,,na,rotation,False,warmup
1764403200,90633.7,88920.253,,0.28608944357774263,-0.07471352751342208,,na,rotation,False,warmup
1764417600,91030.0,88906.222,,0.28876167286197174,-0.07295096303852444,,na,rotation,False,warmup
1764432000,90602.9,88515.668,,0.16422484095771278,-0.06859821548489797,,na,rotation,False,warmup
1764446400,90765.0,88483.169,,0.176137277808479,-0.05058377778756351,,na,rotation,False,warmup
1764460800,90873.0,88561.991,,0.22237296408754414,-0.03912655746748972,,na,rotation,False,warmup
1764475200,90924.5,88777.153,,0.26251869975017844,-0.026100103642814898,,na,rotation,False,warmup
1764489600,91000.9,89727.645,,0.2713337942599917,-0.015674875756544915,,na,rotation,False,warmup
1764504000,91405.8,90339.994,,0.32704084251904925,-0.00556287110111453,,na,rotation,False,warmup
1764518400,91423.2,90580.656,,0.3388325997695912,-0.0017268083519572652,,na,rotation,False,warmup
1764532800,90320.6,90582.221,,0.2116964683108789,0.006182315543078465,,na,rotation,False,warmup
1764547200,86319.2,90035.913,,0.042928489718478964,0.0042325796246527325,,na,rotation,False,warmup
1764561600,86487.6,90731.729,,0.08151054324931076,0.01403669160320864,,na,rotation,False,warmup
1764576000,86100.1,90350.512,,0.05642117027410962,0.0036429421889945246,,na,rotation,False,warmup
1764590400,84650.0,90504.129,,0.12541876046901135,0.011066031787873465,,na,rotation,False,warmup
1764604800,84985.0,90183.211,,0.31887361413341736,0.0019406492735312142,,na,rotation,False,warmup
1764619200,86241.6,88381.552,,0.2585882860399909,-0.0068512687005033435,,na,rotation,False,warmup
1764633600,86936.0,88434.496,,0.25216868873262727,-0.019731373052416457,,na,rotation,False,warmup
1764648000,86965.0,89105.392,,0.2742926661883515,-0.021081626601976766,,na,rotation,False,warmup
1764662400,87326.9,89694.891,,0.24493088402449284,-0.018072491090334042,,na,rotation,False,warmup
1764676800,90809.2,89517.839,,0.005338728692706328,-0.012496762434620057,,na,rotation,False,warmup
1764691200,91849.9,91115.259,,0.01814598239201124,0.007341538213619048,,na,rotation,False,warmup
1764705600,91249.1,88897.287,,0.002123916482281376,-0.014481314278163793,,na,rotation,False,warmup
1764720000,92589.2,90996.544,,0.06607589522330591,0.011079294360738734,,na,rotation,False,warmup
1764734400,92969.9,91031.258,,0.09724660167195417,0.009891833126594918,,na,rotation,False,warmup
1764748800,92957.7,90614.213,,0.0746669195391401,-0.00245133901278094,,na,rotation,False,warmup
1764763200,92332.9,88827.157,,0.0015866299978844942,-0.01913884458388626,,na,rotation,False,warmup
1764777600,92995.8,88727.902,,0.09323610240824141,-0.009049558220318166,,na,rotation,False,warmup
1764792000,93376.7,88321.467,,0.12402344228930111,-0.010650165111253829,,na,rotation,False,warmup
1764806400,93499.9,88370.642,,0.14095321588463275,-0.007825490829216908,,na,rotation,False,warmup
1764820800,93358.6,88827.086,,0.13944920735636296,1.1922181321954994e-05,,na,rotation,False,warmup
1764835200,92894.9,89516.487,,0.10932015741483825,0.006705266571834789,,na,rotation,False,warmup
1764849600,92933.5,90454.309,,0.09364622537082135,0.01741258333978024,,na,rotation,False,warmup
1764864000,91941.5,88986.71,,0.06407421235532354,0.005321566346875528,,na,rotation,False,warmup
1764878400,92034.7,89249.929,,0.06097730820026404,0.008665602833461072,,na,rotation,False,warmup
1764892800,92104.9,89159.122,,0.059269558858198346,0.006742520050164735,,na,rotation,False,warmup
1764907200,92227.5,89173.824,,0.0624766252073764,0.004468165362319976,,na,rotation,False,warmup
1764921600,91307.9,89083.129,,0.014148117424766118,-0.007183025922501418,,na,rotation,False,warmup
1764936000,90414.0,89096.558,,0.04469983775013537,-0.013763959293599304,,na,rotation,False,warmup
1764950400,89590.5,87339.967,,0.0797030542617453,-0.03577683296972367,,na,rotation,False,warmup
1764964800,89288.5,86705.712,,0.04650460720481248,-0.04279547307633369,,na,rotation,False,warmup
1764979200,89636.5,87102.451,,0.17892568001251366,-0.03258102130868601,,na,rotation,False,warmup
1764993600,89549.6,87415.208,,0.16588473665391762,-0.03655304529686643,,na,rotation,False,warmup
1765008000,89585.4,87804.033,,0.19248463292998774,-0.028184444599494984,,na,rotation,False,warmup
1765022400,89713.4,87963.69,,0.3016657928602072,-0.028069868502905493,,na,rotation,False,warmup
1765036800,89369.4,88004.032,,0.2610725386749875,-0.024163910065255867,,na,rotation,False,warmup
1765051200,89197.1,87639.435,,0.18813456825487831,-0.008396740985041728,,na,rotation,False,warmup
1765065600,89675.6,87661.01,,0.17682139722207976,-0.008746428542997564,,na,rotation,False,warmup
1765080000,89337.1,87939.992,,0.1501034607134052,-0.01307889426040576,,na,rotation,False,warmup
1765094400,89109.4,88625.851,,0.11376037883961249,-0.011918627561518624,,na,rotation,False,warmup
1765108800,89505.0,88808.431,,0.10365436887030888,-0.007924766816589601,,na,rotation,False,warmup
1765123200,91379.7,87907.707,,0.03504718176532835,-0.035203236375588975,,na,rotation,False,warmup
1765137600,90345.4,87156.527,,0.06525051084139098,-0.019581699945466213,,na,rotation,False,warmup
1765152000,91039.4,87147.398,,0.11737707897846071,-0.04229991415937728,,na,rotation,False,warmup
1765166400,91519.8,87536.752,,0.10900302932355062,-0.038387978775378584,,na,rotation,False,warmup
1765180800,91923.5,88292.112,,0.07551771475304472,-0.025626233712364832,,na,rotation,False,warmup
1765195200,89912.6,89190.905,,0.16048776929758762,0.004095008917148979,,na,rotation,False,warmup
1765209600,90073.6,88208.286,,0.20043898758488238,-0.005856286334821825,,na,rotation,False,warmup
1765224000,90610.8,87036.605,,0.1877057134907329,-0.014547561806236842,,na,rotation,False,warmup
1765238400,90364.0,87935.355,,0.21104523215042806,-0.004925696929982792,,na,rotation,False,warmup
1765252800,90449.9,87612.039,,0.1964873171885035,-0.013678789372872036,,na,rotation,False,warmup
1765267200,90341.9,87779.797,,0.17670510389125002,-0.019400783679100253,,na,rotation,False,warmup
1765281600,92676.9,88232.563,,0.015324709451631377,-0.024562080287407806,,na,rotation,False,warmup
1765296000,93761.9,90023.735,,0.10811773929156844,0.011653706491677074,,na,rotation,False,warmup
1765310400,92638.4,88586.92,,0.033787603190149576,-0.007428678178556414,,na,rotation,False,warmup
1765324800,92366.0,87767.035,,0.014449603479858884,-0.015613511761589538,,na,rotation,False,warmup
1765339200,92744.7,87456.419,,0.028222505975182412,-0.019259070913006937,,na,rotation,False,warmup
1765353600,92085.5,86662.261,,0.04304360822345519,-0.027175381322764314,,na,rotation,False,warmup
1765368000,92021.8,86790.526,,0.09328583364277791,-0.025882391550973383,,na,rotation,False,warmup
1765382400,92913.8,86668.915,,0.1920571900807347,-0.007683217924733254,,na,rotation,False,warmup
1765396800,91977.5,85470.633,,0.1499052291225334,-0.014244494065166036,,na,rotation,False,warmup
1765411200,89833.1,86197.128,,0.009962299335171385,-0.010393771812460262,,na,rotation,False,warmup
1765425600,90231.4,86771.928,,0.03401211226291741,-0.007358902583632809,,na,rotation,False,warmup
1765440000,90195.3,87380.805,,0.030424870673099,-0.004820143056526782,,na,rotation,False,warmup
1765454400,89830.1,87721.309,,0.0057535016491405185,-0.002755466488502334,,na,rotation,False,warmup
1765468800,90793.5,88004.071,,0.06812995450348562,4.4316151326384556e-07,,na,rotation,False,warmup
1765483200,92477.5,87099.498,,0.1463523449211221,-0.006160890927697005,,na,rotation,False,warmup
1765497600,92234.3,86240.428,,0.11536536649368105,-0.016205403063459967,,na,rotation,False,warmup
1765512000,92389.5,86395.343,,0.13877194737177095,-0.01756480714712827,0.288,na,rotation,False,warmup
1765526400,92381.5,86543.491,,0.15026106603110811,-0.02349607903906048,0.288,na,rotation,False,warmup
1765540800,89895.0,87160.118,,0.01634055390287849,-0.018560321147887304,0.356,na,rotation,False,warmup
1765555200,90147.3,87393.631,,0.05540220997455549,-0.00584790591796458,0.368,na,rotation,False,warmup
1765569600,90229.6,87501.26,,0.005438509153414268,0.003955331997109068,0.38,na,rotation,False,warmup
1765584000,90304.0,88166.016,,0.035572969573840096,0.011688449952343971,0.44,na,rotation,False,warmup
1765598400,90286.1,88113.986,,0.061042527399124295,0.0065941902893542625,0.436,na,rotation,False,warmup
1765612800,90298.4,87870.196,,0.0819966597877811,-0.00477863752993013,0.408,na,rotation,False,warmup
1765627200,90055.4,87836.812,,0.007910831412869447,-0.015181962779725056,0.404,na,rotation,False,warmup
1765641600,90150.9,87864.42,,0.0042978588545338064,-0.0038983412510701365,0.404,na,rotation,False,warmup
1765656000,90191.3,87750.999,,0.02398664295638957,0.00820797180680466,0.384,na,rotation,False,warmup
1765670400,90222.3,87960.932,,0.008203507187476344,0.0002908613947143479,0.42,na,rotation,False,warmup
1765684800,90205.1,88073.126,,0.01422891818371982,0.005262826950072519,0.432,na,rotation,False,warmup
1765699200,89308.2,88914.987,,0.0574491616323854,0.012932246813010861,0.52,na,rotation,False,warmup
1765713600,88985.2,89665.359,,0.23100123269070788,0.01623885730260377,0.592,na,rotation,False,warmup
1765728000,88598.7,88510.932,,0.33784385060329364,-0.016804490504643055,0.464,na,rotation,False,warmup
1765742400,88118.8,88543.388,,0.3087327176348441,-0.0004914043743703411,0.468,na,rotation,False,warmup
1765756800,89239.9,88100.382,,0.20184143750928266,0.0037980888838273774,0.416,na,rotation,False,warmup
1765771200,89703.0,87960.766,,0.19532760093242538,0.0057668379950477355,0.392,na,rotation,False,warmup
1765785600,89606.0,88343.487,,0.16518877289291933,0.01939974771717523,0.44,na,rotation,False,warmup
1765800000,86996.6,89976.929,0.9393525690340497,0.28624158397794536,0.036713719190963445,0.6,normal,rotation,False,A
1765814400,86104.2,91215.762,0.9496010094673358,0.3878743691687281,0.05246225823872397,0.736,normal,trend,False,B
1765828800,86389.9,91470.469,0.7908577394923613,0.3305176982774952,0.0701976315069528,0.74,compressed,trend,False,B
1765843200,85837.7,91574.522,0.7884948025598578,0.26090874658795704,0.062384839550570614,0.74,compressed,trend,False,B
1765857600,85964.8,91259.72,0.7897708791483244,0.28364202044913644,0.051719399389166476,0.728,compressed,trend,False,B
1765872000,87216.6,89996.675,0.8689254746180873,0.1832155444430093,0.029936437413228267,0.584,normal,rotation,False,A
1765886400,87936.3,88933.443,0.8975791879491738,0.1139991813344252,0.013818010855264351,0.496,normal,rotation,False,A
1765900800,87538.7,88737.245,0.9024272558123227,0.20283424526067856,0.008331137317499682,0.456,normal,rotation,False,A
1765915200,87826.3,88593.726,0.9094223981424221,0.3174837203587663,0.01715541460411152,0.444,normal,rotation,False,A
1765929600,87178.1,89393.33,0.9183567216931423,0.33584409373505486,0.03655944286361845,0.54,normal,rotation,False,A
1765944000,87010.4,89927.834,0.9186943764358706,0.35699542730476463,0.04088751635606114,0.576,normal,trend,False,B
1765958400,86939.3,90041.446,0.9190588439073889,0.3596769503264861,0.040418464284044164,0.608,normal,trend,False,B
1765972800,87191.4,88982.072,0.9257192857856397,0.20963989950683967,0.02090352837750853,0.484,normal,trend,False,B
1765987200,85982.7,88739.723,0.9492295937958303,0.3006323631323638,0.015402632715878495,0.44,normal,trend,False,B
1766001600,86201.6,88162.96,0.9571668842202483,0.2879322915922056,0.007562176818939559,0.36,normal,trend,False,B
1766016000,86575.1,88054.692,0.9669736887918574,0.2609721104384641,-0.001262663382680329,0.344,normal,trend,False,B
1766030400,86787.5,87373.57,0.9652083882799386,0.24156597390043538,-0.008402933899733012,0.232,normal,trend,False,B
1766044800,87268.1,87475.451,0.9278986667807119,0.2026780279975644,-0.004492365079053595,0.248,normal,rotation,False,A
1766059200,88480.8,88560.797,0.977785474552284,0.09890082281263676,0.008242387030166887,0.412,normal,rotation,False,A
1766073600,84447.0,90016.304,1.4126857182437453,0.2872155614749759,0.02449096004958551,0.588,expanded,rotation,False,A
1766088000,85469.7,89783.435,1.3044834290214393,0.22654690618762496,0.02316140013403145,0.564,expanded,rotation,False,A
1766102400,86863.1,89428.462,1.3371908307039977,0.15128805620608876,0.016683884158935403,0.524,expanded,rotation,False,A
1766116800,87909.7,90267.668,1.3585547697459084,0.09879742095431611,0.024917271586340606,0.628,expanded,rotation,False,A
1766131200,88169.9,91147.03,1.348433427737295,0.050374612222138765,0.02510311338177451,0.712,expanded,rotation,False,A
1766145600,87925.6,92721.541,1.3514922817263146,0.04705568878230713,0.03408431119982458,0.752,expanded,rotation,False,A
1766160000,87812.8,92698.597,1.3137545491720444,0.03533039924834652,0.0473124043027815,0.748,expanded,rotation,False,A
1766174400,88100.0,91990.105,1.3023709312473535,0.0008525458470135009,0.038926870519117474,0.736,expanded,rotation,False,A
1766188800,88165.3,91807.325,1.2931858270161272,0.05118166490440903,0.04207635558265799,0.732,normal,rotation,False,A
1766203200,88239.9,92077.71,1.2860993909903569,0.0709991119651777,0.04680432182684724,0.736,normal,rotation,False,A
1766217600,88243.6,92318.276,1.27161583315859,0.0664131812420783,0.0449924395671637,0.74,normal,rotation,False,A
1766232000,88134.6,91388.016,1.269093039031308,0.06317449038504239,0.015682764634031843,0.708,normal,rotation,False,A
1766246400,88196.3,91394.058,1.2667586043160417,0.12175476782149733,0.001954662177793276,0.708,normal,rotation,False,A
1766260800,88320.8,91223.418,1.2636552080104422,0.11343755324086367,-0.0027008826203787084,0.692,normal,rotation,False,A
1766275200,88043.2,90836.906,1.221173003009024,0.13169444261991625,-0.008054816819027422,0.652,normal,rotation,False,A
1766289600,88138.7,90812.729,1.21884163503851,0.13005294487152608,-0.0048980097681649015,0.644,normal,rotation,False,A
1766304000,88570.6,92252.017,1.2143691784419701,0.08518080475100025,0.02506028139372929,0.736,normal,rotation,False,A
1766318400,88024.7,90605.213,1.2198347453837401,0.005622765841061079,0.018797990312823032,0.612,normal,rotation,False,A
1766332800,88448.2,90090.455,1.2181334227286078,0.057754465731503606,0.015249628270519455,0.548,normal,rotation,False,A
1766347200,88621.3,89861.108,1.1787090900243005,0.050853312181766974,0.0143055502598457,0.5,normal,rotation,False,A
1766361600,88727.5,89349.462,0.5229331974323701,0.1026691051738757,-0.0004907301249433837,0.448,compressed,rotation,False,A
1766376000,89127.7,90066.026,0.4792128005560745,0.13817159041223748,0.0015366988601104303,0.544,compressed,rotation,False,A
1766390400,89905.2,91617.092,0.3913577757223095,0.1850206798460392,0.01749911923893377,0.716,compressed,rotation,False,A
1766404800,89688.5,91297.297,0.32458937173427127,0.1561204649039997,0.026019005266588957,0.688,compressed,rotation,False,A
1766419200,88011.1,90378.885,0.5327928114087792,0.12320662803552168,0.018471569941682198,0.576,compressed,rotation,False,A
1766433600,88581.5,91087.563,0.5469304821474703,0.14153518605522453,0.033172695199888746,0.656,compressed,rotation,False,A
1766448000,88128.2,91282.935,0.5586980169870951,0.09192823784973936,0.03666179424033422,0.684,compressed,rotation,False,A
1766462400,87531.3,91718.539,0.5733135532538777,0.04304597435066456,0.04972864219694806,0.716,compressed,rotation,False,A
1766476800,87813.9,92553.085,0.5780123652884464,0.03195325855326259,0.058046388351858935,0.744,compressed,rotation,False,A
1766491200,87405.3,92192.381,0.5852418555868767,0.06607442357668145,0.04100667702888883,0.728,compressed,rotation,False,A
1766505600,87724.2,94032.63,0.5918568009476006,0.26087787171036964,0.04461776168903797,0.764,compressed,rotation,False,A
1766520000,87463.0,95125.275,0.5943871606039058,0.16891370850881798,0.059496943951854675,0.768,compressed,rotation,False,A
1766534400,87311.4,94647.605,0.594534650581317,0.04245707412703879,0.058361095374758865,0.76,compressed,rotation,False,A
1766548800,86868.1,94637.055,0.602394417446223,0.10462453292619181,0.04840478431324913,0.756,compressed,rotation,False,A
1766563200,87162.6,94171.96,0.6067345568540926,0.10083184015855934,0.03318736770687991,0.752,compressed,rotation,False,A
1766577600,87012.0,93883.189,0.6082806030560103,0.09231826357591878,0.012528350882347938,0.744,compressed,rotation,False,A
1766592000,87521.4,93164.319,0.6155167413532517,0.028311052386134915,0.005024045833185609,0.732,compressed,rotation,False,A
1766606400,87627.3,92603.718,0.6039763305754102,0.046748751421648395,0.00667042395483719,0.716,compressed,rotation,False,A
1766620800,87811.6,92565.636,0.596267872229527,0.03457309026929257,0.00825980933438597,0.712,compressed,rotation,False,A
1766635200,87795.9,92778.31,0.5949889765892374,0.04365094970309487,0.0076087904445059085,0.724,compressed,rotation,False,A
1766649600,87485.2,93137.094,0.5982205283339024,0.07237608077415011,0.008869511384723028,0.728,compressed,rotation,False,A
1766664000,88338.9,93652.903,0.6318830428625906,0.01820320226671198,0.024783194768119188,0.74,compressed,rotation,False,A
1766678400,88112.3,93589.909,0.5980887126300044,0.007376055917528681,0.024026189973969547,0.736,compressed,rotation,False,A
1766692800,87182.8,93182.215,0.636374718484583,0.09333070891972588,0.021472523645189368,0.724,compressed,rotation,False,A
1766707200,88796.2,94551.556,0.6451233214648209,0.05565821568482531,0.04089362092539783,0.752,compressed,rotation,False,A
1766721600,88433.0,94003.29,0.63696157403837,0.021331187892757224,0.03513341174891882,0.74,compressed,rotation,False,A
1766736000,88507.5,94244.513,0.6272201247145481,0.0046951850170772295,0.021598400390530292,0.748,compressed,rotation,False,A
1766750400,87100.0,94166.504,0.7094847025726132,0.06466026613709629,0.03930558609249113,0.74,compressed,rotation,False,A
1766764800,87453.7,93202.175,0.7121602292975433,0.06988215949575252,0.034539952095923976,0.72,compressed,rotation,False,A
1766779200,87318.2,92489.105,0.7056389122864946,0.09180963116919795,0.02924509900323069,0.68,compressed,rotation,False,A
1766793600,87473.4,92406.3,0.7027922817882686,0.08805336141829109,0.034212158994309405,0.68,compressed,rotation,False,A
1766808000,87490.9,92248.752,0.7013447328968337,0.11809694223581937,0.02423473197318593,0.672,compressed,rotation,False,A
1766822400,87433.6,91899.976,0.7012977797236062,0.18810313860391517,0.003087677133432498,0.656,compressed,rotation,False,A
1766836800,87516.2,91596.317,0.6913714478915858,0.1670293337434174,0.003275233876858241,0.644,compressed,rotation,False,A
1766851200,87522.4,91563.317,0.6899264457026396,0.04311691061644871,0.013105184911276657,0.64,compressed,rotation,False,A
1766865600,87829.4,91507.992,0.6948823556164184,0.06793485624475067,0.004615657573361576,0.64,compressed,rotation,False,A
1766880000,87693.0,91885.536,0.6870636002863977,0.04046866282313558,0.006601463899029936,0.668,compressed,rotation,False,A
1766894400,87697.7,91954.453,0.6891217576334482,0.016375051664074804,0.002572151743498452,0.676,compressed,rotation,False,A
1766908800,87850.8,92498.901,0.6895410931764233,0.0036781196734556316,-0.0005854369954281236,0.716,compressed,rotation,False,A
1766923200,87797.7,93026.665,0.6908995309003626,0.04055059523809481,0.009049381206457818,0.744,compressed,rotation,False,A
1766937600,87488.6,93068.481,0.6908484235781476,0.024371573394020102,-0.010253345035654116,0.748,compressed,rotation,False,A
1766952000,87920.5,93047.607,0.662252270682969,0.04650477245697695,-0.021841387580745386,0.748,compressed,rotation,False,A
1766966400,90091.6,96927.379,0.8635256007268783,0.23447356880207995,0.02408696976537339,0.852,normal,rotation,False,A
1766980800,89583.0,98578.833,0.8338623167807316,0.22771230866009654,0.041651528568804386,0.872,compressed,rotation,False,A
1766995200,87529.0,95628.538,0.9081885125072483,0.02677971056862995,0.015467215506611565,0.828,normal,rotation,False,A
1767009600,87636.6,94069.394,0.9083648666237756,0.04579514627172133,0.001983368928808016,0.796,normal,rotation,False,A
1767024000,87328.9,94188.888,0.9114669362047965,0.014325794616478026,0.010997439910444662,0.808,normal,rotation,False,A
1767038400,87203.3,94898.321,0.8345194998887776,0.03150776547521743,0.024778735125948304,0.828,compressed,rotation,False,A
1767052800,87334.7,95746.094,0.829807473966656,0.03557866622899039,0.03435894936215855,0.844,compressed,rotation,False,A
1767067200,87457.5,95962.594,0.8312642502368004,0.025045887856000603,0.03432142706630459,0.856,compressed,rotation,False,A
1767081600,87875.2,95619.298,0.8383732798185264,0.028638146010486067,0.026651078462894606,0.84,compressed,rotation,False,A
1767096000,88966.8,94451.677,0.8854088050265001,0.04531578149695877,0.00852908958945986,0.816,normal,rotation,False,A
1767110400,88189.7,95285.501,0.9162198598689505,0.005372537586938924,0.018117252363179404,0.844,normal,rotation,False,A
1767124800,88455.3,94706.166,0.9209897809708817,0.09259461386772626,0.016354526451211715,0.832,normal,rotation,False,A
1767139200,88411.5,94673.76,0.9225590403474777,0.031602467736237885,0.001292458899354365,0.832,normal,rotation,False,A
1767153600,88569.0,94635.778,0.9213139094712509,0.01136420609321992,0.006728360252072241,0.824,normal,rotation,False,A
1767168000,88967.6,94606.209,0.9274056528493,0.03743237196436609,0.003837846772045017,0.824,normal,rotation,False,A
1767182400,87909.0,94521.776,0.9808115944911538,0.06774069298142779,0.003772806517272853,0.82,normal,rotation,False,A
1767196800,87515.0,94593.601,0.9924012310693174,0.005115623096245722,0.014929115119899139,0.828,normal,rotation,False,A
1767211200,87608.2,94199.322,0.9946626320163302,0.024286886756109398,0.018491010373600236,0.812,normal,rotation,False,A
1767225600,87824.6,94547.912,0.9933171888525089,0.029262277325068833,0.023176038863151005,0.828,normal,rotation,False,A
1767240000,87603.7,94800.738,0.9889311074238606,0.009241962442237954,0.027664179131659195,0.864,normal,rotation,False,A
1767254400,87980.1,95017.285,0.7885046319774554,0.04363517322325383,0.03392067262346199,0.872,compressed,rotation,False,A
1767268800,87986.8,94777.905,0.7822483674509503,0.03780405513961665,0.0347348900502189,0.864,compressed,rotation,False,A
1767283200,88354.8,94240.418,0.5545142045178831,0.06497946948525433,0.029237702255806353,0.816,compressed,rotation,False,A
1767297600,88800.0,93937.75,0.5654035128424582,0.07495906830187528,0.02655241303950806,0.788,compressed,rotation,False,A
1767312000,88899.3,95366.737,0.5562615320345139,0.09342978631121554,0.03788627842362491,0.9,compressed,rotation,False,A
1767326400,88829.3,96202.15,0.5557651724436996,0.08720311946118399,0.04619348885692354,0.932,compressed,rotation,False,A
1767340800,89458.3,97480.739,0.5761127321962785,0.11949451774763004,0.05385834800350775,0.948,compressed,rotation,False,A
1767355200,89373.1,96400.755,0.5794604619031055,0.11682956854485879,0.03627013824477121,0.936,compressed,rotation,False,A
1767369600,89865.0,97251.662,0.5836398006058396,0.17387359702649993,0.04494734366621933,0.952,compressed,rotation,False,A
1767384000,89951.4,96733.755,0.5124707449134971,0.15244822435238112,0.039615720584839975,0.948,compressed,rotation,False,A
1767398400,90279.9,96552.581,0.4609234868273826,0.01640343923409856,-0.0038667918586758887,0.944,compressed,rotation,False,A
1767412800,89535.9,95398.676,0.5134869277330616,0.004020589515737121,-0.03226003902886532,0.904,compressed,rotation,False,A
1767427200,89706.4,95551.031,0.5162720000178708,0.2214785580600522,-0.0008105007314865853,0.908,compressed,rotation,False,A
1767441600,89931.8,95992.264,0.5208763924121251,0.23069655241732706,0.020440973607207313,0.936,compressed,rotation,False,A
1767456000,90091.8,95937.417,0.5146609351238508,0.2818911777009172,0.018564068831558922,0.932,compressed,rotation,False,A
1767470400,90595.8,97119.056,0.41032727247582906,0.3332612945371658,0.023401204326892078,0.976,compressed,rotation,False,A
1767484800,91192.7,97542.601,0.3977883683278228,0.3624168639386752,0.01876324061846324,0.992,compressed,trend,False,B
1767499200,91477.5,97576.282,0.3988334153298246,0.37197423939595686,0.01681580220726442,0.996,compressed,trend,False,B
1767513600,91262.7,97548.844,0.41575077686634515,0.3194458851597923,0.020179462099795042,0.992,compressed,trend,False,B
1767528000,91292.8,97483.881,0.40252963131318986,0.24374397451481628,0.03210323094633871,0.984,compressed,trend,False,B
1767542400,91102.9,97606.741,0.41138009292218136,0.32529367099914924,0.024360894109167752,0.996,compressed,trend,False,B
1767556800,91497.1,97708.293,0.4142205052767827,0.3348451156953815,0.031699382699116097,0.996,compressed,trend,False,B
1767571200,92835.2,96926.167,0.5199130382693101,0.426236932119283,0.023791249021904326,0.956,compressed,trend,False,B
1767585600,92492.1,96301.899,0.5377339067903051,0.3713614979032755,0.017605614231860578,0.94,compressed,trend,False,B
1767600000,93093.3,96260.155,0.5484732085552537,0.3831907641152802,0.01748242549281298,0.936,compressed,trend,False,B
1767614400,93899.9,97568.658,0.5640794904733294,0.5697642348331372,0.03223470959750063,0.984,compressed,trend,False,B
1767628800,94248.6,98053.417,0.553301520816875,0.6431696181252021,0.03657558189374788,0.996,compressed,trend,False,B
1767643200,93822.4,96542.485,0.5756045377488374,0.575261053099309,0.02487452085907793,0.936,compressed,trend,False,B
1767657600,93725.8,96119.408,0.5758837332356826,0.5524123340759727,0.016621160285379855,0.916,compressed,trend,False,B
1767672000,93207.4,94960.071,0.6070181732903289,0.5103505432555246,0.0016807147640558462,0.864,compressed,trend,False,B
1767686400,93799.9,95006.336,0.6162712576540267,0.5198013611761118,-0.00011523166548077501,0.864,compressed,trend,False,B
1767700800,93608.2,95347.065,0.5653211282521938,0.4939197975608889,0.006005197097361581,0.876,compressed,trend,False,B
1767715200,92062.2,93227.353,0.7390698636835128,0.2951939613988145,-0.010749793151384357,0.744,compressed,trend,False,B
1767729600,93708.0,92966.768,0.8472330399517084,0.35669123097719396,-0.01033644088771557,0.712,compressed,trend,False,B
1767744000,92778.2,94185.182,0.8999189304121298,0.26585471169201386,-0.012389592400545157,0.78,normal,trend,False,B
1767758400,92848.1,95040.01,0.8933806577621487,0.275445161820948,-0.012080187397059183,0.864,normal,trend,False,B
1767772800,92041.9,94724.891,0.9161807939498117,0.1749529368744657,-0.02827069253137282,0.836,normal,rotation,False,A
1767787200,91303.1,95451.435,0.9386778861413714,0.12515401076454163,-0.00984764071609201,0.884,normal,rotation,False,A
1767801600,91143.6,94514.483,0.9447941778201955,0.08473947218429827,-0.028145318483091875,0.788,normal,rotation,False,A
1767816000,91328.0,95921.842,0.9581351063798877,0.09064570081519252,-0.0083932749224922,0.9,normal,rotation,False,A
1767830400,90780.1,96616.945,0.9768584165530243,0.03246786966117167,0.0006666212268318095,0.94,normal,rotation,False,A
1767844800,90509.9,98354.204,0.9753931681032137,0.06522816463749463,0.03098080732273467,0.996,normal,rotation,False,A
1767859200,90192.3,100306.71,0.8902699520993681,0.03222298117286663,0.049771090382059846,1.0,normal,rotation,False,A
1767873600,90730.0,100407.385,0.9126839231276079,0.05185945580706334,0.04599455014416587,1.0,normal,rotation,False,A
1767888000,90890.9,98606.634,0.895067709872189,0.05191489361702066,0.02782248139951493,0.992,normal,rotation,False,A
1767902400,91059.8,97473.42,0.8592513232097663,0.030815413019511954,0.0036487586946891692,0.944,normal,rotation,False,A
1767916800,91190.1,97141.884,0.8531701472308588,0.00017819447871201464,-0.004108122972853567,0.936,normal,rotation,False,A
1767931200,90712.1,97530.158,0.8571777731510329,0.05177218614718565,-0.0004726968383568231,0.952,normal,rotation,False,A
1767945600,90398.1,96339.826,0.8606478388257843,0.05809234573209993,-0.012393975678481661,0.896,normal,rotation,False,A
1767960000,91137.7,96999.212,0.8980272719370089,0.009946962360592181,-0.004971786053532212,0.924,normal,rotation,False,A
1767974400,90290.6,95651.417,0.9006324351499926,0.049987999926152694,-0.02003267376789064,0.852,normal,rotation,False,A
1767988800,90603.6,95973.49,0.9123759558000237,0.05526109087310674,-0.017754920761945958,0.868,normal,rotation,False,A
1768003200,90591.3,95850.869,0.8079767492629987,0.151176656852771,-0.011093990748648919,0.852,compressed,rotation,False,A
1768017600,90627.1,95982.112,0.6186255534779737,0.12830567709623264,-0.0033206717969290755,0.868,compressed,rotation,False,A
1768032000,90692.8,96034.863,0.5765310167218245,0.1714630609781358,-0.002340449171310821,0.872,compressed,rotation,False,A
1768046400,90622.7,96164.136,0.5763089817562002,0.24708224011580507,-0.014395216955838341,0.876,compressed,rotation,False,A
1768060800,90591.4,96217.235,0.5348887945334891,0.28249215986158166,-0.018726343825427372,0.88,compressed,rotation,False,A
1768075200,90469.6,95963.174,0.4934580247446006,0.26521539654163107,-0.006000580987738258,0.848,compressed,rotation,False,A
1768089600,90696.5,96029.131,0.4983350750003639,0.23718104305478385,-0.0009392171870222787,0.86,compressed,rotation,False,A
1768104000,90664.0,95986.028,0.4940915603356469,0.2070127460077158,0.010804088383632449,0.852,compressed,rotation,False,A
1768118400,90707.3,96275.32,0.46708071419148944,0.26349152253557084,0.013356835485161866,0.884,compressed,rotation,False,A
1768132800,90834.1,96701.3,0.46075351346134474,0.23766931400519128,0.01420321642831901,0.908,compressed,rotation,False,A
1768147200,90644.7,96509.151,0.45440064138582464,0.13741457030681983,0.03520209353149806,0.892,compressed,rotation,False,A
1768161600,90964.4,96505.378,0.43535559889156494,0.30520390682359305,0.03806317113229096,0.888,compressed,rotation,False,A
1768176000,91766.2,95141.588,0.49474388177670847,0.11420317331347199,0.010154527280098025,0.764,compressed,rotation,False,A
1768190400,91369.2,94498.738,0.5111231203708279,0.160951188986234,-0.005695201420959473,0.68,compressed,rotation,False,A
1768204800,90573.9,95194.983,0.5657957089271642,0.15995467224546764,0.004962708270627614,0.764,compressed,rotation,False,A
1768219200,91618.7,95518.538,0.6341020721667484,0.03327850183474541,0.0007030067174997878,0.784,compressed,rotation,False,A
1768233600,91821.9,93996.779,0.6267794207473703,0.07119540688337611,-0.005477509727265795,0.624,compressed,rotation,False,A
1768248000,91252.6,93400.626,0.6177658923224951,0.007606787595084271,-0.02628406572926323,0.604,compressed,rotation,False,A
1768262400,91380.9,92820.893,0.558249704611897,0.06329140593725532,-0.03928971258613079,0.564,compressed,rotation,False,A
1768276800,91908.0,93995.481,0.5772544007282997,0.14340222575516795,-0.04431659067669336,0.62,compressed,rotation,False,A
1768291200,91962.1,93181.009,0.5854547590919497,0.18656968163609589,-0.07103912589696149,0.584,compressed,rotation,False,A
1768305600,93407.9,93630.63,0.7379317597190154,0.25763654380850676,-0.06749259529067497,0.604,compressed,rotation,False,A
1768320000,94179.5,94596.787,0.7709954670816483,0.2988332364059328,-0.0406650834466169,0.692,compressed,rotation,False,A
1768334400,95375.2,95150.782,0.8284283458057441,0.35867216330330154,-0.023828424200156184,0.756,compressed,trend,False,B
1768348800,95665.7,95425.105,0.827159406993862,0.36709919782148664,-0.017672902040895222,0.776,compressed,trend,False,B
1768363200,95166.6,94474.582,0.8559518729281839,0.36473728598449284,-0.03132955039404328,0.656,normal,trend,False,B
1768377600,94763.6,94055.002,0.8795930867798137,0.35486388281485076,-0.023716297764540317,0.616,normal,trend,False,B
1768392000,96691.9,96044.014,1.0238430416588646,0.4117088935999891,-0.009847482059957446,0.848,normal,trend,False,B
1768406400,97221.8,96721.615,1.0221543027285525,0.5261511834454285,0.01118852217317401,0.908,normal,trend,False,B
1768420800,96907.9,96366.977,1.040023933863641,0.47853016858580677,0.004099955102184971,0.876,normal,trend,False,B
1768435200,95943.1,95452.879,1.1025857063749849,0.378840218591614,-0.004152179361044728,0.768,normal,trend,False,B
1768449600,96601.2,94424.806,1.10888458319069,0.4050484436338493,-0.016224960751019868,0.632,normal,trend,False,B
1768464000,96548.9,94435.254,1.0983134976990168,0.3974090134842596,-0.01665654482164458,0.632,normal,trend,False,B
1768478400,96717.3,96849.872,1.0775513123648384,0.41085344478899943,0.007130891291946995,0.912,normal,trend,False,B
1768492800,95469.2,97120.626,1.126388616894053,0.3038976250404971,0.009389076707515098,0.928,normal,trend,False,B
1768507200,95567.3,96591.131,1.0923861503289434,0.318067523132694,0.006543728951691419,0.888,normal,trend,False,B
1768521600,95319.6,96391.769,1.1012918309290183,0.2880813065884014,0.003776333246210628,0.864,normal,trend,False,B
1768536000,95608.4,96753.439,1.0719854199751335,0.30325928288416476,0.007995028193061415,0.904,normal,trend,False,B
1768550400,95382.6,96563.63,1.0808499152692839,0.28358009789709354,0.0029946407864445135,0.88,normal,trend,False,B
1768564800,94537.5,97333.236,1.122066016570499,0.21525138041267075,0.0065349276586768035,0.936,normal,rotation,False,A
1768579200,94961.0,96802.156,1.1207310778951722,0.24750703878067173,0.0030360333394705563,0.9,normal,rotation,False,A
1768593600,95503.7,95253.181,1.0376522330801485,0.25700794356277074,-0.012975411587942798,0.708,normal,rotation,False,A
1768608000,95324.0,95500.121,1.0158236841860455,0.2087910798122073,0.003768415133033054,0.736,normal,rotation,False,A
1768622400,95061.1,95440.169,0.9484673102528629,0.21837938234580942,0.009962365846621024,0.724,normal,rotation,False,A
1768636800,95283.9,95450.721,0.9465267064882452,0.2883661699340014,0.0026864651049942623,0.724,normal,rotation,False,A
1768651200,95529.0,94998.004,0.9364889211478227,0.25173010937510176,-0.005449559958717098,0.664,normal,rotation,False,A
1768665600,95258.3,95520.415,0.9313081368233063,0.220265107812221,0.01620944904931254,0.74,normal,rotation,False,A
1768680000,95107.9,95955.861,0.6982634546157886,0.2539338571889634,0.02735779308374231,0.772,compressed,rotation,False,A
1768694400,95155.0,96004.415,0.6722124972524628,0.24992219109866246,0.03429747222966273,0.796,compressed,rotation,False,A
1768708800,94989.9,96010.814,0.6692579864547921,0.20909689194048478,0.0214407435182975,0.796,compressed,rotation,False,A
1768723200,95133.4,96304.271,0.6111296007364494,0.21386519202886298,0.033518224727529855,0.836,compressed,rotation,False,A
1768737600,95067.8,97367.72,0.5681518911624944,0.12342824000059575,0.03991311390300378,0.936,compressed,rotation,False,A
1768752000,95335.6,97617.809,0.578057254151626,0.0893120630383567,0.031935778114747126,0.972,compressed,rotation,False,A
1768766400,93614.0,95769.417,0.7704258471753008,0.13074593182088132,0.00650162812114341,0.736,compressed,rotation,False,A
1768780800,92656.6,95127.398,0.737357062439463,0.21284828078911794,-0.0031197974579121324,0.648,compressed,rotation,False,A
1768795200,92787.9,95314.054,0.7393655801106539,0.17275137078325406,0.008885691603271795,0.668,compressed,rotation,False,A
1768809600,93136.7,94809.854,0.7573970475619679,0.1186193521104177,0.008025644399008325,0.612,compressed,rotation,False,A
1768824000,93013.5,94393.274,0.7491578427375432,0.30884451982334465,-0.01718732830137637,0.528,compressed,rotation,False,A
1768838400,93066.2,94068.727,0.7508288234556808,0.36347415376541736,-0.027428077994768874,0.492,compressed,trend,False,B
1768852800,92589.6,94013.034,0.724137685858726,0.3724052881671659,-0.024426863571739954,0.48,compressed,trend,False,B
1768867200,92397.0,95103.169,0.7047498444799424,0.3276296946459108,-0.003663692532521745,0.636,compressed,trend,False,B
1768881600,91136.1,98011.653,0.7630256158923665,0.4782913103979419,0.03798627873273053,0.976,compressed,trend,False,B
1768896000,91185.8,98176.008,0.7759071436741407,0.46947136216812474,0.039611838180686254,0.98,compressed,trend,False,B
1768910400,90644.2,99496.697,0.7918229485072931,0.5148047368376458,0.02732915331060015,0.992,compressed,trend,False,B
1768924800,89694.1,99873.003,0.8204468386680052,0.5022306481489548,0.02833977820530098,0.992,compressed,trend,False,B
1768939200,88390.6,98891.144,0.8762649349945008,0.5649032217438212,0.023811844588505826,0.984,normal,trend,False,B
1768953600,89396.0,99761.79,0.9964669313914263,0.4400237706135813,0.034961709230587834,0.988,normal,trend,False,B
1768968000,89171.3,100029.085,0.9965488965250592,0.4804558923413382,0.03385560279671318,0.992,normal,trend,False,B
1768982400,88757.1,99800.764,0.9908623877090231,0.4876603637487778,0.03352332550050141,0.984,normal,trend,False,B
1768996800,90237.1,99115.321,1.170399869792378,0.30239360954068634,0.01830911077486408,0.972,normal,trend,False,B
1769011200,90321.9,98853.35,1.168509991826539,0.3341689177021448,0.021189548712117645,0.964,normal,trend,False,B
1769025600,89411.4,99074.231,1.1895523133552053,0.4275208241230028,0.04011467081608533,0.968,normal,trend,False,B
1769040000,89857.0,99255.336,1.2022461553564177,0.3766137143329534,0.03932157321559826,0.972,normal,trend,False,B
1769054400,89772.6,99475.528,1.094083732020972,0.36885274486145037,0.042281557569329165,0.972,normal,trend,False,B
1769068800,89909.6,100246.477,1.065380870581063,0.3770935805050556,0.05024326636568821,0.992,normal,trend,False,B
1769083200,88953.6,100782.966,1.0976401163237517,0.43944983559226963,0.06089561629105389,1.0,normal,trend,False,B
1769097600,89732.9,100088.628,1.1349348363624983,0.3571363936036833,0.04782446768054771,0.984,normal,trend,False,B
1769112000,89518.5,99635.706,1.1349057449087758,0.35978474966850016,0.038349351062568315,0.964,normal,trend,False,B
1769126400,89886.1,99652.696,1.1480117367970721,0.332299018031144,0.038001179424925535,0.964,normal,trend,False,B
1769140800,89497.2,99645.593,1.1458731820024506,0.34159219388421536,0.03785801670216027,0.96,normal,trend,False,B
1769155200,89171.2,100555.083,1.1474433591011155,0.3666293613410252,0.04413939232248598,0.996,normal,trend,False,B
1769169600,89711.2,100923.521,1.1014154571211487,0.3200530573712715,0.036519300236258934,1.0,normal,trend,False,B
1769184000,89938.3,98921.587,1.1055797704725912,0.32327098269635174,0.01335594409827423,0.924,normal,trend,False,B
1769198400,89558.7,98287.06,1.098477622781106,0.2641218192120579,0.026288590646845078,0.9,normal,trend,False,B
1769212800,89738.4,98660.466,1.0512078022516789,0.20020307075918423,0.037140383047163716,0.912,normal,rotation,False,A
1769227200,89581.2,98663.557,0.9393762619204683,0.21960539922339975,0.035141753597008885,0.912,normal,rotation,False,A
1769241600,89548.5,98929.608,0.872633684198264,0.25116897662046817,0.043452803966979925,0.924,normal,rotation,False,A
1769256000,89235.0,99242.427,0.8767394582258603,0.26101282786347413,0.05137180642764849,0.932,normal,rotation,False,A
1769270400,89286.0,99469.817,0.8645202639450577,0.2611609301811454,0.057416424908141916,0.936,normal,rotation,False,A
1769284800,89180.7,99582.696,0.6827711636884012,0.2417093871647072,0.059243508724545535,0.944,compressed,rotation,False,A
1769299200,88920.0,99870.881,0.6867280042898544,0.24535331724459183,0.050131999281748385,0.964,compressed,rotation,False,A
1769313600,88630.3,100055.267,0.6209297363960469,0.18983045711428684,0.02085072476024874,0.972,compressed,rotation,False,A
1769328000,88531.0,100323.175,0.5962958127027879,0.20036528853265773,0.021870587771301464,0.984,compressed,rotation,False,A
1769342400,88406.0,102136.183,0.5983046178857595,0.17440700682604515,0.026528378122944174,1.0,compressed,rotation,False,A
1769356800,86459.4,103405.064,0.9015805777815223,0.23389516764644322,0.035365523153439105,1.0,normal,rotation,False,A
1769371200,86628.9,102171.444,0.8624301649330631,0.13876351835661005,0.03317081659000731,0.996,normal,rotation,False,A
1769385600,87233.1,103404.17,0.8489824406000397,0.17592419374517013,0.03651077231072142,0.996,compressed,rotation,False,A
1769400000,87968.9,102427.67,0.9119048423983613,0.09389642031611245,0.023978875743989825,0.992,normal,rotation,False,A
1769414400,87810.0,102298.153,0.8987130687441477,0.07546433152992413,0.025023746311200634,0.988,normal,rotation,False,A
1769428800,87609.5,101772.461,0.9000400623188558,0.2331334066792072,0.026808569787106773,0.976,normal,rotation,False,A
1769443200,87965.6,101732.671,0.9162473785879613,0.20414829190528475,0.029127197004451544,0.972,normal,rotation,False,A
1769457600,88300.6,100905.613,0.9010091342634706,0.10128936954023925,0.018484947917486227,0.964,normal,rotation,False,A
1769472000,88744.6,100207.551,0.9153425005514869,0.10145006839945227,0.00959359001112059,0.936,normal,rotation,False,A
1769486400,88287.9,100490.221,0.9200527930915474,0.13095710618930514,0.010200428390789718,0.952,normal,rotation,False,A
1769500800,87947.5,101132.715,0.924039869607759,0.17001568362404393,0.008840589979037361,0.968,normal,rotation,False,A
1769515200,88000.1,102988.069,0.9310030733886885,0.08963740798886921,0.021879719237475115,0.992,normal,rotation,False,A
1769529600,88378.1,103350.409,0.9563593319063693,0.1323563892145354,0.03258892708570249,0.992,normal,rotation,False,A
1769544000,89197.8,101894.316,1.0066071907735539,0.029581323273038855,0.02266868064346328,0.968,normal,rotation,False,A
1769558400,89079.8,101859.815,1.0072960017068402,0.0761256455526498,0.022148111276387494,0.964,normal,rotation,False,A
1769572800,89106.8,101881.102,1.0066659709539272,0.038163013939665834,0.022434599792085175,0.964,normal,rotation,False,A
1769587200,90036.9,102006.438,1.0592964581895403,0.07990658950147189,0.014433432470042362,0.968,normal,rotation,False,A
1769601600,89444.4,101248.531,1.0796047202256032,0.024507642563198366,0.0032203593055379898,0.944,normal,rotation,False,A
1769616000,89363.6,101325.119,1.0792519461906285,0.05350974385713332,0.024297345735061926,0.944,normal,rotation,False,A
1769630400,89261.7,101530.588,1.0787271810539947,0.028387368099097737,0.033000559788847195,0.944,normal,rotation,False,A
1769644800,88003.2,102136.675,0.904605274112115,0.15034831733268617,0.0352340622433307,0.972,normal,rotation,False,A
1769659200,88310.9,102596.298,0.913945605311878,0.10864972587391082,0.039860117753508506,0.984,normal,rotation,False,A
1769673600,87795.2,103643.62,0.9184955271974613,0.14401176209680758,0.047650163538503154,1.0,normal,rotation,False,A
1769688000,84898.0,104490.184,1.440019116387289,0.2938665437987859,0.052878160668118346,1.0,expanded,rotation,True,C
1769702400,83979.4,106324.474,1.4734480008919724,0.3396006655574047,0.06891192933430257,1.0,expanded,rotation,True,C
1769716800,84604.7,106509.684,1.510089916004239,0.2834138486312399,0.06956015731889797,1.0,expanded,rotation,True,C
1769731200,82640.9,104331.654,1.6662672461758001,0.35178804533561936,0.04466540151978826,0.988,expanded,trend,True,C
1769745600,82770.1,103794.503,1.6564996969968082,0.33129812421559596,0.03737170577936677,0.984,expanded,trend,True,C
1769760000,83104.8,103507.53,1.6507929694419885,0.30273376478464586,0.03174097111659391,0.976,expanded,trend,True,C
1769774400,82850.2,102464.82,1.6494084873408064,0.3077391766739042,0.0032176354191737477,0.952,expanded,trend,True,C
1769788800,84200.0,101157.756,1.7770178575628277,0.12942807387379085,-0.02173305554938787,0.892,expanded,rotation,True,C
1769803200,84211.4,102162.446,1.7761949336291323,0.139750385867146,-8.806766007929401e-05,0.936,expanded,rotation,True,C
1769817600,83987.5,101991.492,1.7607101688491238,0.1918384717230948,-0.013661712095363265,0.92,expanded,rotation,True,C
1769832000,83514.4,101254.816,1.7107461055792341,0.26744597945448084,-0.011450558232946162,0.888,expanded,rotation,True,C
1769846400,82983.2,99951.02,1.7123324499988462,0.28346253229974155,-0.022944040837179158,0.82,expanded,rotation,True,C
1769860800,81268.6,100963.756,1.8049016419437418,0.3419731314144564,-0.007946206587261417,0.872,expanded,rotation,True,C
1769875200,77707.9,94546.119,2.1886748298824554,0.471689957556779,-0.07064153461575773,0.276,expanded,trend,True,C
1769889600,78706.8,93549.256,2.2951863924571234,0.42809206357705704,-0.0729033478048442,0.16,expanded,trend,True,C
1769904000,78826.3,93477.853,2.303833974419142,0.4490743046531526,-0.06715759374261132,0.156,expanded,trend,True,C
1769918400,78320.8,93206.701,2.2963813749759243,0.45028891027291684,-0.07247988836645114,0.144,expanded,trend,True,C
1769932800,78712.1,91897.691,2.3113212838235673,0.41627527517601287,-0.09131589120296024,0.056,expanded,trend,True,C
1769947200,77563.8,92191.082,2.3071263255872942,0.44826579043446496,-0.10483726032381491,0.064,expanded,trend,True,C
1769961600,77142.4,91738.882,2.299962585516335,0.48170410162530175,-0.11235105029918169,0.044,expanded,trend,True,C
1769976000,76931.5,89519.165,2.0719899792939027,0.5399826554734304,-0.12145084716992471,0.004,expanded,trend,True,C
1769990400,76256.2,89030.522,2.0440762474009553,0.5509981352101537,-0.12595048400588593,0.004,expanded,trend,True,C
1770004800,76612.6,88721.571,2.013126424396335,0.5293524497093557,-0.12916557380779026,0.004,expanded,trend,True,C
1770019200,77716.1,89915.419,1.9997377527189766,0.5181988711400463,-0.11853192050486072,0.016,expanded,trend,True,C
1770033600,78800.6,90349.455,2.072005588099929,0.4385904187372764,-0.1076467568699836,0.02,expanded,trend,True,C
1770048000,78299.2,90110.85,2.0563628536214353,0.44815462881954493,-0.11067609997082761,0.02,expanded,trend,True,C
1770062400,78692.5,88896.251,2.0603130107987297,0.4231030976533404,-0.12443872579561932,0.008,expanded,trend,True,C
1770076800,78710.7,88506.134,1.9512886755766987,0.3914296184903887,-0.13345393317336796,0.004,expanded,trend,True,C
1770091200,78749.9,88544.365,1.9518760452805792,0.4073468135688531,-0.13696335320013198,0.008,expanded,trend,True,C
1770105600,78040.1,89130.584,1.95997184588214,0.4122076440387895,-0.1400282622316742,0.024,expanded,trend,True,C
1770120000,78094.1,91150.03,1.962492464839329,0.3267602522295798,-0.127668968407597,0.044,expanded,trend,True,C
1770134400,74893.8,89631.437,2.3201427963758063,0.393247922437672,-0.15700088956000846,0.032,expanded,trend,True,C
1770148800,75732.4,88989.458,2.2940547301140017,0.38050288841332364,-0.1644942069305172,0.02,expanded,trend,True,C
1770163200,76661.1,89281.711,1.8588917353923307,0.26836667833517236,-0.1442509767936776,0.032,expanded,trend,True,C
1770177600,76478.9,89643.038,1.7866565290619736,0.2816719796554318,-0.13634117984070893,0.044,expanded,trend,True,C
1770192000,75987.6,90642.211,1.77608994545693,0.3164353230955276,-0.1242935562272619,0.06,expanded,trend,True,C
1770206400,74107.0,93314.412,1.9176631242563822,0.3625206279179687,-0.08930292367663373,0.172,expanded,trend,True,C
1770220800,73895.3,93929.165,1.8965605713442024,0.4484262196634414,-0.07145859384227549,0.196,expanded,trend,True,C
1770235200,73137.4,93811.904,1.870255180343635,0.4667414082322488,-0.08173788243088853,0.192,expanded,trend,True,C
1770249600,71198.9,95092.254,2.0117589655620445,0.5026807333102725,-0.06764523064335604,0.36,expanded,trend,True,C
1770264000,70716.1,94912.167,2.007655864626433,0.5028702775976887,-0.06264046739268192,0.336,expanded,trend,True,C
1770278400,70279.0,93786.522,2.000903628790203,0.5010253821520396,-0.061675188507331,0.18,expanded,trend,True,C
1770292800,67451.9,93540.395,2.281105481414128,0.5219975140636741,-0.07352500832080766,0.168,expanded,trend,True,C
1770307200,65237.4,94221.426,2.315650819717178,0.49638374856205647,-0.003434228749252033,0.24,expanded,trend,True,C
1770321600,62868.1,92717.645,2.3465275157907826,0.597842457092601,-0.008889552258972477,0.12,expanded,trend,True,C
1770336000,64138.1,86486.399,2.537702121153073,0.5313417933988334,-0.07479262494400674,0.004,expanded,trend,True,C
1770350400,64811.2,86304.929,2.575587972602237,0.4857611322057298,-0.07404802365014507,0.004,expanded,trend,True,C
1770364800,66586.1,87186.755,2.8054113864031684,0.41534793867401,-0.051262833143435604,0.012,expanded,trend,True,C
1770379200,68577.5,87651.17,3.0335996194017,0.2991653877268383,-0.04924458962310474,0.016,expanded,trend,True,C
1770393600,70675.5,84792.341,3.2429305664962143,0.20390988349177794,-0.07572079415574307,0.004,expanded,rotation,True,C
1770408000,70544.5,85121.643,3.2371065022255032,0.20189918633395068,-0.04912380494165691,0.008,expanded,rotation,True,C
1770422400,70887.1,85730.928,3.012547604980517,0.1715263290726757,-0.037061379916429105,0.012,expanded,rotation,True,C
1770436800,68050.5,85701.457,3.1926053795728424,0.25345079198747267,-0.034040357558591916,0.012,expanded,rotation,True,C
1770451200,67935.1,83457.448,3.1393373188964255,0.2982557784960662,-0.07182273153840268,0.004,expanded,rotation,True,C
1770465600,69122.1,82954.396,3.2093452208371707,0.2942106303102152,-0.08184951420016873,0.004,expanded,rotation,True,C
1770480000,69341.4,81652.51,3.193451816316276,0.27465781985871285,-0.09386594400119419,0.004,expanded,rotation,True,C
1770494400,69254.2,81367.331,3.0945951211512694,0.29213236227223366,-0.08469333538036372,0.004,expanded,rotation,True,C
1770508800,69064.7,81717.049,3.0625807188451453,0.29698641608886817,-0.07670750820502459,0.012,expanded,rotation,True,C
1770523200,69665.0,81952.724,3.057521891746372,0.27496088157938525,-0.07444450022313676,0.016,expanded,rotation,True,C
1770537600,70954.0,81115.217,3.010376455424849,0.210771001698399,-0.08992835725164772,0.004,expanded,rotation,True,C
1770552000,71152.6,81946.489,2.9910384282136397,0.20558574834515533,-0.10097134361886662,0.02,expanded,rotation,True,C
1770566400,71381.0,81892.342,2.985088031175421,0.11407935672856473,-0.08634353368673542,0.02,expanded,rotation,True,C
1770580800,70288.1,80492.068,2.7389943706399724,0.17535728204748258,-0.09548760258771327,0.004,expanded,rotation,True,C
1770595200,71269.9,79606.336,2.5227342644808446,0.173350482315113,-0.10836905892182103,0.004,expanded,rotation,True,C
1770609600,70393.5,79349.07,2.237914064646655,0.19139968925149872,-0.11483287748458493,0.004,expanded,rotation,True,C
1770624000,68899.9,80900.826,2.3277404598208955,0.21611147530986582,-0.107470734578617,0.016,expanded,rotation,True,C
1770638400,69528.9,81045.153,2.3243924410391568,0.1451296406075153,-0.1314830017896913,0.02,expanded,rotation,True,C
1770652800,70912.7,80240.778,2.265270955811865,0.09116361524589685,-0.1457309558751,0.012,expanded,rotation,True,C
1770667200,70110.5,78780.995,2.14656996688642,0.09239254852524156,-0.16022389866428888,0.004,expanded,rotation,True,C
1770681600,69473.3,78961.473,1.9628225020566101,0.0548506039415128,-0.1696329650572801,0.008,expanded,rotation,True,C
1770696000,68882.1,80055.903,1.975965944152805,0.05809607075429864,-0.1565264440753944,0.02,expanded,rotation,True,C
1770710400,68489.9,81136.246,1.9708938122450363,0.056754484749472825,-0.1348837309480354,0.044,expanded,rotation,True,C
1770724800,69251.5,79938.363,1.578988975127232,0.0610903659447351,-0.14541345479672185,0.02,expanded,rotation,True,C
1770739200,69031.4,79440.427,1.5818446127540362,0.13814649208406737,-0.1568751358104048,0.016,expanded,rotation,True,C
1770753600,68805.3,79251.855,1.4983712533579854,0.234482867569233,-0.14523438337977634,0.012,expanded,rotation,False,A
1770768000,68143.6,80798.168,1.5196220087884786,0.1620865891607759,-0.06577023746820587,0.044,expanded,rotation,False,A
1770782400,67000.0,82297.121,1.5926416506824177,0.08691715708465383,-0.04643776486972151,0.088,expanded,rotation,False,A
1770796800,67023.0,82680.102,1.5933214063186447,0.01864647663108633,-0.051689651713726525,0.092,expanded,rotation,False,A
1770811200,66489.3,81267.049,1.5714236679395717,0.09503481545533148,-0.07283554800238257,0.064,expanded,rotation,False,A
1770825600,67547.7,81505.811,1.5419978037349613,0.14941672160279773,-0.038759750718523,0.072,expanded,rotation,False,A
1770840000,67054.4,80907.086,1.5392843043189433,0.16388754537300998,-0.04951216695852545,0.052,expanded,rotation,False,A
1770854400,67550.2,81117.865,1.5531740308848994,0.15557441174139522,-0.053808620851508726,0.064,expanded,rotation,False,A
1770868800,67181.5,82009.087,1.5029176840128067,0.04578262472999322,-0.043084098325189446,0.104,expanded,rotation,False,A
1770883200,68031.8,81743.176,1.4892128954449202,0.004904670849415811,-0.020540671217265105,0.092,expanded,rotation,False,A
1770897600,67107.0,81004.705,1.4905048323936005,0.10358440810745553,-0.023503166727896985,0.056,expanded,rotation,False,A
1770912000,65760.7,80295.445,1.468679288226969,0.17398339220726203,-0.01662000347570436,0.04,expanded,rotation,False,A
1770926400,66243.1,79781.405,1.453679568536751,0.14355045552276613,-0.019490942869933914,0.028,expanded,rotation,False,A
1770940800,66519.6,79346.679,1.3035531354163254,0.12083331355131488,-0.02900704356076289,0.016,expanded,rotation,False,A
1770955200,66183.3,79731.648,1.2767411891064868,0.16739827587035833,-0.027101917930147157,0.032,normal,rotation,False,A
1770969600,67137.8,80070.053,1.3442130473149354,0.18647993588866496,-0.012884931319360304,0.048,expanded,rotation,False,A
1770984000,68652.0,78681.583,1.4808789001433809,0.11481175390266327,-0.039841926601638766,0.004,expanded,rotation,False,A
1770998400,68904.2,79448.505,1.4702289017623607,0.11359487795705348,-0.029842069970351992,0.032,expanded,rotation,False,A
1771012800,68821.5,79201.401,1.432480432248564,0.070531317328409,-0.01603471040152682,0.016,expanded,rotation,False,A
1771027200,68947.7,79188.026,1.428409809810311,0.11647106028688912,-0.005254732487625091,0.016,expanded,rotation,False,A
1771041600,69182.2,79486.132,1.425765662413726,0.06277434300195385,0.0017273296334789912,0.044,expanded,rotation,False,A
1771056000,70464.8,78613.92,1.4777531991744774,0.08199590256273255,-0.028268017930991207,0.004,expanded,rotation,False,A
1771070400,69754.2,80373.521,1.4146122150063316,0.011754762165631151,-0.008287133469906727,0.084,expanded,rotation,False,A
1771084800,69849.0,78838.858,1.4087509336501023,0.059498705090699336,-0.017471415842952198,0.016,expanded,rotation,False,A
1771099200,69795.4,77740.954,1.3708214433377592,0.018395595798962303,-0.013201673830090632,0.004,expanded,rotation,False,A
1771113600,69926.0,77401.795,1.304267228246614,0.027234170551962453,-0.019752392410410047,0.004,expanded,rotation,False,A
1771128000,70784.0,79302.995,1.3017882103640006,0.11260975884139597,-0.009404778058652474,0.044,expanded,rotation,False,A
1771142400,70268.7,78941.625,1.3204390697193253,0.10455902753285833,-0.027048589356722275,0.028,expanded,rotation,False,A
1771156800,69068.1,77088.906,1.4067066414947973,0.010509185509471672,-0.03564567615676584,0.004,expanded,rotation,False,A
1771171200,68263.6,77667.773,1.4084629723216668,0.04257088679182446,-0.022314255687472473,0.012,expanded,rotation,False,A
1771185600,68796.9,77128.011,1.359284692205311,0.0004579403587204233,-0.026798666100623092,0.008,expanded,rotation,False,A
1771200000,68392.6,77502.633,1.2253919179450126,0.01376785951254036,-0.04078724903762676,0.016,normal,rotation,False,A
1771214400,68552.4,77662.236,1.213139370634366,0.09077407056567117,-0.05631892031800234,0.02,normal,rotation,False,A
1771228800,68769.4,77391.886,1.2107425804164105,0.10097249043120268,-0.0639599597978242,0.012,normal,rotation,False,A
1771243200,67505.5,76593.698,1.318454629835422,0.05637412626206579,-0.05750609942782581,0.004,expanded,rotation,False,A
1771257600,67883.6,75699.255,1.2686725503689407,0.019365029949786332,-0.07124100636211073,0.004,normal,rotation,False,A
1771272000,68862.5,75732.693,1.1761108940259444,0.10140034658157325,-0.06395475669461137,0.008,normal,rotation,False,A
1771286400,68443.6,75923.527,1.181470432494532,0.05031992069571541,-0.06403445159706811,0.012,normal,rotation,False,A
1771300800,68353.4,76610.769,1.1799065377510534,0.06705806281793754,-0.06582585171323763,0.02,normal,rotation,False,A
1771315200,67824.4,77417.223,1.1937112720014769,0.012090051647955,-0.05292127381984779,0.04,normal,rotation,False,A
1771329600,67363.6,79600.238,1.1960843529389729,0.015373923046505589,-0.017338091657762345,0.12,normal,rotation,False,A
1771344000,67766.9,79040.856,1.0785711130777917,0.12739719068302482,-0.015624659655351647,0.084,normal,rotation,False,A
1771358400,67475.9,79065.526,1.0521361010795454,0.07924814543397436,-0.008973005677200052,0.088,normal,rotation,False,A
1771372800,67590.2,79398.818,1.0499715299941699,0.06954657658828078,0.0006571037459550677,0.116,normal,rotation,False,A
1771387200,68078.4,79660.848,1.075074261781324,0.12190352440193217,-0.000887978635535025,0.14,normal,rotation,False,A
1771401600,67345.4,79165.585,1.0989004472294541,0.01354702304821017,-0.011295958552693719,0.092,normal,rotation,False,A
1771416000,67671.0,80489.459,1.0420819338649712,0.06939826539707712,0.022977117783713252,0.18,normal,rotation,False,A
1771430400,66138.2,81274.485,1.1696292810113018,0.1794193196855301,0.022983188922182984,0.224,normal,rotation,False,A
1771444800,66422.8,80178.318,1.1085939991944733,0.15358265624299708,0.012334592414596335,0.168,normal,rotation,False,A
1771459200,66950.4,79651.299,1.091608731345091,0.12467774053197045,0.0058502910528417384,0.144,normal,rotation,False,A
1771473600,67180.4,79367.094,1.056920255407113,0.12499375593186517,-0.0014975945741075858,0.12,normal,rotation,False,A
1771488000,66468.9,80185.696,1.0674700752254513,0.2587331084362325,0.019993609274286284,0.18,normal,rotation,False,A
1771502400,66362.7,79290.008,1.0613549341100355,0.22854235597754743,-0.013480969684033006,0.108,normal,rotation,False,A
1771516800,67022.9,80680.602,1.0836429581886329,0.18345223335129376,0.023360866033853567,0.208,normal,rotation,False,A
1771531200,66974.0,80781.633,0.9832017109513018,0.18320303368743707,0.03911296226182159,0.212,normal,rotation,False,A
1771545600,67327.2,80486.434,0.9819238194868871,0.1663444920949891,0.03985229283119329,0.2,normal,rotation,False,A
1771560000,67794.7,81712.669,0.9243018727384599,0.1962448711636315,0.030385661979096756,0.272,normal,rotation,False,A
1771574400,67290.5,81228.576,0.9301103181043615,0.19565874361096958,0.02897015357867283,0.252,normal,rotation,False,A
1771588800,67547.6,81284.64,0.9372734804065692,0.10649325180873986,0.05442720902019271,0.264,normal,rotation,False,A
1771603200,67616.5,80125.351,0.9184519533212004,0.04778361135110056,0.031642184461758704,0.18,normal,rotation,False,A
1771617600,67979.3,80197.615,0.9106684619622831,0.061143600711945634,0.03979882224630438,0.192,normal,rotation,False,A
1771632000,67637.0,79321.013,0.9084152747268838,0.05677019940194504,0.023462170633609336,0.116,normal,rotation,False,A
1771646400,67821.0,79049.435,0.9039387645907084,0.05485225738713033,0.017861950304907337,0.088,normal,rotation,False,A
1771660800,68060.9,81051.77,0.9070445705714161,0.05304374518039379,0.04729028053406026,0.256,normal,rotation,False,A
1771675200,68571.5,81578.802,0.9084555118524106,0.08457900917198276,0.06508504133068493,0.296,normal,rotation,False,A
1771689600,68516.3,81849.689,0.8602521017689496,0.05151986450283769,0.0812482764856799,0.316,normal,rotation,False,A
1771704000,67933.1,80841.695,0.8845037573978783,0.07819941102229672,0.06746098412214141,0.24,normal,rotation,False,A
1771718400,68010.5,80429.072,0.6406375466854277,0.03751895005847507,0.05934319937481303,0.216,compressed,rotation,False,A
1771732800,67973.0,80069.647,0.6376438429401787,0.033104744665297066,0.045148717930243,0.184,compressed,rotation,False,A
1771747200,68183.4,79953.442,0.6148737368050007,0.03213333094645652,0.03276039751516269,0.18,compressed,rotation,False,A
1771761600,67659.9,79701.777,0.6472691741403082,0.026373176441266882,0.0012756117638743625,0.168,compressed,rotation,False,A
1771776000,67402.2,79409.175,0.5905843559266283,0.03288755827689736,0.004659855910467359,0.14,compressed,rotation,False,A
1771790400,67613.5,78623.882,0.5903197674014893,0.012498183403575617,-0.00558579727908215,0.064,compressed,rotation,False,A
1771804800,64894.0,80804.029,1.1589542191529583,0.19803449187648753,0.017698135002462978,0.264,normal,rotation,False,A
1771819200,65915.8,79489.923,1.2209143276098757,0.1528512057900536,-0.0021456588059419746,0.16,normal,rotation,False,A
1771833600,66170.8,78459.687,1.2029915346414612,0.08592286985018675,-0.008916728146454056,0.06,normal,rotation,False,A
1771848000,65633.1,79410.914,1.1888132293724896,0.14679632631010253,-0.013399829162722976,0.152,normal,rotation,False,A
1771862400,64273.9,79166.482,1.26161461558719,0.1359919468374559,-0.02593683614236375,0.108,normal,rotation,False,A
1771876800,64625.8,79621.079,1.2650645092153168,0.13044235710863694,-0.006949996132370906,0.184,normal,rotation,False,A
1771891200,63570.5,80821.084,1.3047105082077162,0.23629220002936255,0.014686326710126929,0.288,expanded,rotation,False,A
1771905600,63155.3,81502.851,1.286820484481442,0.27780193386752783,0.026909855109473968,0.348,normal,rotation,False,A
1771920000,63192.2,81804.843,1.276333390775728,0.23719280466176873,0.020192466746188797,0.376,normal,rotation,False,A
1771934400,63933.4,82818.767,1.302095828605736,0.16812346447973975,0.0445044601332365,0.408,expanded,rotation,False,A
1771948800,64405.4,79581.638,1.307055008007215,0.1835386675828989,-0.013621167576315263,0.176,expanded,rotation,False,A
1771963200,64031.3,79796.745,1.2755234282183154,0.20174133616700374,-0.012191979332727865,0.212,normal,rotation,False,A
1771977600,65361.7,78302.336,1.3842421948423131,0.12628745092747884,-0.02713622521778014,0.06,expanded,rotation,False,A
1771992000,65001.1,78942.485,1.375024697082239,0.18073598675016833,-0.03390152388731782,0.092,expanded,rotation,False,A
1772006400,65396.7,78903.822,1.3814000155370836,0.12338906190954022,-0.028619903419210502,0.088,expanded,rotation,False,A
1772020800,67362.3,79327.337,1.5525685205189725,0.01086376614468233,-0.024079617010052567,0.148,expanded,rotation,False,A
1772035200,69005.2,79713.463,1.6435629532944207,0.0745382621157551,-0.00514054534375763,0.22,expanded,rotation,False,A
1772049600,67952.5,80110.458,1.6682349704984416,0.0013871204828008934,-0.0010867779546811507,0.256,expanded,rotation,False,A
1772064000,68187.5,79998.94,1.6613768118203147,0.028652027501782657,0.008546625595918567,0.244,expanded,rotation,False,A
1772078400,67800.0,79740.774,1.6624798186299625,0.0010815376375097868,0.008745653906318429,0.228,expanded,rotation,True,C
1772092800,68025.2,79510.093,1.346838591489461,0.0018400070095503647,-0.019020892449356896,0.192,expanded,rotation,True,C
1772107200,67353.4,79577.455,1.3303717050350357,0.062264546369989085,-0.02453268436082201,0.196,expanded,rotation,True,C
1772121600,67550.7,79249.522,1.3023081848403442,0.04900179646188389,-0.03176758557995252,0.132,expanded,rotation,True,C
1772136000,67448.2,79065.954,1.2632357145089081,0.025222760303152153,-0.021965657696811136,0.116,normal,rotation,False,A
1772150400,67557.4,79160.132,1.158103862410106,0.023529717238335426,-0.015777130935938244,0.12,normal,rotation,False,A
1772164800,67644.1,79436.689,1.152291234845534,0.01703641929585533,-0.00790509292491326,0.188,normal,rotation,False,A
1772179200,66094.1,77283.061,1.207663166879777,0.10119978881391833,-0.03339919999941954,0.032,normal,rotation,False,A
1772193600,66072.6,78429.605,1.18348799735222,0.07880039516861627,-0.015961651645483466,0.068,normal,rotation,False,A
1772208000,65365.4,79999.999,1.203115759439965,0.09890835631871307,0.007440248560698359,0.284,normal,rotation,False,A
1772222400,65836.0,79178.554,1.1872888982710659,0.08524321291380722,0.007054752142612308,0.14,normal,rotation,False,A
1772236800,65763.8,79389.701,1.1786789853983368,0.04777860783969078,-0.017503186629468592,0.188,normal,rotation,False,A
1772251200,63788.4,80301.128,1.336948657344004,0.11104267579756145,0.010205130026355702,0.336,expanded,rotation,False,A
1772265600,63810.4,80479.769,1.2546723291199928,0.12472127405497381,0.02574675068484522,0.348,normal,rotation,False,A
1772280000,64800.0,79008.577,1.2881144668487656,0.042993605920329754,-0.005066520201492675,0.112,normal,rotation,False,A
1772294400,66318.1,77819.882,1.3576139863593788,0.1046365209201382,-0.017009723887945527,0.064,expanded,rotation,False,A
1772308800,66937.1,77363.898,1.220065608140115,0.11671287108714218,-0.028349038073196664,0.036,normal,rotation,False,A
1772323200,67474.7,78274.046,1.1186475841372843,0.20244119965155344,-0.031514524106110775,0.072,normal,rotation,False,A
1772337600,67113.9,77517.735,1.0801352340102994,0.20584258912600314,-0.04889541839462763,0.056,normal,rotation,False,A
1772352000,66439.0,78509.416,1.0909925663563091,0.16340869285124732,-0.04028400861303527,0.092,normal,rotation,False,A
1772366400,66810.8,79255.237,1.094200005978551,0.147560487799875,-0.04302804942749283,0.184,normal,rotation,False,A
1772380800,65926.0,78970.869,1.1178020194714922,0.07636370941012216,-0.00767474778541255,0.132,normal,rotation,False,A
1772395200,65750.0,77830.936,1.1016748333624085,0.08717948717948704,-0.02463520285194587,0.076,normal,rotation,False,A
1772409600,66787.3,77593.157,1.1473380632492696,0.07340356513948558,-0.009056932860853517,0.06,normal,rotation,False,A
1772424000,65981.3,77513.652,1.1680613862778757,0.04933859504298648,-0.018099670918644062,0.056,normal,rotation,False,A
1772438400,66329.9,78913.778,1.1714866415721505,0.04708422890241057,0.00012617893211830378,0.132,normal,rotation,False,A
1772452800,69089.1,81477.675,1.4339070555157742,0.08377075106484143,0.027107149708050837,0.488,expanded,rotation,False,A
1772467200,68928.4,83156.64,1.3440604392064521,0.004014384879150435,0.0431944225030092,0.56,expanded,rotation,False,A
1772481600,68801.8,82189.433,1.344417657344895,0.04665176241822357,0.02595135581424346,0.544,expanded,rotation,False,A
1772496000,68349.3,81585.034,1.3296094566803682,0.008782690825399387,0.01982643770029946,0.504,expanded,rotation,False,A
1772510400,68138.3,79835.102,1.3250831501791913,0.018540948476660903,0.0011829330876571564,0.328,expanded,rotation,False,A
1772524800,67000.0,78573.285,1.3686848333171417,0.05350954110818801,-0.011782252600308074,0.108,expanded,rotation,False,A
1772539200,67692.5,78939.683,1.2094340785025248,0.017679967048837866,-0.008014480985852002,0.14,normal,rotation,False,A
1772553600,68395.9,78721.474,1.2133741340004103,0.04293406481763672,-0.006663106434887989,0.124,normal,rotation,False,A
1772568000,68295.3,79133.683,1.189643988333985,0.04303473361748851,0.0008566139605423739,0.184,normal,rotation,False,A
1772582400,67700.1,79831.628,1.128688413189291,0.00707482858290299,0.00848275493022177,0.344,normal,rotation,False,A
1772596800,69464.5,82155.894,1.2142246890731128,0.08332189053360041,0.034231096917949344,0.572,normal,rotation,False,A
1772611200,71082.4,89857.132,1.2723889785045863,0.22761308103323152,0.16270151359558582,0.68,normal,rotation,False,A
1772625600,73339.7,91508.046,1.373302104159035,0.3008964246527129,0.16675388075714537,0.704,expanded,rotation,False,A
1772640000,73580.2,91525.701,1.34077654444884,0.34683847868675277,0.14407127680089094,0.708,expanded,rotation,False,A
1772654400,72641.4,91424.291,1.3833760037953473,0.2817620999461764,0.1546597706242525,0.704,expanded,rotation,False,A
1772668800,72469.6,91400.135,1.3435422602808498,0.27649818988479624,0.15128453500536532,0.704,expanded,rotation,False,A
1772683200,72025.5,91135.055,1.347080005541642,0.3625276722722734,0.13491624924621237,0.7,expanded,trend,False,B
1772697600,72879.9,89863.18,1.3292310926294724,0.3850562756594506,0.11659341368139353,0.684,expanded,trend,False,B
1772712000,71611.7,86570.108,1.3547951196449537,0.2858179865141008,0.09570519160217228,0.628,expanded,trend,False,B
1772726400,70875.5,84351.92,1.377604143401848,0.19771457328289319,0.08393790676783608,0.604,expanded,rotation,False,A
1772740800,70854.8,83430.458,1.1545514105091197,0.17449147295798628,0.07841590401765952,0.6,normal,rotation,False,A
1772755200,71045.4,82994.209,1.1501301770631884,0.16153285893300656,0.060303040933900265,0.596,normal,rotation,False,A
1772769600,71026.7,81880.368,1.1460409751878906,0.1797913890548183,0.0562791598593535,0.556,normal,rotation,False,A
1772784000,70185.6,82041.407,1.162181852487158,0.1708498258030395,0.04498811964159821,0.576,normal,rotation,False,A
1772798400,68468.4,83447.458,1.2544723986827797,0.07121926907444141,0.052895192276063874,0.616,normal,rotation,False,A
1772812800,68101.0,83460.442,1.2103335603129195,0.09557414796196388,0.056851001601615714,0.624,normal,rotation,False,A
1772827200,68083.0,83332.599,1.1947758410555638,0.10323374278735552,0.07068735496127143,0.612,normal,rotation,False,A
1772841600,68063.2,83785.085,1.1734135195086322,0.059119531825574306,0.07979992359377763,0.632,normal,rotation,False,A
1772856000,67809.4,84659.567,1.1705887006721993,0.08693026462826006,0.09218911527997675,0.64,normal,rotation,False,A
1772870400,67975.9,84463.609,1.1591389409089001,0.07895468979345159,0.07032778230437775,0.64,normal,rotation,False,A
1772884800,67844.8,83980.583,1.0466308982409436,0.06829570839713967,0.030718942336044774,0.636,normal,rotation,False,A
1772899200,67042.6,83794.657,0.9515843946496887,0.09998515439429904,0.0076724720960348325,0.636,normal,rotation,False,A
1772913600,67232.1,83748.643,0.6968384293137586,0.08294889477216412,0.0189709302411174,0.632,compressed,rotation,False,A
1772928000,66974.9,84331.193,0.6812039177120608,0.07338587386002074,0.033660082803912195,0.648,compressed,rotation,False,A
1772942400,67277.2,84596.845,0.6821173144197644,0.04575524583282454,0.059644728705926964,0.66,compressed,rotation,False,A
1772956800,67490.0,82601.378,0.6938532070182724,0.027383174436409634,0.05126542691959468,0.592,compressed,rotation,False,A
1772971200,67174.7,82702.654,0.692426274967605,0.029559856139750196,0.047668939841068125,0.6,compressed,rotation,False,A
1772985600,67299.0,82464.529,0.6360083616556969,0.0647600942265568,0.04754808071810235,0.592,compressed,rotation,False,A
1773000000,65934.3,82089.945,0.6601788348512445,0.1297110207669489,0.03735782144753719,0.58,compressed,rotation,False,A
1773014400,67165.3,81290.791,0.7681530820079581,0.02838972703818937,0.01827800630597176,0.508,compressed,rotation,False,A
1773028800,67504.8,81055.725,0.7802794845601162,0.11254299973008514,-0.013391236421820163,0.48,compressed,rotation,False,A
1773043200,67723.3,81479.11,0.7816171487311729,0.20976675929684294,-0.0932371400413714,0.524,compressed,rotation,False,A
1773057600,68832.3,83095.722,0.8534927421526366,0.30321825471571184,-0.09192988341156372,0.636,normal,rotation,False,A
1773072000,68951.8,82187.437,0.8311586645292902,0.31391326758996757,-0.10202887164994234,0.6,compressed,rotation,False,A
1773086400,68394.1,81593.585,0.7077432630940699,0.29570914356928485,-0.10752838105137719,0.544,compressed,rotation,False,A
1773100800,69391.0,82149.92,0.7477028013464548,0.20269683043415346,-0.1012057039084242,0.6,compressed,rotation,False,A
1773115200,70374.7,82061.06,0.7851747220837966,0.10496064293798278,-0.09956646210396203,0.596,compressed,rotation,False,A
1773129600,70570.1,83213.915,0.7844904899650507,0.15328360586111636,-0.07399320834183698,0.66,compressed,rotation,False,A
1773144000,71296.9,83047.439,0.7914412878686765,0.021669397139199263,-0.040691516753103674,0.652,compressed,rotation,False,A
1773158400,70005.2,81699.352,0.8792204395434242,0.05770110522512276,-0.03144644484678005,0.552,normal,rotation,False,A
1773172800,69901.9,80588.028,0.8786332112119862,0.06283340476740032,-0.03406945218975055,0.436,normal,rotation,False,A
1773187200,69517.0,81011.322,0.8513804853218335,0.09950650399093708,-0.0238918717810781,0.476,normal,rotation,False,A
1773201600,69622.1,81443.598,0.8511674058921108,0.09093498724605349,-0.00533424568878349,0.528,normal,rotation,False,A
1773216000,69144.0,81250.536,0.8601393577249782,0.06905696403946146,-0.009639900495612141,0.508,normal,rotation,False,A
1773230400,70186.9,81948.336,0.8937253177576068,0.11926656441504908,-0.01796486119445373,0.604,normal,rotation,False,A
1773244800,70600.8,82712.505,0.8962592460707953,0.17293191471699168,-0.00896157487399829,0.664,normal,rotation,False,A
1773259200,70150.0,82657.744,0.9015653708932077,0.1388347819078195,-0.008098331362495936,0.656,normal,rotation,False,A
1773273600,69402.6,81564.462,0.9322986547000345,0.08577210261401967,-0.026503798378912036,0.552,normal,rotation,False,A
1773288000,69782.6,81841.618,0.8303339736205801,0.12534620759751058,-0.03328565335090827,0.592,compressed,rotation,False,A
1773302400,70388.5,81958.19,0.7824298221111228,0.14909711149838745,-0.0296627036147602,0.62,compressed,rotation,False,A
1773316800,70282.9,83391.754,0.7836523403180218,0.1509108127680903,-0.007011489786871272,0.716,compressed,rotation,False,A
1773331200,70393.7,83869.317,0.7833290571407877,0.21669630443919868,0.0008909875960227964,0.748,compressed,rotation,False,A
1773345600,70480.1,84268.084,0.7325691558164031,0.21143906154386938,0.006202381094103204,0.756,compressed,rotation,False,A
1773360000,71366.3,85624.901,0.7616892384857742,0.2746272763658199,0.015340800408218946,0.788,compressed,rotation,False,A
1773374400,71585.3,86633.249,0.7375624019410668,0.27082874942635704,0.024071866982746215,0.812,compressed,rotation,False,A
1773388800,72189.9,88818.192,0.7097210048593852,0.28835688297983275,0.07526283641418186,0.836,compressed,rotation,False,A
1773403200,71800.0,88761.0,0.6812980967354839,0.28248694536904184,0.07325455359630917,0.836,compressed,rotation,False,A
1773417600,71148.0,85235.909,0.7050681590849762,0.22773530873547465,0.033606934200764105,0.788,compressed,rotation,False,A
1773432000,70895.5,83152.227,0.6817403238322302,0.3142187598961303,0.012940464267578555,0.704,compressed,rotation,False,A
1773446400,71034.3,83351.934,0.5861390001356529,0.26325458603233376,0.025355184451336,0.72,compressed,rotation,False,A
1773460800,70565.6,83802.371,0.6005284717236234,0.20644813166059664,0.03388589763400418,0.756,compressed,rotation,False,A
1773475200,70705.0,84657.757,0.5903601807275652,0.20219164705802584,0.03901180314807062,0.788,compressed,rotation,False,A
1773489600,70554.6,84390.185,0.5931442426078826,0.12491024999456106,0.015577974038182285,0.78,compressed,rotation,False,A
1773504000,70664.1,84135.988,0.5769413766436244,0.12427512828142849,0.023708623496800252,0.768,compressed,rotation,False,A
1773518400,71174.4,83492.907,0.5272584823268534,0.20248490630621413,0.023277834893515204,0.744,compressed,rotation,False,A
1773532800,71314.8,83196.47,0.5187609961349148,0.1494283228732994,0.012739513319063533,0.712,compressed,rotation,False,A
1773547200,71420.8,82031.058,0.5027116927323816,0.08719897971942345,-0.00036560580621303185,0.628,compressed,rotation,False,A
1773561600,71800.0,82113.587,0.45534306195482444,0.10097286646689357,-0.013222884658172784,0.644,compressed,rotation,False,A
1773576000,71444.4,82392.542,0.46622190346316633,0.012490156063441537,-0.007885818128599897,0.668,compressed,rotation,False,A
1773590400,71515.2,82040.406,0.443235184518614,0.1426088927505573,0.004174500674130277,0.632,compressed,rotation,False,A
1773604800,72778.9,83088.676,0.5418346668313664,0.24487607244995258,0.03103001850349285,0.716,compressed,rotation,False,A
1773619200,73539.5,84131.009,0.5680398109307613,0.33176625840240836,0.03850927158058237,0.796,compressed,rotation,False,A
1773633600,73427.7,87468.318,0.5750923069953839,0.3137035083091526,0.07397413851976431,0.88,compressed,rotation,False,A
1773648000,73515.3,86572.531,0.5386026053925763,0.37232021940770177,0.0655010448177229,0.872,compressed,trend,False,B
1773662400,73240.2,87023.141,0.5489006428441237,0.2782582544268152,0.06192688281065295,0.88,compressed,trend,False,B
1773676800,73928.8,89049.295,0.5545609228838163,0.2958853444290336,0.07661223656568006,0.912,compressed,trend,False,B
1773691200,74846.4,88357.174,0.5781005127809044,0.40090828382162097,0.06895216012670269,0.896,compressed,trend,False,B
1773705600,74424.9,88820.801,0.5562796720599069,0.4409974974755225,0.08896446837349337,0.908,compressed,trend,False,B
1773720000,74212.7,88152.398,0.5553449645787131,0.3948149402443691,0.07710966809087272,0.896,compressed,trend,False,B
1773734400,73997.1,86675.661,0.5669111487778911,0.3331917565371554,0.0575594824629484,0.88,compressed,trend,False,B
1773748800,73878.5,89182.19,0.5451528791607532,0.33159341166055,0.06943655364294177,0.924,compressed,trend,False,B
1773763200,74460.8,92877.395,0.5571647775678552,0.3594463936932724,0.10740612088208623,0.968,compressed,trend,False,B
1773777600,73872.4,93210.186,0.5899219107345987,0.2870719054912871,0.10611493195929311,0.968,compressed,trend,False,B
1773792000,74414.6,93428.085,0.5997548876016234,0.2656956828700678,0.09113218127983602,0.972,compressed,trend,False,B
1773806400,73840.0,93429.361,0.6264209139755237,0.1906158853616261,0.07844692515225882,0.972,compressed,rotation,False,A
1773820800,72916.8,92842.382,0.6889737417524419,0.05984144363675342,0.04530817290223599,0.96,compressed,rotation,False,A
1773835200,71436.4,87156.612,0.8113849466060292,0.027467214600834355,-0.01807537093993994,0.888,compressed,rotation,False,A
1773849600,71030.3,86870.665,0.8117096004442722,0.009059630379395833,0.019179193595506794,0.884,compressed,rotation,False,A
1773864000,71202.9,85933.238,0.8087216372620473,0.02380767979677456,0.033444816817714385,0.86,compressed,rotation,False,A
1773878400,71180.0,86461.033,0.8086965492953804,0.01138645972538055,0.03730086214916151,0.868,compressed,rotation,False,A
1773892800,70145.1,87324.887,0.7683760996840368,0.0314696043286609,0.042033607855796795,0.908,compressed,rotation,False,A
1773907200,69926.8,89208.812,0.7259173619055284,0.05789747786622991,0.053758275216292395,0.948,compressed,rotation,False,A
1773921600,69372.7,86924.984,0.7351672964136027,0.08536840812729828,0.03003665651402465,0.896,compressed,rotation,False,A
1773936000,70233.1,87144.238,0.794769750444517,0.029529447230672187,0.03575461668079538,0.9,compressed,rotation,False,A
1773950400,69887.4,86870.61,0.7979157821844183,0.08918300880049856,0.04045496942632498,0.884,compressed,rotation,False,A
1773964800,70696.1,86897.927,0.8136119914878431,0.04097540945606714,0.044490553505455166,0.892,compressed,rotation,False,A
1773979200,70811.9,87616.252,0.7605351381925852,0.040300216425863004,0.06808633383711804,0.92,compressed,rotation,False,A
1773993600,70439.9,86588.555,0.7640398726058667,0.09006151543845484,0.05449729044232332,0.872,compressed,rotation,False,A
1774008000,69829.5,86790.415,0.777854168430442,0.10515931157084464,0.05337707628925914,0.88,compressed,rotation,False,A
1774022400,70141.9,87142.58,0.7969065450202688,0.08804164556393966,0.06219098915722099,0.9,compressed,rotation,False,A
1774036800,70472.7,86772.839,0.8134123720310144,0.15725449016051327,0.04434013366634937,0.872,compressed,rotation,False,A
1774051200,70638.0,87379.647,0.7913453892389307,0.20621743981919055,0.038614038255502026,0.912,compressed,rotation,False,A
1774065600,70687.3,87164.193,0.7912360277094381,0.19563665438761724,-0.0034769732281807464,0.904,compressed,rotation,False,A
1774080000,70618.3,87356.3,0.7706358815530231,0.20709128601043633,0.009053322005798892,0.908,compressed,rotation,False,A
1774094400,70599.1,87307.485,0.7655679972767078,0.19231637430732954,0.00326745273421003,0.9,compressed,rotation,False,A
1774108800,70365.9,87399.311,0.7356841420936102,0.26833713670289294,-0.018528883356123127,0.912,compressed,rotation,False,A
1774123200,68881.5,86412.477,0.7501199210065361,0.430849795947848,-0.022009497497056718,0.824,compressed,trend,False,B
1774137600,69307.0,87414.837,0.7656537714789743,0.36956349063075306,-0.015829220004444755,0.912,compressed,trend,False,B
1774152000,68884.5,87797.358,0.7705255245833248,0.3789939397388102,-0.004027570526215385,0.92,compressed,trend,False,B
1774166400,68177.0,88530.94,0.7925249120073707,0.39998762946112487,0.021404843973442667,0.928,compressed,trend,False,B
1774180800,68814.9,87790.555,0.7768736552289053,0.33600530856005284,-0.015604404870524169,0.912,compressed,trend,False,B
1774195200,68170.6,87569.553,0.8004439884610849,0.41568860692571974,-0.05714891120708121,0.904,compressed,trend,False,B
1774209600,67830.6,86670.56,0.7949695036620188,0.40593673573597694,-0.07015999302908804,0.824,compressed,trend,False,B
1774224000,68045.1,87643.844,0.7426541108288971,0.4375888814844841,-0.061911158727057325,0.908,compressed,trend,False,B
1774238400,68306.0,87787.166,0.7563285077304879,0.3885635646178264,-0.06038995600109054,0.908,compressed,trend,False,B
1774252800,70097.3,87061.267,0.9361269735280574,0.18659457456172293,-0.06226805986085093,0.848,normal,rotation,False,A
1774267200,70112.2,87334.093,0.9357020074557708,0.09704795966228891,0.0020363457909537974,0.872,normal,rotation,False,A
1774281600,70647.1,85756.403,0.9471501862454778,0.027821339373874467,-0.012826677452048796,0.776,normal,rotation,False,A
1774296000,70865.9,85430.946,0.9294705804500789,0.024385302247499983,-0.005845142248683821,0.768,normal,rotation,False,A
1774310400,70512.1,85405.251,0.935973490638964,0.04719907849081636,-0.012211073166335962,0.764,normal,rotation,False,A
1774324800,71255.2,85598.568,0.961092409126171,0.08010015224873496,-0.019768923376906278,0.768,normal,rotation,False,A
1774339200,71116.4,85780.791,0.9648703085326794,0.0863317706141046,-0.03842693253218088,0.776,normal,rotation,False,A
1774353600,69837.7,85601.794,1.0504245468005604,0.0320601213458357,-0.01522220585050671,0.764,normal,rotation,False,A
1774368000,69342.6,85542.526,1.0606077578994604,0.06298315969643623,-0.018380010391507495,0.756,normal,rotation,False,A
1774382400,70523.9,86157.736,1.1338721057545347,0.04250616055508458,-0.008206158561566368,0.78,normal,rotation,False,A
1774396800,70689.3,85972.203,1.1323551255223876,0.0004744958481615341,-0.010653004415168588,0.776,normal,rotation,False,A
1774411200,70900.0,86915.502,1.011504735934772,0.006107071309242835,-0.00799794540401022,0.832,normal,rotation,False,A
1774425600,71650.3,87678.447,1.027005080439349,0.08176058145661459,0.012587021460284342,0.904,normal,rotation,False,A
1774440000,70792.4,87085.395,1.0590942855282508,0.0639728402771778,0.003398762409420497,0.84,normal,rotation,False,A
1774454400,70853.2,86845.165,1.0225926110396284,0.04806048607779709,-0.003412969870756677,0.808,normal,rotation,False,A
1774468800,71297.5,86307.202,1.0130848419900504,0.05530522476129204,-0.005366160717641177,0.764,normal,rotation,False,A
1774483200,70881.9,86794.068,0.9980978210771123,0.016084252731816667,-0.0067015491605270094,0.804,normal,rotation,False,A
1774497600,70053.8,86773.028,1.0342573259865042,0.03973605474605944,-0.0044876799352687735,0.796,normal,rotation,False,A
1774512000,69239.3,86869.643,1.0758186222449757,0.08263323785668938,-0.005570943366420167,0.808,normal,rotation,False,A
1774526400,69054.8,86640.393,1.076233213997565,0.09163081852434253,-0.007640719464087287,0.776,normal,rotation,False,A
1774540800,68502.7,86611.082,0.9084688613687856,0.10849968554191625,-0.009018709541085634,0.768,normal,rotation,False,A
1774555200,68788.0,87404.713,0.9159887540926049,0.005853518058259736,0.011482554770418263,0.88,normal,rotation,False,A
1774569600,68728.8,88365.058,0.8976446088199522,0.03704747869545708,0.0108702484911114,0.924,normal,rotation,False,A
1774584000,68501.7,89032.303,0.8962862641166757,0.024838433387837984,0.014065856059131132,0.94,normal,rotation,False,A
1774598400,66663.2,91746.72,1.0678930817173677,0.09150919444343733,0.03632379821111131,0.98,normal,rotation,False,A
1774612800,66092.0,93968.872,1.0256962233591833,0.16526563040562275,0.07037564576280464,1.0,normal,rotation,False,A
1774627200,66005.4,94903.644,1.0264174682500549,0.1360204043170719,0.08375160942068538,1.0,normal,rotation,False,A
1774641600,66364.2,95175.747,0.9880729248243738,0.09201229842504927,0.09813236466915654,1.0,normal,rotation,False,A
1774656000,66191.8,95212.876,0.9889274560748421,0.11659714751272454,0.08636125088260638,1.0,normal,rotation,False,A
1774670400,66520.8,95334.304,0.8968473637189934,0.11183361523523139,0.08597085820038886,1.0,normal,rotation,False,A
1774684800,66288.5,95333.171,0.8900941880886748,0.26442654818106126,0.09501244680944043,0.996,normal,rotation,False,A
1774699200,66982.3,94858.693,0.9379455435630246,0.2075131440240269,0.08615879253477798,0.98,normal,rotation,False,A
1774713600,66873.0,95147.448,0.8808011856220918,0.2574894421209915,0.10950838271516594,0.984,normal,rotation,False,A
1774728000,66334.8,93835.248,0.8637548701035221,0.30254328390099233,0.09837538261603718,0.968,normal,rotation,False,A
1774742400,66875.7,94784.807,0.9021239459452333,0.23980796370303012,0.10982411374213985,0.972,normal,rotation,False,A
1774756800,66632.5,95252.725,0.876281001663214,0.3152435573074008,0.11278409470588358,0.992,normal,rotation,False,A
1774771200,66780.8,95104.043,0.8839477462371917,0.29547344173811035,0.10868694367716913,0.976,normal,rotation,False,A
1774785600,66500.0,95443.774,0.8584461800117877,0.24406420240576165,0.1149739922506765,1.0,normal,rotation,False,A
1774800000,66320.2,96033.448,0.8292191988178861,0.22622415832098342,0.12263984348556645,1.0,compressed,rotation,False,A
1774814400,65977.9,94221.633,0.832861100182689,0.36306424304379653,0.09359457866905885,0.952,compressed,trend,False,B
1774828800,67139.8,92466.178,0.9403851807454376,0.26258165220414637,0.07553575194531192,0.92,normal,trend,False,B
1774843200,67595.9,91977.962,0.9520279109125235,0.24006946109524724,0.05824576610050536,0.916,normal,trend,False,B
1774857600,67651.5,91670.784,0.9552741188313371,0.30599002173181045,0.045533847103838454,0.908,normal,trend,False,B
1774872000,67590.2,91916.917,0.9553235433660971,0.26093971544516603,0.05548027886880447,0.912,normal,trend,False,B
1774886400,66516.0,89761.11,0.7955069428390301,0.3264685514708088,0.03357636547757159,0.872,compressed,trend,False,B
1774900800,66764.4,89930.902,0.7720059392650745,0.34632104085016,0.04198606739678579,0.88,compressed,trend,False,B
1774915200,67670.8,90573.12,0.8312241572722835,0.2364562852998127,0.043540441035670785,0.88,compressed,trend,False,B
1774929600,67343.8,90707.356,0.838228879914761,0.2072023855034784,0.045340448416759216,0.88,compressed,rotation,False,A
1774944000,66652.4,91271.969,0.8759833945900767,0.19966964857709624,0.050677381050132864,0.884,normal,rotation,False,A
1774958400,66700.0,91546.44,0.8684196942980631,0.18369607613698377,0.056625401041290324,0.9,normal,rotation,False,A
1774972800,67803.0,89160.507,0.9449173824141219,0.05233397407609594,0.029435320990447877,0.84,normal,rotation,False,A
1774987200,68241.5,89211.04,0.9261343585729032,0.04041233149203944,0.02066624256291516,0.848,normal,rotation,False,A
1775001600,68134.0,90022.614,0.9260415166120427,0.043827460689391015,0.018758048005807826,0.864,normal,rotation,False,A
1775016000,68651.9,91250.872,0.9099113666241277,0.010835220960597655,0.024918697205889462,0.876,normal,rotation,False,A
1775030400,68669.9,91248.895,0.8974120539961021,0.16664590547846173,-0.005426079537230288,0.872,normal,rotation,False,A
1775044800,68877.0,90659.567,0.8911443113184857,0.23849078577789887,-0.03521703442391011,0.86,normal,rotation,False,A
1775059200,68143.8,89765.903,0.9407117629483439,0.17351227665893154,-0.0541363933296386,0.836,normal,rotation,False,A
1775073600,68086.5,89175.027,0.9328107214872287,0.14325401116221806,-0.06304883532986616,0.816,normal,rotation,False,A
1775088000,66538.4,88496.406,1.0966939594431475,0.025868760449008113,-0.07054161456061891,0.784,normal,rotation,False,A
1775102400,66887.9,88010.652,1.0944334303605316,0.027356936857714884,-0.0768207423006938,0.768,normal,rotation,False,A
1775116800,66180.6,88715.927,1.0397185933016466,0.0077659980279110976,-0.0694117685438157,0.788,normal,rotation,False,A
1775131200,66810.6,90568.571,1.051134921057184,0.012414950000361302,-0.04522645067437314,0.852,normal,rotation,False,A
1775145600,66943.2,90254.338,1.0465714846274465,0.00506734808783382,-0.05142660263468124,0.848,normal,rotation,False,A
1775160000,66868.5,90117.214,1.0417469324773454,0.03985840073488202,-0.03962299966426264,0.844,normal,rotation,False,A
1775174400,66550.0,90854.273,0.9748958054303006,0.02473514334535764,-0.041467974925559536,0.864,normal,rotation,False,A
1775188800,67008.8,90158.107,0.9847438309889993,0.028117551239996888,-0.05348527299350225,0.84,normal,rotation,False,A
1775203200,66983.4,90067.562,0.9271741364849531,0.01527880424126264,-0.05295759087760343,0.832,normal,rotation,False,A
1775217600,66806.1,90474.625,0.9225604836853617,0.023265712526697846,-0.05206362648652185,0.844,normal,rotation,False,A
1775232000,66857.0,90243.638,0.888898917497219,0.041204194107984676,-0.06028951496149548,0.836,normal,rotation,False,A
1775246400,66930.0,90274.826,0.8890845530420131,0.07462475996394606,-0.041888543791211985,0.84,normal,rotation,False,A
1775260800,66799.1,90394.98,0.7921653208074844,0.029051374973353018,-0.02239951996285605,0.84,compressed,rotation,False,A
1775275200,66982.0,90173.714,0.776984314073004,0.05359559292143516,-0.019616090210826775,0.824,compressed,rotation,False,A
1775289600,67128.9,90481.694,0.7802566215215242,0.04526399667405825,-0.012971308285091077,0.844,compressed,rotation,False,A
1775304000,67357.3,91722.577,0.759964761083334,0.019884398985715892,-0.002114300678731418,0.904,compressed,rotation,False,A
1775318400,67262.7,91894.954,0.7594173913253232,0.06956983536909166,0.023772477858172714,0.908,compressed,rotation,False,A
1775332800,67271.0,91401.134,0.7533817512285972,0.04827980558467605,0.016348462734200098,0.876,compressed,rotation,False,A
1775347200,67113.5,91325.024,0.7160518176429957,0.057193583809690314,0.008301624146325182,0.868,compressed,rotation,False,A
1775361600,66787.4,89844.194,0.7226515336324902,0.057106494786108145,-0.009515898578280613,0.772,compressed,rotation,False,A
1775376000,66972.7,89967.449,0.473121583752705,0.034675385131697524,-0.014292668540984432,0.784,compressed,rotation,False,A
1775390400,67272.2,89754.138,0.46869071010736907,0.0603014016229316,-0.019578063330480067,0.756,compressed,rotation,False,A
1775404800,67329.1,90197.091,0.38326549847550095,0.056130002724181796,0.011626044252978529,0.804,compressed,rotation,False,A
1775419200,68997.9,91032.318,0.6585146299192977,0.078195426539304,0.020415388050627037,0.848,compressed,rotation,False,A
1775433600,69092.4,92696.092,0.6599228061715315,0.09921119645555951,0.029697849031577794,0.92,compressed,rotation,False,A
1775448000,69089.7,94185.059,0.6589511406356952,0.0478731547293607,0.032155166692543924,0.948,compressed,rotation,False,A
1775462400,69583.6,94756.998,0.6528685264830814,0.0949703250215689,0.038445429941918796,0.952,compressed,rotation,False,A
1775476800,69922.5,94067.782,0.6491287202423378,0.10720108277707731,0.03759355038613865,0.94,compressed,rotation,False,A
1775491200,69704.8,94908.7,0.6621449057828698,0.1689906032130952,0.0572912077762977,0.964,compressed,rotation,False,A
1775505600,68817.9,91586.331,0.7490937853683713,0.07265466682560447,0.02704012637977682,0.872,compressed,rotation,False,A
1775520000,68746.3,91174.518,0.753233660566192,0.2570224555603431,0.030262381502814906,0.828,compressed,rotation,False,A
1775534400,68592.1,91061.633,0.76027528925419,0.20300178677784605,0.03466604246949556,0.82,compressed,rotation,False,A
1775548800,68310.8,91055.557,0.7694348391025042,0.2673108294641738,0.026372152995707276,0.816,compressed,rotation,False,A
1775563200,68138.4,89378.517,0.7753727670264057,0.1767713076124277,-0.01313981204362813,0.708,compressed,rotation,False,A
1775577600,68975.9,88718.965,0.8256821201865784,0.24739846402882032,-0.017011625524304463,0.664,compressed,rotation,False,A
1775592000,71890.2,87990.306,1.2888014395390415,0.45420996933763813,-0.023601572946984506,0.632,normal,trend,False,B
1775606400,71259.6,87926.664,1.3186188297949497,0.4142857142857148,-0.03222312945038919,0.628,expanded,trend,False,B
1775620800,71612.0,88621.673,1.317498903231546,0.40875186474390857,-0.01704155123842621,0.656,expanded,trend,False,B
1775635200,71650.2,89595.957,1.3117338069363236,0.41392890087277473,-0.00523612485480629,0.708,expanded,trend,False,B
1775649600,71274.8,92270.641,1.313289909578344,0.38951405534974964,0.01985104663324111,0.896,expanded,trend,False,B
1775664000,71283.0,91321.937,1.3155490247025747,0.3872333724124661,0.011948753661726208,0.836,expanded,trend,False,B
1775678400,71038.1,90969.614,1.3248123052109686,0.3540946585414217,0.007696364875851458,0.8,expanded,trend,False,B
1775692800,70961.2,91638.637,1.3274202885706792,0.36042675164751353,0.013758031696007977,0.868,expanded,trend,False,B
1775707200,70945.0,91387.618,1.2004488612058741,0.34821193216764784,0.013461838779314172,0.836,normal,trend,False,B
1775721600,71109.9,91446.933,1.200667871531842,0.3492411615053952,0.010667782148287452,0.848,normal,trend,False,B
1775736000,72108.0,92214.43,1.238630447449315,0.3904032476764156,0.005362398398379042,0.892,normal,trend,False,B
1775750400,72055.9,93223.737,1.233503647100009,0.3952763437845325,0.01445980374504563,0.916,normal,trend,False,B
1775764800,71750.4,92970.081,1.239238836989653,0.36056152100069194,0.017165509128147072,0.908,normal,trend,False,B
1775779200,71837.3,94330.296,1.233953552055987,0.3824072275111717,0.03290743181189848,0.944,normal,trend,False,B
1775793600,71461.2,93865.605,1.1910652369006958,0.3768342632308835,0.04475983167036923,0.924,normal,trend,False,B
1775808000,72092.7,93177.049,1.2002976418999702,0.398474589462215,0.0356751251221985,0.9,normal,trend,False,B
1775822400,72421.0,96925.763,1.1952145732917536,0.3998198450045817,0.07990300124101246,1.0,normal,trend,False,B
1775836800,73187.3,96567.606,1.1962061948838636,0.43115579368817697,0.07062882992534658,0.996,normal,trend,False,B
1775851200,72917.4,97122.91,1.2002898847999401,0.3215788912317546,0.0669058212930489,1.0,normal,trend,False,B
1775865600,72835.1,96554.577,1.1824033718697287,0.30738085265397047,0.04162510971875699,0.988,normal,trend,False,B
1775880000,72707.7,96818.104,0.6270335484481013,0.29412721123829305,0.027956079530618627,0.992,compressed,trend,False,B
1775894400,72868.2,96797.469,0.5789040210078571,0.27446228921904414,0.02153372355675498,0.988,compressed,trend,False,B
1775908800,72817.3,97567.221,0.5723028831017949,0.24785519804099532,0.03720124920134715,1.0,compressed,trend,False,B
1775923200,73635.9,98389.776,0.6276402406741396,0.32011432945449136,0.03667815490044646,1.0,compressed,trend,False,B
1775937600,73013.4,98723.908,0.655285898115048,0.34916235987316824,0.07793277579817004,1.0,compressed,trend,False,B
1775952000,71563.6,96136.479,0.844563462488331,0.21033888055188513,0.05442267322981631,0.964,compressed,rotation,False,A
1775966400,71628.1,95136.519,0.8421018392608369,0.2281951835482999,0.04474865940521844,0.928,compressed,rotation,False,A
1775980800,71435.0,94895.275,0.8478320611592293,0.23639170109411162,0.04216895845247537,0.912,compressed,rotation,False,A
1775995200,70856.2,92000.382,0.8761876226204458,0.19950670209798457,0.029334398108216364,0.82,normal,rotation,False,A
1776009600,71055.2,91622.357,0.8782420104970324,0.16014201985505383,0.03272571991794537,0.788,normal,rotation,False,A
1776024000,70711.1,90769.177,0.804165210176443,0.11322367220733766,0.0315815585412329,0.7,compressed,rotation,False,A
1776038400,70944.8,91335.243,0.8123405211459266,0.031426574822801576,0.03876615857960908,0.748,compressed,rotation,False,A
1776052800,70780.0,91647.383,0.8091558995952638,0.08464402710236642,0.03414187407633351,0.792,compressed,rotation,False,A
1776067200,70883.9,92246.719,0.8126928719238674,0.0774423704661907,0.029585732311559587,0.824,compressed,rotation,False,A
1776081600,71823.6,93585.907,0.8779343751629384,0.05246954892250057,0.014254436576418783,0.868,normal,rotation,False,A
1776096000,73272.2,92595.989,0.9930237117090267,0.167162473318879,0.013951215248533266,0.828,normal,rotation,False,A
1776110400,74385.0,93640.862,1.054649125450792,0.26213805148930436,0.029364178680586495,0.868,normal,rotation,False,A
1776124800,74408.8,94310.898,1.0254298366756502,0.27115284790713073,0.029160854935020408,0.892,normal,rotation,False,A
1776139200,74513.4,94854.512,1.0182394998620166,0.2787159259548539,0.037936145791654274,0.904,normal,rotation,False,A
1776153600,74342.4,95749.538,1.020415076954265,0.25235965056092924,0.0470502930918415,0.956,normal,rotation,False,A
1776168000,75268.1,100679.238,1.05712652428422,0.2481097929605002,0.09179483080901774,1.0,normal,rotation,False,A
1776182400,74176.4,100356.38,1.136162971184978,0.15392376762991494,0.07651101778938574,0.996,normal,rotation,False,A
1776196800,74106.9,99505.18,1.1364081782428657,0.17403602578967947,0.0702924954964812,0.992,normal,rotation,False,A
1776211200,74296.8,98906.419,1.1036334540092247,0.1802716351615809,0.048511699783068574,0.988,normal,rotation,False,A
1776225600,73705.1,98145.898,1.1009588436111237,0.16191039692904974,0.04560022811337561,0.976,normal,rotation,False,A
1776240000,74155.1,97464.629,0.9631504843597665,0.15078889262579198,0.04601540879449839,0.968,normal,rotation,False,A
1776254400,73797.5,97485.735,0.9807743904387369,0.1004253394325402,0.005777328778933555,0.968,normal,rotation,False,A
1776268800,74957.8,97153.516,1.0375074480823063,0.12556114235463478,0.006067355547780817,0.96,normal,rotation,False,A
1776283200,74776.2,98123.821,1.0071102840991681,0.13265393508606677,0.010305611724360286,0.972,normal,rotation,False,A
1776297600,74851.9,98806.48,1.0080246116263694,0.14399748675548601,0.023322591947142923,0.984,normal,rotation,False,A
1776312000,74667.7,99679.288,0.9980483325237676,0.13937678665396153,0.02955215896398866,0.992,normal,rotation,False,A
1776326400,74528.4,99140.647,1.0047862742888998,0.11823607332602135,0.02420701723099805,0.984,normal,rotation,False,A
1776340800,74659.5,97582.206,0.9969223967201538,0.13045263992748657,0.00015358641812701634,0.956,normal,rotation,False,A
1776355200,75309.4,97861.028,1.008016184877853,0.11993922410394951,-0.0053740136576792,0.956,normal,rotation,False,A
1776369600,75106.8,97935.155,0.9799150490572147,0.15468853912657995,-0.007989483155387167,0.956,normal,rotation,False,A
1776384000,74582.8,97464.203,0.8810241607295778,0.23948220064724846,0.013810824088949403,0.932,normal,rotation,False,A
1776398400,75047.4,98304.834,0.8079707417759638,0.26287546224043296,0.033302826646411265,0.964,compressed,rotation,False,A
1776412800,75542.2,99076.936,0.8237928621992529,0.30860320084153525,0.04406606124488288,0.98,compressed,rotation,False,A
1776427200,77736.2,109167.145,1.0935416859853717,0.46099623430401593,0.18659447522728767,1.0,normal,trend,False,B
1776441600,77348.8,107774.417,1.103329382725509,0.4164472029961756,0.17628950540968935,0.996,normal,trend,False,B
1776456000,77030.6,106820.799,1.0762608173858506,0.4188788800731767,0.17684000814505563,0.992,normal,trend,False,B
1776470400,76964.3,106442.514,0.9913600241183415,0.40347067221652444,0.16540461823701502,0.988,normal,trend,False,B
1776484800,76951.0,105914.86,0.9915966942302118,0.4178686060212078,0.15567795318279853,0.984,normal,trend,False,B
1776499200,76002.0,102669.136,1.0576811900933025,0.3278122578124498,0.11298414852023075,0.98,normal,trend,False,B
1776513600,76124.8,101308.974,1.026497473751995,0.29070018924033475,0.08252382487461496,0.976,normal,trend,False,B
1776528000,75604.2,98888.101,1.0401201820575112,0.16815690798961602,0.06795231702746851,0.944,normal,rotation,False,A
1776542400,75653.8,98258.18,1.0275314256638701,0.09908784205922777,0.04930879427402113,0.924,normal,rotation,False,A
1776556800,75473.0,97624.765,0.9538101868981999,0.08210279436497975,0.035137688965701575,0.904,normal,rotation,False,A
1776571200,75205.6,97147.385,0.9565230634391081,0.05274065495329456,0.024172524339168833,0.876,normal,rotation,False,A
1776585600,75557.4,97521.643,0.9630706144497374,0.09131630766455709,0.018507713321812558,0.892,normal,rotation,False,A
1776600000,75807.6,97571.261,0.9622656778494397,0.042716094347540284,-0.03087008862740892,0.896,normal,rotation,False,A
1776614400,74917.9,97110.161,1.0138691657696453,0.059664142775529144,-0.03234691207474816,0.86,normal,rotation,False,A
1776628800,73758.4,95686.18,1.0915578260782606,0.02578063160698033,-0.03837991147797537,0.824,normal,rotation,False,A
1776643200,74593.9,95284.802,1.108878670085392,0.02097645356020694,-0.03661660220455454,0.808,normal,rotation,False,A
1776657600,74795.5,95155.349,1.1100500961411395,0.07916709018833348,-0.030470443094830046,0.792,normal,rotation,False,A
1776672000,75148.7,94742.025,1.100947286995009,0.07264963514323661,-0.027934277572636224,0.748,normal,rotation,False,A
1776686400,75668.1,95321.816,1.1034992321540842,0.13517458665741724,-0.02219728865972026,0.808,normal,rotation,False,A
1776700800,76252.5,94739.421,1.1082409832394613,0.09762111215834086,-0.024848251503321817,0.74,normal,rotation,False,A
1776715200,75790.1,93249.055,0.8138682255153218,0.074863585684435,-0.049679740865370525,0.688,compressed,rotation,False,A
1776729600,75669.1,93478.518,0.808253387544788,0.060138645629425495,-0.05392320422709118,0.696,compressed,rotation,False,A
1776744000,76050.0,94182.039,0.819499867529963,0.10027347972115243,-0.05514936061742326,0.72,compressed,rotation,False,A
1776758400,76408.3,95884.29,0.8322337442388277,0.13423734138800286,-0.03284583163956967,0.828,compressed,rotation,False,A
1776772800,75799.9,97725.614,0.8571115464715298,0.0787482046182738,0.0014696121954855812,0.904,normal,rotation,False,A
1776787200,74988.6,95725.543,0.8434167103848406,0.021908078945570467,-0.021821608086929123,0.816,compressed,rotation,False,A
1776801600,76288.2,94833.36,0.96303388897974,0.07505717916137193,-0.031671926184218546,0.74,normal,rotation,False,A
1776816000,77488.3,98591.667,1.022582416993232,0.1769908809035032,0.01156798050254415,0.932,normal,rotation,False,A
1776830400,77979.8,99806.906,1.0308812905625218,0.17833728638326377,0.015279736904901364,0.964,normal,rotation,False,A
1776844800,78263.2,100763.826,1.0265287077510812,0.16763596934374916,0.017026061443805585,0.972,normal,rotation,False,A
1776859200,79234.3,105959.312,1.05020008759483,0.09981544037791446,-0.029384601017091727,0.984,normal,rotation,False,A
1776873600,78791.3,104316.773,1.069629583664478,0.09575619179118833,-0.032082233393106674,0.976,normal,rotation,False,A
1776888000,78139.8,103864.451,1.1023071800980278,0.07203720060269105,-0.027675771269975225,0.972,normal,rotation,False,A
1776902400,77704.3,102403.954,1.0599635488541137,0.04693406398254555,-0.037941230888251964,0.964,normal,rotation,False,A
1776916800,78009.1,101898.95,0.9488214308149352,0.06589115908906949,-0.03791639813336867,0.96,normal,rotation,False,A
1776931200,77649.9,97557.997,0.9388910379631558,0.10653263083039669,-0.04978262405948364,0.852,normal,rotation,False,A
1776945600,78329.2,98355.649,0.9559381434533624,0.1375600624024955,-0.029151662319667704,0.896,normal,rotation,False,A
1776960000,77670.5,98666.328,0.9941639273666413,0.12784057513719524,-0.00224266618286062,0.904,normal,rotation,False,A
1776974400,78216.8,99154.672,0.9967990310209622,0.15384338347399112,0.00912384088530871,0.928,normal,rotation,False,A
1776988800,77690.1,98007.78,1.00539370229383,0.1303739334458449,0.003923338509444818,0.868,normal,rotation,False,A
1777003200,77620.5,97353.673,0.9883327059802354,0.14367648546219283,0.0021234539663625984,0.816,normal,rotation,False,A
1777017600,78194.8,96328.705,0.99941833190705,0.15486424276587765,-0.012232546164137048,0.776,normal,rotation,False,A
1777032000,78007.3,96809.379,1.0000660300967918,0.1296404344725563,-0.007808467290383758,0.788,normal,rotation,False,A
1777046400,77596.1,96841.702,1.0072902029449555,0.16242146374596764,-0.002764478992059227,0.792,normal,rotation,False,A
1777060800,77395.4,96174.389,0.9830828592766746,0.23418585483954016,0.005102189260768997,0.764,normal,rotation,False,A
1777075200,77629.0,96135.514,0.9285765938456833,0.2033091067421375,0.008928097473508867,0.756,normal,rotation,False,A
1777089600,77449.9,96226.936,0.8298374055927974,0.1780759425734596,0.011261447845669625,0.764,compressed,rotation,False,A
1777104000,77638.7,96179.137,0.7250987451433566,0.1689097519943557,0.015168685702042106,0.76,compressed,rotation,False,A
1777118400,77289.3,95807.143,0.7133999506200811,0.11125751461747474,0.005091457762407714,0.736,compressed,rotation,False,A
1777132800,77285.6,96267.804,0.7047273286777824,0.07384085369776099,0.01613249251333304,0.764,compressed,rotation,False,A
1777147200,77585.0,95899.434,0.622737803387774,0.12980279001149786,0.02842258294199329,0.736,compressed,rotation,False,A
1777161600,77349.3,95692.988,0.6127772922670853,0.12050837003141412,0.023689613906801466,0.716,compressed,rotation,False,A
1777176000,78061.5,95833.247,0.6313168920835402,0.14092154211532915,0.017532090168487446,0.728,compressed,rotation,False,A
1777190400,78050.0,96075.542,0.6127327170464315,0.11787809378836905,0.0019946124646696983,0.74,compressed,rotation,False,A
1777204800,78007.9,95843.081,0.6044316391796265,0.16525956529549107,-0.019263455331168355,0.724,compressed,rotation,False,A
1777219200,78183.1,96239.385,0.5932582805317391,0.25104717596485493,0.005367867174177254,0.76,compressed,rotation,False,A
1777233600,78613.5,96210.374,0.5659352996311852,0.196136814136898,0.014520354440673566,0.752,compressed,rotation,False,A
1777248000,79065.1,97945.892,0.5307323578547661,0.14196452687494343,-0.0065499957516692575,0.864,compressed,rotation,False,A
1777262400,77556.7,96636.907,0.7224795728221639,0.03489801136597993,-0.031761319201699334,0.772,compressed,rotation,False,A
1777276800,77804.3,97267.14,0.7063697961105414,0.03796295530314869,-0.03470179863952372,0.808,compressed,rotation,False,A
1777291200,76760.0,96572.162,0.7907617436145478,0.20345686727570164,-0.08859202483307937,0.764,compressed,rotation,False,A
1777305600,76844.4,97194.128,0.7620049390797706,0.16495378176180023,-0.06827900054001868,0.804,compressed,rotation,False,A
1777320000,77331.2,97557.445,0.7831803718058361,0.06947929197456623,-0.060723432697872726,0.828,compressed,rotation,False,A
1777334400,76770.6,97982.941,0.7937021553440466,0.0793753347331905,-0.04317228805442408,0.864,compressed,rotation,False,A
1777348800,76828.4,98623.999,0.7922854333575239,0.10252602877710405,-0.03213920261199943,0.896,compressed,rotation,False,A
1777363200,76198.8,98930.734,0.8120272093563092,0.12311542866839091,0.01407098384769001,0.916,compressed,rotation,False,A
1777377600,76027.8,98299.146,0.8119517149016517,0.20405738504371193,-0.0005744764085692244,0.872,compressed,rotation,False,A
1777392000,76293.6,97751.222,0.8155537739909932,0.12649169062864524,-0.009274754807942154,0.836,compressed,rotation,False,A
1777406400,76298.1,97636.108,0.809624815606643,0.18549813892782852,-0.01531510285264226,0.828,compressed,rotation,False,A
1777420800,76955.7,97820.223,0.8448587571182593,0.07011380126785383,-0.0019136950148243015,0.836,compressed,rotation,False,A
1777435200,77003.8,98083.797,0.8396521858710639,0.058997981421423394,0.007499706765044412,0.856,compressed,rotation,False,A
1777449600,77552.5,99232.218,0.8583327926309151,0.061597920842404334,0.03014172151489003,0.928,normal,rotation,False,A
1777464000,75889.1,97513.235,0.9936687999300723,0.1779521473217284,0.007270535223658392,0.784,normal,rotation,False,A
1777478400,75518.5,95155.054,0.9973422103727612,0.1751386711176306,-0.01741654643781454,0.588,normal,rotation,False,A
1777492800,75749.9,95494.339,1.0046690770968192,0.1383552083946425,-0.007071009309973286,0.624,normal,rotation,False,A
1777507200,75882.1,95207.301,1.003161426068492,0.14814406499376648,-0.009655256017042646,0.592,normal,rotation,False,A
1777521600,76129.9,95052.58,0.9936002824798957,0.11129285196364455,-0.012204025700246701,0.564,normal,rotation,False,A
1777536000,76032.9,95525.763,0.9732283283250127,0.13644551696009843,-0.006793302792891476,0.624,normal,rotation,False,A
1777550400,76423.0,96097.383,0.8635030260968367,0.07335619628265413,0.0030294192156423705,0.668,normal,rotation,False,A
1777564800,76366.7,95741.415,0.8571748902084331,0.07746520430615232,-0.005467965177641476,0.632,normal,rotation,False,A
1777579200,76305.4,95321.485,0.7837752565373987,0.11008258774948433,-0.006026615339564945,0.592,compressed,rotation,False,A
1777593600,77082.6,95820.371,0.8298944526399752,0.021922650117134256,0.001331163365909438,0.64,compressed,rotation,False,A
1777608000,77100.0,96871.024,0.8129669714709903,0.08382226019336213,0.010828987146809244,0.736,compressed,rotation,False,A
1777622400,77429.5,98744.746,0.7962084765894281,0.05263515061033018,0.027782346520615953,0.896,compressed,rotation,False,A
1777636800,78395.4,104419.789,0.8565075810731044,0.03048180924287119,0.08948698132940858,0.976,normal,rotation,False,A
1777651200,78316.9,104910.275,0.8217492304135009,0.010605748347309603,0.09009710525477699,0.976,compressed,rotation,False,A
1777665600,78192.0,103863.146,0.8212747600435459,0.034239620480410744,0.07954206684613863,0.96,compressed,rotation,False,A
1777680000,78377.7,104081.507,0.819723527427864,0.057072166317957716,0.06264290287947949,0.964,compressed,rotation,False,A
1777694400,78181.6,102514.363,0.8254420810167602,0.05822718759609125,0.060819992924649346,0.948,compressed,rotation,False,A
1777708800,78105.7,102136.627,0.8011562434328175,0.028540585583878942,0.05006302231154325,0.94,compressed,rotation,False,A
1777723200,78449.8,102065.241,0.8069043262451059,0.17137583416157973,0.05688056357276117,0.936,compressed,rotation,False,A
1777737600,78443.8,102000.397,0.7887246659336691,0.16350773886196948,0.04945019929599037,0.932,compressed,rotation,False,A
1777752000,78652.9,102087.178,0.49105898258730857,0.1390662977030968,0.04643144354590256,0.936,compressed,rotation,False,A
1777766400,78162.4,102863.493,0.5057035816496683,0.1475302098791597,0.0498102215568319,0.952,compressed,rotation,False,A
1777780800,78316.6,102983.018,0.5044070786540326,0.1561529421640238,0.04419835987384779,0.952,compressed,rotation,False,A
1777795200,78620.5,103085.778,0.5077603073568268,0.26309385422664483,0.04199952665872275,0.952,compressed,rotation,False,A
1777809600,78625.2,103572.721,0.5079104299188185,0.2873738714816777,0.05364822803241864,0.952,compressed,rotation,False,A
1777824000,78729.1,103505.014,0.5016834741676094,0.2743761617754746,0.058861586405538846,0.948,compressed,rotation,False,A
1777838400,78529.0,103387.583,0.5046308378228751,0.24590778320344714,0.05890725386145057,0.944,compressed,rotation,False,A
1777852800,80278.7,108199.505,0.7398551294472889,0.32693178016961455,0.10610568736896053,0.996,compressed,rotation,False,A
1777867200,79663.5,108047.882,0.7849778814366036,0.24784508866586494,0.10158747218972364,0.992,compressed,rotation,False,A
1777881600,78753.5,101170.858,0.8315984822250525,0.10827037845049847,0.019536396939147327,0.884,compressed,rotation,False,A
1777896000,79976.7,107327.793,0.9156581568247427,0.3837257331681112,0.10064847094858465,0.984,normal,trend,False,B
1777910400,80018.4,109085.138,0.91444566007209,0.4358889911367263,0.1463935273474808,0.996,normal,trend,False,B
1777924800,79826.1,108669.789,0.8690037902881425,0.39634786667185384,0.1379710057996213,0.992,normal,trend,False,B
1777939200,80836.9,111450.864,0.9213427288604872,0.4438591776404194,0.17061257728543322,1.0,normal,trend,False,B
1777953600,80815.8,111108.471,0.9191837405895517,0.4284721523732908,0.16891588844826733,0.996,normal,trend,False,B
1777968000,80973.0,113642.31,0.9206441720299552,0.449242940935754,0.189650900773229,1.0,normal,trend,False,B
1777982400,81488.7,115095.627,0.9230977286857489,0.45546254754048376,0.19769782908656297,1.0,normal,trend,False,B
1777996800,81554.4,113870.34,0.9204019994389082,0.466037820599202,0.18935300883113126,0.996,normal,trend,False,B
1778011200,80861.9,113248.5,0.9625630726758478,0.387368546337152,0.18806898570663266,0.988,normal,trend,False,B
1778025600,81535.9,114095.692,0.9809730991259002,0.38194605257515424,0.19072479900959682,0.996,normal,trend,False,B
1778040000,81333.3,113847.595,0.9890216482978759,0.3574003562774933,0.17524921590588316,0.988,normal,trend,False,B
1778054400,82485.4,110650.502,1.0156623923801544,0.3991300434978268,0.12057103271094549,0.968,normal,trend,False,B
1778068800,81656.4,107721.433,1.0726304675876968,0.2602470791036213,0.031618949162979026,0.94,normal,trend,False,B
1778083200,81416.5,107090.451,1.079651351078586,0.24422067791802762,0.02078133910143709,0.932,normal,trend,False,B
1778097600,81390.1,106375.938,1.0801590385108824,0.2539524985508186,0.024193297591813767,0.92,normal,trend,False,B
1778112000,80797.3,107149.953,1.1073076910798727,0.18611735023537873,0.029481183434440394,0.932,normal,rotation,False,A
1778126400,81480.1,107059.845,1.1175709951419859,0.24456703071824282,0.044339952636685664,0.924,normal,rotation,False,A
1778140800,80827.9,105511.235,0.9896247442424463,0.19356627842484794,0.03304013554314866,0.9,normal,rotation,False,A
1778155200,79861.6,104614.545,1.0228632291089181,0.09613498937734988,0.024977200612302575,0.892,normal,rotation,False,A
1778169600,80103.1,103996.997,0.9715775975524199,0.11120493797374258,0.019574433617155496,0.876,normal,rotation,False,A
1778184000,79969.4,103895.914,0.8809169341437548,0.0886788767117754,0.01771756292450366,0.872,normal,rotation,False,A
1778198400,79540.0,103531.524,0.8963212877988316,0.09317803660565796,0.006494344888715808,0.856,normal,rotation,False,A
1778212800,79635.0,103193.055,0.898795107431378,0.08953237263503877,0.0020395304398632685,0.844,normal,rotation,False,A
1778227200,80181.9,103145.322,0.847710379235289,0.1043130862350018,0.0005776160509745054,0.84,compressed,rotation,False,A
1778241600,80119.1,101859.954,0.8484627612552743,0.09941769540478594,-0.01653685433252261,0.792,compressed,rotation,False,A
1778256000,80147.7,101139.531,0.8480669883638876,0.09488201615923804,-0.022853801072863944,0.78,compressed,rotation,False,A
1778270400,80155.2,100839.967,0.8273835658344836,0.11018660306533191,-0.02464141172542933,0.776,compressed,rotation,False,A
1778284800,80340.6,101210.072,0.83162667974179,0.00469141977975407,-0.06459764302988269,0.784,compressed,rotation,False,A
1778299200,80181.7,100969.787,0.8027329860747798,0.040681425655518924,-0.06550887318642673,0.772,compressed,rotation,False,A
1778313600,80310.4,100795.22,0.769680320994727,0.13021151321016702,-0.003712907129837628,0.764,compressed,rotation,False,A
1778328000,80488.3,100390.855,0.7764768391063964,0.04688674230621266,-0.06463319337983597,0.752,compressed,rotation,False,A
1778342400,80896.9,100406.091,0.6740108495585198,0.07789294485871145,-0.07956213980313254,0.752,compressed,rotation,False,A
1778356800,80634.0,100223.775,0.6276436569095888,0.07118751597071071,-0.07772182202359856,0.74,compressed,rotation,False,A
1778371200,80735.1,100000.117,0.6301638595815185,0.009751705111501726,-0.1027425592680915,0.736,compressed,rotation,False,A
1778385600,80695.9,99947.881,0.6323809030185992,0.01146567469614614,-0.10044769673772225,0.732,compressed,rotation,False,A
1778400000,80782.1,99294.673,0.6002513071979894,0.01837998132154804,-0.12625259905399677,0.716,compressed,rotation,False,A
1778414400,81381.4,99643.768,0.5927079357839302,0.010248426441513588,-0.13425235521763135,0.72,compressed,rotation,False,A
1778428800,81398.0,100532.689,0.5441847349229912,0.01500844464916267,-0.11713015874019517,0.752,compressed,rotation,False,A
1778443200,82177.7,100467.833,0.4658742110854498,0.12521888085268412,-0.11285506651302224,0.748,compressed,rotation,False,A
1778457600,80693.4,96348.524,0.7310434219667161,0.07443697375047498,-0.15554634613198182,0.468,compressed,rotation,False,A
1778472000,80708.9,96170.684,0.7320449607631514,0.056094580997557215,-0.15526819868263364,0.436,compressed,rotation,False,A
1778486400,81167.1,96597.61,0.7240446545561756,0.12630661186322,-0.12700251463838808,0.48,compressed,rotation,False,A
1778500800,81403.4,98032.671,0.7261187607879532,0.025699368181541133,-0.08994275076158709,0.616,compressed,rotation,False,A
1778515200,81917.1,100313.112,0.7235077789324416,0.049474225173941004,-0.06328611875955226,0.732,compressed,rotation,False,A
1778529600,81699.1,100523.835,0.7300061665194233,0.029970902036857334,-0.05501340914145447,0.748,compressed,rotation,False,A
1778544000,81028.3,101333.224,0.7778232256045522,0.02223719676549859,-0.05428587542170915,0.788,compressed,rotation,False,A
1778558400,80809.2,101554.5,0.7837634669229864,0.06760174521124981,-0.051423061559635164,0.788,compressed,rotation,False,A
1778572800,80742.7,101286.922,0.7831409380007059,0.00912342321118764,-0.04003661790140167,0.776,compressed,rotation,False,A
1778587200,80301.6,104281.894,0.7993194362182396,0.04992397939501201,-0.0031797777259366944,0.88,compressed,rotation,False,A
1778601600,80799.5,106027.224,0.820131259109957,0.07678228847383546,0.0195219771586288,0.908,compressed,rotation,False,A
1778616000,80461.0,105487.718,0.8340007676698769,0.053004981346905046,0.015321141503216174,0.892,compressed,rotation,False,A
1778630400,81217.1,105581.75,0.8719303944312251,0.17467426286023796,0.01980291529370315,0.896,normal,rotation,False,A
1778644800,80981.9,105520.771,0.8734514068452365,0.13826412770107172,0.022556905597959087,0.892,normal,rotation,False,A
1778659200,80460.1,104730.448,0.8993636768594568,0.028632003622742062,0.0153678903634622,0.876,normal,rotation,False,A
1778673600,78794.7,103790.938,1.0915778453545661,0.11700680272108875,0.018957243982262062,0.836,normal,rotation,False,A
1778688000,79604.8,104352.245,1.1422664016603314,0.0448659146316261,0.031765166085256924,0.864,normal,rotation,False,A
1778702400,79288.3,104289.039,1.1166383705352139,0.0698577702566574,0.034203422537811834,0.856,normal,rotation,False,A
1778716800,79005.3,104077.385,1.1175509522008216,0.10676335841242156,0.028330312817087977,0.844,normal,rotation,False,A
1778731200,79699.9,103912.659,1.1105788653555544,0.03693992087588568,0.029146065248211395,0.836,normal,rotation,False,A
1778745600,79216.6,104051.295,0.9962337319722409,0.08164270679385452,0.032303863218910545,0.84,normal,rotation,False,A
1778760000,81245.5,107391.037,1.2683313254814201,0.049657669001337626,0.06972927962412512,0.936,normal,rotation,False,A
1778774400,81373.7,110703.962,1.2580106980632142,0.031854623196151954,0.1025622140792235,0.968,normal,rotation,False,A
1778788800,81048.9,110453.254,1.2605961160693773,0.027604974084990155,0.1020663909336883,0.96,normal,rotation,False,A
1778803200,81022.7,109897.372,1.2438491169631165,0.019231026412570445,0.09897243420225199,0.956,normal,rotation,False,A
1778817600,80782.8,107931.184,1.244362834099747,0.005733816319933012,0.07987465987397968,0.932,normal,rotation,False,A
1778832000,80582.1,107790.243,1.2226265464086377,0.013097405403989485,0.08555917194067408,0.928,normal,rotation,False,A
1778846400,79118.0,102410.412,1.335990686456058,0.14027889680818062,0.027765349058257227,0.744,expanded,rotation,True,C
1778860800,79104.2,102049.115,1.33137573176216,0.14218767434075968,0.015083909672405138,0.724,expanded,rotation,True,C
1778875200,79074.0,101876.166,1.3171773500974688,0.2017656198196674,0.014017750338060964,0.712,expanded,rotation,True,C
1778889600,79041.7,101966.071,1.2952796375582345,0.11856547050758379,0.05830444273334168,0.716,normal,rotation,True,C
1778904000,78334.3,101105.203,1.3054117383478376,0.16239246098505003,0.05131001251899181,0.672,expanded,rotation,True,C
1778918400,78042.5,101093.942,1.2549732961656141,0.21614255475159513,0.04654703154663964,0.668,normal,rotation,True,C
1778932800,78194.1,101926.124,1.2564776026694513,0.2233100233100225,0.03971587186479897,0.712,normal,rotation,True,C
1778947200,78223.8,101904.894,1.2479836940776576,0.26594419441944245,0.015868134965247638,0.708,normal,rotation,True,C
1778961600,78104.2,101882.113,1.0954952068469594,0.2607059198932498,0.013511999417849418,0.7,normal,rotation,False,A
1778976000,77990.2,102523.605,1.045615922335293,0.22959727333872482,0.011747193595656125,0.748,normal,rotation,False,A
1778990400,78137.2,102407.017,1.0443750200614865,0.20303642801781155,0.00839467478053657,0.736,normal,rotation,False,A
1779004800,78371.5,102094.853,1.045618737523728,0.17791116446578628,0.007976656650697578,0.724,normal,rotation,False,A
1779019200,78006.9,102474.711,1.012009039105176,0.17316530204127922,-0.017329786894741295,0.74,normal,rotation,False,A
1779033600,78369.0,102495.254,1.0078147885748443,0.18531225935329398,-0.033311916192392266,0.74,normal,rotation,False,A
1779048000,77430.4,100857.205,0.6984615471364387,0.22095685268084997,-0.04389622875337951,0.628,compressed,rotation,False,A
1779062400,76900.0,101419.403,0.6988038328434121,0.3200198664205606,-0.039422977929424285,0.664,compressed,rotation,False,A
1779076800,77039.4,102229.304,0.7102436473281859,0.29434162292915667,-0.031192598090474477,0.72,compressed,rotation,False,A
1779091200,77255.0,102322.536,0.7242728897234687,0.24488657635562108,-0.022991518187719495,0.72,compressed,rotation,False,A
1779105600,76393.5,106052.632,0.7677617468336165,0.19547060451637044,0.021790861934401384,0.884,compressed,rotation,False,A
1779120000,76898.5,104675.722,0.814045440180913,0.22591847467672904,0.0030998566441957642,0.844,compressed,rotation,False,A
1779134400,76963.2,104457.75,0.657200818941744,0.1982638800064813,0.0016177251379216884,0.836,compressed,rotation,False,A
1779148800,76749.9,104783.083,0.6573017466361164,0.19347035410376154,0.0067805124043038845,0.848,compressed,rotation,False,A
1779163200,77200.4,104552.677,0.6903591124850589,0.21899504972182066,0.006159191826666577,0.832,compressed,rotation,False,A
1779177600,76677.1,104627.506,0.708296605247627,0.2217226175404898,0.005537759044709656,0.836,compressed,rotation,False,A
1779192000,76487.9,106052.276,0.6754992825685757,0.49487195489816693,-0.012466226580901685,0.88,compressed,trend,False,B
1779206400,76780.0,104077.554,0.6867349270341605,0.46981396442926093,-0.05985700855042564,0.792,compressed,trend,False,B
1779220800,76799.9,103834.763,0.682672631084898,0.44854741998141967,-0.059921195259670657,0.76,compressed,trend,False,B
1779235200,76689.6,103089.995,0.6819413141211476,0.45340016114011733,-0.06194303718199934,0.728,compressed,trend,False,B
1779249600,77249.9,102749.439,0.7227022234618453,0.3576787178682441,-0.048009711447249526,0.712,compressed,trend,False,B
1779264000,77351.2,103157.945,0.7248679457669126,0.33042882418515285,-0.04297511417615041,0.732,compressed,trend,False,B
1779278400,77423.0,102381.3,0.7235109310507203,0.20213222667429867,-0.0002842679707215634,0.672,compressed,rotation,False,A
1779292800,77630.6,102114.296,0.7241183411720674,0.17176026295545024,0.0006387218546677342,0.656,compressed,rotation,False,A
1779307200,77510.3,101589.855,0.718752430217338,0.1803679566295628,-0.0028103825579772757,0.604,compressed,rotation,False,A
1779321600,78039.1,101962.868,0.7394635836520883,0.10938250054549309,-3.141240972204251e-05,0.628,compressed,rotation,False,A
1779336000,77846.2,101415.1,0.6489475703832269,0.056417962203086654,0.003065094483812203,0.588,compressed,rotation,False,A
1779350400,77157.4,101214.598,0.6766190353328094,0.09781731778747892,0.0011935037610859567,0.572,compressed,rotation,False,A
1779364800,77224.3,101673.749,0.6810071192966838,0.10819072268457568,-0.002476058051613883,0.6,compressed,rotation,False,A
1779379200,77657.1,100779.308,0.6991945423183891,0.060500272235210664,-0.011045455775656854,0.528,compressed,rotation,False,A
1779393600,77586.2,100695.676,0.5994018933858006,0.05559013543388184,-0.011645194284496174,0.52,compressed,rotation,False,A
1779408000,77740.0,100901.988,0.5728675022379172,0.02673648215430604,-0.015817011116610602,0.54,compressed,rotation,False,A
1779422400,77366.9,100664.333,0.597465010690582,0.080372700618733,-0.017017232325007625,0.508,compressed,rotation,False,A
1779436800,77394.8,100841.76,0.5918262854896149,0.10415133774806097,-0.012273811687647074,0.532,compressed,rotation,False,A
1779451200,76756.5,104419.834,0.6221590160821188,0.1295563337961319,0.018981492907064634,0.816,compressed,rotation,False,A
1779465600,75827.1,104794.295,0.6958509105275953,0.2487498409778136,0.022430706889120966,0.844,compressed,rotation,False,A
1779480000,75513.1,104873.642,0.7022840770527796,0.19984156929779567,0.03982300520820514,0.844,compressed,rotation,False,A
1779494400,75599.1,105518.06,0.6902075226244273,0.14217952501174774,0.04041294741204493,0.856,compressed,rotation,False,A
1779508800,74573.1,104156.792,0.7936698525478147,0.24573797116466994,0.01885455465880903,0.78,compressed,rotation,False,A
1779523200,74763.3,105150.083,0.8031698370859479,0.24889870041654474,0.027633668110024212,0.844,compressed,rotation,False,A
1779537600,75486.9,104333.19,0.8306814273340117,0.09182619264661229,-0.01621310068004722,0.788,compressed,rotation,False,A
1779552000,75949.5,104391.768,0.8580430602728745,0.09653530811954475,-0.0027127016138469573,0.792,normal,rotation,False,A
1779566400,76715.2,102942.268,0.922041447048114,0.023548178814235175,-0.014508085805026494,0.68,normal,rotation,False,A
1779580800,76702.8,102624.441,0.920494366948078,0.004559226383496874,-0.020601054466015234,0.664,normal,rotation,False,A
1779595200,76771.3,102386.146,0.9255377901902904,0.043131263381144286,-0.020721908440469727,0.632,normal,rotation,False,A
1779609600,77289.5,101410.716,0.9271923607202093,0.06158735266905266,-0.030745165616391512,0.536,normal,rotation,False,A
1779624000,76343.7,100645.04,0.9964681483170339,0.013476383618997471,-0.05098651536719501,0.452,normal,rotation,False,A
1779638400,76738.5,100097.753,0.9800097197932262,0.003841561062307335,-0.038238802191681076,0.416,normal,rotation,False,A
1779652800,77030.3,99127.243,0.9876858640649019,0.02080398743092499,-0.0453366470340959,0.372,normal,rotation,False,A
1779667200,76989.0,99349.059,0.9697925040608961,0.027203837976339105,-0.03628806073761093,0.388,normal,rotation,False,A
1779681600,77377.0,100097.255,0.9865493892093223,0.011732127198043582,-0.025812150662934408,0.412,normal,rotation,False,A
1779696000,77318.2,99532.938,0.9859657433630286,0.0030581039755351517,-0.03514035685763239,0.388,normal,rotation,False,A
1779710400,77587.2,99501.878,0.9852998579191209,0.014943302815747463,-0.028124491484284753,0.38,normal,rotation,False,A
1779724800,77403.3,99753.077,0.9916660132082626,0.020730539468284192,-0.02312329509670219,0.396,normal,rotation,False,A
1779739200,77281.5,99829.525,0.9552304981851869,0.02086449024256812,-0.017327812900215345,0.4,normal,rotation,False,A
1779753600,76629.0,99838.09,0.9121440298127587,0.12715402580773155,-0.020838742982396408,0.4,normal,rotation,False,A
1779768000,76685.1,99060.502,0.9003742025821331,0.10600845438194334,-0.02321743014600397,0.34,normal,rotation,False,A
1779782400,77153.9,98467.924,0.9166560552151783,0.0003261001220546164,-0.027137132926220775,0.308,normal,rotation,False,A
1779796800,76478.2,99389.383,0.8456286408805087,0.06578378902633689,-0.022467608625309943,0.376,compressed,rotation,False,A
1779811200,76028.3,98932.875,0.875326223146016,0.14339542909462288,-0.018321548705216406,0.34,normal,rotation,False,A
1779825600,75905.5,99126.361,0.827936107036702,0.1472915772038523,-0.01558473076837974,0.348,compressed,rotation,False,A
1779840000,75635.6,99644.471,0.8137701514191653,0.18256584654891178,-0.01246275742357017,0.388,compressed,rotation,False,A
1779854400,75935.0,100872.74,0.7544600870233206,0.12502291955889647,0.0020703162062376546,0.488,compressed,rotation,False,A
1779868800,75737.9,100952.138,0.7575225884652435,0.1425621434655802,0.001094566378056161,0.492,compressed,rotation,False,A
1779883200,75300.0,103099.883,0.7731373788702542,0.12751818874267892,-0.012640807301034451,0.692,compressed,rotation,False,A
1779897600,75039.9,102559.25,0.7324981781248334,0.07321020032364389,-0.021327926295987787,0.656,compressed,rotation,False,A
1779912000,74418.1,101123.269,0.6797355947937489,0.09900184441792372,-0.03576087307047093,0.496,compressed,rotation,False,A
1779926400,73224.5,102798.054,0.7961527300529923,0.1951512163050634,-0.025777634653252668,0.668,compressed,rotation,False,A
1779940800,73467.0,103998.161,0.7928918374495655,0.09715841714612049,-0.0015230019757137558,0.748,compressed,rotation,False,A
1779955200,73479.1,104747.243,0.7956869612995832,0.114595231296402,-0.0038310954067435343,0.824,compressed,rotation,False,A
1779969600,72899.1,107154.357,0.7744927701849992,0.23391908016053722,0.027039976444696023,0.908,compressed,rotation,False,A
1779984000,73393.5,105830.354,0.8335224189535679,0.2303823481693802,0.01378064599883011,0.86,compressed,rotation,False,A
1779998400,73591.4,106586.045,0.8282933691244942,0.2967473496219184,0.03539631553483935,0.888,compressed,rotation,False,A
1780012800,73269.2,106004.725,0.8309362694710157,0.3168521491980892,0.03293839135260179,0.864,compressed,rotation,False,A
1780027200,73488.0,105237.357,0.8509320299218306,0.2988377067234624,0.027847625009735255,0.832,normal,rotation,False,A
1780041600,73447.6,105374.94,0.8286227971696659,0.36557840347889,0.03909078011045697,0.836,compressed,trend,False,B
1780056000,73775.4,105627.593,0.8521881081749817,0.2596576720486106,0.049506195238235184,0.86,normal,trend,False,B
1780070400,73489.0,103869.344,0.8098851047596172,0.3321680108763445,0.03767907757130162,0.716,compressed,trend,False,B
1780084800,73428.2,104362.808,0.7863196790118054,0.37711611545588986,0.052816610666756914,0.776,compressed,trend,False,B
1780099200,73492.4,104393.974,0.7876419750818316,0.3651954128632032,0.050779695860028395,0.78,compressed,trend,False,B
1780113600,73513.9,103799.951,0.7933903636796563,0.41953280264115594,0.03699098441810422,0.696,compressed,trend,False,B
1780128000,73567.9,103656.431,0.7945593579788462,0.40749513761368483,0.041428426437085664,0.688,compressed,trend,False,B
1780142400,73888.0,104436.167,0.7982233660376086,0.39972337482711107,0.0495899082427369,0.788,compressed,trend,False,B
1780156800,73980.1,103915.001,0.801625381055833,0.3736057450941885,0.041722261860654086,0.716,compressed,trend,False,B
1780171200,73856.8,103983.041,0.7859084238634767,0.3737082746805481,0.04160608797848142,0.716,compressed,trend,False,B
1780185600,74107.6,104436.381,0.7943423056076656,0.2877522140052958,0.04605748166856949,0.788,compressed,trend,False,B
1780200000,73833.3,104942.788,0.7580679572029122,0.31755116584638166,0.05938074087288592,0.832,compressed,trend,False,B
1780214400,73913.6,105199.587,0.5235474521524208,0.3771254990048995,0.06836401872349818,0.836,compressed,trend,False,B
1780228800,73613.5,104871.146,0.5359185548265919,0.3486521024767239,0.05515441221724848,0.816,compressed,trend,False,B
1780243200,73521.9,104808.305,0.5397021257474047,0.3189534498994693,0.05938804467170278,0.812,compressed,trend,False,B
1780257600,73653.2,105047.033,0.46489067235660975,0.286308108863946,0.05972853174747317,0.828,compressed,trend,False,B
1780272000,73731.3,105165.792,0.41136929105276016,0.24812049668399597,0.05541020936324692,0.832,compressed,trend,False,B
1780286400,72776.1,105444.01,0.59621534284276,0.37918782335217804,0.04531719868023809,0.844,compressed,trend,False,B
1780300800,72452.8,106414.157,0.5971171446434463,0.3884520332509534,0.05410503539806166,0.896,compressed,trend,False,B
1780315200,71099.4,105689.916,0.8422813644726578,0.4481882975545213,0.025121590099185687,0.864,compressed,trend,False,B
1780329600,71571.0,105067.756,0.8890965673412228,0.361950771606547,0.024459090720729604,0.812,normal,trend,False,B
1780344000,71391.5,105355.907,0.8709910430591665,0.3310798984860412,0.041856222033328505,0.828,normal,trend,False,B
1780358400,70920.7,105715.473,0.887164427356309,0.27364945122820283,0.02838009949098841,0.864,normal,trend,False,B
1780372800,70079.4,105179.148,0.9545804024828697,0.3756653655074513,0.011355845032682943,0.812,normal,trend,False,B
1780387200,69430.2,106163.184,0.9807445991852694,0.419370876360736,0.013517692298593342,0.888,normal,trend,False,B
1780401600,67274.0,109564.085,1.3799471694627712,0.5008592365705326,0.022488380943763264,0.952,expanded,trend,True,C
1780416000,67286.7,108590.236,1.377549036660845,0.568116697056524,0.026078359333466805,0.94,expanded,trend,True,C
1780430400,66730.0,107551.011,1.3454906465896346,0.617698955707596,0.009053399063639223,0.916,expanded,trend,True,C
1780444800,65818.4,108315.886,1.3562498829322802,0.6369620599449433,0.02180243380660629,0.936,expanded,trend,True,C
1780459200,67186.7,105774.859,1.6275750482816957,0.4904918696339183,0.005107520896785678,0.848,expanded,trend,True,C
1780473600,67040.1,107592.504,1.6042623460392071,0.4946692297596701,0.02104451020327991,0.912,expanded,trend,True,C
1780488000,66046.5,107239.296,1.6386795070889515,0.567512794719101,0.015258352048219237,0.896,expanded,trend,True,C
1780502400,65428.6,105143.001,1.6253672039082434,0.5777898841610253,0.012262106902302339,0.772,expanded,trend,True,C
1780516800,64117.7,104750.301,1.6933622720783639,0.6125127462912381,0.0037129414915704206,0.732,expanded,trend,True,C
1780531200,64336.2,100747.159,1.719807523512501,0.5963086461562482,-0.034933194515614496,0.328,expanded,trend,True,C
1780545600,63561.7,101747.72,1.7011872017387697,0.6178497373943034,-0.019771020893834534,0.424,expanded,trend,True,C
1780560000,62520.7,103811.038,1.700162108991345,0.6462316025925988,0.001491533120603128,0.6,expanded,trend,True,C
1780574400,63864.8,100862.939,1.9659592777082073,0.5531933682142285,-0.034214469016274784,0.34,expanded,trend,True,C
1780588800,63600.3,101562.601,1.966380776035794,0.5674750699790048,-0.022637732544505407,0.408,expanded,trend,True,C
1780603200,63853.4,98687.523,1.9448070161099764,0.543043265837901,-0.05092674679518172,0.184,expanded,trend,True,C
1780617600,62699.7,100066.158,1.9418953840138127,0.5903518440894425,-0.04184579126693411,0.26,expanded,trend,True,C
1780632000,63075.6,98253.725,1.985318017356326,0.5537926951687203,-0.06374009236346945,0.164,expanded,trend,True,C
1780646400,61929.5,97895.469,2.028512171470098,0.5848384436321745,-0.06943105204395905,0.144,expanded,trend,True,C
1780660800,60400.8,102716.193,2.11686606635175,0.6083223219259746,-0.020548578729176814,0.524,expanded,trend,True,C
1780675200,60267.7,104595.675,2.123056806739025,0.6090692694403841,-0.0020287514429317977,0.708,expanded,trend,True,C
1780689600,61022.0,101596.735,2.0294812425809536,0.5642858419256257,-0.032845268461794586,0.404,expanded,trend,True,C
1780704000,60662.6,101744.069,2.0107260831733513,0.5765848837671012,-0.03253646394827703,0.408,expanded,trend,True,C
1780718400,60975.2,102218.775,2.028380259155948,0.5358419114475251,-0.03058718081757328,0.468,expanded,trend,True,C
1780732800,60773.5,101027.391,1.99486837312755,0.5332648448736382,-0.0506207646788952,0.332,expanded,trend,True,C
1780747200,60754.1,102088.695,1.7908676624227735,0.5029925853895701,-0.03407345881512469,0.452,expanded,trend,True,C
1780761600,60563.9,101780.29,1.7838999201429762,0.5425932042137223,-0.03128900935126089,0.404,expanded,trend,True,C
1780776000,60849.7,101773.922,1.7765286383232377,0.5169474902414625,-0.03399890050778076,0.4,expanded,trend,True,C
1780790400,61671.1,102820.361,1.8572593053665345,0.4459142843368845,-0.02738588702147693,0.528,expanded,trend,True,C
1780804800,62366.0,102870.708,1.8082522491798514,0.3744987036695373,-0.021947696324750576,0.532,expanded,trend,True,C
1780819200,62598.8,102027.44,1.8068460522878254,0.3385199353822058,-0.03895648043110678,0.428,expanded,trend,True,C
1780833600,62071.6,101674.405,1.7820719174545876,0.28043468886109774,-0.0720097283703871,0.376,expanded,trend,True,C
1780848000,61303.8,100631.403,1.739661268485739,0.3098936616544853,-0.07329234462663847,0.244,expanded,trend,True,C
1780862400,63298.5,98912.286,1.920096391797743,0.16541893435787167,-0.08032211803197276,0.128,expanded,rotation,True,C
1780876800,63101.6,98556.096,1.915755667778705,0.13563925390422144,-0.09010488082976109,0.112,expanded,rotation,True,C
1780891200,63259.9,98171.391,1.9106767545798116,0.20865480669089634,-0.07188350872677596,0.096,expanded,rotation,True,C
1780905600,63450.1,98092.487,1.8065479856710558,0.19031765554094765,-0.08829627201538137,0.092,expanded,rotation,True,C
1780920000,63745.4,98797.463,1.8021912009324341,0.12667837422721823,-0.07871958614871921,0.124,expanded,rotation,True,C
1780934400,63348.2,98055.566,1.6984293303933888,0.11593718304521791,-0.06740757760946925,0.08,expanded,rotation,True,C
1780948800,63057.9,98490.637,1.4546939106599588,0.06262260984660444,-0.059757957163292574,0.108,expanded,rotation,True,C
1780963200,62841.0,97889.123,1.459510931644961,0.08835835007682283,-0.02836840292439402,0.072,expanded,rotation,True,C
1780977600,63170.8,97620.235,1.4198485806893808,0.02372354694033572,-0.040565872139444514,0.06,expanded,rotation,True,C
1780992000,62679.4,97633.741,1.4328850569378433,0.009963773802871988,-0.059505204061248373,0.064,expanded,rotation,True,C
1781006400,61100.7,99698.424,1.6818627517335276,0.17102145115484818,-0.011545519211967448,0.18,expanded,rotation,True,C
1781020800,62068.8,99616.717,1.7532026589292502,0.09080452273522302,-0.019159454177428814,0.168,expanded,rotation,True,C
1781035200,61695.0,99230.744,1.7684174622905209,0.12706486289192645,0.005504454701938499,0.14,expanded,rotation,True,C
1781049600,61518.2,100151.098,1.7677676294654658,0.07379900935058109,0.0008488384254745629,0.212,expanded,rotation,True,C
1781064000,61654.3,101082.614,1.7633313477377992,0.09012739459349729,0.028791671766134064,0.304,expanded,rotation,True,C
1781078400,61003.1,100935.154,1.7423249752837375,0.06064811783960715,0.031050313472628543,0.288,expanded,rotation,True,C
1781092800,62604.8,100579.209,1.9148697858981094,0.14360177221787815,-0.020804743026252903,0.232,expanded,rotation,True,C
1781107200,61908.7,100269.977,1.9462085662019137,0.10313619508516092,-0.04135637539506298,0.204,expanded,rotation,True,C
1781121600,61483.7,99458.79,1.9395930374013735,0.029630913186622504,-0.02104344199643826,0.136,expanded,rotation,True,C
1781136000,62657.5,99852.278,1.9929659236047619,0.12166917742633897,-0.018593624361534,0.172,expanded,rotation,True,C
1781150400,62693.3,100348.25,1.6795480724319767,0.10658651430273032,-0.018299231232227098,0.208,expanded,rotation,True,C
1781164800,63078.0,101696.593,1.6905258493278819,0.14136042153561112,0.006623965969783319,0.376,expanded,rotation,True,C
1781179200,62721.1,101319.36,1.696395023313863,0.11821055541532918,-0.007535947050748448,0.332,expanded,rotation,True,C
1781193600,63567.6,99238.804,1.7540625029023544,0.17366342701533805,-0.024970315961960754,0.104,expanded,rotation,True,C
1781208000,63597.9,98294.586,1.7470707940021801,0.161273664072861,-0.03418691086700987,0.052,expanded,rotation,True,C
1781222400,63490.0,98293.298,1.72752849436499,0.11140373979457437,-0.044028857280514755,0.052,expanded,rotation,True,C
1781236800,63066.5,98188.688,1.7353570470634068,0.04362936527214619,-0.045513636398808566,0.048,expanded,rotation,True,C
1781251200,63729.4,98715.367,1.7637045388151404,0.06858023268509839,-0.032462570853488026,0.08,expanded,rotation,True,C
1781265600,63557.0,99012.255,1.7598276864940654,0.0920835658049716,-0.026183089047828623,0.096,expanded,rotation,True,C
1781280000,63555.1,98149.091,1.7375709678025109,0.14652036107802666,-0.02466736948902526,0.044,expanded,rotation,True,C
1781294400,63547.0,97751.86,1.485285072348412,0.018574578614941804,-0.011731869183571275,0.024,expanded,rotation,True,C
1781308800,63494.4,98565.585,1.3938151392978657,0.029680675824757165,9.628019356622275e-05,0.084,expanded,rotation,False,A
1781323200,63823.9,98087.377,1.365519049261941,0.04207259760991822,-0.0008557890353210196,0.044,expanded,rotation,False,A
1781337600,63936.1,98725.04,1.3548508319742694,0.03646622747122455,0.006448536675392802,0.1,expanded,rotation,False,A
1781352000,64265.0,99915.059,1.3579730602458786,0.038889304692762264,0.011311990875717104,0.196,expanded,rotation,False,A
1781366400,64264.2,100697.444,1.2865954857923438,0.07065393456026384,0.026942662285994068,0.28,normal,rotation,False,A
1781380800,64418.2,100094.988,1.0163338278238345,0.10603899191630925,0.01628937581142864,0.212,normal,rotation,False,A
1781395200,64515.0,100719.693,0.9243262298865709,0.13172597220692095,0.028916082944169252,0.288,normal,rotation,False,A
1781409600,64392.0,100462.126,0.8855854453472719,0.09768505927336074,0.029111700048663147,0.252,normal,rotation,False,A
1781424000,64511.7,100898.88,0.6887185520962146,0.1510589709555874,0.03344273164745393,0.328,compressed,rotation,False,A
1781438400,63995.2,100909.549,0.7522926580296404,0.2615315111813859,0.0121478851059873,0.336,compressed,rotation,False,A
1781452800,63777.3,100693.276,0.7446183670833766,0.16559565002471527,0.010807011437648395,0.284,compressed,rotation,False,A
1781467200,65702.1,101636.039,1.1624231519514736,0.3376304946791027,0.02423941313994371,0.432,normal,rotation,False,A
1781481600,65894.7,103183.126,1.1004195674492447,0.3682651610134543,0.030274535781924294,0.596,normal,trend,False,B
1781496000,65642.3,103186.318,1.1143572025420614,0.33232225592480225,0.02081172930490305,0.6,normal,trend,False,B
1781510400,66192.0,103730.251,1.1284911772483008,0.43608232693778426,0.027692007088035986,0.616,normal,trend,False,B
1781524800,67248.5,104315.209,1.168551756287222,0.40900323242643355,0.037144853664538235,0.688,normal,trend,False,B
1781539200,66579.2,103690.088,1.2136193527872385,0.4123370030635039,0.034109023481674994,0.616,normal,trend,False,B
1781553600,66285.9,103281.153,1.2221052113211606,0.428951693582964,0.03843162580200321,0.608,normal,trend,False,B
1781568000,66125.4,103249.779,1.2288850998042269,0.34059458450780267,0.034025272813505536,0.608,normal,trend,False,B
1781582400,66341.7,103569.817,1.227424721089107,0.3520805990890138,0.03210386827871936,0.62,normal,trend,False,B
1781596800,66456.0,104010.812,1.2235182993772022,0.3347205707491082,0.022756111406800228,0.68,normal,trend,False,B
1781611200,65841.8,103091.826,1.2723797164311437,0.30153730203975204,0.017493853099743273,0.584,normal,trend,False,B
1781625600,65653.2,102869.319,1.2800606882764358,0.2152011061353363,0.03658362307550589,0.572,normal,rotation,False,A
1781640000,65644.8,102396.792,1.2743444390288414,0.21168622989813363,0.041733793965010424,0.528,normal,rotation,False,A
1781654400,65818.6,102665.523,1.2747586871100196,0.2391889393347995,0.04448141520289628,0.56,normal,rotation,False,A
1781668800,65504.0,101765.663,1.287937329081948,0.25320729237002026,0.03642960378490856,0.452,normal,rotation,False,A
1781683200,64774.5,101904.559,1.3429411598535654,0.10781896400532325,0.03230694568556891,0.476,expanded,rotation,False,A
1781697600,65712.7,101854.616,1.413541897588242,0.20611154136668275,0.028707163572832428,0.464,expanded,rotation,False,A
1781712000,64271.3,99838.22,1.5930196321899024,0.060192967121630234,0.017209828260151605,0.192,expanded,rotation,False,A
1781726400,64472.9,99301.884,1.5739562997755545,0.0765719200456506,0.015856721294101206,0.144,expanded,rotation,False,A
1781740800,64255.0,100057.894,1.5738919295044653,0.06205332376072832,0.015140264221025879,0.216,expanded,rotation,False,A
1781755200,64470.3,99727.662,1.2387693036423106,0.05323231491394234,0.01672269205445276,0.184,normal,rotation,False,A
1781769600,63940.1,100533.946,1.2524892066174125,0.0003184459836000318,0.018322666670988363,0.284,normal,rotation,False,A
1781784000,62337.8,99168.264,1.4639936687705846,0.13930492106632728,-0.007474298744096219,0.132,expanded,rotation,False,A
1781798400,62925.4,99691.471,1.472598934744521,0.09283554766593602,-0.0099900549610773,0.184,expanded,rotation,False,A
1781812800,62924.1,98621.471,1.3430825877249937,0.10471317938115424,-0.014721186639235051,0.092,expanded,rotation,False,A
1781827200,62745.1,98413.703,1.3229635144506766,0.1233319629007646,-0.02289512538526106,0.076,expanded,rotation,False,A
1781841600,62592.4,98627.843,1.3192739249981453,0.12514255514450226,-0.01825845294175843,0.1,expanded,rotation,False,A
1781856000,62600.0,99101.115,1.3188062287495623,0.13398232445350874,-0.017817492126770862,0.136,expanded,rotation,False,A
1781870400,63193.0,98666.192,1.3562972654851884,0.05592270369750695,-0.02223136484338073,0.104,expanded,rotation,False,A
1781884800,63001.9,98548.334,1.342393901547574,0.05415560832518521,-0.021301740147971704,0.088,expanded,rotation,False,A
1781899200,63512.6,97680.018,1.334328902543208,0.1696773843566681,-0.038923407867164195,0.024,expanded,rotation,False,A
1781913600,63440.5,97658.177,1.2833285221378645,0.19198335341145534,-0.05354508255545587,0.024,normal,rotation,False,A
1781928000,63625.0,98459.02,1.2592604246958115,0.1586488930832451,-0.04581322496651152,0.088,normal,rotation,False,A
1781942400,63651.3,98133.318,1.2484670263108333,0.20838903880381524,-0.05395661290745357,0.06,normal,rotation,False,A
1781956800,64139.5,98406.133,1.26971317370474,0.2674684698635557,-0.05664635154016706,0.088,normal,rotation,False,A
1781971200,63905.5,97577.522,1.2261531100160608,0.23896858381373706,-0.05895034055714188,0.016,normal,rotation,False,A
1781985600,64270.0,97552.634,1.1440227052520906,0.1790367416538624,-0.0554652890058267,0.016,normal,rotation,False,A
1782000000,64398.8,98850.956,0.9631274698370421,0.15377627360170923,-0.04260370378129319,0.156,normal,rotation,False,A
1782014400,64170.1,99264.385,0.9639541133996689,0.19319597167360578,-0.04157033511027641,0.2,normal,rotation,False,A
1782028800,64149.9,99871.697,0.9595123050312387,0.20689376743852214,-0.0397950455381505,0.268,normal,rotation,False,A
1782043200,64200.3,99948.832,0.9546485967189609,0.15511457595086228,-0.03048732496017681,0.276,normal,rotation,False,A
1782057600,64173.6,99791.103,0.9249798783322021,0.14198798533673673,-0.02992355767417887,0.248,normal,rotation,False,A
1782072000,63287.1,100278.819,0.6900418847341948,0.20867002398506054,-0.020683978068375408,0.304,compressed,rotation,False,A
1782086400,63935.1,99969.545,0.6986327852336163,0.15998606970245283,-0.026259818498172938,0.272,compressed,rotation,False,A
1782100800,64187.9,99701.408,0.7036011087929761,0.11238056203089365,-0.020284395926354892,0.228,compressed,rotation,False,A
1782115200,64624.3,100034.528,0.7117512314875886,0.01315466806796261,-0.018350808034015342,0.276,compressed,rotation,False,A
1782129600,64808.0,101070.367,0.7031259181958025,0.08484081211609669,-0.007699690311531837,0.404,compressed,rotation,False,A
1782144000,64447.9,100068.487,0.7313434943252384,0.0184300056354489,0.002306401296016558,0.288,compressed,rotation,False,A
1782158400,63990.2,99611.374,0.7292959561091019,0.04906335444131647,0.003116657887376917,0.212,compressed,rotation,False,A
1782172800,64037.3,100148.106,0.7213248562789425,0.022518748383759685,0.0009015980288371583,0.308,compressed,rotation,False,A
1782187200,62849.2,97666.091,0.8726665562026952,0.15235472684040893,-0.020672007732418285,0.024,normal,rotation,False,A
1782201600,62478.5,97943.079,0.8855511487125701,0.13945500343485204,-0.02577106642168403,0.044,normal,rotation,False,A
1782216000,62455.8,99045.859,0.8791064769886606,0.013256639554217391,-0.0012343162526269325,0.164,normal,rotation,False,A
1782230400,62365.7,98890.186,0.8783094047037945,0.06660161595487739,-0.00803764847646804,0.152,normal,rotation,False,A
1782244800,62696.7,98877.388,0.8615637571270879,0.02603796917580794,0.002594942028394609,0.152,normal,rotation,False,A
1782259200,62704.6,97819.458,0.8589559143122772,0.004730037489926763,-0.0060382343300301455,0.036,normal,rotation,False,A
1782273600,62630.3,97932.398,0.8473744295751733,0.00446728509294091,-0.007051203583555932,0.048,compressed,rotation,False,A
1782288000,62887.7,97061.021,0.8630561222435673,0.032941365057191876,-0.020585984325201756,0.004,normal,rotation,False,A
1782302400,60254.9,101299.346,1.4684889761188185,0.2727154592286626,0.0266875000101352,0.472,expanded,rotation,False,A
1782316800,59923.8,104766.97,1.4673811815654392,0.2820451734090802,0.06310239602832857,0.832,expanded,rotation,False,A
1782331200,61051.2,100837.981,1.5941169299029843,0.2134741808468197,0.03232967258462227,0.408,expanded,rotation,True,C
1782345600,60853.9,100785.762,1.5804973666757578,0.221922885529454,0.03202583845078344,0.408,expanded,rotation,True,C
1782360000,61886.7,99892.43,1.634515074632226,0.13902284923662622,0.014558442690166817,0.3,expanded,rotation,True,C
1782374400,61258.2,99989.579,1.617381538995143,0.1825971509015029,0.01891570608057913,0.316,expanded,rotation,True,C
1782388800,59536.2,105900.979,1.7684274735239414,0.32101787345620925,0.07616238715528034,0.936,expanded,rotation,True,C
1782403200,59299.8,106734.104,1.7403384995453692,0.3211314939932088,0.09383905035014117,0.964,expanded,rotation,True,C
1782417600,59771.9,105353.966,1.7637757771518714,0.31129366007598785,0.07997049059690164,0.9,expanded,rotation,True,C
1782432000,60015.0,105864.498,1.7777647358715978,0.3010024718483938,0.07095067446793335,0.94,expanded,rotation,True,C
1782446400,60491.0,106940.613,1.8030823272999152,0.24839818246879095,0.07733113946155012,0.972,expanded,rotation,True,C
1782460800,59392.4,106372.771,1.8515824807091246,0.2994077924693358,0.065094257885695,0.956,expanded,rotation,True,C
1782475200,60296.6,104468.496,1.8686252371583074,0.23314719144742793,0.04521977805603572,0.804,expanded,rotation,True,C
1782489600,59719.7,103907.493,1.8779545615871995,0.2575446549899679,0.041250070159060126,0.74,expanded,rotation,True,C
1782504000,60072.0,103652.889,1.89155005229115,0.1918374653181779,0.033646886088676276,0.708,expanded,rotation,True,C
1782518400,60274.7,104648.141,1.8975270884765296,0.2243689546530021,0.04680021300487058,0.816,expanded,rotation,True,C
1782532800,60522.3,104740.323,1.8941085188420754,0.2247593353363176,0.050540058571690416,0.82,expanded,rotation,True,C
1782547200,60331.9,104530.001,1.8936202869268923,0.2672228101848974,0.044939213388401233,0.796,expanded,rotation,True,C
1782561600,60817.2,104524.743,1.9144610376506652,0.24386786111484599,0.03417793070841424,0.792,expanded,rotation,True,C
1782576000,60149.9,103755.285,1.9252300972582026,0.25780059741599626,0.036842747507514595,0.704,expanded,rotation,True,C
1782590400,60000.3,102927.994,1.5002914298177141,0.24382627400893453,0.03329559534034754,0.644,expanded,rotation,True,C
1782604800,60169.5,102995.954,1.4939850731271285,0.23461403146950785,0.028436364038676887,0.648,expanded,rotation,True,C
1782619200,60192.5,102846.427,1.3616319207537495,0.17340591487334164,0.05304129557104931,0.628,expanded,rotation,False,A
1782633600,60314.9,102893.231,1.3381305884220305,0.14354714577638628,0.05054111072003353,0.636,expanded,rotation,False,A
1782648000,59849.9,103373.098,1.227032194044098,0.16796328643157832,0.04368924701839383,0.68,normal,rotation,False,A
1782662400,59451.4,102290.908,1.1855394639990557,0.18418009113258488,0.034388872521687874,0.572,normal,rotation,False,A
1782676800,59550.2,102992.649,0.9261325083903506,0.20181644420783984,0.04161983931048008,0.64,normal,rotation,False,A
1782691200,60019.8,104693.679,0.9409241329881262,0.16725016508229215,0.07027457665937997,0.816,normal,rotation,False,A
1782705600,59998.9,104701.474,0.9193052605955577,0.1644707235361773,0.06911988410617709,0.82,normal,rotation,False,A
1782720000,59927.2,104607.4,0.9136699765730546,0.18721345685648372,0.0777488112349447,0.804,normal,rotation,False,A
1782734400,59800.2,101693.448,0.888090950930841,0.034168188342088054,0.0038904693422205927,0.516,normal,rotation,False,A
1782748800,60409.3,103379.947,0.7849858842131234,0.035736104874978886,-0.013239124888311693,0.684,compressed,rotation,False,A
1782763200,60224.7,102075.525,0.6854109510485888,0.06537265975369579,0.012272597960881315,0.56,compressed,rotation,False,A
1782777600,59596.1,102254.801,0.6944988381006292,0.09620473910449612,0.014575858443179657,0.576,compressed,rotation,False,A
1782792000,59497.7,102743.45,0.6755555564259755,0.19679072142868906,0.028540901447687395,0.612,compressed,rotation,False,A
1782806400,59162.3,103834.847,0.679713677967617,0.17691846674601322,0.03845668757141185,0.736,compressed,rotation,False,A
1782820800,58356.2,108346.91,0.7413237480616527,0.10795184250009146,0.023096396493180738,0.992,compressed,rotation,False,A
1782835200,58794.4,108866.38,0.7785844688098359,0.045398199881429395,0.01997745725208877,0.996,compressed,rotation,False,A
1782849600,58605.4,108509.802,0.7364881084773622,0.10751647541361338,0.029954600854798397,0.988,compressed,rotation,False,A
1782864000,59169.6,108582.452,0.748627575095674,0.07568080497018964,0.02567389494445993,0.988,compressed,rotation,False,A
1782878400,58744.4,105608.37,0.7660801118063468,0.1570711703447901,-0.01245778346155546,0.9,compressed,rotation,False,A
1782892800,58592.9,105035.835,0.7594476233412936,0.07859270400188731,-0.012568404371077091,0.844,compressed,rotation,False,A
1782907200,60118.5,105820.096,1.0324622065997429,0.016499754495511283,0.012937871719719274,0.916,normal,rotation,False,A
1782921600,60000.0,104829.072,1.0296970448969456,0.02711959518948911,0.008869225629377864,0.824,normal,rotation,False,A
1782936000,59999.6,103466.083,1.0070955635360417,0.007251747831487148,-0.0018022266605612902,0.668,normal,rotation,False,A
1782950400,61032.9,104869.897,1.0747447667500942,0.07011022340582956,0.0021190629654854742,0.824,normal,rotation,False,A
1782964800,60125.8,105254.584,1.1488963652107853,0.034556689530151015,0.004909866470432789,0.872,normal,rotation,False,A
1782979200,61329.1,105109.608,1.2340850965694412,0.0798603325111315,0.005544886582369735,0.844,normal,rotation,False,A
1782993600,61584.0,106718.193,1.2290740557672772,0.06256323227048745,0.020984983431147963,0.948,normal,rotation,False,A
1783008000,61452.5,107417.896,1.2257156270491616,0.11113765506885288,0.0353004765010283,0.964,normal,rotation,False,A
1783022400,61540.6,106954.131,1.2178605486417193,0.13211139796382174,0.03911605427771181,0.952,normal,rotation,False,A
1783036800,61407.6,107268.791,1.1961031662009671,0.10652246857496811,0.04148548398318641,0.96,normal,rotation,False,A
1783051200,61733.6,107770.43,1.1915525549577444,0.1292229517269134,0.0478772393327771,0.972,normal,rotation,False,A
1783065600,61992.8,108522.0,1.1468271809426667,0.1390982118431196,0.05470494944414761,0.984,normal,rotation,False,A
1783080000,61895.2,109302.229,1.1455996380405757,0.17488221764298403,0.05735661516113222,0.996,normal,rotation,False,A
1783094400,62178.4,108460.126,1.127952565273714,0.23549222797927402,0.060310521439500775,0.972,normal,rotation,False,A
1783108800,62565.5,106246.059,1.0463717437154,0.25406334521372015,0.031588759310385184,0.904,normal,rotation,False,A
1783123200,62609.6,106467.048,1.0421745183775077,0.2263257244730302,0.01693864440469217,0.912,normal,rotation,False,A
1783137600,62549.0,106554.012,1.033657141538593,0.2220857827128233,0.017693523588789173,0.912,normal,rotation,False,A
1783152000,62458.7,106403.894,1.0227968300289514,0.22010938084183213,0.01717367987350804,0.9,normal,rotation,False,A
1783166400,62908.8,106837.249,0.9944968953332443,0.2629015070787029,0.05058143962234407,0.924,normal,rotation,False,A
1783180800,63268.1,106418.024,0.983314593466146,0.24699336466685026,0.02938748846524364,0.9,normal,rotation,False,A
1783195200,63114.8,106413.784,0.8117146547384456,0.2503746827108839,0.04250048187359323,0.892,compressed,rotation,False,A
1783209600,62739.1,105608.032,0.8314609283038029,0.2783830224442434,0.03279289546512354,0.832,compressed,rotation,False,A
1783224000,62995.1,105778.192,0.830508870271791,0.30550848197907005,0.029537084845797867,0.852,compressed,rotation,False,A
1783238400,62630.0,105690.724,0.7607298630005361,0.3021302548464381,0.01787335421219427,0.84,compressed,rotation,False,A
1783252800,62711.9,105256.571,0.6323293335146529,0.4050570522537268,-0.02852263160989088,0.804,compressed,trend,False,B
1783267200,62744.0,104812.665,0.433073547730918,0.3817071284985307,-0.037235692047443925,0.744,compressed,trend,False,B
1783281600,63617.1,105300.006,0.5312413694242726,0.45431635437346424,-0.029580700921378544,0.804,compressed,trend,False,B
1783296000,63273.0,104510.77,0.5520308559608056,0.3795508361698979,-0.037498526925879294,0.688,compressed,trend,False,B
1783310400,63064.5,103573.959,0.5644522613437013,0.40776818160366185,-0.01926372881240368,0.604,compressed,trend,False,B
1783324800,62461.4,105476.383,0.6204703272350183,0.3502141027149852,0.004194263795779696,0.82,compressed,trend,False,B
1783339200,63523.1,102961.326,0.7299797684081561,0.3217289410519549,-0.027015379007027218,0.548,compressed,trend,False,B
1783353600,63709.8,104089.993,0.7275792479064017,0.3483249455419515,-0.007050324741976088,0.656,compressed,trend,False,B
1783368000,64023.6,102707.595,0.7283863801622665,0.3670260311205968,-0.007330788776453434,0.504,compressed,trend,False,B
1783382400,63165.0,102956.005,0.8144384960450644,0.1976161125580446,-0.018250156191151667,0.54,compressed,rotation,False,A
1783396800,63062.6,100977.026,0.8038454425244663,0.294138856616321,-0.04064011121833899,0.384,compressed,rotation,False,A
1783411200,63377.7,101241.186,0.8118323317037359,0.22521492491369996,-0.036803695433817896,0.4,compressed,rotation,False,A
1783425600,63910.0,100706.495,0.8326918782295609,0.24814372279593738,-0.05633245682861221,0.336,compressed,rotation,False,A
1783440000,63794.9,100403.068,0.833436168147429,0.25033129568674395,-0.06530409048414054,0.308,compressed,rotation,False,A
1783454400,63335.4,99435.001,0.8414379046365397,0.18448697654338772,-0.07030238037275993,0.204,compressed,rotation,False,A
1783468800,62741.0,99686.975,0.8623199358504705,0.1308537782139353,-0.07068053931921348,0.22,normal,rotation,False,A
1783483200,62854.1,99325.751,0.8623204495908765,0.11230718345010067,-0.07835803383172912,0.204,normal,rotation,False,A
1783497600,62270.0,100456.337,0.8806283234890705,0.02690739662201486,-0.07432283776561432,0.324,normal,rotation,False,A
1783512000,61674.5,101735.612,0.9009123613151094,0.02043537440161457,-0.06922655712721115,0.44,normal,rotation,False,A
1783526400,62251.9,101129.874,0.9268583430361363,0.006625143094077037,-0.0675847638237117,0.404,normal,rotation,False,A
1783540800,62255.3,100379.325,0.9259752286595306,0.028962503734687523,-0.055218368146718766,0.32,normal,rotation,False,A
1783555200,61943.1,100134.824,0.932706071977948,0.060709568702463905,-0.05947590469494379,0.3,normal,rotation,False,A
1783569600,62973.7,99285.962,0.9613921432039209,0.035544210570364235,-0.06821000789721554,0.2,normal,rotation,False,A
1783584000,62756.0,99401.606,0.9561468175310673,0.024619283034805112,-0.06580856899842402,0.212,normal,rotation,False,A
1783598400,62835.4,99068.898,0.953924743095535,0.006270717288043051,-0.07271200889869411,0.18,normal,rotation,False,A
1783612800,63222.9,100352.618,0.9330366738386879,0.0038522508394836204,-0.0569960404451787,0.336,normal,rotation,False,A
1783627200,63197.0,100165.596,0.8316476038297663,0.007082543511976313,-0.058715964841547175,0.324,compressed,rotation,False,A
1783641600,63917.2,101207.281,0.877084230947498,0.09858164930337636,-0.04167060891732177,0.436,normal,rotation,False,A
1783656000,63956.1,101834.003,0.8684909683139934,0.08190294373327428,-0.03728735503439118,0.5,normal,rotation,False,A
1783670400,64394.2,103480.633,0.8093189422021121,0.14942742919094712,-0.02091092686620255,0.628,compressed,rotation,False,A
1783684800,64018.7,103617.675,0.8246162868417972,0.10799999999999971,-0.015570486330967359,0.64,compressed,rotation,False,A
1783699200,63900.4,103559.705,0.8193398221222307,0.09489422461472834,-0.011954280525163563,0.632,compressed,rotation,False,A
1783713600,64129.5,103955.721,0.7976965803422081,0.044393616468264445,-0.012766238588818202,0.684,compressed,rotation,False,A
1783728000,64117.2,103776.09,0.7961233677633396,0.07530507385998693,-0.007029706125024293,0.664,compressed,rotation,False,A
1783742400,64132.6,103723.13,0.7720016772266616,0.09694752797872427,0.0014402365366761316,0.656,compressed,rotation,False,A
1783756800,64176.0,103746.516,0.7263689649194623,0.16395731334149316,-0.016400514985425718,0.664,compressed,rotation,False,A
1783771200,64139.0,102381.933,0.727335899839137,0.06529275196387127,-0.0056272876672158745,0.536,compressed,rotation,False,A
1783785600,64262.0,102432.585,0.6756650748798035,0.058937796183238404,-0.015922837078104046,0.544,compressed,rotation,False,A
1783800000,63783.0,101404.727,0.6547175719979638,0.025234938748111942,-0.01268521573307213,0.452,compressed,rotation,False,A
1783814400,64201.8,101454.295,0.6372444927166071,0.11400171530358699,-0.014585938916336194,0.456,compressed,rotation,False,A
1783828800,63856.4,101085.501,0.6593013579007972,0.08501113776559313,0.001074254256606899,0.432,compressed,rotation,False,A
1783843200,63993.8,101179.767,0.6387397539934913,0.06726055961309678,-0.0006066602183028014,0.44,compressed,rotation,False,A
1783857600,64149.9,101136.499,0.5095417609955012,0.02731195282170399,0.004269873556814741,0.44,compressed,rotation,False,A
1783872000,64201.9,101053.299,0.4966441955248133,0.046671100612343155,0.006476206484048896,0.424,compressed,rotation,False,A
1783886400,63750.0,100697.845,0.536405142819463,0.04758406978078712,0.0127001959802866,0.38,compressed,rotation,False,A
1783900800,62780.2,99428.916,0.6479367983259274,0.00431319044056127,-0.002588693257068009,0.22,compressed,rotation,False,A
1783915200,62952.7,100071.309,0.6524323599201366,0.010778547847569736,0.00750619041380296,0.312,compressed,rotation,False,A
1783929600,62881.3,102692.688,0.5794082353043278,0.07079246331831739,0.022261920619303543,0.588,compressed,rotation,False,A
1783944000,62596.6,106895.668,0.5852067672074707,0.11077207693139332,0.05072025319904716,0.928,compressed,rotation,False,A
1783958400,62258.0,107183.434,0.556440111382943,0.0007544369550427975,0.0598592657200383,0.936,compressed,rotation,False,A
1783972800,62307.0,107330.016,0.5486326277179994,0.006358303304595572,0.06924424925152661,0.944,compressed,rotation,False,A
1783987200,62538.2,106686.162,0.5624272230995193,0.07392454752114863,0.06542517116722557,0.904,compressed,rotation,False,A
1784001600,62529.7,106254.921,0.5499929084220005,0.06317586795674444,0.07019077883336622,0.88,compressed,rotation,False,A
1784016000,62810.3,106148.201,0.5676866863317784,0.007657702125259536,0.06787209252937032,0.876,compressed,rotation,False,A
1784030400,64727.5,104686.171,0.9566485628076007,0.21191214846506184,0.05670067108246224,0.78,normal,rotation,False,A
1784044800,64543.0,103598.382,0.9601174193523088,0.15128872182174471,0.03234359067742498,0.692,normal,rotation,False,A
1784059200,65014.7,105358.693,0.9791361760488244,0.19819004524886846,0.05184511656078006,0.848,normal,rotation,False,A
1784073600,64760.8,106369.043,0.9862400947830174,0.09690759546018542,0.05100188394548422,0.896,normal,rotation,False,A
1784088000,64528.0,106397.201,0.971706099539461,0.06426492566664062,0.044810160315508885,0.904,normal,rotation,False,A
1784102400,64707.5,106202.479,0.9620716474184768,0.03625947572478478,0.026302950813994475,0.884,normal,rotation,False,A
1784116800,65391.6,106487.308,0.9819399654441201,0.15341207495725845,0.027694435336442336,0.92,normal,rotation,False,A
1784131200,64942.0,103436.106,1.0018653843645722,0.11223654152838222,-0.0011935047516792308,0.668,normal,rotation,False,A
1784145600,64721.4,103012.029,1.0059493265821102,0.06383804829646582,-0.009077826510385245,0.636,normal,rotation,False,A
1784160000,64593.0,103326.064,1.007697094367258,0.05068172134639997,-0.004336509498478858,0.66,normal,rotation,False,A
1784174400,64200.0,102125.797,1.0033743585945258,0.0069017776685509815,-0.015399969129354263,0.548,normal,rotation,False,A
1784188800,64226.6,102193.531,0.919496822366026,0.00519038240603957,-0.01496903279142403,0.548,normal,rotation,False,A
1784203200,64677.7,100664.048,0.9341563978528702,0.053006523728463074,-0.016779181147126954,0.376,normal,rotation,False,A
1784217600,64241.6,100919.615,0.9549153799171222,0.0019473081328752835,-0.014770397525357803,0.412,normal,rotation,False,A
1784232000,63801.0,101778.498,0.966957935302058,0.0017245343757185574,0.0036859327080482895,0.512,normal,rotation,False,A
1784246400,63538.1,101987.335,0.9653812995516537,0.06455158193683973,0.005253991464826635,0.528,normal,rotation,False,A
1784260800,62792.9,102575.342,1.0183779854349453,0.09956466788372433,0.014738424257302762,0.576,normal,rotation,False,A
1784275200,63273.2,101971.903,1.031681041704306,0.06536410144769848,0.007828996087725804,0.528,normal,rotation,False,A
1784289600,63432.4,100382.523,1.0326100713951654,0.06506461119927463,-0.007455033617487561,0.34,normal,rotation,False,A
1784304000,64121.4,100044.15,1.0601291394004073,0.0069012816665952334,-0.0099863043560805,0.288,normal,rotation,False,A
1784318400,63909.9,100193.65,0.7315169699969234,0.013996726219133383,-0.0050070088391663825,0.324,compressed,rotation,False,A
1784332800,63989.5,100398.779,0.7311055126270883,0.11480078603366324,0.009754335449055906,0.352,compressed,rotation,False,A
1784347200,63980.1,100397.354,0.7051623000420308,0.099066610097582,0.003258126662458505,0.352,compressed,rotation,False,A
1784361600,64033.3,100643.703,0.7044819828305277,0.11127639433572252,-0.019952589029513024,0.384,compressed,rotation,False,A
1784376000,64090.0,100721.45,0.7012999684678743,0.14750212354068346,-0.057759291050035855,0.412,compressed,rotation,False,A
1784390400,64526.3,101517.157,0.7221677544516725,0.22189722469503004,-0.052865231020681636,0.496,compressed,rotation,False,A
1784404800,64806.7,101443.407,0.675782131140562,0.23912107674794583,-0.0548458783421778,0.492,compressed,rotation,False,A
1784419200,64686.8,102252.847,0.6558027014090576,0.20774675123762473,-0.041554733218353124,0.564,compressed,rotation,False,A
1784433600,64692.2,102468.544,0.651182774486617,0.20915342431305847,-0.03563483897371689,0.584,compressed,rotation,False,A
1784448000,64445.7,102519.978,0.6570826096099055,0.1586965803671932,-0.034180730015386684,0.584,compressed,rotation,False,A
1784462400,64545.2,102732.083,0.6377229500333682,0.021478645066274348,-0.018666152189289686,0.6,compressed,rotation,False,A
1784476800,64438.1,102685.355,0.6400302454096463,0.01247309782285607,-0.008813139572006023,0.588,compressed,rotation,False,A
1784491200,64694.7,102393.561,0.6224350317175902,0.03904820012202576,-0.02814321168543732,0.56,compressed,rotation,False,A
1784505600,64839.4,101889.122,0.5969569171280682,0.009720745009770057,-0.04211677452057172,0.516,compressed,rotation,False,A
1784520000,64250.0,101883.558,0.6196991313220337,0.03292902492182326,-0.04242257275170236,0.512,compressed,rotation,False,A
1784534400,64970.8,102606.843,0.6678255484726215,0.029308636753231233,-0.03385642250403598,0.58,compressed,rotation,False,A
1784548800,65570.1,103480.436,0.6003204839265165,0.020058658935374882,-0.02823690500280096,0.68,compressed,rotation,False,A
1784563200,65119.3,102520.022,0.6264907781551603,0.019921124481747744,-0.008856520565459047,0.568,compressed,rotation,False,A
1784577600,65224.8,101283.221,0.6279794215562785,0.057302219692658155,-0.01678258371165553,0.44,compressed,rotation,False,A
1784592000,65539.5,101598.152,0.5842368053256223,0.1055031043438522,-0.016722905461684867,0.464,compressed,rotation,False,A
1784606400,66166.9,104700.439,0.612983543991652,0.2136611012742103,0.02521049603167347,0.788,compressed,rotation,False,A
1784620800,66317.9,105449.917,0.6150213430584421,0.22414550755083001,0.031864893679033335,0.84,compressed,rotation,False,A
1784635200,66648.5,106771.354,0.6203454843580668,0.21399409312022288,0.06067018087728804,0.936,compressed,rotation,False,A
1784649600,66409.5,104867.165,0.6406966021665986,0.2405436893203887,0.039115785370366085,0.8,compressed,rotation,False,A
1784664000,66522.4,104341.524,0.6457293325024593,0.31335206337509186,0.025182391667835313,0.74,compressed,rotation,False,A
1784678400,66176.7,104117.736,0.6606609244397634,0.30094894840093106,0.020888878016079193,0.732,compressed,rotation,False,A
1784692800,65813.4,103755.778,0.6813446372941001,0.36019652503666916,0.011507989902680427,0.704,compressed,trend,False,B
1784707200,65981.4,104577.865,0.6811818402065336,0.33544727128595125,0.025555686648311315,0.756,compressed,trend,False,B
1784721600,66014.8,103233.329,0.6851489428914815,0.32492828023554304,0.028399425664963562,0.616,compressed,trend,False,B
1784736000,65891.1,102533.869,0.6839589812412264,0.2397220378472841,0.024886202741489782,0.532,compressed,trend,False,B
1784750400,66082.0,102257.644,0.6909840348323797,0.2950541315185353,0.02060004800703452,0.496,compressed,trend,False,B
1784764800,65626.8,102527.053,0.7248134080360873,0.2116112855905814,0.02119820600607114,0.528,compressed,rotation,False,A
1784779200,65405.3,102209.433,0.7292201892645427,0.17928397111731786,0.018049071293253283,0.48,compressed,rotation,False,A
1784793600,65525.4,102148.693,0.7312311353839929,0.18613325349600215,0.014953642951710533,0.472,compressed,rotation,False,A
1784808000,64940.4,104537.113,0.7330238366101138,0.0995248461016318,0.03788332078221668,0.752,compressed,rotation,False,A
1784822400,64820.7,104812.413,0.6641497399016916,0.035780262518229786,0.03246008948024426,0.788,compressed,rotation,False,A
1784836800,65069.6,104603.6,0.6165822705682089,0.03207466601598264,0.031152275869441137,0.752,compressed,rotation,False,A
1784851200,65425.4,104909.402,0.6073050551788949,0.08759072150277482,0.02598025461335074,0.804,compressed,rotation,False,A
1784865600,65470.0,103293.121,0.6075620256346026,0.09181264460078407,0.008047123222517882,0.608,compressed,rotation,False,A
1784880000,65045.7,104345.262,0.6214311029949394,0.069368973570421,0.01780417861580119,0.72,compressed,rotation,False,A
1784894400,64065.1,106326.982,0.6858403831048903,0.050375111484182174,0.03499295346712672,0.884,compressed,rotation,False,A
1784908800,64199.5,106094.758,0.6869032053061259,0.0249639038272404,0.033202426967311904,0.864,compressed,rotation,False,A
1784923200,64116.5,106134.03,0.6585200452681306,0.061614202595852215,0.036530314635702554,0.864,compressed,rotation,False,A
1784937600,64052.9,108201.654,0.6599498427524695,0.08454171190248407,0.06195491605080261,0.972,compressed,rotation,False,A
1784952000,63972.9,108251.193,0.6539996227441776,0.031511195514970766,0.06249914240333054,0.972,compressed,rotation,False,A
1784966400,64031.3,108167.906,0.6522823922406823,0.11554118037706143,0.05419777899218681,0.964,compressed,rotation,False,A
1784980800,64150.0,107981.713,0.6485572440921675,0.18561700236579742,0.043498821361749984,0.96,compressed,rotation,False,A
1784995200,64359.6,107385.338,0.6527037221080209,0.1025305351238282,0.047457227428219007,0.948,compressed,rotation,False,A
1785009600,64338.1,107526.406,0.6511217327336388,0.12104293222305716,0.06164086152038939,0.952,compressed,rotation,False,A
1785024000,64518.8,107345.311,0.6617037441532969,0.1419314468469717,0.05656755449646367,0.94,compressed,rotation,False,A
1785038400,64341.2,107098.173,0.6518442650901712,0.270807066466914,0.022900897292321698,0.924,compressed,rotation,False,A
1785052800,64481.4,107475.521,0.6356826608735092,0.2728461275609485,0.01920915689293512,0.948,compressed,rotation,False,A
1785067200,64733.6,107258.681,0.6490287723342151,0.287846674182638,0.004564211108533778,0.924,compressed,rotation,False,A
1785081600,64665.5,106899.967,0.6484029041640021,0.2690693655887433,0.019384542339826005,0.904,compressed,rotation,False,A
1785096000,65375.1,104373.768,0.6806889576815792,0.16208694177980504,0.00030902366348417587,0.664,compressed,rotation,False,A
1785110400,65261.5,104226.13,0.6808850631958265,0.13367999766293645,0.0010410714270621124,0.648,compressed,rotation,False,A
1785124800,65195.9,104290.03,0.6733903949836753,0.09429640375658427,0.005149130104349364,0.652,compressed,rotation,False,A
1785139200,65073.1,104728.177,0.6568151839113358,0.13966755339596731,0.0014373213681497798,0.716,compressed,rotation,False,A
1785153600,64517.1,104973.71,0.7058024937789681,0.21316841970423775,0.016858712364104855,0.748,compressed,rotation,False,A
1785168000,64959.2,104870.94,0.7185924350375115,0.12688751821140318,0.022793161155364228,0.74,compressed,rotation,False,A
1785182400,63720.8,105622.109,0.8081795547804754,0.2813699087204171,0.032901843504237194,0.792,compressed,rotation,False,A
1785196800,63310.1,106211.275,0.8287382582020342,0.27753884489595454,0.035934145108023285,0.828,compressed,rotation,False,A
1785211200,63476.8,106003.824,0.8359603847030849,0.23255954175459712,0.03712368700841906,0.808,compressed,rotation,False,A
1785225600,63430.8,105442.812,0.8371425426967819,0.2548671274213952,0.032248273602482724,0.764,compressed,rotation,False,A
1785240000,63899.4,104514.265,0.8742869088556064,0.12848679338434932,-0.00021856352585514216,0.644,normal,rotation,False,A
1785254400,63882.4,104234.531,0.8800803136517062,0.1172977635543103,-0.005513488178160664,0.616,normal,rotation,False,A
1785268800,63903.6,103272.522,0.8821695074525653,0.1500334551443717,-0.012724973136679862,0.516,normal,rotation,False,A
1785283200,63727.0,103415.953,0.8859576030353966,0.22369738159211858,-0.014235606833408632,0.532,normal,rotation,False,A
1785297600,64539.0,104612.446,0.988601812468646,0.11136630062920162,0.012772631780580967,0.668,normal,rotation,False,A
1785312000,64480.0,103458.565,0.9891487420244205,0.07076114828944863,-0.008497721726933749,0.532,normal,rotation,False,A
1785326400,63940.2,102118.86,1.0215384717268945,0.01653494314044791,-0.0395771790080528,0.372,normal,rotation,False,A
1785340800,63564.1,102716.827,1.0328185595545771,0.08150960823049508,-0.03183881148963075,0.456,normal,rotation,False,A
1785355200,63958.9,104367.469,1.046200001879684,0.019439510558515696,-0.01664462378371956,0.624,normal,rotation,False,A
1785369600,64134.0,104785.533,1.051384069917474,0.009867740640247058,-0.031571800187084054,0.7,normal,rotation,False,A
1785384000,63981.9,104743.869,0.9851685920128358,0.0010855405992184104,-0.032399864637057574,0.692,normal,rotation,False,A
1785398400,64766.8,106437.95,1.071739227501335,0.0815654353298659,-0.01599324664748536,0.864,normal,rotation,False,A
1785412800,64694.2,106442.653,1.0718181510847697,0.06066078116639874,-0.014252968926321774,0.864,normal,rotation,False,A
1785427200,64778.6,106465.059,1.0718683835324814,0.047366041148541635,-0.008569875712455377,0.864,normal,rotation,False,A
1785441600,64750.0,106615.301,1.0346536017137782,0.04652607561193264,-0.008473313987635733,0.876,normal,rotation,False,A
1785456000,64344.0,104968.213,1.028959728712116,0.01925449418399748,-0.022144404612139956,0.712,normal,rotation,False,A
1785470400,63909.1,105406.72,0.8483348159239046,0.04628469209593264,-0.015793481369658746,0.744,compressed,rotation,False,A
1785484800,63779.4,105488.307,0.8226778193997086,0.07527988675846096,-0.01848992199814503,0.756,compressed,rotation,False,A
1785499200,62695.4,110378.326,0.992641973600857,0.20066948902234882,0.029085244857709913,1.0,normal,rotation,False,A
1785513600,62947.2,109972.592,1.003663751995028,0.16616863461854647,0.028742992970240966,0.996,normal,rotation,False,A
1785528000,62859.9,109542.791,0.9735950058474169,0.2588080342443199,0.04952415821569267,0.992,normal,rotation,False,A
1785542400,62973.8,109087.743,0.9809590226458752,0.23539156471544526,0.046644857676285234,0.984,normal,rotation,False,A
1785556800,63019.6,109096.693,0.9830747654672218,0.22438627060800753,0.046089381698327214,0.984,normal,rotation,False,A
1785571200,63045.1,108988.324,0.9825925594642521,0.21121479753374456,0.040678135741826216,0.976,normal,rotation,False,A
1785585600,62976.4,108895.559,0.8741932285096093,0.16904205479301745,0.03736029716392797,0.972,normal,rotation,False,A
1785600000,62502.1,108357.236,0.9044674709858674,0.26863827693653314,0.0332436802797802,0.948,normal,rotation,False,A
1785614400,62792.3,108535.629,0.9000494332137662,0.11325518705097394,0.027584376297580038,0.96,normal,rotation,False,A
1785628800,63436.7,109070.87,0.9539918151119954,0.015014231499051074,0.026923648172004322,0.976,normal,rotation,False,A
1785643200,63468.1,109047.257,0.9300015089222464,0.0010486096881898075,0.02871059632716655,0.972,normal,rotation,False,A
1785657600,63007.3,109047.486,0.951162698023646,0.048613901165126636,0.03418605717761025,0.972,normal,rotation,False,A
1785672000,63081.6,108856.077,0.9520212913484659,0.09832635983263655,0.04154276930522349,0.952,normal,rotation,False,A
1785686400,63432.9,109250.62,0.8701144836787923,0.05195630815465535,0.048123102314337585,0.984,normal,rotation,False,A
1785700800,63550.0,109146.028,0.8753173831743921,0.04042344010791767,0.056873850722847674,0.98,normal,rotation,False,A
1785715200,62839.7,109098.76,0.9354197652966466,0.09560289189859002,0.05495097066890642,0.976,normal,rotation,False,A
1785729600,62591.0,110503.355,0.9380053074510682,0.22345087063249933,0.05631174133907546,1.0,normal,rotation,False,A
1785744000,62534.1,111644.569,0.9244234983556385,0.22326376538889633,0.07912350224459419,1.0,normal,rotation,False,A
1785758400,63659.5,108913.755,1.1007954306000767,0.030178577188134718,0.06653908004848463,0.94,normal,rotation,False,A
1785772800,63836.9,108498.074,1.101965742697357,0.029969459275372222,0.056283348783739084,0.908,normal,rotation,False,A
1785787200,63497.2,108575.544,0.9498286648094892,0.051030671456203894,0.04031979543357522,0.92,normal,rotation,False,A
1785801600,63771.0,108987.762,0.9521209544636475,0.039688613850560904,0.040103140955536354,0.94,normal,rotation,False,A
1785816000,63666.5,108783.29,0.9549055982201051,0.034664673686061756,0.03856474883508443,0.92,normal,rotation,False,A
1785830400,63900.2,109121.032,0.96373255745516,0.10138755644991534,0.025207945098529416,0.968,normal,rotation,False,A
1785844800,64088.4,109709.209,0.9705115198894169,0.06992958559390466,0.030688412097357176,0.984,normal,rotation,False,A
1785859200,64197.3,109019.045,0.9774701813306192,0.06691223021582689,0.02398895960786529,0.936,normal,rotation,False,A
1785873600,64075.5,108246.981,0.9866012961258039,0.07681619916407578,0.01530436986713557,0.864,normal,rotation,False,A
1785888000,64145.6,108084.175,0.9412108500288173,0.02349374763167885,0.029684815154469746,0.852,normal,rotation,False,A
1785902400,64141.0,107762.829,0.9351821190252976,0.028935055212427684,0.022352550197938026,0.84,normal,rotation,False,A
1785916800,64044.6,106863.704,0.8794592557429699,0.03322808600210459,0.013038383486427607,0.78,normal,rotation,False,A
1785931200,64353.6,109010.406,0.8923440640252521,0.23010740751019923,-0.012393012736938935,0.932,normal,rotation,False,A
1785945600,64805.7,108776.7,0.8725079755790122,0.25092823870924186,-0.010874454973290093,0.9,normal,rotation,False,A
1785960000,64633.9,107124.416,0.8877850576741387,0.236817514350554,-0.02207698907361233,0.792,normal,rotation,False,A
1785974400,64496.2,106114.229,0.881981937709377,0.202586895193484,-0.027258002762051814,0.664,normal,rotation,False,A
1785988800,64789.4,106728.88,0.8918573581108085,0.22800237046198246,-0.021703801782515963,0.752,normal,rotation,False,A
1786003200,64590.1,106937.1,0.7921189935894745,0.19468245967741898,-0.018820584854575717,0.776,compressed,rotation,False,A
1786017600,64604.2,106551.766,0.7712733454147876,0.2065369096860954,-0.021523311157252922,0.732,compressed,rotation,False,A
1786032000,64412.8,105716.009,0.7839178507103551,0.25145752451141706,-0.024375178783630047,0.636,compressed,rotation,False,A
1786046400,64300.0,105787.11,0.5159827684220524,0.20316395143577043,-0.02532365662155056,0.644,compressed,rotation,False,A
1786060800,64264.0,105354.148,0.5107832763778,0.12143496704683922,-0.03407621118269244,0.596,compressed,rotation,False,A
1786075200,64288.9,105217.894,0.467257100451253,0.12059592724280825,-0.03511654584764101,0.58,compressed,rotation,False,A
1786089600,64996.1,105882.338,0.5778746420608385,0.281995292516234,-0.029025410086024328,0.652,compressed,rotation,False,A
1786104000,64885.4,107904.993,0.5785386042971233,0.25445055720129767,-0.008737077673670046,0.836,compressed,rotation,False,A
1786118400,64932.9,106918.126,0.57028261179653,0.22106938631138323,-0.021349938334445984,0.772,compressed,rotation,False,A
1786132800,64885.4,106975.064,0.5673064436926208,0.19885043778664585,-0.019890453549074705,0.78,compressed,rotation,False,A
1786147200,65000.0,106953.113,0.569618390367409,0.35299596398633964,-0.01966701546378713,0.772,compressed,trend,False,B
1786161600,64936.3,107049.184,0.5674152202776145,0.3951709380107499,-0.03125851699253834,0.78,compressed,trend,False,B
1786176000,64938.5,107162.811,0.568426113378012,0.40889765654229443,-0.04014309016679529,0.788,compressed,trend,False,B
1786190400,65049.3,107262.577,0.5697681436968339,0.28563794804340703,-0.015160417524857195,0.796,compressed,trend,False,B
1786204800,65045.5,107400.57,0.5656129249671953,0.2575873827791979,-0.010115423800057366,0.812,compressed,trend,False,B
1786219200,64928.5,107228.489,0.5530361152775498,0.320251493522476,-0.012406615250299735,0.784,compressed,trend,False,B
1786233600,64759.0,106964.833,0.5063085926433817,0.2263459335624284,-0.018561065599273507,0.756,compressed,trend,False,B
1786248000,64793.6,106557.06,0.49749620067853684,0.2624153104700703,-0.020464815873834974,0.7,compressed,trend,False,B
1786262400,64921.8,106332.423,0.49533793816622834,0.24384189421424585,-0.025555192696491424,0.648,compressed,trend,False,B
1786276800,65207.7,107449.934,0.49503852495389294,0.2610734028409481,-0.020593303156529075,0.816,compressed,trend,False,B
1786291200,65153.2,107949.288,0.48243370910338707,0.2258262656807379,-0.009812569904643742,0.836,compressed,trend,False,B
1786305600,64867.8,107052.142,0.5159583415662395,0.18021153190037656,-0.011038081514716747,0.756,compressed,rotation,False,A
1786320000,64946.4,106629.766,0.5052940527947677,0.18179341657207845,-0.013456262214149306,0.692,compressed,rotation,False,A
1786334400,65183.0,107588.954,0.5119496799887737,0.22471425490619004,-0.0016134969879084693,0.82,compressed,rotation,False,A
1786348800,65097.6,106878.305,0.5164850826302237,0.2276264591439696,0.00013663198498159446,0.712,compressed,rotation,False,A
1786363200,64268.8,105080.718,0.7110742356526832,0.01647945897625169,-0.03604874198890706,0.496,compressed,rotation,False,A
1786377600,64017.2,106861.585,0.5874505913230427,0.1594443208703217,-0.0176059303141205,0.704,compressed,rotation,False,A
1786392000,63939.3,106299.561,0.5866289287893126,0.14317516593148377,-0.007699971965308028,0.612,compressed,rotation,False,A
1786406400,64110.7,106681.634,0.5975142420681846,0.07891343063601601,0.0053471151357091795,0.68,compressed,rotation,False,A
1786420800,64031.7,106307.458,0.5991452308549139,0.16221713160204862,-0.003948528270886098,0.612,compressed,rotation,False,A
1786435200,64358.3,105984.918,0.6300904395555961,0.048309782835229215,-0.008904131494121281,0.572,compressed,rotation,False,A
1786449600,63585.3,106796.125,0.7593688922237114,0.18335102841410061,0.0022933359921974983,0.708,compressed,rotation,False,A
1786464000,63508.5,109512.595,0.7596536536539406,0.1661552595314663,0.035913065919845666,0.976,compressed,rotation,False,A
1786478400,63572.0,109278.453,0.7580071379374572,0.13498479566862018,0.033003482182280885,0.968,compressed,rotation,False,A
1786492800,63800.1,109003.723,0.7776709201075667,0.08305731115607094,0.03464101859567981,0.92,compressed,rotation,False,A
1786507200,63804.8,108840.533,0.7788946380980487,0.08698855366480386,0.03442987558751165,0.896,compressed,rotation,False,A
1786521600,64207.3,107894.162,0.8242582373350721,0.14995057410082838,0.019000562681190436,0.828,compressed,rotation,False,A
1786536000,63421.4,110043.251,0.9422776657647438,0.24664734820405723,0.019816117313496306,0.988,normal,rotation,False,A
1786550400,63394.9,111213.877,0.9389503041245091,0.2600344909207727,0.04017794887276627,0.996,normal,rotation,False,A
1786564800,63454.7,111095.578,0.9206244147226721,0.24139094636319283,0.03851845323504555,0.992,normal,rotation,False,A
1786579200,63623.5,111748.2,0.9361700131727608,0.2301416127468195,0.04483354308724041,1.0,normal,rotation,False,A
1786593600,63833.0,110518.034,0.9422627350149481,0.18007475232172943,0.032404263819516776,0.984,normal,rotation,False,A
1786608000,63458.5,110642.014,0.9591559025061993,0.2277203348104383,0.032466514899464505,0.984,normal,rotation,False,A
1786622400,63385.0,110669.631,0.9427813430106412,0.2575558272334769,0.03176367839829153,0.984,normal,rotation,False,A
1786636800,63387.4,110154.996,0.9466662536229205,0.2566519619224519,0.025646288469418632,0.964,normal,rotation,False,A
1786651200,63456.7,109602.649,0.8314694335424203,0.229509730538923,0.022141130795939823,0.948,compressed,rotation,False,A
1786665600,63288.1,109836.879,0.8260499360388723,0.22940158143452088,0.026850376141848376,0.952,compressed,rotation,False,A
1786680000,62888.1,111371.401,0.8602543074501895,0.2811591636787516,0.04518087304585916,0.992,normal,rotation,False,A
1786694400,62837.4,113821.084,0.8538094629795557,0.31111376458998885,0.07042688193045321,1.0,normal,rotation,False,A
1786708800,62956.0,114096.608,0.8613688461076284,0.3446919249904328,0.061858334878083676,1.0,normal,rotation,False,A
1786723200,62936.3,112107.458,0.8278785379405293,0.34118226449359007,0.03851966119498629,0.992,compressed,rotation,False,A
1786737600,63015.0,112007.936,0.7007990112622228,0.29451597520267164,0.04629327267454397,0.988,compressed,rotation,False,A
1786752000,63030.3,112029.552,0.7009081190868547,0.3076737800472087,0.05064051251880253,0.988,compressed,rotation,False,A
1786766400,63049.8,111927.662,0.6999325185326648,0.35490633214654116,0.04032670491433543,0.98,compressed,trend,False,B
1786780800,62993.1,111910.402,0.681597108572793,0.3518112974138655,0.04708249256011321,0.976,compressed,trend,False,B
1786795200,63068.0,111839.662,0.6853540274037188,0.22968630451415512,0.06432144858393518,0.972,compressed,trend,False,B
1786809600,63093.6,111616.623,0.6285207072345692,0.18464614154338263,0.0444971689311926,0.96,compressed,rotation,False,A
1786824000,63053.9,111517.11,0.4200559491042715,0.1783714090011689,0.049083448237382754,0.956,compressed,rotation,False,A
1786838400,63096.6,111290.892,0.4221059823524515,0.2097371305660687,0.043205731175808504,0.948,compressed,rotation,False,A
1786852800,63034.3,111354.932,0.4201869434705948,0.20699817366760653,0.047479961377686175,0.948,compressed,rotation,False,A
1786867200,62981.1,111564.836,0.4021184209924595,0.30301430143014446,0.05264822679770331,0.956,compressed,rotation,False,A
1786881600,63113.8,111706.961,0.38660338465818944,0.12075191435961799,0.04598327888769371,0.964,compressed,rotation,False,A
1786896000,63082.2,111428.66,0.31921889724010555,0.11045472211426426,0.017496298028550905,0.944,compressed,rotation,False,A
1786910400,62876.0,110962.944,0.33842944205685804,0.1739043526060668,0.01541466733611263,0.92,compressed,rotation,False,A
1786924800,63409.8,110626.011,0.48382770783862106,0.0906009888808922,0.014882867808102329,0.908,compressed,rotation,False,A
1786939200,63493.5,110112.332,0.48613748583382255,0.0709612710570114,0.011684975853618829,0.888,compressed,rotation,False,A
1786953600,63600.0,109047.638,0.4789413412249264,0.14845144100320315,0.010690810129282191,0.824,compressed,rotation,False,A
1786968000,64169.9,107491.787,0.5131685864878843,0.19316627525871666,-0.023186010744084662,0.704,compressed,rotation,False,A
1786982400,64280.4,106505.91,0.509049667914458,0.22367324256738016,-0.04233254992090596,0.564,compressed,rotation,False,A
1786996800,64504.1,106416.222,0.5184913343065215,0.2545357524012813,-0.04212009230466396,0.544,compressed,rotation,False,A
1787011200,64147.4,106174.977,0.5829836698281496,0.12153478553367265,-0.04987304493495193,0.504,compressed,rotation,False,A
1787025600,64170.9,105954.883,0.5855153689292154,0.08192110941401855,-0.04128874569013774,0.476,compressed,rotation,False,A
1787040000,64326.0,106097.638,0.5906086740408792,0.2221340229943929,-0.04107278813634019,0.488,compressed,rotation,False,A
1787054400,64823.9,106638.003,0.6485702955813972,0.3323324941681883,-0.0364293976908624,0.58,compressed,rotation,False,A
1787068800,64619.7,107029.715,0.6691495459839609,0.2719408584353961,-0.02837166822646886,0.64,compressed,rotation,False,A
1787083200,64694.0,106292.381,0.6702151173605371,0.27274330430949034,-0.03020244519819959,0.508,compressed,rotation,False,A
1787097600,64296.3,105623.692,0.7342303334228281,0.2115578311230495,-0.038358582639625105,0.444,compressed,rotation,False,A
1787112000,64266.1,104841.087,0.7340521794775015,0.31348105009327065,-0.058635466029559935,0.384,compressed,rotation,False,A
1787126400,64479.0,104765.53,0.740784052987419,0.36015796401930583,-0.07955954803593335,0.372,compressed,trend,False,B
1787140800,68523.7,109663.504,2.5143223104685366,0.656251105008191,-0.03885395085540133,0.868,expanded,trend,True,C
1787155200,68404.1,109985.542,2.5176649771793014,0.636975768872321,-0.018927518631276063,0.88,expanded,trend,True,C
1787169600,69310.0,107509.897,2.541757686453102,0.6688838830329822,-0.04015821700348099,0.696,expanded,trend,True,C
1787184000,69183.5,109136.695,2.5469391819037166,0.6461816348819627,-0.025822266967558627,0.836,expanded,trend,True,C
1787198400,69815.9,110389.966,2.530158662118522,0.667577674069835,-0.013738301797101782,0.896,expanded,trend,True,C
1787212800,71896.2,108569.106,2.709646172993582,0.7322290667741332,-0.029856884974821196,0.748,expanded,trend,True,C
1787227200,72429.0,108585.94,2.701670344646331,0.7419472449432509,-0.029092738137924568,0.752,expanded,trend,True,C
1787241600,72649.7,107808.865,2.6979838007083927,0.7458768800880438,-0.034114613913735825,0.692,expanded,trend,True,C
1787256000,72998.7,107639.105,2.697177612446911,0.7579184830655735,-0.03477497757967374,0.684,expanded,trend,True,C
1787270400,74482.9,108022.598,2.743684483094195,0.7818811072122617,-0.029367129162735206,0.708,expanded,trend,True,C
1787284800,76310.4,110153.451,2.8199301163531167,0.8130929268307618,-0.010789652316432696,0.884,expanded,trend,True,C
1787299200,76749.0,107829.855,2.7605348618612178,0.823769094074779,-0.03347812029231145,0.684,expanded,trend,True,C
1787313600,77219.8,107072.109,2.739543519040559,0.827263450508463,-0.04149116544312759,0.6,expanded,trend,True,C
1787328000,76995.4,106427.192,2.7705153689778372,0.806833602022709,-0.044884933553001605,0.484,expanded,trend,True,C
1787342400,78309.1,106117.954,2.788052548814619,0.8409629625593267,-0.043663134965128636,0.424,expanded,trend,True,C
1787356800,78395.0,105996.873,2.760308481192225,0.8369843273495009,-0.041844932834105286,0.404,expanded,trend,True,C
1787371200,77286.7,105590.402,2.9072479176423287,0.728703958073582,-0.041066517417867376,0.372,expanded,trend,True,C
1787385600,77137.9,106367.719,2.8745295130445205,0.7136215321522129,-0.02457567214798373,0.468,expanded,trend,True,C
1787400000,76995.6,106479.739,2.882895313389583,0.6916696776698613,-0.009415119315115628,0.496,expanded,trend,True,C
1787414400,77422.4,106396.673,2.876731640965501,0.6968408326882086,-0.0010256426145742736,0.468,expanded,trend,True,C
1787428800,77084.5,105834.173,1.9116050060292031,0.6630476029852012,-0.005469551437373932,0.376,expanded,trend,True,C
1787443200,76941.1,106378.845,1.912396682893723,0.6819560454790178,0.0019201134368975747,0.464,expanded,trend,True,C
1787457600,76020.3,107354.833,2.0131870377182524,0.60278976070324,0.013212699220289892,0.636,expanded,trend,True,C
1787472000,77296.0,106793.139,2.04821555868822,0.6242119144102959,0.006555292022617731,0.536,expanded,trend,True,C
1787486400,77124.0,105887.151,2.064157182045198,0.6014042430435702,-0.007041129605549701,0.368,expanded,trend,True,C
1787500800,77305.1,105897.318,1.7882600622594391,0.6209445303780873,-0.010580211299263897,0.368,expanded,trend,True,C
1787515200,77719.1,105549.98,1.7828327353834335,0.627144432300219,-0.006984517545053359,0.332,expanded,trend,True,C
1787529600,76925.2,106479.168,1.8643985363792481,0.5966851089765699,0.008099281361988453,0.484,expanded,trend,True,C
1787544000,77301.8,107262.624,1.8614650636824372,0.6059874950607819,0.02309721378604168,0.624,expanded,trend,True,C
1787558400,78429.4,107715.616,1.781198978027533,0.6220581284390582,0.028158937390952987,0.672,expanded,trend,True,C
1787572800,79069.3,108354.264,1.5457175030682537,0.5544071414301791,-0.011938702961743819,0.724,expanded,trend,True,C
1787587200,78715.1,107933.631,1.5497030523504927,0.5354694640631491,-0.018656188465207557,0.688,expanded,trend,True,C
1787601600,78953.0,107235.866,1.5341938846530296,0.5187755541209382,-0.002548890917456692,0.604,expanded,trend,True,C
1787616000,80457.6,107551.936,1.6697892231993483,0.5646621022633365,-0.014520863033281373,0.652,expanded,trend,True,C
1787630400,79661.5,107474.112,1.6174284832526755,0.4891057039811621,-0.026414121732766915,0.632,expanded,trend,True,C
1787644800,79097.0,107275.686,1.647504607317379,0.38684860857419134,-0.01191333379865911,0.608,expanded,trend,True,C
1787659200,79463.1,107986.119,1.536590357870464,0.3813078336667154,-0.0055239287885705535,0.696,expanded,trend,True,C
1787673600,78890.7,107340.385,1.5691625856670879,0.33198574392254854,-0.0043454682506861575,0.604,expanded,trend,True,C
1787688000,78505.4,106612.298,1.5831400878747506,0.29236062074933705,-0.00953934910551324,0.48,expanded,trend,True,C
1787702400,79049.0,105915.224,1.5905074150245397,0.255164937104282,-0.019508640219891737,0.356,expanded,trend,True,C
1787716800,78887.0,105946.304,1.5801828301670626,0.15876321691765455,-0.03819351061456988,0.36,expanded,rotation,True,C
1787731200,78442.6,105352.865,1.5989472142838332,0.10431783184477997,-0.02297128193300446,0.292,expanded,rotation,True,C
1787745600,77980.7,106433.414,1.5343358566877137,0.0468935850265925,-0.005965092179140652,0.444,expanded,rotation,True,C
1787760000,78434.9,106433.527,1.4113857459451045,0.08747622433291391,5.95242614311875e-05,0.444,expanded,rotation,True,C
1787774400,78989.4,105613.474,1.4268271067708118,0.0433403199398592,-0.004753955207240423,0.312,expanded,rotation,True,C
1787788800,78801.8,106464.837,1.4327313081396158,0.025749442981567925,0.004414884956087217,0.452,expanded,rotation,True,C
1787803200,79054.4,106660.962,1.4244855301498625,0.11829856719334507,0.010138800304974716,0.492,expanded,rotation,True,C
1787817600,79440.1,105475.225,1.3544876472576683,0.15166407546971006,-0.008390647166176324,0.288,expanded,rotation,True,C
1787832000,80273.6,107951.553,1.3935681978929741,0.20654283337953955,0.013822479410848354,0.688,expanded,rotation,True,C
1787846400,79877.9,109108.954,1.3145410152038413,0.1550218754143067,0.02549215989112752,0.82,expanded,rotation,True,C
1787860800,80208.9,108781.83,1.2878878220473367,0.19733717346268412,0.027851656194261665,0.748,normal,rotation,True,C
1787875200,79783.3,109378.213,1.293779242749203,0.17636984176233259,0.02819515477912926,0.84,normal,rotation,True,C
1787889600,79645.6,109215.443,1.2932404451856991,0.2364547120709106,0.01733140416696477,0.828,normal,rotation,True,C
1787904000,79563.2,107774.349,1.0428627546675606,0.1603553392839453,0.0091879497989098,0.644,normal,rotation,False,A
1787918400,78309.0,107742.248,1.1510541189661676,0.0778539892778301,0.017519566656392538,0.636,normal,rotation,False,A
1787932800,77546.4,107230.935,1.1792998669951733,0.0152699290609587,0.012593491744521845,0.552,normal,rotation,False,A
1787947200,77805.9,105627.285,1.1704115406078623,0.005547105663415183,0.0007324018441312585,0.28,normal,rotation,False,A
1787961600,77482.2,106229.624,1.1500462419296547,0.03669881931267122,-0.0023435945705361227,0.356,normal,rotation,False,A
1787976000,77587.0,106708.765,1.1408823111472821,0.019133491660963953,-0.005163578694476034,0.464,normal,rotation,False,A
1787990400,77563.4,106969.87,1.0980895194336406,0.06274543900070984,-0.006923285849286698,0.512,normal,rotation,False,A
1788004800,77563.4,107365.397,1.0976972106690595,0.11441357250852874,-0.00912623983122618,0.584,normal,rotation,False,A
1788019200,78154.9,107858.518,1.1266895024596386,0.04180846617708594,-0.0006959184019297293,0.652,normal,rotation,False,A
1788033600,78200.7,107692.983,1.097569177487354,0.056961785706173204,0.004262724935703899,0.624,normal,rotation,False,A
1788048000,78101.4,108339.223,1.0686617812076382,0.19964751139656683,0.0073200634900705275,0.704,normal,rotation,False,A
1788062400,78082.6,108472.78,1.023140065082527,0.14321737947299107,0.009292172611763627,0.712,normal,rotation,False,A
1788076800,78141.5,108569.589,1.0205937873960917,0.09083649431024136,0.012061474955284979,0.724,normal,rotation,False,A
1788091200,78791.1,108128.938,1.0657706690760436,0.06220839813374792,0.0013225681348913998,0.676,normal,rotation,False,A
1788105600,78828.2,107108.731,1.0438790994532323,0.006087405401720054,-0.0021581252945943596,0.508,normal,rotation,False,A
1788120000,77634.6,106340.905,1.094517676363554,0.07862469978510833,-0.002545606886740215,0.336,normal,rotation,False,A
1788134400,77727.2,106537.197,1.090114680191654,0.12441173148601384,0.005872366374828131,0.392,normal,rotation,False,A
1788148800,78168.2,106225.059,1.103391993094108,0.06592439055707433,0.002631096975312941,0.304,normal,rotation,False,A
1788163200,78284.7,107267.82,1.0950730662621866,0.014930736135408155,0.018176582098645255,0.54,normal,rotation,False,A
1788177600,78543.0,107231.646,1.10607618908624,0.05421378918038199,0.007499825195873111,0.52,normal,rotation,False,A
1788192000,78869.2,107176.586,1.1146048644616149,0.04239596247522953,0.006981437343516639,0.508,normal,rotation,False,A
1788206400,78549.6,108003.455,0.9387710939678892,0.043940453591766376,0.022629508428062772,0.664,normal,rotation,False,A
1788220800,78653.9,108095.386,0.8488225343057256,0.014900712292332955,0.015315375911391316,0.672,compressed,rotation,False,A
1788235200,78600.2,108309.091,0.8435046713803022,0.0466957272689886,0.015452035769188077,0.692,compressed,rotation,False,A
1788249600,78056.4,108779.376,0.8735630103455883,0.13998118342117943,0.03132632331431373,0.736,normal,rotation,False,A
1788264000,77877.3,108181.486,0.8784164791662982,0.2596067385298753,0.002129964725935851,0.672,normal,rotation,False,A
1788278400,77286.3,109030.224,0.9282428563040449,0.27494748456364515,-0.0007215723101882121,0.78,normal,rotation,False,A
1788292800,77400.1,108318.179,0.9304001801261628,0.30501922116282654,-0.004262209966498953,0.684,normal,rotation,False,A
1788307200,77534.3,108956.91,0.8809820019032821,0.2522092136545117,-0.003851799992380611,0.756,normal,rotation,False,A
1788321600,77444.9,108666.916,0.8804970800370113,0.24813674751096756,-0.005022430756427054,0.72,normal,rotation,False,A
1788336000,76788.6,108185.777,0.9328506675215328,0.293832337865888,0.0038174946433682244,0.656,normal,rotation,False,A
1788350400,77249.9,107627.548,0.9691144771817134,0.12244072185805774,-0.001064577750410467,0.56,normal,rotation,False,A
1788364800,77301.3,107951.879,0.9689367897262494,0.030874072581152222,0.006723283724048512,0.616,normal,rotation,False,A
1788379200,77300.0,107671.06,0.9018392932461542,0.06586810754508145,0.01934893053437836,0.56,normal,rotation,False,A
1788393600,77665.3,107612.915,0.9266422760875082,0.02371116665155943,0.013021706638065567,0.548,normal,rotation,False,A
1788408000,77627.3,107439.634,0.7174887876112076,0.0052643266756369055,0.006849193690883881,0.512,compressed,rotation,False,A
1788422400,77909.7,107058.294,0.72981402155868,0.043757344486423704,0.0008266252917761285,0.424,compressed,rotation,False,A
1788436800,81316.7,110764.982,1.7791272357997472,0.33153138829265927,0.0316636932847183,0.916,expanded,rotation,False,A
1788451200,81722.9,111485.99,1.7813209300523893,0.32040805330555705,0.033631761934648674,0.944,expanded,rotation,False,A
1788465600,81230.7,112737.102,1.804852240723529,0.2616083300236587,0.04683795414971481,0.992,expanded,rotation,False,A
1788480000,80808.0,113493.078,1.8133684569682855,0.2273383953769675,0.04757145987653977,0.992,expanded,rotation,True,C
1788494400,80628.0,112137.52,1.8008128156312362,0.21094242052574078,0.033784881331519356,0.984,expanded,rotation,True,C
1788508800,81188.0,111220.744,1.8120667555649306,0.2424032654620116,0.024418946635231364,0.912,expanded,rotation,True,C
1788523200,79384.8,108549.082,2.0186758968241243,0.04326786430055025,0.0038855833394018102,0.676,expanded,rotation,True,C
1788537600,79754.7,107598.473,1.9873537985934222,0.0659228848110546,0.0045723816856722,0.52,expanded,rotation,True,C
1788552000,79616.1,107932.455,1.9778045929105983,0.15243128476148798,0.014966489141690076,0.58,expanded,rotation,True,C
1788566400,79543.9,107742.754,1.9369050018213765,0.13997334134633937,0.011315831784085795,0.552,expanded,rotation,True,C
1788580800,79673.0,107479.895,1.9235425284703822,0.11879687376648047,0.011812994144818623,0.5,expanded,rotation,True,C
1788595200,79577.4,107283.571,1.923100869809507,0.10222123816828911,0.0001468380731517449,0.46,expanded,rotation,True,C
1788609600,79760.2,106848.72,1.9166282256652454,0.09682910919128766,-0.0035710167127341874,0.344,expanded,rotation,True,C
1788624000,79719.9,106355.495,1.8763128887825178,0.06924874030297845,-0.00766110426394806,0.236,expanded,rotation,True,C
1788638400,79797.7,106272.312,1.8686419899969362,0.10363782809788286,-0.016028589085413936,0.216,expanded,rotation,True,C
1788652800,79991.0,106526.003,1.866021803541884,0.11021356918537133,-0.014518501279971341,0.3,expanded,rotation,True,C
1788667200,79766.2,106508.213,1.866692450437308,0.09477363244737055,-0.016627209991080028,0.3,expanded,rotation,True,C
1788681600,79878.4,106760.128,1.8561791944650419,0.15347810704718912,-0.018562783445273734,0.352,expanded,rotation,True,C
1788696000,79677.8,106421.948,1.8522797050200654,0.15139284783358145,-0.01626468691694627,0.256,expanded,rotation,True,C
1788710400,79804.7,106262.205,1.845041511729593,0.22035559288814197,-0.025387630130889183,0.208,expanded,rotation,True,C
1788724800,80301.1,105565.575,0.9998638300156973,0.2456101732224801,-0.02541220712360759,0.108,normal,rotation,False,A
1788739200,79560.0,105751.051,1.0206320583431825,0.16312216648011374,-0.02942318206344141,0.132,normal,rotation,False,A
1788753600,79357.7,106723.39,1.0048715587519068,0.15264300306435163,-0.01788516755182412,0.344,normal,rotation,False,A
1788768000,79376.8,107264.114,0.9941334918955521,0.21760551538590836,-0.008519262194696786,0.46,normal,rotation,False,A
1788782400,78786.1,107798.478,1.0183088042775612,0.1277675200026622,0.0015881621682956037,0.564,normal,rotation,False,A
1788796800,79325.3,107245.249,1.0139666957966773,0.16177504955559804,-0.0065457869427173465,0.444,normal,rotation,False,A
1788811200,79075.9,106896.032,0.6355142706063088,0.13918475151458087,-0.0071981087582865255,0.364,compressed,rotation,False,A
1788825600,78880.0,107136.467,0.6133387680981308,0.09648210073153847,-0.004427423976016143,0.416,compressed,rotation,False,A
1788840000,78445.0,108508.728,0.6395381436561252,0.06296344778199543,0.009950648193756795,0.668,compressed,rotation,False,A
1788854400,78400.0,108614.729,0.6411954022868542,0.03845641005529647,0.014538201029058229,0.692,compressed,rotation,False,A
1788868800,78870.0,107930.645,0.6815002698731486,0.24934522292993563,-0.025588746089445502,0.576,compressed,rotation,False,A
1788883200,78407.3,106949.815,0.7090903346232184,0.33596109028270205,-0.04068829635006155,0.356,compressed,rotation,False,A
1788897600,78425.6,106647.269,0.7010622409155302,0.2985705314472422,-0.05401800198837825,0.292,compressed,rotation,False,A
1788912000,78593.7,106966.188,0.7101771730745823,0.24225151796947644,-0.05750914606439694,0.364,compressed,rotation,False,A
1788926400,79246.0,105643.081,0.7808434301908455,0.14376664447403437,-0.05791495121347434,0.084,compressed,rotation,False,A
1788940800,79281.7,105465.147,0.7768692953530566,0.20974858337459426,-0.05174931216068834,0.048,compressed,rotation,False,A
1788955200,78570.0,105506.473,0.8362175525070933,0.10188820807802944,-0.02802979945975037,0.056,compressed,rotation,False,A
1788969600,78194.4,105027.467,0.8473305710964705,0.1949716970522446,-0.023894446903535482,0.02,compressed,rotation,False,A
1788984000,78264.1,105123.235,0.8510596089470112,0.1704101439411117,-0.02602757437510339,0.024,normal,rotation,False,A
1788998400,78297.4,105506.328,0.8492772541066222,0.15788673700743472,-0.02075708961365519,0.056,compressed,rotation,False,A
1789012800,78071.1,105119.068,0.811602896314863,0.2004354299871114,-0.02196528941529019,0.024,compressed,rotation,False,A
1789027200,77816.4,106209.376,0.7622282079677095,0.21604180979487653,-0.010012670066696372,0.16,compressed,rotation,False,A
1789041600,77218.5,107654.831,0.8060141504648431,0.29670919766993875,0.007544414196070992,0.52,compressed,rotation,False,A
1789056000,77129.1,107191.644,0.8099096378152159,0.30071732014764146,0.00786183168062915,0.408,compressed,rotation,False,A
1789070400,76535.7,106878.433,0.813348209118176,0.3572445515277626,0.005703470533321875,0.328,compressed,trend,False,B
1789084800,76860.8,107073.497,0.7789937020672291,0.33793237465992965,0.005139533865736068,0.384,compressed,trend,False,B
1789099200,77188.1,106513.299,0.8088780012240924,0.2752821586067708,4.775218602159903e-05,0.244,compressed,trend,False,B
1789113600,77000.1,106624.657,0.811957046563457,0.30486913601169213,-0.0012689287895945034,0.268,compressed,trend,False,B
1789128000,77682.9,104087.627,0.8780183202001384,0.2010319147864126,-0.02193458251675684,0.004,normal,rotation,False,A
1789142400,77250.7,103556.649,0.8999253094656666,0.24969203996636866,-0.02546113173540865,0.004,normal,rotation,False,A
1789156800,77191.1,103404.859,0.8641729236756804,0.31761269633775235,-0.02046799820869638,0.004,normal,rotation,False,A
1789171200,77236.8,103431.281,0.8494912064177292,0.2553977397651821,-0.021936141324969016,0.008,compressed,rotation,False,A
1789185600,77236.9,103597.369,0.8497076533794137,0.23844752760225885,-0.029290870539250946,0.016,compressed,rotation,False,A
1789200000,77325.8,103807.891,0.8489415393755366,0.22880410531013015,-0.032221615143346094,0.02,compressed,rotation,False,A
1789214400,77343.7,103880.152,0.7705177847090627,0.17189436552579063,-0.03634862080334755,0.024,compressed,rotation,False,A
1789228800,77084.1,103530.905,0.7760790142064212,0.27629567532915916,-0.03463411232324143,0.012,compressed,rotation,False,A
1789243200,77242.8,103322.256,0.7233888546720276,0.22854043810544983,-0.03343226061001037,0.004,compressed,rotation,False,A
1789257600,77162.2,103583.422,0.7061596656363696,0.21728901032179862,-0.033163731262484064,0.024,compressed,rotation,False,A
1789272000,77087.7,103988.986,0.7032963413832908,0.17989158526726085,-0.04165325760707472,0.04,compressed,rotation,False,A
1789286400,76752.9,104875.758,0.7181301241477456,0.21022603989840496,-0.03442416175434182,0.056,compressed,rotation,False,A
1789300800,77098.0,104972.689,0.7496133962911664,0.22983138780804238,-0.027406081006928207,0.06,compressed,rotation,False,A
1789315200,77254.1,104936.037,0.750653273720668,0.15576626955182757,-0.01882918638054687,0.06,compressed,rotation,False,A
1789329600,76805.0,104917.346,0.7241510863902122,0.20686221949912045,-0.01622097796053268,0.06,compressed,rotation,False,A
1789344000,77558.7,106209.305,0.8287133515635021,0.12292453502458507,-0.007075908884403792,0.208,compressed,rotation,False,A
1789358400,77854.0,106641.095,0.7719600709573142,0.17264473880041697,0.009447036100736161,0.344,compressed,rotation,False,A
1789372800,77745.8,106002.055,0.7682283935634804,0.1887945128022318,0.005090857171990537,0.192,compressed,rotation,False,A
1789387200,78543.1,105790.861,0.8553108725651726,0.0032721478183646803,0.0026954554721965174,0.156,normal,rotation,False,A
1789401600,78952.1,104672.036,0.8641703363629465,0.09179457979477518,-0.0033841718757248174,0.048,normal,rotation,False,A
1789416000,78153.3,103536.015,0.921583391865297,0.012333860231093256,-0.015098660158241906,0.02,normal,rotation,False,A
1789430400,77658.6,103317.572,0.9328470306256679,0.06763510079620418,-0.020745258047460413,0.004,normal,rotation,False,A
1789444800,76895.3,104614.583,1.0229253002080165,0.11779438578212373,-0.004799176872458566,0.056,normal,rotation,False,A
1789459200,76899.8,105614.055,1.0224260135560157,0.0941880060832743,-0.005605164274762431,0.148,normal,rotation,False,A
1789473600,76473.6,108260.249,1.0459075381293224,0.07791922509649626,0.005623695605448509,0.736,normal,rotation,False,A
1789488000,76149.1,108126.529,1.0544428896554812,0.10005104645227157,0.008721621995087636,0.72,normal,rotation,False,A
1789502400,75599.9,107512.513,1.0865538888076032,0.09597161258563427,0.005932721711966016,0.6,normal,rotation,False,A
1789516800,75787.4,108073.487,1.0918916764209254,0.11165896891773905,0.009339285892567606,0.712,normal,rotation,False,A
1789531200,75726.0,107436.007,1.0845548766365922,0.15641950081841896,0.008662843125345265,0.572,normal,rotation,False,A
1789545600,76210.2,106634.32,1.1265835935348505,0.08191009488256441,9.062631732548176e-05,0.368,normal,rotation,False,A
1789560000,75753.7,107336.789,1.1485028880349206,0.20485919381557127,0.031215641029072705,0.556,normal,rotation,False,A
1789574400,76043.5,108188.127,1.153644964405639,0.13015914089791658,0.044724100719018,0.74,normal,rotation,False,A
1789588800,76174.6,107937.167,1.1378095196570974,0.10875961610476853,0.04383070625336871,0.688,normal,rotation,False,A
1789603200,76401.8,108265.01,1.1401147980400606,0.08763827956086384,0.04673372458763225,0.744,normal,rotation,False,A
1789617600,76433.1,108378.566,1.1143825701049668,0.08408829375457537,0.04615172225078412,0.76,normal,rotation,False,A
1789632000,76449.7,108532.825,1.0225135169629853,0.09235034311193616,0.04551613518475195,0.768,normal,rotation,False,A
1789646400,76751.8,108468.974,1.0201202019883409,0.0605778382748767,0.04417419412324319,0.756,normal,rotation,False,A
1789660800,76561.1,108229.566,1.017276164790598,0.05390641104926803,0.045384139161152026,0.724,normal,rotation,False,A
1789675200,76385.9,108265.168,0.9030792908613293,0.0881720430107532,0.047839760680409515,0.732,normal,rotation,False,A
1789689600,77349.0,108316.466,1.0307755421336497,0.017620979152910304,0.04569306466820522,0.736,normal,rotation,False,A
1789704000,77776.1,108463.705,0.9852254922808268,0.06284691790826812,0.04303070134754461,0.752,normal,rotation,False,A
1789718400,78031.0,107784.618,0.9589630405766412,0.11754048759851762,0.027736247684617465,0.62,normal,rotation,False,A
1789732800,80688.7,109633.453,1.5745474931935353,0.2723053472164283,0.04439977716489674,0.848,expanded,rotation,False,A
1789747200,81169.1,108920.672,1.5734477911886293,0.28977247494559755,0.037972036241467944,0.8,expanded,rotation,False,A
1789761600,80863.0,107958.504,1.5564621901414124,0.30356982554833994,0.02898622692952979,0.66,expanded,rotation,False,A
1789776000,81100.1,108249.411,1.524871964146595,0.27557388530075455,0.01920835467287918,0.704,expanded,rotation,False,A
1789790400,81077.0,108177.348,1.4671357820600277,0.25622475911851594,0.014405825446559772,0.684,expanded,rotation,False,A
1789804800,81274.7,108201.56,1.466367372064198,0.27856144865530347,0.020749644900752262,0.696,expanded,rotation,False,A
1789819200,81609.1,107885.797,1.453126964274065,0.251200288396938,0.01980261792178828,0.612,expanded,rotation,False,A
1789833600,81330.5,107821.383,1.4731320705260171,0.19696894409937746,0.030087759064894914,0.6,expanded,rotation,False,A
1789848000,81225.6,107666.309,1.4282706335190376,0.2699475446134372,0.03989234084390825,0.56,expanded,rotation,False,A
1789862400,80467.8,109187.275,1.51107846526229,0.24125315607770254,0.056812242935790236,0.824,expanded,rotation,False,A
1789876800,80286.3,109303.496,1.5239197231428636,0.306533844373733,0.04482083535141568,0.832,expanded,rotation,False,A
1789891200,80448.4,108960.745,1.5232084112292963,0.3162745098039196,0.03168792259704456,0.796,expanded,rotation,False,A
1789905600,80871.4,108775.212,1.5209126740044858,0.39207260537764516,0.004756713611475227,0.772,expanded,trend,False,B
1789920000,81144.0,107339.776,1.5111847949028252,0.4473752563838432,-0.007276225430301153,0.476,expanded,trend,False,B
1789934400,81143.9,107797.427,1.5111668461312693,0.5222404340699689,0.0026500543243741514,0.576,expanded,trend,False,B
1789948800,81403.7,108244.591,1.474131843692013,0.5254722541892364,0.0015832190183704409,0.684,expanded,trend,False,B
1789963200,81699.9,109772.956,1.4374418833518143,0.5469151965137432,0.021752009082020463,0.852,expanded,trend,False,B
1789977600,84849.9,110213.901,1.924499475554802,0.6358003341011254,0.03356875159892225,0.876,expanded,trend,False,B
1789992000,85877.5,110565.249,1.9436014056335769,0.7149677255328436,0.0300778514997313,0.884,expanded,trend,False,B
1790006400,86454.3,110265.786,1.9386702459125005,0.7206301741562117,0.019204131336888697,0.872,expanded,trend,False,B
1790020800,86578.7,109182.26,1.5673138037792107,0.7205005505502009,0.011535350005990042,0.8,expanded,trend,False,B
1790035200,85656.6,109910.792,1.6364625139830509,0.6114833168153271,0.015201421031596496,0.844,expanded,trend,False,B
1790049600,85324.7,110204.135,1.6196063175032496,0.5760449869133667,0.01684437308388076,0.864,expanded,trend,False,B
1790064000,85950.1,109350.191,1.6194882656687422,0.5921318341602035,0.007531048786392658,0.812,expanded,trend,False,B
1790078400,86367.4,109541.253,1.6074110733337224,0.5950394811752743,0.00988558258143013,0.816,expanded,trend,False,B
1790092800,86146.1,107284.352,1.6151829157517135,0.5920248051290272,-0.008733417631925144,0.44,expanded,trend,False,B
1790107200,86158.6,106713.252,1.6130912362220993,0.6097457494930584,-0.014334397929350762,0.336,expanded,trend,False,B
1790121600,86664.0,106541.266,1.5937146542459264,0.5982735809066263,-0.016389013282615772,0.304,expanded,trend,False,B
1790136000,86100.0,105981.386,1.61755652153799,0.5299585527195393,-0.02288617192267217,0.184,expanded,trend,False,B
1790150400,85622.8,106261.607,1.5779443692364057,0.47660242325318575,-0.014130133114170329,0.224,expanded,trend,False,B
1790164800,83961.2,100503.328,1.7667335255119594,0.21914698417587977,-0.08327864123736028,0.004,expanded,rotation,False,A
1790179200,84466.9,98846.167,1.7693959548039087,0.2204677033332878,-0.09249396661820086,0.004,expanded,rotation,False,A
1790193600,84355.1,98496.344,1.7706559042045682,0.23652964325144488,-0.08764626823654398,0.004,expanded,rotation,False,A
1790208000,83902.3,98370.932,1.7897244403990509,0.1870677454671686,-0.09125665358123747,0.004,expanded,rotation,False,A
1790222400,84468.0,97516.394,1.7946177649824961,0.2184613005888343,-0.09855070582798908,0.004,expanded,rotation,False,A
1790236800,83451.1,96283.477,1.856293725137794,0.13318320339750642,-0.1101470533326876,0.004,expanded,rotation,False,A
1790251200,84374.4,95994.878,1.8798225525426473,0.16333437682734475,-0.11021764987285587,0.004,expanded,rotation,True,C
1790265600,84367.9,96003.953,1.2982204666076969,0.18233662700651948,-0.10960191449223022,0.008,normal,rotation,True,C
1790280000,84370.0,95866.115,1.2113408568030977,0.18993198593812297,-0.10959968916553076,0.004,normal,rotation,True,C
1790294400,84201.1,96579.695,1.1738798644122979,0.23382081232580798,-0.1154674846496534,0.02,normal,rotation,False,A
1790308800,83994.7,96433.884,1.1664574370401137,0.23189964605975727,-0.11774199793206974,0.02,normal,rotation,False,A
1790323200,84533.4,95752.183,1.144846363933872,0.2495723362658851,-0.12122312489695253,0.004,normal,rotation,False,A
1790337600,83767.0,95826.225,1.177427355086892,0.17327094079490718,-0.11904354642857418,0.008,normal,rotation,False,A
1790352000,83971.4,95344.641,1.144151080934087,0.1698831955393195,-0.11174920842018521,0.004,normal,rotation,False,A
1790366400,84056.0,95204.61,1.1239796723383213,0.17408848795710194,-0.11681927250452828,0.004,normal,rotation,False,A
1790380800,83908.6,94874.696,1.1161891641710902,0.15075863812269516,-0.12351559441893967,0.004,normal,rotation,False,A
1790395200,84075.1,94787.886,1.1132955617623015,0.1440772553015977,-0.13650967001380565,0.004,normal,rotation,False,A
1790409600,84134.4,94708.188,1.0818297254715818,0.05341585230199579,-0.14068745284680562,0.004,normal,rotation,False,A
1790424000,84112.5,94898.707,1.0635357879275653,0.14246279017208624,-0.14169499134398011,0.016,normal,rotation,False,A
1790438400,83985.3,94505.538,1.0426470566409913,0.2067908472645664,-0.14292963004861725,0.004,normal,rotation,False,A
1790452800,84403.3,94510.802,0.8197050035932785,0.17782755125396524,-0.134375840910419,0.008,compressed,rotation,False,A
1790467200,84356.2,94127.297,0.7937897550864471,0.11448997200260744,-0.14360277742334893,0.004,compressed,rotation,False,A
1790481600,84751.2,94692.251,0.8082271571967403,0.05021319814732154,-0.1407559162820886,0.016,compressed,rotation,False,A
1790496000,84857.5,94558.461,0.7832863614062618,0.10021830456238313,-0.13526935677688945,0.016,compressed,rotation,False,A
1790510400,84426.9,94504.254,0.7732452997620575,0.17777472401630803,-0.13727247578590318,0.008,compressed,rotation,False,A
1790524800,84696.9,94704.325,0.6472546588449055,0.13217562612867495,-0.11725873126399644,0.028,compressed,rotation,False,A
1790539200,84432.9,94131.079,0.5450971653917255,0.15386467184393474,-0.11790637773835244,0.008,compressed,rotation,False,A
1790553600,83302.6,95872.308,0.7125945101199238,0.2838876408290128,-0.10013920803231302,0.072,compressed,rotation,False,A
1790568000,82914.4,95949.086,0.7250440828435142,0.2730951237912366,-0.094660962444858,0.076,compressed,rotation,False,A
1790582400,83054.5,96237.369,0.7288658410256658,0.22672740273842087,-0.09433546398371329,0.088,compressed,rotation,False,A
1790596800,83328.4,94886.299,0.7380033278743555,0.06366197183098649,-0.05588898508913054,0.048,compressed,rotation,False,A
1790611200,83343.9,92901.948,0.6976771636297037,0.11883849393638012,-0.0601360597017383,0.004,compressed,rotation,False,A
1790625600,83461.0,92792.959,0.6323400913229179,0.09456272276337722,-0.05790453501502546,0.004,compressed,rotation,False,A
1790640000,83034.1,92970.213,0.6463181077186978,0.09207567980316464,-0.05490157397309192,0.012,compressed,rotation,False,A
1790654400,83947.0,92763.899,0.7544103473762062,0.05329160018002556,-0.04873534392586332,0.004,compressed,rotation,False,A
1790668800,84310.8,93164.89,0.7660320192432634,0.09423125404184884,-0.032389638359237916,0.02,compressed,rotation,False,A
1790683200,83039.2,93107.016,0.9243274502379704,0.1409687909117782,-0.030083500913454908,0.02,normal,rotation,False,A
1790697600,83562.4,92539.663,0.9529721888829783,0.08064435389405614,-0.03608486829703761,0.004,normal,rotation,False,A
1790712000,83624.5,92467.475,0.9536838978312054,0.07419165430968432,-0.03545194253464845,0.004,normal,rotation,False,A
1790726400,83270.0,92890.829,0.962418982015108,0.09098193259656694,-0.03819504710591615,0.02,normal,rotation,False,A
1790740800,83258.8,93344.78,0.9514737070917797,0.07330630460119293,-0.03203338776648268,0.04,normal,rotation,False,A
1790755200,83883.0,93899.361,0.994714776223662,0.06424211295707269,-0.019350180246021087,0.044,normal,rotation,False,A
1790769600,84104.9,94884.857,0.9884668809308101,0.035272503314299486,-0.009823699096985217,0.092,normal,rotation,False,A
1790784000,83862.9,94838.887,0.9915273356349618,0.01128175267486718,-0.005304482713401781,0.088,normal,rotation,False,A
