t,c,oi,sv,sbv,vol_ratio,er30,doi30,oi_pct,vol_state,dir_state,mkt_C,regime
1761926400,0.1874,1481227545.0,,,,,,,na,rotation,False,warmup
1761940800,0.18635,1457976774.0,,,,,,,na,rotation,False,warmup
1761955200,0.18689,1473122854.0,,,,,,,na,rotation,False,warmup
1761969600,0.187,1479761710.0,,,,,,,na,rotation,False,warmup
1761984000,0.18697,1479182148.0,,,,,,,na,rotation,False,warmup
1761998400,0.18725,1472198872.0,,,,,,,na,rotation,False,warmup
1762012800,0.18731,1476495199.0,49403.0,23613.0,,,,,na,rotation,False,warmup
1762027200,0.18726,1470475445.0,44240.0,22255.0,,,,,na,rotation,False,warmup
1762041600,0.18611,1474845922.0,33202.0,14776.0,,,,,na,rotation,False,warmup
1762056000,0.18813,1472162069.0,56616.0,32766.0,,,,,na,rotation,False,warmup
1762070400,0.18688,1486881001.0,89502.0,40421.0,,,,,na,rotation,False,warmup
1762084800,0.18335,1535063321.0,99260.0,40652.0,,,,,na,rotation,False,warmup
1762099200,0.18318,1562406990.0,76295.0,38933.0,,,,,na,rotation,False,warmup
1762113600,0.18629,1546753706.0,67266.0,34768.0,,,,,na,rotation,False,warmup
1762128000,0.175,1556867726.0,289940.0,116345.0,,,,,na,rotation,False,warmup
1762142400,0.17341,1605909729.0,360480.0,179809.0,,,,,na,rotation,False,warmup
1762156800,0.17408,1616231222.0,183908.0,90828.0,,,,,na,rotation,False,warmup
1762171200,0.16693,1541602745.0,846703.0,402441.0,,,,,na,rotation,False,warmup
1762185600,0.168,1509668343.0,318975.0,165164.0,,,,,na,rotation,False,warmup
1762200000,0.1673,1498512558.0,233883.0,130066.0,,,,,na,rotation,False,warmup
1762214400,0.17033,1449592497.0,262419.0,119719.0,,,,,na,rotation,False,warmup
1762228800,0.16192,1459017694.0,621675.0,281485.0,,,,,na,rotation,False,warmup
1762243200,0.16603,1548098040.0,251141.0,123700.0,,,,,na,rotation,False,warmup
1762257600,0.16387,1582350426.0,429568.0,195852.0,,,,,na,rotation,False,warmup
1762272000,0.15792,1657016569.0,741253.0,372628.0,,,,,na,rotation,False,warmup
1762286400,0.16217,1610407789.0,933468.0,445994.0,,,,,na,rotation,False,warmup
1762300800,0.16435,1593438030.0,435938.0,215060.0,,,,,na,rotation,False,warmup
1762315200,0.16483,1581271280.0,151122.0,73403.0,,,,,na,rotation,False,warmup
1762329600,0.16379,1569524987.0,208824.0,87120.0,,,,,na,rotation,False,warmup
1762344000,0.1672,1528532731.0,333087.0,178622.0,,,,,na,rotation,False,warmup
1762358400,0.16718,1569653865.0,220737.0,114030.0,,0.2853513971210837,0.05969799866231895,,na,rotation,False,warmup
1762372800,0.16709,1539255522.0,100913.0,49756.0,,0.275536480686695,0.05574762880276163,,na,rotation,False,warmup
1762387200,0.16698,1527473386.0,138152.0,67539.0,,0.28659853174031946,0.0368947721178996,,na,rotation,False,warmup
1762401600,0.16317,1509806508.0,186904.0,77285.0,,0.325679923465901,0.02030380823950373,,na,rotation,False,warmup
1762416000,0.16295,1534320888.0,98259.0,46342.0,,0.3274263904034893,0.03727650450254072,,na,rotation,False,warmup
1762430400,0.15907,1541451179.0,254867.0,132195.0,,0.366164241164241,0.04704004894795211,,na,trend,False,warmup
1762444800,0.16069,1513245585.0,210194.0,113045.0,,0.3390219052470706,0.024890284793943396,,na,trend,False,warmup
1762459200,0.16155,1496214444.0,101066.0,47815.0,,0.3240892474473716,0.017503861820691524,,na,trend,False,warmup
1762473600,0.16429,1499612938.0,171584.0,83759.0,,0.26964903608502216,0.01679295147415405,,na,trend,False,warmup
1762488000,0.16692,1500132915.0,140670.0,67365.0,,0.26014963816999825,0.018999841518128502,,na,trend,False,warmup
1762502400,0.16367,1504717226.0,180722.0,74459.0,,0.2778642403926728,0.011995731324836445,,na,trend,False,warmup
1762516800,0.16894,1565870206.0,393499.0,201250.0,,0.16899261170399896,0.020068804054240053,,na,rotation,False,warmup
1762531200,0.18056,1519168535.0,580605.0,329854.0,,0.0270885028949546,-0.027674258548984088,,na,rotation,False,warmup
1762545600,0.17873,1533430477.0,145217.0,65233.0,,0.07921207041072931,-0.008613671942933054,,na,rotation,False,warmup
1762560000,0.17971,1586455829.0,353642.0,173129.0,,0.05532714671678628,0.019004892005834995,,na,rotation,False,warmup
1762574400,0.18011,1591504891.0,227022.0,94266.0,,0.07981891827495805,-0.00896989272801152,,na,rotation,False,warmup
1762588800,0.17905,1595874159.0,190126.0,90925.0,,0.05893513577611728,-0.012595390265267348,,na,rotation,False,warmup
1762603200,0.17389,1641583662.0,271545.0,115721.0,,0.08452756861792554,0.06485517577357447,,na,rotation,False,warmup
1762617600,0.17495,1618460174.0,118002.0,59873.0,,0.08441637313251525,0.07206339823209773,,na,rotation,False,warmup
1762632000,0.17597,1576615837.0,71278.0,39433.0,,0.10490018148820303,0.05212053685038254,,na,rotation,False,warmup
1762646400,0.17198,1595150235.0,126220.0,55191.0,,0.019734481521348934,0.10041286658232473,,na,rotation,False,warmup
1762660800,0.17511,1579661192.0,66881.0,34411.0,,0.16839014426145765,0.08268816649457311,,na,rotation,False,warmup
1762675200,0.17505,1560834261.0,107891.0,58485.0,,0.12143241787829837,0.008227011901649428,,na,rotation,False,warmup
1762689600,0.17799,1524960469.0,272238.0,154801.0,,0.1881161737276849,-0.03626880370934982,,na,rotation,False,warmup
1762704000,0.18004,1537241322.0,123436.0,65797.0,,0.31084879145587424,-0.0722836749135729,,na,rotation,False,warmup
1762718400,0.17922,1556257801.0,127329.0,55446.0,,0.251734829469954,-0.03362501620389269,,na,rotation,False,warmup
1762732800,0.18157,1573218824.0,239373.0,118400.0,,0.25360824742268057,-0.01268904445565422,,na,rotation,False,warmup
1762747200,0.18121,1590471093.0,126938.0,58320.0,,0.24166420773089412,0.005817985260568426,,na,rotation,False,warmup
1762761600,0.18291,1588852752.0,200072.0,98530.0,,0.27936879018118066,0.01231440414143603,,na,rotation,False,warmup
1762776000,0.17914,1535543632.0,287928.0,132971.0,,0.17354651162790713,0.004586686864999745,,na,rotation,False,warmup
1762790400,0.17982,1537323448.0,151228.0,79347.0,,0.1819752375467897,-0.020597163311543265,,na,rotation,False,warmup
1762804800,0.1817,1489715197.0,117656.0,58586.0,,0.2050526315789476,-0.03218460112173627,,na,rotation,False,warmup
1762819200,0.18272,1525229484.0,316708.0,145439.0,,0.21812638580931276,-0.0014690285412278792,,na,rotation,False,warmup
1762833600,0.17629,1538699436.0,226276.0,97713.0,,0.17544798074351425,0.019136841606461008,,na,rotation,False,warmup
1762848000,0.17758,1539159524.0,104979.0,52767.0,,0.19288068556361215,0.003153601073832224,,na,rotation,False,warmup
1762862400,0.17608,1543457024.0,241659.0,79234.0,,0.2315230706410781,0.0013012705347574816,,na,rotation,False,warmup
1762876800,0.17426,1553235441.0,151642.0,71855.0,,0.18419980996335023,0.02642654728115401,,na,rotation,False,warmup
1762891200,0.17197,1565502690.0,152879.0,75876.0,,0.13874833555259686,0.046309034295086704,,na,rotation,False,warmup
1762905600,0.17152,1553462871.0,110820.0,61415.0,,0.09929954676555447,0.03590922139670161,,na,rotation,False,warmup
1762920000,0.17133,1534852907.0,87335.0,48645.0,,0.06266875088816261,0.023144610489397976,,na,rotation,False,warmup
1762934400,0.17613,1528987257.0,183961.0,104708.0,,0.17324805339265872,0.016129296973968366,,na,rotation,False,warmup
1762948800,0.17128,1548661583.0,252859.0,97872.0,,0.032727272727272494,-0.010989814439320122,,na,rotation,False,warmup
1762963200,0.16892,1522066540.0,277887.0,142509.0,,0.1870179948586122,0.0019076257394969875,,na,rotation,False,warmup
1762977600,0.17008,1506834070.0,61998.0,31621.0,,0.14049049861945748,-0.0173443839801809,,na,rotation,False,warmup
1762992000,0.17396,1524469610.0,192939.0,109383.0,,0.08918876997052909,-0.03907213668789766,,na,rotation,False,warmup
1763006400,0.17566,1551704998.0,209327.0,93468.0,,0.06766002736810071,-0.025007710139673067,,na,rotation,False,warmup
1763020800,0.1758,1566733186.0,127598.0,54900.0,,0.05011565150346919,-0.01826019478770191,,na,rotation,False,warmup
1763035200,0.17266,1651057596.0,263746.0,117582.0,,0.019576635365271076,0.005771216063674478,,na,rotation,False,warmup
1763049600,0.16115,1637516588.0,480656.0,221129.0,,0.18831877729257654,0.011774410211715214,,na,rotation,False,warmup
1763064000,0.16374,1640689115.0,294034.0,144517.0,,0.16339345357381418,0.040639752878494084,,na,rotation,False,warmup
1763078400,0.16402,1649605389.0,222391.0,98378.0,,0.11189204385718293,0.03413794688749183,,na,rotation,False,warmup
1763092800,0.165,1685175999.0,422734.0,220454.0,,0.14654297724307838,0.06679584681472628,,na,rotation,False,warmup
1763107200,0.16199,1671789942.0,207861.0,99093.0,,0.1815401723658605,0.07108742021648906,,na,rotation,False,warmup
1763121600,0.1628,1722499366.0,541132.0,266985.0,,0.21759060306546332,0.1295370608062627,,na,rotation,False,warmup
1763136000,0.16322,1732541811.0,219808.0,116316.0,,0.24669991199765304,0.12704608326941647,,na,rotation,False,warmup
1763150400,0.15756,1702527669.0,224313.0,105447.0,,0.2966310599835657,0.09398819906702593,,na,rotation,False,warmup
1763164800,0.16284,1722979923.0,167306.0,85331.0,,0.2466096115865699,0.09519406754822812,,na,rotation,False,warmup
1763179200,0.16298,1759083021.0,116918.0,48687.0,,0.240723623398917,0.10601382743898768,,na,rotation,False,warmup
1763193600,0.16175,1751924111.0,115500.0,43364.0,,0.28115865001328677,0.10263465811714179,,na,rotation,False,warmup
1763208000,0.16302,1720374648.0,115475.0,51245.0,,0.22155030236393594,0.12036845593196399,,na,rotation,False,warmup
1763222400,0.16368,1714893774.0,90861.0,44421.0,,0.221886169920264,0.11550615859727653,,na,rotation,False,warmup
1763236800,0.16309,1743080420.0,67706.0,29852.0,,0.2604618614415672,0.170076282708419,,na,rotation,False,warmup
1763251200,0.16379,1728283883.0,157720.0,84474.0,,0.2661324335723323,0.1331303919377944,,na,rotation,False,warmup
1763265600,0.16399,1733566493.0,44885.0,21950.0,,0.1895223420647149,0.1266440036571248,,na,rotation,False,warmup
1763280000,0.16133,1699184379.0,141799.0,62250.0,,0.2452089935113924,0.10396898599836102,,na,rotation,False,warmup
1763294400,0.15852,1691939895.0,147370.0,62675.0,,0.25984018940514914,0.09620149358949703,,na,rotation,False,warmup
1763308800,0.15579,1700232855.0,313484.0,156738.0,,0.2696744050226306,0.0946394925841767,,na,rotation,False,warmup
1763323200,0.15851,1660623996.0,227375.0,120456.0,,0.19529889727219946,0.06076087036298872,,na,rotation,False,warmup
1763337600,0.1614,1653583081.0,243194.0,123638.0,,0.14181614349775803,0.06444969613953533,,na,rotation,False,warmup
1763352000,0.16176,1649506366.0,93120.0,41937.0,,0.1337900181741929,0.07469996536938517,,na,rotation,False,warmup
1763366400,0.1621,1670969993.0,75436.0,32920.0,,0.2091844341732519,0.09286064049911169,,na,rotation,False,warmup
1763380800,0.15834,1782428577.0,484454.0,211893.0,,0.19612003637465864,0.15094775809389982,,na,rotation,False,warmup
1763395200,0.15219,1786434122.0,433572.0,206546.0,,0.23978787444460353,0.1736898979462489,,na,rotation,False,warmup
1763409600,0.15205,1787290434.0,278157.0,147487.0,,0.2622545454545457,0.1861229246031051,,na,rotation,False,warmup
1763424000,0.1545,1741767943.0,415670.0,198845.0,,0.28906714200831846,0.1425402852077844,,na,rotation,False,warmup
1763438400,0.155,1717992892.0,270339.0,130814.0,,0.31246218995765285,0.10716463130190945,,na,rotation,False,warmup
1763452800,0.15691,1721096449.0,172690.0,80395.0,,0.27824421858889403,0.09852555902904059,,na,rotation,False,warmup
1763467200,0.15915,1737248121.0,292422.0,130287.0,,0.2016718913270636,0.052203221261821975,,na,rotation,False,warmup
1763481600,0.16217,1694743375.0,192736.0,90923.0,,0.017435897435897792,0.034947302164367366,,na,rotation,False,warmup
1763496000,0.16168,1707236075.0,109520.0,44046.0,,0.03652482269503557,0.04056037148756242,,na,rotation,False,warmup
1763510400,0.15948,1766742621.0,114751.0,58721.0,,0.07784636488340174,0.07100924425993127,,na,rotation,False,warmup
1763524800,0.15884,1752822508.0,254406.0,134708.0,,0.10624353225250088,0.04014210328187806,,na,rotation,False,warmup
1763539200,0.15811,1755182493.0,124268.0,57757.0,,0.06965888689407534,0.04988219447009934,,na,rotation,False,warmup
1763553600,0.15442,1759876347.0,236525.0,109615.0,,0.14305223625810862,0.021699271266959697,,na,rotation,False,warmup
1763568000,0.14871,1771763876.0,430712.0,222507.0,,0.2271802098011587,0.022638452215685057,,na,rotation,False,warmup
1763582400,0.15453,1755812310.0,250615.0,141214.0,,0.047321568014993085,0.031297371531880724,,na,rotation,False,warmup
1763596800,0.15761,1724365382.0,147378.0,72158.0,,0.08458677017629011,0.0008041062936983145,,na,rotation,False,warmup
1763611200,0.15819,1714736868.0,154428.0,66993.0,,0.07692307692307726,-0.025209812425334044,,na,rotation,False,warmup
1763625600,0.15794,1735210193.0,124398.0,57174.0,,0.06216348507097426,-0.009540320779339972,,na,rotation,False,warmup
1763640000,0.15732,1810522361.0,302277.0,138204.0,,0.09399736147757282,0.05240004734131598,,na,rotation,False,warmup
1763654400,0.14954,1749940732.0,656216.0,320908.0,,0.20867768595041322,0.020436809866218653,,na,rotation,False,warmup
1763668800,0.14886,1703791157.0,215677.0,119635.0,,0.20972733971997093,-0.022540132141464775,,na,rotation,False,warmup
1763683200,0.14682,1667845008.0,246673.0,104029.0,,0.2452666570313628,-0.03497045571881896,,na,rotation,False,warmup
1763697600,0.14024,1529270918.0,706801.0,352331.0,,0.3142781527061003,-0.11784697952165601,,na,rotation,False,warmup
1763712000,0.13673,1511311627.0,542016.0,288015.0,,0.321905260403036,-0.11056643076636952,,na,rotation,False,warmup
1763726400,0.13791,1524947392.0,728452.0,373156.0,,0.27557160048134766,-0.09869883882606834,,na,rotation,False,warmup
1763740800,0.1399,1462227871.0,381903.0,177021.0,,0.21458474004051337,-0.13998375769535398,,na,rotation,False,warmup
1763755200,0.14022,1405842578.0,229500.0,116004.0,,0.25526866713189106,-0.15342510924429642,,na,rotation,False,warmup
1763769600,0.13924,1449263328.0,146349.0,57843.0,,0.3177516489819324,-0.12356183087966655,,na,rotation,False,warmup
1763784000,0.13959,1461359488.0,218945.0,114829.0,,0.3179406281371,-0.11406253523970944,,na,rotation,False,warmup
1763798400,0.13813,1413396881.0,243182.0,119973.0,,0.3383203952011289,-0.1541458632285565,,na,rotation,False,warmup
1763812800,0.13811,1396895110.0,195869.0,98875.0,,0.3014453881686781,-0.21629672682250767,,na,rotation,False,warmup
1763827200,0.13939,1382742717.0,90281.0,40915.0,,0.20565552699228803,-0.22597609395640506,,na,rotation,False,warmup
1763841600,0.14019,1358844827.0,83517.0,41637.0,,0.18855325914149412,-0.23971795453586586,,na,rotation,False,warmup
1763856000,0.14277,1374804201.0,179679.0,91253.0,,0.18610185625892417,-0.21068463423890216,,na,rotation,False,warmup
1763870400,0.1428,1376085967.0,179427.0,91735.0,,0.19501278772378497,-0.19901533154888051,,na,rotation,False,warmup
1763884800,0.14375,1368808725.0,67931.0,34751.0,,0.21363636363636376,-0.20468796167971182,,na,rotation,False,warmup
1763899200,0.14717,1434104652.0,187601.0,91741.0,,0.1908251035361584,-0.1744963573916567,,na,rotation,False,warmup
1763913600,0.14649,1421938460.0,106077.0,50508.0,,0.2594308405029783,-0.16097122374058548,,na,rotation,False,warmup
1763928000,0.14494,1424140354.0,125795.0,54678.0,,0.27219512195121937,-0.16582107486218622,,na,rotation,False,warmup
1763942400,0.14725,1431002592.0,279928.0,137871.0,,0.19850673591949408,-0.19003335574140767,,na,rotation,False,warmup
1763956800,0.14616,1424315393.0,146505.0,74794.0,,0.20431840154689032,-0.1874160752162135,,na,rotation,False,warmup
1763971200,0.14542,1430702203.0,100817.0,43169.0,,0.20444659255679107,-0.184869830512832,,na,rotation,False,warmup
1763985600,0.14674,1459093822.0,224203.0,101547.0,,0.128643216080402,-0.17091116970390197,,na,rotation,False,warmup
1764000000,0.15242,1477981285.0,253253.0,133965.0,,0.062175297469415025,-0.16581362504311492,,na,rotation,False,warmup
1764014400,0.15173,1490795603.0,128087.0,61777.0,,0.05133846718005133,-0.15093680884376526,,na,rotation,False,warmup
1764028800,0.1511,1502160090.0,113059.0,55895.0,,0.12497600307160675,-0.12886206967474367,,na,rotation,False,warmup
1764043200,0.1492,1487202481.0,78740.0,35238.0,,0.16832053922486434,-0.13269347107780272,,na,rotation,False,warmup
1764057600,0.14856,1514869582.0,91083.0,43763.0,,0.1743494423791823,-0.12698208660188526,,na,rotation,False,warmup
1764072000,0.1479,1482138174.0,271901.0,150224.0,,0.17496285289747388,-0.18137538318975777,,na,rotation,False,warmup
1764086400,0.151,1467948790.0,178587.0,88837.0,,0.02969894222945465,-0.1611437100945199,,na,rotation,False,warmup
1764100800,0.15295,1449424089.0,202767.0,97094.0,,0.08110251834225689,-0.14929474598746262,,na,rotation,False,warmup
1764115200,0.15052,1416673762.0,117476.0,55008.0,,0.07280598189689065,-0.15059627531049335,,na,rotation,False,warmup
1764129600,0.15231,1385517480.0,77197.0,36834.0,,0.2622202911144906,-0.0940012893124278,,na,rotation,False,warmup
1764144000,0.14979,1390791513.0,85327.0,37865.0,,0.2899644760213149,-0.0797453760342175,,na,rotation,False,warmup
1764158400,0.15061,1374646131.0,217746.0,124860.0,,0.2842435094001792,-0.09856160401892733,,na,rotation,False,warmup
1764172800,0.15582,1437097457.0,236072.0,107014.0,,0.3323590814196244,-0.017186386949944787,,na,rotation,False,warmup
1764187200,0.15467,1446543803.0,123700.0,42463.0,,0.2965319105273962,0.028951481223383535,,na,rotation,False,warmup
1764201600,0.15382,1410915619.0,101672.0,53258.0,,0.3000000000000009,-0.026460138926526433,,na,rotation,False,warmup
1764216000,0.15417,1408752078.0,68137.0,31993.0,,0.3000000000000009,-0.035998951956713876,,na,rotation,False,warmup
1764230400,0.15277,1402207383.0,68402.0,33626.0,,0.3016069221260818,-0.007916741681277317,,na,rotation,False,warmup
1764244800,0.15389,1404454526.0,92223.0,47868.0,,0.3178887993553588,0.005411584553402848,,na,rotation,False,warmup
1764259200,0.15387,1431243713.0,64606.0,33177.0,,0.2992972302604389,0.03507593668996334,,na,rotation,False,warmup
1764273600,0.15256,1432207236.0,47538.0,18771.0,,0.2530169768868891,0.05398880544879159,,na,rotation,False,warmup
1764288000,0.15092,1427593284.0,106888.0,49058.0,,0.1699687174139729,0.03839752814371855,,na,rotation,False,warmup
1764302400,0.14976,1458595494.0,87173.0,29388.0,,0.1418092909535453,0.059959573005368805,,na,rotation,False,warmup
1764316800,0.15033,1431246083.0,110818.0,56081.0,,0.13511293634496943,0.0456143775676181,,na,rotation,False,warmup
1764331200,0.15369,1428415996.0,199732.0,102093.0,,0.1340460526315791,-0.003966695172536117,,na,rotation,False,warmup
1764345600,0.15092,1412019500.0,142428.0,64328.0,,0.08732505420855499,-0.006975660535969985,,na,rotation,False,warmup
1764360000,0.15011,1377354335.0,60096.0,25258.0,,0.10342068413682708,-0.03285211241194841,,na,rotation,False,warmup
1764374400,0.14982,1376866172.0,48257.0,19278.0,,0.053575151136127146,-0.037831112468033834,,na,rotation,False,warmup
1764388800,0.14897,1375439612.0,61966.0,27117.0,,0.05887282631468635,-0.03431527963554071,,na,rotation,False,warmup
1764403200,0.14941,1367283547.0,29952.0,12161.0,,0.08412397216951288,-0.04432694369731116,,na,rotation,False,warmup
1764417600,0.1494,1377066328.0,43847.0,19789.0,,0.05767562879444925,-0.056218107953855734,,na,rotation,False,warmup
1764432000,0.14814,1383294842.0,69413.0,30285.0,,0.10263788968824965,-0.06406471039990203,,na,rotation,False,warmup
1764446400,0.14829,1378409465.0,47861.0,19719.0,,0.08357628765792033,-0.07538668464935094,,na,rotation,False,warmup
1764460800,0.14929,1367532380.0,37856.0,19039.0,,0.043582952082831854,-0.08962274453716845,,na,rotation,False,warmup
1764475200,0.14917,1369811490.0,40810.0,18732.0,,0.0007547169811321324,-0.07893410110576593,,na,rotation,False,warmup
1764489600,0.14875,1371471203.0,43598.0,20779.0,,0.004806476094105637,-0.09466054418406034,,na,rotation,False,warmup
1764504000,0.1493,1353783557.0,93495.0,43376.0,,0.03551496702181596,-0.08660097907983577,,na,rotation,False,warmup
1764518400,0.14965,1351173024.0,54259.0,24047.0,,0.03681483501499836,-0.07955029957141757,,na,rotation,False,warmup
1764532800,0.1459,1359278134.0,89161.0,42613.0,,0.18325968286976865,-0.06219432648052259,,na,rotation,False,warmup
1764547200,0.13708,1341552560.0,443551.0,209744.0,,0.29959875167186767,-0.0530264652420378,,na,rotation,False,warmup
1764561600,0.13764,1370317907.0,128924.0,71138.0,,0.3362365344946137,-0.010970322077784256,,na,rotation,False,warmup
1764576000,0.13697,1398362665.0,79280.0,37088.0,,0.30684538056486366,0.0054437720745568186,,na,rotation,False,warmup
1764590400,0.13379,1406889947.0,300903.0,144126.0,,0.3810602628001812,0.023456084640884223,,na,trend,False,warmup
1764604800,0.13318,1433982287.0,133413.0,68128.0,,0.5725847243297921,-0.0021676817983542485,,na,trend,False,warmup
1764619200,0.13536,1479794127.0,108539.0,62342.0,,0.4759674636430853,0.022986047108315644,,na,trend,False,warmup
1764633600,0.13628,1464033047.0,58818.0,26604.0,,0.43159448818897567,0.03764748740796242,,na,trend,False,warmup
1764648000,0.13554,1471943589.0,39941.0,21603.0,,0.45405800633682586,0.04485637465018888,,na,trend,False,warmup
1764662400,0.1369,1473977772.0,74922.0,35214.0,,0.38716760185410987,0.05118386186674351,,na,trend,False,warmup
1764676800,0.14627,1460842205.0,356075.0,159559.0,,0.1547522339561327,0.04014916678049851,,na,rotation,False,warmup
1764691200,0.14596,1438134251.0,176860.0,70210.0,,0.15970119119725387,0.00481437084223546,,na,rotation,False,warmup
1764705600,0.1457,1424324211.0,99090.0,46810.0,,0.14150165016501629,-0.005504109183260719,,na,rotation,False,warmup
1764720000,0.14728,1432947194.0,109315.0,56144.0,,0.07517554729450633,0.0037503048382230286,,na,rotation,False,warmup
1764734400,0.15045,1430643615.0,191242.0,86216.0,,0.013682331945270566,-0.019163557761546213,,na,rotation,False,warmup
1764748800,0.14996,1432611475.0,159978.0,66880.0,,0.007348560079443507,0.0009539882877009909,,na,rotation,False,warmup
1764763200,0.1491,1393768822.0,201047.0,88626.0,,0.09592476489028155,-0.02425566088382003,,na,rotation,False,warmup
1764777600,0.15059,1407538285.0,95867.0,49672.0,,0.007086106935795494,-0.003173621185826425,,na,rotation,False,warmup
1764792000,0.15159,1418654732.0,143117.0,75657.0,,0.031650983746792254,0.029985310207049976,,na,rotation,False,warmup
1764806400,0.15099,1431853475.0,85283.0,38839.0,,0.024856596558317432,0.03993656327551931,,na,rotation,False,warmup
1764820800,0.14981,1456997944.0,78257.0,32458.0,,0.017721518987341887,0.05929619249616325,,na,rotation,False,warmup
1764835200,0.14931,1477053817.0,70198.0,34601.0,,0.0021070375052673566,0.08028347173550832,,na,rotation,False,warmup
1764849600,0.15016,1467065151.0,162447.0,73004.0,,0.015734989648032733,0.06535547429346478,,na,rotation,False,warmup
1764864000,0.14796,1453210557.0,177773.0,84097.0,,0.003655564581640646,0.05054288708176946,,na,rotation,False,warmup
1764878400,0.14734,1449402495.0,63362.0,32117.0,,0.01911084288875487,0.05150358569251412,,na,rotation,False,warmup
1764892800,0.14737,1456250739.0,50133.0,21647.0,,0.039392695937628265,0.06487477759027538,,na,rotation,False,warmup
1764907200,0.1474,1461907375.0,59822.0,31917.0,,0.036382322713257774,0.06723252481989328,,na,rotation,False,warmup
1764921600,0.14425,1453976338.0,107582.0,49613.0,,0.08758271701050985,0.06015812422420952,,na,rotation,False,warmup
1764936000,0.14245,1449922983.0,201473.0,99278.0,,0.1301539046171382,0.07101535951067839,,na,rotation,False,warmup
1764950400,0.13895,1443420386.0,232232.0,115561.0,,0.1918250268913589,0.0682720572135993,,na,rotation,False,warmup
1764964800,0.13947,1414508020.0,67969.0,38640.0,,0.12235965746907668,0.04063177698406206,,na,rotation,False,warmup
1764979200,0.13988,1426424973.0,47597.0,26017.0,,0.06343452650656979,0.06326432189880049,,na,rotation,False,warmup
1764993600,0.13921,1431347811.0,39490.0,20177.0,,0.035480225988700216,0.04453704041101747,,na,rotation,False,warmup
1765008000,0.13959,1424459670.0,48440.0,24869.0,,0.059599636032756566,0.018662544169112172,,na,rotation,False,warmup
1765022400,0.13952,1438070175.0,72879.0,39306.0,,0.14026927784577736,0.02216252100349969,,na,rotation,False,warmup
1765036800,0.13927,1437109782.0,62112.0,37117.0,,0.15040750802667335,0.0021809857962353796,,na,rotation,False,warmup
1765051200,0.1397,1430954033.0,41926.0,20009.0,,0.11202891068662829,-0.03300465457246671,,na,rotation,False,warmup
1765065600,0.14029,1434033772.0,27895.0,15495.0,,0.10439989586045256,-0.02049084551846181,,na,rotation,False,warmup
1765080000,0.1394,1440366921.0,38176.0,20389.0,,0.10010373443983406,-0.02145236287312635,,na,rotation,False,warmup
1765094400,0.13884,1437551320.0,31826.0,16000.0,,0.0513771186440677,-0.02471302667649722,,na,rotation,False,warmup
1765108800,0.13925,1413853270.0,260012.0,133434.0,,0.24374999999999977,-0.03216564721307458,,na,rotation,False,warmup
1765123200,0.142,1406473826.0,161142.0,87988.0,,0.12676056338028235,-0.02201493009292077,,na,rotation,False,warmup
1765137600,0.13862,1381745730.0,119299.0,55639.0,,0.20605355064027964,-0.029893812568211664,,na,rotation,False,warmup
1765152000,0.14026,1410273178.0,72243.0,40248.0,,0.2039511911679257,-0.015823343731674155,,na,rotation,False,warmup
1765166400,0.14214,1412399747.0,56752.0,29514.0,,0.25083006338665925,-0.01275221013026362,,na,rotation,False,warmup
1765180800,0.14318,1400349114.0,93384.0,43884.0,,0.20130641330166302,-0.022519965505651163,,na,rotation,False,warmup
1765195200,0.14238,1376880461.0,167726.0,73050.0,,0.19988102320047613,-0.012117046050553748,,na,rotation,False,warmup
1765209600,0.14261,1360259123.0,137854.0,58132.0,,0.24660074165636656,-0.0335899651923145,,na,rotation,False,warmup
1765224000,0.14253,1381983928.0,109600.0,62041.0,,0.2881679389312984,-0.025848998472166707,,na,rotation,False,warmup
1765238400,0.14154,1394007412.0,86991.0,35197.0,,0.29688972667295077,-0.026431519468149478,,na,rotation,False,warmup
1765252800,0.14073,1427858384.0,71299.0,33999.0,,0.2886204704386528,-0.01999972623159718,,na,rotation,False,warmup
1765267200,0.1408,1440670958.0,42269.0,20898.0,,0.27425072510473725,-0.02463204697165078,,na,rotation,False,warmup
1765281600,0.14625,1456681136.0,254730.0,134156.0,,0.10973898400224531,-0.007078087154426593,,na,rotation,False,warmup
1765296000,0.15085,1542062431.0,410617.0,202114.0,,0.07599263739153309,0.06114177575438573,,na,rotation,False,warmup
1765310400,0.1479,1522524008.0,126886.0,56068.0,,0.013875123885034807,0.050449418468815344,,na,rotation,False,warmup
1765324800,0.14732,1485911551.0,83473.0,50029.0,,0.0012221950623318135,0.02036792923474695,,na,rotation,False,warmup
1765339200,0.14662,1457021408.0,44143.0,23102.0,,0.018759018759018826,-0.0033421864364012732,,na,rotation,False,warmup
1765353600,0.14578,1461220931.0,88681.0,45979.0,,0.03896103896103905,0.0049826072203933425,,na,rotation,False,warmup
1765368000,0.14509,1478325320.0,75285.0,37651.0,,0.06918238993710701,0.019588859086317356,,na,rotation,False,warmup
1765382400,0.14748,1512906105.0,210297.0,99967.0,,0.23022941970310418,0.04813962700953578,,na,rotation,False,warmup
1765396800,0.14324,1505445564.0,268740.0,127389.0,,0.09246995339710566,0.06428916818725416,,na,rotation,False,warmup
1765411200,0.13798,1479106587.0,217315.0,100817.0,,0.0416483998246386,0.03693262176222434,,na,rotation,False,warmup
1765425600,0.13803,1514076275.0,134168.0,75717.0,,0.026222222222221918,0.05779759703702103,,na,rotation,False,warmup
1765440000,0.13792,1553706960.0,73080.0,42770.0,,0.037335121842164164,0.09073425715169603,,na,rotation,False,warmup
1765454400,0.13703,1557014935.0,145665.0,78991.0,,0.05466520307354534,0.08271137394251293,,na,rotation,False,warmup
1765468800,0.13833,1549122856.0,132837.0,71287.0,,0.0201716738197424,0.0779432966103073,,na,rotation,False,warmup
1765483200,0.14028,1521638226.0,117447.0,52760.0,,0.012053200332502014,0.06337323974682829,,na,rotation,False,warmup
1765497600,0.14052,1492935764.0,57667.0,26397.0,,0.004814737282813644,0.04107434089076678,,na,rotation,False,warmup
1765512000,0.14054,1485631736.0,57540.0,35126.0,,0.02430703624733479,0.03142589179191524,0.484,na,rotation,False,warmup
1765526400,0.14102,1475667614.0,49237.0,23918.0,,0.0465612985903463,0.026514736183470555,0.444,na,rotation,False,warmup
1765540800,0.13552,1428489295.0,150408.0,59492.0,,0.07185513388557138,0.010351869823096882,0.232,na,rotation,False,warmup
1765555200,0.136,1483118800.0,181081.0,95944.0,,0.12087026591458445,0.05449441900954355,0.48,na,rotation,False,warmup
1765569600,0.13684,1501257631.0,35600.0,17426.0,,0.03779193205944804,0.08649341076668282,0.524,na,rotation,False,warmup
1765584000,0.13745,1482997631.0,32031.0,13713.0,,0.06099413935315835,0.05156763535922537,0.472,na,rotation,False,warmup
1765598400,0.1377,1478915264.0,29949.0,15003.0,,0.09990999099909982,0.04709397402632076,0.456,na,rotation,False,warmup
1765612800,0.13875,1468993752.0,50273.0,28618.0,,0.09966254218222688,0.04901966039305816,0.416,na,rotation,False,warmup
1765627200,0.13942,1445481166.0,43842.0,18849.0,,0.06678700361010867,0.04982328309763129,0.324,na,rotation,False,warmup
1765641600,0.13892,1440528487.0,34418.0,13920.0,,0.08275398071316427,0.059010347839438815,0.316,na,rotation,False,warmup
1765656000,0.13897,1411291955.0,24890.0,12170.0,,0.0798922800718127,0.021207212621071836,0.168,na,rotation,False,warmup
1765670400,0.13875,1417458356.0,25820.0,11066.0,,0.06371317652432021,0.016822682432050096,0.196,na,rotation,False,warmup
1765684800,0.13818,1419492069.0,35754.0,21173.0,,0.05855338691159567,-0.005859345081941969,0.204,na,rotation,False,warmup
1765699200,0.13673,1419962865.0,62410.0,27527.0,,0.09058535499666172,-0.014373922709421394,0.208,na,rotation,False,warmup
1765713600,0.13539,1454120639.0,76095.0,38958.0,,0.2660460558549721,-0.0017577608007137702,0.38,na,rotation,False,warmup
1765728000,0.13423,1530210494.0,146420.0,85447.0,,0.44462279293739937,-0.0076857698895590465,0.632,na,trend,False,warmup
1765742400,0.134,1543586106.0,100442.0,50746.0,,0.40103866128101484,0.013833672171558842,0.688,na,trend,False,warmup
1765756800,0.13613,1520303251.0,108484.0,59211.0,,0.309030654515327,0.023145186519921035,0.588,na,trend,False,warmup
1765771200,0.13626,1503787234.0,45839.0,23763.0,,0.2906846240179573,0.03209686950598334,0.544,na,trend,False,warmup
1765785600,0.13676,1486671882.0,39265.0,17825.0,,0.2555240793201131,0.01741759268571541,0.504,na,trend,False,warmup
1765800000,0.13064,1500687313.0,318104.0,133945.0,0.8785876373182764,0.354775349864964,0.01512657105812143,0.536,normal,trend,False,B
1765814400,0.1288,1555452854.0,196585.0,105492.0,0.8873273792452007,0.46490791438526613,0.028122531107110493,0.72,normal,trend,False,B
1765828800,0.12968,1569123474.0,76127.0,42710.0,0.7513358791747786,0.3682781097229769,0.04229838097287719,0.744,compressed,trend,False,B
1765843200,0.12918,1569787900.0,77253.0,37380.0,0.7507189452492306,0.27448533998752345,0.06130816656284699,0.752,compressed,trend,False,B
1765857600,0.12837,1552481688.0,67005.0,31627.0,0.7429354447369124,0.2943327239488121,0.02536557347482371,0.7,compressed,trend,False,B
1765872000,0.13158,1546776920.0,76778.0,46731.0,0.8301700616991072,0.17650334075723825,-0.004460326289585481,0.688,compressed,rotation,False,A
1765886400,0.13261,1484457371.0,210557.0,101182.0,0.8420996660135975,0.12257348863006137,-0.0466004290446963,0.488,compressed,rotation,False,A
1765900800,0.132,1457448593.0,77021.0,37968.0,0.8322495187690296,0.17896522476675178,-0.05917817469733333,0.396,compressed,rotation,False,A
1765915200,0.13171,1434208838.0,29060.0,13758.0,0.8257561076750313,0.25422723227528915,-0.05745740775048058,0.308,compressed,rotation,False,A
1765929600,0.13119,1440921481.0,33678.0,13469.0,0.8263147665089402,0.2744924977934691,-0.03484026858639844,0.344,compressed,rotation,False,A
1765944000,0.13082,1440010549.0,42857.0,21502.0,0.83253875440356,0.2830518345952246,-0.03070827439566759,0.332,compressed,rotation,False,A
1765958400,0.13024,1436966354.0,50172.0,26178.0,0.842011570548851,0.3130081300813014,-0.026226271846608418,0.312,compressed,rotation,False,A
1765972800,0.12987,1416126873.0,315566.0,153276.0,0.844439816040905,0.19276697372910265,-0.008654192959842932,0.192,compressed,rotation,False,A
1765987200,0.1264,1445869005.0,297247.0,144021.0,0.9060462819157297,0.29721362229102216,-0.025115853834500657,0.368,normal,rotation,False,A
1766001600,0.12626,1403746858.0,78431.0,40503.0,0.9052901727155149,0.3348101265822782,-0.064952724293596,0.136,normal,rotation,False,A
1766016000,0.12534,1434216677.0,81143.0,39451.0,0.9053477613631133,0.3795048574114696,-0.03289348073139298,0.32,normal,trend,False,B
1766030400,0.12477,1505762208.0,94410.0,43247.0,0.9073536006093527,0.4011790257524045,0.018153131997155514,0.592,normal,trend,False,B
1766044800,0.12606,1484214184.0,89245.0,43282.0,0.8872628686783444,0.3908222975053905,0.010361127798724556,0.524,normal,trend,False,B
1766059200,0.12947,1461143163.0,298288.0,142955.0,0.9848405618753981,0.28259017324623675,0.01083514428855592,0.444,normal,trend,False,B
1766073600,0.12017,1485719157.0,449741.0,207732.0,1.4062557537752884,0.4260395364689844,0.031370896450727326,0.54,expanded,trend,False,B
1766088000,0.12203,1442644341.0,157177.0,82722.0,1.3099110433289352,0.369707551287648,0.022215379240930977,0.368,expanded,trend,False,B
1766102400,0.12546,1415313847.0,196133.0,97583.0,1.3693922752731287,0.2710585355904557,-0.0015129255762065252,0.196,expanded,trend,False,B
1766116800,0.12789,1394866846.0,142095.0,73046.0,1.3954965310917926,0.20220082530949118,-0.01734791164937466,0.12,expanded,rotation,False,A
1766131200,0.12817,1374691185.0,62823.0,29685.0,1.3952306999532826,0.17216411906677387,-0.031882298555744315,0.056,expanded,rotation,False,A
1766145600,0.12956,1403644735.0,199170.0,87609.0,1.400863260918862,0.11713883865782615,-0.03471232210465858,0.144,expanded,rotation,False,A
1766160000,0.13283,1447691791.0,205186.0,100978.0,1.4016873074161544,0.026985350809560264,-0.05392637373979481,0.404,expanded,rotation,False,A
1766174400,0.13215,1411618633.0,81013.0,41359.0,1.3994124089798716,0.035352570227403395,-0.08549407933061559,0.188,expanded,rotation,False,A
1766188800,0.1314,1423389506.0,68096.0,31682.0,1.4002086753770966,0.09283611383709549,-0.0637463249100163,0.244,expanded,rotation,False,A
1766203200,0.13149,1415318387.0,27184.0,12780.0,1.3999505158872931,0.09369475545079549,-0.0588306942629625,0.216,expanded,rotation,False,A
1766217600,0.13192,1407086937.0,48626.0,27001.0,1.3994750945975094,0.09520062942564878,-0.05353228642014496,0.168,expanded,rotation,False,A
1766232000,0.13205,1425903965.0,48226.0,23403.0,1.3987421668271278,0.03143812709030088,-0.04983273154385626,0.272,expanded,rotation,False,A
1766246400,0.13212,1441572339.0,31788.0,16570.0,1.396853043653097,0.07706592386258104,-0.07321373624867189,0.404,expanded,rotation,False,A
1766260800,0.13188,1430076824.0,32978.0,17890.0,1.3963823277377514,0.051837888784166085,-0.08861421825877291,0.296,expanded,rotation,False,A
1766275200,0.13104,1437820456.0,39919.0,17125.0,1.33960098269493,0.043478260869565244,-0.08406705389944713,0.38,expanded,rotation,False,A
1766289600,0.1313,1435739555.0,19053.0,10563.0,1.33890747655671,0.06938195595548158,-0.07519710789657963,0.364,expanded,rotation,False,A
1766304000,0.13168,1448919156.0,53943.0,29234.0,1.3318669064078879,0.002538071065989567,-0.0632655961791827,0.444,expanded,rotation,False,A
1766318400,0.12945,1474647461.0,121063.0,60772.0,1.357035644648374,0.07783251231527084,-0.006608414759254111,0.552,expanded,rotation,False,A
1766332800,0.13031,1455133219.0,52548.0,31643.0,1.3532594796584438,0.041370869033047666,-0.0015886488285903333,0.476,expanded,rotation,False,A
1766347200,0.13105,1445261847.0,28492.0,15727.0,1.3036538545214884,0.015980629539951437,0.007706694246434331,0.428,expanded,rotation,False,A
1766361600,0.13198,1422567188.0,140579.0,76100.0,0.6809185423427968,0.018940302085830394,-0.012737885611408983,0.252,compressed,rotation,False,A
1766376000,0.13202,1435122442.0,45169.0,21889.0,0.6674691449112706,0.028999516674722267,-0.0033944938829749693,0.368,compressed,rotation,False,A
1766390400,0.1328,1436003743.0,70126.0,37426.0,0.5695016763493256,0.061568061568061765,-0.0006698911198027568,0.376,compressed,rotation,False,A
1766404800,0.13434,1442008634.0,145158.0,80255.0,0.532357818415881,0.10456140350877137,0.01827644224077929,0.432,compressed,rotation,False,A
1766419200,0.13186,1444075283.0,103763.0,43773.0,0.6109733911767339,0.13074712643678155,-0.0012405840320229844,0.444,compressed,rotation,False,A
1766433600,0.13249,1409271567.0,73759.0,40829.0,0.5971980178394155,0.14745562130177498,0.0039356875269316305,0.18,compressed,rotation,False,A
1766448000,0.13245,1430516803.0,61971.0,30245.0,0.4795027039769609,0.17186366932559866,-0.0025797175973013564,0.308,compressed,rotation,False,A
1766462400,0.1304,1449299125.0,100926.0,37427.0,0.5236486364147953,0.1313885647607932,-0.03749800778636625,0.484,compressed,rotation,False,A
1766476800,0.13105,1459927509.0,44252.0,19110.0,0.5238230380528143,0.11821843165126743,-0.01636332226292747,0.544,compressed,rotation,False,A
1766491200,0.12941,1477793859.0,149365.0,76616.0,0.5525858928784343,0.0014836795252226639,0.011395663629437225,0.608,compressed,rotation,False,A
1766505600,0.12891,1465429172.0,108762.0,58865.0,0.5507381592663317,0.2762326169405817,-0.013656675896250858,0.576,compressed,rotation,False,A
1766520000,0.12923,1481354221.0,41880.0,22033.0,0.5523775118959586,0.23920265780730945,0.026832587145607434,0.636,compressed,rotation,False,A
1766534400,0.12844,1478579057.0,62613.0,25052.0,0.556346768955284,0.108521485797524,0.04470048119298875,0.624,compressed,rotation,False,A
1766548800,0.12703,1504982925.0,62206.0,25584.0,0.5729446269042248,0.03252647503782148,0.07894379260341244,0.708,compressed,rotation,False,A
1766563200,0.12794,1506651345.0,44908.0,28721.0,0.582441748106831,0.008496490579978136,0.09599258469093908,0.72,compressed,rotation,False,A
1766577600,0.12831,1496142785.0,72645.0,28836.0,0.5836325887365316,0.0479846449136277,0.06589847679655203,0.692,compressed,rotation,False,A
1766592000,0.12812,1499792767.0,58628.0,24018.0,0.5818935244098318,0.2050500653025683,0.03598899732933547,0.696,compressed,rotation,False,A
1766606400,0.12849,1489864205.0,34689.0,14374.0,0.5356155223957032,0.16151809355692867,0.05542968204784238,0.684,compressed,rotation,False,A
1766620800,0.12872,1500974498.0,28082.0,11159.0,0.5267623831871765,0.12104787714543777,0.05450721090253707,0.708,compressed,rotation,False,A
1766635200,0.12788,1519202434.0,40561.0,14650.0,0.525322454470541,0.157710790738314,0.07339977206132353,0.756,compressed,rotation,False,A
1766649600,0.12616,1543063764.0,82022.0,34806.0,0.539073875940782,0.2382133995037232,0.09663711844977496,0.788,compressed,rotation,False,A
1766664000,0.12758,1527047790.0,81893.0,39635.0,0.5738255668880964,0.17550058892815107,0.0709331255699257,0.776,compressed,rotation,False,A
1766678400,0.12708,1518506533.0,61753.0,26686.0,0.5654590411048263,0.19459459459459433,0.05336825070698037,0.756,compressed,rotation,False,A
1766692800,0.12356,1565449360.0,124487.0,52622.0,0.6407521101740916,0.2851267991775188,0.09466102360945605,0.828,compressed,rotation,False,A
1766707200,0.12599,1547381665.0,174389.0,76686.0,0.6874603647351646,0.16412089697757573,0.07619950637285977,0.808,compressed,rotation,False,A
1766721600,0.12532,1563272318.0,123679.0,51599.0,0.6818085507322149,0.19178960872354142,0.08882722674587029,0.832,compressed,rotation,False,A
1766736000,0.1253,1575758084.0,51508.0,24247.0,0.6845702019324109,0.2070084360804674,0.08754037620025779,0.848,compressed,rotation,False,A
1766750400,0.12206,1645838384.0,184817.0,84059.0,0.7459358057878737,0.23217090794847675,0.11608938917774325,0.852,compressed,rotation,False,A
1766764800,0.12202,1691431687.0,118754.0,60617.0,0.738069088761261,0.26733311834892015,0.16238957706043555,0.876,compressed,rotation,False,A
1766779200,0.12205,1689511011.0,66684.0,40157.0,0.7270836843759164,0.297029702970297,0.16899993901243548,0.876,compressed,rotation,False,A
1766793600,0.12324,1713116050.0,36889.0,20184.0,0.7504366617548088,0.28599476439790533,0.20424262871441967,0.908,compressed,rotation,False,A
1766808000,0.12265,1698824518.0,34787.0,15466.0,0.7484963901150953,0.30118932819029276,0.18374883444265722,0.892,compressed,rotation,False,A
1766822400,0.123,1722961961.0,43102.0,19638.0,0.7524216699794255,0.3194263363754892,0.19983110726473918,0.928,compressed,rotation,False,A
1766836800,0.12297,1709204612.0,41132.0,19889.0,0.7415683549413088,0.3897840246828931,0.18529429831416677,0.912,compressed,trend,False,B
1766851200,0.12287,1704284427.0,27062.0,14338.0,0.7301541975733343,0.33557297499066835,0.18019084397000928,0.908,compressed,trend,False,B
1766865600,0.1243,1715839124.0,59161.0,29737.0,0.7567683788486198,0.29684668358100735,0.21753618264832264,0.928,compressed,trend,False,B
1766880000,0.12407,1717386075.0,37221.0,17396.0,0.7590837683890299,0.30165586753059753,0.2005354088804785,0.928,compressed,trend,False,B
1766894400,0.1241,1720083401.0,27354.0,11485.0,0.7575307446380587,0.24456521739130363,0.186838086996016,0.932,compressed,trend,False,B
1766908800,0.12393,1720522411.0,31623.0,16463.0,0.7573363308635792,0.2816455696202531,0.1784985216002255,0.932,compressed,trend,False,B
1766923200,0.12422,1734296550.0,38929.0,20281.0,0.7594203689568062,0.21688257417467607,0.17357136074010437,0.944,compressed,rotation,False,A
1766937600,0.12338,1726578406.0,48526.0,20489.0,0.7428646459671608,0.2278533168520805,0.17820665712801853,0.94,compressed,rotation,False,A
1766952000,0.12388,1713658060.0,37742.0,16920.0,0.7238486099114577,0.2188139059304708,0.15681856216886558,0.9,compressed,rotation,False,A
1766966400,0.12743,1719613603.0,167550.0,83343.0,0.8510198857336947,0.037118706357957096,0.16301769246553044,0.916,normal,rotation,False,A
1766980800,0.12709,1692032342.0,99627.0,41573.0,0.726165242243821,0.0022953328232595497,0.12428673700733173,0.868,compressed,rotation,False,A
1766995200,0.12484,1609960102.0,115098.0,57304.0,0.7224660252537222,0.11280931586608434,0.06856845636041964,0.852,compressed,rotation,False,A
1767009600,0.12402,1626138761.0,168959.0,85026.0,0.7314305536066753,0.1535982814178307,0.08688741295504099,0.856,compressed,rotation,False,A
1767024000,0.12279,1644175037.0,70652.0,35352.0,0.7532736521025943,0.1839834311356584,0.09626814662455296,0.86,compressed,rotation,False,A
1767038400,0.1228,1668104299.0,51610.0,29525.0,0.6338879021848367,0.19888150996155157,0.11963512741753535,0.872,compressed,rotation,False,A
1767052800,0.12342,1701109691.0,38161.0,21094.0,0.6380814875058863,0.18275862068965534,0.1333368376789037,0.896,compressed,rotation,False,A
1767067200,0.12365,1725020301.0,44496.0,24131.0,0.6388306611420521,0.14899612539626644,0.1354775784936637,0.956,compressed,rotation,False,A
1767081600,0.12451,1712876877.0,173446.0,120567.0,0.6308515472408808,0.05993461678169274,0.11004931679543994,0.912,compressed,rotation,False,A
1767096000,0.12451,1727309639.0,240030.0,103181.0,0.6315701332374839,0.11757947146687127,0.1311431445115414,0.96,compressed,rotation,False,A
1767110400,0.12325,1734399826.0,84283.0,38867.0,0.6605641434341055,0.1425381466319318,0.14217475414707348,0.968,compressed,rotation,False,A
1767124800,0.12326,1756754892.0,47084.0,26125.0,0.661520305675728,0.012842465753425052,0.12220486774481154,0.988,compressed,rotation,False,A
1767139200,0.12305,1783118858.0,47207.0,28210.0,0.6624654305848557,0.13907284768211878,0.1523458616139155,0.996,compressed,rotation,False,A
1767153600,0.12331,1812048363.0,28586.0,16120.0,0.6369425859687226,0.09696092619392135,0.1591380095044963,1.0,compressed,rotation,False,A
1767168000,0.12335,1840996517.0,37928.0,23386.0,0.641449713421046,0.09397590361445775,0.16832433588200457,1.0,compressed,rotation,False,A
1767182400,0.12109,1948436099.0,108229.0,53872.0,0.709167173306642,0.04906423874557415,0.18385627528298065,1.0,compressed,rotation,False,A
1767196800,0.11719,2029434098.0,316684.0,169688.0,0.8774731080198607,0.20440118493440584,0.19983213841730518,1.0,normal,rotation,False,A
1767211200,0.11741,2071043826.0,131695.0,78081.0,0.8812999986061425,0.19479429051217526,0.22582440275081472,1.0,normal,rotation,False,A
1767225600,0.11823,2097516565.0,73812.0,43382.0,0.8963937018044416,0.21364605543710063,0.2243867337533847,1.0,normal,rotation,False,A
1767240000,0.11837,2092846236.0,41569.0,18774.0,0.8955712916093997,0.18608695652173918,0.2319378569270214,0.996,normal,rotation,False,A
1767254400,0.1206,2179282225.0,140020.0,74689.0,0.8132144309470443,0.09646302250803877,0.26484639494603446,1.0,compressed,rotation,False,A
1767268800,0.12463,2242951346.0,229174.0,117785.0,1.0024989069874144,0.05747922437673171,0.3122778456439128,1.0,normal,rotation,False,A
1767283200,0.1258,2227448333.0,240218.0,121121.0,0.9721100266319818,0.09782971619365638,0.3069698330348001,0.996,normal,rotation,False,A
1767297600,0.12679,2215089478.0,161774.0,87361.0,0.971697003245277,0.08437817688919091,0.29096571293708307,0.992,normal,rotation,False,A
1767312000,0.12863,2225345079.0,155843.0,79794.0,0.9792684882157376,0.14652956298200526,0.29577449788044885,0.992,normal,rotation,False,A
1767326400,0.1279,2229676931.0,123068.0,62179.0,0.9928861331583042,0.11942174732872475,0.2962609427564611,0.996,normal,rotation,False,A
1767340800,0.12941,2061511361.0,476414.0,230917.0,1.0049517789428124,0.16525934861278696,0.19818919406101254,0.964,normal,rotation,False,A
1767355200,0.13524,2242932856.0,602253.0,296806.0,1.2204857855781843,0.28475452196382506,0.29328104585112613,0.996,normal,rotation,False,A
1767369600,0.13947,2206341199.0,417686.0,205823.0,1.2965384042253485,0.3822760750772164,0.27786910303800005,0.976,normal,trend,False,B
1767384000,0.14181,2182425680.0,440594.0,221476.0,1.3048356652928887,0.4081493284771233,0.273547932893917,0.972,expanded,trend,False,B
1767398400,0.14403,2194030932.0,216378.0,108866.0,1.2789886973973463,0.38967136150234827,0.27588600611924785,0.972,normal,trend,False,B
1767412800,0.13996,2214829113.0,245171.0,88925.0,1.411748088175155,0.27778976904813324,0.308975637180817,0.976,expanded,trend,False,B
1767427200,0.14248,2365781541.0,236758.0,115004.0,1.4166857953461642,0.37854077253218926,0.46946594394548535,1.0,expanded,trend,False,B
1767441600,0.1422,2448496325.0,152767.0,70454.0,1.42266460425627,0.3947025618758146,0.5057118025366347,1.0,expanded,trend,False,B
1767456000,0.14161,2436388139.0,100169.0,49766.0,1.4308247571040444,0.4143549097313972,0.48183014835542726,0.996,expanded,trend,False,B
1767470400,0.14307,2443920007.0,76652.0,38055.0,1.3604996661997306,0.4324727970983583,0.46508824925700876,0.996,expanded,trend,False,B
1767484800,0.15096,2421299124.0,379295.0,212045.0,1.3599679122241413,0.5086811968969351,0.4233644877871665,0.988,expanded,trend,False,B
1767499200,0.15142,2368954936.0,299712.0,137933.0,1.357412128850594,0.510759610079089,0.3732910474309832,0.984,expanded,trend,False,B
1767513600,0.15187,2407480614.0,157674.0,76778.0,1.3639452041969105,0.5070422535211281,0.4055187774013018,0.984,expanded,trend,False,B
1767528000,0.15134,2461244515.0,206075.0,115043.0,1.3774078454491352,0.4923839236557178,0.42490058494949445,1.0,expanded,trend,False,B
1767542400,0.14982,2460508867.0,218315.0,105879.0,1.4209382640943684,0.4852968036529693,0.41865147246618784,0.996,expanded,trend,False,B
1767556800,0.14944,2474523399.0,109850.0,58650.0,1.3827165288131618,0.47496371552975397,0.40857635306360085,1.0,expanded,trend,False,B
1767571200,0.15149,2419995207.0,205306.0,116944.0,1.3847858920487626,0.4992977528089894,0.3571698802593226,0.972,expanded,trend,False,B
1767585600,0.14992,2406563787.0,128834.0,53399.0,1.4186747367382253,0.4566672387163208,0.3280902630080631,0.964,expanded,trend,False,B
1767600000,0.14772,2269142578.0,194533.0,89688.0,1.4587101618655933,0.4032765182856197,0.23256212439645796,0.952,expanded,trend,False,B
1767614400,0.14874,2149849128.0,169206.0,78151.0,1.4390330890097711,0.467139719547221,0.10337163692633888,0.904,expanded,trend,False,B
1767628800,0.1517,2248339431.0,280059.0,147141.0,1.451445132497833,0.5924463519313307,0.10786520893471252,0.948,expanded,trend,False,B
1767643200,0.15165,2262830906.0,135075.0,68877.0,1.3126746290151305,0.5895316804407716,0.09260406640955354,0.948,expanded,trend,False,B
1767657600,0.15273,2277141669.0,195444.0,97635.0,1.2385912733291966,0.5913609873157356,0.08563703715016913,0.952,normal,trend,False,B
1767672000,0.14948,2252924657.0,130032.0,59585.0,1.2891543531297176,0.50626525630594,0.0764883813470949,0.94,normal,trend,False,B
1767686400,0.15039,2259890340.0,81804.0,44867.0,1.266562406899996,0.49542657575253635,0.036988378134456656,0.94,normal,trend,False,B
1767700800,0.1499,2222682526.0,340194.0,173310.0,1.1514959282018276,0.4465453260293341,-0.009036673950215901,0.908,normal,trend,False,B
1767715200,0.14579,2021333050.0,401366.0,206737.0,1.2294680896962107,0.3357970771039815,-0.0925342599181177,0.856,normal,trend,False,B
1767729600,0.15048,1949036811.0,123348.0,58921.0,1.324236095225294,0.37466392535189,-0.12010921890172055,0.852,expanded,trend,False,B
1767744000,0.14832,1929549515.0,109085.0,45922.0,1.3498456454605492,0.3098347757671129,-0.13292121154213132,0.844,expanded,trend,False,B
1767758400,0.14898,1928253317.0,45225.0,21630.0,1.3435855492914524,0.3320730938878386,-0.13518712500864993,0.84,expanded,trend,False,B
1767772800,0.14882,2046745663.0,267266.0,130384.0,1.009599534360845,0.3124094640270403,-0.0071625596052196094,0.86,normal,trend,False,B
1767787200,0.14605,2053579482.0,187963.0,89020.0,1.0488509614603398,0.18300321652276988,-0.08442222133108745,0.86,normal,rotation,False,A
1767801600,0.14654,2048948076.0,120582.0,59373.0,1.0493556592396038,0.12777878185432853,-0.07133671032899935,0.856,normal,rotation,False,A
1767816000,0.14634,2036938146.0,66437.0,32984.0,1.0489592352470514,0.08516638465877058,-0.06666322493052779,0.848,normal,rotation,False,A
1767830400,0.14519,2030530748.0,70682.0,30429.0,1.044617008430206,0.02225633154259445,-0.07452045530231388,0.844,normal,rotation,False,A
1767844800,0.14392,2022517940.0,224486.0,94608.0,1.0511831557473343,0.08029197080291953,-0.08682889883974543,0.836,normal,rotation,False,A
1767859200,0.1409,1909985010.0,250564.0,116112.0,1.0607692437061724,0.03171417101565632,-0.1926621385368228,0.812,normal,rotation,False,A
1767873600,0.14179,1846162450.0,237649.0,110333.0,1.0658057766602602,0.008130081300812882,-0.2460015434166518,0.808,normal,rotation,False,A
1767888000,0.14183,1846337119.0,122615.0,58999.0,1.0411983592146428,0.004410585404971889,-0.2421826845053443,0.808,normal,rotation,False,A
1767902400,0.14189,1853417054.0,53514.0,25092.0,1.026386105999291,0.024339933993399624,-0.2416212279078903,0.808,normal,rotation,False,A
1767916800,0.14295,1871231813.0,79353.0,41568.0,0.971683752951128,0.1923169267707086,-0.2271785858871025,0.808,normal,rotation,False,A
1767931200,0.1419,1849970952.0,52715.0,19719.0,0.9730840612021082,0.22537878787878776,-0.2190771872074142,0.8,normal,rotation,False,A
1767945600,0.14025,1870500696.0,137500.0,51141.0,0.9695742202923533,0.2674953959484344,-0.22304641411330595,0.804,normal,rotation,False,A
1767960000,0.14205,1843483534.0,255116.0,123464.0,0.964886473148333,0.20778349362558696,-0.2509953713396087,0.784,normal,rotation,False,A
1767974400,0.13945,1824760825.0,128419.0,60941.0,0.9862793105354302,0.22646866127975568,-0.2583807156830701,0.776,normal,rotation,False,A
1767988800,0.14065,1815231629.0,50321.0,28531.0,1.0030349761146693,0.18858614031323728,-0.26643181885709055,0.772,normal,rotation,False,A
1768003200,0.14022,1807782974.0,23671.0,10084.0,0.9106260572946778,0.25050011113580817,-0.25298076261851044,0.764,normal,rotation,False,A
1768017600,0.14031,1815604135.0,36511.0,14106.0,0.7098622998292441,0.2208687658009658,-0.24556159915324116,0.772,compressed,rotation,False,A
1768032000,0.13994,1776167901.0,68394.0,33407.0,0.6846920182636772,0.18666026871401148,-0.21725152124839286,0.752,compressed,rotation,False,A
1768046400,0.13992,1771312177.0,34908.0,16224.0,0.6750082764294117,0.21681415929203643,-0.17607605392856196,0.748,compressed,rotation,False,A
1768060800,0.14024,1763027334.0,31682.0,15077.0,0.6800463533095122,0.3012618296529973,-0.21585357188889687,0.744,compressed,rotation,False,A
1768075200,0.13958,1755447420.0,24484.0,11351.0,0.6253320686413772,0.31228978007762015,-0.22422509992003792,0.736,compressed,rotation,False,A
1768089600,0.13905,1790228985.0,45310.0,19983.0,0.6182463616449978,0.3590551181102367,-0.2138262588703259,0.756,compressed,trend,False,B
1768104000,0.13996,1805119184.0,38861.0,22174.0,0.6357395364731913,0.2662192393736023,-0.1987662887920535,0.756,compressed,trend,False,B
1768118400,0.13965,1806095501.0,28011.0,13090.0,0.6283440052884153,0.3054607508532428,-0.20080391998135627,0.756,compressed,trend,False,B
1768132800,0.13808,1790163799.0,110289.0,57006.0,0.6372377284062241,0.32615894039735144,-0.1945931197733275,0.744,compressed,trend,False,B
1768147200,0.1375,1837288542.0,95498.0,52986.0,0.5511641481551173,0.2534393151941305,-0.09105105563875282,0.776,compressed,trend,False,B
1768161600,0.13794,1807664568.0,101434.0,50693.0,0.5435237455384093,0.4406184118060445,-0.07253441402549277,0.752,compressed,trend,False,B
1768176000,0.14035,1790824379.0,169880.0,80411.0,0.6261966603809752,0.2776036224312095,-0.07189508997907212,0.74,compressed,trend,False,B
1768190400,0.13785,1787491440.0,85827.0,33347.0,0.6887527128527366,0.3643207855973821,-0.07299968098537957,0.728,compressed,trend,False,B
1768204800,0.13661,1822645294.0,139359.0,56203.0,0.6820288317335264,0.3860259247549802,-0.10949106821192756,0.768,compressed,trend,False,B
1768219200,0.1384,1791746939.0,166691.0,73805.0,0.7205535633759562,0.2495921696574237,-0.1275005644023084,0.736,compressed,trend,False,B
1768233600,0.13824,1750196805.0,95118.0,41951.0,0.697534180837649,0.27374670184696637,-0.14580714587127486,0.692,compressed,trend,False,B
1768248000,0.13653,1722074850.0,64168.0,27823.0,0.6831526847930449,0.3081998114985866,-0.1545767585620148,0.664,compressed,trend,False,B
1768262400,0.13704,1738394973.0,70400.0,35107.0,0.6266749641414976,0.2613016992625855,-0.14387163321104257,0.688,compressed,trend,False,B
1768276800,0.13858,1731506930.0,91479.0,38751.0,0.6405503345154996,0.16973935155753336,-0.143885502444542,0.676,compressed,rotation,False,A
1768291200,0.139,1739460275.0,94711.0,43152.0,0.6433024665109566,0.06583506583506551,-0.08928066665821632,0.688,compressed,rotation,False,A
1768305600,0.14204,1762065087.0,186510.0,94612.0,0.7410600834053357,0.008061915511125476,-0.04555252599791526,0.7,compressed,rotation,False,A
1768320000,0.14432,1748971093.0,171527.0,81623.0,0.7835275461848664,0.0748872180451128,-0.052734695629547135,0.684,compressed,rotation,False,A
1768334400,0.14821,1745747209.0,347489.0,156230.0,0.8900561028673125,0.17044228694714222,-0.05809261588892234,0.68,normal,rotation,False,A
1768348800,0.14954,1777750606.0,141703.0,68753.0,0.8998057514929769,0.1764390896921025,-0.04995704238809884,0.712,normal,rotation,False,A
1768363200,0.14841,1761415094.0,108091.0,48099.0,0.9128090878519698,0.1739246593641464,-0.047868782968868984,0.692,normal,rotation,False,A
1768377600,0.14596,1776445592.0,74252.0,32921.0,0.9676074176671611,0.1493591420350511,-0.05028338358875439,0.708,normal,rotation,False,A
1768392000,0.14891,1744230458.0,187069.0,92157.0,1.0107568082058007,0.17420010157440305,-0.05383995797599572,0.664,normal,rotation,False,A
1768406400,0.14785,1768201409.0,249473.0,124862.0,1.0219390737311478,0.22198731501057206,-0.030995522933806918,0.696,normal,rotation,False,A
1768420800,0.14712,1783478308.0,112624.0,54465.0,1.0010415342859214,0.1731335295691738,-0.01749271029256616,0.716,normal,rotation,False,A
1768435200,0.14264,1799492333.0,151897.0,59924.0,1.1512183130065285,0.05842588121680308,-0.004586082023803839,0.736,normal,rotation,False,A
1768449600,0.14409,1752903002.0,97590.0,53603.0,1.1596054460025458,0.08835904628331023,-0.03453458371860341,0.664,normal,rotation,False,A
1768464000,0.14361,1723507377.0,65000.0,36977.0,1.1306391317088855,0.08556773140592172,-0.029648393020925368,0.612,normal,rotation,False,A
1768478400,0.14203,1682302562.0,163770.0,82060.0,1.1010746691463857,0.04746906636670425,-0.05025066510339926,0.54,normal,rotation,False,A
1768492800,0.13991,1676322260.0,239909.0,85711.0,1.1228481380136304,0.0071351351351350845,-0.049179653841940896,0.536,normal,rotation,False,A
1768507200,0.13997,1660134566.0,66319.0,39616.0,1.1029201388826715,0.00854326396495076,-0.054295476420478606,0.528,normal,rotation,False,A
1768521600,0.13936,1669604506.0,79203.0,31082.0,1.1057647100996597,0.006778919746337313,-0.06737935761888025,0.532,normal,rotation,False,A
1768536000,0.13994,1671286113.0,67747.0,31042.0,1.0830639275700134,0.00044052863436106355,-0.0741408501921943,0.532,normal,rotation,False,A
1768550400,0.13797,1741159982.0,394761.0,107351.0,1.1126114513225345,0.035699107522311736,-0.035953535659684954,0.644,normal,rotation,False,A
1768564800,0.13595,1702519573.0,236926.0,108673.0,1.1215493201908506,0.0448326668069885,-0.04895877463780618,0.556,normal,rotation,False,A
1768579200,0.13717,1727747379.0,104913.0,59437.0,1.131621275161815,0.006853582554517655,-0.05962109951480887,0.62,normal,rotation,False,A
1768593600,0.13804,1737142862.0,107288.0,56413.0,1.0638625924033387,0.002058460271716531,-0.03901260623702174,0.632,normal,rotation,False,A
1768608000,0.13734,1744440626.0,55120.0,21395.0,1.0151795392104401,0.06422018348623884,-0.025900782647319542,0.648,normal,rotation,False,A
1768622400,0.13724,1750270832.0,44315.0,21465.0,0.8781302551140072,0.013717112660220375,-0.02082281747877912,0.66,normal,rotation,False,A
1768636800,0.13764,1752965376.0,42031.0,21694.0,0.8578294905664905,0.023607609443043864,-0.038230103371939994,0.664,normal,rotation,False,A
1768651200,0.13945,1739961302.0,92140.0,59307.0,0.9019233374654583,0.024054982817869327,-0.028902316433649045,0.628,normal,rotation,False,A
1768665600,0.13864,1724432388.0,70562.0,33808.0,0.871717250544345,0.009029345372460765,-0.014720868491129524,0.584,normal,rotation,False,A
1768680000,0.13781,1708647888.0,38959.0,17253.0,0.7765080912494473,0.029479502533394195,-0.007796967710201441,0.532,compressed,rotation,False,A
1768694400,0.13734,1706383362.0,61505.0,22874.0,0.7743812814746034,0.006915629322268205,-0.018414463627190902,0.528,compressed,rotation,False,A
1768708800,0.13707,1722671354.0,30608.0,14979.0,0.7745557485341036,0.035858465922583994,-0.005102824509053527,0.572,compressed,rotation,False,A
1768723200,0.13709,1741224270.0,35011.0,18714.0,0.6070123946870345,0.04579237592903439,0.001014104791786652,0.632,compressed,rotation,False,A
1768737600,0.1365,1752793613.0,75292.0,39152.0,0.5690504720310076,0.14111054508405488,-0.005261709155014893,0.656,compressed,rotation,False,A
1768752000,0.13711,1787422695.0,47896.0,28042.0,0.5813310470379207,0.19180633147113602,0.021985270170500115,0.712,compressed,rotation,False,A
1768766400,0.13156,1745797820.0,228728.0,118597.0,0.866388766302322,0.4242038216560514,2.8991024438651536e-05,0.636,normal,trend,False,B
1768780800,0.12728,1568354578.0,809631.0,444174.0,0.9803268331381823,0.5274881516587683,-0.11778706602224043,0.424,normal,trend,False,B
1768795200,0.12713,1549980518.0,129224.0,67244.0,0.9781979212960409,0.5162542455118879,-0.12003676857330259,0.396,normal,trend,False,B
1768809600,0.12778,1558454884.0,121968.0,61377.0,0.9922016063645643,0.4611872146118724,-0.12271172783545625,0.412,normal,trend,False,B
1768824000,0.12775,1564426454.0,110783.0,54269.0,0.9838088066029347,0.5797260273972598,-0.10308500414914779,0.416,normal,trend,False,B
1768838400,0.12982,1552506265.0,92205.0,44114.0,1.0256522613802725,0.4806718208477742,-0.12198561934298291,0.392,normal,trend,False,B
1768852800,0.12909,1530678994.0,83553.0,39109.0,1.002952475447001,0.4806718208477738,-0.14174510161746245,0.356,normal,trend,False,B
1768867200,0.12791,1508748294.0,63195.0,29318.0,0.9873966420200029,0.430575855013154,-0.1615700348749416,0.316,normal,trend,False,B
1768881600,0.12671,1505181800.0,124074.0,59126.0,0.9764190613593753,0.5117785630153124,-0.14132054181968934,0.3,normal,trend,False,B
1768896000,0.12522,1558482155.0,125058.0,58524.0,0.9876295282816397,0.5258793251358308,-0.09574964644900386,0.408,normal,trend,False,B
1768910400,0.12513,1556696339.0,203318.0,102718.0,0.9879523524805196,0.5047789725209082,-0.07466327748480239,0.396,normal,trend,False,B
1768924800,0.12388,1553025977.0,149770.0,70569.0,0.9865007770028774,0.4915670039865075,-0.07355165885585746,0.384,normal,trend,False,B
1768939200,0.12329,1530807890.0,128876.0,68053.0,0.936003934020306,0.5033192516596264,-0.07790132116314241,0.348,normal,trend,False,B
1768953600,0.12545,1495308896.0,116105.0,62421.0,1.0168476466536311,0.40098010954165486,-0.1043933514635591,0.26,normal,trend,False,B
1768968000,0.12491,1506295838.0,106294.0,39792.0,1.01674648282882,0.433766233766234,-0.09872054444576117,0.3,normal,trend,False,B
1768982400,0.12301,1517995383.0,71544.0,33594.0,1.0312579051629815,0.4326200115673802,-0.12817007127837832,0.316,normal,trend,False,B
1768996800,0.12631,1552118059.0,258915.0,128723.0,1.163764883117059,0.2688232013385382,-0.08834054913975431,0.372,normal,trend,False,B
1769011200,0.12805,1486524659.0,262028.0,136062.0,1.2003791185398902,0.25068719076415585,-0.13961689245311826,0.24,normal,trend,False,B
1769025600,0.12644,1441201863.0,127789.0,69745.0,1.2104696912675883,0.3125000000000001,-0.1703607719743202,0.124,normal,trend,False,B
1769040000,0.12684,1440246496.0,62227.0,32031.0,1.2079966793837913,0.2851711026615965,-0.17437918233853378,0.116,normal,trend,False,B
1769054400,0.12605,1445988898.0,53621.0,23239.0,1.0111419915418902,0.2983204478805652,-0.17384848586678614,0.16,normal,trend,False,B
1769068800,0.1258,1477885034.0,53500.0,26982.0,0.8496731807402516,0.3169164882226985,-0.15692286097954278,0.216,compressed,trend,False,B
1769083200,0.12422,1491375911.0,123496.0,58682.0,0.8741004279346144,0.4101804470778342,-0.142868344666208,0.268,normal,trend,False,B
1769097600,0.12469,1498465466.0,76053.0,39933.0,0.8717889690713647,0.37917912476216364,-0.13103843535557624,0.28,normal,trend,False,B
1769112000,0.12431,1474806387.0,56058.0,27990.0,0.8732076729382934,0.3714914694551453,-0.13685763031827192,0.208,normal,trend,False,B
1769126400,0.12543,1498987145.0,70543.0,32744.0,0.8389978896088454,0.3219789132197883,-0.12154139662784635,0.28,compressed,trend,False,B
1769140800,0.125,1506204417.0,79369.0,29435.0,0.8368332569898924,0.3248990578734854,-0.12565770975257073,0.312,compressed,trend,False,B
1769155200,0.12513,1490490794.0,46167.0,21002.0,0.8268428423587638,0.32098765432098725,-0.1439983810930915,0.256,compressed,trend,False,B
1769169600,0.12464,1486081624.0,121783.0,59354.0,0.8169773905606669,0.3191603875134551,-0.15216394390181975,0.244,compressed,trend,False,B
1769184000,0.12468,1475350016.0,155256.0,72999.0,0.7950523390789143,0.339710303361574,-0.17459366487455275,0.208,compressed,trend,False,B
1769198400,0.1247,1458726734.0,59488.0,29718.0,0.7964338448386614,0.22086284610431398,-0.16443547054034013,0.184,compressed,trend,False,B
1769212800,0.12437,1458811039.0,17193.0,8226.0,0.7792597524709358,0.10734046477314654,-0.06984615630713575,0.188,compressed,rotation,False,A
1769227200,0.12412,1464604618.0,25769.0,13927.0,0.7761095268752417,0.11062109518559327,-0.055081918132857455,0.196,compressed,rotation,False,A
1769241600,0.12456,1477960991.0,22743.0,9484.0,0.724744960559809,0.11925925925925905,-0.051649806373220586,0.22,compressed,rotation,False,A
1769256000,0.12362,1475123071.0,47177.0,17471.0,0.7460973618885641,0.1479756359727696,-0.05708378477726761,0.204,compressed,rotation,False,A
1769270400,0.12409,1480031826.0,36996.0,16916.0,0.7035606922371905,0.21778791334093375,-0.0466822199909126,0.224,compressed,rotation,False,A
1769284800,0.12415,1470779489.0,18812.0,8553.0,0.5090697015881807,0.19266770670826816,-0.03913263671533729,0.188,compressed,rotation,False,A
1769299200,0.12322,1493631576.0,42940.0,15164.0,0.4422316871292438,0.18471839306813648,-0.010019377029366838,0.264,compressed,rotation,False,A
1769313600,0.12293,1525612440.0,26639.0,10726.0,0.3940305826234224,0.15441176470588155,0.013573536432609057,0.34,compressed,rotation,False,A
1769328000,0.12328,1527728615.0,39629.0,20540.0,0.3928436484746896,0.08311910882604928,-0.019733007465844277,0.348,compressed,rotation,False,A
1769342400,0.12222,1569403938.0,72708.0,28190.0,0.4048009695984421,0.11970382558617795,0.008163184226515963,0.428,compressed,rotation,False,A
1769356800,0.1187,1602805878.0,313797.0,132549.0,0.6389005609796946,0.1948833709556052,0.03205348895461513,0.436,compressed,rotation,False,A
1769371200,0.11938,1598105391.0,148764.0,71130.0,0.6290280924118793,0.1466066741657287,0.043962081355616744,0.432,compressed,rotation,False,A
1769385600,0.12128,1601381714.0,133792.0,69794.0,0.6986094583358294,0.1578947368421051,0.07093706075296424,0.432,compressed,rotation,False,A
1769400000,0.12168,1620577371.0,77212.0,36839.0,0.704840463368835,0.12295393985534792,0.07586924833553188,0.44,compressed,rotation,False,A
1769414400,0.121,1641311334.0,125837.0,42771.0,0.6862544528295639,0.08023952095808357,0.08123605142743706,0.444,compressed,rotation,False,A
1769428800,0.12219,1636380272.0,164104.0,80789.0,0.7204037449911289,0.17959895379250237,0.05428853334409922,0.44,compressed,rotation,False,A
1769443200,0.12234,1665421476.0,111345.0,53517.0,0.725336546708949,0.267447306791568,0.12034567736020318,0.456,compressed,rotation,False,A
1769457600,0.12228,1659978478.0,95797.0,38991.0,0.7272333271507195,0.21010101010100923,0.15180150721190122,0.448,compressed,rotation,False,A
1769472000,0.12278,1672429292.0,69292.0,39063.0,0.7371051173151649,0.20402010050251237,0.16121045712997173,0.468,compressed,rotation,False,A
1769486400,0.12211,1670703617.0,61837.0,22769.0,0.7447120306456388,0.1991911021233564,0.15540556314838327,0.46,compressed,rotation,False,A
1769500800,0.12232,1658829491.0,89406.0,52078.0,0.7461127184710438,0.17629179331306932,0.12243473127964566,0.436,compressed,rotation,False,A
1769515200,0.12293,1648981707.0,87767.0,50530.0,0.754511690703173,0.06872669152903549,0.10567811564981078,0.432,compressed,rotation,False,A
1769529600,0.12431,1611039824.0,284557.0,141125.0,0.7857296675969948,0.019308943089430403,0.07512642803874936,0.404,compressed,rotation,False,A
1769544000,0.12615,1603440711.0,111529.0,53999.0,0.8225372630473259,0.08703878902554407,0.08722116010201408,0.396,compressed,rotation,False,A
1769558400,0.12448,1596392651.0,75011.0,37439.0,0.8714108688528464,0.04379898570770017,0.06498088147380354,0.38,normal,rotation,False,A
1769572800,0.12548,1593841279.0,74777.0,45779.0,0.8933729158040845,0.021563342318059585,0.05818390984043975,0.376,normal,rotation,False,A
1769587200,0.1271,1582763387.0,143322.0,52555.0,0.9135471167213192,0.08294736842105234,0.06190752292563295,0.372,normal,rotation,False,A
1769601600,0.12457,1554842936.0,149320.0,55839.0,1.002938463562914,0.0027142303218301825,0.04627021214011062,0.332,normal,rotation,False,A
1769616000,0.12522,1563803223.0,118581.0,64456.0,1.005970955205234,0.02045454545454535,0.059954048897370216,0.348,normal,rotation,False,A
1769630400,0.12495,1562045020.0,89815.0,43719.0,0.9930212579648443,0.009380863039399612,0.07082771816808298,0.34,normal,rotation,False,A
1769644800,0.12216,1535495779.0,128307.0,56391.0,0.9201651616111095,0.07591892820336606,0.05256660249333356,0.296,normal,rotation,False,A
1769659200,0.12194,1533810224.0,60561.0,33892.0,0.9192386136633,0.07496561210453864,0.04725207414305732,0.292,normal,rotation,False,A
1769673600,0.12109,1573857998.0,130308.0,75422.0,0.8819836301895366,0.11766700576466584,0.06488466717590113,0.364,normal,rotation,False,A
1769688000,0.11613,1695356730.0,416093.0,242372.0,1.1937523341443446,0.22351536854670212,0.14929849809121443,0.488,normal,rotation,True,C
1769702400,0.11547,1835271781.0,349692.0,185281.0,1.1938575401242317,0.25578635014836787,0.2400218351791037,0.772,normal,rotation,True,C
1769716800,0.1172,1806866721.0,104353.0,52558.0,1.2182027296372797,0.1964942041277917,0.22850959951073935,0.74,normal,rotation,True,C
1769731200,0.11418,1790889050.0,352833.0,154334.0,1.3015292132858287,0.24132407901761846,0.19901659738345012,0.72,expanded,rotation,True,C
1769745600,0.11448,1781896312.0,159657.0,72143.0,1.3057421431386271,0.22551374432879626,0.16798753423903645,0.688,expanded,rotation,True,C
1769760000,0.11547,1783318856.0,95576.0,50757.0,1.3188043178364874,0.2049330884282339,0.1673008140912513,0.692,expanded,rotation,True,C
1769774400,0.11599,1745766378.0,176967.0,90214.0,1.3257799552872263,0.165823795581581,0.11237542848576698,0.612,expanded,rotation,True,C
1769788800,0.11769,1792810678.0,239321.0,113086.0,1.3651111696771054,0.028251748251748154,0.11854511055143502,0.724,expanded,rotation,True,C
1769803200,0.11577,1761848511.0,140458.0,62934.0,1.3853542082824368,0.09759394430927278,0.10246077694384059,0.648,expanded,rotation,True,C
1769817600,0.11511,1772179389.0,42740.0,19131.0,1.355288906283173,0.17258741258741236,0.10665644143854647,0.664,expanded,rotation,True,C
1769832000,0.11273,1799409480.0,134778.0,53703.0,1.3381367939230162,0.23721176782401254,0.11035086148935247,0.724,expanded,rotation,True,C
1769846400,0.1118,1814049329.0,173109.0,84902.0,1.330169991245258,0.24223275408109513,0.10524389335631068,0.752,expanded,rotation,True,C
1769860800,0.1067,1750061582.0,507109.0,244293.0,1.5221496949796725,0.3697779899737403,0.0694712054069544,0.6,expanded,trend,True,C
1769875200,0.10175,1717026145.0,1341489.0,638323.0,1.6392079984260022,0.4409937888198758,0.030985951450526406,0.484,expanded,trend,True,C
1769889600,0.10417,1682082929.0,263718.0,136490.0,1.7588045016568086,0.36921508664627917,0.01331610698147867,0.416,expanded,trend,True,C
1769904000,0.10487,1697969771.0,118795.0,58557.0,1.7638052600449188,0.36365482233502505,0.015271485091879144,0.436,expanded,trend,True,C
1769918400,0.10573,1709208460.0,100452.0,45041.0,1.7906027260720316,0.33131067961165017,0.023047081845157802,0.464,expanded,trend,True,C
1769932800,0.10583,1684732126.0,110513.0,42635.0,1.7745884648374568,0.3342793431988648,0.015615007534249381,0.412,expanded,trend,True,C
1769947200,0.10405,1657493147.0,260878.0,117438.0,1.7807815630688002,0.3738613861386137,0.005161633973177926,0.36,expanded,trend,True,C
1769961600,0.10412,1654897699.0,218654.0,107058.0,1.78480684365091,0.41044927830859934,0.02722333386589204,0.356,expanded,trend,True,C
1769976000,0.10421,1702426324.0,318756.0,152766.0,1.6446825711276936,0.4624789207419904,0.06173325419576425,0.44,expanded,trend,True,C
1769990400,0.10333,1686350911.0,407542.0,203204.0,1.6433142977873623,0.45337620578778154,0.05635096098923342,0.408,expanded,trend,True,C
1770004800,0.10305,1758263021.0,448710.0,210209.0,1.586709956202616,0.4883518397561514,0.10316067488423974,0.628,expanded,trend,True,C
1770019200,0.10483,1711330788.0,244801.0,142208.0,1.5909865141112636,0.4831850726838794,0.08122970372955685,0.46,expanded,trend,True,C
1770033600,0.10949,1676281370.0,288534.0,151666.0,1.8319491241669656,0.31273330568228963,0.07810334483842674,0.38,expanded,trend,True,C
1770048000,0.10738,1622243064.0,132631.0,55832.0,1.8399254056304901,0.35909822866344615,0.037370329041712225,0.308,expanded,trend,True,C
1770062400,0.10785,1639846513.0,82307.0,40815.0,1.8229358034080216,0.34282277465918226,0.04980745881447124,0.316,expanded,trend,True,C
1770076800,0.10739,1631754937.0,173650.0,74073.0,1.768782394239857,0.31062039957939036,0.06268930160308828,0.308,expanded,trend,True,C
1770091200,0.10819,1671478694.0,116395.0,56872.0,1.7546713382946062,0.28568460419696695,0.08975586930238122,0.372,expanded,trend,True,C
1770105600,0.10658,1686299235.0,152445.0,79320.0,1.7590837638423074,0.29678870934751517,0.07144306356919494,0.396,expanded,trend,True,C
1770120000,0.11012,1704165730.0,356699.0,191039.0,1.846274480546529,0.12660627764904162,0.005195956605545726,0.436,expanded,rotation,True,C
1770134400,0.10637,1668717702.0,510428.0,238354.0,1.9436446979347608,0.17998417721518994,-0.09075172447170099,0.348,expanded,rotation,True,C
1770148800,0.10595,1626642315.0,304725.0,159621.0,1.737556489087972,0.22842639593908634,-0.09974416148428245,0.288,expanded,rotation,True,C
1770163200,0.10885,1634400631.0,140204.0,83033.0,1.537951459288101,0.10848768573173222,-0.08738029807039138,0.292,expanded,rotation,True,C
1770177600,0.10841,1628097371.0,149986.0,70789.0,1.4793685971835433,0.12319870103511253,-0.08631194753828075,0.284,expanded,rotation,True,C
1770192000,0.10726,1603101610.0,108679.0,49051.0,1.4760596617450161,0.16609346550677748,-0.10105722002190276,0.252,expanded,rotation,True,C
1770206400,0.10339,1671853146.0,310144.0,142963.0,1.6040829760184907,0.2387267904509284,-0.042338558544515625,0.364,expanded,rotation,True,C
1770220800,0.10531,1697012544.0,419157.0,207174.0,1.6247573088169078,0.23358490566037743,-0.053434606997582845,0.412,expanded,rotation,True,C
1770235200,0.10377,1692655431.0,194712.0,94014.0,1.5882526059018964,0.22805017103762829,-0.03927300194539829,0.404,expanded,rotation,True,C
1770249600,0.10253,1735704311.0,251385.0,129894.0,1.582986258938251,0.236466165413534,-0.020582046166659262,0.544,expanded,rotation,True,C
1770264000,0.10111,1760500108.0,339544.0,151454.0,1.596726993251807,0.22243491577335367,-0.021623411698375672,0.628,expanded,rotation,True,C
1770278400,0.09868,1771742541.0,288128.0,125029.0,1.6380001169814735,0.24413844436174167,-0.023321740662544,0.652,expanded,rotation,True,C
1770292800,0.09415,1751591408.0,719852.0,337071.0,1.8036107350746517,0.23603535828474717,0.0008741555244311527,0.596,expanded,rotation,True,C
1770307200,0.09114,1760737719.0,613075.0,295523.0,1.815007434909385,0.20710521178996677,0.025457721844998504,0.624,expanded,rotation,True,C
1770321600,0.08841,1700450516.0,954639.0,455664.0,1.6102936805343984,0.30578191695770285,0.010919549020641739,0.4,expanded,rotation,True,C
1770336000,0.09068,1564757637.0,1280137.0,615647.0,1.7121504213348682,0.26718132178497495,-0.07845377242584606,0.176,expanded,rotation,True,C
1770350400,0.09364,1564337507.0,333303.0,153481.0,1.8348526397684803,0.21898206846585783,-0.08475908959636202,0.172,expanded,rotation,True,C
1770364800,0.09637,1566489475.0,255851.0,130157.0,1.930369666193902,0.16355463347164592,-0.07018483780014295,0.184,expanded,rotation,True,C
1770379200,0.09873,1580603702.0,344599.0,173939.0,1.9816465326775148,0.09106470386853828,-0.046388997227027495,0.2,expanded,rotation,True,C
1770393600,0.09842,1568341861.0,513739.0,249225.0,1.972443435377394,0.09717013296965583,-0.05230283301034433,0.188,expanded,rotation,True,C
1770408000,0.09858,1538488682.0,166869.0,79028.0,1.8652568590088539,0.09586242124978708,-0.0962964679815419,0.132,expanded,rotation,True,C
1770422400,0.09578,1504648425.0,153027.0,69805.0,1.839110233122451,0.12448474855729597,-0.10774891798306152,0.088,expanded,rotation,True,C
1770436800,0.09541,1443810950.0,291874.0,128646.0,1.8312597731871936,0.12578202173197245,-0.1788424526048199,0.012,expanded,rotation,True,C
1770451200,0.09677,1449323645.0,142953.0,71512.0,1.7688874478926448,0.13362068965517257,-0.1531014020417425,0.02,expanded,rotation,True,C
1770465600,0.09836,1417750550.0,229754.0,123794.0,1.8069037526596259,0.1944104803493449,-0.15422877365749166,0.004,expanded,rotation,True,C
1770480000,0.09819,1408374072.0,574832.0,282925.0,1.8021515728723723,0.1661544024588682,-0.13183535608570185,0.004,expanded,rotation,True,C
1770494400,0.09693,1395938743.0,56231.0,26253.0,1.713466577964006,0.1946524064171122,-0.14873817035094672,0.004,expanded,rotation,True,C
1770508800,0.09681,1394717859.0,52991.0,22437.0,1.6680477485680292,0.18974175035868004,-0.1452651207759147,0.004,expanded,rotation,True,C
1770523200,0.09839,1392212758.0,54724.0,26236.0,1.6887305308980078,0.1733286169083831,-0.16707717364418884,0.004,expanded,rotation,True,C
1770537600,0.09727,1367356815.0,146110.0,78952.0,1.6868496748021908,0.16610169491525403,-0.18913749907500843,0.004,expanded,rotation,True,C
1770552000,0.09767,1358408477.0,115645.0,53831.0,1.6780147279635056,0.23530523530523478,-0.20288945312848183,0.004,expanded,rotation,True,C
1770566400,0.09657,1350742108.0,112517.0,53145.0,1.6385619874986905,0.19498607242339808,-0.19055086047142566,0.004,expanded,rotation,True,C
1770580800,0.09711,1328108952.0,134537.0,64046.0,1.428821546066799,0.1754664549424372,-0.18352735585880786,0.004,expanded,rotation,True,C
1770595200,0.09526,1362917545.0,118082.0,56415.0,1.351598109263544,0.27549158726940975,-0.1661055929927624,0.016,expanded,rotation,True,C
1770609600,0.09314,1399639162.0,80679.0,36541.0,1.3000934864694151,0.2993530680258769,-0.14032220251033134,0.036,expanded,rotation,True,C
1770624000,0.09515,1417569799.0,163061.0,68904.0,1.2769862405629593,0.23346828609986467,-0.11573303266784196,0.044,normal,rotation,True,C
1770638400,0.09631,1381240238.0,111761.0,52896.0,1.1789355817110947,0.14401952807160248,-0.17382681528895483,0.024,normal,rotation,True,C
1770652800,0.09605,1384993850.0,128550.0,68900.0,1.078200003821323,0.19494736842105237,-0.18386351656808964,0.028,normal,rotation,True,C
1770667200,0.09481,1385683439.0,80321.0,42418.0,1.0082430540676575,0.1898305084745759,-0.18135527549079777,0.032,normal,rotation,True,C
1770681600,0.0936,1392831212.0,60330.0,22631.0,1.0220701996928623,0.1893152427390286,-0.19754119225668043,0.04,normal,rotation,True,C
1770696000,0.09286,1404443862.0,100620.0,44191.0,1.0207732921599724,0.1774575177457516,-0.20224721622113073,0.056,normal,rotation,True,C
1770710400,0.09298,1404186058.0,72622.0,36836.0,0.9216767927359747,0.12901765504753282,-0.2074547935122364,0.056,normal,rotation,True,C
1770724800,0.093,1419723006.0,140336.0,72094.0,0.9211277887372732,0.028989160574741515,-0.18946679030524227,0.076,normal,rotation,True,C
1770739200,0.09271,1406868754.0,85562.0,44361.0,0.8827324167861937,0.042489851150202936,-0.20097767042838022,0.064,normal,rotation,True,C
1770753600,0.09295,1430257800.0,38015.0,20718.0,0.8297535525562045,0.13174695298897246,-0.15889478315169037,0.084,compressed,rotation,False,A
1770768000,0.09049,1430525928.0,44261.0,19844.0,0.9160290704500038,0.005483405483405345,-0.08578434501674848,0.088,normal,rotation,False,A
1770782400,0.09018,1442985394.0,129591.0,56383.0,0.9035169383821513,0.10812499999999982,-0.07757412480170112,0.1,normal,rotation,False,A
1770796800,0.08896,1480900852.0,104731.0,45260.0,0.9167666834115967,0.24303050180386931,-0.05463721548464284,0.156,normal,rotation,False,A
1770811200,0.09101,1462346945.0,268661.0,140826.0,0.9626008283443237,0.25579854208084757,-0.07481746173969162,0.124,normal,rotation,False,A
1770825600,0.09107,1462664441.0,139083.0,68680.0,0.9563039645672234,0.2455730036752413,-0.06738162299169803,0.128,normal,rotation,False,A
1770840000,0.09211,1469666930.0,101816.0,47562.0,0.9788400811385318,0.20999675430055129,-0.04473334955609376,0.136,normal,rotation,False,A
1770854400,0.09287,1478409048.0,56237.0,25869.0,0.983742175909604,0.10114702815432745,-0.01743887579585246,0.164,normal,rotation,False,A
1770868800,0.09383,1452895557.0,125011.0,60580.0,0.9966209453597268,0.053814713896457554,0.006292102854601467,0.116,normal,rotation,False,A
1770883200,0.09319,1451720715.0,78373.0,41265.0,0.9556712944203662,0.12499999999999964,0.0016539231994658898,0.116,normal,rotation,False,A
1770897600,0.09164,1461545560.0,122783.0,59874.0,0.9240546500890066,0.2349650349650345,0.030890490573253437,0.132,normal,rotation,False,A
1770912000,0.09296,1476788591.0,166963.0,71067.0,0.8833462936848837,0.17579831932773063,0.04857695150752539,0.168,normal,rotation,False,A
1770926400,0.09291,1499242320.0,98034.0,50781.0,0.853965496296416,0.14085494043447747,0.074002944268164,0.224,normal,rotation,False,A
1770940800,0.093,1523135092.0,49734.0,22152.0,0.8549639307710117,0.13363732023851235,0.09207398626993557,0.252,normal,rotation,False,A
1770955200,0.09394,1524908166.0,59799.0,29755.0,0.8536981399468965,0.15966989594546122,0.0953125930196368,0.256,normal,rotation,False,A
1770969600,0.09528,1527708447.0,60057.0,32277.0,0.8580962223834294,0.07084371662513313,0.11727124203494754,0.264,normal,rotation,False,A
1770984000,0.09631,1504523919.0,249856.0,139229.0,0.8595866694275808,0.047353760445682416,0.107563700075467,0.228,normal,rotation,False,A
1770998400,0.09663,1528942502.0,188672.0,117177.0,0.8619455574286354,0.00214745884037189,0.1319277698863297,0.276,normal,rotation,False,A
1771012800,0.09681,1484668010.0,119309.0,55690.0,0.8660108190832592,0.010877447425671085,0.11788118569959005,0.192,normal,rotation,False,A
1771027200,0.0965,1472319546.0,44455.0,19784.0,0.8697106089160703,0.047619047619047825,0.08027044732188848,0.156,normal,rotation,False,A
1771041600,0.10055,1476818422.0,34449.0,19345.0,1.0831052500791671,0.26492670718627104,0.05514225530079875,0.176,normal,rotation,False,A
1771056000,0.10395,1506196693.0,182925.0,110752.0,1.0473192850312913,0.2997275204359674,0.06252030345350201,0.252,normal,rotation,False,A
1771070400,0.10855,1509239835.0,240975.0,116392.0,1.1889662668666858,0.3731707317073169,0.09267004643981425,0.268,normal,trend,False,B
1771084800,0.11099,1632993630.0,344830.0,166446.0,1.1372129146695051,0.4271012006861068,0.17906200810927797,0.452,normal,trend,False,B
1771099200,0.11471,1754135836.0,502375.0,228441.0,1.1789193583473159,0.5312333155365725,0.26589940142887136,0.712,normal,trend,False,B
1771113600,0.11602,1843542402.0,480439.0,258429.0,1.1636650551219798,0.5969116080937169,0.32359354537497254,0.88,normal,trend,False,B
1771128000,0.1127,1849382864.0,470197.0,241594.0,1.3473501124999416,0.49427005480817154,0.316807965087607,0.892,expanded,trend,False,B
1771142400,0.1077,1852305071.0,380837.0,191332.0,1.6292341628054776,0.3269657929808978,0.3191307949875686,0.9,expanded,trend,False,B
1771156800,0.10268,1853668353.0,447952.0,199503.0,1.8640413000140705,0.19352259096361452,0.30565493773508656,0.908,expanded,rotation,False,A
1771171200,0.10261,1878869871.0,329743.0,157530.0,1.8560480706595999,0.19879518072289182,0.33549761884895757,0.92,expanded,rotation,False,A
1771185600,0.10213,1817547192.0,151389.0,79811.0,1.8262580417750407,0.1834532374100719,0.2707829259871892,0.86,expanded,rotation,False,A
1771200000,0.10195,1774939744.0,132769.0,68919.0,1.8231022649247925,0.23994974874371872,0.2407602751258906,0.764,expanded,rotation,False,A
1771214400,0.10156,1745299791.0,131584.0,73904.0,1.826576645478556,0.2378762541806022,0.2095062072402376,0.668,expanded,rotation,False,A
1771228800,0.09951,1702645532.0,153689.0,84187.0,1.8716669860470339,0.216765974933224,0.14973634440180605,0.584,expanded,rotation,False,A
1771243200,0.10024,1693930408.0,399522.0,208508.0,1.869408272445108,0.1949313621964099,0.1583642403000336,0.56,expanded,rotation,False,A
1771257600,0.10097,1677518252.0,107467.0,53681.0,1.8613083156385832,0.20616409829237844,0.14689207242442293,0.536,expanded,rotation,False,A
1771272000,0.10046,1691101867.0,86545.0,48038.0,1.8604820205659791,0.17582648978732365,0.15067015014075325,0.56,expanded,rotation,False,A
1771286400,0.09972,1740526469.0,105905.0,37155.0,1.8668682109508525,0.14430166420897436,0.17729695401593615,0.668,expanded,rotation,False,A
1771300800,0.09883,1713985153.0,73506.0,31640.0,1.874915136976184,0.1054852320675107,0.179702935109189,0.62,expanded,rotation,False,A
1771315200,0.10045,1713218028.0,94813.0,48893.0,1.8897446548308074,0.15006200909466738,0.18012921514314817,0.62,expanded,rotation,False,A
1771329600,0.10103,1655144484.0,215051.0,103735.0,1.7661392747046825,0.19805948112212618,0.13246177833826822,0.48,expanded,rotation,False,A
1771344000,0.10061,1627240085.0,279129.0,150497.0,1.6710845857787902,0.1644807568264892,0.10187747583973583,0.444,expanded,rotation,False,A
1771358400,0.10118,1631258356.0,45189.0,21649.0,1.4863115113314895,0.1758452051881779,0.08805516909367928,0.452,expanded,rotation,False,A
1771372800,0.10137,1629032728.0,53554.0,28079.0,1.4218582960771737,0.17759388924252087,0.06952609558811207,0.452,expanded,rotation,False,A
1771387200,0.10004,1647522696.0,43887.0,21991.0,1.2688254209879237,0.12836700336700363,0.08040781257118668,0.484,normal,rotation,False,A
1771401600,0.10105,1666691741.0,91032.0,42650.0,1.2636174185337667,0.12227166772621324,0.090975011804723,0.52,normal,rotation,False,A
1771416000,0.09846,1628410677.0,130855.0,56297.0,1.2491612726663377,0.044102564102564135,0.08234283046981594,0.452,normal,rotation,False,A
1771430400,0.09849,1610561298.0,150440.0,67425.0,1.0571011701793687,0.038382170862567115,0.05338251496916002,0.428,normal,rotation,False,A
1771444800,0.09856,1640481427.0,70477.0,31758.0,0.7462348308867547,0.03619441571871775,0.10494832241990593,0.488,compressed,rotation,False,A
1771459200,0.09829,1654537368.0,77096.0,28440.0,0.7471470977318643,0.037052370109708174,0.1237624145485603,0.504,compressed,rotation,False,A
1771473600,0.09764,1641239935.0,148723.0,65625.0,0.750939277468431,0.06479625918503672,0.11133495530028004,0.492,compressed,rotation,False,A
1771488000,0.0968,1624508919.0,79349.0,39924.0,0.7591587781517309,0.16883116883116908,0.07855031587166028,0.444,compressed,rotation,False,A
1771502400,0.09806,1557261016.0,140228.0,68602.0,0.8013689982348788,0.2689054088695209,0.031818124519619406,0.344,compressed,rotation,False,A
1771516800,0.09831,1531349959.0,136131.0,60227.0,0.7343071504700114,0.34437805540467215,-0.0622437645393632,0.308,compressed,rotation,False,A
1771531200,0.09868,1519898805.0,46600.0,21493.0,0.7256526239025476,0.47893636092022773,-0.13353414609790804,0.276,compressed,trend,False,B
1771545600,0.09854,1531281443.0,58477.0,29578.0,0.7119315344663449,0.5411764705882357,-0.16938094760458888,0.312,compressed,trend,False,B
1771560000,0.09842,1543649369.0,101904.0,60591.0,0.7087611364228471,0.49072164948453656,-0.16531649608709686,0.332,compressed,trend,False,B
1771574400,0.10026,1548668339.0,105616.0,58563.0,0.7699853720097272,0.286815728604472,-0.16392371686164864,0.336,compressed,trend,False,B
1771588800,0.1002,1588507933.0,279400.0,139435.0,0.7552718803247317,0.11820781696854137,-0.14304631115423694,0.424,compressed,rotation,False,A
1771603200,0.10004,1547592749.0,279893.0,133902.0,0.7045938306376874,0.12197437114380655,-0.17631722511132863,0.336,compressed,rotation,False,A
1771617600,0.0999,1549901333.0,54436.0,26405.0,0.6969463754906202,0.10757356488181367,-0.14725662154911467,0.344,compressed,rotation,False,A
1771632000,0.10004,1551000242.0,84241.0,30967.0,0.6947033128291022,0.09231512808119847,-0.12616738272778238,0.352,compressed,rotation,False,A
1771646400,0.09998,1568081304.0,23239.0,10970.0,0.6868640998092757,0.07760314341846752,-0.1015404275608488,0.412,compressed,rotation,False,A
1771660800,0.09941,1586088726.0,53659.0,27629.0,0.6905191178417398,0.005296610169491679,-0.06845629569361245,0.44,compressed,rotation,False,A
1771675200,0.09836,1625346507.0,66212.0,34307.0,0.6783596874399964,0.09791666666666632,-0.04048802753412761,0.496,compressed,rotation,False,A
1771689600,0.09738,1626929152.0,89563.0,29870.0,0.6664663985489188,0.18457583547557896,-0.03015710853797615,0.504,compressed,rotation,False,A
1771704000,0.0973,1624273769.0,49416.0,19780.0,0.515068699180592,0.16614090431125128,-0.039517488156140756,0.492,compressed,rotation,False,A
1771718400,0.0957,1611019699.0,79496.0,31171.0,0.579307512849823,0.20221327967806896,-0.07440666505600846,0.48,compressed,rotation,False,A
1771732800,0.09502,1626346263.0,40669.0,17401.0,0.5855137859856039,0.19369598373157138,-0.0511316506135453,0.508,compressed,rotation,False,A
1771747200,0.09482,1645510027.0,27392.0,12210.0,0.5853193900203657,0.3084931506849315,-0.039520948235083564,0.572,compressed,rotation,False,A
1771761600,0.09271,1703542094.0,122130.0,54981.0,0.676302665606142,0.4206268958543983,0.02924071612348733,0.72,compressed,trend,False,B
1771776000,0.09525,1706374319.0,76734.0,30265.0,0.8273342646708712,0.24474885844748873,0.04863095171355747,0.728,compressed,trend,False,B
1771790400,0.09667,1696801054.0,47159.0,23613.0,0.8369168256206381,0.1982417582417582,0.0401792259079774,0.696,compressed,trend,False,B
1771804800,0.09491,1615358160.0,312680.0,127244.0,0.884349533551329,0.26562500000000006,-0.008394286845782806,0.488,normal,trend,False,B
1771819200,0.0928,1607832821.0,87075.0,44990.0,0.9426648795036464,0.28844621513944235,-0.024090639295205163,0.476,normal,trend,False,B
1771833600,0.09263,1577956180.0,102844.0,56069.0,0.9424781270045656,0.3470733718054407,-0.0532405356174378,0.432,normal,trend,False,B
1771848000,0.09206,1631336014.0,142897.0,55320.0,0.943213949320288,0.2877697841726617,0.001796436882487873,0.552,normal,trend,False,B
1771862400,0.0912,1614416308.0,135268.0,61223.0,0.8656004256657551,0.315994798439531,0.0023935816691902367,0.496,normal,trend,False,B
1771876800,0.09124,1580269220.0,105052.0,68024.0,0.867219970516418,0.3177083333333326,-0.03670398579891998,0.436,normal,trend,False,B
1771891200,0.09172,1585021476.0,173928.0,93263.0,0.8817167321424502,0.28258064516129017,-0.042015304909088,0.448,normal,trend,False,B
1771905600,0.09197,1633215589.0,98185.0,46414.0,0.8883855522889264,0.24814004376367613,-0.004889197385999466,0.576,normal,trend,False,B
1771920000,0.09133,1616332351.0,59589.0,33193.0,0.8840905946269577,0.24150110375275916,-0.0050332552221585836,0.512,normal,trend,False,B
1771934400,0.09271,1627962105.0,171851.0,95256.0,0.9408530885618948,0.2349582784365386,0.045400923977152896,0.552,normal,trend,False,B
1771948800,0.09278,1632069116.0,124392.0,71122.0,0.9431251387430937,0.24479858344400104,0.0657714824805764,0.58,normal,trend,False,B
1771963200,0.09403,1623897387.0,62074.0,33793.0,0.9740994232701459,0.1981252662974007,0.0684246751546067,0.524,normal,rotation,False,A
1771977600,0.10154,1602423293.0,203459.0,102928.0,1.623107056031905,0.09727626459143966,0.04645902967427262,0.476,expanded,rotation,False,A
1771992000,0.10403,1596429933.0,71787.0,33787.0,1.661237125877118,0.1689250225835592,0.03419206787496831,0.468,expanded,rotation,False,A
1772006400,0.10091,1602582073.0,73470.0,38242.0,1.7242448407622601,0.0188460423311104,0.03481296326805072,0.484,expanded,rotation,False,A
1772020800,0.10075,1698959951.0,492185.0,252847.0,1.7167128934262474,0.01590054929170306,0.06953192722897161,0.768,expanded,rotation,False,A
1772035200,0.09952,1677901429.0,299383.0,151949.0,1.733580936268515,0.014582164890633943,0.08420088559099348,0.72,expanded,rotation,False,A
1772049600,0.09845,1666995681.0,326798.0,146177.0,1.6953010505588073,0.03962831374692556,0.07554954983705398,0.68,expanded,rotation,False,A
1772064000,0.09855,1679304984.0,177371.0,86746.0,1.6426012099395595,0.04076607387140916,0.08272386974908019,0.728,expanded,rotation,False,A
1772078400,0.09727,1626232152.0,104122.0,53429.0,1.64330815989823,0.07175006619009805,0.0370840771149199,0.552,expanded,rotation,True,C
1772092800,0.09694,1633004028.0,88607.0,45807.0,1.612467190920959,0.06581401545430321,0.029579241836184655,0.608,expanded,rotation,True,C
1772107200,0.09747,1648013124.0,147144.0,71475.0,1.5600539145828403,0.024047554714941948,0.013945713669288429,0.648,expanded,rotation,True,C
1772121600,0.09837,1625217136.0,214725.0,104285.0,1.5619945634123757,0.02680747359870037,-0.0010522990493442297,0.548,expanded,rotation,True,C
1772136000,0.09496,1606378304.0,58740.0,28917.0,1.6816294793667201,0.05812220566318914,-0.011017517700244284,0.5,expanded,rotation,False,A
1772150400,0.09396,1600080463.0,71271.0,35537.0,1.6840089354475083,0.04387291981845667,-0.006790255889974728,0.476,expanded,rotation,False,A
1772164800,0.09295,1589615946.0,130741.0,69475.0,1.6963364075931202,0.05176294073518351,-0.022584561378858115,0.46,expanded,rotation,False,A
1772179200,0.09331,1613001356.0,136426.0,62876.0,1.6954719355692387,0.0376089663760896,-0.019755984750374322,0.528,expanded,rotation,False,A
1772193600,0.09317,1631550241.0,171526.0,86317.0,1.6955755213009474,0.01204819277108439,-0.04226009633314054,0.616,expanded,rotation,False,A
1772208000,0.09336,1650440490.0,95098.0,47301.0,1.6904088742244994,0.05274909293887811,-0.03277934294790563,0.68,expanded,rotation,False,A
1772222400,0.08927,1640743163.0,83562.0,45454.0,1.827659913625631,0.19220779220779236,-0.03303739755927804,0.656,expanded,rotation,False,A
1772236800,0.08868,1640697635.0,52290.0,27319.0,1.8166447985380394,0.16688990088400754,0.01568659856833232,0.656,expanded,rotation,False,A
1772251200,0.09074,1663735635.0,418023.0,213738.0,1.8362934584241162,0.05525751072961354,0.03476904642687351,0.716,expanded,rotation,False,A
1772265600,0.09278,1695401584.0,225501.0,102589.0,1.321463348079274,0.003831417624521005,0.07442881208526342,0.8,expanded,rotation,False,A
1772280000,0.094,1656506152.0,276795.0,148536.0,1.263132731243876,0.04874371859296475,0.015429156092915175,0.704,normal,rotation,False,A
1772294400,0.09604,1686918240.0,159143.0,86263.0,1.254157708757067,0.11810639336261583,0.04490906815096429,0.788,normal,rotation,False,A
1772308800,0.0948,1704022859.0,131321.0,66902.0,1.2612711798018394,0.08440018966334739,0.07831174424823639,0.844,normal,rotation,False,A
1772323200,0.09347,1699344948.0,297164.0,143039.0,1.2526320348312996,0.04066930048803163,0.07212739620948838,0.828,normal,rotation,False,A
1772337600,0.09382,1698863880.0,131161.0,56560.0,1.2408842153536672,0.04289357755622545,0.04019572886895828,0.824,normal,rotation,False,A
1772352000,0.09174,1669413695.0,96608.0,41847.0,1.2775009615734234,0.009199012788871606,0.032840612246088696,0.74,normal,rotation,False,A
1772366400,0.09186,1636687973.0,152680.0,71284.0,1.2627186811617654,0.01962595243592712,0.005359994543607582,0.648,normal,rotation,False,A
1772380800,0.09323,1660076575.0,195421.0,94222.0,1.280986218027559,0.01008742434431724,0.017160706446454288,0.72,normal,rotation,False,A
1772395200,0.09169,1554787612.0,152277.0,70923.0,1.2730957061660997,0.05211581291759485,-0.04255796921237365,0.364,normal,rotation,False,A
1772409600,0.09563,1559296165.0,111943.0,62807.0,1.4211665278680865,0.1429954028550689,-0.026913692648126042,0.384,expanded,rotation,False,A
1772424000,0.09549,1563164561.0,66961.0,29880.0,1.300902149521281,0.21908671113391454,-0.020837351713575036,0.392,expanded,rotation,False,A
1772438400,0.09351,1604540264.0,81021.0,40683.0,1.3181866161704134,0.19556025369978855,0.0012218974821891493,0.5,expanded,rotation,False,A
1772452800,0.09252,1696211092.0,296843.0,155260.0,1.3092073316751376,0.21282648047582095,-0.0016179657433255112,0.816,expanded,rotation,False,A
1772467200,0.09129,1644949739.0,259094.0,144890.0,1.3115803587650068,0.21282648047582095,-0.019638632776919795,0.664,expanded,rotation,False,A
1772481600,0.09,1629266415.0,123595.0,50634.0,1.320058938274266,0.21727950629981987,-0.022633091633067037,0.592,expanded,rotation,False,A
1772496000,0.09014,1593832018.0,95187.0,42224.0,1.3136556167244489,0.2160287695864371,-0.050897821905112606,0.44,expanded,rotation,False,A
1772510400,0.08934,1622144059.0,139010.0,76112.0,1.1404786849692716,0.20624187256176826,-0.0025138434232605533,0.528,normal,rotation,False,A
1772524800,0.08991,1705978742.0,229265.0,116781.0,1.1387349762427266,0.1817006978547426,0.04468740600069121,0.864,normal,rotation,False,A
1772539200,0.09008,1802143270.0,239807.0,130242.0,1.080776137199459,0.19279937385859658,0.09352482923552241,0.964,normal,rotation,False,A
1772553600,0.09224,1841680306.0,222107.0,120802.0,1.0773203499333819,0.15483708007072478,0.133190307439633,0.98,normal,rotation,False,A
1772568000,0.09899,1902546041.0,131856.0,73586.0,1.463786679116003,0.09387374796179807,0.18436985625522984,1.0,expanded,rotation,False,A
1772582400,0.1027,1954407317.0,130217.0,60328.0,1.5118161534734713,0.19149868536371592,0.2214431475125136,1.0,expanded,rotation,False,A
1772596800,0.0989,2018378643.0,117085.0,65536.0,1.5964581387528975,0.12285773281024148,0.2697272244147455,1.0,expanded,rotation,False,A
1772611200,0.09615,2034815500.0,414311.0,202084.0,1.6338435950255124,0.05588351042896486,0.26150885889273856,1.0,expanded,rotation,False,A
1772625600,0.09564,2052507312.0,606677.0,290553.0,1.636105365662154,0.04825161164289899,0.25801048623669076,1.0,expanded,rotation,False,A
1772640000,0.09584,1971801336.0,625839.0,302658.0,1.5993813423465033,0.04843749999999992,0.19471216802248947,0.988,expanded,rotation,False,A
1772654400,0.09423,1992172772.0,366178.0,165511.0,1.61485247717448,0.10180623973727403,0.2141892874674134,0.988,expanded,rotation,False,A
1772668800,0.09387,1974467311.0,212882.0,95594.0,1.5969748056952102,0.10703237780985769,0.20343155794211887,0.984,expanded,rotation,False,A
1772683200,0.09353,1921217252.0,177211.0,87875.0,1.546374921283484,0.059653624118024405,0.15476113607436193,0.972,expanded,rotation,False,A
1772697600,0.09385,1901635482.0,212829.0,113964.0,1.3995052939007655,0.023751387347391822,0.12164309621171143,0.964,expanded,rotation,False,A
1772712000,0.09304,1895217370.0,247693.0,136216.0,1.3962028868970013,0.02150537634408608,0.14410524084790732,0.96,expanded,rotation,False,A
1772726400,0.09018,1854344094.0,145599.0,76793.0,1.4181575465244387,0.12890453145622535,0.09924953683588122,0.952,expanded,rotation,False,A
1772740800,0.0908,1878954733.0,73604.0,41268.0,1.4059895950574548,0.08920606601248861,0.10265817331972782,0.956,expanded,rotation,False,A
1772755200,0.09123,1875175185.0,63308.0,32106.0,1.3927838924799394,0.05097860719162475,0.10346942050049268,0.948,expanded,rotation,False,A
1772769600,0.09102,1874317854.0,116882.0,58137.0,1.3737725823500595,0.06392694063926933,0.10327724078753153,0.944,expanded,rotation,False,A
1772784000,0.09053,1866371825.0,91746.0,47443.0,1.371044580770197,0.02866619284529738,0.11798042066499281,0.94,expanded,rotation,False,A
1772798400,0.09054,1846648442.0,380946.0,168551.0,1.3637481859191891,0.03135391923990502,0.12828374892689465,0.92,expanded,rotation,False,A
1772812800,0.08996,1900243214.0,151172.0,80435.0,1.3620455089601888,0.07915758896151039,0.14467202454200034,0.96,expanded,rotation,False,A
1772827200,0.08953,1926482865.0,67302.0,38534.0,1.3609580719876508,0.05373134328358195,0.23906496947314237,0.972,expanded,rotation,False,A
1772841600,0.08987,1909856405.0,86125.0,50584.0,1.3195501304381945,0.15737704918032788,0.22481953580640024,0.964,expanded,rotation,False,A
1772856000,0.08929,1929484265.0,47223.0,20975.0,0.8967620550507478,0.1673866090712745,0.23434493919543264,0.972,normal,rotation,False,A
1772870400,0.0893,1968882905.0,67668.0,34137.0,0.7031899468239894,0.12004562303963472,0.22706980259362308,0.976,compressed,rotation,False,A
1772884800,0.08864,2022857496.0,122425.0,70702.0,0.569435596729998,0.11168681635002892,0.19257414689751373,0.992,compressed,rotation,False,A
1772899200,0.08927,2025264703.0,82446.0,34873.0,0.5018094054518539,0.05916813122437001,0.23120157107730321,0.992,compressed,rotation,False,A
1772913600,0.08967,2023953635.0,36664.0,19633.0,0.5119274205588241,0.009924812030075088,0.2422484231960309,0.988,compressed,rotation,False,A
1772928000,0.08813,2063316298.0,91990.0,34937.0,0.5368360559420108,0.0580086580086579,0.29456321287178455,1.0,compressed,rotation,False,A
1772942400,0.08927,2107049480.0,91623.0,37590.0,0.5500846409524652,0.002000571591883411,0.2989287038408468,1.0,compressed,rotation,False,A
1772956800,0.09032,2144877956.0,133178.0,65804.0,0.579637715550919,0.011559063997744385,0.2572712093032634,1.0,compressed,rotation,False,A
1772971200,0.08994,2205683796.0,192577.0,90135.0,0.5799830789864184,0.00392376681614314,0.2239225552805244,1.0,compressed,rotation,False,A
1772985600,0.09032,2241989176.0,82324.0,40934.0,0.5813483610986843,0.056637168141593044,0.21736067258570113,1.0,compressed,rotation,False,A
1773000000,0.09122,2179672652.0,242430.0,107873.0,0.5926600898085558,0.27700534759358264,0.14566092227357563,0.992,compressed,rotation,False,A
1773014400,0.09042,2182233375.0,222570.0,108433.0,0.4473376793140229,0.4884645982498009,0.11657040782558625,0.992,compressed,trend,False,B
1773028800,0.09234,2227538160.0,174647.0,90014.0,0.5154133496707657,0.2820292347377468,0.10362749215831846,0.996,compressed,trend,False,B
1773043200,0.09106,2230825135.0,132585.0,58326.0,0.5456661804781099,0.23359339146397398,0.09632796437809721,0.996,compressed,trend,False,B
1773057600,0.09122,2197998604.0,219331.0,105792.0,0.545303954952218,0.20615671641791064,0.07088466440503471,0.984,compressed,rotation,False,A
1773072000,0.09042,2165007210.0,158375.0,79074.0,0.5529244775312827,0.2459165154264968,0.09798445232415642,0.972,compressed,rotation,False,A
1773086400,0.09115,2159221402.0,89142.0,40917.0,0.5625632125765485,0.14555765595463127,0.08385248124453337,0.968,compressed,rotation,False,A
1773100800,0.09227,2194279333.0,129521.0,71319.0,0.5743657782360998,0.07299270072992649,0.1113272530648648,0.98,compressed,rotation,False,A
1773115200,0.09446,2216411590.0,113612.0,73456.0,0.6336095053416493,0.03912494741270506,0.15364963941100407,0.988,compressed,rotation,False,A
1773129600,0.09908,2251693842.0,290959.0,154020.0,0.8568969424436205,0.1863199144994654,0.18408278732359085,1.0,normal,rotation,False,A
1773144000,0.09472,2217450654.0,709657.0,352502.0,1.058666336388771,0.05313092979127134,0.17002444632511993,0.984,normal,rotation,False,A
1773158400,0.09446,2042621405.0,460797.0,208199.0,1.0590367296053964,0.1474844934527913,0.10153310359668333,0.932,normal,rotation,False,A
1773172800,0.09255,1951073507.0,131090.0,60173.0,1.0912505601230154,0.05773672055427208,0.0383823903436209,0.888,normal,rotation,False,A
1773187200,0.09189,1929970448.0,187130.0,86899.0,1.0871049413912002,0.021611001964636334,0.029221410051882613,0.884,normal,rotation,False,A
1773201600,0.0919,1916831835.0,243732.0,117186.0,1.0759683459350495,0.029004614370467755,0.022682375302177427,0.868,normal,rotation,False,A
1773216000,0.09231,1932676501.0,106742.0,62494.0,1.0400422167511085,0.058823529411764816,0.03552597350209141,0.884,normal,rotation,False,A
1773230400,0.09378,1999879944.0,391797.0,222473.0,1.037679238658876,0.10214375788146297,0.08297816656106116,0.908,normal,rotation,False,A
1773244800,0.09283,1955668003.0,183034.0,97259.0,1.0376224229470306,0.08943596135867858,0.029167207961412034,0.888,normal,rotation,False,A
1773259200,0.09208,1969219397.0,66890.0,29711.0,1.0407208812943884,0.07867941993211956,0.022183707302270816,0.892,normal,rotation,False,A
1773273600,0.09283,1950935551.0,71772.0,36417.0,1.0432344731383207,0.09018890920170594,0.021509023344611133,0.872,normal,rotation,False,A
1773288000,0.09463,2007804374.0,98375.0,53416.0,1.057471879943453,0.15687426556991801,0.04059121415017075,0.908,normal,rotation,False,A
1773302400,0.09405,2018191924.0,170574.0,98436.0,1.0497693737736045,0.13724357122218978,0.02504416025695555,0.908,normal,rotation,False,A
1773316800,0.09438,1963741461.0,313792.0,147990.0,1.0198002629731626,0.16744457409568278,-0.029224023499873852,0.876,normal,rotation,False,A
1773331200,0.09469,1941619360.0,96979.0,44681.0,1.0001598445830793,0.1595995288574792,-0.04130094346487012,0.856,normal,rotation,False,A
1773345600,0.09672,1911355889.0,78404.0,38391.0,1.0253894727224784,0.1980893509412756,-0.055632571840016465,0.828,normal,rotation,False,A
1773360000,0.09645,1934741054.0,297583.0,136453.0,1.0147477800037172,0.24242424242424213,-0.06231484921852737,0.852,normal,rotation,False,A
1773374400,0.1,1925571571.0,80856.0,38567.0,1.086693578390038,0.29213177239313903,-0.08612892612279799,0.832,normal,rotation,False,A
1773388800,0.09793,2027153678.0,371132.0,216458.0,1.1181173370628443,0.2015894039735099,-0.054886236147228096,0.924,normal,rotation,False,A
1773403200,0.096,2041336102.0,582609.0,251396.0,1.1135724428061073,0.1541984732824425,-0.0745109948661018,0.928,normal,rotation,False,A
1773417600,0.09591,1940372381.0,254990.0,111546.0,0.9453017281104555,0.14329659061779004,-0.13453088811879255,0.844,normal,rotation,False,A
1773432000,0.09598,1920059785.0,89784.0,42761.0,0.7731241340393227,0.1246726034573073,-0.11910635606763575,0.812,compressed,rotation,False,A
1773446400,0.09599,1903193082.0,174940.0,80021.0,0.7719908376538792,0.14897031291789234,-0.1278691345282903,0.796,compressed,rotation,False,A
1773460800,0.09457,1872756795.0,133214.0,48204.0,0.7518385929042914,0.060449986446191144,-0.1592706115526209,0.76,compressed,rotation,False,A
1773475200,0.0952,1844371034.0,104067.0,49704.0,0.7507163721978551,0.11423841059602638,-0.17323370394963744,0.732,compressed,rotation,False,A
1773489600,0.09487,1876541954.0,124753.0,63839.0,0.7570582969517179,0.10024718483932961,-0.14624970617133293,0.768,compressed,rotation,False,A
1773504000,0.09473,1849682369.0,45119.0,22208.0,0.7586147781021293,0.12055944055944007,-0.14564609279061014,0.736,compressed,rotation,False,A
1773518400,0.09599,1851392844.0,63347.0,35300.0,0.7535842550771431,0.13340683572216083,-0.14256461042617996,0.736,compressed,rotation,False,A
1773532800,0.09556,1862242983.0,162639.0,75377.0,0.7445996783199116,0.09244169710592838,-0.1513190891453381,0.748,compressed,rotation,False,A
1773547200,0.09634,1867870107.0,103258.0,42842.0,0.7394870018609458,0.0550029256875362,-0.15725485490716096,0.752,compressed,rotation,False,A
1773561600,0.09493,1880180642.0,112601.0,77919.0,0.7644049394258364,0.13400064578624438,-0.16499276814205543,0.776,compressed,rotation,False,A
1773576000,0.09514,1830751014.0,139790.0,58190.0,0.7317925804192789,0.015659955257270777,-0.17438928767250939,0.696,compressed,rotation,False,A
1773590400,0.09734,1851152700.0,88800.0,41859.0,0.7788996061723721,0.10013908205841393,-0.0937367563716488,0.72,compressed,rotation,False,A
1773604800,0.09995,1875669758.0,204649.0,115044.0,0.8360599165381535,0.251188051595383,-0.038647313250612436,0.76,compressed,rotation,False,A
1773619200,0.10199,1981067496.0,421608.0,220699.0,0.8637066821060004,0.32749675745784596,0.026475559795721804,0.884,normal,rotation,False,A
1773633600,0.09994,2127419703.0,437193.0,216906.0,0.8837834473636437,0.24452554744525498,0.10986246375650377,0.944,normal,rotation,False,A
1773648000,0.10004,2040200761.0,398855.0,155961.0,0.8886265473600352,0.23733497083205343,0.05563489799993171,0.92,normal,rotation,False,A
1773662400,0.10194,2035357137.0,523119.0,260492.0,0.8085200821582731,0.24727272727272664,0.017739661376393157,0.916,compressed,rotation,False,A
1773676800,0.10299,2009995461.0,162011.0,82490.0,0.7669066653806755,0.30694864048338305,0.027779489114032385,0.884,compressed,rotation,False,A
1773691200,0.1012,2033195113.0,179467.0,87769.0,0.7608640777505249,0.2671353251318097,0.032487855897348705,0.908,compressed,rotation,False,A
1773705600,0.10048,2033227308.0,352481.0,165063.0,0.7734465954205538,0.2242744063324535,0.04218066401928011,0.908,compressed,rotation,False,A
1773720000,0.10009,1984458336.0,190574.0,95946.0,0.7784443975031256,0.16697247706421964,-0.011627645751906335,0.86,compressed,rotation,False,A
1773734400,0.0996,1950192470.0,139845.0,64191.0,0.7860375279963442,0.1701931922723088,-0.033693254437975884,0.816,compressed,rotation,False,A
1773748800,0.1002,1871812774.0,288000.0,140078.0,0.7572536540512296,0.1770072992700725,-0.04681302952843236,0.708,compressed,rotation,False,A
1773763200,0.10012,1851833337.0,97059.0,49756.0,0.7581140672106812,0.16630934150076554,-0.04624285524223448,0.68,compressed,rotation,False,A
1773777600,0.1011,1852235289.0,72656.0,36517.0,0.7602701528459108,0.13860759493670852,-0.030931235956759062,0.68,compressed,rotation,False,A
1773792000,0.09949,1867041660.0,94354.0,50479.0,0.7990421649663032,0.09228901032179714,-0.03499144955860334,0.7,compressed,rotation,False,A
1773806400,0.09704,1846702979.0,150286.0,64210.0,0.861239439093355,0.09296482412060308,-0.04095853573442687,0.652,normal,rotation,False,A
1773820800,0.0943,1769200719.0,212757.0,88647.0,0.9432672269675034,0.11165795139956954,-0.12724884245307821,0.612,normal,rotation,False,A
1773835200,0.09459,1730821684.0,398073.0,183368.0,0.9400794763612311,0.04567541302235204,-0.15211332308078684,0.58,normal,rotation,False,A
1773849600,0.0952,1664381753.0,351799.0,180390.0,0.9320223288015942,0.022618668365721177,-0.14223590827332022,0.488,normal,rotation,False,A
1773864000,0.09539,1684215785.0,102167.0,57509.0,0.9391030991442879,0.018724214535068007,-0.12283159193399806,0.516,normal,rotation,False,A
1773878400,0.09433,1705701803.0,90474.0,46240.0,0.8987411214680329,0.05098280098280122,-0.10376838843511516,0.572,normal,rotation,False,A
1773892800,0.09396,1743348493.0,169131.0,61016.0,0.824059825896458,0.01935893367185018,-0.06910043116410103,0.6,compressed,rotation,False,A
1773907200,0.09283,1786912020.0,115220.0,50982.0,0.7761843197944066,0.07403936269915683,-0.031153717414106774,0.62,compressed,rotation,False,A
1773921600,0.09329,1772073064.0,182530.0,85276.0,0.7551418723883526,0.04915992532669564,-0.055670958902526047,0.612,compressed,rotation,False,A
1773936000,0.09349,1795725523.0,108536.0,46815.0,0.7578870866722335,0.03850931677018605,-0.029170871120521524,0.62,compressed,rotation,False,A
1773950400,0.09403,1800430250.0,68185.0,36462.0,0.7008749334834763,0.0622617534942822,-0.02752662362564473,0.62,compressed,rotation,False,A
1773964800,0.09402,1768697650.0,86613.0,47225.0,0.6732110809447229,0.04958145524790728,-0.050232614032623246,0.596,compressed,rotation,False,A
1773979200,0.09402,1758317703.0,95392.0,54977.0,0.6496585497908033,0.07661822985468919,-0.05865097556272414,0.592,compressed,rotation,False,A
1773993600,0.09417,1779699871.0,77163.0,38901.0,0.6547701839108692,0.026188835286009533,-0.053442083571882626,0.608,compressed,rotation,False,A
1774008000,0.09367,1788257819.0,124261.0,64207.0,0.6576235255660093,0.050153531218014295,-0.023210799652737535,0.612,compressed,rotation,False,A
1774022400,0.09413,1795180485.0,72556.0,32256.0,0.6691941942141535,0.11643090315560353,-0.030236411615314096,0.612,compressed,rotation,False,A
1774036800,0.09467,1789453173.0,58710.0,31431.0,0.6708275516060165,0.2070588235294114,-0.04596575950125226,0.608,compressed,rotation,False,A
1774051200,0.09432,1784820392.0,54066.0,33524.0,0.6722095328391369,0.3221335573288531,-0.09906129114542794,0.596,compressed,rotation,False,A
1774065600,0.09396,1742761329.0,42486.0,20953.0,0.6517478086664764,0.27034358047016255,-0.18080982020499792,0.556,compressed,rotation,False,A
1774080000,0.09458,1756231858.0,24911.0,11955.0,0.6477177305132955,0.24116607773851612,-0.13918674496563432,0.568,compressed,rotation,False,A
1774094400,0.09402,1752389319.0,72983.0,46370.0,0.5585933980795814,0.3718309859154928,-0.13902612610633946,0.56,compressed,trend,False,B
1774108800,0.09129,1773725149.0,36968.0,19647.0,0.5732052797909583,0.5091383812010442,-0.11754768435270613,0.584,compressed,trend,False,B
1774123200,0.09228,1740344951.0,172146.0,79608.0,0.6031890018580626,0.40216411181244316,-0.14403446089730987,0.536,compressed,trend,False,B
1774137600,0.09129,1730027999.0,247900.0,129083.0,0.6113435927870803,0.40935412026726026,-0.14912219003110105,0.528,compressed,trend,False,B
1774152000,0.09106,1803996851.0,86311.0,40954.0,0.6122492821093056,0.40511440107671554,-0.0909374017716843,0.624,compressed,trend,False,B
1774166400,0.09157,1859289423.0,92272.0,47394.0,0.6113228864519413,0.35992828328103954,-0.04661234642137657,0.688,compressed,trend,False,B
1774180800,0.09045,1842816075.0,64302.0,40566.0,0.6368835604950905,0.42706964520367907,-0.015491238975805843,0.632,compressed,trend,False,B
1774195200,0.09008,1832623822.0,69295.0,36715.0,0.617321016921044,0.43425605536332185,-0.010373241811879153,0.624,compressed,trend,False,B
1774209600,0.0906,1854583128.0,166592.0,86486.0,0.6230263002587362,0.46337157987643346,0.001267570601825474,0.684,compressed,trend,False,B
1774224000,0.09041,1880615097.0,72359.0,40913.0,0.6254097690328035,0.4274952919020707,0.007270023637287126,0.74,compressed,trend,False,B
1774238400,0.0925,1878248302.0,69218.0,35258.0,0.7302702741773565,0.21743295019157075,0.017081968978618356,0.724,compressed,rotation,False,A
1774252800,0.09376,1825194811.0,419917.0,213797.0,0.7677345972948578,0.02783505154639167,0.031649372170529766,0.604,compressed,rotation,False,A
1774267200,0.09486,1840498616.0,254757.0,142386.0,0.7900735290771679,0.013359722909451067,0.06336697362522759,0.612,compressed,rotation,False,A
1774281600,0.09408,1805323972.0,124607.0,61358.0,0.8015511416338038,0.054955839057900364,0.08468142524751654,0.592,compressed,rotation,False,A
1774296000,0.09372,1737114438.0,80535.0,34757.0,0.799317526942423,0.08126520681265226,0.03140847715068773,0.492,compressed,rotation,False,A
1774310400,0.0952,1759964246.0,73299.0,30865.0,0.8339188572182596,0.041487839771102,0.0318123853211405,0.528,compressed,rotation,False,A
1774324800,0.09417,1766537115.0,76907.0,42623.0,0.848068990553576,0.009708737864077745,0.013301197146243782,0.528,compressed,rotation,False,A
1774339200,0.0933,1773927811.0,128593.0,59670.0,0.8585237759165002,0.021993448759943735,-0.007266283317071243,0.544,normal,rotation,False,A
1774353600,0.09307,1739336189.0,147063.0,62639.0,0.8574292880744989,0.010406811731314938,-0.01847377270444195,0.48,normal,rotation,False,A
1774368000,0.09506,1754509652.0,74341.0,31039.0,0.9177448532274517,0.06846925425207155,-0.022952210943208873,0.508,normal,rotation,False,A
1774382400,0.09518,1730623900.0,101475.0,52016.0,0.9120148565441248,0.0510884051532651,-0.038772037961481653,0.464,normal,rotation,False,A
1774396800,0.09677,1760699191.0,96349.0,43452.0,0.7956902923244008,0.11415525114155196,-0.004522230806378924,0.52,compressed,rotation,False,A
1774411200,0.09693,1804068040.0,262841.0,149087.0,0.7849648040154515,0.11999999999999973,0.0260193802985329,0.588,compressed,rotation,False,A
1774425600,0.09592,1809276004.0,111108.0,51274.0,0.7835978401399694,0.06969334926324174,0.01661860714940744,0.592,compressed,rotation,False,A
1774440000,0.0964,1770180683.0,207241.0,94302.0,0.7799948057936109,0.1088082901554402,-0.010108797404900338,0.524,compressed,rotation,False,A
1774454400,0.09613,1733184008.0,76431.0,42601.0,0.7835173966381607,0.08032128514056171,-0.03453495485162872,0.452,compressed,rotation,False,A
1774468800,0.09454,1702293118.0,47611.0,23758.0,0.8077862061570686,0.0050096339113682095,-0.048707647853046154,0.404,compressed,rotation,False,A
1774483200,0.09269,1676810541.0,119444.0,65253.0,0.8750294580950624,0.05938069216757761,-0.060515809593013614,0.348,normal,rotation,False,A
1774497600,0.09127,1687217532.0,133068.0,68008.0,0.9108170568637594,0.094352858646089,-0.03187114384266898,0.368,normal,rotation,False,A
1774512000,0.0909,1779064057.0,227550.0,85601.0,0.9127398371554074,0.13021939136588817,0.013000674652378308,0.54,normal,rotation,False,A
1774526400,0.09103,1802667280.0,161339.0,79501.0,0.8327298991816074,0.10743801652892572,0.02869109076097942,0.576,compressed,rotation,False,A
1774540800,0.09201,1770651017.0,105453.0,47027.0,0.8210858273149735,0.0276073619631901,-0.001733150145462603,0.516,compressed,rotation,False,A
1774555200,0.09191,1779741723.0,100726.0,52700.0,0.793919127664602,0.014688368400158606,0.022637335188844476,0.54,compressed,rotation,False,A
1774569600,0.09217,1785598577.0,41646.0,23340.0,0.7887199204512565,0.035977105478332216,0.03212120152513198,0.544,compressed,rotation,False,A
1774584000,0.09006,1779034731.0,50703.0,24742.0,0.862432210290803,0.03796507213363708,-0.013837119497277839,0.524,normal,rotation,False,A
1774598400,0.0903,1812729269.0,182752.0,71739.0,0.8156749414691287,0.048714998082086416,-0.025041907636345395,0.592,compressed,rotation,False,A
1774612800,0.09001,1872524589.0,146424.0,68553.0,0.8042521655599432,0.017432646592709815,0.01612125833013467,0.7,compressed,rotation,False,A
1774627200,0.09005,1880747732.0,69101.0,29273.0,0.7965826369689266,0.0012043356081890152,0.026259568069720407,0.74,compressed,rotation,False,A
1774641600,0.08984,1892897378.0,43685.0,19481.0,0.8000786970508813,0.030894308943089303,0.020659224933917253,0.74,compressed,rotation,False,A
1774656000,0.09116,1913913501.0,42351.0,17401.0,0.756875262288137,0.02914885347842987,0.017706123944829733,0.768,compressed,rotation,False,A
1774670400,0.09133,1933379777.0,38388.0,20438.0,0.7577341148239427,0.049139017219655794,0.029352602071459177,0.8,compressed,rotation,False,A
1774684800,0.094,1929158542.0,77466.0,40350.0,0.857763920265102,0.009516256938937512,0.05696034766997804,0.784,normal,rotation,False,A
1774699200,0.09223,1912534294.0,284295.0,141384.0,0.9039941725115962,0.10158362302047098,0.039139218782221485,0.756,normal,rotation,False,A
1774713600,0.09401,1797034242.0,135249.0,55017.0,0.9614212564924655,0.0026031982149498202,-0.004591824031902947,0.536,normal,rotation,False,A
1774728000,0.09092,1761760553.0,84762.0,34422.0,1.0865343013621944,0.09453072248480753,0.014187962785212838,0.456,normal,rotation,False,A
1774742400,0.09138,1864973293.0,59256.0,29419.0,1.0940850751523719,0.13356643356643383,0.059665443339921076,0.656,normal,rotation,False,A
1774756800,0.09114,1869177977.0,47004.0,26773.0,1.0676427289443795,0.10895361380798302,0.05810286188071401,0.668,normal,rotation,False,A
1774771200,0.0909,1881798848.0,39745.0,17960.0,1.0239619286302093,0.08830022075055195,0.060809146985068674,0.72,normal,rotation,False,A
1774785600,0.09011,1929170819.0,70533.0,30351.0,1.0036413099880364,0.10670511896178829,0.10914199980461636,0.784,normal,rotation,False,A
1774800000,0.09057,1939489096.0,48962.0,23108.0,1.0059373076368618,0.17130866081648277,0.10543085003216612,0.804,normal,rotation,False,A
1774814400,0.0904,1884823511.0,166789.0,72370.0,1.0059017393660945,0.18202589489718243,0.08910059025534078,0.712,normal,rotation,False,A
1774828800,0.09242,1881626949.0,131073.0,71631.0,1.0554530114811447,0.16298239040839244,0.06868166840658252,0.704,normal,rotation,False,A
1774843200,0.0933,1847682884.0,225061.0,85874.0,1.065511243133836,0.1324334184604163,0.024175830973647727,0.596,normal,rotation,False,A
1774857600,0.09287,1791188025.0,123914.0,60958.0,1.0682882861827128,0.11367871785314997,-0.009997357484436087,0.512,normal,rotation,False,A
1774872000,0.09287,1856859521.0,126594.0,43197.0,0.9970832239807789,0.13396584440227732,0.04896609641740168,0.624,normal,rotation,False,A
1774886400,0.09088,1831436497.0,121382.0,47831.0,1.0648210904268636,0.18703241895261832,0.05668901198400622,0.56,normal,rotation,False,A
1774900800,0.09078,1815926985.0,80372.0,36041.0,1.0634350479815446,0.14145974416854787,0.06675340797565266,0.548,normal,rotation,False,A
1774915200,0.09163,1840106195.0,128668.0,72093.0,1.0731212396145111,0.04143862392494106,0.0973846776408116,0.564,normal,rotation,False,A
1774929600,0.09123,1848136937.0,71645.0,30773.0,1.0753037468891375,0.001628664495113941,0.09537561218276869,0.592,normal,rotation,False,A
1774944000,0.09028,1899589150.0,146585.0,63591.0,1.0629299821451696,0.02466189339697677,0.0677463481574907,0.72,normal,rotation,False,A
1774958400,0.09037,1889955428.0,138657.0,70642.0,1.0624951328849617,0.02629482071713125,0.048421663258901626,0.708,normal,rotation,False,A
1774972800,0.09211,1932122078.0,152994.0,80832.0,1.000526873379961,0.00386697602474876,0.09119304676625606,0.788,normal,rotation,False,A
1774987200,0.09228,1881467588.0,88721.0,37878.0,0.9542024362959904,0.014269186270728708,0.05715765590331112,0.688,normal,rotation,False,A
1775001600,0.09243,1880479932.0,80331.0,41275.0,0.8987392696917291,0.010069713400464616,0.05313700191193638,0.676,normal,rotation,False,A
1775016000,0.09323,1949360731.0,192948.0,91280.0,0.7183894181314117,0.12933496532027716,0.09574068287259307,0.812,compressed,rotation,False,A
1775030400,0.09245,1891434574.0,119715.0,62975.0,0.7347620805898526,0.0858283433133733,0.04341812445242743,0.7,compressed,rotation,False,A
1775044800,0.09302,1906975984.0,87950.0,47555.0,0.7379792140608126,0.11883142518752474,0.018398367210973987,0.728,compressed,rotation,False,A
1775059200,0.09282,1924242613.0,104123.0,48957.0,0.7373442919450673,0.10867006669282057,0.023126376951015715,0.756,compressed,rotation,False,A
1775073600,0.09214,1895836610.0,56777.0,22733.0,0.7325277401978929,0.08859784283513089,0.001552768805198168,0.7,compressed,rotation,False,A
1775088000,0.09005,1889177651.0,266204.0,125995.0,0.8272348371078756,0.041526374859708226,-0.012924225670112977,0.68,compressed,rotation,False,A
1775102400,0.0902,1936272961.0,133892.0,70856.0,0.8273461254572019,0.042306252339947316,0.0014964385344349296,0.796,compressed,rotation,False,A
1775116800,0.08991,1972717193.0,77742.0,33162.0,0.7341915968166648,0.16810521989313607,0.022579093450163956,0.848,compressed,rotation,False,A
1775131200,0.09029,1967824840.0,115571.0,57157.0,0.7171094735819282,0.08456843940714967,0.0289095710196976,0.832,compressed,rotation,False,A
1775145600,0.09025,1949608769.0,53854.0,24718.0,0.715471290773156,0.17735849056603786,0.08490351682458375,0.804,compressed,rotation,False,A
1775160000,0.09035,1936261544.0,25294.0,13959.0,0.716325206395912,0.03130148270181227,0.09904921000918798,0.78,compressed,rotation,False,A
1775174400,0.09056,1935221380.0,48895.0,24783.0,0.6267274050143217,0.04565701559020054,0.03766707398098923,0.776,compressed,rotation,False,A
1775188800,0.09113,1925544698.0,60777.0,31551.0,0.6352302875842571,0.0005467468562053653,0.030155887611337917,0.732,compressed,rotation,False,A
1775203200,0.09142,1905097113.0,42623.0,21177.0,0.6180598659891628,0.028353326063250115,0.012380847732350153,0.692,compressed,rotation,False,A
1775217600,0.09149,1948506415.0,110588.0,55660.0,0.6137784780753117,0.07832009080590281,0.010022749571768186,0.796,compressed,rotation,False,A
1775232000,0.09175,1915420594.0,82150.0,37322.0,0.5869583621006453,0.06773823191733651,-0.01240971245965694,0.708,compressed,rotation,False,A
1775246400,0.0915,1904221408.0,45086.0,20355.0,0.5897809912294706,0.06285714285714317,0.010291625123939774,0.68,compressed,rotation,False,A
1775260800,0.09118,1928999174.0,34158.0,19084.0,0.4994298410996631,0.07848101265822832,0.02517620457401315,0.736,compressed,rotation,False,A
1775275200,0.09132,1935825920.0,27829.0,13995.0,0.4990441498037003,0.13147410358565728,0.047704634146516156,0.772,compressed,rotation,False,A
1775289600,0.09108,1926200898.0,24369.0,11501.0,0.49874198918503937,0.12037659717552134,0.07537615879270976,0.724,compressed,rotation,False,A
1775304000,0.09171,1913214511.0,56510.0,34575.0,0.49034568042650284,0.07483870967741905,0.030349624924588037,0.688,compressed,rotation,False,A
1775318400,0.09224,1969223157.0,111502.0,52867.0,0.4833552474442343,0.09686609686609689,0.07523420016238758,0.84,compressed,rotation,False,A
1775332800,0.09202,1969962033.0,39971.0,17929.0,0.472237769039431,0.08757062146892695,0.08482447216896216,0.84,compressed,rotation,False,A
1775347200,0.09135,1926941954.0,44304.0,17688.0,0.48458144364810674,0.020028612303290602,0.04719062369115057,0.72,compressed,rotation,False,A
1775361600,0.09003,1947984738.0,106070.0,38446.0,0.5247435321375226,0.08053691275167832,0.05402619199964609,0.784,compressed,rotation,False,A
1775376000,0.0903,1967853554.0,37009.0,21491.0,0.3699251556577918,0.0014064697609005718,0.03593640445882729,0.824,compressed,rotation,False,A
1775390400,0.09062,1995883342.0,120886.0,62622.0,0.3733594149824109,0.017301038062283763,0.05604783712391348,0.864,compressed,rotation,False,A
1775404800,0.09047,2012025413.0,33859.0,15608.0,0.37014421421934873,0.1275272161741836,0.04135522072327347,0.876,compressed,rotation,False,A
1775419200,0.09235,1998253057.0,104155.0,55420.0,0.4946561360073249,0.0048043925875086175,0.06207147534449042,0.86,compressed,rotation,False,A
1775433600,0.09228,2050249008.0,264126.0,119065.0,0.4949653088674306,0.01035196687370581,0.09027965314122799,0.928,compressed,rotation,False,A
1775448000,0.09205,2080878601.0,72472.0,31964.0,0.49847683518656616,0.08477011494252767,0.06746717932115764,0.936,compressed,rotation,False,A
1775462400,0.09301,2098393907.0,104561.0,52945.0,0.521703154515469,0.03971631205673691,0.1094192396844702,0.936,compressed,rotation,False,A
1775476800,0.09279,2094066444.0,96242.0,43931.0,0.5177887332524882,0.01672727272727329,0.09810845106059807,0.932,compressed,rotation,False,A
1775491200,0.0919,2056694911.0,63328.0,24807.0,0.5437553958085973,0.06371191135734097,0.06883347094860337,0.92,compressed,rotation,False,A
1775505600,0.09053,2002432461.0,185413.0,90763.0,0.5982974812248146,0.10641110376734962,0.05622628576626121,0.844,compressed,rotation,False,A
1775520000,0.09045,2001996899.0,76458.0,40304.0,0.5954878276311171,0.030487804878048582,0.05971870773523147,0.84,compressed,rotation,False,A
1775534400,0.09056,2011226987.0,100525.0,55123.0,0.5952231433157723,0.027522935779816435,0.03871046464507222,0.852,compressed,rotation,False,A
1775548800,0.09046,2022608690.0,99611.0,52491.0,0.5931190022933607,0.04266873545383975,0.025290749823155156,0.864,compressed,rotation,False,A
1775563200,0.09035,2088673920.0,89886.0,45584.0,0.5923021136511113,0.004754358161648526,0.06141251880934684,0.928,compressed,rotation,False,A
1775577600,0.09225,2013313872.0,146741.0,79209.0,0.6867227740079744,0.1381215469613259,0.032675839385291505,0.848,compressed,rotation,False,A
1775592000,0.09491,2267897564.0,557008.0,275233.0,0.8211507933155422,0.2676056338028164,0.17127645850719841,1.0,compressed,rotation,False,A
1775606400,0.09456,2308273975.0,187731.0,91671.0,0.8237891259371078,0.2328288707799769,0.19276998427952474,1.0,compressed,rotation,False,A
1775620800,0.09455,2288435643.0,100990.0,43900.0,0.8265617036716036,0.20577617328519798,0.18846144957160593,0.996,compressed,rotation,False,A
1775635200,0.09421,2336498958.0,193911.0,77595.0,0.8230135552445853,0.16736652669466107,0.22644611765783518,1.0,compressed,rotation,False,A
1775649600,0.09337,2173607956.0,189446.0,97737.0,0.7983471273192227,0.1077981651376142,0.11552517316192668,0.94,compressed,rotation,False,A
1775664000,0.09305,2135937973.0,75582.0,37949.0,0.809155652292897,0.07428571428571397,0.11512739274641004,0.924,compressed,rotation,False,A
1775678400,0.09235,2114373035.0,80318.0,34312.0,0.8273968417615458,0.047353760445682624,0.11036092027802691,0.916,compressed,rotation,False,A
1775692800,0.09148,2127044926.0,123838.0,60669.0,0.8456625528039707,0.01621621621621668,0.10266761887167086,0.916,compressed,rotation,False,A
1775707200,0.09134,2111151901.0,133965.0,71004.0,0.7686136194525651,0.001081081081081412,0.09056908433171507,0.908,compressed,rotation,False,A
1775721600,0.09163,2101423083.0,66094.0,38193.0,0.7772148944810305,0.029649595687332015,0.09096776207608226,0.9,compressed,rotation,False,A
1775736000,0.09286,2169542677.0,190860.0,105419.0,0.8172004133779995,0.06005221932114878,0.1339777450600781,0.936,compressed,rotation,False,A
1775750400,0.09377,2148294442.0,145036.0,73851.0,0.8174506398224848,0.07834101382488501,0.09093498843107506,0.924,compressed,rotation,False,A
1775764800,0.09255,2191444394.0,142591.0,63648.0,0.8503177410406226,0.025815879201168467,0.11242976122880433,0.948,normal,rotation,False,A
1775779200,0.09213,2168456908.0,68558.0,30603.0,0.8456038134406832,0.038461538461538616,0.1253358740249837,0.928,compressed,rotation,False,A
1775793600,0.09224,2175380207.0,60864.0,34281.0,0.8085362609634017,0.11588883062401703,0.11673370153478069,0.936,compressed,rotation,False,A
1775808000,0.09242,2169458324.0,76509.0,40894.0,0.8162284337156138,0.1116965226554267,0.10244907177681162,0.924,compressed,rotation,False,A
1775822400,0.09329,2237783358.0,216910.0,123442.0,0.8364673735636284,0.13671274961597515,0.12119947639705297,0.976,compressed,rotation,False,A
1775836800,0.095,2358676067.0,163608.0,92075.0,0.8901277684598811,0.21479374110953117,0.1722894013963432,1.0,normal,rotation,False,A
1775851200,0.09365,2318381794.0,114658.0,47208.0,0.945082435648989,0.06322957198443568,0.16020430239231698,0.992,normal,rotation,False,A
1775865600,0.09361,2274055640.0,60611.0,29772.0,0.8752376327559208,0.06478324403312227,0.10916070737101413,0.98,normal,rotation,False,A
1775880000,0.09283,2248245975.0,69859.0,27026.0,0.7082223900141996,0.03700189753320636,0.08043110920529872,0.968,compressed,rotation,False,A
1775894400,0.09287,2255980455.0,44120.0,22614.0,0.7083943110630728,0.006944444444444512,0.0750986492451724,0.972,compressed,rotation,False,A
1775908800,0.0927,2252168466.0,117141.0,50054.0,0.7096227946892948,0.004475385380407408,0.0755000026159629,0.968,compressed,rotation,False,A
1775923200,0.09467,2317992265.0,127828.0,74961.0,0.8178882478400312,0.1307220386974994,0.12704721181662904,0.988,compressed,rotation,False,A
1775937600,0.09303,2339080105.0,107008.0,43178.0,0.8708929530387856,0.11649580615097878,0.16811935011874546,0.996,normal,rotation,False,A
1775952000,0.0911,2222632947.0,266400.0,130144.0,0.9617412277067732,0.02788502788502781,0.11020798689059319,0.932,normal,rotation,False,A
1775966400,0.09132,2210143572.0,144233.0,64356.0,0.9637349529398692,0.032450896669513125,0.098903100587721,0.92,normal,rotation,False,A
1775980800,0.09125,2241157903.0,79288.0,41357.0,0.954649516806128,0.033775117571611786,0.10805313656592674,0.944,normal,rotation,False,A
1775995200,0.09059,2362124693.0,138841.0,56763.0,0.9727557183897866,0.010025062656641786,0.13092075808558956,1.0,normal,rotation,False,A
1776009600,0.09086,2377577275.0,63211.0,34904.0,0.9757044941798869,0.062303899596593645,0.18092728017521953,1.0,normal,rotation,False,A
1776024000,0.09078,2367047538.0,70451.0,40990.0,0.9399719656338172,0.2093258996452104,0.04371889435126186,0.996,normal,rotation,False,A
1776038400,0.09115,2371109182.0,67105.0,31500.0,0.9245423155561228,0.172658227848102,0.027221728304587467,0.996,normal,rotation,False,A
1776052800,0.09084,2379889986.0,103223.0,47898.0,0.8967593447067215,0.18503740648379047,0.03996369453506188,1.0,normal,rotation,False,A
1776067200,0.09089,2398959570.0,63153.0,26709.0,0.8966142508038583,0.16801619433198434,0.026732565741636405,1.0,normal,rotation,False,A
1776081600,0.09167,2356448130.0,178232.0,99785.0,0.9158633656676748,0.08629441624365468,0.08411828522033615,0.972,normal,rotation,False,A
1776096000,0.09305,2279270971.0,152622.0,63834.0,0.9657125800067167,0.0,0.06710541214765886,0.944,normal,rotation,False,A
1776110400,0.09409,2503934679.0,343491.0,182198.0,0.9749117952618592,0.0824644549763031,0.18424451955801646,1.0,normal,rotation,False,A
1776124800,0.09352,2466153458.0,178862.0,86977.0,0.9095778841613499,0.09807692307692335,0.15942706609291424,0.996,normal,rotation,False,A
1776139200,0.09355,2415382137.0,95667.0,46701.0,0.8655006541455323,0.10681488641855956,0.14410627480471372,0.992,normal,rotation,False,A
1776153600,0.09428,2536499383.0,274096.0,138541.0,0.8798691856478491,0.12541410317084747,0.20703888879857701,1.0,normal,rotation,False,A
1776168000,0.09538,2606564255.0,485615.0,226887.0,0.8873373930597731,0.12000000000000069,0.20143488424219647,1.0,normal,rotation,False,A
1776182400,0.0928,2339755146.0,172004.0,73244.0,1.0552811895404324,0.04278782531980655,0.0891221893316243,0.948,normal,rotation,False,A
1776196800,0.0929,2300313315.0,110713.0,57834.0,1.0548104150631314,0.016241299303944502,0.049679070707006945,0.924,normal,rotation,False,A
1776211200,0.0931,2290903720.0,82301.0,41227.0,0.9625005300801963,0.0454758556024379,0.05646725630021132,0.92,normal,rotation,False,A
1776225600,0.09275,2251389033.0,98694.0,47073.0,0.9011902822665221,0.02364394993045885,0.034940478797874874,0.888,normal,rotation,False,A
1776240000,0.09351,2292423593.0,78013.0,46836.0,0.8027402520369449,0.04920993227990951,0.056680171100627286,0.92,compressed,rotation,False,A
1776254400,0.09352,2319987185.0,96065.0,47518.0,0.803728802610869,0.010803193987788081,0.03673448848661964,0.936,compressed,rotation,False,A
1776268800,0.09604,2362245235.0,168677.0,86769.0,0.9495653288744579,0.0470588235294118,0.0015132082145301595,0.96,normal,rotation,False,A
1776283200,0.09485,2369859871.0,119999.0,50797.0,0.9796054708913849,0.05469462169553368,0.022204313859445435,0.964,normal,rotation,False,A
1776297600,0.09699,2509025825.0,186606.0,113416.0,1.0581940883693273,0.14059900166389405,0.10332648896840535,0.992,normal,rotation,False,A
1776312000,0.09644,2521420236.0,206343.0,101011.0,1.0703827581455259,0.15161696766064706,0.1215055043076414,0.992,normal,rotation,False,A
1776326400,0.09628,2489514154.0,131188.0,64635.0,1.0741452821028548,0.1424989552862522,0.10351760738104443,0.98,normal,rotation,False,A
1776340800,0.09725,2519547895.0,376561.0,180099.0,1.0753800659330883,0.18398706025070777,0.11872088302296646,0.988,normal,rotation,False,A
1776355200,0.09939,2639463138.0,437868.0,249644.0,1.1336063290813618,0.18955823293172716,0.1386850499261696,1.0,normal,rotation,False,A
1776369600,0.09917,2665218871.0,255291.0,163902.0,1.1377301542376155,0.2614991482112434,0.13943035354062827,1.0,normal,rotation,False,A
1776384000,0.09769,2575381931.0,188456.0,83100.0,1.1729213053076628,0.28614850195397323,0.15870770946508417,0.988,normal,rotation,False,A
1776398400,0.09801,2508136512.0,123260.0,54711.0,1.1589209387087447,0.2892347600518809,0.1348296752189455,0.968,normal,rotation,False,A
1776412800,0.09871,2553969811.0,210817.0,109315.0,1.1500407528919083,0.31397306397306446,0.13957602343916586,0.984,normal,rotation,False,A
1776427200,0.10053,2589366537.0,504296.0,262901.0,1.1896382758349058,0.3988764044943819,0.09620230662395435,0.988,normal,trend,False,B
1776441600,0.09994,2566004437.0,220508.0,109518.0,1.2007386466557441,0.3597464342313792,0.07925175092363723,0.98,normal,trend,False,B
1776456000,0.09936,2513412922.0,129940.0,50443.0,1.198237219341989,0.3333333333333337,0.06183457731637665,0.96,normal,trend,False,B
1776470400,0.09851,2507672427.0,135179.0,53562.0,1.0541518349236785,0.2807017543859652,0.05759466752383391,0.948,normal,trend,False,B
1776484800,0.09881,2486506448.0,74621.0,35562.0,1.0509531622149209,0.30408241129339914,0.04479890357419225,0.936,normal,trend,False,B
1776499200,0.09595,2432363321.0,327989.0,126847.0,1.2312202627895044,0.17436250861474825,0.013924265926665846,0.928,normal,rotation,False,A
1776513600,0.09594,2403691347.0,146873.0,73319.0,1.225310464397494,0.15115044247787598,0.020048485854004428,0.92,normal,rotation,False,A
1776528000,0.09474,2411303623.0,144473.0,66500.0,1.2481819770757308,0.06020662629141472,0.05792758021310318,0.92,normal,rotation,False,A
1776542400,0.09473,2382037752.0,75583.0,42847.0,1.2476959447530498,0.023668639053254493,-0.04868215134457188,0.908,normal,rotation,False,A
1776556800,0.09472,2396442863.0,96674.0,46162.0,1.123735900755904,0.045317220543806346,-0.02826693317638629,0.908,normal,rotation,False,A
1776571200,0.09408,2345015212.0,154792.0,71852.0,1.104115846000212,0.0195644149132522,-0.02913283323664817,0.864,normal,rotation,False,A
1776585600,0.09447,2384271635.0,155706.0,92728.0,1.0028851396128937,0.007102803738317591,-0.060014896522448735,0.904,normal,rotation,False,A
1776600000,0.09556,2331122663.0,366033.0,191186.0,1.028483825007715,0.006731488406881056,-0.1056722816142509,0.844,normal,rotation,False,A
1776614400,0.09446,2307661638.0,144514.0,60428.0,1.0510445407838789,0.06571654790182135,-0.013716609643904976,0.824,normal,rotation,False,A
1776628800,0.09298,2323808716.0,170778.0,68482.0,1.0628414184548556,0.0030030030030028776,0.010214000348035102,0.84,normal,rotation,False,A
1776643200,0.0942,2330373877.0,93880.0,55397.0,0.9935529088432697,0.03976861894432402,0.017229077178328556,0.84,normal,rotation,False,A
1776657600,0.09448,2328574413.0,132622.0,69382.0,0.9996714452983019,0.06270387821674499,0.03428344851495946,0.836,normal,rotation,False,A
1776672000,0.09443,2338182198.0,126058.0,72585.0,0.9649616675386297,0.03422619047619061,0.019960798318306328,0.848,normal,rotation,False,A
1776686400,0.09491,2299520149.0,167668.0,87898.0,0.9694113900565166,0.050822669104204334,-0.008822047006263989,0.8,normal,rotation,False,A
1776700800,0.09548,2297751626.0,146795.0,74320.0,0.9654875377491506,0.02204724409448838,-0.02730182626445221,0.796,normal,rotation,False,A
1776715200,0.09515,2269180008.0,74735.0,34548.0,0.8721367220482734,0.012224938875305406,-0.04248346673658665,0.772,normal,rotation,False,A
1776729600,0.09483,2254976684.0,86120.0,54059.0,0.8702390307585114,0.09507042253521165,-0.10125409570066901,0.76,normal,rotation,False,A
1776744000,0.09521,2217142597.0,88330.0,49256.0,0.8776481797959741,0.05454545454545432,-0.12067708296127122,0.732,normal,rotation,False,A
1776758400,0.09538,2223459441.0,74103.0,34781.0,0.8707315799137207,0.03989361702127649,-0.10687013470982665,0.736,normal,rotation,False,A
1776772800,0.09474,2211891353.0,112597.0,48939.0,0.8713068158589244,0.11291048133153382,-0.12210783633466116,0.724,normal,rotation,False,A
1776787200,0.0938,2176778872.0,97927.0,43939.0,0.6861447429119358,0.2658107465525443,-0.17529483906738308,0.712,compressed,rotation,False,A
1776801600,0.09513,2169862848.0,52705.0,29964.0,0.7498901430358126,0.18247515808491346,-0.1858594160464354,0.7,compressed,rotation,False,A
1776816000,0.09625,2242401476.0,145984.0,81977.0,0.7416857866675115,0.06611570247933864,-0.1292936208769262,0.744,compressed,rotation,False,A
1776830400,0.09749,2326045816.0,215312.0,120043.0,0.77881448290628,0.022907488986784418,-0.0725999941106874,0.828,compressed,rotation,False,A
1776844800,0.09798,2333325873.0,134695.0,69381.0,0.7816592398487783,0.03245887060915999,-0.08639253958667881,0.84,compressed,rotation,False,A
1776859200,0.09783,2318751306.0,162647.0,77369.0,0.7654865772648107,0.12968299711815523,-0.10451020631228614,0.812,compressed,rotation,False,A
1776873600,0.09664,2248683864.0,114155.0,50037.0,0.8146153582358021,0.15406162464985967,-0.12366329863832581,0.736,compressed,rotation,False,A
1776888000,0.09557,2314929516.0,83819.0,36693.0,0.8207298634003531,0.1729803742583294,-0.07896967675413269,0.8,compressed,rotation,False,A
1776902400,0.09556,2948608325.0,180721.0,76078.0,0.7858918315195337,0.14000949216896022,0.1758347275555061,1.0,compressed,rotation,False,A
1776916800,0.09588,2952514161.0,110320.0,60684.0,0.7082427972702466,0.1389284020862961,0.1874146408809152,1.0,compressed,rotation,False,A
1776931200,0.09612,3068561870.0,99242.0,52832.0,0.6665731235481713,0.009204114780725683,0.2615557238128572,1.0,compressed,rotation,False,A
1776945600,0.09733,3087733392.0,232568.0,116420.0,0.7049091484945417,0.07066598881545505,0.28457981756007866,1.0,compressed,rotation,False,A
1776960000,0.09616,3040713328.0,185058.0,94413.0,0.7555114506067562,0.07230142566191387,0.2610246586105678,0.992,compressed,rotation,False,A
1776974400,0.09709,3072748568.0,104617.0,56634.0,0.7718735718563664,0.11478599221789876,0.2899663598614537,0.996,compressed,rotation,False,A
1776988800,0.09718,3104949951.0,169926.0,93752.0,0.766888631880138,0.1191860465116279,0.29564948071119534,1.0,compressed,rotation,False,A
1777003200,0.09778,3127487467.0,159750.0,89034.0,0.7704827579370147,0.179611650485437,0.3336747032581724,1.0,compressed,rotation,False,A
1777017600,0.09816,3165822531.0,195197.0,106558.0,0.765991811354542,0.17921321029626006,0.32779440250313585,1.0,compressed,rotation,False,A
1777032000,0.09806,3150021472.0,149495.0,71715.0,0.7674926947833586,0.12755102040816255,0.3512894546467715,0.996,compressed,rotation,False,A
1777046400,0.09837,3211884321.0,91908.0,58257.0,0.7699634016396154,0.2078681552365759,0.39183503686600685,1.0,compressed,rotation,False,A
1777060800,0.09839,3197373641.0,214428.0,104211.0,0.7514982474550926,0.31181556195965454,0.37591946315774116,0.996,compressed,rotation,False,A
1777075200,0.09876,3215108234.0,114198.0,54443.0,0.7101660810452518,0.27636363636363603,0.3796533962777511,1.0,compressed,rotation,False,A
1777089600,0.09836,3194431334.0,90128.0,45015.0,0.6788429754491252,0.23345367027677533,0.3718399189504449,0.988,compressed,rotation,False,A
1777104000,0.09793,3163894819.0,75733.0,37987.0,0.6537308095970722,0.20588235294117646,0.3531429764995584,0.98,compressed,rotation,False,A
1777118400,0.09814,3159604635.0,81704.0,41991.0,0.6029539230244229,0.19306634787806373,0.3740278102690371,0.976,compressed,rotation,False,A
1777132800,0.09763,3131511554.0,86649.0,40507.0,0.6050327685920367,0.1289742051589679,0.3628590307871682,0.968,compressed,rotation,False,A
1777147200,0.09796,3132630981.0,46599.0,27931.0,0.6095327206822958,0.16856628674265142,0.38051233042592547,0.968,compressed,rotation,False,A
1777161600,0.09774,3130977512.0,83954.0,43279.0,0.5527027589087755,0.17561858780929304,0.388474450408109,0.96,compressed,rotation,False,A
1777176000,0.09852,3154294109.0,86139.0,48363.0,0.5111692591578891,0.19505008839127772,0.4226843655739838,0.972,compressed,rotation,False,A
1777190400,0.09898,3237902482.0,99388.0,65800.0,0.5151779084073973,0.2085747392815748,0.4562453545560312,1.0,compressed,rotation,False,A
1777204800,0.09898,3229866455.0,115267.0,60157.0,0.5168917792098355,0.2551143200962684,0.4602283473911659,0.996,compressed,rotation,False,A
1777219200,0.09913,3237341977.0,87966.0,55865.0,0.5179495684530292,0.33670246367656276,0.4872167396707441,0.996,compressed,rotation,False,A
1777233600,0.09916,3209754694.0,98962.0,51792.0,0.4610811026064318,0.27735719201651643,0.47924312219018184,0.98,compressed,rotation,False,A
1777248000,0.10016,3338958850.0,164850.0,95025.0,0.40324525839797426,0.27133934767522466,0.48901028015555936,1.0,compressed,rotation,False,A
1777262400,0.09775,3171101607.0,190539.0,96337.0,0.6534254801304982,0.016688061617458894,0.36330143851302377,0.964,compressed,rotation,False,A
1777276800,0.09844,3176756529.0,172889.0,90138.0,0.6712331280885631,0.029150823827629988,0.36147143687031846,0.964,compressed,rotation,False,A
1777291200,0.09717,3153895154.0,215369.0,121111.0,0.7187965597011043,0.0390532544378694,0.3601696507249321,0.94,compressed,rotation,False,A
1777305600,0.0978,3138474192.0,76227.0,44830.0,0.7288026223931838,0.07099143206854301,0.39569382884138493,0.932,compressed,rotation,False,A
1777320000,0.09889,3148000415.0,57546.0,29517.0,0.7665394407291524,0.20293398533007323,0.35986879654093107,0.932,compressed,rotation,False,A
1777334400,0.09931,3341491247.0,181658.0,94174.0,0.7690511359221098,0.22361359570661804,0.13324350971572319,1.0,compressed,rotation,False,A
1777348800,0.09961,3407115518.0,371053.0,205950.0,0.7732763149300997,0.22268656716417856,0.15397093196194156,1.0,compressed,rotation,False,A
1777363200,0.09858,3297498044.0,150439.0,66896.0,0.8056962064353271,0.1402508551881413,0.07460699301461382,0.988,compressed,rotation,False,A
1777377600,0.09948,3282283625.0,178008.0,76465.0,0.823385364357178,0.12478235635519411,0.06300745832009325,0.984,compressed,rotation,False,A
1777392000,0.09967,3279947911.0,98317.0,49743.0,0.8167142539603691,0.21599999999999958,0.07867712513279046,0.98,compressed,rotation,False,A
1777406400,0.09928,3280481611.0,106159.0,54571.0,0.8227708970306254,0.1394016549968169,0.06760495966489377,0.98,compressed,rotation,False,A
1777420800,0.10132,3487253636.0,246289.0,142759.0,0.9117407513527234,0.23442808607021437,0.12312716502141141,1.0,normal,rotation,False,A
1777435200,0.10492,3826587330.0,528816.0,290355.0,1.1499407681264666,0.3455953533397863,0.2235340254362721,1.0,normal,rotation,False,A
1777449600,0.10965,4023768580.0,870297.0,455462.0,1.4270993980541322,0.45941623350659677,0.27100257219061397,1.0,expanded,trend,False,B
1777464000,0.10334,3615048015.0,590156.0,255911.0,1.9804642149041662,0.16912235746316473,0.14762646767126553,0.992,expanded,trend,False,B
1777478400,0.1014,3460333293.0,450744.0,245273.0,2.030150282606879,0.09223744292237453,0.07735302618951323,0.984,expanded,trend,False,B
1777492800,0.10402,3475711608.0,127479.0,72579.0,2.0938292928065834,0.1588152327221437,0.0870520615516639,0.984,expanded,rotation,False,A
1777507200,0.10675,3519327517.0,503850.0,263209.0,2.151394333618789,0.21131975667812736,0.09462178591154702,0.988,expanded,rotation,False,A
1777521600,0.10695,3566968607.0,254371.0,123421.0,2.150480502970812,0.22839670300451997,0.11662084234990155,0.988,expanded,rotation,False,A
1777536000,0.10635,3492303662.0,258216.0,128906.0,2.154550372607022,0.2228692429857065,0.10379891298150001,0.98,expanded,rotation,False,A
1777550400,0.10703,3513143432.0,208316.0,110565.0,2.066920305492971,0.23241830065359453,0.11189336573434927,0.98,expanded,rotation,False,A
1777564800,0.1061,3474712657.0,152146.0,72250.0,2.08478612368402,0.2190328419963797,0.10959598809770199,0.964,expanded,rotation,False,A
1777579200,0.10645,3465754613.0,78508.0,41594.0,2.049455936897024,0.21943654691134654,0.1063398893838623,0.96,expanded,rotation,False,A
1777593600,0.10905,3565287314.0,317806.0,163334.0,2.089753757719118,0.27538349159970793,0.13871380434239278,0.984,expanded,rotation,False,A
1777608000,0.10818,3569520523.0,133133.0,64907.0,2.103426518052745,0.2346938775510206,0.13163845844788336,0.988,expanded,rotation,False,A
1777622400,0.10878,3600640852.0,134796.0,69788.0,2.1035313260874675,0.23728813559322057,0.11202881248478569,0.988,expanded,rotation,False,A
1777636800,0.10937,3653144104.0,313150.0,170465.0,2.0961458152229233,0.24803055621866804,0.13105113010005232,0.992,expanded,rotation,False,A
1777651200,0.10903,3626885331.0,126849.0,62591.0,2.0705250105405764,0.23526615969581782,0.12032814474576581,0.988,expanded,rotation,False,A
1777665600,0.10845,3605659387.0,106302.0,51120.0,2.078494784733978,0.21792165141918873,0.12334422120795252,0.98,expanded,rotation,False,A
1777680000,0.1081,3605048745.0,80448.0,41487.0,2.0814431095095896,0.1891376846117201,0.07969247509594202,0.976,expanded,rotation,False,A
1777694400,0.10786,3573889078.0,107087.0,46712.0,2.075639555901051,0.25395629238884704,0.12701815360027346,0.968,expanded,rotation,False,A
1777708800,0.10768,3572714152.0,67761.0,34368.0,2.040714788639734,0.235114503816794,0.1246421056777185,0.964,expanded,rotation,False,A
1777723200,0.10895,3579232286.0,117155.0,67100.0,1.9200285644259396,0.2997455470737914,0.1348608977887411,0.968,expanded,rotation,False,A
1777737600,0.10838,3567932989.0,87811.0,40051.0,1.6828779311759723,0.2696228338430175,0.13683681009539428,0.952,expanded,rotation,False,A
1777752000,0.10844,3559848184.0,99789.0,49568.0,1.0917092851374437,0.24993457210154393,0.13082837188889007,0.94,normal,rotation,False,A
1777766400,0.10778,3507745230.0,79726.0,38892.0,1.0051303781731715,0.22028608582574796,0.04975442720350176,0.928,normal,rotation,False,A
1777780800,0.10786,3486053836.0,76412.0,43319.0,0.879694671395962,0.21579911064608945,0.023168664984490217,0.916,normal,rotation,False,A
1777795200,0.10862,3503774969.0,78921.0,44492.0,0.7203711171042674,0.2644889357218125,0.06255558676534578,0.924,compressed,rotation,False,A
1777809600,0.10843,3513295729.0,74949.0,37869.0,0.7219789391548326,0.24026845637583916,0.07038151798962833,0.932,compressed,rotation,False,A
1777824000,0.10855,3510690341.0,37127.0,19264.0,0.7088962143414881,0.23883808499193135,0.07034941903380743,0.924,compressed,rotation,False,A
1777838400,0.10822,3538697996.0,90947.0,45609.0,0.7036820073437194,0.24084051724137967,0.07871294999312228,0.936,compressed,rotation,False,A
1777852800,0.11292,3635493162.0,469880.0,254384.0,1.0856645158099612,0.2916038210155863,0.04250896019425654,0.988,normal,rotation,False,A
1777867200,0.11226,3648199115.0,146485.0,69820.0,1.101179120257933,0.19923995656894694,-0.046618095868728004,0.988,normal,rotation,False,A
1777881600,0.11043,3506309673.0,343405.0,145459.0,1.0644804330298199,0.022981732469063158,-0.12860056355427874,0.904,normal,rotation,False,A
1777896000,0.11019,3523473876.0,316127.0,126549.0,1.0500947484351617,0.24578399712952997,-0.025331375577870463,0.924,normal,rotation,False,A
1777910400,0.11036,3475210862.0,107297.0,49304.0,1.0455009632817163,0.34329501915708815,0.0042994612773561425,0.876,normal,rotation,False,A
1777924800,0.11005,3481392171.0,56260.0,27953.0,1.0427627274794449,0.2534678436317779,0.0016343597054844228,0.88,normal,rotation,False,A
1777939200,0.11135,3505355899.0,67102.0,35134.0,1.0655172703921507,0.2057245080500897,-0.003969968106835919,0.896,normal,rotation,False,A
1777953600,0.11139,3517462867.0,87101.0,43087.0,1.0567393378565892,0.2,-0.013878939080889996,0.916,normal,rotation,False,A
1777968000,0.11189,3526695379.0,103843.0,49831.0,1.0537942145607915,0.25067873303167443,0.009847859845127038,0.924,normal,rotation,False,A
1777982400,0.11234,3571227134.0,198244.0,106041.0,1.0512054337644279,0.24279835390946494,0.016533256647290884,0.948,normal,rotation,False,A
1777996800,0.11348,3577997399.0,241072.0,129115.0,1.0605351618085403,0.33423913043478265,0.029724685807307694,0.956,normal,rotation,False,A
1778011200,0.11478,3623086810.0,228823.0,117234.0,1.0592809482581094,0.3617021276595743,0.04539623099969314,0.976,normal,trend,False,B
1778025600,0.11588,3604824174.0,170631.0,87962.0,1.0541230823467567,0.31723176962378097,0.01108938958292316,0.96,normal,trend,False,B
1778040000,0.11567,3607255790.0,195142.0,97692.0,1.0580239089722536,0.3588883564925729,0.010571522633601615,0.968,normal,trend,False,B
1778054400,0.11651,3436586583.0,212435.0,107207.0,1.0411081015231864,0.3661771672193273,-0.04556251949118306,0.824,normal,trend,False,B
1778068800,0.113,3040716344.0,474181.0,235772.0,1.2593717106738496,0.15106117353308393,-0.167644019114774,0.688,normal,rotation,False,A
1778083200,0.1129,2924485950.0,115628.0,56976.0,1.2567522852635908,0.16267339218158872,-0.19366462319511368,0.672,normal,rotation,False,A
1778097600,0.11239,2907467751.0,72567.0,33049.0,1.261653179305614,0.16610455311973002,-0.19363771256855,0.668,normal,rotation,False,A
1778112000,0.11025,2856909648.0,157658.0,67438.0,1.3336610730046465,0.08428067424539387,-0.20752537619293687,0.664,expanded,rotation,False,A
1778126400,0.11162,2828870269.0,184016.0,81970.0,1.3514449351735132,0.14114114114114107,-0.208461648568266,0.66,expanded,rotation,False,A
1778140800,0.11106,2764003477.0,280961.0,162740.0,1.0245653521735187,0.1250925240562549,-0.22635750877166738,0.656,normal,rotation,False,A
1778155200,0.10793,2554239988.0,389588.0,182135.0,1.1701868984692214,0.03531855955678694,-0.28637210890425013,0.628,normal,rotation,False,A
1778169600,0.10789,2523572156.0,104730.0,48361.0,1.1277048971998385,0.0172839506172841,-0.29270752455827587,0.616,normal,rotation,False,A
1778184000,0.10778,2482966895.0,84161.0,40939.0,1.1274939399005628,0.023239436619718088,-0.30250764452262946,0.576,normal,rotation,False,A
1778198400,0.10636,2435443390.0,241800.0,124115.0,1.1527895948238247,0.04869684499314141,-0.3056954737844516,0.568,normal,rotation,False,A
1778212800,0.10625,2411019249.0,136740.0,68755.0,1.15270570833794,0.05515587529976016,-0.30838152179357226,0.552,normal,rotation,False,A
1778227200,0.10735,2381704030.0,180517.0,78880.0,1.1455516244944615,0.043007111412122996,-0.3202462911938224,0.528,normal,rotation,False,A
1778241600,0.10803,2375098930.0,164952.0,76396.0,1.157082067187213,0.01332445036642229,-0.32396840083939316,0.516,normal,rotation,False,A
1778256000,0.1089,2387747168.0,136389.0,60124.0,1.1636564140336016,0.011374715632109286,-0.3198639196073716,0.536,normal,rotation,False,A
1778270400,0.10947,2356104814.0,87959.0,39452.0,1.1657962067843817,0.0403095775556272,-0.3341887845011796,0.48,normal,rotation,False,A
1778284800,0.11031,2342950938.0,112947.0,53340.0,1.156271331219429,0.0961325966850828,-0.35553421954146425,0.472,normal,rotation,False,A
1778299200,0.11016,2323351029.0,171995.0,93311.0,1.1229659172118296,0.07882882882882888,-0.363151254697895,0.428,normal,rotation,False,A
1778313600,0.10953,2315163243.0,60786.0,28849.0,1.0966453941467809,0.03537735849056592,-0.3397151253274371,0.408,normal,rotation,False,A
1778328000,0.10855,2293850983.0,77089.0,35077.0,1.1035566445587006,0.06264323911382735,-0.34898027806464715,0.38,normal,rotation,False,A
1778342400,0.10964,2316201303.0,52914.0,28673.0,1.1163877775331361,0.026568265682656727,-0.333507693496614,0.408,normal,rotation,False,A
1778356800,0.10869,2312368861.0,32709.0,17473.0,0.9571380894443761,0.049026676279740375,-0.3357919052435302,0.396,normal,rotation,False,A
1778371200,0.10842,2325930904.0,59389.0,27770.0,0.9600778276846527,0.1096967427929614,-0.33646369412488575,0.432,normal,rotation,False,A
1778385600,0.10848,2336433013.0,25978.0,13075.0,0.9646740105769822,0.10886644219977583,-0.33576185411369686,0.452,normal,rotation,False,A
1778400000,0.10814,2364954214.0,102192.0,42856.0,0.8905585277828734,0.1411366202484005,-0.3294135274392237,0.496,normal,rotation,False,A
1778414400,0.10907,2400869718.0,86771.0,47956.0,0.8703857363935611,0.12088724584103486,-0.32771856061956095,0.544,normal,rotation,False,A
1778428800,0.11104,2367913572.0,179672.0,87839.0,0.9550598411347248,0.08751793400286931,-0.3382014272392153,0.496,normal,rotation,False,A
1778443200,0.11242,2626268841.0,530613.0,259844.0,0.7573465781881108,0.08440629470672335,-0.27512947419551337,0.644,compressed,rotation,False,A
1778457600,0.10907,2787198990.0,302384.0,139100.0,1.0152590645836161,0.22542204568023802,-0.2268141647232529,0.656,normal,rotation,False,A
1778472000,0.10923,2778594937.0,171698.0,79142.0,1.0148267018583506,0.21352785145888584,-0.22972056910885152,0.652,normal,rotation,False,A
1778486400,0.11027,2765611454.0,109133.0,57773.0,0.9837006322923224,0.20553359683794434,-0.19524464546278542,0.648,normal,rotation,False,A
1778500800,0.11088,2830644029.0,159722.0,74097.0,0.9889642541177861,0.07720320466132538,-0.06908645570130822,0.66,normal,rotation,False,A
1778515200,0.11156,2935100503.0,185049.0,79009.0,0.9802736861405907,0.04778887303851615,0.0036295448777929895,0.672,normal,rotation,False,A
1778529600,0.11127,3005861934.0,104290.0,50823.0,0.9809957223842528,0.0402588066139471,0.033841882843294924,0.68,normal,rotation,False,A
1778544000,0.11005,3090332460.0,131398.0,57987.0,1.0036410402399125,0.007434944237918419,0.08170465319524878,0.7,normal,rotation,False,A
1778558400,0.10983,3057308896.0,143381.0,79208.0,1.0001687298372206,0.06951456310679602,0.08075259919245159,0.684,normal,rotation,False,A
1778572800,0.10938,3030017711.0,116802.0,56234.0,0.9922338977268276,0.06552262090483614,0.09624236590640156,0.672,normal,rotation,False,A
1778587200,0.10862,3022785103.0,173307.0,79473.0,1.0021856106293008,0.029651912333476364,0.18343817229440385,0.668,normal,rotation,False,A
1778601600,0.10981,3077002359.0,124765.0,61674.0,1.024544755819915,0.07862407862407866,0.21930429121440986,0.692,normal,rotation,False,A
1778616000,0.11012,3066117957.0,112667.0,63271.0,1.00264848454707,0.09504467912266412,0.23486058681422728,0.68,normal,rotation,False,A
1778630400,0.11169,3143821797.0,188042.0,110069.0,1.0239930192114157,0.21517965280581317,0.29086219368046984,0.724,normal,rotation,False,A
1778644800,0.11228,3263735949.0,221791.0,109486.0,1.0035332484826867,0.23881188118811864,0.3536747789772623,0.792,normal,rotation,False,A
1778659200,0.11264,3326554667.0,389462.0,193808.0,0.9994669854098985,0.21583027335781285,0.39671202848827525,0.808,normal,rotation,False,A
1778673600,0.10989,3183476939.0,322683.0,169625.0,1.1467496058490045,0.06997742663656874,0.34035551058077407,0.752,normal,rotation,False,A
1778688000,0.1129,3218459103.0,260037.0,134146.0,1.2704592001064532,0.13927576601671296,0.3479061544425628,0.772,normal,rotation,False,A
1778702400,0.11261,3239602344.0,107286.0,58772.0,1.2658339524968416,0.11040787623066099,0.3749822693584124,0.784,normal,rotation,False,A
1778716800,0.11237,3247200932.0,364661.0,185885.0,1.2137618039459923,0.07399425287356283,0.3859449121763898,0.784,normal,rotation,False,A
1778731200,0.11386,3351362805.0,226457.0,119254.0,1.2162107103756443,0.12679917751884867,0.4424694173064625,0.816,normal,rotation,False,A
1778745600,0.1131,3315668060.0,150548.0,78590.0,1.0208835945912194,0.12180143295803475,0.43215303284771434,0.8,normal,rotation,False,A
1778760000,0.11387,2821336308.0,879052.0,575877.0,1.023778486780178,0.18281786941580755,0.22995623033460144,0.584,normal,rotation,False,A
1778774400,0.11608,2730530918.0,545441.0,339641.0,1.0719497281834527,0.21310390469887477,0.17888324925098265,0.564,normal,rotation,False,A
1778788800,0.1154,2729533584.0,166393.0,90209.0,1.0820855638991091,0.2240400667779634,0.1804057864797548,0.56,normal,rotation,False,A
1778803200,0.11607,2726536504.0,191003.0,101674.0,1.0780061215237504,0.25205930807248755,0.17223452309398435,0.556,normal,rotation,False,A
1778817600,0.11481,2672536640.0,311611.0,169568.0,1.10296172665644,0.20063391442155284,0.14385331192031048,0.552,normal,rotation,False,A
1778832000,0.11436,2643929057.0,195818.0,95028.0,1.073559328704112,0.19646241313960813,0.11796204820733158,0.544,normal,rotation,False,A
1778846400,0.11151,2548477482.0,416993.0,218353.0,1.2099001550383135,0.07266229898749237,0.06148095537768783,0.508,normal,rotation,True,C
1778860800,0.11292,2497567714.0,140379.0,84863.0,1.2277851921690812,0.0569351907934586,0.05475459220012446,0.468,normal,rotation,True,C
1778875200,0.1133,2475284409.0,77926.0,42354.0,1.212677788919188,0.027482823235477533,-0.057490089987325854,0.452,normal,rotation,True,C
1778889600,0.11257,2474054971.0,79464.0,39344.0,1.2072887588988455,0.119047619047619,-0.11235079379818513,0.448,normal,rotation,True,C
1778904000,0.11004,2450644313.0,210604.0,98310.0,1.3022096671097247,0.02549575070821542,-0.11802750362529724,0.44,expanded,rotation,True,C
1778918400,0.10891,2443784926.0,170441.0,89343.0,1.2800921362505273,0.0426867545511613,-0.11636722415743939,0.436,normal,rotation,True,C
1778932800,0.10964,2423831769.0,165866.0,85591.0,1.2816787210781284,0.03877423389618524,-0.1437172091694332,0.424,normal,rotation,True,C
1778947200,0.10958,2401438685.0,86601.0,37894.0,1.2745751285041882,0.06313775510204106,-0.1818206284434002,0.404,normal,rotation,True,C
1778961600,0.10933,2383291777.0,46051.0,24855.0,1.1693384539525342,0.06194125159642389,-0.2071186803219286,0.38,normal,rotation,False,A
1778976000,0.10914,2369029050.0,86119.0,44993.0,1.0102591796959361,0.030042918454935418,-0.23340641155482666,0.348,normal,rotation,False,A
1778990400,0.11012,2387812243.0,54723.0,32755.0,1.0327791731672702,0.009339774557165814,-0.21898233897004304,0.388,normal,rotation,False,A
1779004800,0.11144,2353169683.0,91811.0,53272.0,1.0654180359337535,0.06453634085213004,-0.22338088174957205,0.308,normal,rotation,False,A
1779019200,0.11038,2333122964.0,144167.0,60346.0,1.0371171143454685,0.05462445685909409,-0.2281545381163671,0.272,normal,rotation,False,A
1779033600,0.11066,2357122333.0,68284.0,31507.0,1.0328066031667387,0.027147876077930063,-0.23395498020806038,0.316,normal,rotation,False,A
1779048000,0.10891,2241248488.0,228606.0,100519.0,1.0601823217944248,0.03694656488549587,-0.2690273109411231,0.124,normal,rotation,False,A
1779062400,0.10652,2274726129.0,297708.0,138941.0,1.0291248801516801,0.15400655347036038,-0.2764455888782681,0.164,normal,rotation,False,A
1779076800,0.10424,2282812427.0,255180.0,112200.0,1.0856650798098113,0.22802041973908144,-0.3005523539061279,0.168,normal,rotation,False,A
1779091200,0.105,2261329938.0,107275.0,56600.0,1.0893923710153848,0.21424565339315801,-0.32021861524393824,0.144,normal,rotation,False,A
1779105600,0.10386,2218631054.0,336361.0,189237.0,1.0877567713760552,0.17709251101321624,-0.30307927573776594,0.092,normal,rotation,False,A
1779120000,0.10471,2263167418.0,139144.0,65474.0,1.1142005044891246,0.2568203198494829,-0.2968164747252965,0.144,normal,rotation,False,A
1779134400,0.10472,2250103540.0,83960.0,39956.0,1.0205075490802558,0.24960455552040542,-0.3054383528992779,0.12,normal,rotation,False,A
1779148800,0.10429,2268464288.0,54798.0,26806.0,0.9652097183070224,0.2540880503144658,-0.30140932590739966,0.148,normal,rotation,False,A
1779163200,0.10513,2259370539.0,101839.0,52023.0,0.9845245102284705,0.28025682182985584,-0.32583528837009934,0.132,normal,rotation,False,A
1779177600,0.10367,2290973517.0,78656.0,38876.0,1.0036381796587257,0.2960753532182108,-0.3090461784645596,0.176,normal,rotation,False,A
1779192000,0.10355,2239641615.0,107493.0,51124.0,0.9255713470859613,0.33076923076923087,-0.20617701312338554,0.088,normal,rotation,False,A
1779206400,0.10323,2246956014.0,39473.0,17927.0,0.9170439750315916,0.4384169225520304,-0.17709922301637893,0.104,normal,trend,False,B
1779220800,0.10293,2244683157.0,41655.0,23055.0,0.8999634065632934,0.4310404424472871,-0.17763123701503425,0.104,normal,trend,False,B
1779235200,0.10283,2246426776.0,116591.0,41516.0,0.9008288587373262,0.4668547249647397,-0.1760877682347729,0.108,normal,trend,False,B
1779249600,0.10355,2258077041.0,71361.0,35928.0,0.9240730578562444,0.40474478792235835,-0.15508097917041097,0.14,normal,trend,False,B
1779264000,0.10365,2244169444.0,47011.0,24207.0,0.9269313774959195,0.3898798689479436,-0.1511990694083135,0.096,normal,trend,False,B
1779278400,0.10413,2288828980.0,110790.0,58075.0,0.9076473464475199,0.29402390438247056,-0.10188377328577869,0.176,normal,trend,False,B
1779292800,0.10419,2288475190.0,71749.0,37059.0,0.8578567632315963,0.3675789473684219,-0.08371846049576215,0.172,normal,trend,False,B
1779307200,0.10365,2277396282.0,38272.0,18682.0,0.8486982995691197,0.40359682141363484,-0.07994561201956818,0.16,compressed,trend,False,B
1779321600,0.1056,2311113122.0,77680.0,40762.0,0.9523179268430568,0.27735773975328354,-0.0658602379130403,0.208,normal,trend,False,B
1779336000,0.10559,2352032017.0,112622.0,58717.0,0.9073257268352587,0.19681556833259645,-0.04023933439744343,0.3,normal,rotation,False,A
1779350400,0.10424,2362476925.0,122782.0,58509.0,0.8317752210560914,0.2045554095488399,-0.03327134075300375,0.328,compressed,rotation,False,A
1779364800,0.10465,2370086892.0,108719.0,53657.0,0.7105556458863465,0.22167925366503777,-0.022173517851931446,0.348,compressed,rotation,False,A
1779379200,0.10575,2363962640.0,136945.0,66053.0,0.7271249779925866,0.16263269639065844,-0.015605663902262035,0.324,compressed,rotation,False,A
1779393600,0.10562,2348746580.0,47150.0,25250.0,0.6874087159081249,0.1583440034144259,-0.014494740985295684,0.284,compressed,rotation,False,A
1779408000,0.10584,2378420817.0,60378.0,29869.0,0.6701994323051877,0.14066496163682882,0.003964395033484225,0.36,compressed,rotation,False,A
1779422400,0.10554,2369846111.0,43422.0,19164.0,0.6736820160860085,0.2010535557506588,-0.007524097446383715,0.336,compressed,rotation,False,A
1779436800,0.10637,2402764419.0,52344.0,20769.0,0.6826482204955177,0.22745625841184372,0.021075716026042413,0.404,compressed,rotation,False,A
1779451200,0.10603,2380365569.0,105887.0,48356.0,0.6718665415032029,0.20166898470097397,0.02024865629842565,0.36,compressed,rotation,False,A
1779465600,0.10341,2310931970.0,174090.0,75358.0,0.8005006107984535,0.3032204098703468,-0.01959608220300202,0.176,compressed,rotation,False,A
1779480000,0.10228,2311640525.0,111768.0,50662.0,0.8305069867988162,0.28467153284671554,0.03140751120497809,0.18,compressed,rotation,False,A
1779494400,0.10164,2328661045.0,172912.0,92949.0,0.8371543084448463,0.22655524605385355,0.02371050972352018,0.228,compressed,rotation,False,A
1779508800,0.09887,2271641381.0,244665.0,99884.0,0.9998972854064279,0.24375851112119826,-0.004893545289956447,0.108,normal,rotation,False,A
1779523200,0.09921,2250460001.0,111119.0,63360.0,1.0039537631073434,0.267931513188338,-0.0048068779426383434,0.076,normal,rotation,False,A
1779537600,0.10103,2260793013.0,150638.0,78763.0,1.0674991264572042,0.12696276357110806,0.019003591842810197,0.096,normal,rotation,False,A
1779552000,0.10252,2237658567.0,71206.0,40722.0,1.114629018240348,0.09550806803314422,-0.01127130533831322,0.032,normal,rotation,False,A
1779566400,0.10303,2193600333.0,173864.0,92579.0,1.1153363815678519,0.07212974818608607,-0.02511138087449971,0.012,normal,rotation,False,A
1779580800,0.10294,2181006775.0,44293.0,25516.0,1.115101124841963,0.05846686877436077,-0.038553621259388327,0.012,normal,rotation,False,A
1779595200,0.10283,2198270828.0,37558.0,19316.0,1.1108786149977035,0.1028622540250446,-0.027042802384704356,0.02,normal,rotation,False,A
1779609600,0.10326,2207445831.0,83414.0,46313.0,1.0401037642684645,0.019221753398968304,-0.03645947252562676,0.024,normal,rotation,False,A
1779624000,0.1019,2188400098.0,92148.0,40705.0,1.0672069881985973,0.07310589277802389,-0.022879337772976682,0.016,normal,rotation,False,A
1779638400,0.10205,2196283645.0,27059.0,12945.0,1.0367505142979903,0.05267857142857148,-0.022551562506910705,0.024,normal,rotation,False,A
1779652800,0.10222,2190595994.0,73383.0,31333.0,1.0256650432445604,0.03188145487202465,-0.024095678194639758,0.02,normal,rotation,False,A
1779667200,0.10196,2206980030.0,44374.0,20864.0,0.9961189418193784,0.03878733838609048,-0.017559773780046806,0.036,normal,rotation,False,A
1779681600,0.10276,2220258627.0,69651.0,38823.0,1.010353389563954,0.03509551310528647,-0.016748061874475306,0.056,normal,rotation,False,A
1779696000,0.10282,2215334050.0,59605.0,30543.0,1.0051482457581338,0.03693813974187855,-0.012849027098686405,0.048,normal,rotation,False,A
1779710400,0.10294,2193209358.0,60744.0,29775.0,1.003854854954436,0.05382180009045661,-0.04177665646299178,0.024,normal,rotation,False,A
1779724800,0.10273,2199080038.0,48966.0,20253.0,0.9858626521634155,0.06558849955076379,-0.03906319473797748,0.04,normal,rotation,False,A
1779739200,0.10208,2208310310.0,47655.0,21401.0,0.989748034917279,0.07018328118015203,-0.03033550750303715,0.052,normal,rotation,False,A
1779753600,0.10104,2197377116.0,66012.0,27322.0,0.8849178418161346,0.21248835041938444,-0.049212652084106856,0.036,normal,rotation,False,A
1779768000,0.10112,2205641690.0,47828.0,22275.0,0.8613381674979766,0.20761727821644205,-0.06223993803737404,0.048,normal,rotation,False,A
1779782400,0.10237,2231326768.0,59103.0,29343.0,0.8904785340919027,0.08726084927671465,-0.055513836182759735,0.088,normal,rotation,False,A
1779796800,0.10199,2252747612.0,183974.0,78000.0,0.6829293735229507,0.1242990654205611,-0.049508429583770774,0.14,compressed,rotation,False,A
1779811200,0.10107,2280923118.0,118100.0,56372.0,0.713236202477823,0.2205466540999056,-0.035127256495051884,0.188,compressed,rotation,False,A
1779825600,0.10099,2277960959.0,32069.0,15841.0,0.6149651573631595,0.2187057156353331,-0.030137615357379244,0.184,compressed,rotation,False,A
1779840000,0.10117,2271798552.0,42335.0,18298.0,0.5351103276254857,0.22101277804070038,-0.04482901605885159,0.176,compressed,rotation,False,A
1779854400,0.10212,2288055491.0,88930.0,40106.0,0.5608572538158001,0.15702479338842915,-0.034513051130348305,0.2,compressed,rotation,False,A
1779868800,0.10166,2250465972.0,71702.0,32283.0,0.5666808623112225,0.21999065857076133,-0.06338467716422436,0.136,compressed,rotation,False,A
1779883200,0.10255,2301216920.0,160238.0,88389.0,0.5962282103740314,0.15846994535519096,-0.03325062756358499,0.232,compressed,rotation,False,A
1779897600,0.10214,2287747978.0,68167.0,28386.0,0.5956962480049043,0.0643037974683547,-0.010032312634456253,0.204,compressed,rotation,False,A
1779912000,0.10043,2303652040.0,123100.0,53908.0,0.6331420979066713,0.09099852434825328,-0.0034557643862036524,0.24,compressed,rotation,False,A
1779926400,0.09818,2250104750.0,140949.0,65239.0,0.7692396895704995,0.1577028258887871,-0.03373453391538994,0.132,compressed,rotation,False,A
1779940800,0.09866,2272517394.0,168577.0,81939.0,0.7789712902926786,0.010687022900763446,0.0003856299710538469,0.188,compressed,rotation,False,A
1779955200,0.09801,2278035191.0,52209.0,24156.0,0.7880908371643076,0.06012024048096224,0.012253134909194996,0.204,compressed,rotation,False,A
1779969600,0.0984,2238823418.0,199420.0,92584.0,0.7745453484567963,0.14193200215866114,-0.009717649901459624,0.096,compressed,rotation,False,A
1779984000,0.09949,2223915358.0,99618.0,52542.0,0.8204943071015031,0.16712630998345304,-0.006141781057520945,0.088,compressed,rotation,False,A
1779998400,0.09951,2226545915.0,67145.0,34406.0,0.8213814203928638,0.1995464852607705,0.015018953774019073,0.092,compressed,rotation,False,A
1780012800,0.09904,2223577566.0,69387.0,32882.0,0.8240386145001464,0.21642619311875672,0.01951887150831988,0.088,compressed,rotation,False,A
1780027200,0.09958,2223328333.0,40817.0,20009.0,0.8326903737829703,0.17615176151761514,0.011398734260053667,0.084,compressed,rotation,False,A
1780041600,0.09907,2239694161.0,45498.0,18222.0,0.8166867045897098,0.22611980572045307,0.01460888849326425,0.12,compressed,rotation,False,A
1780056000,0.10035,2227393652.0,175594.0,91681.0,0.8646450211486302,0.08401084010840157,0.01781829293264825,0.104,normal,rotation,False,A
1780070400,0.10004,2205084715.0,98218.0,44194.0,0.8229853024383971,0.10800644814615785,0.004007255629315587,0.048,compressed,rotation,False,A
1780084800,0.09965,2200604238.0,45966.0,22101.0,0.8257026652616387,0.13648433351035597,0.004568731079310107,0.048,compressed,rotation,False,A
1780099200,0.10104,2226282551.0,95968.0,49144.0,0.8633082460327817,0.04609218436873701,0.008746123996418831,0.108,normal,rotation,False,A
1780113600,0.10123,2224275681.0,87954.0,50837.0,0.8649059558512331,0.07906976744186074,0.001809273005923595,0.108,normal,rotation,False,A
1780128000,0.1008,2211781264.0,35666.0,14948.0,0.8700391639144242,0.10243407707910726,-0.001603724729460132,0.072,normal,rotation,False,A
1780142400,0.10129,2208090763.0,58221.0,26841.0,0.854355602455823,0.08213041314086611,0.006785218632101131,0.068,normal,rotation,False,A
1780156800,0.10136,2210413611.0,36033.0,18183.0,0.8515835527605643,0.06867167919799486,0.005153779218653343,0.076,normal,rotation,False,A
1780171200,0.10056,2201424197.0,69132.0,25890.0,0.8500933195705285,0.07562189054726408,-0.003118272359105223,0.052,normal,rotation,False,A
1780185600,0.10128,2236242040.0,59042.0,29394.0,0.8702680128394965,0.012133468149645618,0.017686961294449022,0.144,normal,rotation,False,A
1780200000,0.10054,2246102328.0,49694.0,25202.0,0.8076803398012466,0.02837573385518579,0.018344157250672843,0.18,compressed,rotation,False,A
1780214400,0.10073,2249706588.0,44686.0,17344.0,0.631923067380207,0.08462332301341612,0.008237170935064153,0.196,compressed,rotation,False,A
1780228800,0.0998,2233819150.0,79599.0,30444.0,0.6647348262451421,0.10988459608630206,-0.008402389108824848,0.144,compressed,rotation,False,A
1780243200,0.09949,2264828012.0,58654.0,24623.0,0.6513922886788237,0.08178053830227744,-0.007056400048289557,0.248,compressed,rotation,False,A
1780257600,0.10038,2267372599.0,52709.0,26707.0,0.67281385551532,0.030303030303030304,-0.004648174481729606,0.252,compressed,rotation,False,A
1780272000,0.10107,2256498464.0,164438.0,91432.0,0.6504325900147189,0.0048449612403102214,-0.006734790805518531,0.228,compressed,rotation,False,A
1780286400,0.09915,2217382265.0,139709.0,62497.0,0.7782812881589978,0.1374363720499771,-0.030887898601231978,0.1,compressed,rotation,False,A
1780300800,0.0999,2226274299.0,96211.0,53631.0,0.7894736266747039,0.08036529680365301,-0.01074962843295102,0.132,compressed,rotation,False,A
1780315200,0.09826,2238994141.0,215688.0,99655.0,0.8592115896603747,0.18940397350993418,-0.027039075916406863,0.168,normal,rotation,False,A
1780329600,0.10059,2223505469.0,121128.0,55733.0,0.9940928716007124,0.06308506308506304,-0.028081112787677887,0.12,normal,rotation,False,A
1780344000,0.10105,2222553270.0,107045.0,57461.0,0.9609574903617798,0.026586620926243417,-0.03520443564905751,0.108,normal,rotation,False,A
1780358400,0.1009,2248025421.0,153704.0,81311.0,0.9588014063099881,0.1281809613572104,-0.0009241032000844029,0.208,normal,rotation,False,A
1780372800,0.09916,2228754666.0,145497.0,69988.0,1.0267382654330988,0.022241992882562324,-0.01925737867421573,0.144,normal,rotation,False,A
1780387200,0.09871,2251953194.0,86211.0,42417.0,0.9797022982680298,0.031418312387792066,-0.01144933893165656,0.232,normal,rotation,False,A
1780401600,0.09481,2207950584.0,438914.0,202510.0,1.2814810494933413,0.1392012407910043,-0.013789758384598061,0.064,normal,rotation,True,C
1780416000,0.09403,2240837891.0,253185.0,130211.0,1.2824186572899505,0.21428571428571422,0.007609342207708147,0.176,normal,rotation,True,C
1780430400,0.09272,2195740786.0,243195.0,118486.0,1.283458711520754,0.2536421367202096,-0.013835389062704317,0.024,normal,rotation,True,C
1780444800,0.09153,2252063029.0,156844.0,64933.0,1.28920178031638,0.27319025100036415,0.012810645077357297,0.24,normal,rotation,True,C
1780459200,0.09414,2247890275.0,154735.0,89810.0,1.464174938183793,0.18403247631935063,0.011047375070715626,0.208,expanded,rotation,True,C
1780473600,0.09394,2214243303.0,64496.0,32264.0,1.4434202729323204,0.1753846153846158,-0.011363541702781643,0.088,expanded,rotation,True,C
1780488000,0.09277,2229587892.0,111473.0,53537.0,1.4518695571548175,0.26012354152367856,0.0009851154949775953,0.152,expanded,rotation,True,C
1780502400,0.09173,2197762671.0,134688.0,60783.0,1.442334621371027,0.278205557415467,-0.00332052730228094,0.036,expanded,rotation,True,C
1780516800,0.09136,2189854599.0,143625.0,69181.0,1.4280117366913616,0.2777219430485764,-0.004884857901468753,0.012,expanded,rotation,True,C
1780531200,0.09128,2142544681.0,552522.0,254232.0,1.4285030439856645,0.3419761737911705,-0.037613316406036046,0.004,expanded,rotation,True,C
1780545600,0.08871,2200000531.0,174089.0,73769.0,1.4789659579020913,0.40491591203104793,-0.010913732595002057,0.056,expanded,trend,True,C
1780560000,0.08788,2176483759.0,234350.0,105228.0,1.4495499286743259,0.4125159642401022,-0.015958858850338875,0.008,expanded,trend,True,C
1780574400,0.08949,2129411124.0,166009.0,89228.0,1.5100289489119176,0.36374845869297184,-0.035632429752617045,0.004,expanded,trend,True,C
1780588800,0.08904,2098139368.0,109847.0,62700.0,1.4832815199742975,0.37538086532602105,-0.05079331869894099,0.004,expanded,trend,True,C
1780603200,0.08851,2086107833.0,107637.0,52439.0,1.4622044741957059,0.3701996927803379,-0.05238261855990678,0.004,expanded,trend,True,C
1780617600,0.08589,2059807507.0,157512.0,64992.0,1.403949128449686,0.446734397677794,-0.07889778022418359,0.004,expanded,trend,True,C
1780632000,0.08495,2032107475.0,546523.0,264817.0,1.3726992046591593,0.4499278499278501,-0.09527386634719703,0.004,expanded,trend,True,C
1780646400,0.08398,2019076521.0,183951.0,92173.0,1.3606317498247822,0.47276319503245834,-0.10251562058367414,0.004,expanded,trend,True,C
1780660800,0.0815,2068968529.0,497270.0,223038.0,1.4131353924571208,0.4948620876149269,-0.07379765770205704,0.016,expanded,trend,True,C
1780675200,0.081,2031096007.0,445865.0,210170.0,1.4068478663487032,0.49744417541027697,-0.10320077452309429,0.008,expanded,trend,True,C
1780689600,0.08143,1991858067.0,255266.0,133883.0,1.2729925146205991,0.5162081176791065,-0.12151268482362043,0.004,normal,trend,True,C
1780704000,0.08102,2001204771.0,122199.0,58500.0,1.2688383185087049,0.5503705737029919,-0.11313710027856683,0.008,normal,trend,True,C
1780718400,0.08147,2058566817.0,333906.0,160671.0,1.2852883547472653,0.5057208237986268,-0.0716229449954584,0.024,normal,trend,True,C
1780732800,0.08122,2023400613.0,159788.0,74831.0,1.277317842755506,0.542077771329077,-0.09112699458962759,0.016,normal,trend,True,C
1780747200,0.08164,2037505999.0,160949.0,82046.0,1.084377069429106,0.49999999999999956,-0.08999047309253316,0.028,normal,trend,True,C
1780761600,0.08065,2097602377.0,84370.0,37232.0,1.0781671679487028,0.6250783699059556,-0.056623693422541366,0.048,normal,trend,True,C
1780776000,0.08186,2046091868.0,59020.0,31568.0,1.1564958731133832,0.5877488514548234,-0.07939580318810535,0.032,normal,trend,True,C
1780790400,0.08348,2044613125.0,113705.0,65852.0,1.2562042442319192,0.510550996483001,-0.09048487356940793,0.032,normal,trend,True,C
1780804800,0.0849,2051430948.0,132381.0,71025.0,1.3248409794402036,0.4218934911242599,-0.07956179327635338,0.04,expanded,trend,True,C
1780819200,0.08454,2053872637.0,137639.0,76639.0,1.3231960458071181,0.4203500444971815,-0.08795944672729283,0.044,expanded,trend,True,C
1780833600,0.0846,2028181942.0,110175.0,48997.0,1.2208190815738589,0.3418145296283898,-0.08141877961522348,0.02,normal,trend,True,C
1780848000,0.08331,2033850045.0,84902.0,46238.0,1.2397451537315685,0.35286372613561556,-0.09237073633542914,0.032,normal,trend,True,C
1780862400,0.08622,2016387333.0,219660.0,109428.0,1.3827622379153635,0.2032520325203248,-0.08168243453123158,0.012,expanded,rotation,True,C
1780876800,0.08586,2019515128.0,133529.0,62710.0,1.3809941311709084,0.18202247191011203,-0.10325994344095246,0.02,expanded,rotation,True,C
1780891200,0.08562,2029597519.0,90323.0,42632.0,1.376705606351465,0.29603891591382875,-0.097110058452475,0.032,expanded,rotation,True,C
1780905600,0.08635,2050825900.0,97384.0,53713.0,1.2552291547031744,0.2589559877175024,-0.07380282138760075,0.06,normal,rotation,True,C
1780920000,0.08693,2069827792.0,122730.0,58255.0,1.2359958790725272,0.20334261838440137,-0.07165454233638258,0.084,normal,rotation,True,C
1780934400,0.08676,2058252888.0,74411.0,38335.0,1.2077101151841103,0.1784560143626571,-0.06347809289913997,0.072,normal,rotation,True,C
1780948800,0.08629,2036398298.0,60887.0,26024.0,1.031114364226129,0.18139534883720898,-0.07007602288758163,0.048,normal,rotation,True,C
1780963200,0.08527,1947828617.0,149699.0,50409.0,1.055667266670077,0.20803046036690892,-0.09088074835812487,0.004,normal,rotation,True,C
1780977600,0.08636,1958743466.0,111184.0,60704.0,1.071783079640015,0.08573513316307878,-0.1096622758042416,0.008,normal,rotation,True,C
1780992000,0.08547,1977515049.0,74133.0,30112.0,1.0921249003816473,0.08773207135056402,-0.09141750273910498,0.012,normal,rotation,True,C
1781006400,0.08408,1990171431.0,174054.0,81349.0,1.1510330319221098,0.19853211009174287,-0.0653888257794224,0.016,normal,rotation,True,C
1781020800,0.08516,2013534041.0,166470.0,80109.0,1.1652815037569122,0.13916786226685768,-0.04032397861189174,0.028,normal,rotation,True,C
1781035200,0.08476,2023146132.0,75922.0,27494.0,1.1716702107061723,0.13513513513513514,-0.03018142207416752,0.044,normal,rotation,True,C
1781049600,0.08389,2024499828.0,46777.0,22574.0,1.1631891530162421,0.07692307692307643,-0.017141251733480578,0.052,normal,rotation,True,C
1781064000,0.0842,1991858040.0,50964.0,26847.0,1.133613802182691,0.029562475364603887,-0.01980674521164294,0.02,normal,rotation,True,C
1781078400,0.08325,2014568966.0,93203.0,42821.0,1.0949655880581528,0.028796844181459353,-0.002232483490901882,0.036,normal,rotation,True,C
1781092800,0.08508,1982081978.0,164469.0,89231.0,1.1287682778874364,0.14493927125506073,-0.041995105185091974,0.016,normal,rotation,True,C
1781107200,0.08312,1970435915.0,96729.0,47034.0,1.215707721805418,0.08103975535168183,-0.02986569408385431,0.012,normal,rotation,True,C
1781121600,0.0829,1955089388.0,91999.0,43128.0,1.2157511963769647,0.0566473988439306,-0.01845948745503667,0.008,normal,rotation,True,C
1781136000,0.08498,1935486828.0,77435.0,38818.0,1.2763927065595788,0.1433743664011588,-0.03283918964832411,0.004,normal,rotation,True,C
1781150400,0.08482,1950038873.0,96532.0,66462.0,1.0783911756922897,0.12257592389315801,-0.0527201464163114,0.012,normal,rotation,True,C
1781164800,0.08527,1963370493.0,62162.0,31381.0,1.0823625969619572,0.14711224119142763,-0.029667936054934896,0.024,normal,rotation,True,C
1781179200,0.08491,1947402209.0,105157.0,50886.0,1.0840150104912734,0.11903895158354566,-0.04422258881408081,0.008,normal,rotation,True,C
1781193600,0.08645,1985760004.0,169925.0,89380.0,1.1298490477384509,0.20699500356887965,-0.05331914867485865,0.044,normal,rotation,True,C
1781208000,0.08603,1966271857.0,60441.0,33896.0,1.1251714941346058,0.1531399192067572,-0.03901096145698579,0.032,normal,rotation,True,C
1781222400,0.08653,1977073505.0,60036.0,33311.0,1.131325379708095,0.11681348142474152,-0.03303295825218766,0.04,normal,rotation,True,C
1781236800,0.0859,2041041672.0,225250.0,108476.0,1.1354107934738487,0.03949447077409173,-0.005064404439315329,0.132,normal,rotation,True,C
1781251200,0.08689,2070632830.0,91634.0,47455.0,1.1306990982652547,0.09055876685934473,0.008160288373324276,0.176,normal,rotation,True,C
1781265600,0.08738,2245538655.0,568787.0,273305.0,1.1095296837399977,0.10538286580743021,0.10716825177215772,0.416,normal,rotation,True,C
1781280000,0.08738,2300889687.0,144109.0,73947.0,1.0868584760074922,0.16221602231964968,0.13129760606318452,0.568,normal,rotation,True,C
1781294400,0.08594,2257760137.0,102826.0,42389.0,1.088281201636006,0.011854360711261775,0.11970557444480834,0.476,normal,rotation,True,C
1781308800,0.08625,2287108860.0,70912.0,30964.0,1.0634263672228583,0.016546457361051703,0.1325039502254226,0.548,normal,rotation,False,A
1781323200,0.08703,2257364891.0,84363.0,47415.0,1.0694195447410646,0.058481957693902874,0.11222292590908522,0.476,normal,rotation,False,A
1781337600,0.08792,2235809908.0,75016.0,43136.0,1.0547578980736356,0.06468891635764341,0.090199761959316,0.376,normal,rotation,False,A
1781352000,0.08831,2300858290.0,105411.0,54011.0,1.0552299193066086,0.057308970099668156,0.11161822200520533,0.584,normal,rotation,False,A
1781366400,0.08758,2206791618.0,87714.0,34487.0,1.0394456233488858,0.033279220779220894,0.07216738568229819,0.272,normal,rotation,False,A
1781380800,0.08783,2210919476.0,49295.0,28831.0,0.9626298708463059,0.06306306306306317,0.08570090545223974,0.3,normal,rotation,False,A
1781395200,0.08802,2209719311.0,37817.0,20208.0,0.8169325446559147,0.11657481983891517,0.1344526370104151,0.296,compressed,rotation,False,A
1781409600,0.08713,2204810839.0,33686.0,15230.0,0.8494993598245376,0.03292005130397584,0.12562511491231687,0.264,compressed,rotation,False,A
1781424000,0.08698,2221184270.0,32916.0,15858.0,0.7190995407101017,0.06666666666666675,0.12321990728880672,0.336,compressed,rotation,False,A
1781438400,0.08625,2238282282.0,128126.0,55445.0,0.7410414759578251,0.09868121873578888,0.12466807991275997,0.408,compressed,rotation,False,A
1781452800,0.08636,2220178238.0,42836.0,18490.0,0.7366236712557159,0.05708848715509083,0.1026276153232415,0.332,compressed,rotation,False,A
1781467200,0.08886,2156066459.0,159917.0,88391.0,0.9079269117208929,0.17733564013840838,0.06569981520247392,0.2,normal,rotation,False,A
1781481600,0.08893,2164472954.0,136687.0,77136.0,0.8490956924294641,0.22580645161290322,0.0691396087389542,0.204,compressed,rotation,False,A
1781496000,0.08848,2185994144.0,66727.0,28976.0,0.8497052304610593,0.19056099732858484,0.09746482937107315,0.216,compressed,rotation,False,A
1781510400,0.08967,2164685138.0,128137.0,70190.0,0.8776758697078043,0.28281938325991224,0.074515280704468,0.208,normal,rotation,False,A
1781524800,0.09065,2271459685.0,347422.0,151235.0,0.8738943448209788,0.2549199084668194,0.1459968408027168,0.564,normal,rotation,False,A
1781539200,0.08895,2267664881.0,123514.0,58935.0,0.9497245756337883,0.2700324224177868,0.15084426940116957,0.56,normal,rotation,False,A
1781553600,0.08808,2258684045.0,106309.0,50440.0,0.9695379878011956,0.232913669064749,0.15528428462832,0.536,normal,rotation,False,A
1781568000,0.08742,2238572464.0,103787.0,45220.0,0.9831078921827693,0.11719500480307414,0.1565940060223443,0.432,normal,rotation,False,A
1781582400,0.08779,2256826786.0,112706.0,56295.0,0.9261213447969963,0.14122681883024277,0.1573239986380517,0.528,normal,rotation,False,A
1781596800,0.08817,2290607330.0,127984.0,65465.0,0.9301056115446802,0.13835877862595442,0.16667095597427828,0.64,normal,rotation,False,A
1781611200,0.08713,2219991395.0,122083.0,59172.0,0.9500160323729234,0.10258780036968593,0.13997580198903847,0.348,normal,rotation,False,A
1781625600,0.08726,2241196578.0,107684.0,56205.0,0.9284834817215061,0.04003954522985696,0.12863416197600075,0.46,normal,rotation,False,A
1781640000,0.08712,2219185565.0,37649.0,14880.0,0.9238113479158345,0.05463659147869721,0.12862601226764148,0.348,normal,rotation,False,A
1781654400,0.08744,2226476075.0,58825.0,26796.0,0.9135819870051992,0.046029337379868966,0.12614734321676124,0.4,normal,rotation,False,A
1781668800,0.08685,2209659374.0,56456.0,27432.0,0.9210185878358593,0.04815002534211826,0.08261355185108643,0.316,normal,rotation,False,A
1781683200,0.08578,2202303277.0,80637.0,28321.0,0.9492443913584726,0.05603230691569915,0.06358947134050807,0.28,normal,rotation,False,A
1781697600,0.08723,2139205303.0,65975.0,30325.0,0.9955697431151991,0.007221954742416822,-0.047353160348958645,0.196,normal,rotation,False,A
1781712000,0.08537,2118822363.0,130536.0,59836.0,1.0837733269411713,0.08882015024304013,-0.07912909733512141,0.192,normal,rotation,False,A
1781726400,0.08588,2104108347.0,49711.0,24825.0,1.0801427123976084,0.002764976958525553,-0.06805496628360397,0.192,normal,rotation,False,A
1781740800,0.08528,2114616773.0,33197.0,14358.0,1.086035871311389,0.044110959527057673,-0.07541927278441829,0.196,normal,rotation,False,A
1781755200,0.08488,2149322005.0,68948.0,30287.0,0.90345912813284,0.09949097639981484,-0.04786239319604979,0.216,normal,rotation,False,A
1781769600,0.08449,2151710928.0,36991.0,16265.0,0.9041333030157135,0.1624822359071531,-0.03761454840104417,0.22,normal,rotation,False,A
1781784000,0.08194,2097007400.0,141692.0,62991.0,1.062245753711655,0.2737430167597766,-0.08859775975164463,0.184,normal,rotation,False,A
1781798400,0.08285,2105181051.0,78417.0,35878.0,1.047593654770292,0.20170575692963805,-0.04604447749900775,0.2,normal,rotation,False,A
1781812800,0.08348,2094605335.0,38094.0,17051.0,1.0301571243555734,0.18254301300881268,-0.052608944949200875,0.184,normal,rotation,False,A
1781827200,0.08285,2061124163.0,47780.0,20565.0,0.9881879438602837,0.21302018953440482,-0.0672461643704213,0.168,normal,rotation,False,A
1781841600,0.0823,2042870708.0,42635.0,19749.0,0.9834414371519912,0.20183869619724193,-0.07344853723299394,0.136,normal,rotation,False,A
1781856000,0.08235,2041480235.0,33528.0,15299.0,0.9854059321426261,0.1942929080990345,-0.08090460455133697,0.136,normal,rotation,False,A
1781870400,0.08318,2025159219.0,60093.0,28627.0,1.0097811131190644,0.12829084830756324,-0.09521724078947069,0.104,normal,rotation,False,A
1781884800,0.08288,2014249172.0,21737.0,10145.0,1.00024733827277,0.14427860696517456,-0.09275339361289603,0.076,normal,rotation,False,A
1781899200,0.0835,2004988515.0,30297.0,18485.0,1.0035319939514273,0.2410071942446036,-0.0700710979336282,0.072,normal,rotation,False,A
1781913600,0.08324,2005576761.0,35510.0,16715.0,1.0007627423044816,0.2536781096745427,-0.07341103186637465,0.076,normal,rotation,False,A
1781928000,0.08405,2042297021.0,60813.0,29261.0,1.0294139871584123,0.19438350153576106,-0.06573536502575372,0.156,normal,rotation,False,A
1781942400,0.08382,2026674666.0,25003.0,12598.0,1.0230574445080178,0.2679798442510299,-0.06375544857646631,0.12,normal,rotation,False,A
1781956800,0.0837,1991324283.0,54699.0,28894.0,1.017871037412731,0.33142584644730466,-0.12332836186788854,0.06,normal,rotation,False,A
1781971200,0.08329,1992419560.0,27545.0,13425.0,0.9959890784820309,0.2876016260162592,-0.12137830563333574,0.072,normal,rotation,False,A
1781985600,0.08366,2030393637.0,22656.0,13647.0,0.9292612903175921,0.23044838373305496,-0.1010723073487686,0.14,normal,rotation,False,A
1782000000,0.08363,2043367791.0,12659.0,6423.0,0.8342011559684294,0.20431266846361137,-0.08720051556928288,0.18,compressed,rotation,False,A
1782014400,0.08346,2046295037.0,28847.0,14374.0,0.8212396412203371,0.23596730245231567,-0.09328662275102928,0.192,compressed,rotation,False,A
1782028800,0.08299,2028933913.0,35475.0,15037.0,0.8177843113337336,0.2809110629067239,-0.11423757078433872,0.136,compressed,rotation,False,A
1782043200,0.0834,2070164763.0,26293.0,13978.0,0.8238750313734224,0.20943290286355892,-0.06748973547260073,0.236,compressed,rotation,False,A
1782057600,0.08359,2060540221.0,36499.0,15895.0,0.8222658223943173,0.20537213206491303,-0.08060710014166372,0.224,compressed,rotation,False,A
1782072000,0.08221,2026240433.0,45882.0,21320.0,0.6322021555336743,0.25693354264782764,-0.08694411816796399,0.128,compressed,rotation,False,A
1782086400,0.08288,2013555111.0,49842.0,24898.0,0.6134294369794975,0.23432682425488185,-0.09563137299824787,0.092,compressed,rotation,False,A
1782100800,0.08348,2033125927.0,24461.0,12154.0,0.6115923291844836,0.17308680020544392,-0.0798917014437538,0.164,compressed,rotation,False,A
1782115200,0.0842,2054526337.0,47012.0,25448.0,0.6127276563396918,0.08263598326359811,-0.06710108527891001,0.224,compressed,rotation,False,A
1782129600,0.08359,2006851136.0,90028.0,43763.0,0.6159719026277785,0.19912472647702412,-0.06187071751102513,0.088,compressed,rotation,False,A
1782144000,0.08271,2019283031.0,59976.0,25375.0,0.6565781109688661,0.15375722543352568,-0.04697861120318936,0.116,compressed,rotation,False,A
1782158400,0.08241,2040191396.0,62404.0,33731.0,0.6268226401362444,0.20304271503803373,-0.030377214695779142,0.188,compressed,rotation,False,A
1782172800,0.08217,2090548219.0,76811.0,33931.0,0.6255035427531966,0.18589360430364532,-0.011381993327260864,0.28,compressed,rotation,False,A
1782187200,0.07995,2104919441.0,143187.0,65318.0,0.8033811553672648,0.26576819407008073,-0.02065887005144207,0.304,compressed,rotation,False,A
1782201600,0.07953,2117306986.0,155452.0,79580.0,0.8055918696357051,0.26695371367061294,-0.015989109667244317,0.316,compressed,rotation,False,A
1782216000,0.07879,2143062079.0,123505.0,62672.0,0.7759822613898686,0.1878354203935597,0.021962096557217592,0.336,compressed,rotation,False,A
1782230400,0.07843,2166750295.0,70600.0,37407.0,0.77636386594761,0.27250308261405587,0.02924653153739598,0.36,compressed,rotation,False,A
1782244800,0.07882,2177579420.0,37244.0,18274.0,0.7932554601947966,0.291614518147684,0.03961323100516223,0.368,compressed,rotation,False,A
1782259200,0.07905,2143080174.0,50117.0,23119.0,0.8007322899003915,0.24390243902438993,0.03976277240897108,0.34,compressed,rotation,False,A
1782273600,0.07882,2168474611.0,31160.0,15180.0,0.7872822317500727,0.2280471821756222,0.06148401977086837,0.368,compressed,rotation,False,A
1782288000,0.07898,2174267191.0,57852.0,23840.0,0.7935526129083729,0.21925829538061242,0.06504444849548108,0.372,compressed,rotation,False,A
1782302400,0.07473,2189136822.0,348779.0,155448.0,1.3163755022897952,0.449707291112294,0.08097022765497441,0.396,expanded,trend,False,B
1782316800,0.07409,2107592535.0,280488.0,130829.0,1.3178226840854204,0.45948771562990076,0.04634151737409775,0.312,expanded,trend,False,B
1782331200,0.07609,2063334541.0,100507.0,58763.0,1.456219727137964,0.36128717698683616,0.029100429036622133,0.26,expanded,trend,True,C
1782345600,0.07601,2038657868.0,76224.0,40608.0,1.4483826966806788,0.3556320708312843,0.01649456038945396,0.188,expanded,trend,True,C
1782360000,0.07731,2028280914.0,67187.0,35275.0,1.4868683837515138,0.3237271853986553,-0.006862913110031954,0.152,expanded,trend,True,C
1782374400,0.07591,2031257825.0,53249.0,22172.0,1.4968934888932846,0.35970895861755375,0.0022614182122508986,0.172,expanded,trend,True,C
1782388800,0.07339,2004794889.0,318656.0,148454.0,1.58482412774652,0.42271422714227175,0.0067646470818434334,0.08,expanded,trend,True,C
1782403200,0.07335,2007812602.0,130166.0,58109.0,1.5586805312917478,0.4138218151540387,0.0077258034949225785,0.096,expanded,trend,True,C
1782417600,0.07488,1984805016.0,49230.0,26861.0,1.6529583566741577,0.3486894360603653,-0.02245309489216052,0.052,expanded,trend,True,C
1782432000,0.07463,1984720268.0,146035.0,76243.0,1.6499274148519767,0.3543307086614172,-0.028701403270773196,0.052,expanded,trend,True,C
1782446400,0.07506,1975093610.0,170362.0,48562.0,1.6641274043217118,0.32735775526110694,-0.03479528890632788,0.04,expanded,trend,True,C
1782460800,0.07343,1996420841.0,65469.0,25823.0,1.6988601556119645,0.3564504101416853,-0.016024707257185078,0.088,expanded,trend,True,C
1782475200,0.07495,2057024905.0,158557.0,66867.0,1.7103952300638585,0.3025420694593627,-0.00634725227423838,0.276,expanded,trend,True,C
1782489600,0.0755,2062100704.0,82027.0,39756.0,1.7225363796397282,0.2859667727112054,0.0007573174180715014,0.3,expanded,trend,True,C
1782504000,0.07574,2061555273.0,45198.0,23981.0,1.7200865147632791,0.23830570902394113,0.01742875101337993,0.3,expanded,trend,True,C
1782518400,0.07561,2072931768.0,45572.0,21313.0,1.7192136758790806,0.2732055618188648,0.02948846876632616,0.328,expanded,trend,True,C
1782532800,0.07578,2078805578.0,35867.0,16580.0,1.7155539712922219,0.2941176470588232,0.022467693905907193,0.332,expanded,trend,True,C
1782547200,0.07529,2059619873.0,45868.0,18188.0,1.7145966448328862,0.343352601156069,0.002479177759014517,0.288,expanded,trend,True,C
1782561600,0.07619,2012965008.0,58831.0,30476.0,1.7382274927164527,0.2820121951219511,0.003046500007063857,0.116,expanded,trend,True,C
1782576000,0.07472,2029799588.0,54769.0,25424.0,1.7695112695264505,0.2978009690644801,0.005208064861908834,0.192,expanded,trend,True,C
1782590400,0.07445,2014112258.0,37451.0,17512.0,1.3843758230537417,0.29701492537313395,-0.012782691884266728,0.128,expanded,trend,True,C
1782604800,0.07424,2025089760.0,87314.0,37536.0,1.3744087584370819,0.29622711991034734,-0.03131162362344919,0.168,expanded,trend,True,C
1782619200,0.07373,2024184940.0,44928.0,21490.0,1.2610898383936573,0.24820430965682308,-0.03835515004870915,0.164,normal,trend,False,B
1782633600,0.0738,2054593700.0,55583.0,19846.0,1.2620711569407124,0.23188992310805315,-0.02961936384977293,0.296,normal,trend,False,B
1782648000,0.07355,2072094038.0,42501.0,23896.0,1.201258919409432,0.21635012386457433,-0.03311525209438415,0.356,normal,rotation,False,A
1782662400,0.0729,2046082665.0,49568.0,22369.0,1.1634931401274402,0.22562219502243938,-0.05569060277894178,0.272,normal,rotation,False,A
1782676800,0.07316,2048740100.0,52563.0,25689.0,0.9575934075860161,0.2321575061525839,-0.05916630126858935,0.284,normal,rotation,False,A
1782691200,0.07326,2059170746.0,86792.0,48986.0,0.9585135246942509,0.2387628865979375,-0.03915365790696734,0.32,normal,rotation,False,A
1782705600,0.07275,2069467977.0,56222.0,25924.0,0.863161844337246,0.24745209947003655,-0.0456572714745056,0.356,normal,rotation,False,A
1782720000,0.0728,2094661749.0,62423.0,28214.0,0.8646753889175353,0.25307125307125217,-0.03661253884964688,0.396,normal,rotation,False,A
1782734400,0.07279,2138145013.0,115967.0,58501.0,0.8527713610702322,0.09613478691774054,-0.02329311191861172,0.444,normal,rotation,False,A
1782748800,0.07387,2175710712.0,85268.0,39833.0,0.7961873883871738,0.0106692531522792,0.032320373064900876,0.496,compressed,rotation,False,A
1782763200,0.07339,2171212245.0,36645.0,17376.0,0.6819686023505921,0.14136125654450238,0.05228318620000261,0.492,compressed,rotation,False,A
1782777600,0.0724,2189624044.0,68676.0,27602.0,0.7028029912474485,0.18040979510244756,0.07405174667591652,0.528,compressed,rotation,False,A
1782792000,0.07236,2235373788.0,52980.0,22847.0,0.6948597988554339,0.2639999999999995,0.10210265874443869,0.736,compressed,rotation,False,A
1782806400,0.07139,2260751391.0,146282.0,60708.0,0.7302438436338157,0.2467248908296939,0.11298101263929894,0.86,compressed,rotation,False,A
1782820800,0.07069,2322501129.0,308926.0,150799.0,0.7346723117413901,0.16363636363636272,0.158473189323858,0.96,compressed,rotation,False,A
1782835200,0.07225,2268217917.0,119164.0,51364.0,0.8895786087806354,0.06104328523862379,0.1296960257847808,0.872,normal,rotation,False,A
1782849600,0.07204,2253705719.0,29806.0,13837.0,0.8391975419623785,0.17005988023952032,0.13547965711106413,0.828,compressed,rotation,False,A
1782864000,0.07229,2183050235.0,80111.0,42416.0,0.768967165214771,0.14011976047904226,0.09992842326332307,0.516,compressed,rotation,False,A
1782878400,0.07145,2140505416.0,60398.0,24094.0,0.7944405568322545,0.21098772647574512,0.08374884368138891,0.452,compressed,rotation,False,A
1782892800,0.07111,2202475035.0,79627.0,30272.0,0.7962020656782638,0.1466498103666238,0.10321180272631714,0.596,compressed,rotation,False,A
1782907200,0.07333,2185230143.0,123221.0,66400.0,1.0258273849216983,0.09806295399515721,0.062325564308128856,0.524,normal,rotation,False,A
1782921600,0.0728,2157569079.0,49590.0,19785.0,1.0345263018002275,0.16363636363636327,0.04629665991326881,0.48,normal,rotation,False,A
1782936000,0.07218,2138639659.0,73353.0,36164.0,1.0435959442828056,0.21090047393364966,0.0373913748564334,0.448,normal,rotation,False,A
1782950400,0.07337,2164944946.0,93009.0,39703.0,1.082143441898809,0.12486064659977651,0.04438794340480201,0.496,normal,rotation,False,A
1782964800,0.0725,2161921175.0,56599.0,29706.0,1.1061387103600493,0.17596566523605162,0.03998238117100139,0.488,normal,rotation,False,A
1782979200,0.07414,2191283813.0,148801.0,80278.0,1.1947270393405398,0.05811015664476995,0.06392633015733185,0.568,normal,rotation,False,A
1782993600,0.0745,2259338740.0,182994.0,91043.0,1.1836663088901151,0.08779220779220756,0.12239344997098933,0.884,normal,rotation,False,A
1783008000,0.07418,2285970473.0,43217.0,19085.0,1.1871903519975915,0.02983425414364631,0.1262050137927213,0.94,normal,rotation,False,A
1783022400,0.07415,2279468520.0,49865.0,24933.0,1.1841197288181018,0.016797312430011653,0.13174849661234722,0.936,normal,rotation,False,A
1783036800,0.07476,2301117894.0,73067.0,38342.0,1.155374031998615,0.028477546549835264,0.1363041478220699,0.972,normal,rotation,False,A
1783051200,0.07527,2314551123.0,61916.0,35604.0,1.1499315810152109,0.08433734939759016,0.14344844547652835,0.992,normal,rotation,False,A
1783065600,0.07588,2342331652.0,130332.0,56605.0,1.113221036006078,0.11063829787234011,0.14004615705771895,1.0,normal,rotation,False,A
1783080000,0.07632,2366729910.0,120324.0,62230.0,1.111074426211508,0.1458662453923112,0.14219232650482638,1.0,normal,rotation,False,A
1783094400,0.07716,2361644866.0,67818.0,37143.0,1.0658572022237598,0.22210636079249166,0.15422749354068732,0.996,normal,rotation,False,A
1783108800,0.07751,2352616254.0,83160.0,41157.0,1.0250779213685008,0.22573949143746674,0.1483234276519505,0.992,normal,rotation,False,A
1783123200,0.07729,2399232390.0,84341.0,42472.0,0.9702216181206447,0.20783909231562586,0.16514494713980366,1.0,normal,rotation,False,A
1783137600,0.0769,2419354520.0,115091.0,54738.0,0.9789519343031774,0.2153606642449401,0.16907076934198928,1.0,normal,rotation,False,A
1783152000,0.07688,2405481799.0,52959.0,20870.0,0.9847168968647622,0.212058212058212,0.14838675034209547,0.996,normal,rotation,False,A
1783166400,0.07854,2414967641.0,111561.0,65454.0,0.9995534020989112,0.27525131641933975,0.1294685937188116,0.996,normal,rotation,False,A
1783180800,0.07853,2406844027.0,71555.0,32859.0,0.9860122482935085,0.23511604439959652,0.10623347751389844,0.992,normal,rotation,False,A
1783195200,0.07762,2380372494.0,38366.0,15806.0,0.8814218025073095,0.208888888888889,0.0963333960010897,0.98,normal,rotation,False,A
1783209600,0.07593,2340733737.0,86521.0,35733.0,0.9934009245048709,0.16849642004773244,0.06901170701612913,0.96,normal,rotation,False,A
1783224000,0.07613,2375493963.0,69342.0,33647.0,0.971715869005157,0.17858834675509302,0.06268310729605808,0.976,normal,rotation,False,A
1783238400,0.07588,2385499587.0,37124.0,18467.0,0.9370303490327626,0.22020598332516003,0.055179970914369436,0.98,normal,rotation,False,A
1783252800,0.07713,2367839327.0,66865.0,36987.0,0.9350459317316674,0.30754536771728774,0.019521281360806553,0.968,normal,rotation,False,A
1783267200,0.07727,2353471074.0,41499.0,22490.0,0.8434565120790153,0.25717213114754156,0.03758596401211656,0.956,compressed,rotation,False,A
1783281600,0.07785,2318905147.0,87340.0,47851.0,0.8495690514767987,0.292106586224233,0.028929876447635783,0.936,compressed,rotation,False,A
1783296000,0.07744,2332224620.0,70122.0,34918.0,0.8547480328139817,0.2568578553615958,0.06833300608861159,0.94,normal,rotation,False,A
1783310400,0.07688,2317153262.0,54632.0,21944.0,0.8752738951674509,0.274658573596358,0.08252623173928009,0.928,normal,rotation,False,A
1783324800,0.07669,2320222592.0,41390.0,18418.0,0.8684923714362701,0.28440366972476944,0.05346147181187,0.932,normal,rotation,False,A
1783339200,0.07622,2316005366.0,302247.0,111664.0,0.8724020917045582,0.16172355903749208,0.05984505724438938,0.92,normal,rotation,False,A
1783353600,0.07692,2312787610.0,88329.0,33725.0,0.8764961841515077,0.22838137472283754,0.07194139576376446,0.912,normal,rotation,False,A
1783368000,0.07663,2290325885.0,72515.0,34555.0,0.8739212649594194,0.2512704686617731,0.07092650010564494,0.884,normal,rotation,False,A
1783382400,0.0751,2300960296.0,68115.0,30931.0,0.9323861181678345,0.09584487534626,0.06282623964701961,0.896,normal,rotation,False,A
1783396800,0.07494,2333089503.0,93066.0,39976.0,0.9241940492115224,0.14071510957324165,0.0791741761815159,0.94,normal,rotation,False,A
1783411200,0.07477,2376379674.0,71021.0,25152.0,0.9239639556388188,0.039697542533081616,0.08446914083054935,0.972,normal,rotation,False,A
1783425600,0.07516,2380878881.0,106639.0,52746.0,0.9308160888562838,0.041509433962264614,0.053794563359720105,0.976,normal,rotation,False,A
1783440000,0.07471,2347002503.0,57628.0,27641.0,0.9355915752146113,0.033063006862133634,0.026698520703071216,0.94,normal,rotation,False,A
1783454400,0.07414,2345895666.0,32756.0,13291.0,0.8096005717864507,0.0006035003017499164,0.029141506196365352,0.936,compressed,rotation,False,A
1783468800,0.07257,2376660455.0,111830.0,41103.0,0.8871224339949094,0.12492869366799744,0.03282863568049765,0.968,normal,rotation,False,A
1783483200,0.0724,2407093286.0,94964.0,42909.0,0.8724969552875596,0.16695753344967992,0.039982769047698374,0.992,normal,rotation,False,A
1783497600,0.07201,2399415973.0,107576.0,52177.0,0.7826743900036056,0.22804949911608713,0.024370725192249587,0.98,compressed,rotation,False,A
1783512000,0.07182,2415368243.0,68603.0,31388.0,0.7747695506715125,0.2691387559808613,0.02055085913880217,0.996,compressed,rotation,False,A
1783526400,0.07262,2416873309.0,48113.0,23147.0,0.8235203454114339,0.2721822541966426,0.023385583410575395,0.996,compressed,rotation,False,A
1783540800,0.07238,2418717213.0,29871.0,12615.0,0.7253490721433612,0.3095956547978266,0.02809678751798672,0.996,compressed,rotation,False,A
1783555200,0.07224,2423036924.0,38238.0,18768.0,0.7183363503664961,0.3062462098241352,0.00992172917438805,1.0,compressed,rotation,False,A
1783569600,0.07277,2410275102.0,89474.0,44572.0,0.717275474573999,0.24834636199639123,-0.0037528266010390388,0.976,compressed,rotation,False,A
1783584000,0.07246,2449242360.0,45614.0,14986.0,0.716429455187314,0.2612293144208035,0.018192015012623353,1.0,compressed,rotation,False,A
1783598400,0.07261,2458903435.0,61641.0,31503.0,0.7191361994888135,0.3848150551589868,0.018193119135048397,1.0,compressed,trend,False,B
1783612800,0.07303,2416764893.0,48549.0,23675.0,0.7395587504324621,0.34766118836915205,0.004121939722186996,0.976,compressed,trend,False,B
1783627200,0.07287,2418533153.0,25503.0,12245.0,0.7354461137619528,0.315195753151956,0.016031381263305722,0.98,compressed,trend,False,B
1783641600,0.07399,2381723699.0,73759.0,39221.0,0.7837933453186922,0.1337931034482753,0.017511586795230683,0.932,compressed,rotation,False,A
1783656000,0.07373,2382363354.0,38454.0,16482.0,0.7835569818616648,0.16483516483516444,0.0028917737140130573,0.932,compressed,rotation,False,A
1783670400,0.07432,2393365797.0,50916.0,25893.0,0.7061407098072185,0.10469798657718143,0.0032975105268797655,0.936,compressed,rotation,False,A
1783684800,0.07403,2375323358.0,71268.0,37182.0,0.7087334501502818,0.22238163558106175,0.0031607005233256213,0.9,compressed,rotation,False,A
1783699200,0.07413,2382507984.0,38396.0,19730.0,0.708861829298513,0.22589928057553946,0.012337908173499779,0.928,compressed,rotation,False,A
1783713600,0.07408,2396031467.0,19659.0,10418.0,0.6988882166550685,0.2819745699326851,0.03325979939273482,0.936,compressed,rotation,False,A
1783728000,0.07425,2415466278.0,21048.0,9585.0,0.692164780373859,0.24295506473724227,0.035691955777398476,0.968,compressed,rotation,False,A
1783742400,0.07425,2418513860.0,40365.0,16233.0,0.6746722484559123,0.20922832140015904,0.04374358816149804,0.976,compressed,rotation,False,A
1783756800,0.07445,2418367580.0,23933.0,12827.0,0.5018767178578145,0.17806041335452985,0.04229981568940788,0.972,compressed,rotation,False,A
1783771200,0.0753,2431499861.0,73820.0,35267.0,0.5339322487056559,0.07098765432098668,0.04986797383784647,0.992,compressed,rotation,False,A
1783785600,0.07532,2429254018.0,39286.0,18960.0,0.5126515783202646,0.13029315960912058,0.05035758903948806,0.988,compressed,rotation,False,A
1783800000,0.07316,2448168159.0,58335.0,25904.0,0.8069479954556434,0.24522968197879824,0.06891694978158092,0.992,compressed,rotation,False,A
1783814400,0.07337,2407721666.0,85824.0,45595.0,0.7797344534986966,0.13484021823850292,0.04639861460695105,0.932,compressed,rotation,False,A
1783828800,0.07289,2414768173.0,31247.0,13493.0,0.7890987983663038,0.15589353612167334,0.03500880266058104,0.936,compressed,rotation,False,A
1783843200,0.07319,2422955319.0,23878.0,9820.0,0.7909755950235379,0.11897590361445731,0.01959941229492279,0.976,compressed,rotation,False,A
1783857600,0.07369,2422712683.0,56151.0,21419.0,0.7892623003787216,0.10978342046303172,0.01757073924836927,0.972,compressed,rotation,False,A
1783872000,0.07364,2426708250.0,23443.0,9930.0,0.7831329286011323,0.08237105465742864,0.033960657007445993,0.98,compressed,rotation,False,A
1783886400,0.07269,2421838750.0,36834.0,16226.0,0.8293706748122467,0.10845175766641654,0.03237274577069793,0.964,compressed,rotation,False,A
1783900800,0.07205,2396561332.0,86208.0,40685.0,0.8384162257676966,0.04180064308681602,0.008373462417878175,0.888,compressed,rotation,False,A
1783915200,0.07233,2397951141.0,46119.0,23782.0,0.8425670785710474,0.005577689243027917,-0.003798001952467711,0.888,compressed,rotation,False,A
1783929600,0.07225,2387165567.0,34719.0,18646.0,0.7757962076843771,0.019607843137254014,-0.0051055782481448375,0.872,compressed,rotation,False,A
1783944000,0.07204,2382743122.0,55502.0,26933.0,0.7751218328380348,0.017944535073410376,-0.013507307258241563,0.864,compressed,rotation,False,A
1783958400,0.07178,2409702612.0,60361.0,29696.0,0.7519831664194894,0.07167235494880587,-0.0029669312716134044,0.912,compressed,rotation,False,A
1783972800,0.07194,2395060062.0,23104.0,10707.0,0.75453087469425,0.03780068728522289,-0.009780866846627934,0.872,compressed,rotation,False,A
1783987200,0.07202,2417794659.0,48160.0,23397.0,0.754176141486236,0.018998272884283015,-0.002163510158708637,0.94,compressed,rotation,False,A
1784001600,0.07215,2430454885.0,26112.0,12586.0,0.7571768790060932,0.05545617173524092,0.008372398230913625,0.984,compressed,rotation,False,A
1784016000,0.07223,2416937591.0,20298.0,9460.0,0.7555285574424715,0.021004566210045067,-0.01318969879322196,0.932,compressed,rotation,False,A
1784030400,0.07488,2534158289.0,241762.0,122986.0,1.0640700727798273,0.1687732342007437,0.03060504651334539,1.0,normal,rotation,False,A
1784044800,0.07421,2528874995.0,95945.0,42406.0,1.0791252116899195,0.0861313868613137,0.0463885015562413,0.996,normal,rotation,False,A
1784059200,0.07442,2532590623.0,51526.0,29683.0,1.0539894828643706,0.1127272727272721,0.04715977114414183,0.996,normal,rotation,False,A
1784073600,0.074,2521420176.0,58835.0,28303.0,1.0586235970216185,0.0007662835249039147,0.05865351932243579,0.988,normal,rotation,False,A
1784088000,0.07396,2524928822.0,63458.0,29898.0,0.8772127507800731,0.01792673421667913,0.05984203365142937,0.988,normal,rotation,False,A
1784102400,0.07382,2546908961.0,190366.0,52975.0,0.8785296638625322,0.040387722132471576,0.06415365515478699,1.0,normal,rotation,False,A
1784116800,0.07459,2550816214.0,131142.0,70025.0,0.8901551479095937,0.0435458786936238,0.07388166979832311,1.0,normal,rotation,False,A
1784131200,0.0738,2526637768.0,83548.0,36368.0,0.9196645043704068,0.024354243542435088,0.060494984683333586,0.98,normal,rotation,False,A
1784145600,0.07405,2531499444.0,25237.0,13609.0,0.9129801521941692,0.0021818181818173276,0.05653847992639904,0.984,normal,rotation,False,A
1784160000,0.07397,2547354173.0,37739.0,18117.0,0.9144515825357761,0.020497803806735083,0.054601422591253446,0.996,normal,rotation,False,A
1784174400,0.07351,2523186021.0,50176.0,23578.0,0.8842226421089551,0.0524079320113306,0.043279537376726074,0.964,normal,rotation,False,A
1784188800,0.07323,2497185039.0,87377.0,41520.0,0.8686970603791235,0.08591549295774611,0.03259118243720427,0.956,normal,rotation,False,A
1784203200,0.07359,2471666011.0,60312.0,31023.0,0.8738338556264112,0.12472647702406987,0.016519083814991786,0.952,normal,rotation,False,A
1784217600,0.07315,2471970222.0,35314.0,14473.0,0.8897687526301944,0.15357395612172572,0.01758408288449309,0.952,normal,rotation,False,A
1784232000,0.07231,2446266768.0,34557.0,16197.0,0.9290963918084948,0.06635441061670568,-0.0007766586592551361,0.932,normal,rotation,False,A
1784246400,0.0724,2462373768.0,43764.0,18999.0,0.9322995963309897,0.07643814026792702,0.02269867932483849,0.944,normal,rotation,False,A
1784260800,0.07163,2473320384.0,63781.0,27116.0,0.9624280009341719,0.09707241910631674,0.024247549580404426,0.952,normal,rotation,False,A
1784275200,0.07198,2476328087.0,56088.0,28212.0,0.9691843675917078,0.09286262471220243,0.022027962126032197,0.952,normal,rotation,False,A
1784289600,0.07211,2470515516.0,77880.0,47057.0,0.9753608424431072,0.12480252764613003,0.019731119309123635,0.936,normal,rotation,False,A
1784304000,0.07262,2458824995.0,64493.0,29736.0,0.9930733183120288,0.07774390243902358,0.013234695600511603,0.924,normal,rotation,False,A
1784318400,0.07252,2458219578.0,22146.0,9842.0,0.594817015902192,0.013854930725346591,0.015021986083920691,0.92,compressed,rotation,False,A
1784332800,0.07265,2460712679.0,22796.0,13569.0,0.5761621503790063,0.05102040816326532,0.02676808064263625,0.928,compressed,rotation,False,A
1784347200,0.07227,2456776367.0,23283.0,11168.0,0.5765072356384875,0.0050590219224286815,0.024531453120211877,0.912,compressed,rotation,False,A
1784361600,0.07221,2478541124.0,22057.0,9130.0,0.5696467312021017,0.0033783783783782237,0.03827784643979837,0.952,compressed,rotation,False,A
1784376000,0.07214,2489571051.0,30267.0,17606.0,0.570559109343686,0.008547008547007554,0.04483401001713183,0.952,compressed,rotation,False,A
1784390400,0.07235,2511550315.0,19180.0,11567.0,0.5779934964995047,0.04892703862660927,0.04226567315519025,0.956,compressed,rotation,False,A
1784404800,0.07249,2517567910.0,17919.0,9415.0,0.524658632068967,0.04729148753224353,0.05115021954718735,0.956,compressed,rotation,False,A
1784419200,0.0724,2517318830.0,21114.0,10713.0,0.4826760129840185,0.03264604810996594,0.04116320243720084,0.952,compressed,rotation,False,A
1784433600,0.07244,2516004104.0,13147.0,7102.0,0.47445295502477386,0.025108225108224885,0.03519885085215235,0.948,compressed,rotation,False,A
1784448000,0.0725,2531518244.0,26173.0,13824.0,0.47665354191372444,0.023417172593234305,0.047407369320029646,0.98,compressed,rotation,False,A
1784462400,0.07243,2524150587.0,31761.0,15790.0,0.46231549707355263,0.27374301675977614,-0.003949122690338758,0.96,compressed,rotation,False,A
1784476800,0.07225,2535220820.0,39145.0,23067.0,0.4596048380267866,0.23167848699763532,0.002509347046630195,0.988,compressed,rotation,False,A
1784491200,0.07237,2545267209.0,29651.0,14783.0,0.44571787468332985,0.2449223416965335,0.005005382980129536,0.988,compressed,rotation,False,A
1784505600,0.0727,2550246154.0,37693.0,20270.0,0.44458958357601364,0.15700483091787315,0.011432437272604679,0.996,compressed,rotation,False,A
1784520000,0.07182,2550101717.0,70980.0,35244.0,0.4534199129016973,0.23464912280701672,0.009969744406521652,0.992,compressed,rotation,False,A
1784534400,0.07288,2546195756.0,70414.0,34366.0,0.557578095948773,0.09362549800796731,-0.00028002767704737863,0.98,compressed,rotation,False,A
1784548800,0.07334,2504127291.0,109491.0,54299.0,0.5117787285386474,0.1284686536485093,-0.0183035229052374,0.912,compressed,rotation,False,A
1784563200,0.07213,2562047979.0,181251.0,96514.0,0.636479463300133,0.1645320197044332,0.01401475567589161,1.0,compressed,rotation,False,A
1784577600,0.07214,2586886914.0,70705.0,41300.0,0.6390616257724046,0.19273461150353183,0.02187931351566208,1.0,compressed,rotation,False,A
1784592000,0.07276,2625454293.0,43815.0,23119.0,0.6491688864303408,0.11578947368420899,0.030659309501521737,1.0,compressed,rotation,False,A
1784606400,0.07332,2662514084.0,86859.0,40043.0,0.6710060399959447,0.018009478672986613,0.0552191007085483,1.0,compressed,rotation,False,A
1784620800,0.07364,2701849768.0,113371.0,58462.0,0.6776245287896131,0.038715769593955805,0.08195817522675775,1.0,compressed,rotation,False,A
1784635200,0.07346,2718321055.0,88314.0,45637.0,0.6699331358741578,0.01248799231508209,0.09979303146229168,1.0,compressed,rotation,False,A
1784649600,0.07352,2729709717.0,54233.0,21772.0,0.6709216796119144,0.03688933200398738,0.1042648057432789,1.0,compressed,rotation,False,A
1784664000,0.07335,2714068166.0,29653.0,11439.0,0.6748011217621064,0.11111111111111045,0.10947350530332667,0.992,compressed,rotation,False,A
1784678400,0.07321,2715116993.0,42902.0,21810.0,0.6770546734097297,0.08607863974495085,0.10264210425100662,0.992,compressed,rotation,False,A
1784692800,0.07218,2703983195.0,80813.0,39618.0,0.7531881267573041,0.0568769389865556,0.09326038490288857,0.984,compressed,rotation,False,A
1784707200,0.07261,2693832768.0,61480.0,36652.0,0.7688751853203204,0.06461538461538352,0.08783354763927931,0.976,compressed,rotation,False,A
1784721600,0.07304,2715339177.0,97031.0,54634.0,0.7829823753932706,0.09253731343283543,0.09909820821380344,0.992,compressed,rotation,False,A
1784736000,0.07247,2706335301.0,105640.0,63408.0,0.8059152305261805,0.014836795252225227,0.10066202617238318,0.98,compressed,rotation,False,A
1784750400,0.07296,2711170948.0,41906.0,24038.0,0.8237457196604742,0.04190476190476148,0.10290023408153015,0.98,compressed,rotation,False,A
1784764800,0.07233,2735892967.0,49540.0,22994.0,0.8511195982883156,0.029090909090909178,0.11182950790980994,1.0,normal,rotation,False,A
1784779200,0.07217,2744178564.0,46618.0,24637.0,0.852155910048484,0.009276437847866687,0.11698345883673178,1.0,normal,rotation,False,A
1784793600,0.07234,2739710149.0,62646.0,39108.0,0.8472009955688655,0.01193755739210332,0.10537207652964486,0.996,compressed,rotation,False,A
1784808000,0.06972,2835978797.0,529015.0,254107.0,1.1660151369957017,0.18005952380952328,0.1391435467812241,1.0,normal,rotation,False,A
1784822400,0.06919,2886814674.0,115755.0,54727.0,1.1062802857230947,0.2296511627906975,0.1494154255078104,1.0,normal,rotation,False,A
1784836800,0.06916,2894106065.0,56649.0,26846.0,1.0871165550229926,0.243956043956044,0.14956424949029468,1.0,normal,rotation,False,A
1784851200,0.06937,2890059168.0,81632.0,34758.0,1.0429409555637308,0.22004357298474975,0.14807037295311543,0.996,normal,rotation,False,A
1784865600,0.07001,2814555153.0,145841.0,74654.0,1.0728979797310918,0.16910229645093947,0.118660795713869,0.984,normal,rotation,False,A
1784880000,0.06943,2835954769.0,61938.0,25809.0,1.0551458836830503,0.20617864338482111,0.1202584756090741,0.984,normal,rotation,False,A
1784894400,0.06917,2880177950.0,175202.0,80091.0,1.027556532748528,0.21618037135278473,0.14104838468577463,0.988,normal,rotation,False,A
1784908800,0.0692,2879668766.0,65760.0,26528.0,1.0161746308818744,0.20428667113194854,0.13586506677552457,0.984,normal,rotation,False,A
1784923200,0.06953,2856981190.0,59128.0,31348.0,1.0319415609226064,0.18758256274768867,0.12246807718175412,0.98,normal,rotation,False,A
1784937600,0.06964,2848910846.0,30255.0,13727.0,1.0335370125521945,0.2050938337801611,0.11711210368126679,0.976,normal,rotation,False,A
1784952000,0.06932,2817909232.0,56111.0,25093.0,1.0343783655842307,0.17409470752089057,0.10501836582230739,0.964,normal,rotation,False,A
1784966400,0.0694,2807940649.0,53642.0,24571.0,1.0382236123370967,0.2600896860986547,0.10279841696507797,0.956,normal,rotation,False,A
1784980800,0.07118,2778974543.0,125971.0,63429.0,1.180120966998267,0.14693877551020493,0.10975770001302232,0.952,normal,rotation,False,A
1784995200,0.07278,2733760156.0,266302.0,133452.0,1.2840644096613854,0.0430748840291583,0.06702145252838765,0.936,normal,rotation,False,A
1785009600,0.0717,2727311415.0,77070.0,30277.0,1.3195444984836717,0.027227722772277013,0.05428320049092017,0.928,expanded,rotation,False,A
1785024000,0.07269,2776391570.0,84460.0,44568.0,1.3424480338193283,0.0042347247428917555,0.05748996560421182,0.948,expanded,rotation,False,A
1785038400,0.07323,2806670620.0,172681.0,85361.0,1.3377573002144736,0.005451241671713686,0.054143013502271575,0.952,expanded,rotation,False,A
1785052800,0.07319,2819675286.0,68948.0,31498.0,1.3191929795043895,0.02772643253234705,0.04360920410730995,0.964,expanded,rotation,False,A
1785067200,0.07306,2814574608.0,61853.0,28233.0,1.3187322480007062,0.024721878862793444,0.03540919231117101,0.956,expanded,rotation,False,A
1785081600,0.07261,2807649172.0,55395.0,29560.0,1.3233718306128388,0.05491852745926425,0.028552286902380652,0.944,expanded,rotation,False,A
1785096000,0.07336,2785513889.0,55297.0,29477.0,1.0038182201930923,0.0005830903790085208,0.02632421834315868,0.936,normal,rotation,False,A
1785110400,0.07283,2796491963.0,45252.0,20153.0,1.0018123693673253,0.021664766248574233,0.0299710731470495,0.936,normal,rotation,False,A
1785124800,0.07283,2787961577.0,75500.0,32040.0,1.0014194588630148,0.039370078740158264,0.031057286951814866,0.932,normal,rotation,False,A
1785139200,0.07254,2767319065.0,54626.0,22651.0,1.0120947896064527,0.004276114844227287,0.027279457683098363,0.916,normal,rotation,False,A
1785153600,0.07132,2680874651.0,118731.0,47681.0,1.0843770887511273,0.10023310023310031,-0.012692530749722986,0.852,normal,rotation,False,A
1785168000,0.07201,2692520393.0,56414.0,20850.0,1.0780353934226319,0.026620370370370485,-0.005104654990420232,0.852,normal,rotation,False,A
1785182400,0.07031,2676584306.0,92090.0,37570.0,1.2187383566648864,0.1433207138994049,-0.012757086389375116,0.844,normal,rotation,False,A
1785196800,0.0702,2688102544.0,97923.0,45848.0,1.219896854861284,0.11853088480801356,-0.017467943218701265,0.848,normal,rotation,False,A
1785211200,0.0701,2691990784.0,57607.0,28447.0,1.2169306204311183,0.11557788944723617,-0.01901763270241763,0.848,normal,rotation,False,A
1785225600,0.06996,2641355738.0,47553.0,23153.0,1.2177531926553047,0.13310961968680113,-0.03589956807507522,0.828,normal,rotation,False,A
1785240000,0.07077,2695827531.0,130189.0,68654.0,1.2373766591673465,0.06533914125700022,-0.049419010518787054,0.856,normal,rotation,False,A
1785254400,0.07072,2777166434.0,69982.0,32195.0,1.2379860759338395,0.0981398332264273,-0.03798243128924872,0.92,normal,rotation,False,A
1785268800,0.07084,2709039142.0,48988.0,26618.0,1.0968597174609094,0.10714285714285711,-0.06394614393650433,0.864,normal,rotation,False,A
1785283200,0.07021,2698397146.0,94997.0,46662.0,0.9773784162559904,0.05217391304347781,-0.0663176810088063,0.848,normal,rotation,False,A
1785297600,0.07097,2735168169.0,70580.0,33410.0,0.9665854405125076,0.05918618988902596,-0.02820587257470597,0.896,normal,rotation,False,A
1785312000,0.07055,2741319476.0,81364.0,41279.0,0.9132683064743295,0.06973848069738442,-0.033369817471866736,0.904,normal,rotation,False,A
1785326400,0.07015,2715547172.0,47061.0,21372.0,0.8967644017428351,0.060493827160494285,-0.057159932774292654,0.872,normal,rotation,False,A
1785340800,0.06967,2723149860.0,79062.0,39353.0,0.9064859490978484,0.028228228228228076,-0.05435309360854457,0.876,normal,rotation,False,A
1785355200,0.07012,2684188599.0,94695.0,49013.0,0.9294830048420625,0.035181872391175074,-0.06048082906699148,0.808,normal,rotation,False,A
1785369600,0.07019,2677768016.0,56442.0,29323.0,0.926679348585725,0.03287507471607935,-0.060073073272999156,0.8,normal,rotation,False,A
1785384000,0.06975,2681017465.0,33098.0,17274.0,0.8863618473221967,0.025519287833827814,-0.04857919674823652,0.804,normal,rotation,False,A
1785398400,0.07011,2691135057.0,120255.0,47706.0,0.8959847326709908,0.04144775248102746,-0.04159831228683497,0.812,normal,rotation,False,A
1785412800,0.07053,2691229632.0,76290.0,38696.0,0.9139630089605504,0.04121750158528826,-0.03157456451734042,0.812,normal,rotation,False,A
1785427200,0.07072,2660315438.0,35313.0,17366.0,0.9178888832302786,0.14345403899721343,-0.026865823557639112,0.776,normal,rotation,False,A
1785441600,0.07055,2661187528.0,37083.0,13919.0,0.8393001365314977,0.08550185873605898,-0.024245081304732463,0.776,compressed,rotation,False,A
1785456000,0.07002,2701333774.0,66777.0,28648.0,0.8179376018299548,0.2055427251732097,-0.027034297615303626,0.832,compressed,rotation,False,A
1785470400,0.06999,2713120117.0,41811.0,20800.0,0.6103271026870025,0.2596153846153839,-0.03333148618629145,0.852,compressed,rotation,False,A
1785484800,0.06959,2746715666.0,81786.0,33016.0,0.6256024963404739,0.2803738317757001,-0.02587518511874487,0.908,compressed,rotation,False,A
1785499200,0.069,2763877100.0,121213.0,50055.0,0.6556330959436464,0.3052631578947353,-0.01801249391503068,0.908,compressed,rotation,False,A
1785513600,0.06976,2738324945.0,56786.0,27670.0,0.7098558333522369,0.209404849375458,-0.024691199916055617,0.888,compressed,rotation,False,A
1785528000,0.06956,2734394884.0,31496.0,14702.0,0.6534186089439609,0.29096477794793146,-0.01835173222501929,0.876,compressed,rotation,False,A
1785542400,0.0701,2739554976.0,30622.0,17795.0,0.6842723116251874,0.20887528691660281,-0.020360146838727,0.888,compressed,rotation,False,A
1785556800,0.06983,2743128900.0,30641.0,13857.0,0.6869147153503385,0.22488755622188847,-0.01608080877794682,0.896,compressed,rotation,False,A
1785571200,0.06983,2760495606.0,23145.0,10094.0,0.6581256405558412,0.20766283524904086,-0.002465729046679299,0.904,compressed,rotation,False,A
1785585600,0.07009,2791868245.0,36768.0,18514.0,0.6114249176085284,0.10173697270471396,0.04140200809411132,0.932,compressed,rotation,False,A
1785600000,0.06847,2750906350.0,119956.0,49853.0,0.8060207775004699,0.27188940092165875,0.02168449945701112,0.896,compressed,rotation,False,A
1785614400,0.0691,2702433829.0,35871.0,17980.0,0.836091516621846,0.10125523012552322,0.009657653204516725,0.796,compressed,rotation,False,A
1785628800,0.07004,2743449808.0,56050.0,29291.0,0.8851830644841773,0.01251956181533594,0.02058971452690228,0.884,normal,rotation,False,A
1785643200,0.07039,2755474006.0,52701.0,27251.0,0.8799348764999246,0.022256331542593905,0.023582258296468206,0.896,normal,rotation,False,A
1785657600,0.06996,2773232346.0,35768.0,17225.0,0.8919889272352968,0.0,0.04992762091934466,0.908,normal,rotation,False,A
1785672000,0.07028,2804823031.0,32084.0,16143.0,0.8851066942562597,0.03819173811379614,0.04043118439389515,0.936,normal,rotation,False,A
1785686400,0.07074,2821564699.0,36198.0,19225.0,0.8899926287928497,0.0015105740181263023,0.015986893855710393,0.964,normal,rotation,False,A
1785700800,0.07078,2880300592.0,63064.0,34995.0,0.8794895366424812,0.004559270516717665,0.0632185217794834,0.988,normal,rotation,False,A
1785715200,0.06978,2868561541.0,39993.0,16590.0,0.9392146431821397,0.03178122690317811,0.06306128630926144,0.976,normal,rotation,False,A
1785729600,0.06924,2831002287.0,79968.0,35338.0,0.9533246796839807,0.12997746055597376,0.03503774250013958,0.956,normal,rotation,False,A
1785744000,0.0693,2874682986.0,53525.0,26828.0,0.9398512909456008,0.09652509652509669,0.04864938624176607,0.976,normal,rotation,False,A
1785758400,0.07046,2762125441.0,98989.0,45302.0,1.017973049131111,0.022611232676877546,0.017152443338222412,0.872,normal,rotation,False,A
1785772800,0.07026,2753387248.0,29432.0,13822.0,1.0079556918096952,0.043931496649293265,0.011103828123509851,0.86,normal,rotation,False,A
1785787200,0.0702,2748932369.0,22636.0,8841.0,0.9843365296124711,0.006134969325153139,0.024120425078968166,0.852,normal,rotation,False,A
1785801600,0.07026,2735133273.0,39032.0,21369.0,0.952665456689495,0.005372217958557235,0.02142278817927301,0.808,normal,rotation,False,A
1785816000,0.07025,2733087915.0,23418.0,12054.0,0.9494859217228221,0.039682539682539805,0.01942189884242329,0.796,normal,rotation,False,A
1785830400,0.07056,2751165445.0,34589.0,18460.0,0.9380351822188591,0.03585657370517875,0.02230671695344788,0.856,normal,rotation,False,A
1785844800,0.07021,2757613390.0,48402.0,24262.0,0.9412403530283819,0.025641025641025755,0.024666701499814536,0.864,normal,rotation,False,A
1785859200,0.07044,2762251938.0,31585.0,16373.0,0.9437922931965258,0.022364217252396408,0.038317448579193725,0.872,normal,rotation,False,A
1785873600,0.07003,2753747833.0,34346.0,15702.0,0.9510606853293905,0.040752351097179264,0.03478157928598269,0.852,normal,rotation,False,A
1785888000,0.06974,2779879122.0,51000.0,21483.0,0.7688109985440295,0.022364217252396408,0.029076506115604417,0.896,compressed,rotation,False,A
1785902400,0.06982,2772346938.0,27489.0,14012.0,0.7435321271853856,0.01352426412092314,0.021829782112813056,0.876,compressed,rotation,False,A
1785916800,0.0698,2776357054.0,27702.0,15408.0,0.6740269719293785,0.017227235438884533,0.01079157495874572,0.88,compressed,rotation,False,A
1785931200,0.06966,2751432481.0,59916.0,27138.0,0.6649231723542166,0.05621805792163505,-0.004502594923631031,0.832,compressed,rotation,False,A
1785945600,0.07021,2777578413.0,43913.0,23340.0,0.6799381358231055,0.03902862098872448,0.014334846589946881,0.888,compressed,rotation,False,A
1785960000,0.07001,2740842276.0,39674.0,18717.0,0.6762834884900203,0.039028620988725726,0.0023578862137747514,0.792,compressed,rotation,False,A
1785974400,0.0696,2758721504.0,31502.0,14352.0,0.6689814382364658,0.04385964912280719,0.006996219520290392,0.844,compressed,rotation,False,A
1785988800,0.06977,2757501674.0,21196.0,11578.0,0.6761366817107428,0.005309734513274745,0.005239554728908358,0.836,compressed,rotation,False,A
1786003200,0.06913,2838600118.0,66385.0,32697.0,0.6279471000224345,0.05862646566164217,0.028293655613955027,0.96,compressed,rotation,False,A
1786017600,0.06898,2868626979.0,72879.0,35756.0,0.6061487757652883,0.09382924767540167,0.027493680669733678,0.972,compressed,rotation,False,A
1786032000,0.06871,2867341937.0,26721.0,10676.0,0.617162115310006,0.022900763358777717,0.042326263487668436,0.964,compressed,rotation,False,A
1786046400,0.06906,2857713083.0,30736.0,16295.0,0.46546417277263424,0.003921568627450821,0.057459040193209576,0.96,compressed,rotation,False,A
1786060800,0.06902,2821755928.0,30121.0,15456.0,0.4636158342342503,0.1096774193548396,0.028542938810710794,0.932,compressed,rotation,False,A
1786075200,0.06927,2829662862.0,158552.0,46772.0,0.47703606822769395,0.12173913043478217,0.026924171971303368,0.932,compressed,rotation,False,A
1786089600,0.06957,2821137516.0,36056.0,18789.0,0.4922563813876058,0.04299889746416617,0.01727412781301818,0.92,compressed,rotation,False,A
1786104000,0.06992,2801341993.0,86884.0,46042.0,0.5112926823827194,0.03956043956043949,-0.0012410900657638946,0.884,compressed,rotation,False,A
1786118400,0.06982,2807222507.0,25396.0,10304.0,0.4979892017867621,0.10526315789473735,-0.0050830633106102585,0.892,compressed,rotation,False,A
1786132800,0.06961,2805022962.0,15292.0,6217.0,0.48989979524181626,0.13131313131313044,-0.026135338168899014,0.884,compressed,rotation,False,A
1786147200,0.07028,2804634345.0,27464.0,16157.0,0.5430563679665923,0.05827505827505849,-0.022285453906529917,0.876,compressed,rotation,False,A
1786161600,0.07022,2813996274.0,31743.0,18886.0,0.5232105045997588,0.1209876543209892,-0.006007064380728955,0.9,compressed,rotation,False,A
1786176000,0.07041,2815173135.0,28903.0,15805.0,0.5150808213081659,0.1348724179829897,-0.020701361259595985,0.908,compressed,rotation,False,A
1786190400,0.07114,2857079573.0,77085.0,37226.0,0.5713098454235255,0.08717948717948763,0.03437719757058644,0.956,compressed,rotation,False,A
1786204800,0.07097,2864711002.0,55713.0,26803.0,0.5784409040383701,0.09137709137709217,0.04043156445968976,0.96,compressed,rotation,False,A
1786219200,0.0704,2814696876.0,30641.0,14184.0,0.617754299783626,0.024154589371981502,0.023923654048980447,0.896,compressed,rotation,False,A
1786233600,0.06998,2799853837.0,43765.0,20438.0,0.6072103746085049,0.03240740740740787,0.023662672908443705,0.848,compressed,rotation,False,A
1786248000,0.07011,2822674213.0,23626.0,13718.0,0.6054302883772953,0.015981735159817562,0.03277841796025793,0.92,compressed,rotation,False,A
1786262400,0.07013,2815542727.0,27949.0,14969.0,0.5865582699757513,0.05076741440377824,0.023400003848187412,0.896,compressed,rotation,False,A
1786276800,0.07067,2822008142.0,21637.0,11878.0,0.6150675654877542,0.0531177829099312,0.023351624355145706,0.916,compressed,rotation,False,A
1786291200,0.07047,2825143984.0,38218.0,16773.0,0.5667589819554352,0.0034762456546932148,0.022768396008633784,0.92,compressed,rotation,False,A
1786305600,0.06928,2799560718.0,77933.0,34695.0,0.724693114466655,0.07970244420828958,0.01663655780351192,0.828,compressed,rotation,False,A
1786320000,0.06962,2819526224.0,63909.0,31560.0,0.7259004586751866,0.012684989429175019,0.014262167619531585,0.892,compressed,rotation,False,A
1786334400,0.06999,2829370544.0,17974.0,8511.0,0.7275102762381918,0.017435897435897876,0.020568712096739716,0.92,compressed,rotation,False,A
1786348800,0.07,2829344384.0,40802.0,20213.0,0.7270900806418935,0.020533880903491408,0.019085200127144653,0.916,compressed,rotation,False,A
1786363200,0.06963,2866014409.0,55086.0,23356.0,0.7379656307432274,0.003009027081243963,0.04164446294475499,0.96,compressed,rotation,False,A
1786377600,0.06985,2867324755.0,29407.0,14570.0,0.7342124948425436,0.03734439834024895,0.03231100212327287,0.96,compressed,rotation,False,A
1786392000,0.06966,2873059354.0,27219.0,13970.0,0.7260550958886798,0.03634475597092457,0.04823957918255628,0.972,compressed,rotation,False,A
1786406400,0.07008,2877869232.0,31604.0,16802.0,0.7417283680733668,0.0497925311203329,0.0431894730320701,0.976,compressed,rotation,False,A
1786420800,0.0701,2886723881.0,49161.0,20720.0,0.7368164077876506,0.03477344573234963,0.04686205931202636,0.988,compressed,rotation,False,A
1786435200,0.07056,2896993999.0,65563.0,34326.0,0.7149957981609094,0.15359828141783086,0.020571365663559105,1.0,compressed,rotation,False,A
1786449600,0.07057,2884233861.0,130798.0,67132.0,0.716934438882114,0.17339149400218096,0.005440540758436585,0.98,compressed,rotation,False,A
1786464000,0.07101,2933058614.0,91150.0,43878.0,0.7305406583619376,0.2462526766595307,0.022919023417471207,1.0,compressed,rotation,False,A
1786478400,0.07187,3007263457.0,170097.0,89492.0,0.7501658110965553,0.28527918781726047,0.052332186491935495,1.0,compressed,rotation,False,A
1786492800,0.0722,3027022634.0,66065.0,32165.0,0.7530850925724732,0.3136094674556225,0.07274431638936552,1.0,compressed,rotation,False,A
1786507200,0.07167,3065501852.0,64957.0,28062.0,0.7478955108895802,0.23032629558541326,0.08334526107937457,1.0,compressed,rotation,False,A
1786521600,0.07196,3111536330.0,58972.0,29591.0,0.7283919157219455,0.22958693563880866,0.10293678076769086,1.0,compressed,rotation,False,A
1786536000,0.07079,3079241338.0,143352.0,64240.0,0.8597420166096834,0.07747105966162178,0.09920222011250868,0.996,normal,rotation,False,A
1786550400,0.07055,3069074624.0,28985.0,11808.0,0.8692912245493501,0.06420404573438969,0.09327800569675326,0.992,normal,rotation,False,A
1786564800,0.06965,3024397311.0,142103.0,68462.0,0.9099762765265932,0.003316749585406174,0.07820768384854304,0.98,normal,rotation,False,A
1786579200,0.07015,2988958393.0,41335.0,21740.0,0.9303948908519032,0.010933557611437461,0.06572124039221228,0.972,normal,rotation,False,A
1786593600,0.07055,2989441904.0,52820.0,29490.0,0.8214875884771147,0.02698282910874875,0.062347499042921584,0.972,compressed,rotation,False,A
1786608000,0.07004,2958755422.0,42409.0,17847.0,0.8487368225565234,0.029482071713147057,0.0510030041189633,0.964,compressed,rotation,False,A
1786622400,0.06969,2941109705.0,75740.0,26158.0,0.8577644095793284,0.11914543960558693,0.029411197641851627,0.96,normal,rotation,False,A
1786636800,0.07027,2946103527.0,51922.0,30505.0,0.8877589935388185,0.055643879173291395,0.02841212427472639,0.96,normal,rotation,False,A
1786651200,0.07014,2922890759.0,16780.0,9162.0,0.8779714382916392,0.02141680395387232,0.03843891110354858,0.948,normal,rotation,False,A
1786665600,0.06993,2908764054.0,24773.0,10677.0,0.8800134923032634,0.004191114836546061,0.03889853661671694,0.944,normal,rotation,False,A
1786680000,0.06964,2931481996.0,34527.0,13737.0,0.8845572654515605,0.03887510339123341,0.03854776527127335,0.948,normal,rotation,False,A
1786694400,0.06941,2935123378.0,46579.0,20012.0,0.8729372170833154,0.0585365853658535,0.04247161652112985,0.952,normal,rotation,False,A
1786708800,0.06986,2962164958.0,49949.0,23924.0,0.892879376942194,0.06633906633906556,0.049665631333249305,0.964,normal,rotation,False,A
1786723200,0.06982,2961174952.0,33128.0,14231.0,0.8735180594464211,0.05394190871369377,0.048150100940129725,0.96,normal,rotation,False,A
1786737600,0.07005,2952767520.0,19200.0,7601.0,0.8818668104383602,0.06943192064923397,0.054725300656972564,0.952,normal,rotation,False,A
1786752000,0.07029,2952747491.0,34506.0,18022.0,0.8715802507053484,0.06096451319381276,0.04724952223037038,0.948,normal,rotation,False,A
1786766400,0.07003,2950334134.0,26703.0,12649.0,0.8010910238817055,0.00367647058823513,0.04275282721682272,0.944,compressed,rotation,False,A
1786780800,0.06999,2953487285.0,14823.0,6985.0,0.785573851004987,0.0009165902841439022,0.04387691427810303,0.952,compressed,rotation,False,A
1786795200,0.07003,2966780169.0,14057.0,5952.0,0.7721595005748123,0.03780718336483902,0.03515884626524213,0.964,compressed,rotation,False,A
1786809600,0.06991,2968194200.0,15156.0,6640.0,0.7612066475432303,0.005725190839695076,0.03517893981981124,0.964,compressed,rotation,False,A
1786824000,0.06958,2969847684.0,30220.0,11856.0,0.6439609266090848,0.007532956685498739,0.033688245899009095,0.964,compressed,rotation,False,A
1786838400,0.06979,2983649615.0,27061.0,12021.0,0.6518114521837591,0.027857829010566583,0.03675649394482283,0.964,compressed,rotation,False,A
1786852800,0.06986,2987307082.0,20284.0,9638.0,0.5523369398755902,0.022944550669215073,0.034843374408624284,0.964,compressed,rotation,False,A
1786867200,0.06981,2981826447.0,23576.0,10109.0,0.5160452599369857,0.07462686567164163,0.029282921548778873,0.956,compressed,rotation,False,A
1786881600,0.07002,2987628139.0,26595.0,14503.0,0.49774820296041994,0.053658536585365166,0.035848091029675455,0.964,compressed,rotation,False,A
1786896000,0.06989,2996854975.0,22659.0,11135.0,0.46052644321604325,0.1126760563380288,0.02175079648783318,0.972,compressed,rotation,False,A
1786910400,0.06956,2986734311.0,46209.0,19462.0,0.4591118142100335,0.2454835281615302,-0.006826520620338172,0.952,compressed,rotation,False,A
1786924800,0.07017,2943504894.0,68765.0,33595.0,0.46641591379608593,0.20949432404540735,-0.027590722005813695,0.896,compressed,rotation,False,A
1786939200,0.07028,2953291447.0,42680.0,19098.0,0.4660955992669832,0.1499460625674216,-0.03660425288172364,0.912,compressed,rotation,False,A
1786953600,0.07016,2970461782.0,41165.0,19995.0,0.46182150574702685,0.19780219780219682,-0.04533919358094074,0.94,compressed,rotation,False,A
1786968000,0.07048,2980937531.0,51938.0,24917.0,0.4606405408784637,0.037575757575757984,-0.03192468410541971,0.94,compressed,rotation,False,A
1786982400,0.07028,2993511196.0,34838.0,18832.0,0.4583411957886563,0.0328867235079178,-0.024620915832120227,0.968,compressed,rotation,False,A
1786996800,0.07037,3009976850.0,33273.0,16243.0,0.4260674663630057,0.09729729729729648,-0.00476804451172852,0.976,compressed,rotation,False,A
1787011200,0.06981,3013178694.0,54844.0,27584.0,0.48718153356985583,0.04557640750670304,0.008103257996739943,0.976,compressed,rotation,False,A
1787025600,0.06984,3016368267.0,45746.0,24567.0,0.4784862507668242,0.10014104372355385,0.009007153798162637,0.976,compressed,rotation,False,A
1787040000,0.06994,3027449837.0,24034.0,11079.0,0.4702365800676091,0.014970059880239814,0.023217334724329852,0.984,compressed,rotation,False,A
1787054400,0.0703,3022778170.0,33577.0,16558.0,0.4843626766898229,0.09118086696561947,0.027767908439851885,0.972,compressed,rotation,False,A
1787068800,0.07034,3021416192.0,35262.0,17990.0,0.4880442908750008,0.011382113821138204,0.025563482175621433,0.968,compressed,rotation,False,A
1787083200,0.07023,2997737201.0,65830.0,32331.0,0.49304765952183544,0.014681892332790535,0.025606992587573485,0.948,compressed,rotation,False,A
1787097600,0.07007,3001510563.0,39872.0,22434.0,0.4981265907347041,0.023026315789471334,0.03188519497566644,0.948,compressed,rotation,False,A
1787112000,0.0699,2997191732.0,49568.0,26358.0,0.48532917026061945,0.04362416107382686,0.022415193437879122,0.94,compressed,rotation,False,A
1787126400,0.0702,2977689748.0,44405.0,27025.0,0.49665146069612626,0.1310116086235477,0.014502412511532947,0.896,compressed,rotation,False,A
1787140800,0.07248,3013201764.0,294930.0,150818.0,1.0556256482535802,0.333333333333331,0.01722956240575435,0.96,normal,rotation,True,C
1787155200,0.07307,3059313944.0,117607.0,56308.0,1.067969643082022,0.3864447086801417,0.03314190940785733,0.984,normal,trend,True,C
1787169600,0.07503,3055247268.0,410799.0,206389.0,1.2833130596314786,0.49112426035502826,0.03470633814070134,0.98,normal,trend,True,C
1787184000,0.07477,3065689364.0,175687.0,78517.0,1.2902407182520923,0.4409448818897629,0.03824975665689245,0.988,normal,trend,True,C
1787198400,0.07531,3062949375.0,139151.0,87167.0,1.269557294947382,0.505747126436782,0.038170334574043174,0.98,normal,trend,True,C
1787212800,0.07713,3020099628.0,281683.0,162531.0,1.3932078182986118,0.584288052373159,0.022553793726591165,0.948,expanded,trend,True,C
1787227200,0.08021,3032053946.0,409945.0,212183.0,1.716136226171641,0.6671035386631718,0.022001554979384164,0.968,expanded,trend,True,C
1787241600,0.07968,3001882286.0,387065.0,201911.0,1.7436846975424178,0.6234843650287166,0.011349690663771339,0.92,expanded,trend,True,C
1787256000,0.08044,2970717371.0,137941.0,65334.0,1.7450657431800243,0.6745341614906822,0.0002928389239238438,0.86,expanded,trend,True,C
1787270400,0.08176,2939464514.0,288652.0,160048.0,1.7413804099822128,0.6955258570598479,-0.01480907837765666,0.796,expanded,trend,True,C
1787284800,0.08345,2949625950.0,252164.0,129462.0,1.769439467613962,0.7217206585236315,-0.0126137457468124,0.808,expanded,trend,True,C
1787299200,0.08301,2910745810.0,415385.0,217390.0,1.7481615702887758,0.6867845993756505,-0.023837952430636578,0.772,expanded,trend,True,C
1787313600,0.08383,2911956468.0,197277.0,95953.0,1.7296631778688025,0.6964195663136663,-0.02532834324733879,0.772,expanded,trend,True,C
1787328000,0.08493,2910490206.0,169686.0,82740.0,1.7162801091504272,0.7230769230769237,-0.028818467934038083,0.764,expanded,trend,True,C
1787342400,0.09157,2947333360.0,632866.0,342370.0,2.5533148522523064,0.8118775359645889,-0.013191983918652617,0.804,expanded,trend,True,C
1787356800,0.09573,2988048855.0,380597.0,193489.0,2.6576955711775194,0.833659491193738,0.015132966515801538,0.888,expanded,trend,True,C
1787371200,0.09308,2797377938.0,1136128.0,588656.0,2.8649936330280315,0.6867469879518074,-0.052793133288074,0.532,expanded,trend,True,C
1787385600,0.08995,2925364625.0,397574.0,188660.0,3.11523912004543,0.5465341066003868,-0.01518186743666372,0.768,expanded,trend,True,C
1787400000,0.09035,2894686401.0,200530.0,96308.0,3.093618014640934,0.5475337558556077,-0.02893422928291478,0.74,expanded,trend,True,C
1787414400,0.09352,2822935169.0,226458.0,117307.0,3.140726192897204,0.591951095262354,-0.05698192384512468,0.62,expanded,trend,True,C
1787428800,0.09188,2809727329.0,230582.0,118572.0,3.2188465521053473,0.5270766968880178,-0.0665285917398335,0.56,expanded,trend,True,C
1787443200,0.09109,2838943287.0,209888.0,107920.0,3.26950681299374,0.5185185185185189,-0.057824452080106226,0.652,expanded,trend,True,C
1787457600,0.09033,2882063288.0,236198.0,108645.0,3.2793648909026714,0.49054345223844864,-0.044525391832734074,0.716,expanded,trend,True,C
1787472000,0.09273,2811400054.0,163696.0,91858.0,3.289632462874364,0.5171318357159066,-0.07136362107789407,0.552,expanded,trend,True,C
1787486400,0.09244,2782244577.0,208841.0,108080.0,3.3118706898534565,0.5031818181818178,-0.079573683370884,0.484,expanded,trend,True,C
1787500800,0.09239,2796884043.0,115784.0,58751.0,3.299278162325617,0.5010224948875255,-0.07431354528201328,0.5,expanded,trend,True,C
1787515200,0.09343,2801930115.0,124707.0,60083.0,3.177265697451285,0.5162438807298619,-0.06531829605833417,0.516,expanded,trend,True,C
1787529600,0.09121,2781372744.0,171092.0,76098.0,3.2792284931146196,0.44978723404255333,-0.07334234358981329,0.472,expanded,trend,True,C
1787544000,0.09138,2766105627.0,124618.0,64520.0,3.2809630936498064,0.45702127659574454,-0.07710087497331986,0.432,expanded,trend,True,C
1787558400,0.09224,2770174845.0,204824.0,107629.0,3.269251801554218,0.4634146341463414,-0.06968990074918979,0.436,expanded,trend,True,C
1787572800,0.09123,2756146940.0,293428.0,143448.0,3.2734377998791047,0.40505508749189884,-0.08530952924266244,0.396,expanded,trend,True,C
1787587200,0.08906,2773418674.0,256143.0,131471.0,3.362091894907027,0.33402966367244613,-0.09345077858410211,0.444,expanded,trend,True,C
1787601600,0.0901,2763176139.0,92493.0,49282.0,3.3652687937595473,0.3209797657082001,-0.09559656007521544,0.416,expanded,trend,True,C
1787616000,0.09192,2760090527.0,206303.0,106459.0,3.3872966497297017,0.3535353535353533,-0.09968356239500586,0.4,expanded,trend,True,C
1787630400,0.09078,2751188696.0,151586.0,85082.0,2.66664954379699,0.31500712685807347,-0.10178447007469715,0.364,expanded,trend,True,C
1787644800,0.09015,2752382897.0,100440.0,49337.0,2.3125978657446646,0.2717028380634387,-0.08864499982647589,0.368,expanded,trend,True,C
1787659200,0.08917,2778909659.0,219822.0,110496.0,2.204854061336821,0.19554779572239175,-0.0834893743674836,0.46,expanded,rotation,True,C
1787673600,0.08804,2794891214.0,73831.0,36438.0,2.0185182874384875,0.18009478672985754,-0.06895376043402923,0.488,expanded,rotation,True,C
1787688000,0.08568,2777042855.0,197691.0,90469.0,2.139703536229431,0.10912119950020838,-0.0651945277227115,0.444,expanded,rotation,True,C
1787702400,0.08662,2796008034.0,98550.0,56436.0,1.884832094106082,0.10201511335012597,-0.04880361008501699,0.488,expanded,rotation,True,C
1787716800,0.08659,2802537876.0,67945.0,33172.0,1.840939313236538,0.06829056111352767,-0.0498666869946679,0.516,expanded,rotation,True,C
1787731200,0.08632,2783508837.0,75255.0,38711.0,1.8332585674036501,0.07225496616459269,-0.04371284244844453,0.464,expanded,rotation,True,C
1787745600,0.08447,2807570401.0,158668.0,70828.0,1.9048053393650421,0.013663535439795076,-0.035847399556661275,0.536,expanded,rotation,True,C
1787760000,0.08482,2812323925.0,92107.0,54079.0,1.709153117137041,0.002386634844868712,-0.03372843543593773,0.552,expanded,rotation,True,C
1787774400,0.08764,2738390443.0,115514.0,63845.0,2.006058749866684,0.09297374024130592,-0.0708921901525249,0.28,expanded,rotation,True,C
1787788800,0.08679,2801150278.0,78017.0,40170.0,2.0146890900624674,0.22946611909650894,-0.0625487018685309,0.496,expanded,rotation,True,C
1787803200,0.0871,2806903217.0,64229.0,34431.0,1.9804292003142288,0.16329874385581647,0.0034050740411608604,0.524,expanded,rotation,True,C
1787817600,0.08827,2851205954.0,224716.0,112983.0,1.9359187866838359,0.04847085978072708,-0.025350231682657376,0.652,expanded,rotation,True,C
1787832000,0.08865,2758237611.0,157211.0,81940.0,1.940821869260642,0.04907621247113142,-0.04713767610642117,0.348,expanded,rotation,True,C
1787846400,0.08862,2771084521.0,101622.0,53416.0,1.9143283106323,0.15555555555555553,-0.018367636837500423,0.388,expanded,rotation,True,C
1787860800,0.0891,2749341925.0,65027.0,33537.0,1.9055890286410797,0.09162821357943322,-0.021491553068778257,0.296,expanded,rotation,True,C
1787875200,0.08772,2736486852.0,117274.0,53009.0,1.8339388292748322,0.1089557064338829,-0.03608963781318397,0.248,expanded,rotation,True,C
1787889600,0.08748,2718528464.0,92468.0,40547.0,1.7971360409189188,0.0937191713252217,-0.05674227373177654,0.208,expanded,rotation,True,C
1787904000,0.08696,2614862779.0,165929.0,78544.0,1.6827250041447586,0.20224325271643934,-0.06990726016397808,0.08,expanded,rotation,False,A
1787918400,0.08584,2595115414.0,158078.0,74461.0,1.6785986779818425,0.22479564032697552,-0.06725834405319431,0.076,expanded,rotation,False,A
1787932800,0.08463,2644393762.0,147945.0,66998.0,1.7026364538279923,0.2542595019659243,-0.05452148843340521,0.088,expanded,rotation,False,A
1787947200,0.08522,2630100859.0,42153.0,23296.0,1.7008011325657348,0.2730295976055869,-0.0613253182440634,0.08,expanded,rotation,False,A
1787961600,0.08481,2648402466.0,45153.0,23351.0,1.6652659296703842,0.22646850672328395,-0.0478074282876485,0.088,expanded,rotation,False,A
1787976000,0.08438,2653944189.0,44816.0,20828.0,1.4897748865459142,0.24544179523141685,-0.04054850144014399,0.088,expanded,rotation,False,A
1787990400,0.08444,2661115361.0,61332.0,26985.0,1.4465284538877612,0.2813852813852815,-0.039369169854691966,0.092,expanded,rotation,False,A
1788004800,0.08511,2656264244.0,47517.0,26584.0,1.4629251545383621,0.22352081811541272,-0.03623997492673592,0.084,expanded,rotation,False,A
1788019200,0.0852,2657706260.0,44823.0,21586.0,1.4471130043494842,0.15256916996047445,-0.04172194233952864,0.084,expanded,rotation,False,A
1788033600,0.08524,2647592162.0,34878.0,18323.0,1.303345526935255,0.20000000000000023,-0.04183011548508453,0.068,expanded,rotation,False,A
1788048000,0.08499,2644686296.0,47769.0,23892.0,1.2980670698265386,0.3048834139903216,-0.04181175576347318,0.064,normal,rotation,False,A
1788062400,0.08458,2647929383.0,58433.0,26639.0,0.9201415508941088,0.28181818181818197,-0.037532617500984355,0.068,normal,rotation,False,A
1788076800,0.08492,2679220186.0,57673.0,28783.0,0.9037909891930846,0.24090280976508552,-0.026581589022277696,0.108,normal,rotation,False,A
1788091200,0.08533,2687033129.0,79580.0,45322.0,0.9092649586348339,0.1816461684011353,-0.033062078755400126,0.12,normal,rotation,False,A
1788105600,0.08575,2689501610.0,99120.0,48485.0,0.8334576112394367,0.11209006363191332,-0.03770794493613516,0.124,compressed,rotation,False,A
1788120000,0.08198,2633841555.0,261824.0,104019.0,1.4150558945035139,0.16941391941391984,-0.051566110959421985,0.036,expanded,rotation,False,A
1788134400,0.08223,2642506761.0,94195.0,50022.0,1.4221681088172746,0.20756501182033119,-0.05490015448217411,0.04,expanded,rotation,False,A
1788148800,0.08269,2602676406.0,81975.0,43649.0,1.4185001585328656,0.1807228915662651,-0.0713144581243833,0.016,expanded,rotation,False,A
1788163200,0.08261,2614240380.0,63355.0,32010.0,1.3759808013677666,0.17344553529686735,-0.0608111800293164,0.016,expanded,rotation,False,A
1788177600,0.08279,2637460825.0,99528.0,49478.0,1.3790390733383402,0.08519269776876272,-0.06058960300315541,0.032,expanded,rotation,False,A
1788192000,0.08321,2657163959.0,73556.0,36318.0,1.3856371786666017,0.08135421930267812,-0.0551714418885797,0.068,expanded,rotation,False,A
1788206400,0.08281,2654979797.0,38203.0,19063.0,1.3396033535787506,0.2780656303972363,-0.030459734554368678,0.064,expanded,rotation,False,A
1788220800,0.08315,2667978210.0,64098.0,32391.0,1.2826089994810017,0.21589561091340423,-0.047541921990377434,0.092,normal,rotation,False,A
1788235200,0.08333,2693289638.0,78694.0,39788.0,1.2566586642770718,0.22534369396293988,-0.04047648608327492,0.148,normal,rotation,False,A
1788249600,0.08316,2688220686.0,109264.0,51381.0,1.2442137783236364,0.32485696122059676,-0.05716362501675665,0.128,normal,rotation,False,A
1788264000,0.08268,2683136911.0,107891.0,47227.0,1.2391984727365424,0.3771320277953246,-0.02722778476389942,0.116,normal,trend,False,B
1788278400,0.08193,2706164345.0,104593.0,45328.0,1.250837973909782,0.40422960725075446,-0.023427714134310218,0.184,normal,trend,False,B
1788292800,0.08164,2712621102.0,76914.0,38123.0,1.2255360799871047,0.4559902200488983,-0.013356222689544173,0.196,normal,trend,False,B
1788307200,0.08149,2730878535.0,101933.0,50827.0,1.2213353465303274,0.41176470588235164,-0.002049458778104918,0.22,normal,trend,False,B
1788321600,0.08164,2721133006.0,77251.0,43998.0,1.220964651111752,0.3882978723404244,0.0009580705276734935,0.208,normal,trend,False,B
1788336000,0.0812,2770776800.0,133051.0,64885.0,1.219666159453333,0.3850267379679134,0.059626081434233535,0.384,normal,trend,False,B
1788350400,0.08164,2726072429.0,114696.0,55012.0,1.2285486530580858,0.29411764705882204,0.05046288665757204,0.208,normal,trend,False,B
1788364800,0.08126,2740667268.0,89420.0,50053.0,1.2193068825323226,0.2505576208178426,0.03640664540336336,0.26,normal,trend,False,B
1788379200,0.08172,2761982614.0,95567.0,54798.0,1.2203031482586362,0.26276276276276195,0.05014323102808427,0.352,normal,trend,False,B
1788393600,0.08275,2741999566.0,131674.0,62589.0,1.2599314989119867,0.14777618364418832,0.035340965431648996,0.268,normal,rotation,False,A
1788408000,0.08286,2812981610.0,115256.0,62817.0,0.578431226999871,0.11160058737151161,0.05992493047109826,0.552,compressed,rotation,False,A
1788422400,0.08323,2826757749.0,74323.0,40901.0,0.584460185685139,0.08686288585786069,0.0622454743704739,0.62,compressed,rotation,False,A
1788436800,0.08919,2835876412.0,379995.0,201579.0,1.7951580157247506,0.2122788761706551,0.06761833594142974,0.64,expanded,rotation,False,A
1788451200,0.08929,2856469054.0,278084.0,134522.0,1.7923388205553126,0.212688507540301,0.07478734463303716,0.664,expanded,rotation,False,A
1788465600,0.08779,2889267619.0,171019.0,74430.0,1.8650121048981334,0.12324794586756922,0.09128122543520356,0.736,expanded,rotation,False,A
1788480000,0.08712,2891635588.0,121354.0,60739.0,1.8821304298989967,0.10090004737091443,0.09337564624337591,0.736,expanded,rotation,True,C
1788494400,0.08698,2867195884.0,97835.0,55961.0,1.8759794665307012,0.11516314779270609,0.08280677815946125,0.68,expanded,rotation,True,C
1788508800,0.08771,2854765804.0,144468.0,77878.0,1.881331878772378,0.13141780499293432,0.065521161313018,0.656,expanded,rotation,True,C
1788523200,0.08436,2795360424.0,441804.0,197262.0,2.144778248806275,0.04013239553165071,0.040314834168164726,0.464,expanded,rotation,True,C
1788537600,0.0847,2759501022.0,102587.0,46941.0,2.1451864919072925,0.043586550435865866,0.026026908383222747,0.344,expanded,rotation,True,C
1788552000,0.08475,2755618310.0,56905.0,32951.0,2.1381342782487307,0.1359842906234662,0.046235414111688966,0.324,expanded,rotation,True,C
1788566400,0.08458,2754457406.0,101866.0,43814.0,2.1231562388172476,0.11582060128141956,0.04236532017713168,0.32,expanded,rotation,True,C
1788580800,0.08575,2835427954.0,101937.0,56286.0,2.139205051493083,0.14571428571428593,0.08942777037646077,0.64,expanded,rotation,True,C
1788595200,0.08609,2875661875.0,85104.0,45939.0,2.1365129867954638,0.16368767638758205,0.09999902725089105,0.708,expanded,rotation,True,C
1788609600,0.08757,2887374835.0,213560.0,103590.0,2.1652734564646843,0.21187943262411305,0.09475553442580509,0.728,expanded,rotation,True,C
1788624000,0.09075,3065190213.0,563482.0,321588.0,2.2911243735923805,0.29778830963665043,0.15355704815202942,0.98,expanded,rotation,True,C
1788638400,0.08963,3054143224.0,244002.0,116305.0,2.3339183892222124,0.2619047619047622,0.1503451843403989,0.964,expanded,rotation,True,C
1788652800,0.09126,3144523974.0,150548.0,81967.0,2.3429341771867924,0.296743505305525,0.1786168126163219,1.0,expanded,rotation,True,C
1788667200,0.09081,3110402334.0,235655.0,108830.0,2.357984340725896,0.2710144927536235,0.15487108780091785,0.992,expanded,rotation,True,C
1788681600,0.09008,2947562556.0,196517.0,96506.0,2.3721839358655408,0.2457386363636364,0.09647342993476249,0.784,expanded,rotation,True,C
1788696000,0.08891,2905504282.0,203268.0,94692.0,2.4100312184161172,0.21594454072790312,0.08287589428939124,0.724,expanded,rotation,True,C
1788710400,0.08953,2855123127.0,82473.0,46127.0,2.411441195203077,0.26462395543175504,0.055044248245758265,0.628,expanded,rotation,True,C
1788724800,0.09087,2916566992.0,102642.0,55260.0,1.742613647308813,0.3100436681222711,0.07518406822450507,0.74,expanded,rotation,False,A
1788739200,0.08931,2897737783.0,154070.0,70354.0,1.8000654322243816,0.25080179602309166,0.061100940910211454,0.716,expanded,rotation,False,A
1788753600,0.08936,2861164675.0,133897.0,68077.0,1.7451234184369613,0.24839124839124824,0.051460795444851604,0.632,expanded,rotation,False,A
1788768000,0.08976,2863140906.0,102233.0,49992.0,1.7326049534395431,0.2757731958762892,0.033335094331669035,0.632,expanded,rotation,False,A
1788782400,0.08893,2861906763.0,217929.0,102440.0,1.7517727647674513,0.23194400254533867,0.04982785217112817,0.628,expanded,rotation,False,A
1788796800,0.09051,2872118349.0,93714.0,59177.0,1.7909492801845532,0.2834814587802636,0.047963166683829606,0.66,expanded,rotation,False,A
1788811200,0.09047,2907327547.0,92355.0,45637.0,1.4509397881981676,0.27165476560074514,0.05262340619498196,0.72,expanded,rotation,False,A
1788825600,0.08992,2927943094.0,157208.0,83316.0,1.4700458839937949,0.2259691144027735,0.06781311357800557,0.748,expanded,rotation,False,A
1788840000,0.08925,2925389589.0,154092.0,81076.0,1.4919183664611604,0.19789408485599252,0.0399604386322312,0.744,expanded,rotation,False,A
1788854400,0.08951,2933654236.0,162531.0,92695.0,1.4871152214264287,0.1951522684897455,0.03781593489495738,0.756,expanded,rotation,False,A
1788868800,0.0906,2884045724.0,191860.0,95703.0,1.4799278185526579,0.051629439765653456,0.016985688020878298,0.668,expanded,rotation,False,A
1788883200,0.08954,2877187578.0,148520.0,77524.0,1.5221917269358858,0.008843296781039983,0.007253193928702828,0.652,expanded,rotation,False,A
1788897600,0.09001,2875858102.0,73045.0,37440.0,1.4741063629692783,0.08149779735682815,-0.004641147435363258,0.648,expanded,rotation,False,A
1788912000,0.08956,2878607605.0,110972.0,57897.0,1.176143151747345,0.09030347890451504,-0.004505402774147904,0.656,normal,rotation,False,A
1788926400,0.09084,2905455243.0,95447.0,43507.0,1.1865586069370124,0.13707386363636362,0.013343824610484889,0.7,normal,rotation,False,A
1788940800,0.09081,2882714770.0,113316.0,55134.0,1.0964864325730284,0.11289147851420257,0.009790283308297676,0.66,normal,rotation,False,A
1788955200,0.08888,2854329193.0,226784.0,109514.0,1.211203563555,0.17357910906297966,0.021095229256919534,0.556,normal,rotation,False,A
1788969600,0.08698,2797641070.0,137388.0,67906.0,1.3009227965793873,0.08260869565217395,0.013821356722077738,0.4,expanded,rotation,False,A
1788984000,0.0861,2760453034.0,177887.0,78817.0,1.2845948173270627,0.047485051002461774,0.001754496978937592,0.288,normal,rotation,False,A
1788998400,0.08593,2760415779.0,129256.0,63784.0,1.2437314467040261,0.04748505100246229,0.0021631748550625662,0.284,normal,rotation,False,A
1789012800,0.08531,2758633278.0,99118.0,45122.0,1.1394743041077757,0.01578192252510794,-0.027083980706215427,0.268,normal,rotation,False,A
1789027200,0.08509,2760479702.0,118658.0,65289.0,1.0716459769916293,0.036023054755043214,-0.0400541433613435,0.288,normal,rotation,False,A
1789041600,0.08368,2811208657.0,256443.0,116054.0,1.1138846498780102,0.14048392921632308,-0.02637904060004037,0.452,normal,rotation,False,A
1789056000,0.0839,2821390054.0,115972.0,50751.0,1.101557124557958,0.27699150828952634,-0.07953834576594998,0.488,normal,rotation,False,A
1789070400,0.08286,2829643396.0,79009.0,36931.0,1.1083367665300712,0.27464503042596305,-0.07350664704780063,0.524,normal,rotation,False,A
1789084800,0.08369,2814236446.0,91646.0,42073.0,1.0295423395870624,0.31740041928721097,-0.1050357798925784,0.46,normal,rotation,False,A
1789099200,0.08377,2813819385.0,61609.0,29670.0,1.0138816161244444,0.299829642248722,-0.09535195680572683,0.452,normal,rotation,False,A
1789113600,0.08363,2824707787.0,53987.0,26079.0,1.0012976924601942,0.28178243774573997,-0.0416801226999981,0.504,normal,rotation,False,A
1789128000,0.08495,2707253650.0,364928.0,188359.0,1.0800230516503508,0.1718749999999999,-0.06823277915237991,0.116,normal,rotation,False,A
1789142400,0.08445,2671123447.0,113953.0,54350.0,1.067719483785561,0.221640488656195,-0.06444544484263148,0.084,normal,rotation,False,A
1789156800,0.08426,2653098736.0,79855.0,43460.0,1.0023132091119722,0.30362884703720683,-0.0903350606115616,0.056,normal,rotation,False,A
1789171200,0.08441,2666999997.0,52295.0,25051.0,0.9909688921002936,0.24066797642436122,-0.07962686870898283,0.084,normal,rotation,False,A
1789185600,0.08471,2676781385.0,38044.0,19207.0,0.9848000601741602,0.22561863173216856,-0.06444343857978041,0.096,normal,rotation,False,A
1789200000,0.08503,2684648558.0,44670.0,21844.0,0.9943235776157819,0.2303945445689239,-0.06234144733357383,0.108,normal,rotation,False,A
1789214400,0.08507,2681657641.0,63996.0,29023.0,0.9224215652060325,0.1955420466058756,-0.06298217829118002,0.104,normal,rotation,False,A
1789228800,0.08476,2686347997.0,38820.0,16012.0,0.9199998446823577,0.31131564699512626,-0.06468060484508953,0.116,normal,rotation,False,A
1789243200,0.08479,2684581616.0,32263.0,14181.0,0.826273571562614,0.30769230769230665,-0.07661535461659486,0.112,compressed,rotation,False,A
1789257600,0.08467,2688302444.0,51862.0,24985.0,0.7013478565687064,0.2911813643926784,-0.08184607497702956,0.132,compressed,rotation,False,A
1789272000,0.08413,2697977235.0,35855.0,16104.0,0.6826075153108422,0.28603351955307194,-0.0777374592618747,0.144,compressed,rotation,False,A
1789286400,0.0835,2687606199.0,53131.0,26609.0,0.6961701639602741,0.32895457033388037,-0.0838708372584096,0.128,compressed,rotation,False,A
1789300800,0.08345,2732615728.0,58114.0,27604.0,0.6836832670839834,0.41497388276262265,-0.05250610097470143,0.18,compressed,trend,False,B
1789315200,0.08413,2715897169.0,44674.0,21687.0,0.7107100776909758,0.3210682492581595,-0.056058357207324216,0.164,compressed,trend,False,B
1789329600,0.08235,2738863551.0,93573.0,39994.0,0.7675187275980008,0.42180616740088084,-0.04763606066124326,0.204,compressed,trend,False,B
1789344000,0.08388,2695874152.0,100656.0,47897.0,0.870476469700052,0.29521829521829557,-0.06347980623778005,0.148,normal,trend,False,B
1789358400,0.0843,2694353891.0,70896.0,35882.0,0.8286019986247497,0.3558215451577805,-0.07265689344504556,0.148,compressed,trend,False,B
1789372800,0.08408,2698682869.0,89862.0,44949.0,0.8050250599012293,0.36241249326871317,-0.06383978842277205,0.16,compressed,trend,False,B
1789387200,0.08401,2691408020.0,118286.0,61137.0,0.8051624553450856,0.29144225014961117,-0.0570786205738113,0.144,compressed,trend,False,B
1789401600,0.08469,2684975198.0,99453.0,50813.0,0.821598894360256,0.1478373143963849,-0.04027173936219064,0.12,compressed,rotation,False,A
1789416000,0.08361,2671984428.0,93704.0,46747.0,0.795824240594509,0.1586998087954108,-0.032048582211089305,0.096,compressed,rotation,False,A
1789430400,0.08326,2710958568.0,57015.0,24515.0,0.7913003861441391,0.16824196597353538,-0.017916580312374752,0.184,compressed,rotation,False,A
1789444800,0.08251,2779980801.0,88328.0,41857.0,0.8110943731876593,0.17499999999999996,0.007738441774862048,0.364,compressed,rotation,False,A
1789459200,0.08247,2822088410.0,76052.0,33804.0,0.8086984301058041,0.16561314791403284,0.022318116650292152,0.508,compressed,rotation,False,A
1789473600,0.08163,2817806336.0,203474.0,102361.0,0.8238777850022144,0.13442622950819738,0.0023469189964151482,0.484,compressed,rotation,False,A
1789488000,0.08085,2809664299.0,296426.0,136690.0,0.8296463257725575,0.19291587602783042,-0.0041560205344085555,0.436,compressed,rotation,False,A
1789502400,0.08003,2777981983.0,112245.0,50314.0,0.8425890566008801,0.18152661962796668,-0.018257216818567623,0.344,compressed,rotation,False,A
1789516800,0.07999,2773466407.0,77986.0,36627.0,0.8442326055194348,0.24999999999999978,-0.014487069506170402,0.332,compressed,rotation,False,A
1789531200,0.07964,2739818206.0,78078.0,40136.0,0.841485625644419,0.27405441274054376,-0.026299192973965546,0.228,compressed,rotation,False,A
1789545600,0.08016,2737547239.0,68579.0,33596.0,0.8663615530819756,0.22459546925566362,-0.03085648306742883,0.22,normal,rotation,False,A
1789560000,0.07899,2772026988.0,123563.0,64510.0,0.9013182940975175,0.3895424836601308,0.023925847509707943,0.328,normal,trend,False,B
1789574400,0.08038,2725475858.0,219849.0,96447.0,0.9976433364985251,0.25138974675725834,0.020348146417959345,0.204,normal,trend,False,B
1789588800,0.08088,2698665958.0,97091.0,44925.0,1.0051296420168303,0.20484848484848567,0.01717509468520584,0.172,normal,trend,False,B
1789603200,0.08112,2713945113.0,99111.0,52689.0,0.9871040821008707,0.19831223628692016,0.017602218242522172,0.196,normal,rotation,False,A
1789617600,0.08115,2708540972.0,66605.0,31136.0,0.8836733391056435,0.21813725490196056,0.011864841551115335,0.188,normal,rotation,False,A
1789632000,0.08095,2745369437.0,77920.0,39759.0,0.771530175666658,0.251851851851852,0.022617812979303098,0.26,compressed,rotation,False,A
1789646400,0.08196,2724367734.0,133081.0,64530.0,0.8177332355590649,0.1811298776936519,0.01592675080778516,0.216,compressed,rotation,False,A
1789660800,0.08166,2735370733.0,65319.0,30463.0,0.8187921114322375,0.18065268065268103,0.018248840453562343,0.236,compressed,rotation,False,A
1789675200,0.08168,2714910130.0,54295.0,27295.0,0.8195143791015318,0.18134110787172023,0.011297296315836869,0.204,compressed,rotation,False,A
1789689600,0.08448,2756718066.0,149840.0,75712.0,1.0878683146771257,0.00958144225920302,0.02544937685590254,0.3,normal,rotation,False,A
1789704000,0.08446,2776699978.0,171947.0,82456.0,1.0431608182196732,0.017089590885551377,0.029178431151588358,0.368,normal,rotation,False,A
1789718400,0.08533,2805205625.0,285471.0,154394.0,1.0503030019529487,0.09360613810741673,0.04375619688768251,0.452,normal,rotation,False,A
1789732800,0.08748,2730697255.0,297793.0,152787.0,1.1277579521631862,0.18614318706697483,-0.000702064684888648,0.232,normal,rotation,False,A
1789747200,0.08798,2814132647.0,223820.0,98976.0,1.1233475174218246,0.17931998136935284,0.03617054398129893,0.492,normal,rotation,False,A
1789761600,0.08745,2807395625.0,144026.0,63879.0,1.1004147503049875,0.2522255192878333,0.025022084059272753,0.456,normal,rotation,False,A
1789776000,0.08803,2780926436.0,167190.0,89086.0,1.06219078169376,0.2153606642449401,0.031549055780998536,0.392,normal,rotation,False,A
1789790400,0.08669,2830702010.0,87282.0,34492.0,1.0972564499464492,0.11837543338286288,0.05060512631820413,0.564,normal,rotation,False,A
1789804800,0.08839,2838777769.0,103140.0,53643.0,1.1353231095964187,0.198892478080295,0.051912324196845105,0.576,normal,rotation,False,A
1789819200,0.08892,2842736362.0,212776.0,108365.0,1.1128947496028472,0.2218707636692271,0.05622645874407395,0.58,normal,rotation,False,A
1789833600,0.08923,2881897319.0,265641.0,108427.0,1.1092599434056118,0.2086397058823529,0.07334224954728996,0.652,normal,rotation,False,A
1789848000,0.08771,2873676425.0,171589.0,83529.0,1.128652989507386,0.18468468468468413,0.07548397172021248,0.628,normal,rotation,False,A
1789862400,0.08575,2872362229.0,197669.0,83035.0,1.2288334812845674,0.10457790844183137,0.05953748718449603,0.62,normal,rotation,False,A
1789876800,0.08485,2890815444.0,94015.0,42007.0,1.257066066826208,0.09766277128547549,0.03986885195758583,0.68,normal,rotation,False,A
1789891200,0.0851,2895713017.0,105598.0,55978.0,1.2554963191707842,0.10881257757550644,0.026088696136915113,0.688,normal,rotation,False,A
1789905600,0.08578,2892765470.0,130294.0,71036.0,1.2571277786372723,0.17284464806330688,0.026601946713771696,0.68,normal,rotation,False,A
1789920000,0.08734,2885308415.0,157662.0,73664.0,1.2874548079859989,0.2617991125453807,0.026922830612512216,0.656,normal,rotation,False,A
1789934400,0.08725,2853519029.0,103762.0,48618.0,1.277077879220771,0.3000831255195336,0.027191337619269174,0.556,normal,rotation,False,A
1789948800,0.08846,2835026699.0,228354.0,120563.0,1.284994994384346,0.3357114546175179,0.022196155628432024,0.528,normal,rotation,False,A
1789963200,0.08972,2858262849.0,132118.0,68645.0,1.2968170227129874,0.3856159143075737,0.04323084018516821,0.576,normal,trend,False,B
1789977600,0.09334,2959030684.0,625830.0,334654.0,1.3562582323113739,0.45075239398084765,0.0809057983894026,0.812,expanded,trend,False,B
1789992000,0.0973,3074717824.0,652179.0,346504.0,1.53587239063066,0.5716515766468923,0.10919476517015791,0.984,expanded,trend,False,B
1790006400,0.09853,3175542705.0,621204.0,325692.0,1.5360584693864645,0.5695010982114832,0.16513330898856937,1.0,expanded,trend,False,B
1790020800,0.09986,3179869338.0,483598.0,250845.0,1.4904268626926769,0.5804281345565739,0.17831157597460612,1.0,expanded,trend,False,B
1790035200,0.10196,3303268710.0,552886.0,280850.0,1.511118009256638,0.6030092592592581,0.21714646850339592,1.0,expanded,trend,False,B
1790049600,0.09884,3306178244.0,567789.0,295601.0,1.6741388020948054,0.4698539176626818,0.2206491532445609,1.0,expanded,trend,False,B
1790064000,0.0979,3302078845.0,240392.0,121173.0,1.6839770762428659,0.44152122948684513,0.2027812361050918,0.992,expanded,trend,False,B
1790078400,0.09999,3258087200.0,430071.0,204517.0,1.6362232702865058,0.4568026349125912,0.19590580938806545,0.988,expanded,trend,False,B
1790092800,0.09999,3228980364.0,262554.0,138995.0,1.6172215515443131,0.4679601736022463,0.18045438047757312,0.984,expanded,trend,False,B
1790107200,0.1004,3220536021.0,194033.0,104824.0,1.6154852213793733,0.4732052578361979,0.18624037879294364,0.98,expanded,trend,False,B
1790121600,0.10389,3319757215.0,295256.0,164617.0,1.7004098584582763,0.48223602484472017,0.2042425578241922,1.0,expanded,trend,False,B
1790136000,0.10085,3323072143.0,268821.0,138332.0,1.7817570178876854,0.37878437716662805,0.1967703278456252,1.0,expanded,trend,False,B
1790150400,0.09933,3229175529.0,292533.0,142674.0,1.7303592898219002,0.3187613843351548,0.15113683653760668,0.976,expanded,trend,False,B
1790164800,0.09272,3109815689.0,667209.0,342491.0,2.239274978736245,0.10830921868540706,0.13883576193070146,0.948,expanded,rotation,False,A
1790179200,0.09229,3015318263.0,322719.0,194052.0,2.2366124764050364,0.08921548333678314,0.07149116308162418,0.892,expanded,rotation,False,A
1790193600,0.09267,2969597170.0,126339.0,71100.0,2.23182854924516,0.10838870431893691,0.05777651840573772,0.808,expanded,rotation,False,A
1790208000,0.09313,2931569495.0,132640.0,65015.0,2.20623635830424,0.1061615320566196,0.054170098514608744,0.728,expanded,rotation,False,A
1790222400,0.09457,2931375747.0,113503.0,57991.0,2.2074373271048207,0.16368923971749055,0.035564936416602855,0.724,expanded,rotation,False,A
1790236800,0.09265,2914780836.0,175896.0,84649.0,2.238330103901381,0.08808933002481384,0.026773165490433293,0.704,expanded,rotation,False,A
1790251200,0.09562,2939933074.0,305374.0,148715.0,2.290088632190863,0.13188976377952744,0.03419125083115948,0.748,expanded,rotation,True,C
1790265600,0.0962,2934478742.0,219442.0,119111.0,2.1756744908576637,0.1364793420794985,0.018245418618261233,0.736,expanded,rotation,True,C
1790280000,0.09573,2906447602.0,91360.0,43965.0,2.0272547606422275,0.16033586565373847,0.01140392032829518,0.684,expanded,rotation,True,C
1790294400,0.09517,2928707567.0,116972.0,58622.0,2.010560070565493,0.1937474290415466,0.019616376176766703,0.724,expanded,rotation,False,A
1790308800,0.09546,2937137323.0,82500.0,38748.0,1.9900782283374796,0.22099562591126867,0.016023810546654804,0.744,expanded,rotation,False,A
1790323200,0.098,2937642453.0,183391.0,101021.0,2.004536964066961,0.2564612326043739,0.014479831307122826,0.748,expanded,rotation,False,A
1790337600,0.09741,2926830844.0,364227.0,189513.0,1.909149716294548,0.23162716590320653,0.011776058015515511,0.72,expanded,rotation,False,A
1790352000,0.09806,2940398631.0,175888.0,87646.0,1.9000501466890867,0.217444219066937,0.019093354358099113,0.764,expanded,rotation,False,A
1790366400,0.09893,2951573431.0,147366.0,78469.0,1.8628552833884522,0.23322683706070307,0.034362624185605206,0.784,expanded,rotation,False,A
1790380800,0.09792,2956300672.0,128692.0,65502.0,1.8702973821059727,0.189655172413793,0.04277701266191847,0.792,expanded,rotation,False,A
1790395200,0.09789,2968363310.0,75247.0,43241.0,1.8525723668132104,0.1679342240493322,0.0385200615956367,0.804,expanded,rotation,False,A
1790409600,0.0976,2980843654.0,79336.0,45198.0,1.706837107604157,0.09399823477493383,0.007371660631282584,0.824,expanded,rotation,False,A
1790424000,0.09863,2984755093.0,95522.0,50289.0,1.5979357511581256,0.031375324368954904,-0.029258857608912114,0.836,expanded,rotation,False,A
1790438400,0.09694,2980957811.0,52889.0,23258.0,1.5617476923433984,0.03710618436406089,-0.061276106819038945,0.828,expanded,rotation,False,A
1790452800,0.09667,2960354106.0,87591.0,45725.0,0.9798940182204008,0.07633405120842308,-0.06903278363571552,0.8,normal,rotation,False,A
1790467200,0.09608,2984074725.0,67411.0,33387.0,0.9833382332580868,0.1459781529294935,-0.09662973648910322,0.836,normal,rotation,False,A
1790481600,0.09808,2991392867.0,139796.0,73622.0,1.031185578883338,0.019407558733401355,-0.09521125413345988,0.852,normal,rotation,False,A
1790496000,0.09784,3052231004.0,138741.0,67417.0,1.0302628816158172,0.001560062402496217,-0.07566380232813608,0.916,normal,rotation,False,A
1790510400,0.09687,3043810547.0,172086.0,86308.0,1.0186274697236073,0.08355650776647022,-0.06576762371492084,0.912,normal,rotation,False,A
1790524800,0.09708,3050305674.0,77501.0,39710.0,0.9422536922434904,0.07749667110519297,-0.05533470936895424,0.912,normal,rotation,False,A
1790539200,0.09685,3030239965.0,112804.0,55152.0,0.7871002979111883,0.09499598608509496,-0.059088317832542536,0.9,compressed,rotation,False,A
1790553600,0.09402,2991595785.0,254961.0,131057.0,0.9319051265468148,0.2688640697357666,-0.09885103299639941,0.84,normal,rotation,False,A
1790568000,0.09247,3133387294.0,229417.0,130147.0,0.9666529482763975,0.23793299261783074,-0.05708117092780196,0.952,normal,rotation,False,A
1790582400,0.09317,3140963679.0,146435.0,71843.0,0.9759619635352027,0.17906976744186034,-0.027317143093586238,0.952,normal,rotation,False,A
1790596800,0.0933,3166235125.0,281594.0,152536.0,0.9742675543450392,0.020773638968481275,0.018142372938552587,0.956,normal,rotation,False,A
1790611200,0.09327,3111737728.0,148407.0,66996.0,0.843853241302086,0.0356104651162794,0.031976546616366175,0.94,compressed,rotation,False,A
1790625600,0.09389,3069313791.0,57898.0,26555.0,0.8548786709367094,0.04394812680115273,0.033579174309355864,0.924,normal,rotation,False,A
1790640000,0.09308,3051234647.0,135011.0,63866.0,0.8482776382826042,0.0017787264318750765,0.04081948328501084,0.892,compressed,rotation,False,A
1790654400,0.09502,3054133812.0,102453.0,51863.0,0.9170067084884987,0.01572876616567607,0.04187728752468245,0.896,normal,rotation,False,A
1790668800,0.09571,3048698834.0,123674.0,50718.0,0.917384783571422,0.11176040905770666,0.04594444849712187,0.88,normal,rotation,False,A
1790683200,0.09369,3038508095.0,154163.0,69746.0,0.9786398341986033,0.07302307983352258,0.03352968197533879,0.872,normal,rotation,False,A
1790697600,0.09363,3050524075.0,114858.0,54748.0,0.9788770666422522,0.09918950212273216,0.03954546725423169,0.884,normal,rotation,False,A
1790712000,0.09385,3044749483.0,51145.0,28041.0,0.9567572820698361,0.0732657833203427,0.04758450862999597,0.872,normal,rotation,False,A
1790726400,0.09335,3040874397.0,66774.0,32967.0,0.9217365635434837,0.0710937500000001,0.03829908839785512,0.864,normal,rotation,False,A
1790740800,0.09374,3034955170.0,87793.0,45721.0,0.9271947829774563,0.06692607003891048,0.033303804433661544,0.856,normal,rotation,False,A
1790755200,0.0958,3019153964.0,191344.0,92834.0,0.999599686331967,0.08723235527359272,0.027747253896320156,0.844,normal,rotation,False,A
1790769600,0.09534,3014567279.0,376090.0,186727.0,0.9310720376193524,0.08250298923874066,0.029976599153265004,0.84,normal,rotation,False,A
1790784000,0.0942,2988966514.0,91313.0,47719.0,0.9481493938016451,0.15089913995308804,0.016517448514619337,0.828,normal,rotation,False,A
1790798400,,,47982.0,26302.0,,,,,na,rotation,False,warmup
