t,c,oi,vol_ratio,er30,doi30,oi_pct,vol_state,dir_state,mkt_C,regime
1761926400,0.010048,2880608784,,,,,na,rotation,False,warmup
1761940800,0.01002,2929023255,,,,,na,rotation,False,warmup
1761955200,0.010052,2950435408,,,,,na,rotation,False,warmup
1761969600,0.010088,2949103655,,,,,na,rotation,False,warmup
1761984000,0.010143,2954012539,,,,,na,rotation,False,warmup
1761998400,0.010146,2983898438,,,,,na,rotation,False,warmup
1762012800,0.010183,2992819090,,,,,na,rotation,False,warmup
1762027200,0.010191,2978921184,,,,,na,rotation,False,warmup
1762041600,0.010106,2978898918,,,,,na,rotation,False,warmup
1762056000,0.010231,2946443282,,,,,na,rotation,False,warmup
1762070400,0.010238,2922029906,,,,,na,rotation,False,warmup
1762084800,0.01005,2863079679,,,,,na,rotation,False,warmup
1762099200,0.009988,2801073833,,,,,na,rotation,False,warmup
1762113600,0.010167,2787462642,,,,,na,rotation,False,warmup
1762128000,0.009721,2862187224,,,,,na,rotation,False,warmup
1762142400,0.00964,2820178378,,,,,na,rotation,False,warmup
1762156800,0.009631,2845677555,,,,,na,rotation,False,warmup
1762171200,0.009236,3113527898,,,,,na,rotation,False,warmup
1762185600,0.009248,3244528759,,,,,na,rotation,False,warmup
1762200000,0.009183,3274253233,,,,,na,rotation,False,warmup
1762214400,0.009286,3154132455,,,,,na,rotation,False,warmup
1762228800,0.008935,3345717636,,,,,na,rotation,False,warmup
1762243200,0.009142,3316862930,,,,,na,rotation,False,warmup
1762257600,0.009075,3334120211,,,,,na,rotation,False,warmup
1762272000,0.008743,3410745906,,,,,na,rotation,False,warmup
1762286400,0.008842,3320278925,,,,,na,rotation,False,warmup
1762300800,0.009066,3438553932,,,,,na,rotation,False,warmup
1762315200,0.009028,3405563496,,,,,na,rotation,False,warmup
1762329600,0.008925,3355907445,,,,,na,rotation,False,warmup
1762344000,0.009121,3313253741,,,,,na,rotation,False,warmup
1762358400,0.00917,3316136349,,0.2424075096631696,0.1511928893014165,,na,rotation,False,warmup
1762372800,0.009154,3303448717,,0.2398891966759,0.12783287444400981,,na,rotation,False,warmup
1762387200,0.009138,3269026118,,0.25431274346132454,0.10798091330389847,,na,rotation,False,warmup
1762401600,0.008969,3431677485,,0.30024148108398185,0.16363406867094343,,na,rotation,False,warmup
1762416000,0.008999,3314564800,,0.30902215018908674,0.12205508820286015,,na,rotation,False,warmup
1762430400,0.008889,3374443891,,0.3300078760829617,0.13088429821417402,,na,rotation,False,warmup
1762444800,0.009027,3492100563,,0.2956521739130431,0.16682647964531672,,na,rotation,False,warmup
1762459200,0.009019,3456361954,,0.2997442455242968,0.16027304534418985,,na,rotation,False,warmup
1762473600,0.009225,3314188286,,0.21855618953113348,0.11255479867880491,,na,rotation,False,warmup
1762488000,0.009412,3409687571,,0.20009772782799895,0.15722151918891059,,na,rotation,False,warmup
1762502400,0.009236,3356554826,,0.23510089160018777,0.14870652730410483,,na,rotation,False,warmup
1762516800,0.009438,3394983853,,0.1431244153414404,0.18578043003881062,,na,rotation,False,warmup
1762531200,0.010077,3523711692,,0.01833917164640403,0.2579860089678685,,na,rotation,False,warmup
1762545600,0.010023,3490214876,,0.03045685279187817,0.2521118035489711,,na,rotation,False,warmup
1762560000,0.010077,3537801666,,0.08210332103321004,0.2360483047142552,,na,rotation,False,warmup
1762574400,0.009978,3469629165,,0.07762976573266002,0.23028713079510044,,na,rotation,False,warmup
1762588800,0.010084,3465058767,,0.10177488204897751,0.21765684974101007,,na,rotation,False,warmup
1762603200,0.009749,3376168406,,0.11682987929856571,0.08435463455095715,,na,rotation,False,warmup
1762617600,0.009843,3225874071,,0.13302034428795015,-0.005749583186234308,,na,rotation,False,warmup
1762632000,0.009955,3171002432,,0.17079646017699138,-0.031534152569316576,,na,rotation,False,warmup
1762646400,0.009663,3355471724,,0.08005946060734749,0.06383348571200065,,na,rotation,False,warmup
1762660800,0.009862,3155248611,,0.20342330480579338,-0.05692919897081239,,na,rotation,False,warmup
1762675200,0.009952,3212595872,,0.18243243243243265,-0.03143544373116436,,na,rotation,False,warmup
1762689600,0.009951,3051745087,,0.20027434842249683,-0.08469254439848395,,na,rotation,False,warmup
1762704000,0.010015,3011604968,,0.30979055041402837,-0.11702453041073879,,na,rotation,False,warmup
1762718400,0.009984,2841148225,,0.2828132738979697,-0.14430435238208184,,na,rotation,False,warmup
1762732800,0.010086,2823648836,,0.26046986721144055,-0.1788266545065782,,na,rotation,False,warmup
1762747200,0.010023,2938370898,,0.2524739913727486,-0.13718510858738664,,na,rotation,False,warmup
1762761600,0.010057,3086282405,,0.2923553719008266,-0.08034340768298509,,na,rotation,False,warmup
1762776000,0.010011,2994546767,,0.23911875335840987,-0.09619153826226678,,na,rotation,False,warmup
1762790400,0.01009,3026462926,,0.24520255863539497,-0.08735268774076577,,na,rotation,False,warmup
1762804800,0.010139,3012335812,,0.2602377807133423,-0.08812393650971273,,na,rotation,False,warmup
1762819200,0.010169,2993065767,,0.27138720715977893,-0.08441668589935691,,na,rotation,False,warmup
1762833600,0.009853,2960617806,,0.22402432843385775,-0.1372680507008659,,na,rotation,False,warmup
1762848000,0.00986,2920068551,,0.21947489166454304,-0.11901901842437956,,na,rotation,False,warmup
1762862400,0.009787,3028990572,,0.23108594956253298,-0.10237340734020228,,na,rotation,False,warmup
1762876800,0.009713,2907225967,,0.17948717948717963,-0.16748503814493387,,na,rotation,False,warmup
1762891200,0.009631,2918326649,,0.15708418891170509,-0.155665208725417,,na,rotation,False,warmup
1762905600,0.009649,2885177320,,0.11434735706580379,-0.1294467691567962,,na,rotation,False,warmup
1762920000,0.009678,2853743415,,0.07492957746478913,-0.16304841555818894,,na,rotation,False,warmup
1762934400,0.009891,2819838708,,0.18260384722609516,-0.159900894167608,,na,rotation,False,warmup
1762948800,0.00972,2813122431,,0.07930258717660299,-0.17138856830963545,,na,rotation,False,warmup
1762963200,0.009501,2824769214,,0.1836734693877553,-0.1983540479735707,,na,rotation,False,warmup
1762977600,0.009501,2810635569,,0.16937053861129192,-0.1947098763669357,,na,rotation,False,warmup
1762992000,0.009658,2871400590,,0.13155416012558888,-0.1883658664091996,,na,rotation,False,warmup
1763006400,0.009742,2918103513,,0.07444794952681409,-0.15895809775970682,,na,rotation,False,warmup
1763020800,0.009786,2828280078,,0.09588159588159599,-0.1837713966252048,,na,rotation,False,warmup
1763035200,0.009697,2860457748,,0.01816911250873518,-0.15275027664008056,,na,rotation,False,warmup
1763049600,0.009133,2965621540,,0.21308523409363744,-0.08067659346644096,,na,rotation,False,warmup
1763064000,0.009295,2990099500,,0.19515079834417573,-0.05704913063907735,,na,rotation,False,warmup
1763078400,0.009214,2986549535,,0.14159571113213526,-0.10994644549119137,,na,rotation,False,warmup
1763092800,0.009237,3070374197,,0.20868113522537576,-0.026899437877606958,,na,rotation,False,warmup
1763107200,0.009152,2985462250,,0.2675585284280946,-0.07070096303728302,,na,rotation,False,warmup
1763121600,0.00925,3024408418,,0.22708130871396265,-0.008957717050631198,,na,rotation,False,warmup
1763136000,0.009264,2992201904,,0.24728350345736008,-0.006442765304934928,,na,rotation,False,warmup
1763150400,0.008971,2869069210,,0.30706274628675456,0.009827359500048649,,na,rotation,False,warmup
1763164800,0.009194,2898216671,,0.2608187134502927,0.026408324593802268,,na,rotation,False,warmup
1763179200,0.009196,2881158523,,0.24620422744864653,-0.019470780574004976,,na,rotation,False,warmup
1763193600,0.009067,2863314760,,0.28662420382165676,-0.0722447319269216,,na,rotation,False,warmup
1763208000,0.009097,2914656703,,0.2658522396742305,-0.026678516054713497,,na,rotation,False,warmup
1763222400,0.0091,2918620253,,0.29446757882213026,-0.03563323775537963,,na,rotation,False,warmup
1763236800,0.009041,2895397438,,0.3256227758007126,-0.03881983327826932,,na,rotation,False,warmup
1763251200,0.009139,2900879676,,0.29941860465116343,-0.03079988820038515,,na,rotation,False,warmup
1763265600,0.00918,2898218775,,0.2126382306477097,-0.02107635469648994,,na,rotation,False,warmup
1763280000,0.009029,2917753910,,0.2511332728921129,-0.0007926666650367453,,na,rotation,False,warmup
1763294400,0.008856,2976703982,,0.2731006160164278,-0.01726205108835177,,na,rotation,False,warmup
1763308800,0.008801,3014146422,,0.26902654867256676,0.03677748348895382,,na,rotation,False,warmup
1763323200,0.008893,2965103312,,0.21705882352941233,0.01602859056782724,,na,rotation,False,warmup
1763337600,0.008972,2950599442,,0.19560820572088974,0.02267525172421636,,na,rotation,False,warmup
1763352000,0.009036,2969967092,,0.18363844393592707,0.04072674382325303,,na,rotation,False,warmup
1763366400,0.009069,2915698779,,0.24788902291917997,0.033994877341048335,,na,rotation,False,warmup
1763380800,0.008905,2988229885,,0.24629797521909966,0.062246652356951815,,na,rotation,False,warmup
1763395200,0.008541,2960146489,,0.27793862188766694,0.04792507449070493,,na,rotation,False,warmup
1763409600,0.008581,2965824167,,0.2633085289066976,0.05521477053505541,,na,rotation,False,warmup
1763424000,0.008777,2973055400,,0.24936314746674224,0.035402517626424324,,na,rotation,False,warmup
1763438400,0.008726,2942741938,,0.2902857142857148,0.008443300551278288,,na,rotation,False,warmup
1763452800,0.008762,2961612718,,0.2932416953035506,0.04714265784253069,,na,rotation,False,warmup
1763467200,0.008874,3019010537,,0.23413940256045537,0.05542916657687336,,na,rotation,False,warmup
1763481600,0.008948,2971472184,,0.06115702479338881,0.0019728221963211112,,na,rotation,False,warmup
1763496000,0.008873,2967369264,,0.1436351259360105,-0.007601832648044038,,na,rotation,False,warmup
1763510400,0.00877,2956518968,,0.14999999999999994,-0.01005527169332554,,na,rotation,False,warmup
1763524800,0.008724,2961706883,,0.1719745222929935,-0.03539220532343468,,na,rotation,False,warmup
1763539200,0.008686,2964599094,,0.15871934604904664,-0.006988249809556257,,na,rotation,False,warmup
1763553600,0.008532,3071493085,,0.23997326203208538,0.015568223762297384,,na,rotation,False,warmup
1763568000,0.008295,3125045545,,0.30139968895800906,0.04439661669301587,,na,rotation,False,warmup
1763582400,0.00856,3029180544,,0.12896140571069967,0.05580602009945945,,na,rotation,False,warmup
1763596800,0.008632,3003077441,,0.18511198945981552,0.03618113547177226,,na,rotation,False,warmup
1763611200,0.008696,2993773369,,0.16139444803098724,0.0390866538932193,,na,rotation,False,warmup
1763625600,0.008674,2987103644,,0.13139418254764307,0.04323271954914243,,na,rotation,False,warmup
1763640000,0.008697,2985505343,,0.13404825737265366,0.02430771347002092,,na,rotation,False,warmup
1763654400,0.008293,3109894825,,0.23840472673559804,0.06553595720559824,,na,rotation,False,warmup
1763668800,0.008247,3129356859,,0.23546856465005894,0.08080390551205574,,na,rotation,False,warmup
1763683200,0.008219,3041078833,,0.27861901877649836,0.04832987667841482,,na,rotation,False,warmup
1763697600,0.007886,3057475791,,0.36004451864218107,0.05494996353406756,,na,trend,False,warmup
1763712000,0.007704,3193205907,,0.36551724137931013,0.09440549323092151,,na,trend,False,warmup
1763726400,0.007802,3090287424,,0.29690140845070384,0.03815745290322248,,na,trend,False,warmup
1763740800,0.007849,3268605262,,0.2687747035573119,0.08442152582327345,,na,trend,False,warmup
1763755200,0.007839,3315551042,,0.30462427745664694,0.11819073169616434,,na,trend,False,warmup
1763769600,0.007797,3300184066,,0.34326614081215306,0.11847918732169282,,na,trend,False,warmup
1763784000,0.007821,3316765210,,0.3591486845994679,0.11676833690654242,,na,trend,False,warmup
1763798400,0.007701,3386664893,,0.39423631123919295,0.16152769874312178,,na,trend,False,warmup
1763812800,0.007625,3509172142,,0.3784742755765817,0.17433138581973595,,na,trend,False,warmup
1763827200,0.007698,3454115892,,0.2727272727272726,0.16687329658704608,,na,trend,False,warmup
1763841600,0.007793,3447724768,,0.2504767959313414,0.16248454859933714,,na,trend,False,warmup
1763856000,0.007909,3416833056,,0.2831050228310504,0.14926652762676396,,na,trend,False,warmup
1763870400,0.007903,3321499575,,0.2724263488910954,0.12870909001875241,,na,trend,False,warmup
1763884800,0.007919,3307713891,,0.2809063645451518,0.11686240098054568,,na,trend,False,warmup
1763899200,0.008014,3334827197,,0.28820375335120646,0.10460932684051771,,na,trend,False,warmup
1763913600,0.007956,3449392177,,0.3342318059299191,0.16083609854178604,,na,trend,False,warmup
1763928000,0.007856,3424460364,,0.33979284998329445,0.15403917050210447,,na,trend,False,warmup
1763942400,0.008001,3423267383,,0.25337726523888,0.1578709353979697,,na,trend,False,warmup
1763956800,0.007993,3258094367,,0.24391057724391085,0.10007319958002747,,na,trend,False,warmup
1763971200,0.007951,3264917756,,0.24491836054648447,0.10130161026083084,,na,trend,False,warmup
1763985600,0.008059,3239956708,,0.1600676818950929,0.054847469402653726,,na,rotation,False,warmup
1764000000,0.008338,3295604404,,0.01434768101434756,0.05457803943782191,,na,rotation,False,warmup
1764014400,0.00833,3243396562,,0.08394160583941582,0.07071748114330956,,na,rotation,False,warmup
1764028800,0.00826,3202417526,,0.13586559532505513,0.06637860292194842,,na,rotation,False,warmup
1764043200,0.008189,3209887180,,0.1846994535519128,0.07218776586024211,,na,rotation,False,warmup
1764057600,0.008156,3254919676,,0.18795355587808407,0.0896574287062133,,na,rotation,False,warmup
1764072000,0.00813,3245436282,,0.20550924247915922,0.08706430206512605,,na,rotation,False,warmup
1764086400,0.00839,3122199552,,0.03709369024856595,0.003956637665391227,,na,rotation,False,warmup
1764100800,0.008794,3075210644,,0.18398923646148643,-0.017302665512332394,,na,rotation,False,warmup
1764115200,0.008554,3212936141,,0.1051805337519625,0.056511954289085065,,na,rotation,False,warmup
1764129600,0.008663,3240680067,,0.26241134751773076,0.0599201068212154,,na,rotation,False,warmup
1764144000,0.008472,3218940759,,0.2585858585858591,0.008059252284227991,,na,rotation,False,warmup
1764158400,0.008351,3347439417,,0.18342799866354884,0.08321296944837187,,na,rotation,False,warmup
1764172800,0.008671,3439260741,,0.25168401714635674,0.05221048897644476,,na,rotation,False,warmup
1764187200,0.008585,3394972525,,0.22321962896469222,0.023954233246275658,,na,rotation,False,warmup
1764201600,0.008589,3336662577,,0.23970944309927392,0.011053477706234105,,na,rotation,False,warmup
1764216000,0.008562,3311786288,,0.2240701542183254,-0.0015011379114170387,,na,rotation,False,warmup
1764230400,0.008538,3247078760,,0.26066645904702646,-0.041216399440202944,,na,rotation,False,warmup
1764244800,0.008727,3138933689,,0.33152827918170974,-0.1055059250496011,,na,rotation,False,warmup
1764259200,0.008771,3155394499,,0.32564491654021316,-0.08648273605754275,,na,rotation,False,warmup
1764273600,0.008751,3058913233,,0.2975155279503116,-0.11277336828297546,,na,rotation,False,warmup
1764288000,0.008709,3006678054,,0.2542911633820733,-0.12003952059634959,,na,rotation,False,warmup
1764302400,0.008736,3025196268,,0.2630249447426594,-0.08920769077623625,,na,rotation,False,warmup
1764316800,0.008858,3180064457,,0.2868927589367557,-0.03859143753252747,,na,rotation,False,warmup
1764331200,0.008848,3260901264,,0.26160602258469323,-0.022167845178455936,,na,rotation,False,warmup
1764345600,0.008701,3177182025,,0.22734208117180443,-0.07891539669367087,,na,rotation,False,warmup
1764360000,0.008637,3173397392,,0.24097500771366948,-0.07331460881817353,,na,rotation,False,warmup
1764374400,0.008576,3152976634,,0.1821349382325,-0.0789569492416129,,na,rotation,False,warmup
1764388800,0.008529,3235807416,,0.16770963704630829,-0.006840486643277188,,na,rotation,False,warmup
1764403200,0.008512,3247540090,,0.17691579943235644,-0.005322543261025436,,na,rotation,False,warmup
1764417600,0.008489,3268362502,,0.13933895009721356,0.008767337517153084,,na,rotation,False,warmup
1764432000,0.00847,3260333925,,0.04670912951167748,-0.010702279362532319,,na,rotation,False,warmup
1764446400,0.008516,3221825736,,0.06494413407821202,-0.006650690283367178,,na,rotation,False,warmup
1764460800,0.008492,3177509560,,0.0823278921220725,-0.007777863379080152,,na,rotation,False,warmup
1764475200,0.008503,3180595302,,0.11385061638868783,-0.009125516367836983,,na,rotation,False,warmup
1764489600,0.008484,3180448406,,0.11953352769679344,-0.022879603004986704,,na,rotation,False,warmup
1764504000,0.008521,3171717087,,0.14192377495462863,-0.02271472572389266,,na,rotation,False,warmup
1764518400,0.008479,3239719633,,0.03508080409933023,0.03764015689667222,,na,rotation,False,warmup
1764532800,0.008364,3228663573,,0.1912811387900361,0.049899973291065436,,na,rotation,False,warmup
1764547200,0.00795,3295748491,,0.24938067712634268,0.02577466415943941,,na,rotation,False,warmup
1764561600,0.007994,3322697944,,0.2838353839626658,0.025308847311152904,,na,rotation,False,warmup
1764576000,0.007992,3299469899,,0.22140221402214091,0.02501727929439035,,na,rotation,False,warmup
1764590400,0.007964,3384320345,,0.18650602409638636,0.011017653616880896,,na,rotation,False,warmup
1764604800,0.007892,3476578348,,0.42638204707170385,0.010850473345952016,,na,trend,False,warmup
1764619200,0.007967,3471508631,,0.3403083700440541,0.02254395446101576,,na,trend,False,warmup
1764633600,0.007984,3399225148,,0.3307818480043746,0.01875004426016913,,na,trend,False,warmup
1764648000,0.007935,3368809522,,0.33873581847650025,0.0172182710601283,,na,trend,False,warmup
1764662400,0.007994,3404862333,,0.28844114528101905,0.048592468696386115,,na,trend,False,warmup
1764676800,0.00853,3543982994,,0.08822212270488189,0.12904041471772554,,na,rotation,False,warmup
1764691200,0.008449,3520404209,,0.14185022026431704,0.11567799529208722,,na,rotation,False,warmup
1764705600,0.008452,3405041598,,0.13271193963604125,0.11315403172143523,,na,rotation,False,warmup
1764720000,0.008588,3360039974,,0.05155517682147408,0.11752569236001076,,na,rotation,False,warmup
1764734400,0.008732,3286382531,,0.0016233766233768405,0.08633696456748363,,na,rotation,False,warmup
1764748800,0.008903,3239456108,,0.017906884202148803,0.01867624125330747,,na,rotation,False,warmup
1764763200,0.009105,3399320834,,0.09500924214417758,0.042448255495539655,,na,rotation,False,warmup
1764777600,0.008965,3547226149,,0.09785025945144568,0.11646928664718237,,na,rotation,False,warmup
1764792000,0.008969,3546876580,,0.12585291887793754,0.11769064565992426,,na,rotation,False,warmup
1764806400,0.008889,3452517369,,0.1178020323673313,0.09500252293972444,,na,rotation,False,warmup
1764820800,0.008829,3430820567,,0.11235955056179785,0.060267230378336034,,na,rotation,False,warmup
1764835200,0.00877,3437877746,,0.09513274336283178,0.058609794098030576,,na,rotation,False,warmup
1764849600,0.008869,3304602096,,0.13629842180774768,0.011087997117156911,,na,rotation,False,warmup
1764864000,0.008688,3136549801,,0.07389830508474562,-0.037966701217575394,,na,rotation,False,warmup
1764878400,0.008698,3293370916,,0.062457103637611526,0.0222064089936862,,na,rotation,False,warmup
1764892800,0.008676,3301780148,,0.06318681318681328,0.039109430090904285,,na,rotation,False,warmup
1764907200,0.008612,3225886082,,0.03676222596964581,0.014239717945731867,,na,rotation,False,warmup
1764921600,0.008408,3247274952,,0.024126984126984052,0.02101167428904982,,na,rotation,False,warmup
1764936000,0.008386,3205826579,,0.043062200956938294,0.010754266873235885,,na,rotation,False,warmup
1764950400,0.008243,3260334736,,0.07292954264524117,0.00636323674123318,,na,rotation,False,warmup
1764964800,0.0083,3194050470,,0.020138451856513504,-0.010720566642327012,,na,rotation,False,warmup
1764979200,0.008295,3136735645,,0.12459371614301205,-0.04824787038034939,,na,rotation,False,warmup
1764993600,0.008346,3149225242,,0.12680115273775233,-0.052208387558444924,,na,rotation,False,warmup
1765008000,0.008449,3238019738,,0.15884602015988858,-0.01862425264695522,,na,rotation,False,warmup
1765022400,0.008373,3277712678,,0.13982905982905985,-0.031500465716108206,,na,rotation,False,warmup
1765036800,0.008376,3313747245,,0.16946778711484622,-0.0468365981435952,,na,rotation,False,warmup
1765051200,0.008419,3279083952,,0.16005665722379606,-0.055429699146267275,,na,rotation,False,warmup
1765065600,0.008494,3253373363,,0.17696044413601694,-0.042907362310441455,,na,rotation,False,warmup
1765080000,0.008445,3234361015,,0.17696044413601694,-0.03990979784460491,,na,rotation,False,warmup
1765094400,0.008396,3234019106,,0.1399721448467974,-0.05017625098794265,,na,rotation,False,warmup
1765108800,0.008411,3103726552,,0.05061675882603132,-0.12422645445685232,,na,rotation,False,warmup
1765123200,0.008516,3221975261,,0.02821052631578928,-0.08477121667934018,,na,rotation,False,warmup
1765137600,0.008329,3229142688,,0.04806565064478318,-0.05165837330836631,,na,rotation,False,warmup
1765152000,0.008369,3253521206,,0.08891595615103576,-0.031701637130582494,,na,rotation,False,warmup
1765166400,0.008423,3263354434,,0.13021491782553776,-0.007007126158558585,,na,rotation,False,warmup
1765180800,0.008477,3313925491,,0.18882978723404273,0.022988236456142674,,na,rotation,False,warmup
1765195200,0.008496,3276057818,,0.29377713458755533,-0.0362610715549776,,na,rotation,False,warmup
1765209600,0.008444,3137493184,,0.2624685138539054,-0.11550799069168682,,na,rotation,False,warmup
1765224000,0.008569,3050978879,,0.18993352326685672,-0.13981250540158352,,na,rotation,False,warmup
1765238400,0.008527,3106077262,,0.1750483558994199,-0.1003442039454081,,na,rotation,False,warmup
1765252800,0.008587,3119374636,,0.11702127659574539,-0.09077884573611983,,na,rotation,False,warmup
1765267200,0.008521,3141516308,,0.12,-0.08620476348957407,,na,rotation,False,warmup
1765281600,0.008826,3030302808,,0.01885138097325724,-0.08300523936967208,,na,rotation,False,warmup
1765296000,0.008873,3168818184,,0.08616674429436505,0.010287859287205325,,na,rotation,False,warmup
1765310400,0.008717,3068521788,,0.008286088094200485,-0.0682732476040363,,na,rotation,False,warmup
1765324800,0.008608,3025024777,,0.02857142857142878,-0.08382004815421773,,na,rotation,False,warmup
1765339200,0.008571,3051326081,,0.01742456438589013,-0.054112264526023024,,na,rotation,False,warmup
1765353600,0.008516,3119756402,,0.04900181488203218,-0.039269403387434454,,na,rotation,False,warmup
1765368000,0.008492,3242199256,,0.04805077062556685,0.011345803056928228,,na,rotation,False,warmup
1765382400,0.00876,3129188170,,0.2217932217932222,-0.04022487769488958,,na,rotation,False,warmup
1765396800,0.008541,3106229022,,0.0966706778981148,-0.027495322577041237,,na,rotation,False,warmup
1765411200,0.008251,3021692297,,0.015838732901368134,-0.03667613755828636,,na,rotation,False,warmup
1765425600,0.008281,3024734046,,0.023576351106274613,-0.039530737382550196,,na,rotation,False,warmup
1765440000,0.00824,3163598324,,0.077551020408163,-0.022983619626101293,,na,rotation,False,warmup
1765454400,0.008258,3217668438,,0.04361016306408823,-0.01831894552656088,,na,rotation,False,warmup
1765468800,0.008363,3157878981,,0.004746257758305634,-0.0470368596262688,,na,rotation,False,warmup
1765483200,0.008501,2921679656,,0.028934368383909857,-0.10899516487890148,,na,rotation,False,warmup
1765497600,0.008441,2917721666,,0.01880099326002103,-0.10317035874741687,,na,rotation,False,warmup
1765512000,0.008437,2923254411,,0.0028839221341021397,-0.09618796496655146,0.148,na,rotation,False,warmup
1765526400,0.00842,2940982569,,0.008752735229759202,-0.0906106387733876,0.156,na,rotation,False,warmup
1765540800,0.008172,2984179743,,0.08033613445378143,-0.038517184744566335,0.248,na,rotation,False,warmup
1765555200,0.008187,3113829251,,0.11403812824956658,-0.03356512736427242,0.42,na,rotation,False,warmup
1765569600,0.008271,3125131932,,0.020848310567936387,-0.0322100216836253,0.436,na,rotation,False,warmup
1765584000,0.008346,3115037111,,0.00816471423500194,-0.04256437448282613,0.416,na,rotation,False,warmup
1765598400,0.008347,3076581230,,0.027496382054992656,-0.05723350245197423,0.38,na,rotation,False,warmup
1765612800,0.008375,3070697777,,0.037253469685902006,-0.07339564955837441,0.368,na,rotation,False,warmup
1765627200,0.008343,3017691961,,0.055616139585605365,-0.07886486483249244,0.292,na,rotation,False,warmup
1765641600,0.008324,3000521452,,0.04415011037527605,-0.04365642376483969,0.268,na,rotation,False,warmup
1765656000,0.008347,2977898085,,0.0848623853211009,-0.02395322842220171,0.22,na,rotation,False,warmup
1765670400,0.008353,3010640029,,0.06744186046511652,-0.03072596878628453,0.276,na,rotation,False,warmup
1765684800,0.008264,2955508534,,0.12380222307397425,-0.05253171584741967,0.156,na,rotation,False,warmup
1765699200,0.008201,3013655357,,0.12279355333845002,-0.040700393843061344,0.284,na,rotation,False,warmup
1765713600,0.008083,3172210131,,0.3071517155849526,0.04682942002540624,0.504,na,rotation,False,warmup
1765728000,0.008074,3221301396,,0.33557328853422963,0.01656239296561668,0.564,na,rotation,False,warmup
1765742400,0.008067,3272220209,,0.29121863799283193,0.06638324088054359,0.696,na,rotation,False,warmup
1765756800,0.008177,3204967478,,0.19301388266905461,0.059484703189259136,0.532,na,rotation,False,warmup
1765771200,0.008152,3251478036,,0.1886537595677625,0.06559507233471584,0.644,na,rotation,False,warmup
1765785600,0.008206,3262437905,,0.13963963963963932,0.045734821766382217,0.672,na,rotation,False,warmup
1765800000,0.007913,3222572722,0.7265734437146298,0.23262354359180365,-0.006053463236005419,0.568,compressed,rotation,False,A
1765814400,0.007823,3310416976,0.7343860705140798,0.4054521852012116,0.05791559860077067,0.752,compressed,trend,False,B
1765828800,0.007895,3375795388,0.6551358637407078,0.2985212569316086,0.08678251477620758,0.848,compressed,trend,False,B
1765843200,0.007826,3360210718,0.6598776701472269,0.21873391662377784,0.11202941521745546,0.836,compressed,trend,False,B
1765857600,0.007771,3384347670,0.6400859477345615,0.259146341463415,0.1188909895980983,0.856,compressed,trend,False,B
1765872000,0.00796,3401471478,0.7219602452702079,0.13232514177693808,0.07519069415210633,0.88,compressed,rotation,False,A
1765886400,0.007942,3544718146,0.7240889372108409,0.14933837429111546,0.10164182988452453,0.992,compressed,rotation,False,A
1765900800,0.007911,3581312031,0.722149076381128,0.22135161606268428,0.13408780151097255,1.0,compressed,rotation,False,A
1765915200,0.007862,3628016199,0.7256680889609454,0.32718894009216626,0.24175701177555786,1.0,compressed,rotation,False,A
1765929600,0.007826,3675527185,0.7278902289069025,0.31881804043545925,0.2597250888700773,1.0,compressed,rotation,False,A
1765944000,0.007803,3670561215,0.7272626542484153,0.3254620123203287,0.25564206837007997,0.996,compressed,rotation,False,A
1765958400,0.007768,3717148109,0.7280239632577705,0.3316378433367247,0.26391368251594693,1.0,compressed,rotation,False,A
1765972800,0.007725,3712002072,0.7234450532272838,0.2538330494037481,0.24389359612377737,0.996,compressed,rotation,False,A
1765987200,0.007565,3781756557,0.7679313433864114,0.32633788037775446,0.21450351068077889,1.0,compressed,rotation,False,A
1766001600,0.007522,3790366161,0.7602322669606304,0.40160857908847225,0.2128659664535404,1.0,compressed,trend,False,B
1766016000,0.007476,3774042574,0.7653900892238948,0.47385620915032617,0.21155621571020178,0.992,compressed,trend,False,B
1766030400,0.007453,3741568666,0.7690479574414995,0.481162540365985,0.21614493045580985,0.988,compressed,trend,False,B
1766044800,0.007471,3903323612,0.734788270369543,0.4891774891774896,0.2711519971898557,1.0,compressed,trend,False,B
1766059200,0.007447,4604218670,0.7426951012826253,0.48695652173913084,0.5257417687106334,1.0,compressed,trend,False,B
1766073600,0.007024,4763399850,1.0530662520122012,0.5793226381461679,0.5875240108098383,1.0,normal,trend,False,B
1766088000,0.00703,4837654972,0.9734393033840898,0.5913785361472841,0.6245199915899742,1.0,normal,trend,False,B
1766102400,0.007266,4867216178,1.119028393892614,0.44240944240944235,0.6166715818286226,1.0,normal,trend,False,B
1766116800,0.007364,4800119135,1.131324168181735,0.36496350364963526,0.6241262983272442,0.992,normal,trend,False,B
1766131200,0.007391,4766362671,1.1327994971308082,0.3333333333333333,0.581588505111867,0.988,normal,trend,False,B
1766145600,0.007483,4756689733,1.1516025086483825,0.24958402662229612,0.49948759274043186,0.98,normal,trend,False,B
1766160000,0.007614,4704765958,1.1222598504222943,0.18210609659540758,0.4605171573954765,0.976,normal,rotation,False,A
1766174400,0.00751,4694603952,1.1345614526119823,0.21235226839496738,0.43468460315960344,0.972,normal,rotation,False,A
1766188800,0.007441,4667220869,1.1383057590735437,0.2850503485670026,0.4562459372949681,0.968,normal,rotation,False,A
1766203200,0.007474,4669553144,1.1422052633629491,0.26177606177606183,0.436132458008091,0.968,normal,rotation,False,A
1766217600,0.007496,4664089566,1.1444002059372533,0.2775605942142299,0.4296332073790077,0.96,normal,rotation,False,A
1766232000,0.007443,4657228088,1.1465994154017365,0.20276100086281285,0.44518944637178626,0.956,normal,rotation,False,A
1766246400,0.007438,4681344455,1.146366675910978,0.17241379310344834,0.414125316822324,0.968,normal,rotation,False,A
1766260800,0.007427,4674679860,1.1452374384448958,0.21546961325966832,0.3847639808434977,0.964,normal,rotation,False,A
1766275200,0.007387,4672265792,1.1101850840422531,0.20485300979934637,0.3904680938524403,0.96,normal,rotation,False,A
1766289600,0.007399,4693546218,1.1086897102626132,0.17714285714285707,0.38683925992745305,0.968,normal,rotation,False,A
1766304000,0.007377,4743828389,1.1063037698133504,0.3016037247801345,0.39464006083310754,0.976,normal,rotation,False,A
1766318400,0.007226,4791749736,1.143343658215414,0.34656340755082266,0.3517999284110078,0.988,normal,rotation,False,A
1766332800,0.007264,4834628059,1.1462273576331237,0.3121080559575494,0.3499600194429413,0.992,normal,rotation,False,A
1766347200,0.00728,4862767369,1.147017110541641,0.2852941176470584,0.3403378326536519,0.996,normal,rotation,False,A
1766361600,0.007301,4858449647,0.7460523135667779,0.25925925925925886,0.3218374949932523,0.992,compressed,rotation,False,A
1766376000,0.007226,4952670888,0.767326444211701,0.27780452575830517,0.34929527064160415,1.0,compressed,rotation,False,A
1766390400,0.007264,4972453802,0.60539664089656,0.24230769230769222,0.337706665483853,1.0,compressed,rotation,False,A
1766404800,0.007324,5061667367,0.5870239472832889,0.19122556032427276,0.36359497349978853,1.0,compressed,rotation,False,A
1766419200,0.007175,4982987744,0.6534685489091087,0.18696069031639478,0.31763842248823004,0.996,compressed,rotation,False,A
1766433600,0.007199,5009025954,0.6230388909640667,0.15626511852926955,0.321515057183416,0.996,compressed,rotation,False,A
1766448000,0.007187,5045770078,0.5481421381483734,0.14215445154943437,0.3369669205008814,0.996,compressed,rotation,False,A
1766462400,0.007139,5084803111,0.5259450048946207,0.15257531584062192,0.3590030184949171,1.0,compressed,rotation,False,A
1766476800,0.007154,5151899341,0.519533138145345,0.15425790754257926,0.319875022701551,1.0,compressed,rotation,False,A
1766491200,0.007098,5156483096,0.5165632999771753,0.16722568279827482,0.11994747981854648,1.0,compressed,rotation,False,A
1766505600,0.007111,5162852013,0.5141464336422227,0.05187835420393577,0.08385862526321408,1.0,compressed,rotation,False,A
1766520000,0.007119,5159043655,0.5121482914506336,0.05300774270399079,0.06643480877825603,0.996,compressed,rotation,False,A
1766534400,0.007045,5153419634,0.5252482650106151,0.14568226763348702,0.058802289755209625,0.988,compressed,rotation,False,A
1766548800,0.007007,5184544745,0.5263097966550695,0.24502402196293732,0.08008668101526184,1.0,compressed,rotation,False,A
1766563200,0.007104,5199178946,0.5778305057302464,0.18795022920759658,0.09080640834013454,1.0,compressed,rotation,False,A
1766577600,0.00723,5100953821,0.6433901011538593,0.16207559256886597,0.07237472009402546,0.972,compressed,rotation,False,A
1766592000,0.007151,5070122764,0.6589515546116971,0.3068257123923127,0.07765674408920309,0.964,compressed,rotation,False,A
1766606400,0.007214,5049695835,0.6051403170991209,0.20163487738419641,0.07563830445137398,0.956,compressed,rotation,False,A
1766620800,0.007251,5023710212,0.6048874191370642,0.13231197771587758,0.07638150261279186,0.948,compressed,rotation,False,A
1766635200,0.007251,5035716642,0.6038685490457893,0.15894511760513205,0.07841510455245393,0.948,compressed,rotation,False,A
1766649600,0.007168,4963175410,0.6242984083872952,0.22404371584699492,0.06412523596893549,0.928,compressed,rotation,False,A
1766664000,0.007259,4909766537,0.6374499871774613,0.12250332889480717,0.054225054952902196,0.92,compressed,rotation,False,A
1766678400,0.007237,4961828457,0.6385361230999737,0.1323238973008559,0.059915266799140054,0.924,compressed,rotation,False,A
1766692800,0.007063,4946249537,0.7225881478180519,0.21640903686088003,0.05809374869148787,0.916,compressed,rotation,False,A
1766707200,0.007222,4953000941,0.7518062715236564,0.09161576901721284,0.060085440661505896,0.92,compressed,rotation,False,A
1766721600,0.007157,4966034757,0.7690251311713665,0.13052858683926655,0.05805600421169643,0.928,compressed,rotation,False,A
1766736000,0.007204,4994302387,0.7760590059834699,0.09207025013304931,0.05279997028998773,0.936,compressed,rotation,False,A
1766750400,0.007139,5040620790,0.7843002286455234,0.04852203011712185,0.05193740652402057,0.948,compressed,rotation,False,A
1766764800,0.007129,5121759328,0.7880329970260869,0.07648725212464576,0.05939056024495715,0.972,compressed,rotation,False,A
1766779200,0.007118,5108881595,0.7823999368072805,0.09204545454545451,0.05061196790308564,0.968,compressed,rotation,False,A
1766793600,0.007195,5022591709,0.8027213498701562,0.0583700440528636,0.033784864293356254,0.928,compressed,rotation,False,A
1766808000,0.007157,4993851948,0.810088461373097,0.03878583473861704,0.008314919551747124,0.916,compressed,rotation,False,A
1766822400,0.007216,5019719220,0.7999880133624632,0.026666666666666384,0.00950545140932002,0.924,compressed,rotation,False,A
1766836800,0.007244,4989906164,0.7942512967461632,0.045248868778280736,-0.014177384208976962,0.908,compressed,rotation,False,A
1766851200,0.007242,4926580343,0.7739204086076057,0.04133251079580528,-0.011319995933748772,0.872,compressed,rotation,False,A
1766865600,0.00738,4939948680,0.7872390169865382,0.10432276657060571,-0.0137905602075864,0.872,compressed,rotation,False,A
1766880000,0.007329,4954377810,0.7903180740959862,0.08004509582863582,-0.018112650118260132,0.884,compressed,rotation,False,A
1766894400,0.007367,4965016991,0.8022766771729457,0.1292517006802721,-0.023557671238216837,0.892,compressed,rotation,False,A
1766908800,0.00733,4946494614,0.8119276589109896,0.09854423292273232,-0.03986970889849151,0.868,compressed,rotation,False,A
1766923200,0.007348,4918061069,0.8159493109580581,0.14302059496567507,-0.046237333190319085,0.852,compressed,rotation,False,A
1766937600,0.007284,4815546869,0.8060702076493255,0.09616453585325145,-0.06727001725509263,0.824,compressed,rotation,False,A
1766952000,0.007398,4639007085,0.8199164957026923,0.14645669291338553,-0.1008009632746556,0.756,compressed,rotation,False,A
1766966400,0.007548,4549273755,0.8757059910545978,0.2539121655729427,-0.11723203657123338,0.748,normal,rotation,False,A
1766980800,0.007462,4521976691,0.7849260893223884,0.22424839822572656,-0.12779676646420768,0.744,compressed,rotation,False,A
1766995200,0.007451,4477749062,0.7098395590533885,0.1785898095728254,-0.13875842541542716,0.74,compressed,rotation,False,A
1767009600,0.007328,4448613079,0.7547807929678986,0.05051546391752573,-0.12788603168967994,0.736,compressed,rotation,False,A
1767024000,0.007252,4448525348,0.7744737244953943,0.05214248838409882,-0.12260007201671774,0.732,compressed,rotation,False,A
1767038400,0.007192,4438050156,0.7768783086035712,0.01137538779731142,-0.1211252516954816,0.728,compressed,rotation,False,A
1767052800,0.007151,4528820517,0.795198244181868,0.051599587203302,-0.09851079662554385,0.744,compressed,rotation,False,A
1767067200,0.00716,4627097094,0.8042372718694013,0.0467385721623009,-0.08114426943564312,0.752,compressed,rotation,False,A
1767081600,0.007194,4677702367,0.7894301648993542,0.013698630136986276,-0.05751822561516118,0.78,compressed,rotation,False,A
1767096000,0.007153,4801384501,0.7966124230003372,0.05735930735930739,-0.022074784041813955,0.82,compressed,rotation,False,A
1767110400,0.007125,4839366656,0.7880561691495631,0.06040992448759438,-0.024680780897863297,0.832,compressed,rotation,False,A
1767124800,0.007097,4941760225,0.786331369237596,0.019906323185011787,-0.0009076193925150466,0.86,compressed,rotation,False,A
1767139200,0.007069,5024622411,0.789159082998131,0.09701965757767925,0.014460217321408342,0.932,compressed,rotation,False,A
1767153600,0.007093,5073783674,0.701930038673854,0.04166666666666648,0.021697173353069976,0.956,compressed,rotation,False,A
1767168000,0.007091,5088663799,0.6978206078117196,0.07578806170355469,0.01889381232614573,0.96,compressed,rotation,False,A
1767182400,0.006988,5303657902,0.7248251301907309,0.0987573577501634,0.052183475599242524,1.0,compressed,rotation,False,A
1767196800,0.006866,5395991910,0.7738542816235738,0.16026812918951847,0.05354265291240945,1.0,compressed,rotation,False,A
1767211200,0.006906,5395642565,0.7853502859228703,0.12694610778443113,0.0561298915756141,0.996,compressed,rotation,False,A
1767225600,0.006933,5425775916,0.7880386853449216,0.16172839506172812,0.08027413541847972,1.0,compressed,rotation,False,A
1767240000,0.006974,5475435281,0.7307906635855596,0.11275415896487959,0.09643524437941542,1.0,compressed,rotation,False,A
1767254400,0.007041,5415020992,0.6375274315519968,0.10729613733905541,0.07874977756225965,0.992,compressed,rotation,False,A
1767268800,0.00718,5229368078,0.7418600223899195,0.036739380022961926,0.047989261947972706,0.976,compressed,rotation,False,A
1767283200,0.007352,5094300544,0.8754989124565229,0.05753138075313785,0.03404393906582848,0.932,normal,rotation,False,A
1767297600,0.007463,5126823180,0.8655462135648518,0.04403183023872654,0.03782923914909975,0.944,normal,rotation,False,A
1767312000,0.007535,4981919432,0.8539876695200831,0.1080797481636936,0.005559047585028676,0.852,normal,rotation,False,A
1767326400,0.007437,4919118256,0.8816497181402927,0.03560528992878923,-0.009244426571590747,0.796,normal,rotation,False,A
1767340800,0.007528,4776048708,0.8908813207520454,0.09801980198019802,-0.0344579180411092,0.744,normal,rotation,False,A
1767355200,0.007815,4618731215,1.0937973665781326,0.20401922236784614,-0.060863386973123434,0.672,normal,rotation,False,A
1767369600,0.00812,4554986722,1.2570683115147254,0.33043478260869574,-0.0541081115163371,0.664,normal,rotation,False,A
1767384000,0.008118,4490504782,1.2429812074919155,0.2977667493796525,-0.03201165686514573,0.648,normal,rotation,False,A
1767398400,0.00815,4417843083,1.2284340053961056,0.2617391304347822,-0.028890473310283382,0.628,normal,rotation,False,A
1767412800,0.007865,4345542372,1.442282032119493,0.16126450580232118,-0.03901707838325519,0.624,expanded,rotation,False,A
1767427200,0.007874,4327631297,1.433984133958877,0.16940328394072912,-0.033525274177144126,0.62,expanded,rotation,False,A
1767441600,0.007942,4323364358,1.4345853921892553,0.2514332514332512,-0.028154554863682235,0.616,expanded,rotation,False,A
1767456000,0.008042,4289754877,1.4350318805768312,0.32035685320356894,-0.035690584762292366,0.612,expanded,rotation,False,A
1767470400,0.00808,4240836761,1.3783759817956895,0.3633387888707042,-0.04443694597127934,0.608,expanded,trend,False,B
1767484800,0.008357,4239186432,1.3718854897542432,0.45,-0.06395353578548535,0.604,expanded,trend,False,B
1767499200,0.008499,4074033405,1.3753475784118245,0.47600426590828304,-0.11952714148081367,0.6,expanded,trend,False,B
1767513600,0.008799,4089530372,1.4379537149441888,0.5212731406300747,-0.12573950817166213,0.6,expanded,trend,False,B
1767528000,0.008862,4399031508,1.4363106997200061,0.5511125443405356,-0.08379936931028964,0.624,expanded,trend,False,B
1767542400,0.009054,4487147960,1.4456294098739655,0.5908116385911177,-0.07278198182468942,0.644,expanded,trend,False,B
1767556800,0.009039,4465919144,1.4614919595808569,0.5971709717097173,-0.09628979540382299,0.636,expanded,trend,False,B
1767571200,0.008831,4191777393,1.5717205303274833,0.5134032634032638,-0.16575275709806958,0.588,expanded,trend,False,B
1767585600,0.008727,4186690698,1.610048348221481,0.4652619589977224,-0.1748385490981419,0.584,expanded,trend,False,B
1767600000,0.008688,4020076018,1.6181516461626524,0.4499859115243731,-0.20999378681884895,0.572,expanded,trend,False,B
1767614400,0.008886,3972265084,1.5870287558530314,0.5208562019758507,-0.2510329366262357,0.568,expanded,trend,False,B
1767628800,0.009187,4149970566,1.6433208238642554,0.6071148312843321,-0.23091608823409082,0.58,expanded,trend,False,B
1767643200,0.009258,4066851410,1.558394778581656,0.6102750389206023,-0.24627116029135998,0.568,expanded,trend,False,B
1767657600,0.009572,4002241257,1.5282982551780413,0.6372856797874913,-0.2623651770804166,0.56,expanded,trend,False,B
1767672000,0.009176,3955806662,1.776090880777196,0.48976868327402145,-0.2775356736062935,0.552,expanded,trend,False,B
1767686400,0.009298,3972620654,1.780050171586998,0.49593495934959364,-0.26637022093376217,0.556,expanded,trend,False,B
1767700800,0.00924,3812956696,1.6125166714926606,0.46085011185682323,-0.2708570827054335,0.54,expanded,trend,False,B
1767715200,0.008941,3795423451,1.7717179691487117,0.34566021318251006,-0.2549667185478094,0.536,expanded,trend,False,B
1767729600,0.009119,3773982643,1.7878284677683756,0.35506003430531724,-0.2638750137273117,0.52,expanded,trend,False,B
1767744000,0.008957,3740560654,1.8387952041936517,0.2991165334455193,-0.24917279272452109,0.512,expanded,trend,False,B
1767758400,0.009095,3788230541,1.8473529942116256,0.3458489778890278,-0.22989642780403208,0.528,expanded,trend,False,B
1767772800,0.009013,3789779522,1.7870094419076916,0.31034482758620663,-0.20650316742958974,0.528,expanded,trend,False,B
1767787200,0.008856,3717590632,1.8085426928044777,0.22363050483351182,-0.19510565587220474,0.5,expanded,trend,False,B
1767801600,0.008821,3703374280,1.7007319818829738,0.15986316989737734,-0.1869626617980732,0.488,expanded,rotation,False,A
1767816000,0.008787,3714638199,1.6967670129145032,0.1514602671496488,-0.17277936906114177,0.492,expanded,rotation,False,A
1767830400,0.008734,3712863205,1.64714038054381,0.13159080666967116,-0.1595755812859866,0.488,expanded,rotation,False,A
1767844800,0.008751,3728403028,1.6485290100469114,0.212470023980815,-0.1420166439928111,0.5,expanded,rotation,False,A
1767859200,0.008612,3703305039,1.620764660783264,0.17162790697674377,-0.14426512222351184,0.472,expanded,rotation,False,A
1767873600,0.00881,3736129826,1.6628903190063975,0.19593679458239263,-0.13582813831394402,0.5,expanded,rotation,False,A
1767888000,0.00868,3703735006,1.6839318593289816,0.14304932735425985,-0.13660917413766716,0.472,expanded,rotation,False,A
1767902400,0.008747,3677843415,1.6363162740658117,0.14858543105368643,-0.13275525037357128,0.46,expanded,rotation,False,A
1767916800,0.008793,3643291022,1.5092254378461774,0.1023954908407703,-0.1405683424304751,0.448,expanded,rotation,False,A
1767931200,0.008757,3634091319,1.4976929211010561,0.06213872832369919,-0.10798686271449465,0.444,expanded,rotation,False,A
1767945600,0.008684,3595813860,1.3327368801845108,0.02929936305732448,-0.12072694590566058,0.436,expanded,rotation,False,A
1767960000,0.008759,3532549482,1.1466705626754885,0.026162052324104783,-0.19697108884631342,0.412,normal,rotation,False,A
1767974400,0.008564,3546706543,1.1618952725158587,0.12436548223350218,-0.20958555977726212,0.42,normal,rotation,False,A
1767988800,0.008671,3594102384,1.198381642616205,0.09126984126984124,-0.19521552717121915,0.432,normal,rotation,False,A
1768003200,0.008638,3579151055,1.0578044949466427,0.050038890329271515,-0.14614954005502456,0.424,normal,rotation,False,A
1768017600,0.008638,3574993193,0.9797961502294,0.02371436184385836,-0.14610525331909774,0.42,normal,rotation,False,A
1768032000,0.008644,3584317911,0.9405961110097127,0.011827956989247003,-0.10839548930141651,0.428,normal,rotation,False,A
1768046400,0.008651,3598397355,0.8844965121254583,0.06659110229526745,-0.09411953157555186,0.436,normal,rotation,False,A
1768060800,0.008715,3574607881,0.8925072219832486,0.14337788578371802,-0.13864259417014868,0.408,normal,rotation,False,A
1768075200,0.008653,3541923415,0.8469925671946174,0.18428266829119724,-0.1290747908097286,0.384,compressed,rotation,False,A
1768089600,0.008666,3544833136,0.8465306405392264,0.30382293762575413,-0.11428799305888515,0.392,compressed,rotation,False,A
1768104000,0.008664,3543468126,0.8446672318524608,0.19783616692426556,-0.10423627119115253,0.38,compressed,rotation,False,A
1768118400,0.008538,3594587386,0.8773461163612191,0.2932098765432095,-0.09515966937828846,0.428,normal,rotation,False,A
1768132800,0.008517,3639276331,0.875626042572248,0.28297455968688795,-0.04555004917370298,0.444,normal,rotation,False,A
1768147200,0.008459,3715144323,0.8408886863276278,0.20829732065687082,-0.021151560303198425,0.484,compressed,rotation,False,A
1768161600,0.008636,3714001643,0.8229394812802171,0.20881971465629065,-0.015893289840972935,0.476,compressed,rotation,False,A
1768176000,0.008478,3675518650,0.8480618900261346,0.20744911216977038,-0.01738830352354981,0.444,compressed,rotation,False,A
1768190400,0.008417,3713979904,0.8380858982203867,0.30376344086021556,-0.019600348024331082,0.472,compressed,rotation,False,A
1768204800,0.008506,3710696122,0.859318696955627,0.22644037516748558,-0.020867546394431113,0.46,normal,rotation,False,A
1768219200,0.008469,3712667980,0.8603136365929795,0.1826333176026421,-0.0013241511740499368,0.464,normal,rotation,False,A
1768233600,0.008371,3732628105,0.8722866003623065,0.2062328139321725,0.007899235342748057,0.496,normal,rotation,False,A
1768248000,0.008516,3671253597,0.924072354423459,0.11818578281727013,-0.01167936140097825,0.424,normal,rotation,False,A
1768262400,0.008581,3670138763,0.8435898141288042,0.0663774403470717,-0.011507141427258727,0.416,compressed,rotation,False,A
1768276800,0.008585,3660674205,0.8096175049131139,0.07242582897033129,-0.01816563887845868,0.412,compressed,rotation,False,A
1768291200,0.008786,3693650974,0.9182502681095669,0.07391673746813951,-0.0026068781529827723,0.436,normal,rotation,False,A
1768305600,0.008824,3717833306,0.9223296154491982,0.006381039197812267,-0.0048971852831968254,0.488,normal,rotation,False,A
1768320000,0.008824,3747099695,0.923521775551907,0.06976744186046507,0.011708367075330628,0.508,normal,rotation,False,A
1768334400,0.008986,3747780068,0.9799268361762031,0.11069939786938374,0.019015668996337665,0.508,normal,rotation,False,A
1768348800,0.008959,3712304445,0.981478459567358,0.0775700934579437,0.018942605074165897,0.444,normal,rotation,False,A
1768363200,0.008792,3684791457,1.0412644171337408,0.015411712901805517,0.01395125591228985,0.416,normal,rotation,False,A
1768377600,0.008682,3697306936,1.070685306783351,0.0008665511265165798,0.028225342009221777,0.42,normal,rotation,False,A
1768392000,0.008794,3797875180,1.0967261111483488,0.014925373134328491,0.07510884117885941,0.536,normal,rotation,False,A
1768406400,0.008799,3694146168,1.0541899845712999,0.10904872389791138,0.0415708554436216,0.412,normal,rotation,False,A
1768420800,0.00873,3658704221,1.0664700228554629,0.027869626830420408,0.017974400865036655,0.372,normal,rotation,False,A
1768435200,0.008494,3613075957,1.1864089400168596,0.06206896551724137,0.009478477292152121,0.352,normal,rotation,False,A
1768449600,0.008606,3639948507,1.1458444346342271,0.013157894736841702,0.018169353196863636,0.364,normal,rotation,False,A
1768464000,0.008562,3666889349,1.0934131183487548,0.033198380566801786,0.023036862256719637,0.376,normal,rotation,False,A
1768478400,0.008473,3644420814,1.103417463618127,0.0697492163009408,0.012789988002867458,0.364,normal,rotation,False,A
1768492800,0.008355,3668097250,1.1153974772314323,0.13814274750575617,0.026153741084979254,0.376,normal,rotation,False,A
1768507200,0.008411,3665941807,1.1218641813876096,0.0930769230769227,0.03501441941821315,0.368,normal,rotation,False,A
1768521600,0.008393,3695582269,1.1005190645802325,0.10479846449136297,0.04252643981152393,0.412,normal,rotation,False,A
1768536000,0.008455,3752513105,1.0590985601108107,0.07842401500938045,0.05899445728498143,0.504,normal,rotation,False,A
1768550400,0.00845,3775916836,1.0474397698045725,0.034591194968553896,0.05044513612500623,0.512,normal,rotation,False,A
1768564800,0.008191,3700431614,1.190601001952665,0.11718188353702355,0.016804242777353373,0.408,normal,rotation,False,A
1768579200,0.008343,3774472914,1.1559306669359077,0.040333796940194615,0.01596939064593106,0.508,normal,rotation,False,A
1768593600,0.008549,3728904375,1.2566416770225335,0.029948364888124003,0.004012580885118355,0.468,normal,rotation,False,A
1768608000,0.00849,3690797317,1.2600988792529704,0.0042765502494653785,0.004156873751681278,0.38,normal,rotation,False,A
1768622400,0.008512,3617744524,1.2007623087067951,0.034333212865920226,-0.025911658783170366,0.304,normal,rotation,False,A
1768636800,0.008482,3624720701,1.1963884414269388,0.008862629246676402,-0.023169620516826583,0.304,normal,rotation,False,A
1768651200,0.00858,3610222905,1.1770389368077778,0.04008667388949073,-0.027593384474956517,0.292,normal,rotation,False,A
1768665600,0.008529,3603599976,1.1588465628566855,0.058045554739162356,-0.034567635823982035,0.288,normal,rotation,False,A
1768680000,0.008478,3621489833,1.1279303072897469,0.01445966514459656,-0.013554978615660018,0.3,normal,rotation,False,A
1768694400,0.008395,3605454654,1.133654944154237,0.0702947845804989,-0.01762443143897008,0.284,normal,rotation,False,A
1768708800,0.008369,3567224380,1.1280698947009624,0.08095952023988029,-0.025528036576530022,0.24,normal,rotation,False,A
1768723200,0.008388,3586509692,1.0141934608825136,0.16009654062751416,-0.029006877681236998,0.26,normal,rotation,False,A
1768737600,0.008372,3632066030,0.9787464468809761,0.18344155844155852,-0.023069155860642065,0.308,normal,rotation,False,A
1768752000,0.008376,3698978016,0.9765266858503074,0.1815235008103726,-0.01284238021854922,0.396,normal,rotation,False,A
1768766400,0.008091,3596148840,1.142531129170696,0.34542647626398987,-0.040458945095174115,0.264,normal,rotation,False,A
1768780800,0.007871,3673684083,1.215118066575269,0.3908045977011486,-0.0104033391043713,0.356,normal,trend,False,B
1768795200,0.007859,3726454253,1.200247331765414,0.3548877900342326,0.01130669034765952,0.46,normal,trend,False,B
1768809600,0.007874,3747862660,1.2004045168313784,0.31886345698500274,0.013673661634025613,0.492,normal,trend,False,B
1768824000,0.007871,3769218554,1.179265774140765,0.38061855670102934,-0.007545436498521241,0.496,normal,trend,False,B
1768838400,0.008064,3730756697,1.278893841846543,0.2812858783008023,0.00991041700437667,0.46,normal,trend,False,B
1768852800,0.008137,3672085255,1.1643412346783433,0.22659533817348,0.0036573150470038396,0.336,normal,trend,False,B
1768867200,0.008011,3597468882,1.1342818461708626,0.19266055045871439,-0.004319608883329051,0.24,normal,rotation,False,A
1768881600,0.007928,3548453240,1.023979590456872,0.27360774818401873,-0.025136417953178447,0.192,normal,rotation,False,A
1768896000,0.00782,3557022248,1.0348449814762046,0.29189614476789805,-0.02996193518355328,0.192,normal,rotation,False,A
1768910400,0.007859,3643305178,1.0374501047287017,0.2463884430176557,-0.000306121619027766,0.296,normal,rotation,False,A
1768924800,0.007761,3635866127,1.0485321025345848,0.2402912621359215,-0.008786877992397857,0.28,normal,rotation,False,A
1768939200,0.007725,3639112465,1.0049852202085898,0.2797716150081558,-0.007318540067594692,0.28,normal,rotation,False,A
1768953600,0.007902,3650696896,1.1212161408188848,0.18805055534278017,-0.012145683611623603,0.3,normal,rotation,False,A
1768968000,0.007932,3632107832,1.1258323911613093,0.2027917797595967,-0.032086569621720185,0.264,normal,rotation,False,A
1768982400,0.007826,3677611535,1.1346153985214464,0.2328358208955219,-0.026034816249856596,0.348,normal,rotation,False,A
1768996800,0.007996,3707527505,1.2189239078698304,0.07526051717483612,0.001917584687460172,0.396,normal,rotation,False,A
1769011200,0.008043,3627899697,1.2250608871330355,0.12067578439259825,-0.03883276429308613,0.244,normal,rotation,False,A
1769025600,0.007978,3617171969,1.229712060061433,0.2434968017057558,-0.029963870017449823,0.228,normal,rotation,False,A
1769040000,0.007983,3616751461,1.229831580219196,0.22130074203404526,-0.020062292681026106,0.224,normal,rotation,False,A
1769054400,0.007904,3618653668,1.083952862524277,0.25894378194207823,0.0002513013271028264,0.232,normal,rotation,False,A
1769068800,0.007926,3566905722,0.9709763159711428,0.23760683760683673,-0.015950188654273334,0.148,normal,rotation,False,A
1769083200,0.007819,3537262630,1.0026628590499977,0.32396764580672605,-0.020209354635403076,0.116,normal,rotation,False,A
1769097600,0.007877,3553864542,1.0114286295723522,0.2767402376910009,-0.01380159682851545,0.14,normal,rotation,False,A
1769112000,0.007818,3547292564,1.020421593317888,0.2791878172588823,-0.020488051167200427,0.132,normal,rotation,False,A
1769126400,0.007932,3551496851,0.9568135757845255,0.19331941544885134,-0.014965603003809114,0.136,normal,rotation,False,A
1769140800,0.007903,3560821620,0.9410104225728996,0.19432860717264328,-0.001794885692051662,0.144,normal,rotation,False,A
1769155200,0.007857,3540223308,0.9099469352417765,0.21896907216494807,-0.012905690483214216,0.1,normal,rotation,False,A
1769169600,0.007929,3488616358,0.9120503947940534,0.17855703345425147,-0.03949533703824215,0.088,normal,rotation,False,A
1769184000,0.007927,3543786121,0.8765819438192373,0.18112141992738956,-0.0419553439703384,0.108,normal,rotation,False,A
1769198400,0.007877,3483750287,0.8854708218898482,0.09536541889482998,-0.031255256108921214,0.08,normal,rotation,False,A
1769212800,0.007858,3482742856,0.8559174781313079,0.006363191385217373,-0.051975407434619036,0.076,normal,rotation,False,A
1769227200,0.00786,3484809061,0.8506594093088568,0.0004918839153964572,-0.06484587642675677,0.08,normal,rotation,False,A
1769241600,0.007882,3528532979,0.7440159436887828,0.003921568627450644,-0.058521269560075084,0.084,compressed,rotation,False,A
1769256000,0.007787,3527979711,0.7734597452057106,0.039399624765478314,-0.06400234943765482,0.08,compressed,rotation,False,A
1769270400,0.007802,3517512543,0.735694367805217,0.13408393039918104,-0.057158418872899186,0.076,compressed,rotation,False,A
1769284800,0.007814,3486483829,0.606274886842451,0.17062863180137347,-0.05054387714644715,0.068,compressed,rotation,False,A
1769299200,0.007757,3486627539,0.6003879136485925,0.1392543859649125,-0.03081092474617264,0.068,compressed,rotation,False,A
1769313600,0.007763,3507038507,0.589216196167069,0.09444762449914094,-0.011671207198999167,0.072,compressed,rotation,False,A
1769328000,0.007772,3514130960,0.5899437793487964,0.029126213592233142,-0.012058200654807893,0.072,compressed,rotation,False,A
1769342400,0.007712,3544693390,0.5797509115791556,0.08807669263031709,-0.027066573669278227,0.108,compressed,rotation,False,A
1769356800,0.007408,3584819799,0.9180891712659575,0.18826666666666625,-0.014039661037277829,0.172,normal,rotation,False,A
1769371200,0.007508,3587657224,0.9452747097514173,0.11191335740072182,-0.014139502830671669,0.176,normal,rotation,False,A
1769385600,0.007616,3575996230,0.9779364839065076,0.15294117647058716,-0.020462029066792176,0.152,normal,rotation,False,A
1769400000,0.007698,3626186127,0.9984995659265937,0.12174817898022851,-0.0016303769805037227,0.24,normal,rotation,False,A
1769414400,0.007653,3634044033,0.9585590208196626,0.09296077377753846,-0.011846684073444469,0.256,normal,rotation,False,A
1769428800,0.007707,3639458780,0.971419853136123,0.16561604584527131,-0.018359600814343735,0.272,normal,rotation,False,A
1769443200,0.007725,3725926176,0.9692842197752161,0.18531468531468462,0.027020173430114536,0.444,normal,rotation,False,A
1769457600,0.007697,3762113860,0.9504801696093826,0.16736152471709342,0.040070500446809154,0.492,normal,rotation,False,A
1769472000,0.007732,3735655112,0.9575411510317355,0.1468695143358686,0.032875814742084675,0.46,normal,rotation,False,A
1769486400,0.007668,3772102942,0.9630982124811968,0.13931523022432024,0.04240507328926291,0.496,normal,rotation,False,A
1769500800,0.007649,3746933631,0.9652177786198445,0.16380839739798916,0.050471731812147924,0.468,normal,rotation,False,A
1769515200,0.007697,3765434114,0.9797977846387875,0.07475490196078403,0.06450510122286279,0.488,normal,rotation,False,A
1769529600,0.007797,3618981932,1.0121196499981928,0.04778972520908012,0.01832298030226953,0.204,normal,rotation,False,A
1769544000,0.007836,3617376524,0.9931549971663387,0.010882708585247225,0.01975702841971727,0.196,normal,rotation,False,A
1769558400,0.007762,3621476804,1.0052194282128435,0.10532837670384133,0.01970435451189978,0.212,normal,rotation,False,A
1769572800,0.007748,3659510742,0.9998746387167129,0.09693558474046308,0.027715267017503598,0.288,normal,rotation,False,A
1769587200,0.00787,3701861951,1.032716482547803,0.007761194029851253,0.04565775346282197,0.368,normal,rotation,False,A
1769601600,0.007742,3746971370,1.080604820497346,0.10803004043905283,0.07405658447010022,0.472,normal,rotation,False,A
1769616000,0.007783,3740350413,1.0851071137467139,0.08135593220338981,0.05546731244168113,0.46,normal,rotation,False,A
1769630400,0.007799,3817336580,1.0746650675265796,0.0449308755760368,0.09575493807487123,0.54,normal,rotation,False,A
1769644800,0.007622,3724344491,0.8637438086560095,0.12460401267159446,0.069371080493001,0.428,normal,rotation,False,A
1769659200,0.007598,3789172502,0.8345475607159731,0.1367432150313156,0.0873400624459637,0.528,compressed,rotation,False,A
1769673600,0.007539,3756481497,0.807381154723706,0.17562724014336917,0.06460149851415053,0.496,compressed,rotation,False,A
1769688000,0.00729,3882396844,0.9915189329791,0.23588039867109614,0.1004589487561256,0.556,normal,rotation,True,C
1769702400,0.007279,3975127150,0.991702550996115,0.24869234427009018,0.13009608392461103,0.572,normal,rotation,True,C
1769716800,0.007351,3960776191,1.003139040652708,0.21405455386037886,0.1360374478306523,0.564,normal,rotation,True,C
1769731200,0.007178,3929879223,1.075643325992415,0.2540587977182972,0.12712906068743113,0.56,normal,rotation,True,C
1769745600,0.007247,3900969648,1.1041570457319603,0.220324508966695,0.11232586702818326,0.56,normal,rotation,True,C
1769760000,0.007313,3922334222,1.1189068644288902,0.1913297207169654,0.11616051497409186,0.564,normal,rotation,True,C
1769774400,0.007271,3950361213,1.1152291939629317,0.1852162956740866,0.11444369889492756,0.572,normal,rotation,True,C
1769788800,0.007317,4025024199,1.1279511497238595,0.04286387187941588,0.12279680002961291,0.604,normal,rotation,True,C
1769803200,0.007227,4040706411,1.1302653599734256,0.1329862754377662,0.12627995338274833,0.608,normal,rotation,True,C
1769817600,0.007156,3973247441,1.090158627665269,0.2215799614643547,0.1110882633676602,0.592,normal,rotation,True,C
1769832000,0.007086,3974675927,1.0787378551113722,0.2965116279069766,0.0961036714042891,0.596,normal,rotation,True,C
1769846400,0.007038,3976013234,1.0757732818820784,0.29753265602322204,0.0941015568041137,0.604,normal,rotation,True,C
1769860800,0.006825,3935106193,1.1777953911328,0.39622641509433965,0.08123389516723689,0.572,normal,trend,True,C
1769875200,0.006547,3988475987,1.2687004200560867,0.47385358004827033,0.07046565031029761,0.612,normal,trend,True,C
1769889600,0.0068,3976279987,1.537442337854876,0.33087421615639995,0.056927072111528254,0.612,expanded,trend,True,C
1769904000,0.006822,3940656799,1.5320573789467813,0.33728687916975547,0.05487703785648623,0.576,expanded,trend,True,C
1769918400,0.006845,3956317296,1.5350160711600787,0.3097478359051561,0.0488359826951934,0.588,expanded,trend,True,C
1769932800,0.006793,4044293525,1.5005234943644663,0.31821561338289955,0.07936086498565476,0.644,expanded,trend,True,C
1769947200,0.006633,4066147388,1.5372119993165934,0.37972876516773707,0.07986151527175545,0.648,expanded,trend,True,C
1769961600,0.006645,4044407498,1.5424668454482933,0.4244657332350773,0.1175539347788046,0.648,expanded,trend,True,C
1769976000,0.006619,4066796423,1.4437023242026124,0.4505738615327651,0.12423918163294845,0.656,expanded,trend,True,C
1769990400,0.006669,4091090919,1.4538217753526128,0.408292865147553,0.1296747543657606,0.672,expanded,trend,True,C
1770004800,0.006647,4133905020,1.4199417465983173,0.4100558659217873,0.12963325194141495,0.676,expanded,trend,True,C
1770019200,0.006733,4059481257,1.4049645065886078,0.4292185730464324,0.0966052518256102,0.652,expanded,trend,True,C
1770033600,0.006983,3935659594,1.5677523151125607,0.2739083363406713,0.05035753022046707,0.576,expanded,trend,True,C
1770048000,0.006883,3932418757,1.5661353250117562,0.31802120141342755,0.05135036100693813,0.572,expanded,trend,True,C
1770062400,0.006871,3894378059,1.563893875764521,0.3283793347487617,0.020181997941612018,0.56,expanded,trend,True,C
1770076800,0.006856,3881449016,1.5406953487758646,0.28753753753753775,0.042183134610573214,0.556,expanded,trend,True,C
1770091200,0.00688,3983176168,1.516265659100883,0.2695195195195197,0.05119948112618289,0.64,expanded,trend,True,C
1770105600,0.006799,4112512989,1.5120167928085197,0.27550260610573346,0.09477791712386541,0.7,expanded,trend,True,C
1770120000,0.006998,4237116013,1.5998692903627318,0.11077389984825496,0.09136602548711537,0.72,expanded,rotation,True,C
1770134400,0.006728,4292878517,1.7370424476386717,0.19032815198618333,0.07993489390647546,0.736,expanded,rotation,True,C
1770148800,0.0067,4220463010,1.648685066436557,0.22834093300596298,0.06556462836503663,0.72,expanded,rotation,True,C
1770163200,0.006784,4233323276,1.470883867061113,0.1426502534395368,0.0772146001902716,0.724,expanded,rotation,True,C
1770177600,0.006785,4256131182,1.3049851539232509,0.17149220489977735,0.09104442383500433,0.74,expanded,rotation,True,C
1770192000,0.006766,4165525856,1.3012329784723493,0.20664903664525888,0.06200176227613685,0.712,expanded,rotation,True,C
1770206400,0.006595,4076806267,1.3663413411906942,0.2435158501440923,0.0320084790180426,0.692,expanded,rotation,True,C
1770220800,0.006735,4200240632,1.4143775695306442,0.20278745644599327,0.04353177132289843,0.728,expanded,rotation,True,C
1770235200,0.006627,4193713544,1.3784822026631325,0.20775623268698082,0.03786643161786496,0.728,expanded,rotation,True,C
1770249600,0.006543,4223079210,1.3940971092216197,0.21130644605308535,0.06287848232707138,0.74,expanded,rotation,True,C
1770264000,0.006425,4295734242,1.4252424198518292,0.22414377755171275,0.08077597290864613,0.772,expanded,rotation,True,C
1770278400,0.006282,4353822330,1.458904578189098,0.2483574244415245,0.09502209217244273,0.788,expanded,rotation,True,C
1770292800,0.006012,4547085525,1.622944694701749,0.26217349242179977,0.15551786965460423,0.836,expanded,rotation,True,C
1770307200,0.005841,4625140925,1.631183285916044,0.23580494321977316,0.1596261178643521,0.852,expanded,rotation,True,C
1770321600,0.005623,4668476149,1.5007858240940974,0.39776951672862476,0.17408134343231807,0.864,expanded,trend,True,C
1770336000,0.005726,4347367301,1.578450544539152,0.3605263157894741,0.1032088108010849,0.788,expanded,trend,True,C
1770350400,0.005836,4296191884,1.6442692146447395,0.32267348896706166,0.08590680740991807,0.776,expanded,trend,True,C
1770364800,0.006006,4349696617,1.7577167048573439,0.24252696456086334,0.07551457136138495,0.796,expanded,trend,True,C
1770379200,0.006169,4274042558,1.838889620809347,0.1428571428571431,0.051128291761764366,0.764,expanded,rotation,True,C
1770393600,0.006277,4250326625,1.870195455756768,0.11004784688995241,0.05091453497250931,0.76,expanded,rotation,True,C
1770408000,0.006323,4241965772,1.784746049433658,0.08799048751486348,0.04307305573726783,0.76,expanded,rotation,True,C
1770422400,0.006289,4197461392,1.6728625824861572,0.11350059737156509,0.026000515536330537,0.732,expanded,rotation,True,C
1770436800,0.006081,4138704180,1.7502653134190183,0.16015846066779887,0.0011609265275283054,0.712,expanded,rotation,True,C
1770451200,0.006045,4189623411,1.720878899062745,0.1974741676234217,0.032058813863369506,0.728,expanded,rotation,True,C
1770465600,0.006208,4279401198,1.8024978840300236,0.22814247865763929,0.08734027824053725,0.788,expanded,rotation,True,C
1770480000,0.006298,4274221972,1.8268513551888512,0.1727192205491589,0.08691933288934828,0.788,expanded,rotation,True,C
1770494400,0.006318,4219174049,1.780780310841187,0.16288659793814467,0.08340124792183157,0.748,expanded,rotation,True,C
1770508800,0.006204,4195127087,1.7442865048961391,0.1866056096164856,0.08081468279164938,0.74,expanded,rotation,True,C
1770523200,0.006188,4199732775,1.7251615131969338,0.1985083189902469,0.05436782051965716,0.748,expanded,rotation,True,C
1770537600,0.006278,4166070372,1.7350454014035481,0.14907010014306185,0.01302303072190969,0.724,expanded,rotation,True,C
1770552000,0.006191,4233181529,1.721071395794996,0.23854566952409118,-0.0009285759436202801,0.772,expanded,rotation,True,C
1770566400,0.00618,4153632104,1.6811169965568216,0.17541613316261218,-0.03243660691738137,0.72,expanded,rotation,True,C
1770580800,0.006114,4146185656,1.5131842097138386,0.18532574320050635,-0.017599337756072364,0.716,expanded,rotation,True,C
1770595200,0.006189,4108280854,1.419553566536469,0.18870916587377115,-0.02953765017401422,0.704,expanded,rotation,True,C
1770609600,0.006099,4135180308,1.2608075578126905,0.2115977791486738,-0.02841803244024166,0.716,normal,rotation,True,C
1770624000,0.005968,4161230835,1.3010049792289617,0.23792486583184277,-0.0010310873461062409,0.736,expanded,rotation,True,C
1770638400,0.00609,4179177796,1.3019195253213631,0.15279878971255695,0.025110717138720595,0.748,expanded,rotation,True,C
1770652800,0.00616,4221058386,1.2287662659144656,0.17774343122102024,0.00495632413090763,0.792,normal,rotation,True,C
1770667200,0.006105,4175215043,1.1521485530852835,0.1640477686989316,-0.004411007286481472,0.748,normal,rotation,True,C
1770681600,0.006035,4156567261,1.1150890729777543,0.16035353535353541,-0.015749633310808808,0.736,normal,rotation,True,C
1770696000,0.005971,4130930705,1.1060765740366256,0.14579319203596683,-0.03836446291036644,0.712,normal,rotation,True,C
1770710400,0.005971,4172658984,1.1033790060239925,0.1046785594076071,-0.04161018348215417,0.756,normal,rotation,True,C
1770724800,0.006031,4177841701,0.987405370386832,0.00688156465048893,-0.0812045038453505,0.764,normal,rotation,True,C
1770739200,0.006006,4234779521,0.9851260796715342,0.06309751434034432,-0.08439989404214754,0.828,normal,rotation,True,C
1770753600,0.006012,4251432659,0.8756183455370423,0.16188098210570118,-0.08933182406626017,0.852,normal,rotation,False,A
1770768000,0.006004,4203630709,0.8333352962760215,0.12045060658578848,-0.03306290498319231,0.804,compressed,rotation,False,A
1770782400,0.005834,4101339722,0.9269476595574421,0.0008445945945947072,-0.04535462271265722,0.704,normal,rotation,False,A
1770796800,0.005816,4094140783,0.8954683041286698,0.08574007220216616,-0.05875256517919125,0.704,normal,rotation,False,A
1770811200,0.005809,4176529181,0.8960076691930401,0.17475728155339823,-0.022815256440878895,0.772,normal,rotation,False,A
1770825600,0.005888,4228371916,0.8911887091332318,0.191531265386509,-0.005165416904871378,0.836,normal,rotation,False,A
1770840000,0.005909,4262320259,0.8782359655146956,0.20638085742771667,0.0047983619137981215,0.88,normal,rotation,False,A
1770854400,0.005984,4316692200,0.9102695786064108,0.14899853444064518,0.028405456742793156,0.912,normal,rotation,False,A
1770868800,0.006096,4354513340,0.9508152898669552,0.007688364941056005,0.052144137540170776,0.94,normal,rotation,False,A
1770883200,0.006129,4345321185,0.9331084722577665,0.04312114989733055,0.037162713381639456,0.924,normal,rotation,False,A
1770897600,0.006074,4304349849,0.9142327886681082,0.07282608695652155,0.005829939714850685,0.912,normal,rotation,False,A
1770912000,0.006004,4267249292,0.8629849889768545,0.16153846153846158,-0.0016313331515483975,0.884,normal,rotation,False,A
1770926400,0.006044,4280421604,0.8037454827530542,0.14891304347826087,0.014516479834368656,0.9,compressed,rotation,False,A
1770940800,0.005993,4277860434,0.7878840595615921,0.11873944850872271,0.01972129694387026,0.896,compressed,rotation,False,A
1770955200,0.006023,4264622687,0.7832753883056975,0.09212730318257972,0.015450962115083566,0.884,compressed,rotation,False,A
1770969600,0.006105,4284409618,0.7941980050939004,0.09702748177229364,0.02840548416929134,0.912,compressed,rotation,False,A
1770984000,0.00627,4260494522,0.877487679259907,0.04245029554003227,0.006452119478668417,0.88,normal,rotation,False,A
1770998400,0.006313,4316510244,0.8829324304342354,0.07025884838880102,0.03921342476218492,0.94,normal,rotation,False,A
1771012800,0.006313,4358834809,0.8768696775017016,0.10892172961138502,0.05128789944373868,0.976,normal,rotation,False,A
1771027200,0.006386,4346678004,0.8841818868572374,0.10794520547945216,0.058028445102015436,0.956,normal,rotation,False,A
1771041600,0.006348,4316419769,0.8981255272515708,0.140439932318105,0.04382867190805939,0.94,normal,rotation,False,A
1771056000,0.006534,4318702530,0.9925131767236897,0.3096280087527352,0.03784257620978626,0.948,normal,rotation,False,A
1771070400,0.006641,4303239138,0.8342164253604359,0.3039161610590184,0.02968558603052074,0.928,compressed,rotation,False,A
1771084800,0.00691,4377451714,0.9798273492146208,0.37276341948310177,0.03705073791888558,0.976,normal,trend,False,B
1771099200,0.007028,4370292230,0.9749966510569354,0.4448192771084337,0.04672266817180071,0.972,normal,trend,False,B
1771113600,0.006956,4348989456,1.0246448238519763,0.4434280211844004,0.04629353572729311,0.952,normal,trend,False,B
1771128000,0.006989,4344426748,1.02326987071699,0.4975562072336269,0.05168231041532323,0.94,normal,trend,False,B
1771142400,0.006801,4269646441,1.175336971995994,0.3715308863025961,0.02324356180840481,0.88,normal,trend,False,B
1771156800,0.0066,4313804589,1.2973324209979655,0.23957894736842103,0.03254381035247378,0.928,normal,trend,False,B
1771171200,0.006454,4291578571,1.3671341648032849,0.17948717948717927,0.01341251645294328,0.904,expanded,rotation,False,A
1771185600,0.006543,4220278362,1.3632960429459635,0.20589375727025977,-0.007327952598296106,0.808,expanded,rotation,False,A
1771200000,0.006581,4217453420,1.3374464615602488,0.22115753162131085,0.0032882790989241517,0.8,expanded,rotation,False,A
1771214400,0.006613,4245069260,1.3369884932523914,0.31525698097936056,0.03504453367494054,0.844,expanded,rotation,False,A
1771228800,0.006561,4191158784,1.3354206595615816,0.29740518962075835,0.02369679162056304,0.768,expanded,rotation,False,A
1771243200,0.006453,4244621896,1.379748123297036,0.2471220260936302,0.016303660778851814,0.84,expanded,rotation,False,A
1771257600,0.006517,4221399987,1.3734469980360628,0.24276341181011196,-0.0016488447890826707,0.808,expanded,rotation,False,A
1771272000,0.006568,4229456198,1.3157515855410757,0.25143075162151846,-0.007710368767012921,0.816,expanded,rotation,False,A
1771286400,0.006532,4243422140,1.3193330091545294,0.21223857474825703,-0.01697365867318501,0.836,expanded,rotation,False,A
1771300800,0.00654,4205638830,1.3190361804904083,0.1791767554479418,-0.034188552973866915,0.776,expanded,rotation,False,A
1771315200,0.006496,4200750065,1.3148423246878331,0.14744877460827643,-0.033270525663110395,0.768,expanded,rotation,False,A
1771329600,0.006497,4216931101,1.3096434249318445,0.17371663244353164,-0.020309396556209114,0.776,expanded,rotation,False,A
1771344000,0.00651,4203671193,1.2191516984918391,0.2127838519764509,-0.014899082441513944,0.768,normal,rotation,False,A
1771358400,0.006515,4183317504,1.185897942136739,0.20102432778489115,-0.022685639169108374,0.728,normal,rotation,False,A
1771372800,0.006513,4198663707,0.9621604098284158,0.22667829119441998,-0.01851316288174165,0.748,normal,rotation,False,A
1771387200,0.006531,4180850551,0.9100947983900353,0.2226117440841368,-0.01964350474787968,0.72,normal,rotation,False,A
1771401600,0.006445,4194489327,0.9186374563622153,0.14873140857392816,-0.020987790388253158,0.736,normal,rotation,False,A
1771416000,0.006481,4199933450,0.9234635531762614,0.0978210477515064,-0.01421456398718024,0.752,normal,rotation,False,A
1771430400,0.006303,4109353516,0.9298949200238577,0.004363001745200896,-0.04799171466995833,0.644,normal,rotation,False,A
1771444800,0.006295,4083138774,0.8087394257491292,0.007826086956521644,-0.06324993882097818,0.624,compressed,rotation,False,A
1771459200,0.006307,4116031937,0.7306555600029759,0.03528360875390802,-0.0530626070732062,0.648,compressed,rotation,False,A
1771473600,0.006298,4156246660,0.6825767573386085,0.022624434389140517,-0.03710786197170712,0.672,compressed,rotation,False,A
1771488000,0.006195,4197738949,0.7113181767958621,0.15937940761636094,-0.028009241238479143,0.74,compressed,rotation,False,A
1771502400,0.00616,4151224300,0.7001147887477892,0.2340632603406327,-0.035325677501309216,0.66,compressed,rotation,False,A
1771516800,0.006191,4091928938,0.7122782794773949,0.3957072096862957,-0.06522579680018825,0.612,compressed,trend,False,B
1771531200,0.006205,4049825398,0.6746179301197277,0.4804436660828957,-0.0733284675565048,0.584,compressed,trend,False,B
1771545600,0.006237,4041954484,0.6549911343843339,0.429766885833831,-0.07059915300010788,0.572,compressed,trend,False,B
1771560000,0.006262,4040489941,0.6409298233652765,0.4366366366366364,-0.06996016382136505,0.564,compressed,trend,False,B
1771574400,0.006269,4290957374,0.6412335662021552,0.35849056603773527,0.004991264099846404,0.9,compressed,trend,False,B
1771588800,0.006427,4119689901,0.7896399565719916,0.12005551700208146,-0.044998488919730684,0.632,compressed,rotation,False,A
1771603200,0.006361,4016621778,0.8015915447768979,0.06833210874357036,-0.06406891740442522,0.548,compressed,rotation,False,A
1771617600,0.006422,4007428028,0.8217952901703529,0.09077269317329366,-0.05043514094153967,0.544,compressed,rotation,False,A
1771632000,0.006428,4053529467,0.8209662734859504,0.11760184473481963,-0.03886799370981553,0.576,compressed,rotation,False,A
1771646400,0.006519,4032972638,0.8586064911036146,0.06911764705882377,-0.049963053370771116,0.548,normal,rotation,False,A
1771660800,0.006515,3979401271,0.8586597406494694,0.03506097560975613,-0.05052481280556509,0.524,normal,rotation,False,A
1771675200,0.00646,3912740389,0.8690618045099588,0.005559968228752336,-0.07818870917872678,0.464,normal,rotation,False,A
1771689600,0.006425,3905762635,0.843733585991837,0.07479674796747972,-0.07477077580234526,0.46,compressed,rotation,False,A
1771704000,0.006386,3884434553,0.8429335528346158,0.14942528735632168,-0.08157588797423931,0.448,compressed,rotation,False,A
1771718400,0.006284,3878383244,0.7446898934999145,0.19314641744548278,-0.08602464802146692,0.436,compressed,rotation,False,A
1771732800,0.00624,3835645334,0.7538181568405184,0.2272727272727272,-0.08797557540146639,0.432,compressed,rotation,False,A
1771747200,0.006238,3950475360,0.7526465658423611,0.20187793427230072,-0.05957857552279777,0.492,compressed,rotation,False,A
1771761600,0.006187,3986551574,0.7639490204930172,0.2334337349397593,-0.05463203488085633,0.528,compressed,rotation,False,A
1771776000,0.006162,4000525917,0.713632342813024,0.25970149253731356,-0.04832568168944318,0.532,compressed,rotation,False,A
1771790400,0.006193,3988240280,0.7121360955871852,0.2357247437774526,-0.0466321821887703,0.524,compressed,rotation,False,A
1771804800,0.005988,3958448449,0.9121684002972833,0.33460803059273403,-0.05721231200286747,0.484,normal,rotation,False,A
1771819200,0.006079,3934822946,0.9546025689641553,0.275274056029233,-0.058846304597315435,0.456,normal,rotation,False,A
1771833600,0.006143,3906430411,0.9694635189624543,0.1864197530864201,-0.06867556299303468,0.436,normal,rotation,False,A
1771848000,0.006081,3859148223,0.9782361310410796,0.24301336573511567,-0.08114062545443423,0.404,normal,rotation,False,A
1771862400,0.005992,3860823746,1.0009993466040754,0.1997430956968529,-0.06047904348757904,0.404,normal,rotation,False,A
1771876800,0.006009,3878720414,0.8808912951274528,0.18263090676883836,-0.05006402459344872,0.408,normal,rotation,False,A
1771891200,0.005946,3883468969,0.881426668759031,0.22325293753865214,-0.05650174040425571,0.416,normal,rotation,False,A
1771905600,0.005924,3931216378,0.8502792019736907,0.2294478527607365,-0.05414266775013776,0.448,normal,rotation,False,A
1771920000,0.005928,4012995173,0.8498256474225899,0.17439581972566948,-0.04401030608251866,0.536,compressed,rotation,False,A
1771934400,0.005973,4133471294,0.8137821940231691,0.12134977287475651,-0.004276571131075713,0.636,compressed,rotation,False,A
1771948800,0.005919,4182988374,0.8146211565036722,0.17391304347826136,0.022253425555456285,0.704,compressed,rotation,False,A
1771963200,0.005892,4171731032,0.8119268480686855,0.19847812301838935,0.030101454265214267,0.676,compressed,rotation,False,A
1771977600,0.005984,4148618304,0.8811234562295337,0.15455100794135665,0.02638916900777244,0.644,normal,rotation,False,A
1771992000,0.005947,4141957685,0.8827042649711614,0.19102486355366916,0.02511273273331982,0.636,normal,rotation,False,A
1772006400,0.006005,4203707603,0.8801583940774781,0.15529411764705917,-0.020333404272125488,0.764,normal,rotation,False,A
1772020800,0.006286,4256191192,1.1960230061127035,0.07734503565551323,0.03313387518969968,0.852,normal,rotation,False,A
1772035200,0.006407,4335395259,1.2377387111707117,0.02449414270500536,0.07936357930089377,0.944,normal,rotation,False,A
1772049600,0.006232,4225878740,1.325571479720378,0.0953815261044177,0.054511449856037286,0.792,expanded,rotation,False,A
1772064000,0.006206,4278427907,1.3237441312133709,0.110337972166998,0.05548212781747619,0.88,expanded,rotation,False,A
1772078400,0.006127,4280714156,1.3393606734270713,0.19599999999999998,0.06142901036959625,0.888,expanded,rotation,True,C
1772092800,0.006071,4251301569,1.213010804040139,0.21637426900584794,0.06832693651215349,0.828,normal,rotation,True,C
1772107200,0.006035,4380428380,1.1893813702447742,0.20905066404328546,0.11952952266263939,0.988,normal,rotation,True,C
1772121600,0.005987,4477747414,1.1795049268453996,0.21407624633431085,0.14644637487039702,0.988,normal,rotation,True,C
1772136000,0.005963,4541751300,1.1683468573414608,0.208271787296898,0.16921812892750254,0.988,normal,rotation,False,A
1772150400,0.005987,4606919340,1.1385884929978691,0.15207373271889385,0.18784530825494672,0.992,normal,rotation,False,A
1772164800,0.006049,4679844293,1.1512630959943904,0.09690512430238474,0.22009307052370963,1.0,normal,rotation,False,A
1772179200,0.005854,4703564008,1.27026668393585,0.17744916820702406,0.19063241239909923,1.0,normal,rotation,False,A
1772193600,0.005815,4880343310,1.2733412357831084,0.1728624535315986,0.22420172407381989,1.0,normal,rotation,False,A
1772208000,0.005736,4964012457,1.2909985871567753,0.19310970081595666,0.24083996954143472,1.0,normal,rotation,False,A
1772222400,0.005787,5028143303,1.293962451267366,0.1823899371069184,0.2607423199185983,1.0,normal,rotation,False,A
1772236800,0.005775,5037529293,1.287111305428265,0.10477127397934118,0.27260196966127026,1.0,normal,rotation,False,A
1772251200,0.005566,5053331554,1.4217996670485078,0.23849372384937267,0.2842589421048882,1.0,expanded,rotation,False,A
1772265600,0.005453,5110133828,1.412288446145253,0.31363636363636366,0.30813384352387985,1.0,expanded,rotation,False,A
1772280000,0.005551,5209216237,1.46207700135758,0.23703041144901593,0.3498357502709477,1.0,expanded,rotation,False,A
1772294400,0.005693,5243246344,1.5267381860851714,0.13062472695500219,0.35806415649827494,1.0,expanded,rotation,False,A
1772308800,0.005775,5209723533,1.3017271522397638,0.0994052676295667,0.3431552102069093,0.996,expanded,rotation,False,A
1772323200,0.005844,5191087843,1.2623498764291305,0.043220338983050714,0.3367141296706986,0.988,normal,rotation,False,A
1772337600,0.00579,5142896571,1.1960011102051582,0.056020066889631945,0.30822017322191764,0.984,normal,rotation,False,A
1772352000,0.005654,5175471012,1.2415374866783961,0.10855784469096676,0.2896778562858242,0.984,normal,rotation,False,A
1772366400,0.005634,5233681878,1.2331628935694845,0.1356542617046819,0.26617109585278276,0.996,normal,rotation,False,A
1772380800,0.005508,5361404350,1.2695483072488332,0.15985997666277718,0.28171629242974316,1.0,normal,rotation,False,A
1772395200,0.005532,5418864612,1.278721073217481,0.1401869158878506,0.298948702692873,1.0,normal,rotation,False,A
1772409600,0.00562,5394965359,1.320449956295926,0.14196567862714507,0.3004246145754845,0.996,expanded,rotation,False,A
1772424000,0.005535,5370831815,1.3360260284874237,0.1577335375191425,0.2966892043466156,0.992,expanded,rotation,False,A
1772438400,0.005489,5550307407,1.3308623168987812,0.19846153846153852,0.32033622011173923,1.0,expanded,rotation,False,A
1772452800,0.005706,5682754112,1.499737363541203,0.22870662460567823,0.33517359903412913,1.0,expanded,rotation,False,A
1772467200,0.005645,5593166910,1.4123421004287917,0.3077544426494349,0.2901169503262586,0.996,expanded,rotation,False,A
1772481600,0.005502,5577118375,1.4638165680188713,0.2986906710310967,0.3197535277597672,0.992,expanded,rotation,False,A
1772496000,0.005434,5697383392,1.455416740769622,0.3105390185036205,0.33165347549234747,1.0,expanded,rotation,False,A
1772510400,0.005416,5864772604,1.4368503233627408,0.2931958762886599,0.3700453686634806,1.0,expanded,rotation,False,A
1772524800,0.00532,6314873580,1.446893713218675,0.30466531440162287,0.4853977017408806,1.0,expanded,rotation,False,A
1772539200,0.005454,6047808129,1.3941909937904475,0.2266874756145147,0.38064307970719513,0.996,expanded,rotation,False,A
1772553600,0.005473,6020232117,1.3539330093442286,0.20284135753749052,0.34447782788669823,0.992,expanded,rotation,False,A
1772568000,0.005474,5973579743,1.319178393630846,0.1947431302270016,0.31525910346522057,0.988,expanded,rotation,False,A
1772582400,0.005454,5917176207,1.2405632440946512,0.21260470682090177,0.28441063763013474,0.984,normal,rotation,False,A
1772596800,0.005489,5950409407,1.2173257549465029,0.22580645161290316,0.27149730513480574,0.984,normal,rotation,False,A
1772611200,0.005539,5943429847,1.2086998308969694,0.13490364025695942,0.2636013535462023,0.98,normal,rotation,False,A
1772625600,0.0058,5912530846,1.4425116483896439,0.005866249511145976,0.2114989603057249,0.972,expanded,rotation,False,A
1772640000,0.005814,5832118971,1.3822480397443522,0.03130016051364364,0.17488000312647078,0.964,expanded,rotation,False,A
1772654400,0.005694,5690178970,1.420228990809503,0.03631393986723911,0.1316660300045549,0.956,expanded,rotation,False,A
1772668800,0.005614,5729587749,1.376703244347858,0.06124001521491051,0.13738053234978986,0.96,expanded,rotation,False,A
1772683200,0.0056,5700931247,1.369345721414068,0.013968775677896542,0.12815301867287698,0.956,expanded,rotation,False,A
1772697600,0.005649,5767837220,1.3461612605927973,0.08270042194092825,0.12870570793982727,0.96,expanded,rotation,False,A
1772712000,0.00555,5803862373,1.3507309120071396,0.0004217629692113591,0.11415270722999549,0.96,expanded,rotation,False,A
1772726400,0.005543,5766038287,1.293112096375026,0.06708407871198564,0.09970768274091224,0.952,normal,rotation,False,A
1772740800,0.005525,5748832063,1.0936829053256194,0.11510128913443794,0.10348121672582433,0.948,normal,rotation,False,A
1772755200,0.005585,5655816095,1.092638544586893,0.11974110032362485,0.08952425118882745,0.924,normal,rotation,False,A
1772769600,0.005602,5669200689,1.0118945345447017,0.08842897460018805,0.10233612726488572,0.924,normal,rotation,False,A
1772784000,0.005521,5652654065,1.0109090964802694,0.06422018348623866,0.09220089377248741,0.916,normal,rotation,False,A
1772798400,0.005333,5777759412,1.1311596249674511,0.13443501563197854,0.10395693637533698,0.956,normal,rotation,False,A
1772812800,0.005393,5844169760,1.111466051767732,0.05292222733548073,0.09004458132317517,0.964,normal,rotation,False,A
1772827200,0.005402,5836882955,1.0476532895871864,0.06024096385542164,0.07714131518885048,0.96,normal,rotation,False,A
1772841600,0.0054,5818241574,1.0451092971224474,0.10617760617760608,0.07845763352194313,0.952,normal,rotation,False,A
1772856000,0.005396,5825029027,1.0421163441210601,0.0698141637368158,0.08456738688623422,0.952,normal,rotation,False,A
1772870400,0.005392,5829665872,1.03706313063057,0.04976911236531549,0.050332070733176915,0.952,normal,rotation,False,A
1772884800,0.00535,5870259666,1.0328763765527462,0.20067643742953806,0.032995542355783725,0.968,normal,rotation,False,A
1772899200,0.005333,5839368394,1.0121253011689189,0.18034682080924855,0.044018261561230565,0.956,normal,rotation,False,A
1772913600,0.005323,5803295953,0.7163443540690989,0.11208515967438973,0.04055455932473362,0.928,compressed,rotation,False,A
1772928000,0.005284,5832551539,0.7103589913822483,0.09566326530612249,0.023724600873761936,0.948,compressed,rotation,False,A
1772942400,0.005292,5838478366,0.6730060530722068,0.07958921694480103,-0.004483419865599969,0.952,compressed,rotation,False,A
1772956800,0.005331,5884600226,0.6711093661358563,0.00732844770153213,-0.06813649529940391,0.968,compressed,rotation,False,A
1772971200,0.005275,5916623612,0.6805653006146096,0.12579058327477124,-0.021691249821725322,0.972,compressed,rotation,False,A
1772985600,0.005341,5944392748,0.6959991068127722,0.08979591836734648,-0.012597416100592507,0.98,compressed,rotation,False,A
1773000000,0.005282,5952543214,0.6720674339033058,0.12565445026177977,-0.00352159507448635,0.984,compressed,rotation,False,A
1773014400,0.005335,5887977336,0.6949176810881791,0.07623318385650181,-0.004934595485843074,0.956,compressed,rotation,False,A
1773028800,0.005326,5889781153,0.6946327730110388,0.1061889250814332,-0.010188921442729204,0.956,compressed,rotation,False,A
1773043200,0.005354,5916662010,0.6774766055369524,0.12227362855254419,-0.004503769319917361,0.964,compressed,rotation,False,A
1773057600,0.005454,5896877615,0.7354464937359091,0.2559171597633136,-0.002647467118178315,0.952,compressed,rotation,False,A
1773072000,0.005484,5872242052,0.7137416694635007,0.24122807017543824,0.006879674643043288,0.936,compressed,rotation,False,A
1773086400,0.005421,5854619391,0.5301363804379083,0.20823798627002318,0.028898989270279563,0.924,compressed,rotation,False,A
1773100800,0.005513,5789882115,0.5587800629971598,0.07634164777021943,0.010523334075915658,0.876,compressed,rotation,False,A
1773115200,0.005581,5781832482,0.5808274592100764,0.01379811183732745,0.014190880664026961,0.872,compressed,rotation,False,A
1773129600,0.005719,5722031865,0.6634023147096048,0.04774897680763963,-0.00794151312751512,0.848,compressed,rotation,False,A
1773144000,0.005953,5756244638,0.8446117995581744,0.25171767645221704,-0.008204490723543234,0.856,compressed,rotation,False,A
1773158400,0.005685,5744496500,1.1037403033592337,0.07626208378088062,-0.0037359771003546705,0.848,normal,rotation,False,A
1773172800,0.005645,5669191754,1.1012801939815624,0.06369426751592323,-0.01385330239729421,0.816,normal,rotation,False,A
1773187200,0.005605,5619841590,1.1042986243106814,0.010729613733905597,-0.006360621419745804,0.804,normal,rotation,False,A
1773201600,0.005615,5613504141,1.0996491403218642,0.0070005385029617544,-0.009824409304836967,0.8,normal,rotation,False,A
1773216000,0.005682,5645626615,1.0905266809586482,0.08735756918068388,-0.0012432124660719523,0.804,normal,rotation,False,A
1773230400,0.005837,5690986308,1.1314577902559624,0.2784530386740329,-0.015018469585247551,0.828,normal,rotation,False,A
1773244800,0.005795,5731184156,1.1423528821787878,0.22433035714285668,-0.01933304620500964,0.844,normal,rotation,False,A
1773259200,0.00573,5722831707,1.1433922219189663,0.17748917748917734,-0.019539752446517955,0.836,normal,rotation,False,A
1773273600,0.005737,5739543339,1.1369335767715503,0.18186724230976745,-0.013526120220184623,0.844,normal,rotation,False,A
1773288000,0.005806,5734523224,1.120615519680889,0.21376433785192908,-0.015537399484275571,0.84,normal,rotation,False,A
1773302400,0.006006,5681687143,1.1882621479810962,0.29044465468306485,-0.025383741066661303,0.8,normal,rotation,False,A
1773316800,0.00587,5637056931,1.2423690804347154,0.23550724637681156,-0.03972613619644261,0.776,normal,rotation,False,A
1773331200,0.005931,5602224336,1.2356991548599732,0.2655417406749551,-0.04061125142295652,0.764,normal,rotation,False,A
1773345600,0.005914,5557653529,1.2222923321279855,0.26162018592297476,-0.04232808838105451,0.752,normal,rotation,False,A
1773360000,0.005976,5450984921,1.2245287109416518,0.3032427695004383,-0.0654201879655264,0.744,normal,rotation,False,A
1773374400,0.005979,5438778048,1.204587495455648,0.3017127799736494,-0.06845967269959052,0.74,normal,rotation,False,A
1773388800,0.006195,5583051610,1.263927023839007,0.35207823960880186,-0.0512436876625304,0.756,normal,trend,False,B
1773403200,0.00605,5334812316,1.3187059229514724,0.30475815965395164,-0.09833501911799492,0.716,expanded,trend,False,B
1773417600,0.005954,5349396728,1.3095295228347954,0.23824329576369976,-0.10009365888554178,0.716,expanded,trend,False,B
1773432000,0.005934,5350665270,1.191212438551384,0.2573007103393841,-0.10111273826360834,0.716,normal,trend,False,B
1773446400,0.005947,5300355285,0.9967400297220403,0.24538893344025636,-0.09980032487679402,0.704,normal,trend,False,B
1773460800,0.005874,5314893266,1.0039610323748716,0.21422986708365896,-0.09760768219837457,0.704,normal,rotation,False,A
1773475200,0.005885,5277188550,0.9957106512870979,0.2089728453364814,-0.10808010647206123,0.696,normal,rotation,False,A
1773489600,0.005914,5207244541,1.000085272673368,0.1862348178137652,-0.11694885310927383,0.676,normal,rotation,False,A
1773504000,0.005861,5193780533,1.0026497021373277,0.15122342559165644,-0.11553704922107666,0.672,normal,rotation,False,A
1773518400,0.005875,5162232861,0.9364429221190952,0.18576104746317523,-0.11826328643401984,0.66,normal,rotation,False,A
1773532800,0.005873,5136941155,0.931098502358599,0.15293118096856412,-0.11277275547776844,0.652,normal,rotation,False,A
1773547200,0.005826,5277781882,0.9253166945771369,0.10501500214316307,-0.08717834727471097,0.696,normal,rotation,False,A
1773561600,0.005861,5287091558,0.9291136782318908,0.06367713004484292,-0.07601151431197073,0.696,normal,rotation,False,A
1773576000,0.005825,5341910173,0.9213162632495984,0.06299212598425177,-0.07197999582310322,0.708,normal,rotation,False,A
1773590400,0.00583,5355199080,0.7878175682431148,0.08196721311475416,-0.0677687626757193,0.716,compressed,rotation,False,A
1773604800,0.005943,5330708972,0.7740221704123957,0.16178067318132486,-0.05970565059140531,0.696,compressed,rotation,False,A
1773619200,0.006087,5303364648,0.8277121594127721,0.24768756423432708,-0.05631421045090346,0.688,compressed,rotation,False,A
1773633600,0.006352,5401226961,0.9973471675023091,0.33484779645615625,-0.037815449079224295,0.728,normal,rotation,False,A
1773648000,0.006153,5331972717,1.1009704555790625,0.2018859837119585,-0.05555696814356181,0.692,normal,rotation,False,A
1773662400,0.006066,5224449567,1.121526455261852,0.10110375275938192,-0.08197818721583894,0.652,normal,rotation,False,A
1773676800,0.006174,5176735623,1.036917237902632,0.16259116259116266,-0.09674240399683298,0.628,normal,rotation,False,A
1773691200,0.006185,5184282385,0.9823840601678642,0.19982433025911314,-0.09410539215075331,0.628,normal,rotation,False,A
1773705600,0.006147,5150489787,0.9591639015269937,0.1776429809358751,-0.10263073509653653,0.612,normal,rotation,False,A
1773720000,0.006088,5105046113,0.9752799414226935,0.1227154046997386,-0.10976973785118282,0.596,normal,rotation,False,A
1773734400,0.006065,5073135146,0.9836676769446805,0.027817067421027835,-0.10710762167708465,0.592,normal,rotation,False,A
1773748800,0.006019,5004074798,0.9740445503692646,0.07336287543082218,-0.11228946962004704,0.576,normal,rotation,False,A
1773763200,0.006059,5038503193,0.9777399931372923,0.06368159203980123,-0.10062452147400047,0.584,normal,rotation,False,A
1773777600,0.00606,5007132274,0.9770472196685528,0.0732196589769309,-0.09905641870752901,0.572,normal,rotation,False,A
1773792000,0.006169,4996324959,0.9916833358086176,0.09456148946594785,-0.08340877265105173,0.564,normal,rotation,False,A
1773806400,0.00606,4955786493,1.0311601396431276,0.03772706101537043,-0.08880516004465566,0.556,normal,rotation,False,A
1773820800,0.005939,4932863160,1.0742039601433402,0.12475633528265109,-0.11645753889063548,0.552,normal,rotation,False,A
1773835200,0.005743,4949217587,1.1694505160432458,0.14598193057536846,-0.07227896806107625,0.552,normal,rotation,False,A
1773849600,0.00576,4951090808,1.1666868612509926,0.0958498023715413,-0.07445810065183112,0.552,normal,rotation,False,A
1773864000,0.005817,5005437593,1.1730792035925803,0.05676855895196499,-0.06452051466116104,0.568,normal,rotation,False,A
1773878400,0.005815,5015231816,1.1730055375195094,0.06439024390243907,-0.05379327491628705,0.572,normal,rotation,False,A
1773892800,0.00573,4968471578,1.1540791910039303,0.06983511154219202,-0.06517942518546904,0.552,normal,rotation,False,A
1773907200,0.005744,4925581995,1.0939633199505,0.06828087167070195,-0.06662762788720145,0.528,normal,rotation,False,A
1773921600,0.005693,4943308575,0.8714536348948163,0.10589362721609953,-0.05068630134841212,0.532,normal,rotation,False,A
1773936000,0.005743,4983687577,0.8022510834790961,0.05662188099808062,-0.04045087285939808,0.552,compressed,rotation,False,A
1773950400,0.005806,4987109451,0.8126362629966722,0.032348804500703036,-0.03392396560082256,0.552,compressed,rotation,False,A
1773964800,0.005965,4950958872,0.8717680198582406,0.04017467248908299,-0.036204869276918905,0.528,normal,rotation,False,A
1773979200,0.005973,5050305362,0.8728693035741147,0.06530430919591311,-0.043100780798807525,0.584,normal,rotation,False,A
1773993600,0.005993,5174838011,0.874523980072589,0.05903398926654748,-0.02123162532151479,0.616,normal,rotation,False,A
1774008000,0.006079,5118322062,0.8926925160427207,0.11111111111111102,-0.041855460642168274,0.596,normal,rotation,False,A
1774022400,0.005978,5135441791,0.9231236798046,0.06213266162888313,-0.041036250140676356,0.596,normal,rotation,False,A
1774036800,0.005953,5118630143,0.919758869535199,0.004359197907584825,-0.03978435703655214,0.592,normal,rotation,False,A
1774051200,0.005995,5125944916,0.9210389225725887,0.04197080291970803,-0.03345418310372239,0.592,normal,rotation,False,A
1774065600,0.006004,5104605077,0.9235932259312126,0.1797520661157025,-0.0549175004386564,0.572,normal,rotation,False,A
1774080000,0.005984,5053815600,0.8855536539168068,0.09618668184405225,-0.052167768247040724,0.564,normal,rotation,False,A
1774094400,0.006045,4970902678,0.866456134442512,0.012131715771230598,-0.04853083291329241,0.512,normal,rotation,False,A
1774108800,0.005967,4958604106,0.8382700251428148,0.12169312169312138,-0.04213688565258222,0.5,compressed,rotation,False,A
1774123200,0.005851,4846819734,0.7384755490066571,0.18493909191583605,-0.06509341620286757,0.464,compressed,rotation,False,A
1774137600,0.005851,4861249089,0.7411399837515541,0.1674208144796376,-0.05615790147376909,0.464,compressed,rotation,False,A
1774152000,0.005793,4844779337,0.7456829079196768,0.16694963214487787,-0.050982257601401626,0.456,compressed,rotation,False,A
1774166400,0.005751,4888517705,0.7542329417909216,0.17581187010078378,-0.036391193155097534,0.468,compressed,rotation,False,A
1774180800,0.005782,4866543111,0.7287201355918432,0.13382269904009042,-0.0274839390999847,0.46,compressed,rotation,False,A
1774195200,0.005712,4787151365,0.7516887261370669,0.19267073847862298,-0.04988620992623438,0.444,compressed,rotation,False,A
1774209600,0.005697,4793981609,0.7417872076953602,0.20000000000000018,-0.04256940966125555,0.444,compressed,rotation,False,A
1774224000,0.005807,4847729995,0.7836882308215143,0.19933920704845826,-0.029740852570514287,0.452,compressed,rotation,False,A
1774238400,0.005755,4859096683,0.7791384834779345,0.17339397384877794,-0.01951048741437378,0.452,compressed,rotation,False,A
1774252800,0.006021,4734258519,0.9472744994709006,0.043067226890756524,-0.040261534641881314,0.428,normal,rotation,False,A
1774267200,0.006073,4853552177,0.9568447252461445,0.1875000000000001,-0.01932940072210243,0.448,normal,rotation,False,A
1774281600,0.006085,4905514060,0.9589176337264794,0.185185185185185,-0.009205395289126339,0.468,normal,rotation,False,A
1774296000,0.006098,4969376693,0.9381486961228169,0.1642314436002337,-0.007204345140658708,0.508,normal,rotation,False,A
1774310400,0.006088,4903244622,0.9061236884927152,0.15881326352530523,-0.022329415290980092,0.46,normal,rotation,False,A
1774324800,0.006117,4832558994,0.904214240412305,0.23271196632591695,-0.027355008852583573,0.42,normal,rotation,False,A
1774339200,0.006106,4733284431,0.9009456405949751,0.2180722891566266,-0.039040577173459434,0.404,normal,rotation,False,A
1774353600,0.006084,4930496316,0.9033080913772165,0.2397302268546901,-0.0025918388070685916,0.468,normal,rotation,False,A
1774368000,0.006112,5035360895,0.9028463983049175,0.22933499067743937,0.010368490641041728,0.544,normal,rotation,False,A
1774382400,0.006197,5035418877,0.9127428084389259,0.2397302268546901,0.009686858986083235,0.544,normal,rotation,False,A
1774396800,0.006136,4956441680,0.9029054365322747,0.11154598825831695,0.001107423459121737,0.484,normal,rotation,False,A
1774411200,0.006232,4793086069,0.8639434824184068,0.15977791486736545,-0.05093143375752973,0.396,normal,rotation,False,A
1774425600,0.006188,4782744816,0.8759528529416435,0.11854103343465026,-0.07576917270966532,0.388,normal,rotation,False,A
1774440000,0.00612,4722374470,0.8796735229795895,0.0251997541487396,-0.07735886628542521,0.376,normal,rotation,False,A
1774454400,0.006103,4658644143,0.8705113665127728,0.0810110174983798,-0.09284452388022402,0.364,normal,rotation,False,A
1774468800,0.006127,4567132436,0.8698640861521233,0.11284046692606976,-0.10774322261869274,0.356,normal,rotation,False,A
1774483200,0.006053,4634771445,0.8697497055134666,0.036848792884370964,-0.09582105915084316,0.36,normal,rotation,False,A
1774497600,0.005967,4618616349,0.9027657147858374,0.02241066020593561,-0.09520594064950028,0.356,normal,rotation,False,A
1774512000,0.005886,4535359525,0.8925796274715051,0.05724299065420558,-0.10258705818233649,0.34,normal,rotation,False,A
1774526400,0.005892,4447213128,0.8800227870577421,0.09233554616777327,-0.10535099637289658,0.332,normal,rotation,False,A
1774540800,0.005854,4451741657,0.5652305894300956,0.06988249845392716,-0.10221877733426776,0.332,compressed,rotation,False,A
1774555200,0.005912,4387500389,0.5705500995591796,0.03912764592687582,-0.09476716077924596,0.324,compressed,rotation,False,A
1774569600,0.005917,4339197966,0.5693044303106365,0.04219948849104862,-0.10739032570482632,0.292,compressed,rotation,False,A
1774584000,0.005906,4338927506,0.5667014995404043,0.07448912326961057,-0.104411738040733,0.288,compressed,rotation,False,A
1774598400,0.005764,4327697691,0.6574565552485562,0.008039579468150884,-0.11472189482435347,0.28,compressed,rotation,False,A
1774612800,0.005769,4547018094,0.6498737632998058,0.00817096165933374,-0.0656574923332679,0.344,compressed,rotation,False,A
1774627200,0.00578,4547787324,0.6535873667636074,0.04438642297650147,-0.05000135210890699,0.344,compressed,rotation,False,A
1774641600,0.005772,4509458475,0.6537339986585045,0.049180327868852666,-0.05935006789885244,0.328,compressed,rotation,False,A
1774656000,0.005736,4488314239,0.645914993847767,0.048931771192281016,-0.07414104258502541,0.324,compressed,rotation,False,A
1774670400,0.005815,4503476856,0.6451289916074434,0.040595399188092046,-0.07318640689825517,0.324,compressed,rotation,False,A
1774684800,0.005836,4486819423,0.6437084179844689,0.15004055150040546,-0.05226564941626077,0.316,compressed,rotation,False,A
1774699200,0.005922,4430810411,0.6381444363130679,0.11917916337805824,-0.08709945841383715,0.3,compressed,rotation,False,A
1774713600,0.005928,4464519944,0.6361678220633027,0.12450436161776345,-0.08989763572301335,0.308,compressed,rotation,False,A
1774728000,0.00583,4425196915,0.658884773371089,0.19910846953937555,-0.10950664673228461,0.292,compressed,rotation,False,A
1774742400,0.005841,4414974058,0.6644387683732057,0.18337045285820303,-0.09958111447452889,0.288,compressed,rotation,False,A
1774756800,0.005784,4337608303,0.6704556448203467,0.24218181818181794,-0.10241999975882754,0.268,compressed,rotation,False,A
1774771200,0.005773,4312217721,0.6650004206407482,0.24218181818181794,-0.08895867470847119,0.256,compressed,rotation,False,A
1774785600,0.005768,4318694971,0.6443750153144785,0.2326951399116347,-0.1240851439265126,0.256,compressed,rotation,False,A
1774800000,0.005762,4330903393,0.616268196109668,0.2619760479041917,-0.13990208779265667,0.26,compressed,rotation,False,A
1774814400,0.005784,4325292318,0.6218506207963893,0.324430479183032,-0.14102631307270286,0.252,compressed,rotation,False,A
1774828800,0.005936,4323601122,0.738447807090042,0.14662756598240428,-0.1276804205229749,0.248,compressed,rotation,False,A
1774843200,0.006123,4424418939,0.8639047905323316,0.07491408934707877,-0.0769164427036706,0.288,normal,rotation,False,A
1774857600,0.006045,4570054138,0.8926180619148051,0.09603760913364658,-0.044470421522066816,0.348,normal,rotation,False,A
1774872000,0.006092,4645792228,0.9042296167069024,0.01907356948228839,-0.016216893108860098,0.36,normal,rotation,False,A
1774886400,0.005952,4680284365,0.9091521736869299,0.09490886235072275,0.004645176007383123,0.368,normal,rotation,False,A
1774900800,0.005923,4631634666,0.9249770010310562,0.12781954887217986,0.01412313544743471,0.348,normal,rotation,False,A
1774915200,0.005917,4622872228,0.9329850422168977,0.08900523560209399,-0.0025673794579098574,0.344,normal,rotation,False,A
1774929600,0.005943,4540899589,0.937145788632138,0.016348773841961633,-0.016826849023047097,0.312,normal,rotation,False,A
1774944000,0.005904,4429609933,0.9393405617165868,0.01262272089761615,-0.023316694391499193,0.268,normal,rotation,False,A
1774958400,0.005849,4406005271,0.9309011511148368,0.029152542372881063,-0.009265995537868887,0.252,normal,rotation,False,A
1774972800,0.005957,4404701387,0.9739102107389317,0.06666666666666644,-0.010566711553450792,0.248,normal,rotation,False,A
1774987200,0.00595,4393175744,0.9467337454947959,0.02543507362784516,0.0012935280904426971,0.244,normal,rotation,False,A
1775001600,0.005943,4340415230,0.9468987567026804,0.017379679144385006,0.00028052741763295863,0.232,normal,rotation,False,A
1775016000,0.005987,4393106438,0.9091738327139303,0.05297580117724025,0.012486710581147031,0.24,normal,rotation,False,A
1775030400,0.006006,4377923380,0.9096196642977563,0.1721194879089616,0.011605637127669599,0.228,normal,rotation,False,A
1775044800,0.006072,4454399134,0.9012441643163747,0.20654396728016375,-0.02036916460090954,0.28,normal,rotation,False,A
1775059200,0.006025,4526840235,0.9137146876070927,0.16300731869594115,-0.004605995731035151,0.304,normal,rotation,False,A
1775073600,0.006003,4511189388,0.9172906774540761,0.15227422544495678,0.0003838405452885052,0.3,normal,rotation,False,A
1775088000,0.005834,4203959154,1.039777534145435,0.05939393939393941,-0.06335454022563147,0.144,normal,rotation,False,A
1775102400,0.005859,4221045262,1.038582224527254,0.027568922305764278,-0.06271412134020748,0.144,normal,rotation,False,A
1775116800,0.005819,4263038475,0.9521326041680679,0.010526315789473481,-0.04987518482532882,0.156,normal,rotation,False,A
1775131200,0.005866,4279658095,0.8030193457830979,0.03553299492385824,-0.03411392092623666,0.16,compressed,rotation,False,A
1775145600,0.005831,4307199061,0.7857587357777566,0.060436137071651116,-0.03523802894226691,0.168,compressed,rotation,False,A
1775160000,0.005858,4285650760,0.7770532809663833,0.018252933507170988,-0.03153445093640539,0.16,compressed,rotation,False,A
1775174400,0.005896,4296445528,0.6990545171366609,0.035233824471492925,-0.026846936911265495,0.164,compressed,rotation,False,A
1775188800,0.005985,4335743711,0.7365989798200195,0.12617702448210932,-0.0004298663848255613,0.196,compressed,rotation,False,A
1775203200,0.006041,4525064484,0.749249033616716,0.1636141636141638,0.049359001973267924,0.3,compressed,rotation,False,A
1775217600,0.005986,4612190542,0.7641154429163183,0.12914691943127998,0.06795931941728228,0.336,compressed,rotation,False,A
1775232000,0.006015,4648174527,0.7579537368730608,0.1478667445938053,0.07325749507892576,0.356,compressed,rotation,False,A
1775246400,0.005984,4641453494,0.7454581012570026,0.11627906976744176,0.07309590953755274,0.348,compressed,rotation,False,A
1775260800,0.0059,4437557903,0.724616456949738,0.021791767554479712,0.02635691355063896,0.244,compressed,rotation,False,A
1775275200,0.005912,4408591985,0.7256059615872522,0.14285714285714318,-0.0035771824997153923,0.22,compressed,rotation,False,A
1775289600,0.005892,4325940386,0.7271736110142842,0.10782241014799192,-0.053415943143910294,0.156,compressed,rotation,False,A
1775304000,0.005913,4342569798,0.7186265702644674,0.1284996410624555,-0.06526818572997961,0.188,compressed,rotation,False,A
1775318400,0.006004,4394706944,0.7607699153106146,0.03869047619047622,-0.061017108946541554,0.208,compressed,rotation,False,A
1775332800,0.005988,4440421435,0.7388024045202051,0.04883546205860259,-0.04128417821976804,0.244,compressed,rotation,False,A
1775347200,0.005919,4391287714,0.7511048846446521,0.0014347202295548064,-0.050095374169618956,0.192,compressed,rotation,False,A
1775361600,0.005809,4295224688,0.8032645437030653,0.09066305818673923,-0.05410269401136503,0.112,compressed,rotation,False,A
1775376000,0.005819,4486457905,0.6635955861434806,0.05866114561766741,0.012833629339795927,0.264,compressed,rotation,False,A
1775390400,0.005835,4590461861,0.6613019743280624,0.009929078014184498,0.04186481373821316,0.32,compressed,rotation,False,A
1775404800,0.005826,4659801994,0.6523051476563747,0.09992372234935176,0.05791552811114542,0.36,compressed,rotation,False,A
1775419200,0.005996,4584478265,0.7905032883205054,0.031207598371776918,0.04354538314595602,0.312,compressed,rotation,False,A
1775433600,0.006019,4668638717,0.7823536681263684,0.05100671140939576,0.07562029658623248,0.36,compressed,rotation,False,A
1775448000,0.005995,4714181268,0.7854957443773589,0.005442176870748432,0.0730860575611667,0.372,compressed,rotation,False,A
1775462400,0.006054,4740655172,0.7933369528957985,0.03178807947019887,0.08285476024023053,0.384,compressed,rotation,False,A
1775476800,0.006006,4733499732,0.7714700052645616,0.04423592493297592,0.0626572944192747,0.376,compressed,rotation,False,A
1775491200,0.005954,4670712805,0.7677817497971349,0.04742818971275877,0.03178211788603136,0.348,compressed,rotation,False,A
1775505600,0.005827,4456264677,0.8279278290376096,0.10986267166042442,-0.012175217282187845,0.22,compressed,rotation,False,A
1775520000,0.00586,4496835244,0.8296695432031724,0.017735334242837637,0.0696667306392198,0.24,compressed,rotation,False,A
1775534400,0.005848,4503383996,0.8272508298983405,0.007570543702683911,0.06688834553416356,0.24,compressed,rotation,False,A
1775548800,0.005829,4497509470,0.7990025227412006,0.006983240223463398,0.05500090988505568,0.236,compressed,rotation,False,A
1775563200,0.005808,4639411376,0.7990831506215778,0.041251778093883223,0.08406122008211492,0.32,compressed,rotation,False,A
1775577600,0.005958,4472444900,0.9019632243038418,0.08349769888231381,0.038365034134650644,0.208,normal,rotation,False,A
1775592000,0.006134,4832201482,1.0069895616332465,0.16526946107784368,0.12753039214049267,0.4,normal,rotation,False,A
1775606400,0.006136,4910006196,0.9814768815005502,0.14687882496939986,0.14280657441166555,0.448,normal,rotation,False,A
1775620800,0.006117,4939426503,0.9860013604595722,0.08439897698209714,0.13923396589803638,0.46,normal,rotation,False,A
1775635200,0.006059,4881865202,0.980901105285597,0.011494252873563066,0.07884986374483671,0.428,normal,rotation,False,A
1775649600,0.006012,4730959678,0.9354461645020067,0.016688061617458245,0.0257511338524401,0.352,normal,rotation,False,A
1775664000,0.005973,4653419652,0.9452522232723488,0.026785714285714492,0.0011284268629614402,0.312,normal,rotation,False,A
1775678400,0.005932,4542784765,0.9577868056958577,0.03295310519645116,-0.021258153103882016,0.244,normal,rotation,False,A
1775692800,0.005875,4412641207,0.9766669722479503,0.016118633139909626,-0.005614956817387107,0.128,normal,rotation,False,A
1775707200,0.005865,4369100495,0.8501842917413176,0.030342156229825223,-0.008957846435861505,0.088,normal,rotation,False,A
1775721600,0.005846,4355679096,0.8471657825149755,0.0297157622739018,0.006874507585967526,0.088,compressed,rotation,False,A
1775736000,0.005927,4356210448,0.8809959770980476,0.00870646766169161,0.003141146978520082,0.092,normal,rotation,False,A
1775750400,0.005987,4341161541,0.881985435377849,0.010779961953075227,-0.012184066806343985,0.084,normal,rotation,False,A
1775764800,0.005908,4288447850,0.8986539904068716,0.0487804878048781,-0.034225036345001736,0.024,normal,rotation,False,A
1775779200,0.005885,4262770286,0.8906881023257064,0.021329987452948635,-0.029266455848536044,0.012,normal,rotation,False,A
1775793600,0.005884,4275007065,0.8160104073473302,0.05050505050505072,-0.00470700009163294,0.02,compressed,rotation,False,A
1775808000,0.005891,4246354663,0.8139106803888962,0.04858299595141696,-0.05351732861070946,0.012,compressed,rotation,False,A
1775822400,0.005945,4317491729,0.8278282714212977,0.07236842105263142,-0.05946463346512487,0.056,compressed,rotation,False,A
1775836800,0.006047,4357805630,0.8670399167557991,0.1370117792932427,-0.06480884045906954,0.12,normal,rotation,False,A
1775851200,0.005967,4346369151,0.8998254496647375,0.01904136572554135,-0.05193810510954622,0.112,normal,rotation,False,A
1775865600,0.005946,4353423983,0.800646238064832,0.047994740302432656,-0.06751748274121161,0.116,compressed,rotation,False,A
1775880000,0.005907,4258672563,0.6289909125936137,0.057291666666666866,-0.09662519939400849,0.016,compressed,rotation,False,A
1775894400,0.005907,4225223038,0.6321847475256791,0.09952606635071107,-0.10872592823125504,0.012,compressed,rotation,False,A
1775908800,0.005945,4243390442,0.6481510291647786,0.04158145875937303,-0.1035405762646825,0.016,compressed,rotation,False,A
1775923200,0.006049,4248274780,0.7039758646161858,0.06254114549045393,-0.09044401628543286,0.024,compressed,rotation,False,A
1775937600,0.005948,4237278263,0.750917790225602,0.08104487608841288,-0.04914124942583609,0.016,compressed,rotation,False,A
1775952000,0.005805,4196108279,0.8484754627867441,0.034310667498440105,-0.06687524640829379,0.004,compressed,rotation,False,A
1775966400,0.005818,4352110882,0.8456272260192328,0.01870324189526162,-0.03359098716306763,0.14,compressed,rotation,False,A
1775980800,0.005816,4489926727,0.8319821302532451,0.008191556395715177,-0.0016859871114401903,0.268,compressed,rotation,False,A
1775995200,0.005768,4699093252,0.8427017907793717,0.02478314745972744,0.012864105198503895,0.4,compressed,rotation,False,A
1776009600,0.005786,4796333392,0.8444461269948232,0.11605937921727344,0.07241866568328215,0.448,compressed,rotation,False,A
1776024000,0.005757,4882943888,0.8102517488222823,0.28239700374531773,0.010500887884955956,0.492,compressed,rotation,False,A
1776038400,0.005791,4832306501,0.7974853597778645,0.25237746891002144,-0.015824765162882892,0.456,compressed,rotation,False,A
1776052800,0.005753,4700927875,0.7759108217281461,0.2626262626262621,-0.048284679983626844,0.404,compressed,rotation,False,A
1776067200,0.005762,4765168289,0.7764423636785571,0.2221391174270756,-0.023904165348971884,0.436,compressed,rotation,False,A
1776081600,0.00577,4683937383,0.7781902912050611,0.1864406779661015,-0.009939271987175036,0.4,compressed,rotation,False,A
1776096000,0.005856,4708375934,0.8251024276274633,0.08698884758364296,0.011809870183614457,0.412,compressed,rotation,False,A
1776110400,0.006002,4744171436,0.918796563282633,0.04827586206896589,0.044331105570219576,0.444,normal,rotation,False,A
1776124800,0.005919,4668315059,0.9001832195133022,0.029810298102980824,0.057941228395005595,0.388,normal,rotation,False,A
1776139200,0.00589,4557690432,0.8766744997764725,0.016722408026755724,0.04316447681068958,0.324,normal,rotation,False,A
1776153600,0.005931,4510088095,0.8847854045610729,0.05603164139749502,0.035450040188176324,0.292,normal,rotation,False,A
1776168000,0.005929,4425328782,0.8780491009195155,0.0013908205841448298,0.015866619582562524,0.216,normal,rotation,False,A
1776182400,0.00584,4245940766,0.917505867045265,0.10020449897750537,-0.02193440029832794,0.028,normal,rotation,False,A
1776196800,0.005821,4242961307,0.9102506068829375,0.061833688699360526,-0.010606761371716344,0.024,normal,rotation,False,A
1776211200,0.005853,4256069257,0.8588134643282087,0.022598870056497116,-0.0015719892347959563,0.044,normal,rotation,False,A
1776225600,0.005821,4295052331,0.8192884652238722,0.04353835521769215,0.004688943362015197,0.076,compressed,rotation,False,A
1776240000,0.005885,4362325183,0.7271386332982938,0.003989361702128188,0.027310606203125865,0.176,compressed,rotation,False,A
1776254400,0.005887,4353907133,0.7279198040746961,0.039944903581267115,0.008434388827059713,0.164,compressed,rotation,False,A
1776268800,0.005987,4368855393,0.7853663806106138,0.041379310344827676,0.0025356254817634483,0.184,compressed,rotation,False,A
1776283200,0.005964,4367884426,0.777503574786179,0.002153625269203443,0.004950172029232647,0.184,compressed,rotation,False,A
1776297600,0.006099,4555846392,0.8598549325796038,0.10152621101526225,0.04649728806347686,0.364,normal,rotation,False,A
1776312000,0.006086,4583309593,0.8550166503951586,0.12086428089128978,0.07622962911506659,0.38,normal,rotation,False,A
1776326400,0.006043,4610313439,0.8721744051976755,0.08923884514435673,0.09114084571078207,0.392,normal,rotation,False,A
1776340800,0.006151,4610852945,0.8995397999153794,0.1292346298619825,0.0865964393384473,0.396,normal,rotation,False,A
1776355200,0.006351,4931192961,1.0310138073704183,0.17869822485207087,0.1607518854983292,0.608,normal,rotation,False,A
1776369600,0.006262,4925313152,1.0833093844241057,0.18712753277711536,0.16237661213046461,0.6,normal,rotation,False,A
1776384000,0.006167,4969141926,1.115584531267471,0.22208588957055142,0.18422633440341696,0.656,normal,rotation,False,A
1776398400,0.006174,4908643916,1.0374747471979227,0.21921182266009784,0.12787657508952233,0.596,normal,rotation,False,A
1776412800,0.006238,4909851060,1.0076475686748945,0.25029655990510025,0.09352587659722844,0.6,normal,rotation,False,A
1776427200,0.006385,4945969312,1.0602397359359754,0.3456582633053218,0.05253695697460903,0.636,normal,rotation,False,A
1776441600,0.006365,5009521043,1.0661101029612035,0.32400671516508056,0.0444480467841506,0.704,normal,rotation,False,A
1776456000,0.006301,4949108941,1.0914573531272032,0.29857299670691534,0.01355023824103374,0.64,normal,rotation,False,A
1776470400,0.006271,4910763269,1.0492974599464142,0.2640264026402635,0.016235884040833204,0.608,normal,rotation,False,A
1776484800,0.006291,4805628599,1.041677152826498,0.2988888888888882,0.022272352774610482,0.536,normal,rotation,False,A
1776499200,0.00611,4736650027,1.1934762560587941,0.17647058823529402,-0.005984733438655687,0.504,normal,rotation,False,A
1776513600,0.006105,4722951051,1.1839512948744493,0.17013712544438797,0.008329246275067037,0.488,normal,rotation,False,A
1776528000,0.00604,4684469293,1.1912635189242538,0.09445585215605748,-0.005077470731970624,0.468,normal,rotation,False,A
1776542400,0.006064,4711432903,1.1891687470228687,0.03395399780941923,-0.006900790462918693,0.484,normal,rotation,False,A
1776556800,0.006019,4713652846,1.1631245976987052,0.05592841163310975,0.009711809598753174,0.488,normal,rotation,False,A
1776571200,0.005986,4685859308,1.1632736513286128,0.05357142857142839,0.02812145272090305,0.472,normal,rotation,False,A
1776585600,0.006011,4654871438,1.084449998658013,0.045045045045045126,0.03210210974825767,0.44,normal,rotation,False,A
1776600000,0.006071,4649017649,1.0916015369087648,0.07742639040348942,0.05054740066090746,0.436,normal,rotation,False,A
1776614400,0.005999,4667176210,1.1024171631450945,0.08750687947165665,0.09920897798977912,0.456,normal,rotation,False,A
1776628800,0.005893,4612245855,1.0896381636557102,0.03781512605042014,0.08703462541380191,0.404,normal,rotation,False,A
1776643200,0.005978,4615522030,0.9504309906037008,0.06387327542156361,0.08445651404962562,0.408,normal,rotation,False,A
1776657600,0.006004,4590435691,0.9362619795607213,0.09379805228088149,0.06877293621501157,0.388,normal,rotation,False,A
1776672000,0.005999,4598879045,0.9053164870129593,0.060253699788583644,0.054226553976730374,0.396,normal,rotation,False,A
1776686400,0.006021,4540223911,0.9085456131371459,0.07008368200836834,0.04279300690357646,0.348,normal,rotation,False,A
1776700800,0.006022,4497587653,0.8847186416008743,0.019305019305018982,0.02946590088705192,0.316,normal,rotation,False,A
1776715200,0.005999,4515870347,0.7594205439097085,0.01930501930501947,0.033880457119952245,0.34,compressed,rotation,False,A
1776729600,0.005987,4531061843,0.759662883947756,0.06627218934911251,-0.005440163444386803,0.352,compressed,rotation,False,A
1776744000,0.00605,4567538716,0.7828452042428091,0.020689655172414053,-0.003440936441231557,0.392,compressed,rotation,False,A
1776758400,0.006102,4684269464,0.8031754488215741,0.03373356203544887,0.016041431017332686,0.516,compressed,rotation,False,A
1776772800,0.006085,4774764527,0.8050656913551177,0.03980699638118225,0.0355490803882057,0.592,compressed,rotation,False,A
1776787200,0.005988,4739494408,0.6909345147631921,0.23344051446945338,-0.03887468093747548,0.58,compressed,rotation,False,A
1776801600,0.006087,4716366971,0.7566456790794001,0.1118210862619808,-0.04242292308158191,0.552,compressed,rotation,False,A
1776816000,0.00616,4767592271,0.7587709501973969,0.004536616979909315,-0.0405602532593069,0.6,compressed,rotation,False,A
1776830400,0.006208,4821342014,0.7683358154260068,0.021464646464646606,-0.0177853402067798,0.632,compressed,rotation,False,A
1776844800,0.006253,4955951114,0.7598689036734073,0.00958466453674139,0.009389297849698997,0.764,compressed,rotation,False,A
1776859200,0.006269,5099309351,0.7489433498379232,0.08089260808926078,0.031003030817025712,0.848,compressed,rotation,False,A
1776873600,0.006205,5130252330,0.7823957460945481,0.10825439783491245,0.024100365277176072,0.872,compressed,rotation,False,A
1776888000,0.006103,5152576208,0.8307157043195423,0.13060686015831166,0.041111899015681796,0.888,compressed,rotation,False,A
1776902400,0.006054,5149359785,0.82169012279174,0.14136807817589556,0.0485864422555613,0.884,compressed,rotation,False,A
1776916800,0.006104,5206323244,0.7622709391434109,0.11948881789137382,0.08338027726141384,0.916,compressed,rotation,False,A
1776931200,0.006094,5209170277,0.7288269943694224,0.011477761836442193,0.09975832018547393,0.924,compressed,rotation,False,A
1776945600,0.006186,5247557354,0.7733182981570302,0.0546927751519241,0.11107595597225672,0.932,compressed,rotation,False,A
1776960000,0.006085,5176610392,0.8429540515072704,0.029663810151615014,0.10505802647386475,0.904,compressed,rotation,False,A
1776974400,0.006147,5186386224,0.8629093230224276,0.053376205787781274,0.10080867769496926,0.916,normal,rotation,False,A
1776988800,0.006122,5146923775,0.8688476724260119,0.06710097719869705,0.09191829418826902,0.884,normal,rotation,False,A
1777003200,0.006155,5153185353,0.8697005416607487,0.11009771986970696,0.0997311302544126,0.9,normal,rotation,False,A
1777017600,0.006196,5272382670,0.8762033252953424,0.11927788523533239,0.13265913789991113,0.952,normal,rotation,False,A
1777032000,0.006238,5483429739,0.8682481911152841,0.10893672537508149,0.17948137714200363,1.0,normal,rotation,False,A
1777046400,0.006254,5702419738,0.8599839456562295,0.17264725795531513,0.22181367949679354,1.0,normal,rotation,False,A
1777060800,0.006199,5706435735,0.8829320555875381,0.21458625525946728,0.2372358097116225,1.0,normal,rotation,False,A
1777075200,0.006218,5736825082,0.8219423390226172,0.17647058823529427,0.24294176145444601,1.0,compressed,rotation,False,A
1777089600,0.006225,5695949411,0.7719539891920988,0.16480238627889654,0.24082980231429185,0.988,compressed,rotation,False,A
1777104000,0.00619,5672531570,0.7519223986445529,0.1393143690736693,0.23345961363504397,0.984,compressed,rotation,False,A
1777118400,0.006174,5627449862,0.7395514197188183,0.11208791208791194,0.2394652713858192,0.98,compressed,rotation,False,A
1777132800,0.006132,5620593893,0.7355214970945957,0.07823613086771046,0.24969079574267505,0.976,compressed,rotation,False,A
1777147200,0.006169,5665610895,0.7461028113801791,0.11971830985915513,0.25459999062280425,0.98,compressed,rotation,False,A
1777161600,0.00616,5681159498,0.7233967125218427,0.12208892025405771,0.2538251948109638,0.984,compressed,rotation,False,A
1777176000,0.006208,5594571022,0.6630475876938816,0.11269614835948666,0.22485464707771952,0.964,compressed,rotation,False,A
1777190400,0.006224,5603659455,0.6402962255762615,0.08931185944363151,0.19627179821011254,0.964,compressed,rotation,False,A
1777204800,0.006199,5634063739,0.633654783222736,0.08296943231441012,0.1799668249901949,0.972,compressed,rotation,False,A
1777219200,0.006201,5636791097,0.6325086680486408,0.16653635652853757,0.18932329311021312,0.972,compressed,rotation,False,A
1777233600,0.006207,5657145378,0.5642078358189223,0.10118043844856611,0.1994709938358612,0.972,compressed,rotation,False,A
1777248000,0.006288,5679995612,0.507320986949686,0.10720268006700197,0.1913761263835223,0.98,compressed,rotation,False,A
1777262400,0.006087,5626003897,0.8074369609307044,0.08982925018559725,0.1668958312153459,0.952,compressed,rotation,False,A
1777276800,0.006124,5605695246,0.8141529790866058,0.09634055265123204,0.13110382186066083,0.944,compressed,rotation,False,A
1777291200,0.006063,5573431958,0.831058300806114,0.1488439306358384,0.09297780824123225,0.932,compressed,rotation,False,A
1777305600,0.006085,5578849318,0.8253216859336858,0.08941877794336768,0.08744150563058173,0.932,compressed,rotation,False,A
1777320000,0.006141,5598689405,0.8362579500737493,0.029320987654320858,0.08658061113338889,0.936,compressed,rotation,False,A
1777334400,0.006128,5623551449,0.8340664727576494,0.05873015873015823,0.09208749898993518,0.948,compressed,rotation,False,A
1777348800,0.006127,5650692549,0.821823241516328,0.01899256812551574,0.08535184700875242,0.964,compressed,rotation,False,A
1777363200,0.006085,5652580782,0.8323863843495387,0.007240547063555478,0.0851211385732169,0.964,compressed,rotation,False,A
1777377600,0.00612,5700709060,0.8455379568235306,0.05564924114671173,0.08635478860551782,0.988,compressed,rotation,False,A
1777392000,0.006137,5686214858,0.8433154404131533,0.04718693284936473,0.09844365857387083,0.98,compressed,rotation,False,A
1777406400,0.006135,5701684784,0.844019317373401,0.011516314779270483,0.0993559942789175,0.988,compressed,rotation,False,A
1777420800,0.006188,5688674994,0.8526803069941122,0.0616822429906542,0.10525728428919656,0.976,normal,rotation,False,A
1777435200,0.006241,5707381779,0.8618517512832923,0.07889908256880736,0.10754443864072671,0.996,normal,rotation,False,A
1777449600,0.006448,6296303468,1.070642762340082,0.20063694267515877,0.19420456785622497,1.0,normal,rotation,False,A
1777464000,0.006094,5708124191,1.5782292776222648,0.09183673469387747,0.04097699117067144,0.992,expanded,rotation,False,A
1777478400,0.006065,5677041633,1.5782054565590593,0.11954459203036043,-0.004450409855115467,0.948,expanded,rotation,False,A
1777492800,0.006155,5635416570,1.608612175509787,0.027227722772277082,-0.01244545076787762,0.92,expanded,rotation,False,A
1777507200,0.006228,5713978471,1.6267721352962348,0.005988023952096082,-0.003982448597166455,0.992,expanded,rotation,False,A
1777521600,0.006271,5734897426,1.6321727683485026,0.026963657678780794,0.006837844262588488,0.992,expanded,rotation,False,A
1777536000,0.006273,5811757839,1.6111540155329538,0.049611476389718884,0.024543939030029938,0.996,expanded,rotation,False,A
1777550400,0.00632,5861265716,1.4657351015933124,0.08568075117370906,0.04154916698216504,0.996,expanded,rotation,False,A
1777564800,0.006273,5940999247,1.4743614989110525,0.08250438853130458,0.0570056047634111,0.996,expanded,rotation,False,A
1777579200,0.006219,5911848567,1.4702653777296897,0.028968713789107557,0.043461804307335816,0.992,expanded,rotation,False,A
1777593600,0.006346,5917305852,1.517794914571999,0.10086767895878536,0.041566577048775644,0.992,expanded,rotation,False,A
1777608000,0.00632,5947252745,1.515016570488086,0.06147091108671791,0.063039993882126,0.996,expanded,rotation,False,A
1777622400,0.006306,5975936663,1.5151144948883266,0.045054945054944805,0.06643465952732486,0.996,expanded,rotation,False,A
1777636800,0.006367,5925418670,1.5233479052405678,0.09051724137931064,0.051713105228680556,0.984,expanded,rotation,False,A
1777651200,0.00632,5925411252,1.5246659548243666,0.06259863229879017,0.0512029184749474,0.98,expanded,rotation,False,A
1777665600,0.006268,5867951743,1.5354078153409114,0.03133025166923486,0.03726373478394285,0.968,expanded,rotation,False,A
1777680000,0.006267,5834080421,1.5352593970136383,0.011247991430101863,0.027127628175357854,0.96,expanded,rotation,False,A
1777694400,0.006248,5771227172,1.537222976405692,0.09554896142433211,0.025812864274310066,0.952,expanded,rotation,False,A
1777708800,0.006242,5777436276,1.5290146803194928,0.0713422007255139,0.030636883109645963,0.952,expanded,rotation,False,A
1777723200,0.006316,5782605881,1.5375784038949123,0.15176964607078614,0.03753054214643381,0.952,expanded,rotation,False,A
1777737600,0.006273,5728948617,1.387659492494027,0.11137440758293819,0.026905064188722294,0.932,expanded,rotation,False,A
1777752000,0.006272,5710003196,0.7690049797162386,0.08022045315370478,0.019882115785988974,0.924,compressed,rotation,False,A
1777766400,0.006203,5594285451,0.8002682070181968,0.044404973357016195,-0.005204184271347612,0.808,compressed,rotation,False,A
1777780800,0.006212,5586219680,0.7486729998679393,0.05008839127872715,-0.01140972870863588,0.804,compressed,rotation,False,A
1777795200,0.006212,5668237511,0.7106598490492656,0.07673716012084557,0.0027698372838576013,0.868,compressed,rotation,False,A
1777809600,0.006202,5655398040,0.6964186001093263,0.05030674846625792,-0.007948313012136055,0.856,compressed,rotation,False,A
1777824000,0.006171,5648271811,0.7023824378381751,0.02068126520681275,-0.006672812749348944,0.844,compressed,rotation,False,A
1777838400,0.006162,5655875095,0.6803694406321741,0.0163537250151424,-0.008034412763145093,0.856,compressed,rotation,False,A
1777852800,0.006318,5569729015,0.849289061794371,0.07411630558722912,-0.020909259032280025,0.776,compressed,rotation,False,A
1777867200,0.006253,5481558050,0.861502001609098,0.006795016987542387,-0.039566956924260155,0.768,normal,rotation,False,A
1777881600,0.006177,5453160364,0.7856219469138198,0.16574923547400583,-0.1339108110473305,0.764,compressed,rotation,False,A
1777896000,0.006179,5330867173,0.7846650090762938,0.06625097427903355,-0.06609124212728612,0.76,compressed,rotation,False,A
1777910400,0.006194,5272917095,0.7903918863574112,0.10165484633569721,-0.07118576260756482,0.756,compressed,rotation,False,A
1777924800,0.006188,5300979425,0.760145300677277,0.027848101265822815,-0.0593455942157618,0.756,compressed,rotation,False,A
1777939200,0.006217,5285697517,0.7591035823092046,0.009640666082383629,-0.07495319700164127,0.752,compressed,rotation,False,A
1777953600,0.006248,5280554254,0.7517457461108312,0.02037201062887473,-0.07922428916342406,0.748,compressed,rotation,False,A
1777968000,0.006285,5325952123,0.7642486617077231,0.01030927835051534,-0.0835901511140027,0.756,compressed,rotation,False,A
1777982400,0.006261,5332532302,0.7679478505323528,0.05170902716914991,-0.09020806078739463,0.76,compressed,rotation,False,A
1777996800,0.006302,5345776222,0.7799592621713288,0.025550660792951884,-0.10018904232323667,0.76,compressed,rotation,False,A
1778011200,0.006344,5568664798,0.7543539022521071,0.11130899376669655,-0.05805016233258331,0.772,compressed,rotation,False,A
1778025600,0.006438,5651204937,0.7958686183358793,0.08440366972477079,-0.04496994437258306,0.844,compressed,rotation,False,A
1778040000,0.006408,5811985891,0.8074538989346834,0.08043875685557549,-0.02274442667897747,0.956,compressed,rotation,False,A
1778054400,0.006502,5866657791,0.8108072496696349,0.16695059625212952,-0.01828648430573232,0.964,compressed,rotation,False,A
1778068800,0.006374,5738553965,0.9360469676450319,0.005640612409347354,-0.03153611844274962,0.932,normal,rotation,False,A
1778083200,0.006395,5759887630,0.9388148937340688,0.061728395061728114,-0.02793453736128959,0.932,normal,rotation,False,A
1778097600,0.006409,5725434533,0.9399779528485374,0.11979609175870844,-0.024287386168438063,0.912,normal,rotation,False,A
1778112000,0.006292,5697215428,1.0225169035707367,0.019334880123743143,-0.023459565711050012,0.876,normal,rotation,False,A
1778126400,0.00638,5713568093,1.0557983494254997,0.09691629955947159,-0.00999078311797219,0.904,normal,rotation,False,A
1778140800,0.00634,5672943476,0.9332716217244494,0.07020057306590263,-0.018086361321555833,0.844,normal,rotation,False,A
1778155200,0.006251,5605590360,0.9562181877780878,0.04606661941885249,-0.03061172153918057,0.768,normal,rotation,False,A
1778169600,0.006275,5539389111,0.919831854093226,0.001436781609195594,-0.033088009453864475,0.728,normal,rotation,False,A
1778184000,0.006272,5581551907,0.9201730224197107,0.0,-0.022495834869231457,0.744,normal,rotation,False,A
1778198400,0.006268,5624688361,0.9198289162167577,0.04890895410082768,0.005434636874771082,0.78,normal,rotation,False,A
1778212800,0.006279,5531660329,0.9194586834264448,0.050338091660405884,-0.00976677505099477,0.716,normal,rotation,False,A
1778227200,0.006326,5584665820,0.9268172034396358,0.08272859216255471,-0.014743858357702422,0.74,normal,rotation,False,A
1778241600,0.006379,5619582622,0.936383612803369,0.12456016889514428,-0.0063329614903639975,0.768,normal,rotation,False,A
1778256000,0.006436,5769960302,0.9456508476579958,0.18313752591568733,0.021544375885560685,0.932,normal,rotation,False,A
1778270400,0.006454,5820980134,0.9395662169854885,0.2005494505494504,0.029191776025244698,0.952,normal,rotation,False,A
1778284800,0.00648,5858291848,0.9348312295900453,0.12217194570135734,0.051809133303049926,0.956,normal,rotation,False,A
1778299200,0.006432,5910380371,0.9448104885207329,0.13674560733384294,0.07823000633916477,0.968,normal,rotation,False,A
1778313600,0.006416,5850881879,0.894075964098627,0.19135308246597246,0.07293413148559291,0.948,normal,rotation,False,A
1778328000,0.006357,5696865799,0.9097347650313211,0.1362940275650843,0.0686564894833106,0.848,normal,rotation,False,A
1778342400,0.006408,5738136435,0.869174397412692,0.1594634873323396,0.08822807785867526,0.904,normal,rotation,False,A
1778356800,0.006363,5754139792,0.774634695459105,0.12671976828385212,0.08548615843759855,0.908,compressed,rotation,False,A
1778371200,0.00638,5646110465,0.7734887389241397,0.11906501095690278,0.06818644972415289,0.768,compressed,rotation,False,A
1778385600,0.006428,5717317307,0.7886942966861991,0.12987012987012958,0.08271159275925499,0.88,compressed,rotation,False,A
1778400000,0.006459,5750028525,0.6780034786500964,0.12608695652173943,0.07962452387970886,0.904,compressed,rotation,False,A
1778414400,0.006547,6047982072,0.6749698562615347,0.1980609418282546,0.13416698286697026,0.996,compressed,rotation,False,A
1778428800,0.006608,6067326769,0.6744286773549175,0.2090163934426227,0.13497582334825986,0.996,compressed,rotation,False,A
1778443200,0.006606,5932930896,0.5766210414917029,0.18398876404494366,0.0654135436794161,0.976,compressed,rotation,False,A
1778457600,0.006499,5891427897,0.7039127759292116,0.0424495476687539,0.04250827260345735,0.952,compressed,rotation,False,A
1778472000,0.006521,5932217753,0.7040337031540577,0.07907627711686503,0.020686881257950374,0.972,compressed,rotation,False,A
1778486400,0.006588,6010542601,0.723740504459986,0.061340941512125574,0.024525856991477024,0.988,compressed,rotation,False,A
1778500800,0.006592,6010145081,0.7255262796273544,0.1705790297339587,0.047327448283393414,0.984,compressed,rotation,False,A
1778515200,0.006617,5949536196,0.7179912202930255,0.17316692667706682,0.03292574060164433,0.976,compressed,rotation,False,A
1778529600,0.006593,5935654877,0.7160291009429546,0.1424148606811145,0.03671692389256065,0.964,compressed,rotation,False,A
1778544000,0.006557,5852430527,0.7132551661167653,0.21882741535920747,0.02724402841380491,0.912,compressed,rotation,False,A
1778558400,0.006578,5919518083,0.7146955589479687,0.17307692307692255,0.03604577501269657,0.944,compressed,rotation,False,A
1778572800,0.006448,5681414018,0.8395650990252543,0.08752025931928654,0.0014931476112596265,0.772,compressed,rotation,False,A
1778587200,0.006358,5548261765,0.8787888509476868,0.08663967611336065,-0.010227039672588534,0.62,normal,rotation,False,A
1778601600,0.006434,5616328363,0.9185132256930024,0.12354312354312326,0.013889483200812736,0.672,normal,rotation,False,A
1778616000,0.006416,5575053097,0.8983053049591383,0.11059907834101405,-0.0011643374653292904,0.628,normal,rotation,False,A
1778630400,0.006491,5648571084,0.9186994151374374,0.16241806263656255,0.004246052664107713,0.716,normal,rotation,False,A
1778644800,0.006486,5576952419,0.9067973311550916,0.15142648134601305,0.008187793050588033,0.624,normal,rotation,False,A
1778659200,0.006425,5405914885,0.9348799929175785,0.07168718320057946,-0.032007454118355816,0.58,normal,rotation,False,A
1778673600,0.006216,5257264830,1.1664546081550107,0.10605074821080034,-0.06447414627939962,0.54,normal,rotation,False,A
1778688000,0.006271,5322770408,1.1805900422876534,0.1074918566775247,-0.07750311450929637,0.56,normal,rotation,False,A
1778702400,0.006271,5360073211,1.1308839200463185,0.12063282794990125,-0.07918029479397637,0.576,normal,rotation,False,A
1778716800,0.006227,5330959264,1.104323189602704,0.1648208469055375,-0.0900147342744676,0.564,normal,rotation,False,A
1778731200,0.006277,5402194851,1.1286295506165804,0.10084580351333818,-0.08598186378891515,0.576,normal,rotation,False,A
1778745600,0.006242,5378972498,1.087032020395607,0.11182519280205652,-0.08065611146479956,0.572,normal,rotation,False,A
1778760000,0.006368,5297947100,1.1831684115893308,0.006777572396796432,-0.07002424018308884,0.536,normal,rotation,False,A
1778774400,0.006427,5173474372,1.1762852066948795,0.011649294911097985,-0.09840513020147457,0.492,normal,rotation,False,A
1778788800,0.006366,5130231067,1.1836756041772871,0.001821493624772557,-0.10842780112284067,0.468,normal,rotation,False,A
1778803200,0.006333,5002737674,1.1789850729348057,0.028262176788935795,-0.11394973495262639,0.456,normal,rotation,False,A
1778817600,0.006288,4934890243,1.183470643801736,0.08433734939759015,-0.13685213221278358,0.432,normal,rotation,False,A
1778832000,0.006264,4951070593,1.1818865982509803,0.11796733212341255,-0.1389485162597519,0.444,normal,rotation,False,A
1778846400,0.006116,4934054051,1.2620024036366106,0.2516053706946879,-0.18418176637081807,0.424,normal,rotation,True,C
1778860800,0.006123,4923868966,1.2044570526172875,0.29234478601567254,-0.18846154930080705,0.412,normal,rotation,True,C
1778875200,0.006122,4975995120,1.174530575686346,0.2919179734620028,-0.1612922504533415,0.452,normal,rotation,True,C
1778889600,0.006119,5046843688,1.1311811698807726,0.2445302445302445,-0.14335815081944303,0.46,normal,rotation,True,C
1778904000,0.005972,4927553363,1.2211827857472641,0.326980345443717,-0.16935730140585759,0.408,normal,rotation,True,C
1778918400,0.005901,4867244643,1.1835845787569568,0.4081996434937619,-0.19021543209922254,0.372,normal,trend,True,C
1778932800,0.005891,4867093878,1.1801744893100663,0.41503848431024315,-0.19018695681965347,0.368,normal,trend,True,C
1778947200,0.005882,4833273837,1.1752961619478317,0.4393305439330548,-0.18762174432193335,0.364,normal,trend,True,C
1778961600,0.005859,4819580908,0.987174075196587,0.43899521531100544,-0.18802878403942624,0.348,normal,trend,False,B
1778976000,0.005811,4795137065,0.956455834767349,0.44299287410926425,-0.18065886593992198,0.336,normal,trend,False,B
1778990400,0.00585,4832935081,0.979478362308777,0.427732079905993,-0.18355936864531408,0.36,normal,trend,False,B
1779004800,0.005835,4884624967,0.9763337910926377,0.38626339004410853,-0.14024484898928202,0.38,normal,trend,False,B
1779019200,0.005813,4888389180,0.9466532304386155,0.3587886767610273,-0.11893321060708817,0.38,normal,trend,False,B
1779033600,0.005809,4908929468,0.9501888662170044,0.4319281271596406,-0.12595397727460123,0.384,normal,trend,False,B
1779048000,0.005731,4936413872,0.8110068366239903,0.45454545454545453,-0.11455303005879158,0.42,compressed,trend,False,B
1779062400,0.005709,4944641978,0.7460354168548982,0.5378266850068781,-0.1246207395696819,0.424,compressed,trend,False,B
1779076800,0.005664,4913928508,0.7448732748171744,0.5502008032128517,-0.11888642060871057,0.388,compressed,trend,False,B
1779091200,0.005682,4923614209,0.7720299826716422,0.5120606478290832,-0.08921721600505739,0.388,compressed,trend,False,B
1779105600,0.005666,4874240663,0.7753714796054729,0.43720190779014306,-0.07285616749118573,0.344,compressed,trend,False,B
1779120000,0.005736,4842957190,0.864423079970852,0.4202670856245087,-0.09014351197242176,0.332,normal,trend,False,B
1779134400,0.005751,4827208428,0.7528949818439399,0.4037267080745336,-0.09941371358630868,0.312,compressed,trend,False,B
1779148800,0.005765,4849160979,0.7584048900929178,0.3672496025437196,-0.09037740885652357,0.332,compressed,trend,False,B
1779163200,0.005774,4846333338,0.7630222867449672,0.413311421528348,-0.10289549494815142,0.328,compressed,trend,False,B
1779177600,0.005703,4815972818,0.7881620600680455,0.43016759776536295,-0.10466677050483775,0.292,compressed,trend,False,B
1779192000,0.005709,4795083650,0.6315029452710235,0.5816416593115623,-0.09491666121015063,0.28,compressed,trend,False,B
1779206400,0.005684,4869742927,0.5950323594519182,0.6760691537761601,-0.058709374621407684,0.344,compressed,trend,False,B
1779220800,0.005689,4829123542,0.600342494585496,0.6490891658676895,-0.05869278031877778,0.312,compressed,trend,False,B
1779235200,0.005702,4844470752,0.6094645065047332,0.6168132942326493,-0.03163606255481621,0.332,compressed,trend,False,B
1779249600,0.005742,4811447650,0.6374841670549792,0.5363457760314343,-0.025014252986700125,0.292,compressed,trend,False,B
1779264000,0.005735,4833314978,0.6160213295759374,0.5284715284715283,-0.02378386912246555,0.324,compressed,trend,False,B
1779278400,0.005812,4827500310,0.6731966784751028,0.32688172043010666,-0.021595576355391666,0.304,compressed,trend,False,B
1779292800,0.005794,4817402818,0.6751126815012961,0.349628055260361,-0.021622457611111034,0.288,compressed,trend,False,B
1779307200,0.00578,4818738952,0.6726127590568413,0.35849056603773494,-0.03160295864598839,0.288,compressed,trend,False,B
1779321600,0.005834,4794586659,0.7063574363018218,0.2835820895522391,-0.04998312699872154,0.256,compressed,trend,False,B
1779336000,0.005822,4778902916,0.6326621549527685,0.1724137931034482,-0.030167191717533903,0.252,compressed,rotation,False,A
1779350400,0.00576,4830742249,0.6762268702717011,0.16376306620209022,-0.007499601248212806,0.308,compressed,rotation,False,A
1779364800,0.005775,4819877426,0.6494308382919644,0.13394919168591304,-0.009701159086621614,0.288,compressed,rotation,False,A
1779379200,0.005856,4799955692,0.7121775817741485,0.0277185501066098,-0.0068934941664055005,0.26,compressed,rotation,False,A
1779393600,0.005845,4788850340,0.7106415825397598,0.015118790496759474,-0.006376190915062807,0.24,compressed,rotation,False,A
1779408000,0.005862,4824564522,0.6664354482922223,0.05698324022346356,0.006136937610145221,0.292,compressed,rotation,False,A
1779422400,0.005834,4836601139,0.6788283327951213,0.01809954751131267,0.0007585572614894343,0.324,compressed,rotation,False,A
1779436800,0.00586,4858083778,0.6835724892441466,0.027932960893854608,-0.005433618584703925,0.34,compressed,rotation,False,A
1779451200,0.005828,4873216247,0.6994336571954355,0.016574585635359424,-0.003103871733878605,0.352,compressed,rotation,False,A
1779465600,0.005711,4902310149,0.7956918392115209,0.0962671905697447,-0.0013484241407724085,0.368,compressed,rotation,False,A
1779480000,0.005653,4754452188,0.8283998475017923,0.07815631262525054,-0.0368611078240646,0.2,compressed,rotation,False,A
1779494400,0.005676,4742296785,0.8290470299653159,0.033033033033033135,-0.04092211203567142,0.192,compressed,rotation,False,A
1779508800,0.005516,4632369519,1.0478747795109047,0.13285457809694792,-0.057298145168700576,0.12,normal,rotation,False,A
1779523200,0.005513,4742205690,1.0417434748260308,0.15377616014558793,-0.036844584343833975,0.188,normal,rotation,False,A
1779537600,0.005595,4626354525,1.0900272529133719,0.06094420600858371,-0.05085636002376437,0.112,normal,rotation,False,A
1779552000,0.005614,4601680520,1.0951461758870926,0.10951526032315974,-0.04982011207908277,0.092,normal,rotation,False,A
1779566400,0.005669,4458307440,1.0726472234300777,0.07105719237434988,-0.07642118493583305,0.04,normal,rotation,False,A
1779580800,0.005645,4494966002,1.074011356211054,0.10309278350515505,-0.07304252808555811,0.044,normal,rotation,False,A
1779595200,0.005637,4532608687,1.0736914798760417,0.11779879621668106,-0.06473443511202404,0.064,normal,rotation,False,A
1779609600,0.005655,4628520972,1.0501304501143318,0.04324324324324274,-0.038922945183450186,0.12,normal,rotation,False,A
1779624000,0.005581,4693937938,1.0823733203555932,0.10865874363327642,-0.021093628262355724,0.16,normal,rotation,False,A
1779638400,0.005572,4684658190,1.062983647434416,0.09638554216867475,-0.03800708574857381,0.156,normal,rotation,False,A
1779652800,0.005575,4705663519,1.0595714373151384,0.09827586206896499,-0.025565720554928784,0.168,normal,rotation,False,A
1779667200,0.005569,4720111805,0.994943026299561,0.11535125758889792,-0.0256702854380243,0.188,normal,rotation,False,A
1779681600,0.005624,4660194791,1.0333992894101156,0.10102739726027396,-0.03143603962936181,0.136,normal,rotation,False,A
1779696000,0.005611,4735640810,1.026989565907253,0.10562180579216347,-0.02020852529673478,0.192,normal,rotation,False,A
1779710400,0.005629,4807427157,1.0319815693805285,0.16412556053811653,-0.004158084248781724,0.252,normal,rotation,False,A
1779724800,0.005606,4902735445,1.0222391642194288,0.16785714285714262,0.01771340911770114,0.368,normal,rotation,False,A
1779739200,0.005554,4998219143,1.032472050686303,0.1951640759930918,0.03724629883208497,0.448,normal,rotation,False,A
1779753600,0.005503,5171797770,0.9591409653964386,0.28658008658008594,0.07867437546298817,0.488,normal,rotation,False,A
1779768000,0.005535,5162325253,0.9528273216571218,0.24425531914893578,0.08023229258671138,0.484,normal,rotation,False,A
1779782400,0.005598,5152603867,0.9876218101274034,0.1377551020408167,0.0666277771426591,0.476,normal,rotation,False,A
1779796800,0.005563,5125269900,0.7476289363387277,0.17725752508361137,0.06336104572963053,0.452,compressed,rotation,False,A
1779811200,0.005521,5187884962,0.7715981215435259,0.28954191875540164,0.08081934394656076,0.5,compressed,rotation,False,A
1779825600,0.005524,5183770020,0.6886542128441748,0.2793733681462136,0.08246649027666209,0.492,compressed,rotation,False,A
1779840000,0.00551,5165163888,0.682911043769887,0.30715532286212827,0.07059691386587708,0.476,compressed,rotation,False,A
1779854400,0.005543,5108903218,0.6554195887356926,0.25282363162467325,0.05630029666996683,0.436,compressed,rotation,False,A
1779868800,0.0055,5090490860,0.6696232532106743,0.308219178082191,0.04783924951077689,0.428,compressed,rotation,False,A
1779883200,0.00552,5066560107,0.6791166873900101,0.26643598615916886,0.039674795904865556,0.424,compressed,rotation,False,A
1779897600,0.005491,5082043783,0.6788998157979722,0.20599250936329502,0.03666304834602574,0.424,compressed,rotation,False,A
1779912000,0.005431,5231567490,0.6615934074124651,0.20747663551401804,0.10035126721943177,0.508,compressed,rotation,False,A
1779926400,0.005303,5225519599,0.8400394358828223,0.3174468085106367,0.10189636707859484,0.504,compressed,rotation,False,A
1779940800,0.005308,5292537168,0.8430137540829619,0.20392156862745012,0.14251187136351584,0.532,compressed,rotation,False,A
1779955200,0.005288,5293762197,0.8458470773030304,0.2169720347155244,0.11630801003910052,0.532,compressed,rotation,False,A
1779969600,0.00531,5325438022,0.8095623986680717,0.2917093142272261,0.15110893322642616,0.544,compressed,rotation,False,A
1779984000,0.005345,5189085730,0.8397024000170321,0.2708962739174214,0.12765015029770033,0.48,compressed,rotation,False,A
1779998400,0.005365,5170498971,0.8428316025612596,0.31732776617954045,0.15974482257778067,0.452,compressed,rotation,False,A
1780012800,0.005342,5202670922,0.8435700389139542,0.3166144200626949,0.15744388715845958,0.48,compressed,rotation,False,A
1780027200,0.005386,5194139020,0.8623002417502784,0.25276938569989854,0.1459491384944256,0.476,normal,rotation,False,A
1780041600,0.00538,5180449473,0.8439276874589414,0.2803261977573905,0.11924511184865816,0.456,compressed,rotation,False,A
1780056000,0.00543,5155896565,0.8645191113341825,0.15778474399164072,0.09841600658163618,0.428,normal,rotation,False,A
1780070400,0.005406,5134568822,0.8129234805889725,0.1707818930041149,0.09603915883562042,0.404,compressed,rotation,False,A
1780084800,0.005418,5105295439,0.8104816355233702,0.1600407747196741,0.084925732234447,0.384,compressed,rotation,False,A
1780099200,0.005502,5128911043,0.8837721585667399,0.06326723323890493,0.08660795652487718,0.392,normal,rotation,False,A
1780113600,0.005496,5048333174,0.8850656031456787,0.12673267326732654,0.08328801700512445,0.36,normal,rotation,False,A
1780128000,0.00548,5039733195,0.8867536232382055,0.12931885488647596,0.06421356627341002,0.352,normal,rotation,False,A
1780142400,0.005514,5059824885,0.8881096797988323,0.11175898931001037,0.05250162295906846,0.36,normal,rotation,False,A
1780156800,0.005527,5020906249,0.8706198156540963,0.07752698724239472,0.024103034994579442,0.344,normal,rotation,False,A
1780171200,0.005494,5010921677,0.8790857627224974,0.06000000000000026,0.002541411978262298,0.34,normal,rotation,False,A
1780185600,0.005533,4999910454,0.8877988329470659,0.030364372469635317,-0.03323550603565073,0.332,normal,rotation,False,A
1780200000,0.005491,4967367284,0.8673336586931404,0.04408817635270527,-0.03776553383317016,0.32,normal,rotation,False,A
1780214400,0.005508,4984187172,0.6213426487528675,0.09453781512605042,-0.03268574478985853,0.324,compressed,rotation,False,A
1780228800,0.005448,4955666948,0.6917990780740687,0.11770726714432003,-0.033091516214589944,0.308,compressed,rotation,False,A
1780243200,0.005444,4952758742,0.6833883821668006,0.08200212992545258,-0.04532217304783015,0.304,compressed,rotation,False,A
1780257600,0.005519,4937721442,0.7413487523460419,0.0049455984174091765,-0.04746518017788137,0.292,compressed,rotation,False,A
1780272000,0.00553,4929840236,0.7332310985259965,0.01984126984126994,-0.045559764821154536,0.276,compressed,rotation,False,A
1780286400,0.00541,4918607289,0.9216194624974092,0.12146118721461238,-0.03724790251056975,0.26,normal,rotation,False,A
1780300800,0.005437,4825603217,0.9207772239202964,0.05838739573679318,-0.05203577617267341,0.16,normal,rotation,False,A
1780315200,0.005444,4702022584,0.903664050997988,0.07129455909943701,-0.07194970854018923,0.056,normal,rotation,False,A
1780329600,0.005536,4634097572,0.9825472169278346,0.03985828166519041,-0.08814292637509924,0.036,normal,rotation,False,A
1780344000,0.005527,4589439889,0.9666415175231791,0.08905380333951753,-0.12274095712755495,0.016,normal,rotation,False,A
1780358400,0.005517,4600812295,0.9617321645591582,0.22291666666666687,-0.11954931795099366,0.02,normal,rotation,False,A
1780372800,0.00547,4611610229,0.9925055200719648,0.16167664670658688,-0.12865794181230394,0.028,normal,rotation,False,A
1780387200,0.005445,4671510865,0.9237195950069579,0.15590863952333692,-0.11754425469898,0.052,normal,rotation,False,A
1780401600,0.005272,4815320584,1.1990138452766301,0.032815198618307305,-0.09578882260813959,0.128,normal,rotation,True,C
1780416000,0.005229,4893637828,1.2079231896408646,0.09948542024013715,-0.05693640794791799,0.24,normal,rotation,True,C
1780430400,0.005178,4897644237,1.2003607814688346,0.15622389306599826,-0.052771451175287365,0.24,normal,rotation,True,C
1780444800,0.005154,4908555814,1.1926222682742043,0.1569282136894831,-0.056531560886602605,0.252,normal,rotation,True,C
1780459200,0.005299,4674192502,1.4063603627993277,0.06697459584295634,-0.10010254172981303,0.056,expanded,rotation,True,C
1780473600,0.005321,4684967548,1.396831271038561,0.04486692015209127,-0.09564458211249882,0.064,expanded,rotation,True,C
1780488000,0.005259,4697827438,1.4103696043121217,0.12886209495101736,-0.08884373866410178,0.072,expanded,rotation,True,C
1780502400,0.005204,4702148164,1.4174699265278912,0.14874815905743727,-0.08421752107931912,0.08,expanded,rotation,True,C
1780516800,0.005195,4619806264,1.402607304678946,0.1645756457564575,-0.09509521648664765,0.032,expanded,rotation,True,C
1780531200,0.005132,4420304458,1.4147027760627273,0.27736131934032937,-0.13815926598436812,0.004,expanded,rotation,True,C
1780545600,0.00499,4418575609,1.470422672833715,0.3442176870748298,-0.12474564243172115,0.004,expanded,rotation,True,C
1780560000,0.004953,4496856400,1.4605332377593105,0.35345405767940935,-0.10771935219479412,0.02,expanded,trend,True,C
1780574400,0.005031,4466332715,1.4822952097047792,0.31465798045602583,-0.11729500199886855,0.016,expanded,trend,True,C
1780588800,0.005001,4470569330,1.4670426814240272,0.3389175257731955,-0.1096090808526069,0.02,expanded,trend,True,C
1780603200,0.00495,4494323656,1.4671087400595377,0.34649681528662374,-0.10309441142757658,0.024,expanded,trend,True,C
1780617600,0.004834,4511091093,1.4285065929151615,0.42440801457194877,-0.09776562310409731,0.036,expanded,trend,True,C
1780632000,0.00478,4459071771,1.4261138024228406,0.42857142857142827,-0.10232694381936103,0.016,expanded,trend,True,C
1780646400,0.00472,4427228420,1.4246977102103369,0.4629847238542885,-0.11174515177296396,0.012,expanded,trend,True,C
1780660800,0.004559,4404107316,1.5637138993445914,0.49306711037160245,-0.11129876922471504,0.004,expanded,trend,True,C
1780675200,0.004525,4512890530,1.5601841447633749,0.5013638843426073,-0.08881276777523273,0.052,expanded,trend,True,C
1780689600,0.004555,4348121806,1.4874021131635509,0.5391498881431761,-0.1194072292099948,0.004,expanded,trend,True,C
1780704000,0.0045,4403825580,1.488966625766244,0.5622270742358078,-0.10670014256421434,0.008,expanded,trend,True,C
1780718400,0.004475,4430769749,1.4862190596567546,0.5382843983880251,-0.09918204713984846,0.028,expanded,trend,True,C
1780732800,0.0045,4381598095,1.5148143330352375,0.5400576368876081,-0.09201028390312427,0.008,expanded,trend,True,C
1780747200,0.004549,4346642320,1.3242237021456609,0.5036578503095102,-0.0755802971277264,0.004,expanded,trend,True,C
1780761600,0.004503,4355167743,1.2894518655808775,0.5967648757943383,-0.060190754438435023,0.012,normal,trend,True,C
1780776000,0.004561,4340291462,1.3772739503988738,0.5426966292134829,-0.05428732765345956,0.004,expanded,trend,True,C
1780790400,0.004643,4290946195,1.4917940820121618,0.47192224622030193,-0.06735030254043428,0.004,expanded,trend,True,C
1780804800,0.004721,4257692070,1.577779182354539,0.39776951672862415,-0.07674502861807231,0.004,expanded,trend,True,C
1780819200,0.00471,4208586109,1.564041182376298,0.393258426966292,-0.0990952968702985,0.004,expanded,trend,True,C
1780833600,0.00469,4206511060,1.4480485740166253,0.33916083916083895,-0.1264317740386608,0.004,expanded,trend,True,C
1780848000,0.004601,4238196793,1.492790984703869,0.3564131668558454,-0.13393738115431297,0.012,expanded,trend,True,C
1780862400,0.004717,4222033556,1.5750330664224372,0.25232621784345927,-0.13794605085767486,0.012,expanded,trend,True,C
1780876800,0.004705,4195103059,1.5716910017059855,0.2473829201101926,-0.14534881175540815,0.004,expanded,trend,True,C
1780891200,0.004718,4228011109,1.5668066507901481,0.3452168746286392,-0.09545635803597885,0.02,expanded,trend,True,C
1780905600,0.004764,4199886954,1.496218396930181,0.3263034563561805,-0.10353979809466973,0.008,expanded,trend,True,C
1780920000,0.00476,4211063898,1.4737771012305678,0.3026076409945419,-0.10361460620342178,0.02,expanded,trend,True,C
1780934400,0.004761,4211792088,1.4407612639692984,0.2777429467084645,-0.1042834166209825,0.024,expanded,trend,True,C
1780948800,0.004718,4179935942,1.1814838910595655,0.2928176795580113,-0.09521401913056504,0.004,normal,trend,True,C
1780963200,0.004671,4260463030,1.189968385232011,0.28580285182889076,-0.036160728184845725,0.048,normal,trend,True,C
1780977600,0.004722,4237617675,1.1984283536143443,0.17608409986859416,-0.04095390687248057,0.04,normal,rotation,True,C
1780992000,0.004689,4287439126,1.1672398398325243,0.17391304347826125,-0.046569704560723846,0.056,normal,rotation,True,C
1781006400,0.004614,4216838386,1.225130393876349,0.2752475247524755,-0.05586111580135611,0.032,normal,rotation,True,C
1781020800,0.004681,4163956966,1.2511957966242582,0.20618556701030943,-0.06858463461073316,0.004,normal,rotation,True,C
1781035200,0.004665,4157914666,1.2343100870453727,0.18787079762689562,-0.0748519723431329,0.004,normal,rotation,True,C
1781049600,0.00466,4223192898,1.2052848147917925,0.12375533428164998,-0.06382008012357376,0.048,normal,rotation,True,C
1781064000,0.004669,4242564313,1.1756474783236994,0.08155767817781047,-0.04855437838163468,0.064,normal,rotation,True,C
1781078400,0.004631,4242866697,1.1222887806581852,0.06646751306945523,-0.04164269504757112,0.068,normal,rotation,True,C
1781092800,0.004745,4237087770,1.1962658538792752,0.14396284829721395,-0.03792358678300656,0.056,normal,rotation,True,C
1781107200,0.004644,4191966910,1.2950187180504844,0.08756438557763005,-0.07111265337960682,0.016,normal,rotation,True,C
1781121600,0.004615,4097736654,1.2988430059775162,0.044182621502209224,-0.05758466831690223,0.004,normal,rotation,True,C
1781136000,0.004717,4062283442,1.3182891617880126,0.15444839857651257,-0.07755578230689142,0.004,expanded,rotation,True,C
1781150400,0.004705,4075857373,1.1909660058918257,0.16522988505747138,-0.0801017421589334,0.008,normal,rotation,True,C
1781164800,0.004743,4055115995,1.2036272647250192,0.17295373665480437,-0.07451210561109212,0.004,normal,rotation,True,C
1781179200,0.004755,4061654975,1.2033894905728912,0.15058479532163718,-0.06556494048031081,0.008,normal,rotation,True,C
1781193600,0.004837,4104366866,1.2458448120319519,0.23789173789173798,-0.05758696146735309,0.024,normal,rotation,True,C
1781208000,0.004815,4090912135,1.251341397975322,0.1856725146198829,-0.057456815788377136,0.02,normal,rotation,True,C
1781222400,0.004856,4085629262,1.264183540941312,0.16051243406179325,-0.04784887147716843,0.02,normal,rotation,True,C
1781236800,0.004813,4062292057,1.2634120785304797,0.07120743034055663,-0.04589341121609103,0.016,normal,rotation,True,C
1781251200,0.004862,4125119012,1.2507508516909553,0.11428571428571442,-0.019832574370168388,0.04,normal,rotation,True,C
1781265600,0.004837,4031438899,1.2419565079845165,0.1101123595505621,-0.04161932739575391,0.004,normal,rotation,True,C
1781280000,0.004855,4065083798,1.2270914714565353,0.20094936708860744,-0.040845907694970984,0.024,normal,rotation,True,C
1781294400,0.004845,4028328572,1.1546969263995432,0.11053540587219386,-0.04587954629700253,0.004,normal,rotation,True,C
1781308800,0.004875,4108205665,1.1227172674568828,0.14455782312925172,-0.020714006969047905,0.052,normal,rotation,False,A
1781323200,0.004941,4071782212,1.143608564141057,0.18144833197721733,-0.03695091923184446,0.032,normal,rotation,False,A
1781337600,0.005081,4140591526,1.2730534340006667,0.23960695389266795,-0.014118339052799134,0.064,normal,rotation,False,A
1781352000,0.004985,4164570927,1.3801443787679437,0.15901060070671347,-0.011040670986275258,0.076,expanded,rotation,False,A
1781366400,0.004987,4117823669,1.354558023776384,0.15960451977401158,-0.0223107924220024,0.06,expanded,rotation,False,A
1781380800,0.00501,4154878629,1.2590025571722216,0.20916905444126047,-0.005994664355552515,0.072,normal,rotation,False,A
1781395200,0.005024,4240197088,1.1134364231229403,0.25898752751283927,-0.004756746357684083,0.148,normal,rotation,False,A
1781409600,0.005005,4203849994,1.0987751042848346,0.21262208865514662,-0.007968552991274747,0.104,normal,rotation,False,A
1781424000,0.00496,4204152612,1.0477441735432516,0.20178704393149688,-0.01942570181228509,0.108,normal,rotation,False,A
1781438400,0.004883,4177841577,1.1187455859223263,0.2,-0.009247878488649275,0.088,normal,rotation,False,A
1781452800,0.004879,4183705955,1.1083575922541644,0.1544461778471133,0.004742841763557326,0.096,normal,rotation,False,A
1781467200,0.005041,4116843026,1.3103077061924444,0.2633053221288516,-0.009877942021237263,0.06,expanded,rotation,False,A
1781481600,0.005021,4065570587,1.2710960958533128,0.25017325017325004,-0.0373230195273927,0.032,normal,rotation,False,A
1781496000,0.005001,4137914564,1.26721917312079,0.22833562585969708,-0.02466662642669526,0.076,normal,rotation,False,A
1781510400,0.005062,4034462227,1.278133712726878,0.2918077183480027,-0.04911878804661862,0.012,normal,rotation,False,A
1781524800,0.005174,4038818314,1.3216844874604383,0.2908474576271185,-0.046793804320933385,0.016,expanded,rotation,False,A
1781539200,0.005068,4013404150,1.4163992202288338,0.2864864864864865,-0.042596414483624834,0.004,expanded,rotation,False,A
1781553600,0.005057,3979384841,1.4081486076542815,0.30232558139534865,-0.028882239878560978,0.004,expanded,rotation,False,A
1781568000,0.005023,3923843603,1.4195930092956424,0.21951219512195108,-0.034079315482683614,0.004,expanded,rotation,False,A
1781582400,0.005034,3962672148,1.4136863560629296,0.23618090452261312,-0.027769672646001053,0.008,expanded,rotation,False,A
1781596800,0.005007,3922847374,1.4130080588443186,0.19102749638205507,-0.03261771578497108,0.004,expanded,rotation,False,A
1781611200,0.004975,3898961936,1.3883800286838293,0.1569186875891586,-0.04005584915542959,0.004,expanded,rotation,False,A
1781625600,0.004983,3903573037,1.231313369585433,0.10993975903614413,-0.04892199833873234,0.008,normal,rotation,False,A
1781640000,0.004977,3912846072,1.1571391956956463,0.12347560975609743,-0.04352722745535087,0.012,normal,rotation,False,A
1781654400,0.004996,3869910349,1.1594630515272795,0.10852713178294539,-0.052799434105874066,0.004,normal,rotation,False,A
1781668800,0.004976,3897448050,1.1554229524129314,0.12865035516969303,-0.040579063417153005,0.008,normal,rotation,False,A
1781683200,0.004937,3966909950,1.1605117579440836,0.05966587112171882,-0.03835260547387087,0.036,normal,rotation,False,A
1781697600,0.005009,3910080582,1.2006183535222577,0.13190184049079798,-0.030102978127760527,0.02,normal,rotation,False,A
1781712000,0.004903,4006597322,1.2744891805137468,0.03448275862068991,-0.014387520382427299,0.048,normal,rotation,False,A
1781726400,0.004953,4022721357,1.2459452739193335,0.07541899441340762,-0.0013919457908608823,0.056,normal,rotation,False,A
1781740800,0.0049,3954500771,1.265750321840256,0.01718213058419235,-0.03741411860401589,0.036,normal,rotation,False,A
1781755200,0.004882,4026238343,1.0273264807003506,0.04193319118692259,-0.011185241898689302,0.064,normal,rotation,False,A
1781769600,0.004836,3993872793,1.0390472673194744,0.18659558263518639,-0.035434244619086286,0.052,normal,rotation,False,A
1781784000,0.004647,3910129093,1.320514882020189,0.24039829302987192,-0.06109677046208706,0.024,expanded,rotation,False,A
1781798400,0.004708,4045565670,1.3186092499005913,0.19044368600682585,-0.017547618550055044,0.092,expanded,rotation,False,A
1781812800,0.004765,4022910384,1.2339853143199115,0.16344229486324194,-0.03176223827066693,0.072,normal,rotation,False,A
1781827200,0.004747,4026118715,1.1697804676365502,0.1842980705256152,-0.05048783548431135,0.076,normal,rotation,False,A
1781841600,0.004704,4016303287,1.1699898444432943,0.19711853307138186,-0.04461308259516361,0.068,normal,rotation,False,A
1781856000,0.004717,4055606885,1.174469902207045,0.16254180602006701,-0.03533309580056698,0.112,normal,rotation,False,A
1781870400,0.004772,4083652120,1.210066485299376,0.07535641547861505,-0.02254500446319818,0.144,normal,rotation,False,A
1781884800,0.004741,4121937521,1.2067865938359728,0.09199999999999951,-0.014764047632501498,0.176,normal,rotation,False,A
1781899200,0.004751,4131050960,1.2004292581010638,0.21513353115727052,0.00345117215066737,0.184,normal,rotation,False,A
1781913600,0.004704,4146711937,1.2030566475950726,0.2305454545454551,0.01995817026506841,0.196,normal,rotation,False,A
1781928000,0.004717,4192417511,1.2042347886073435,0.20760233918128707,0.013171597952789549,0.232,normal,rotation,False,A
1781942400,0.004709,4199592407,1.1929307184009021,0.2684410646387834,0.040929911028759314,0.24,normal,rotation,False,A
1781956800,0.004718,4188536196,1.1903932311344985,0.37623762376237624,0.037069724449110275,0.228,normal,trend,False,B
1781971200,0.004706,4317287486,1.178223788941913,0.323792486583184,0.07571710314795976,0.332,normal,trend,False,B
1781985600,0.004741,4354169081,1.141068179359186,0.27670753064798553,0.09418145139885947,0.348,normal,trend,False,B
1782000000,0.004723,4378005015,1.0682445054222582,0.26642984014209575,0.11574401478508678,0.356,normal,trend,False,B
1782014400,0.004699,4384347633,1.034059245194239,0.2941176470588239,0.10641190319335991,0.364,normal,trend,False,B
1782028800,0.00468,4417143307,1.016353296387954,0.2891246684350135,0.12600437536166043,0.376,normal,trend,False,B
1782043200,0.004703,4429520312,1.0232803213171577,0.24242424242424315,0.1360768288351919,0.392,normal,trend,False,B
1782057600,0.004689,4476506584,1.008832290307566,0.2606382978723405,0.14677157096061788,0.416,normal,trend,False,B
1782072000,0.004639,4440755467,0.6437054728085427,0.28839590443686003,0.13491698505026184,0.4,compressed,trend,False,B
1782086400,0.004653,4411634364,0.5860198436385494,0.29391602399314454,0.13998360844198454,0.376,compressed,trend,False,B
1782100800,0.004678,4451168042,0.5385714643518464,0.25426621160409596,0.14207244968922672,0.408,compressed,trend,False,B
1782115200,0.004723,4550014195,0.5739296275557216,0.18166383701188507,0.14699205486124023,0.456,compressed,rotation,False,A
1782129600,0.004689,4491940185,0.562832899899448,0.28070175438596556,0.14881013083939565,0.432,compressed,rotation,False,A
1782144000,0.004671,4526196998,0.5639155288750473,0.2205323193916354,0.12968602388538208,0.456,compressed,rotation,False,A
1782158400,0.00464,4590208523,0.5150885535179562,0.30300096805421095,0.14107046340967822,0.472,compressed,rotation,False,A
1782172800,0.004654,4648222559,0.5104669128326739,0.24748490945674012,0.17542588260125025,0.508,compressed,rotation,False,A
1782187200,0.004542,4671853486,0.6885400930319862,0.3124999999999999,0.16035194342691206,0.52,compressed,rotation,False,A
1782201600,0.004522,4788677664,0.671116575139557,0.29566854990583796,0.19900605557418904,0.58,compressed,rotation,False,A
1782216000,0.004543,4980010260,0.677721240592012,0.11633109619686784,0.27361786313278635,0.812,compressed,rotation,False,A
1782230400,0.004536,4984699609,0.6777460317003289,0.20476190476190498,0.23213909144132128,0.82,compressed,rotation,False,A
1782244800,0.004564,4999041102,0.6929280930866085,0.2478421701602954,0.24264291888834677,0.828,compressed,rotation,False,A
1782259200,0.004549,5007613801,0.6934925175038555,0.24504950495049493,0.24378195365756872,0.84,compressed,rotation,False,A
1782273600,0.004554,5014057606,0.6710393222360803,0.19480519480519456,0.24842603949496,0.848,compressed,rotation,False,A
1782288000,0.004565,4977527451,0.6774005050279884,0.19791666666666685,0.22732000219493664,0.812,compressed,rotation,False,A
1782302400,0.004366,4846691626,1.097926964744894,0.44517543859649156,0.1868522302041733,0.688,normal,trend,False,B
1782316800,0.004272,4988375024,1.156901260729208,0.4810256410256416,0.21020151290158284,0.832,normal,trend,False,B
1782331200,0.004379,4924237626,1.2877636989531573,0.347014925373134,0.19200602308716141,0.768,normal,trend,True,C
1782345600,0.004384,4897466720,1.2912390862034397,0.31067961165048524,0.181048212271804,0.732,normal,trend,True,C
1782360000,0.004426,4898840245,1.3063132320561162,0.2747875354107642,0.16850009144998057,0.74,expanded,trend,True,C
1782374400,0.004374,4926746817,1.3144403861446519,0.30371713508612797,0.1731488057717121,0.78,expanded,trend,True,C
1782388800,0.004167,4478087184,1.5859074989280169,0.42352036894696377,0.06912939854179068,0.432,expanded,trend,True,C
1782403200,0.004176,4673566775,1.56209794469708,0.4083204930662554,0.08252387411200535,0.528,expanded,trend,True,C
1782417600,0.004239,4667363376,1.6185648295698407,0.3785822021116142,0.07192975035504823,0.52,expanded,trend,True,C
1782432000,0.004203,4606510974,1.6198316118812692,0.3869047619047617,0.052194083427745896,0.488,expanded,trend,True,C
1782446400,0.004269,4562347974,1.6728069875238676,0.3102453102453101,0.04059904822788951,0.472,expanded,trend,True,C
1782460800,0.004144,4556484500,1.7413154703598133,0.3592493297587131,0.03154554500850848,0.472,expanded,trend,True,C
1782475200,0.004234,4512855183,1.7771483167977433,0.30083386786401517,0.018813520455982058,0.456,expanded,trend,True,C
1782489600,0.004219,4503263265,1.7770462469057653,0.3012820512820511,0.005977134289410824,0.452,expanded,trend,True,C
1782504000,0.004244,4531190833,1.7797114011437634,0.2573289902280124,0.020364860590059486,0.472,expanded,trend,True,C
1782518400,0.004281,4490054189,1.7961119960549345,0.23876765083440285,0.017775685501029814,0.436,expanded,trend,True,C
1782532800,0.004273,4475711177,1.7860968593815947,0.2628163530175208,0.005513863949511144,0.428,expanded,trend,True,C
1782547200,0.004251,4435812890,1.7864929115725894,0.3109354413702237,-0.025099109608382242,0.404,expanded,trend,True,C
1782561600,0.00429,4443295898,1.7975532117200634,0.26198292843072785,-0.010829237477925191,0.412,expanded,trend,True,C
1782576000,0.00423,4408790755,1.8030789795176951,0.28178913738019085,-0.025939269336239357,0.376,expanded,trend,True,C
1782590400,0.004211,4380465276,1.5818590026041799,0.2762395363811969,-0.0456936206599432,0.36,expanded,trend,True,C
1782604800,0.004213,4396632068,1.5204952988084701,0.2861778066190783,-0.05412617141424614,0.372,expanded,trend,True,C
1782619200,0.004174,4379705163,1.4280160320298994,0.25068119891008156,-0.0625337082756281,0.36,expanded,trend,False,B
1782633600,0.004212,4561422222,1.4415190721928137,0.2086137281292059,-0.047456825859975016,0.52,expanded,rotation,False,A
1782648000,0.004186,4587306646,1.4201685790134844,0.23943661971830993,-0.0788559849272279,0.528,expanded,rotation,False,A
1782662400,0.00415,4640827967,1.4113351860133132,0.2539473684210524,-0.06898542920803719,0.576,expanded,rotation,False,A
1782676800,0.004161,4640394583,1.0404642756502656,0.268130405854957,-0.07174306265585895,0.576,normal,rotation,False,A
1782691200,0.004188,4637903882,1.0441482469531984,0.23828382838283832,-0.07382955908584055,0.576,normal,rotation,False,A
1782705600,0.004179,4705598900,0.9974619443129298,0.24687294272547688,-0.06151877984626408,0.64,normal,rotation,False,A
1782720000,0.004204,4767046577,0.9919272122988051,0.2354859752120021,-0.04228623067818815,0.668,normal,rotation,False,A
1782734400,0.004227,4938245361,0.9460928312077057,0.10243183492999276,0.018889944330037656,0.828,normal,rotation,False,A
1782748800,0.004303,5030376165,0.7984964528916199,0.023151605675877988,0.00841980420436017,0.888,compressed,rotation,False,A
1782763200,0.004263,5001991918,0.7161721338578934,0.0911949685534589,0.015790117761469658,0.868,compressed,rotation,False,A
1782777600,0.004242,4977698469,0.7197615863260605,0.11024844720496868,0.016382295906647748,0.836,compressed,rotation,False,A
1782792000,0.004233,5002686905,0.7114285906050933,0.1537848605577692,0.02119821321097204,0.868,compressed,rotation,False,A
1782806400,0.004215,4974340503,0.691398449244292,0.13022113022113038,0.00966026625029226,0.824,compressed,rotation,False,A
1782820800,0.00421,5037980367,0.6910884644057342,0.042198233562316494,0.125029540514636,0.888,compressed,rotation,False,A
1782835200,0.004236,5026948792,0.6974500772066773,0.05791505791505809,0.07561291707445439,0.88,compressed,rotation,False,A
1782849600,0.004199,4987381727,0.6889826086955476,0.03960396039603969,0.06856512450810293,0.836,compressed,rotation,False,A
1782864000,0.004251,5028326404,0.6815045605169439,0.04678362573099356,0.09156939653043361,0.88,compressed,rotation,False,A
1782878400,0.004229,5080098588,0.6835868759597218,0.040733197556008245,0.11348336798301384,0.904,compressed,rotation,False,A
1782892800,0.004217,5061843029,0.6861803489647892,0.08400460299194494,0.11090974390453878,0.896,compressed,rotation,False,A
1782907200,0.004335,5153140108,0.84670239026461,0.11259754738015648,0.1418802285993941,0.936,compressed,rotation,False,A
1782921600,0.004293,5143901041,0.8624759291413111,0.08008658008658036,0.14226078696733713,0.928,normal,rotation,False,A
1782936000,0.004279,4960187703,0.8544808617394228,0.03833515881708593,0.09467640755178053,0.784,normal,rotation,False,A
1782950400,0.004352,4956100477,0.8832793557639339,0.07481559536354043,0.10379524798202833,0.78,normal,rotation,False,A
1782964800,0.004285,4950359908,0.9507509225046935,0.011904761904761762,0.10604990184334229,0.768,normal,rotation,False,A
1782979200,0.004316,5047598379,0.9524489230112824,0.06391347099311778,0.137919588623586,0.876,normal,rotation,False,A
1782993600,0.00431,5067517676,0.9513760289618334,0.02032520325203168,0.14048620490950703,0.892,normal,rotation,False,A
1783008000,0.004304,5073818060,0.9484509357279731,0.07956989247311763,0.15084120384842348,0.892,normal,rotation,False,A
1783022400,0.004287,5028802874,0.9492229114949267,0.08189655172413758,0.148006560296724,0.852,normal,rotation,False,A
1783036800,0.004249,5241032745,0.8970403109335737,0.037344398340249406,0.19205625213576538,0.988,normal,rotation,False,A
1783051200,0.004278,5368788505,0.8893726265186843,0.10901467505241083,0.22583331644235605,1.0,normal,rotation,False,A
1783065600,0.004332,5404147654,0.9145792390954833,0.12371134020618585,0.18475058676556788,1.0,normal,rotation,False,A
1783080000,0.004353,5409113755,0.9149895956183147,0.17305699481865325,0.1791480649580277,1.0,normal,rotation,False,A
1783094400,0.004385,5389861798,0.9141846627331307,0.24453694068678433,0.16140090439167953,0.992,normal,rotation,False,A
1783108800,0.004447,5229595015,0.9414091760701394,0.2826086956521741,0.126972054091806,0.964,normal,rotation,False,A
1783123200,0.004423,5262599753,0.9517550455592625,0.23290386521308173,0.13469357858503384,0.972,normal,rotation,False,A
1783137600,0.004387,5280353247,0.9490124814283462,0.2007722007722002,0.12214265584769657,0.972,normal,rotation,False,A
1783152000,0.004391,5254930719,0.925693585773765,0.18423645320196974,0.1023451594439917,0.964,normal,rotation,False,A
1783166400,0.004473,5319945688,0.970958493552983,0.22905027932960884,0.0772947269924038,0.98,normal,rotation,False,A
1783180800,0.004486,5413527726,0.9638956028186594,0.18100890207715092,0.07616757642616578,1.0,normal,rotation,False,A
1783195200,0.004453,5348993803,0.8390831784858143,0.18924302788844585,0.06937274003808169,0.98,compressed,rotation,False,A
1783209600,0.004341,5239573345,0.9706391641353662,0.09041095890410952,0.05260963026002852,0.944,normal,rotation,False,A
1783224000,0.004342,5207009539,0.967459471992258,0.10027598896044193,0.04084257877417574,0.928,normal,rotation,False,A
1783238400,0.004313,5207308962,0.9166939169962265,0.08925318761384314,0.046834039378586434,0.928,normal,rotation,False,A
1783252800,0.004345,5220604670,0.8730292591196962,0.11999999999999944,0.036249506686495625,0.928,normal,rotation,False,A
1783267200,0.004364,5194191388,0.866144034085897,0.11449016100178831,0.033269206216334224,0.912,normal,rotation,False,A
1783281600,0.004419,5161247605,0.8961828287828174,0.193661971830986,0.03486115310940585,0.872,normal,rotation,False,A
1783296000,0.004384,5153590969,0.9131990493924498,0.11885612153708666,0.02491178076672851,0.864,normal,rotation,False,A
1783310400,0.004357,5259363962,0.9190608122647442,0.11387900355871819,0.035287774615920586,0.952,normal,rotation,False,A
1783324800,0.004344,5233471741,0.9007639662316549,0.1128888888888881,0.033906367901318735,0.936,normal,rotation,False,A
1783339200,0.00439,5183420743,0.9132914617318713,0.052231718898384905,0.00587615208695591,0.884,normal,rotation,False,A
1783353600,0.004402,5169048947,0.8839508971163842,0.10654936461388015,0.0048888782656502094,0.872,normal,rotation,False,A
1783368000,0.004393,5089592098,0.8815184815646983,0.1119842829076622,0.026088608485871356,0.816,normal,rotation,False,A
1783382400,0.004334,5051860233,0.9103056809737642,0.01792828685258939,0.019321592942757482,0.788,normal,rotation,False,A
1783396800,0.004356,5099522136,0.8676521899402286,0.07403545359749715,0.030131592605811885,0.828,normal,rotation,False,A
1783411200,0.004381,5233304079,0.8724055403582707,0.06820566631689386,0.0367909025354729,0.932,normal,rotation,False,A
1783425600,0.004445,5352443866,0.9044059466264311,0.13353115727003015,0.056225988386665815,0.98,normal,rotation,False,A
1783440000,0.004445,5317336658,0.9044791697857035,0.14029850746268696,0.047995138004613525,0.964,normal,rotation,False,A
1783454400,0.004378,5269579184,0.8753343433664172,0.08625592417061595,0.0478794488534966,0.948,normal,rotation,False,A
1783468800,0.0043,5138789171,0.9313262972012122,0.04657534246575321,-0.019508287578920647,0.84,normal,rotation,False,A
1783483200,0.004279,5148549373,0.9268677523412993,0.0009199632014720615,-0.041022128510908806,0.844,normal,rotation,False,A
1783497600,0.004233,5130101259,0.8133976173009652,0.09175162187210377,-0.050710382570165025,0.828,compressed,rotation,False,A
1783512000,0.004202,5083796144,0.8213784927074034,0.1386593204775022,-0.06014249759478385,0.812,compressed,rotation,False,A
1783526400,0.004259,5058222963,0.8654630325830971,0.11310592459605036,-0.06153011847596168,0.792,normal,rotation,False,A
1783540800,0.00429,5058369172,0.8649393434283649,0.14496768236380406,-0.03274170227500872,0.796,normal,rotation,False,A
1783555200,0.00424,5066618054,0.8847374609476721,0.16501352569882755,-0.0372404720477324,0.808,normal,rotation,False,A
1783569600,0.004297,5095689337,0.8902090648920666,0.07964601769911551,-0.03497188566028531,0.832,normal,rotation,False,A
1783584000,0.004294,5100222786,0.8798287907747558,0.08591674047829914,-0.02944052762496563,0.84,normal,rotation,False,A
1783598400,0.004263,5098435725,0.8826187089630216,0.19480519480519476,-0.041637636169792436,0.836,normal,rotation,False,A
1783612800,0.004284,5124526766,0.8893669881128363,0.186003683241253,-0.05338495979469926,0.852,normal,rotation,False,A
1783627200,0.004282,5142772493,0.858558537537561,0.16208530805687224,-0.03855329013175157,0.872,normal,rotation,False,A
1783641600,0.004346,5185492560,0.9127545968638868,0.004965243296921351,-0.010321600908899997,0.908,normal,rotation,False,A
1783656000,0.004343,5175799892,0.912292744268955,0.0009910802775017502,-0.005993775653039046,0.9,normal,rotation,False,A
1783670400,0.004377,5176962615,0.8849958883148845,0.06311637080867837,-0.005827644801076781,0.9,normal,rotation,False,A
1783684800,0.004357,5155079261,0.8850439048549115,0.011976047904191482,-0.012551306437076026,0.884,normal,rotation,False,A
1783699200,0.004365,5147720283,0.8780951238353149,0.0010090817356207195,-0.00894674484027691,0.868,normal,rotation,False,A
1783713600,0.004395,5147221836,0.837909433672063,0.02484472049689504,-0.002717515235349799,0.864,compressed,rotation,False,A
1783728000,0.004397,5163781984,0.8380824569449564,0.01393354769560558,0.0019774590302763517,0.888,compressed,rotation,False,A
1783742400,0.004383,5211422764,0.7841327668974346,0.028260869565217405,-0.009115398429617172,0.92,compressed,rotation,False,A
1783756800,0.004397,5216234078,0.6907547087492792,0.057546145494028395,-0.003293733844965119,0.92,compressed,rotation,False,A
1783771200,0.004411,5231971170,0.6803075430596339,0.02362204724409472,0.009366483912301549,0.928,compressed,rotation,False,A
1783785600,0.004403,5216874142,0.6354119601583592,0.0011299435028250093,0.009252223279440308,0.916,compressed,rotation,False,A
1783800000,0.004304,5140320167,0.7825852157796777,0.09128205128205182,0.009967020543735439,0.832,compressed,rotation,False,A
1783814400,0.004314,5137045493,0.7409408161710362,0.021598272138228986,0.016862156922622162,0.824,compressed,rotation,False,A
1783828800,0.004291,5152604874,0.736583922169345,0.07011866235167188,0.010409355344349391,0.852,compressed,rotation,False,A
1783843200,0.004298,5175389770,0.695590189805322,0.09130913091309188,-0.011066490333018542,0.876,compressed,rotation,False,A
1783857600,0.004302,5228850064,0.6443864068300138,0.16843345111896305,-0.02309109728083225,0.92,compressed,rotation,False,A
1783872000,0.004289,5278689526,0.6471235931535742,0.18097447795823618,-0.007268137130616914,0.96,compressed,rotation,False,A
1783886400,0.00423,5239838371,0.6887552829752368,0.1733021077283366,-0.005643868696441956,0.936,compressed,rotation,False,A
1783900800,0.004188,5310801662,0.7041979415098943,0.1369193154034228,0.03347335048706168,0.964,compressed,rotation,False,A
1783915200,0.004208,5392618374,0.713676933013003,0.08690330477356148,0.04740539194980742,0.988,compressed,rotation,False,A
1783929600,0.004211,5431797360,0.6369528225269223,0.028423772609818335,0.058808995333321956,1.0,compressed,rotation,False,A
1783944000,0.004173,5475472994,0.6533085568199012,0.03713188220230508,0.07704416914164924,1.0,compressed,rotation,False,A
1783958400,0.004138,5565313254,0.6318008961933221,0.15942028985507134,0.1002506798749827,1.0,compressed,rotation,False,A
1783972800,0.004153,5516263224,0.6429277698561005,0.18438761776581503,0.09052207073667495,0.996,compressed,rotation,False,A
1783987200,0.004153,5545554110,0.639006540204654,0.12554112554112576,0.09452776011443942,0.996,compressed,rotation,False,A
1784001600,0.004147,5509513609,0.6097673546551405,0.23364485981308367,0.08121065564087782,0.988,compressed,rotation,False,A
1784016000,0.004128,5490999635,0.6065134901541772,0.2522796352583586,0.07661956455562557,0.984,compressed,rotation,False,A
1784030400,0.004237,5457186514,0.8357469777995078,0.035326086956521605,0.0703648743164258,0.976,compressed,rotation,False,A
1784044800,0.004206,5276367657,0.836363048279415,0.10455764075066966,0.029630226932841452,0.916,compressed,rotation,False,A
1784059200,0.004221,5183452405,0.840234031441193,0.08036890645586289,0.007910113086933235,0.832,compressed,rotation,False,A
1784073600,0.004212,5183266139,0.840933312393,0.19034090909090837,-0.0004293557408941995,0.824,compressed,rotation,False,A
1784088000,0.004256,5199500482,0.7599417006671358,0.11677852348993127,0.004579116367430025,0.84,compressed,rotation,False,A
1784102400,0.004252,5025473848,0.7585844362885409,0.17482517482517362,-0.029262094062852295,0.656,compressed,rotation,False,A
1784116800,0.004274,4947446371,0.7616857124388823,0.11576011157600985,-0.04027734191612076,0.592,compressed,rotation,False,A
1784131200,0.004215,4829180244,0.8081858084278879,0.1953124999999985,-0.06187982669764658,0.564,compressed,rotation,False,A
1784145600,0.004233,4851678496,0.816475812275954,0.21428571428571241,-0.05741803042817217,0.568,compressed,rotation,False,A
1784160000,0.004223,4820875545,0.8209882944353833,0.2277486910994745,-0.06640606440444174,0.556,compressed,rotation,False,A
1784174400,0.004185,4801970346,0.8000263330265134,0.2512690355329926,-0.07856825986723959,0.552,compressed,rotation,False,A
1784188800,0.004162,4859882361,0.7852316908197884,0.29485570890840457,-0.06831589834186114,0.568,compressed,rotation,False,A
1784203200,0.004167,4953069659,0.7786915352796021,0.3096446700507599,-0.05330715746279624,0.596,compressed,rotation,False,A
1784217600,0.004155,4973245004,0.7807442764459265,0.3131313131313113,-0.046700213838511306,0.604,compressed,rotation,False,A
1784232000,0.004114,5027567809,0.7860318278148442,0.2588555858310611,-0.02193489011129135,0.66,compressed,rotation,False,A
1784246400,0.004144,5021067069,0.784086701432467,0.22546419098143097,-0.022576873060212943,0.648,compressed,rotation,False,A
1784260800,0.004111,5053242595,0.7974144323623811,0.23560209424083586,-0.019283892599912145,0.684,compressed,rotation,False,A
1784275200,0.004131,5147085007,0.8063349875101524,0.21492921492921327,-0.0054691074987381905,0.764,compressed,rotation,False,A
1784289600,0.00412,5239242216,0.8114817681175042,0.23214285714285596,0.001987464140834394,0.884,compressed,rotation,False,A
1784304000,0.004138,5280346471,0.8162808486477924,0.1913814955640044,0.00031389324790542794,0.92,compressed,rotation,False,A
1784318400,0.00414,5282140924,0.5936486629761738,0.12295081967213162,0.008073255319119177,0.924,compressed,rotation,False,A
1784332800,0.004185,5319326611,0.6266337016500262,0.004081632653060569,0.0016052094471910028,0.932,compressed,rotation,False,A
1784347200,0.004164,5344720200,0.6286312402713023,0.05978260869565161,-0.008882173867695964,0.936,compressed,rotation,False,A
1784361600,0.004156,5328614134,0.6291156928038871,0.07422402159244283,-0.01899614789753501,0.932,compressed,rotation,False,A
1784376000,0.004147,5345304970,0.5818198417471677,0.03651685393258411,-0.023772927771288033,0.936,compressed,rotation,False,A
1784390400,0.00414,5380795147,0.5819044335964815,0.002923976608186241,-0.03315502624535638,0.948,compressed,rotation,False,A
1784404800,0.004142,5426037021,0.5663744346497341,0.01639344262295031,-0.016356399130383448,0.968,compressed,rotation,False,A
1784419200,0.004138,5474959860,0.49903917754968397,0.022222222222221193,-0.012729882100095513,0.976,compressed,rotation,False,A
1784433600,0.004164,5507476075,0.5120013796624898,0.024460431654676876,-0.000369821030421158,0.984,compressed,rotation,False,A
1784448000,0.004144,5477185374,0.5202723521051419,0.022988505747126867,-0.0025158007500031276,0.976,compressed,rotation,False,A
1784462400,0.004155,5500039565,0.49584262189792266,0.1371237458193981,0.007852590504294321,0.98,compressed,rotation,False,A
1784476800,0.004137,5548962723,0.4935550573951993,0.11794871794871685,0.051663394918729066,0.996,compressed,rotation,False,A
1784491200,0.004143,5503274388,0.4954421776201665,0.13541666666666613,0.06170057290224129,0.976,compressed,rotation,False,A
1784505600,0.004186,5512609830,0.5423316561836659,0.04262295081967202,0.06353979945616683,0.984,compressed,rotation,False,A
1784520000,0.004175,5482934365,0.4988726972112046,0.14038128249566778,0.05451175242337447,0.96,compressed,rotation,False,A
1784534400,0.004227,5430386671,0.5426804404681135,0.03999999999999978,0.08057206847492493,0.936,compressed,rotation,False,A
1784548800,0.004247,5429493986,0.5085994697193803,0.043338683788122216,0.09743362107481857,0.932,compressed,rotation,False,A
1784563200,0.00423,5384176049,0.5170367937885347,0.025817555938038347,0.11492546911860524,0.904,compressed,rotation,False,A
1784577600,0.004248,5351094800,0.5134393088757825,0.025817555938038347,0.10293680927368687,0.888,compressed,rotation,False,A
1784592000,0.004276,5332010722,0.521857861814121,0.08848080133555947,0.10602538319623855,0.872,compressed,rotation,False,A
1784606400,0.004287,5337514371,0.5218147640332815,0.17832167832167786,0.11152589175110239,0.872,compressed,rotation,False,A
1784620800,0.004273,5300510807,0.48959327494387694,0.1971580817051512,0.09066648393302534,0.844,compressed,rotation,False,A
1784635200,0.004284,5285697433,0.47077280329545435,0.20562390158172247,0.06715588451206145,0.84,compressed,rotation,False,A
1784649600,0.004277,5309986936,0.470443382580817,0.21631205673759024,0.0677107063354323,0.844,compressed,rotation,False,A
1784664000,0.004264,5305071890,0.4761452844927677,0.27985074626865913,0.05519648695801416,0.84,compressed,rotation,False,A
1784678400,0.004239,5303106714,0.499379203077693,0.1789077212806024,0.05617125625373709,0.836,compressed,rotation,False,A
1784692800,0.004232,5278674486,0.5040523919070893,0.23960396039603948,0.044611333566897615,0.808,compressed,rotation,False,A
1784707200,0.004245,5275825869,0.5056140221251871,0.22891566265060215,0.025012383091577828,0.8,compressed,rotation,False,A
1784721600,0.00425,5270574742,0.4936492919137727,0.2642276422764229,0.005980354545226829,0.796,compressed,rotation,False,A
1784736000,0.004244,5252281514,0.48050163680830965,0.22083333333333396,-0.0053149839985187075,0.776,compressed,rotation,False,A
1784750400,0.004252,5229458407,0.48144299605178476,0.23045267489711985,-0.00997370531343289,0.74,compressed,rotation,False,A
1784764800,0.004239,5260219721,0.4749320709101942,0.11894273127753198,-0.011111724156544711,0.784,compressed,rotation,False,A
1784779200,0.004223,5254171344,0.4887447402718861,0.13140311804008972,-0.016941739251383092,0.772,compressed,rotation,False,A
1784793600,0.004228,5294292366,0.43842288076509467,0.16143497757847625,-0.006441030845338314,0.828,compressed,rotation,False,A
1784808000,0.004143,5309910258,0.6359894982168524,0.007662835249041541,-0.006621645013455635,0.84,compressed,rotation,False,A
1784822400,0.004111,5420213485,0.5811985928798689,0.05301645338208348,0.0073257459024391736,0.924,compressed,rotation,False,A
1784836800,0.004135,5408802428,0.5881967725273188,0.012302284710017757,-0.003176276338200057,0.912,compressed,rotation,False,A
1784851200,0.004149,5416995783,0.5941047916690425,0.01899827288428287,-0.01058712364696679,0.92,compressed,rotation,False,A
1784865600,0.004189,5317024958,0.6301773765135308,0.042158516020236035,-0.03458047105542805,0.836,compressed,rotation,False,A
1784880000,0.004162,5316998413,0.6193738363891217,0.029999999999999784,-0.029246218643685484,0.832,compressed,rotation,False,A
1784894400,0.004154,5351428391,0.6137182021854762,0.00167504187604713,-0.02702001908235363,0.876,compressed,rotation,False,A
1784908800,0.004166,5313707793,0.6217769340674973,0.04906937394247114,-0.04239619938784012,0.824,compressed,rotation,False,A
1784923200,0.004182,5308729490,0.6283533691990355,0.06489184692179716,-0.0353507538029012,0.808,compressed,rotation,False,A
1784937600,0.004215,5294243948,0.6615331746977778,0.04906937394247114,-0.039612069189376986,0.788,compressed,rotation,False,A
1784952000,0.004191,5244002189,0.6712803573703712,0.026490066225166267,-0.04357742772286499,0.72,compressed,rotation,False,A
1784966400,0.004249,5184905430,0.7386038496331869,0.03606557377049241,-0.04520511261397797,0.64,compressed,rotation,False,A
1784980800,0.004748,6061642154,2.621812700703673,0.4600550964187334,0.11642856030967152,1.0,expanded,trend,False,B
1784995200,0.005088,6584518790,2.988754288733324,0.6076487252124648,0.2229389845495373,1.0,expanded,trend,False,B
1785009600,0.004896,6550789411,3.1751412570734265,0.4085750315258518,0.22419610487932307,0.996,expanded,trend,False,B
1785024000,0.005413,7603773872,3.8058656912456628,0.5479518072289162,0.42606124939446444,1.0,expanded,trend,False,B
1785038400,0.005583,8461757915,3.820375782304031,0.580125335720681,0.5853367929039717,1.0,expanded,trend,False,B
1785052800,0.005413,7805358477,3.9369367244809506,0.47698744769874535,0.47256722251976724,0.996,expanded,trend,False,B
1785067200,0.005165,7482439914,4.148045900868404,0.33536353254663165,0.4156012539206575,0.988,expanded,trend,False,B
1785081600,0.005303,7405827014,4.158170838677536,0.37200870195794067,0.39469778424328683,0.984,expanded,trend,False,B
1785096000,0.005314,7220317336,4.096379587319351,0.3809869375907112,0.361021581933737,0.98,expanded,trend,False,B
1785110400,0.005114,6787961869,4.234857107203934,0.29853292391675207,0.27999722334080857,0.976,expanded,trend,False,B
1785124800,0.005197,7155455097,4.23457742783904,0.3209178583305623,0.3555401296248826,0.976,expanded,trend,False,B
1785139200,0.004978,6445599828,4.410024751373378,0.22813569872393408,0.22172338284957904,0.96,expanded,trend,False,B
1785153600,0.004958,6234817264,4.420037828744528,0.21933085501858723,0.18294826830102084,0.956,expanded,rotation,False,A
1785168000,0.005032,6181390048,4.407522946603068,0.23907766990291254,0.17689617959803816,0.952,expanded,rotation,False,A
1785182400,0.00483,5955810622,4.549242451042462,0.1656160458452723,0.13889626008454847,0.944,expanded,rotation,False,A
1785196800,0.004667,5828434959,4.647284983042195,0.1175824175824177,0.10802119837913904,0.94,expanded,rotation,False,A
1785211200,0.00465,5804916424,4.651998242476756,0.11727547377094186,0.10482054046998734,0.936,expanded,rotation,False,A
1785225600,0.004634,5733389034,4.655707871909445,0.11117196056955093,0.08293774458318226,0.932,expanded,rotation,False,A
1785240000,0.004652,5656951902,4.649118112695199,0.14198047419804738,0.06535734638398849,0.928,expanded,rotation,False,A
1785254400,0.004609,5661694211,4.655598496167194,0.13848720800889883,0.044551884656993446,0.928,expanded,rotation,False,A
1785268800,0.004632,5651389626,3.8938578274482087,0.13824756606397776,0.044850445404363004,0.92,expanded,rotation,False,A
1785283200,0.00458,5585889815,3.5146712736594528,0.11863473713184695,0.031178542270613452,0.916,expanded,rotation,False,A
1785297600,0.004626,5565892807,3.437619537077628,0.12008793624622147,0.046805845555709436,0.912,expanded,rotation,False,A
1785312000,0.004782,5655176870,2.572525900509603,0.16454352441613587,0.06360326461131849,0.92,expanded,rotation,False,A
1785326400,0.004674,5530082800,2.4376868985797095,0.13443640124095155,0.03338443420086867,0.892,expanded,rotation,False,A
1785340800,0.00464,5573470464,2.380145672667484,0.12185089974293054,0.04888538871900283,0.908,expanded,rotation,False,A
1785355200,0.004645,5513665999,2.193434718290905,0.11936065996390822,0.03860368274293058,0.88,expanded,rotation,False,A
1785369600,0.00467,5560992218,2.077685762033721,0.11754068716094028,0.050384582316190585,0.896,expanded,rotation,False,A
1785384000,0.004601,5606300981,2.0760336340796153,0.10469867211440244,0.06908822287678884,0.912,expanded,rotation,False,A
1785398400,0.004638,5660076304,1.9622534349419158,0.09987163029525026,0.09164504163386455,0.924,expanded,rotation,False,A
1785412800,0.004605,5732934635,1.8972783203342227,0.04170312044327791,-0.05422747015560625,0.928,expanded,rotation,False,A
1785427200,0.004615,5763834315,1.6846067413376422,0.15262988060664717,-0.12463848933750254,0.932,expanded,rotation,False,A
1785441600,0.004721,5859709524,1.7886544144789371,0.0580816461998008,-0.1054956652765463,0.94,expanded,rotation,False,A
1785456000,0.004733,5831415424,1.7455670565843768,0.27113237639553434,-0.2330893156260868,0.936,expanded,rotation,False,A
1785470400,0.004718,5720476010,1.4928831999605159,0.36761580960476,-0.32396127761355364,0.912,expanded,trend,False,B
1785484800,0.004653,5711536472,1.3070758302942496,0.33807829181494675,-0.26825443202510835,0.908,expanded,trend,False,B
1785499200,0.004656,5687431710,1.3044723322821954,0.25411882176734885,-0.23989610670196693,0.904,expanded,trend,False,B
1785513600,0.004744,5520256048,1.3676645999789636,0.28622631848438324,-0.2546064014775812,0.844,expanded,trend,False,B
1785528000,0.004713,5627049917,1.3769513608885044,0.30461226558540294,-0.22066445903368814,0.88,expanded,trend,False,B
1785542400,0.004951,5791795554,1.7411113177122866,0.08105420188960719,-0.1467548483955693,0.924,expanded,rotation,False,A
1785556800,0.004867,5665499869,1.8026127809932664,0.16401590457256499,-0.20822648004942124,0.896,expanded,rotation,False,A
1785571200,0.004957,5805100124,1.805300825485414,0.011152416356877436,-0.0993700696741423,0.928,expanded,rotation,False,A
1785585600,0.005093,6243926971,1.8764807561154067,0.06753376688344206,0.0014611024853286025,0.956,expanded,rotation,False,A
1785600000,0.00483,5756845300,2.1674047008084627,0.09232175502742235,-0.06868111293791634,0.908,expanded,rotation,False,A
1785614400,0.004819,5696009849,2.096370115130801,0.005508262393590254,-0.04362139589199321,0.888,expanded,rotation,False,A
1785628800,0.004873,5934762380,2.0960482250450396,0.10911016949152536,0.01824287681821235,0.936,expanded,rotation,False,A
1785643200,0.005006,5945250328,2.1677872683440293,0.1776447105788428,0.024175008518606766,0.936,expanded,rotation,False,A
1785657600,0.004972,5914385711,2.18043711860478,0.1671612265084076,0.03156888114981515,0.928,expanded,rotation,False,A
1785672000,0.004932,5859535713,2.147494252390839,0.1369863013698631,0.035811478426814425,0.92,expanded,rotation,False,A
1785686400,0.004936,5756402308,2.138867947934369,0.1630922693266834,0.01672787216518934,0.888,expanded,rotation,False,A
1785700800,0.004905,5732003284,2.1332148313428667,0.13561847988077486,0.014264395721209189,0.876,expanded,rotation,False,A
1785715200,0.004851,5686457571,2.1509356800982564,0.13449131513647666,0.018003891829363017,0.856,expanded,rotation,False,A
1785729600,0.004838,5665468565,2.0938926914034677,0.10696266397578226,0.01789034777579035,0.848,expanded,rotation,False,A
1785744000,0.004843,5672144374,2.0895959921922715,0.03331512834516675,0.0030003489528347416,0.852,expanded,rotation,False,A
1785758400,0.004925,5767715889,2.112005485820914,0.13905817174515211,0.042970982098134325,0.896,expanded,rotation,False,A
1785772800,0.005017,5717956038,2.104765318918006,0.20236178207192695,0.025923807245998187,0.864,expanded,rotation,False,A
1785787200,0.004984,5683142268,2.114947570275464,0.1792702273929138,0.030737492809817857,0.844,expanded,rotation,False,A
1785801600,0.004983,5712171019,2.0834391948931925,0.16764863417246917,0.027185580391689834,0.86,expanded,rotation,False,A
1785816000,0.004951,5682646466,2.08195472606543,0.1912568306010927,0.013617799910981887,0.836,expanded,rotation,False,A
1785830400,0.005029,5702071687,1.8038192118703997,0.20897915553180108,0.007419578949902528,0.852,expanded,rotation,False,A
1785844800,0.005039,5715828387,1.750208612629782,0.23484848484848495,-0.00298385540549595,0.86,expanded,rotation,False,A
1785859200,0.005004,5721079289,1.7114690848948546,0.2076882007474637,-0.007417809684211907,0.868,expanded,rotation,False,A
1785873600,0.004978,5685538422,1.5974867088709428,0.14333519241494666,-0.029723504430831604,0.828,expanded,rotation,False,A
1785888000,0.004914,5499125909,1.0896337374554916,0.09810298102981015,-0.05698265186740359,0.712,normal,rotation,False,A
1785902400,0.004874,5432275035,1.1059327150481149,0.08342245989304806,-0.05038059324017685,0.684,normal,rotation,False,A
1785916800,0.00488,5432033193,1.0787236690669475,0.12534511319712852,-0.04893661808345706,0.68,normal,rotation,False,A
1785931200,0.004896,5323200427,0.8899784074720924,0.1315789473684209,-0.06404143409046748,0.58,normal,rotation,False,A
1785945600,0.004908,5314342109,0.8833791964737727,0.09382151029748287,-0.03730151956893435,0.556,normal,rotation,False,A
1785960000,0.004916,5293977945,0.8693815174219518,0.11768115942028982,-0.059191223982881236,0.512,normal,rotation,False,A
1785974400,0.004803,5266734784,1.008225505706994,0.09249999999999972,-0.09065595722510889,0.468,normal,rotation,False,A
1785988800,0.004818,5312865257,1.0059938579404462,0.0320052253429128,-0.06224245347343771,0.548,normal,rotation,False,A
1786003200,0.004724,5175995079,1.067560380320233,0.15179153094462497,-0.10837109292897362,0.336,normal,rotation,False,A
1786017600,0.004673,5046976717,1.0881284511341676,0.28965517241379296,-0.1916983109442585,0.188,normal,rotation,False,A
1786032000,0.004677,4980794608,1.087901896240075,0.12846347607052916,-0.13480485431838862,0.14,normal,rotation,False,A
1786046400,0.004684,4957369135,1.0024956967327372,0.11373209772535839,-0.1296768674179306,0.12,normal,rotation,False,A
1786060800,0.004663,4964240230,0.8765566683462584,0.18197573656845728,-0.16353176215961662,0.124,normal,rotation,False,A
1786075200,0.004606,5043348639,0.895624025733723,0.37105751391465636,-0.1517012134463651,0.184,normal,trend,False,B
1786089600,0.00464,5019308807,0.9278156596649431,0.3079777365491645,-0.15133894672024373,0.148,normal,trend,False,B
1786104000,0.004597,5019371176,0.9353920864971021,0.30989824236817665,-0.14338414819044554,0.148,normal,trend,False,B
1786118400,0.004618,5028457142,0.8445103117769727,0.28961748633879836,-0.12645835489787316,0.168,compressed,trend,False,B
1786132800,0.004626,5084581521,0.84438168195426,0.2595348837209301,-0.11294860294431053,0.232,compressed,trend,False,B
1786147200,0.00464,5116457141,0.8583670370402194,0.2038647342995171,-0.10023822790957038,0.252,normal,rotation,False,A
1786161600,0.004673,5120068078,0.8926724494042169,0.156398104265403,-0.09626749857361538,0.252,normal,rotation,False,A
1786176000,0.004663,5090439747,0.8646941308872281,0.16981132075471725,-0.10255462284535988,0.228,normal,rotation,False,A
1786190400,0.00468,5132250330,0.8676284867644868,0.24623115577889354,-0.11017629356743097,0.26,normal,rotation,False,A
1786204800,0.00463,5245083222,0.8867869211136977,0.4060860440713528,-0.08269962428137156,0.436,normal,trend,False,B
1786219200,0.004624,5248892667,0.8791400636104099,0.3887688984881201,-0.07641012322445695,0.436,normal,trend,False,B
1786233600,0.004604,5268543235,0.8735803922953667,0.4010582010582001,-0.07766360329975963,0.464,normal,trend,False,B
1786248000,0.004614,5265244767,0.8763928577523384,0.36511375947995517,-0.07345199133843139,0.456,normal,trend,False,B
1786262400,0.004621,5339767721,0.7380353643853008,0.47887323943661747,-0.06353900580134886,0.592,compressed,trend,False,B
1786276800,0.004647,5374174421,0.7507090400913079,0.45161290322580516,-0.059773307186243185,0.62,compressed,trend,False,B
1786291200,0.004664,5421576157,0.6267467108585855,0.3999999999999992,-0.05235080950125248,0.66,compressed,trend,False,B
1786305600,0.004615,5354279799,0.6270603967516071,0.41580756013745596,-0.05826336899214435,0.608,compressed,trend,False,B
1786320000,0.004653,5404027959,0.6631986113609393,0.3081463990554894,-0.01729328470991376,0.632,compressed,trend,False,B
1786334400,0.004712,5501769236,0.7331196582160012,0.18706697459584246,0.012792835515921253,0.716,compressed,rotation,False,A
1786348800,0.004694,5441532622,0.7307828805408669,0.21184510250569394,0.0017487796304782588,0.68,compressed,rotation,False,A
1786363200,0.004613,5431689949,0.7888590625934849,0.30010604453870615,0.0203805067060272,0.664,compressed,rotation,False,A
1786377600,0.004629,5459415855,0.7733334895936816,0.29461457233368454,0.027298533482500664,0.684,compressed,rotation,False,A
1786392000,0.004506,5310874375,0.9763075756129276,0.38606403013182655,0.0031916321102090084,0.508,normal,trend,False,B
1786406400,0.004501,5305857109,0.9667154786577028,0.3165618448637313,0.007428193483152157,0.488,normal,trend,False,B
1786420800,0.004499,5242471191,0.9641545971223469,0.3390010626992556,-0.01324973674181773,0.372,normal,trend,False,B
1786435200,0.004505,5242729733,0.9605173953051256,0.25674091441969454,0.012893106152815914,0.372,normal,trend,False,B
1786449600,0.004444,5162193090,0.9762176480772161,0.2653534183082269,0.02282879027595075,0.248,normal,trend,False,B
1786464000,0.004467,5166562362,0.9925665410724359,0.238095238095238,0.03729681077425395,0.252,normal,trend,False,B
1786478400,0.004494,5208781692,0.9987794997888265,0.21064301552106415,0.05071491554360508,0.308,normal,rotation,False,A
1786492800,0.004463,5269257156,0.9836249224879647,0.2192982456140346,0.06144282143251556,0.42,normal,rotation,False,A
1786507200,0.004466,5279742352,0.9897653393529872,0.16317016317016236,0.046872371894335796,0.444,normal,rotation,False,A
1786521600,0.004493,5264784006,1.003673605634344,0.17273795534665146,0.048906175818004494,0.4,normal,rotation,False,A
1786536000,0.004477,5204157313,1.0023944553873063,0.14563106796116543,0.03681459898473949,0.284,normal,rotation,False,A
1786550400,0.00446,5210434624,1.0016367421198284,0.19268292682926733,0.03618952630222094,0.296,normal,rotation,False,A
1786564800,0.004391,5031714388,1.0339470027813265,0.2667423382519861,-0.010397538672878293,0.076,normal,rotation,False,A
1786579200,0.004437,5083301039,1.0699770994221047,0.22234392113910179,-0.0064802853002144944,0.116,normal,rotation,False,A
1786593600,0.004513,5105006035,1.1420917781785296,0.16736401673640205,-0.0029417661582897825,0.148,normal,rotation,False,A
1786608000,0.004458,5127753272,1.1462385125701062,0.20479520479520438,0.007330118193028534,0.16,normal,rotation,False,A
1786622400,0.004435,5213577482,1.088412777759033,0.24329692154915653,0.01584629485522382,0.3,normal,rotation,False,A
1786636800,0.004432,5231884972,1.089579084760108,0.20624999999999977,-0.002516308977642323,0.328,normal,rotation,False,A
1786651200,0.004456,5190539969,1.0439033730442802,0.17177914110429457,-0.01111714445350842,0.268,normal,rotation,False,A
1786665600,0.004458,5164058436,1.037615649834309,0.15208333333333302,-0.019831819601647482,0.224,normal,rotation,False,A
1786680000,0.004429,5125924327,0.8474368933809809,0.18896833503575142,-0.02646039190299243,0.156,compressed,rotation,False,A
1786694400,0.004473,5162042659,0.8846840734426276,0.14566929133858256,-0.033283294571232136,0.22,normal,rotation,False,A
1786708800,0.004648,5346966185,1.268039658951251,0.0008583690987125613,-0.005062775017811383,0.584,normal,rotation,False,A
1786723200,0.004576,5200569137,1.3312045168877613,0.07213114754098329,-0.04076434852153643,0.292,expanded,rotation,False,A
1786737600,0.004621,5128126110,1.2971586065173384,0.0049342105263157346,-0.042237928813925296,0.164,normal,rotation,False,A
1786752000,0.004595,5124137928,1.306423438878455,0.04817275747508299,-0.05179285398290068,0.152,expanded,rotation,False,A
1786766400,0.004573,5146155031,1.308963562358022,0.11910882604970033,-0.06463633601225804,0.196,expanded,rotation,False,A
1786780800,0.004547,5159799045,1.3050537607431125,0.12510638297872378,-0.051774673896276435,0.228,expanded,rotation,False,A
1786795200,0.00459,5223336144,1.320096997351766,0.020228671943711155,-0.03835892824448839,0.352,expanded,rotation,False,A
1786809600,0.004547,5203369370,1.3381424210760722,0.0704467353951894,-0.04689997827615566,0.312,expanded,rotation,False,A
1786824000,0.004497,5168097860,1.363004541750809,0.008249312557286404,-0.02688380573867366,0.256,expanded,rotation,False,A
1786838400,0.004503,5164852304,1.3595275533163693,0.0018315018315020759,-0.026575311415910963,0.252,expanded,rotation,False,A
1786852800,0.004505,5178950952,1.300345976909245,0.005494505494505429,-0.012116468872360842,0.284,expanded,rotation,False,A
1786867200,0.004473,5179218480,1.2940336917997202,0.028622540250447144,-0.012114157363526279,0.288,normal,rotation,False,A
1786881600,0.004493,5179511803,1.2328605940627466,0.04549675023212592,0.0033549138317876537,0.288,normal,rotation,False,A
1786896000,0.004467,5192807177,1.205265962102625,0.0,0.0050797441627783435,0.312,normal,rotation,False,A
1786910400,0.004428,5050186920,1.2173003921091723,0.060439560439560565,-0.030447575148634165,0.084,normal,rotation,False,A
1786924800,0.004441,5065239856,1.2192196891741434,0.020484171322160457,-0.03871841778830043,0.104,normal,rotation,False,A
1786939200,0.004453,5078822625,1.2140420269349,0.012003693444136652,-0.038054835559142464,0.112,normal,rotation,False,A
1786953600,0.004427,5083811860,1.2215926306612501,0.06099815157116376,-0.03437408748274484,0.124,normal,rotation,False,A
1786968000,0.004489,5044273970,1.2553930944121903,0.010638297872340295,-0.03072223481803882,0.08,normal,rotation,False,A
1786982400,0.004465,5056348072,1.2414207020449053,0.004405286343612153,-0.029572686948274085,0.096,normal,rotation,False,A
1786996800,0.004471,5044710001,0.8024820938069254,0.07462686567164198,0.0025827405925489266,0.084,compressed,rotation,False,A
1787011200,0.004365,4953314481,0.9035754034428864,0.06360424028268552,-0.025571288617911803,0.032,normal,rotation,False,A
1787025600,0.004395,4991586263,0.8834341581338612,0.10865561694290979,-0.02221736296145238,0.052,normal,rotation,False,A
1787040000,0.004436,4928922378,0.9220605294933584,0.02052238805970177,-0.038775440910098435,0.024,normal,rotation,False,A
1787054400,0.004445,4928582878,0.9234253203628721,0.009451795841210258,-0.05466392414497545,0.024,normal,rotation,False,A
1787068800,0.004428,4965471777,0.9211259095999199,0.0037313432835825787,-0.050921072696702985,0.052,normal,rotation,False,A
1787083200,0.004413,4932001178,0.8845016606192131,0.04045155221072397,-0.049809613748106774,0.032,normal,rotation,False,A
1787097600,0.004468,4901632995,0.925699337608528,0.008960573476702139,-0.050817674558166104,0.024,normal,rotation,False,A
1787112000,0.004453,4859551512,0.89322408138557,0.021778584392015056,-0.051965811043468424,0.02,normal,rotation,False,A
1787126400,0.004471,4811683938,0.9023748749621551,0.0018587360594798025,-0.06787210880350847,0.008,normal,rotation,False,A
1787140800,0.004545,4757204179,0.9918026836058662,0.10564102564102551,-0.11029843571004372,0.004,normal,rotation,True,C
1787155200,0.00458,4806906343,0.9891620915921779,0.0042643923240934635,-0.07569609856722115,0.012,normal,rotation,True,C
1787169600,0.004737,4633122004,1.2581956766582925,0.1104761904761904,-0.09652728801554378,0.004,normal,rotation,True,C
1787184000,0.004725,4550161260,1.2473683053825566,0.12548262548262554,-0.11201428924533818,0.004,normal,rotation,True,C
1787198400,0.004815,4634990361,1.2678929332273392,0.21920289855072503,-0.09932943467905408,0.012,normal,rotation,True,C
1787212800,0.004924,4745940022,1.3396054575922836,0.31760741364785255,-0.08020836071145865,0.016,expanded,rotation,True,C
1787227200,0.004931,4853218955,1.3413677830004518,0.29626411815812337,-0.07085838988653836,0.048,expanded,rotation,True,C
1787241600,0.004866,4783799325,1.3887014162023699,0.27195225916453597,-0.08063429965572477,0.024,expanded,rotation,True,C
1787256000,0.004931,4814646033,1.3862428702561604,0.36531986531986577,-0.06839108634835334,0.04,expanded,trend,True,C
1787270400,0.004957,4848505527,1.362930142384781,0.3758278145695369,-0.06124991739938046,0.052,expanded,trend,True,C
1787284800,0.005168,4938750709,1.6123839773547082,0.4678899082568813,-0.04638009612878069,0.088,expanded,trend,True,C
1787299200,0.005178,4759438572,1.4174055124338998,0.5053763440860223,-0.08105082062496816,0.024,expanded,trend,True,C
1787313600,0.005311,4924127650,1.4721949057435721,0.542440318302388,-0.04930660701498546,0.08,expanded,trend,True,C
1787328000,0.005365,4945292911,1.472267769897759,0.5846354166666675,-0.047664828976567986,0.1,expanded,trend,True,C
1787342400,0.0059,5214470415,2.500328639280697,0.7244094488188983,0.032530181080901555,0.368,expanded,trend,True,C
1787356800,0.006045,5273896707,2.455628377085918,0.741219963031424,0.04119387372205807,0.46,expanded,trend,True,C
1787371200,0.005674,4905809661,3.0538861936214716,0.48394768133174837,-0.034065565343503246,0.08,expanded,trend,True,C
1787385600,0.005507,4835094011,3.2069650770563802,0.4054054054054055,-0.048923495961158525,0.056,expanded,trend,True,C
1787400000,0.005413,4900197107,3.25206445175511,0.3427299703264099,-0.02856245791899359,0.08,expanded,trend,True,C
1787414400,0.005522,4825512402,3.255555931046363,0.38007910823444824,-0.04565264628008381,0.052,expanded,trend,True,C
1787428800,0.005448,4725137938,3.297957717473302,0.342927342927343,-0.06334795517218073,0.016,expanded,trend,True,C
1787443200,0.005298,4689949874,3.4093466417237,0.3225025924645698,-0.053169369320324456,0.016,expanded,trend,True,C
1787457600,0.005302,4698851881,3.3393537458606866,0.31635856295779596,-0.05864556206708993,0.02,expanded,trend,True,C
1787472000,0.005448,4661088353,3.3583314482689377,0.34051144010767176,-0.05433926616403295,0.016,expanded,trend,True,C
1787486400,0.00548,4577051785,3.340356936982302,0.34557595993322215,-0.0713249836112424,0.008,expanded,trend,True,C
1787500800,0.005485,4670120556,3.315631804643992,0.35434126718069103,-0.059480998838431165,0.024,expanded,trend,True,C
1787515200,0.005545,4655935357,3.26935657279254,0.3738441215323647,-0.05597440289175859,0.02,expanded,trend,True,C
1787529600,0.005363,4612689530,3.313424932901849,0.2836767036450081,-0.0589484086823191,0.012,expanded,trend,True,C
1787544000,0.005399,4640588933,3.2919561838894555,0.2978589420654912,-0.045058186637038755,0.024,expanded,trend,True,C
1787558400,0.005481,4639636811,3.268098840589102,0.3117283950617284,-0.03575611557551972,0.024,expanded,trend,True,C
1787572800,0.005422,4734414977,3.14124042952914,0.27193798449612394,-0.004790461191596429,0.056,expanded,trend,True,C
1787587200,0.005448,4591409607,3.1327173821024172,0.26990049751243783,-0.0448306500320762,0.012,expanded,trend,True,C
1787601600,0.00547,4600766996,3.076668544132878,0.23790976955533927,-0.006983413769822255,0.016,expanded,trend,True,C
1787616000,0.005664,4568984260,3.1233775727780917,0.28777198896720807,0.004136776462291714,0.008,expanded,trend,True,C
1787630400,0.005482,4519147035,2.375415826901494,0.19880774962742181,-0.02499321831923007,0.004,expanded,rotation,True,C
1787644800,0.005462,4555478609,2.250032920424467,0.16472749540722584,-0.04013144121440815,0.012,expanded,rotation,True,C
1787659200,0.005471,4477254052,1.7984082174329858,0.16523867809057544,-0.07746712161269054,0.004,expanded,rotation,True,C
1787673600,0.005373,4501423843,1.7165074797498272,0.1535898212662831,-0.059027451365761485,0.008,expanded,rotation,True,C
1787688000,0.005264,4303249156,1.7279549036242328,0.09955156950672642,-0.10621692093143331,0.004,expanded,rotation,True,C
1787702400,0.005333,4319559023,1.6943351223161303,0.11097992916174744,-0.10909475116702283,0.008,expanded,rotation,True,C
1787716800,0.00529,4348508669,1.6798210579688244,0.03788819875776415,-0.11951241817579261,0.012,expanded,rotation,True,C
1787731200,0.005264,4346201190,1.5775252835722573,0.026576019777502857,-0.08682481678219256,0.012,expanded,rotation,True,C
1787745600,0.00518,4238488638,1.590873318250117,0.041104486978349536,-0.1392407063208445,0.004,expanded,rotation,True,C
1787760000,0.005217,4256723323,1.459641087871862,0.046687697160883154,-0.13923737185888196,0.008,expanded,rotation,True,C
1787774400,0.005362,4323040195,1.5431494023290762,0.19352517985611511,-0.17095316476160316,0.02,expanded,rotation,True,C
1787788800,0.005308,4287160271,1.5446321085421095,0.2740795834882855,-0.18709817253157668,0.012,expanded,rotation,True,C
1787803200,0.005315,4302577363,1.5218679882711823,0.15440860215053756,-0.12296284195360263,0.016,expanded,rotation,True,C
1787817600,0.00537,4394137384,1.3964479964868135,0.06190691369182105,-0.09119918371738145,0.04,expanded,rotation,True,C
1787832000,0.005425,4546105295,1.4012737403320867,0.00551977920883158,-0.07226072834788111,0.056,expanded,rotation,True,C
1787846400,0.005438,4518695061,1.3637103730124336,0.040423484119345446,-0.06358233394506152,0.052,expanded,rotation,True,C
1787860800,0.005423,4505455888,1.3428200166784858,0.012382367508667577,-0.046492198298233034,0.052,expanded,rotation,True,C
1787875200,0.005321,4463856684,1.381303557196845,0.011669203450025593,-0.048208018438194555,0.044,expanded,rotation,True,C
1787889600,0.005305,4399689216,1.3724247143574215,0.0015128593040844831,-0.06366718351129064,0.044,expanded,rotation,True,C
1787904000,0.005314,4378317907,1.163760988555009,0.07258938244853709,-0.060666184501308895,0.04,normal,rotation,False,A
1787918400,0.005214,4328773226,1.0491620219359656,0.1389759665621732,-0.054244210173383434,0.032,normal,rotation,False,A
1787932800,0.00516,4227175478,1.0433690924339056,0.165562913907285,-0.09484660464084171,0.004,normal,rotation,False,A
1787947200,0.005181,4201118139,1.0361985028000518,0.18918918918918884,-0.09768546664124145,0.004,normal,rotation,False,A
1787961600,0.005126,4195015153,1.0040843823548458,0.13188647746243692,-0.09054898975609138,0.004,normal,rotation,False,A
1787976000,0.005105,4200859856,0.9441061271203232,0.16498316498316484,-0.09475717055501587,0.008,normal,rotation,False,A
1787990400,0.005095,4235657175,0.9025570123003194,0.2257309941520465,-0.08707139210599735,0.02,normal,rotation,False,A
1788004800,0.00514,4290571338,0.9166758068364368,0.16627358490566024,-0.09374835986203411,0.036,normal,rotation,False,A
1788019200,0.005144,4332434689,0.9150057916367961,0.18160095579450364,-0.05640422880266893,0.06,normal,rotation,False,A
1788033600,0.005142,4333858861,0.8697383250890132,0.19830713422007232,-0.0580138344828276,0.064,normal,rotation,False,A
1788048000,0.005119,4309804538,0.8606222616008317,0.3674983142279154,-0.05672589513363746,0.048,normal,trend,False,B
1788062400,0.005107,4326603341,0.6702453692206966,0.28560548362528465,-0.04260620256627701,0.06,compressed,trend,False,B
1788076800,0.005121,4373330775,0.6597466673480941,0.2609028309104818,-0.03998434624193836,0.084,compressed,trend,False,B
1788091200,0.005154,4392255514,0.6743310517848685,0.23816679188580023,-0.018984524222392718,0.092,compressed,trend,False,B
1788105600,0.005174,4423520066,0.6449020326813618,0.15881883479648856,-0.01730647451053635,0.104,compressed,rotation,False,A
1788120000,0.004949,4257331314,0.9691123564923951,0.23009495982468897,-0.010670505084739768,0.032,normal,rotation,False,A
1788134400,0.005022,4240158780,1.0205864097941932,0.22651128914785115,-0.018381562232909432,0.028,normal,rotation,False,A
1788148800,0.005024,4282723907,1.0216172823251322,0.19969969969970017,-0.015128120237858034,0.04,normal,rotation,False,A
1788163200,0.005047,4279459411,0.9898353133326991,0.16328066215199352,-0.015356348241209683,0.04,normal,rotation,False,A
1788177600,0.005029,4262423153,0.9899581098324318,0.1195566112430721,0.005646945655443325,0.04,normal,rotation,False,A
1788192000,0.005055,4319872319,0.9971021118293394,0.12939297124600696,0.014835118754087828,0.076,normal,rotation,False,A
1788206400,0.005066,4346095224,0.9492901821315909,0.2647584973166361,0.0053330591343252465,0.1,normal,rotation,False,A
1788220800,0.005132,4394532447,0.9669390299747064,0.15575221238938025,0.025045057616881472,0.128,normal,rotation,False,A
1788235200,0.005173,4376319412,0.9754014307628427,0.12199312714776676,0.01713904080706241,0.116,normal,rotation,False,A
1788249600,0.005185,4331758647,0.9550872684801351,0.1650312221231035,-0.014195900480293178,0.092,normal,rotation,False,A
1788264000,0.0052,4327569918,0.951695814951654,0.20814061054579105,-0.04807090087428345,0.088,normal,rotation,False,A
1788278400,0.00516,4304993675,0.9632300802949028,0.2509025270758124,-0.047292721264689086,0.068,normal,rotation,False,A
1788292800,0.00514,4350395480,0.9535831103027874,0.25426774483378256,-0.03441614164129181,0.124,normal,rotation,False,A
1788307200,0.005157,4326132807,0.9553663501689412,0.15953307392996086,-0.030853113518104158,0.088,normal,rotation,False,A
1788321600,0.005171,4345736317,0.9564254844374384,0.1306042884990247,-0.012262888661270344,0.116,normal,rotation,False,A
1788336000,0.005112,4294615946,0.9763822364957312,0.18773234200743463,-0.019117378586460898,0.06,normal,rotation,False,A
1788350400,0.005186,4359031048,1.0080042099227469,0.026666666666666887,0.006989930037975212,0.14,normal,rotation,False,A
1788364800,0.005157,4271261494,1.0120943677872427,0.0029268292682922254,0.010429189947150697,0.044,normal,rotation,False,A
1788379200,0.005179,4313210508,1.004954257933216,0.0019493177387916833,0.026681556026577624,0.084,normal,rotation,False,A
1788393600,0.005212,4353312132,1.0061744297870547,0.08565737051792759,0.0377345428387299,0.148,normal,rotation,False,A
1788408000,0.005195,4350637763,0.5608836321212176,0.08999999999999987,0.035654107048126216,0.148,compressed,rotation,False,A
1788422400,0.005214,4299241851,0.5128548479518346,0.11793855302279518,0.015011761663643153,0.068,compressed,rotation,False,A
1788436800,0.005443,4384287276,0.8935811824321186,0.25398155909471976,0.02184229805713578,0.176,normal,rotation,False,A
1788451200,0.005443,4488561018,0.8963316355889034,0.2514718250630784,0.03603662610227065,0.208,normal,rotation,False,A
1788465600,0.005405,4468070095,0.9077917068978595,0.21469387755102096,0.03096806755931869,0.204,normal,rotation,False,A
1788480000,0.005351,4581594442,0.9390669401476706,0.18471337579617822,0.06306316251783572,0.252,normal,rotation,True,C
1788494400,0.005315,4513848499,0.9545862201753934,0.16250000000000012,0.04327763449577571,0.224,normal,rotation,True,C
1788508800,0.005341,4507103428,0.9353738137919733,0.17027863777089844,0.030588276963797734,0.224,normal,rotation,True,C
1788523200,0.0052,4343823637,1.0575878594140045,0.0328571428571429,-0.01102665289977478,0.132,normal,rotation,True,C
1788537600,0.005219,4325132281,1.0577085278635483,0.03216583273766971,-0.02224196647286103,0.104,normal,rotation,True,C
1788552000,0.005227,4320171619,1.0557174510920904,0.23519458544839225,0.014760492046591134,0.1,normal,rotation,True,C
1788566400,0.005253,4343616976,1.0459470694288797,0.20352422907488943,0.02439960420538778,0.14,normal,rotation,True,C
1788580800,0.005398,4329130369,1.1405290574270723,0.2926447574334899,0.010835735155411141,0.128,normal,rotation,True,C
1788595200,0.005401,4338358646,1.1408901242147453,0.2813990461049285,0.01376324188251532,0.144,normal,rotation,True,C
1788609600,0.005445,4384357463,1.1455472876576598,0.3239875389408105,0.02860680547734451,0.204,normal,rotation,True,C
1788624000,0.005477,4386114990,1.1158847982086635,0.32713178294573697,0.015334404840774196,0.208,normal,rotation,True,C
1788638400,0.005464,4386164336,1.1009824644020771,0.3080495356037154,0.009219566055232775,0.212,normal,rotation,True,C
1788652800,0.005509,4409559005,1.094046226966311,0.29661683713611336,0.003419375822394599,0.232,normal,rotation,True,C
1788667200,0.005454,4366864188,1.1190753296220866,0.21867704280155648,-0.0021605424809884033,0.188,normal,rotation,True,C
1788681600,0.00546,4324762038,1.1170929746939948,0.21501172791243114,-0.0016151890190940765,0.108,normal,rotation,True,C
1788696000,0.005406,4276546990,1.134346806107888,0.15629742033383964,-0.011790203039303004,0.048,normal,rotation,True,C
1788710400,0.005428,4309003858,1.1345699073601185,0.20615384615384644,0.0009315189063547891,0.088,normal,rotation,True,C
1788724800,0.005527,4341706546,0.8987844649685911,0.2806381435823065,-0.0019972745098567612,0.16,normal,rotation,False,A
1788739200,0.005452,4361836173,0.9358774828984494,0.2052887961029928,0.008252951907123496,0.204,normal,rotation,False,A
1788753600,0.00543,4282766548,0.9307359843581366,0.1792387543252596,-0.01449001145183837,0.06,normal,rotation,False,A
1788768000,0.005445,4334095300,0.9118263393975028,0.2376873661670239,0.00919275541664466,0.16,normal,rotation,False,A
1788782400,0.005399,4335726291,0.9197194007936819,0.15513474144209816,-0.0053463158998816596,0.164,normal,rotation,False,A
1788796800,0.005471,4337491546,0.9474096680542259,0.22175141242937874,0.0155059698623079,0.168,normal,rotation,False,A
1788811200,0.005438,4319127205,0.8029662526192655,0.18149964961457649,0.001371761704889174,0.104,compressed,rotation,False,A
1788825600,0.005445,4326537819,0.8034057523246455,0.1663097787294794,-0.006150331560925593,0.136,compressed,rotation,False,A
1788840000,0.005394,4247236727,0.8312132253385603,0.13867595818815362,-0.02376686859093946,0.032,compressed,rotation,False,A
1788854400,0.005413,4322308105,0.8307865421478055,0.13867595818815362,0.005365191073080755,0.124,compressed,rotation,False,A
1788868800,0.005514,4440859073,0.7498572551258877,0.05432287681713843,0.012903305244088115,0.296,compressed,rotation,False,A
1788883200,0.005389,4350272447,0.8686245535484886,0.03770949720670409,-0.030809110190423206,0.22,normal,rotation,False,A
1788897600,0.005407,4385612274,0.8591094563407853,0.0014164305949010377,-0.018454907655158448,0.268,normal,rotation,False,A
1788912000,0.005365,4407772415,0.8615534114844987,0.010000000000000087,-0.03793919981361804,0.296,normal,rotation,False,A
1788926400,0.005461,4463584367,0.9322628639119404,0.09999999999999959,-0.011135538113681842,0.312,normal,rotation,False,A
1788940800,0.005434,4471587298,0.9291713835883877,0.06365503080082088,-0.00788003438735374,0.324,normal,rotation,False,A
1788955200,0.005329,4335298612,0.9806666656370314,0.09052631578947419,-0.0019625624133045028,0.18,normal,rotation,False,A
1788969600,0.005285,4366700941,0.9925360305283762,0.04551724137931041,0.009610956913990387,0.248,normal,rotation,False,A
1788984000,0.005251,4236252505,0.9876893803913291,0.016260162601625824,-0.01942494914575288,0.024,normal,rotation,False,A
1788998400,0.00523,4262798584,0.9845387084158725,0.01563562202583249,-0.01860624278027967,0.052,normal,rotation,False,A
1789012800,0.00517,4238273233,0.9184285375783204,0.16450216450216454,-0.020987387363200938,0.028,normal,rotation,False,A
1789027200,0.005131,4252673872,0.900548306451052,0.18987341772151933,-0.019750504970123206,0.044,normal,rotation,False,A
1789041600,0.005072,4297027613,0.9148115873932895,0.2595685455810719,-0.01991850590126032,0.096,normal,rotation,False,A
1789056000,0.00509,4301328133,0.9196888150428477,0.2719606465214339,-0.01933074194208484,0.104,normal,rotation,False,A
1789070400,0.005032,4275862717,0.9308185001426248,0.29427792915531364,-0.025147625704464716,0.068,normal,rotation,False,A
1789084800,0.005081,4262437023,0.9096897696599989,0.29076086956521796,-0.03336433004597017,0.06,normal,rotation,False,A
1789099200,0.005088,4266514728,0.9135024321834628,0.2570224719101127,-0.022979752902725248,0.068,normal,rotation,False,A
1789113600,0.005048,4259335404,0.9128947610417457,0.2825788751714677,-0.015128377798621417,0.056,normal,rotation,False,A
1789128000,0.005235,4287891112,1.1772915257808438,0.1074795725958519,0.0026526358827638763,0.104,normal,rotation,False,A
1789142400,0.005171,4182998175,1.1898017718873994,0.15737905695039786,-0.029242415916166054,0.004,normal,rotation,False,A
1789156800,0.005171,4117529749,1.1178780458429542,0.2320730117340287,-0.051633336943634145,0.004,normal,rotation,False,A
1789171200,0.005214,4137717531,1.065505721937255,0.15845539280958765,-0.05138171932896207,0.008,normal,rotation,False,A
1789185600,0.005239,4159110124,1.0683893417717463,0.1269102990033226,-0.028873024624175736,0.012,normal,rotation,False,A
1789200000,0.005373,4212717800,1.1730565712415117,0.0443349753694582,-0.028005267904469,0.032,normal,rotation,False,A
1789214400,0.005301,4147053964,1.1445256492458427,0.05939393939393947,-0.04351573746517201,0.012,normal,rotation,False,A
1789228800,0.005284,4106957965,1.143017975141973,0.11724137931034528,-0.05314905598204478,0.004,normal,rotation,False,A
1789243200,0.005295,4097574459,1.0860465662418377,0.09090909090909091,-0.051295721446574016,0.004,normal,rotation,False,A
1789257600,0.005258,4046989336,1.0827963270685779,0.11665626949469782,-0.0646125134448986,0.004,normal,rotation,False,A
1789272000,0.005233,4044173249,1.0796426939666668,0.10209258084971504,-0.04781072755118887,0.004,normal,rotation,False,A
1789286400,0.005196,4048064974,1.0853056454002747,0.1360501567398121,-0.06344830686242808,0.012,normal,rotation,False,A
1789300800,0.005201,4038671331,1.0623205135452574,0.20880587058038694,-0.09056530175552369,0.004,normal,rotation,False,A
1789315200,0.005238,4054678711,1.057624184090183,0.1070163004961022,-0.06794832728323597,0.02,normal,rotation,False,A
1789329600,0.005133,4055243242,1.1078293040245728,0.18291054739652896,-0.07533019595885959,0.024,normal,rotation,False,A
1789344000,0.005215,4082628754,1.1437965972491968,0.09752925877763347,-0.07376598208508,0.028,normal,rotation,False,A
1789358400,0.005256,4111800798,1.1214181877043619,0.1382333108563721,-0.07881190094686963,0.04,normal,rotation,False,A
1789372800,0.005236,4111126787,1.1164537241847128,0.13414634146341448,-0.0806113102524516,0.04,normal,rotation,False,A
1789387200,0.005257,4190079801,1.117440740045632,0.05172413793103456,-0.03349684162425115,0.068,normal,rotation,False,A
1789401600,0.005305,4240255274,1.1091038682974594,0.014326647564469983,-0.028956795692778314,0.112,normal,rotation,False,A
1789416000,0.005234,4231519534,0.9218172579977689,0.01186322400558248,-0.0011172542227861904,0.092,normal,rotation,False,A
1789430400,0.005199,4225197536,0.9000251522979891,0.021423635107118654,-0.008820742350138633,0.088,normal,rotation,False,A
1789444800,0.005138,4198293399,0.9295837104966729,0.022099447513812136,-0.009433047800861294,0.076,normal,rotation,False,A
1789459200,0.00514,4279655671,0.9149169250273004,0.006378454996456047,0.006344666864217086,0.18,normal,rotation,False,A
1789473600,0.00511,4263206161,0.9139278445880168,0.027496382054992725,-0.007870894731436762,0.16,normal,rotation,False,A
1789488000,0.00501,4247161789,0.8132136050456428,0.05464480874316967,-0.01259293462975608,0.128,compressed,rotation,False,A
1789502400,0.004941,4259602045,0.8149929120449859,0.0616949152542374,-0.0038028985204203725,0.152,compressed,rotation,False,A
1789516800,0.004924,4299666528,0.8149719631574279,0.10880110880110849,0.008734323768095686,0.228,compressed,rotation,False,A
1789531200,0.004854,4270528155,0.8313726715027839,0.1553784860557771,0.0009406804513438782,0.176,compressed,rotation,False,A
1789545600,0.004877,4300759378,0.8467511570860053,0.11484217595701837,0.009725454811823075,0.236,compressed,rotation,False,A
1789560000,0.00476,4248547972,0.9318694399796889,0.3347427766032419,-0.009175405571726136,0.136,normal,rotation,False,A
1789574400,0.004842,4266517193,1.016235361909512,0.22894919972164282,0.019966305149057284,0.18,normal,rotation,False,A
1789588800,0.004986,4199939670,1.1887597572714117,0.117014547754586,0.020014408158195884,0.08,normal,rotation,False,A
1789603200,0.004992,4212976146,1.1753717071331946,0.14378238341968924,0.018188437087877096,0.096,normal,rotation,False,A
1789617600,0.005045,4225461249,1.1429180693663237,0.12340966921119585,0.01595320225283836,0.104,normal,rotation,False,A
1789632000,0.005035,4242001861,1.0931531988180636,0.23342541436464107,0.006951346468068609,0.14,normal,rotation,False,A
1789646400,0.005169,4211342446,1.2029382015773906,0.08741721854304661,0.015502205314442241,0.092,normal,rotation,False,A
1789660800,0.005137,4371807797,1.2056964833803883,0.09639344262295073,0.06448807956085334,0.444,normal,rotation,False,A
1789675200,0.005155,4329798897,1.2041144254069336,0.09138381201044433,0.056673634688916286,0.352,normal,rotation,False,A
1789689600,0.005392,4350470489,1.4696963792775277,0.07736720554272562,0.07498936315457594,0.424,expanded,rotation,False,A
1789704000,0.005356,4339499212,1.446220272326602,0.0705679862306369,0.073025052295429,0.388,expanded,rotation,False,A
1789718400,0.005371,4413686649,1.437653552223125,0.10168506682161542,0.09032011031154963,0.516,expanded,rotation,False,A
1789732800,0.005476,4580970156,1.4478790234723626,0.15101592531576086,0.1342765430891657,0.596,expanded,rotation,False,A
1789747200,0.005489,4558151864,1.4454641311695289,0.13967723984418515,0.12417091189842488,0.588,expanded,rotation,False,A
1789761600,0.005462,4573275645,1.4406529637113847,0.19139034322280382,0.1277438545818308,0.596,expanded,rotation,False,A
1789776000,0.005479,4680598894,1.3661874847052276,0.15961305925030259,0.14646693981521897,0.652,expanded,rotation,False,A
1789790400,0.005383,4649893172,1.3829037438212108,0.07431246342890552,0.13086538002077597,0.64,expanded,rotation,False,A
1789804800,0.005477,4679176081,1.388512316520625,0.13516545148625905,0.13817362573109082,0.656,expanded,rotation,False,A
1789819200,0.005499,4712040229,1.3325827949574913,0.13565022421524664,0.124570521992309,0.672,expanded,rotation,False,A
1789833600,0.005593,4899916731,1.3367325226157143,0.1573770491803279,0.15557116597315512,0.732,expanded,rotation,False,A
1789848000,0.005514,4815810631,1.256141020287382,0.15233949945593026,0.138080680546375,0.712,normal,rotation,False,A
1789862400,0.005395,4696637627,1.3457256390959438,0.1019771071800208,0.11157823675300005,0.668,expanded,rotation,False,A
1789876800,0.005366,4724045794,1.274745567744283,0.12063492063492057,0.12523002683071893,0.68,normal,rotation,False,A
1789891200,0.005371,4703693165,1.2718385580492517,0.12202852614897002,0.09908215206970561,0.676,normal,rotation,False,A
1789905600,0.005416,4743061406,1.266560428882967,0.1603773584905659,0.11255736337354194,0.696,normal,rotation,False,A
1789920000,0.005499,4907613523,1.2769539610024088,0.2585933368588051,0.1555042559740829,0.768,normal,rotation,False,A
1789934400,0.005487,4903834473,1.2096715629342496,0.2977099236641216,0.1512423980442521,0.764,normal,rotation,False,A
1789948800,0.005559,4834069433,1.2082879527069188,0.3361566966649012,0.12428938419291291,0.736,normal,rotation,False,A
1789963200,0.005578,4850107436,1.2064934956313447,0.3939064200217623,0.13571606601432173,0.748,normal,trend,False,B
1789977600,0.005716,4888181846,1.0065990951050188,0.4295954941116225,0.13658575529821237,0.76,normal,trend,False,B
1789992000,0.006015,4824833991,1.302180656781374,0.5878220140515216,0.13564305329679827,0.732,expanded,trend,False,B
1790006400,0.005952,4892530167,1.3329788181893008,0.5245746691871447,0.1467269310497772,0.768,expanded,trend,False,B
1790020800,0.006051,4882883212,1.3231912703772584,0.5142443264123603,0.16260794098501896,0.764,expanded,trend,False,B
1790035200,0.006095,4975981578,1.3220197957935753,0.5229966808914168,0.18110841494425123,0.832,expanded,trend,False,B
1790049600,0.005966,5086986821,1.39332237774498,0.4215102974828369,0.20388911913554741,0.876,expanded,trend,False,B
1790064000,0.00594,5205941502,1.4008381953858942,0.4111767378464326,0.22723696796605442,0.956,expanded,trend,False,B
1790078400,0.006059,5352911666,1.3641592258549196,0.40713632204940464,0.27107014797247864,1.0,expanded,trend,False,B
1790092800,0.006072,5317001342,1.3472387584131693,0.43147208121827335,0.21620198986071748,0.992,expanded,trend,False,B
1790107200,0.006114,5294692856,1.3470039209594342,0.43769968051118124,0.22284960155275324,0.988,expanded,trend,False,B
1790121600,0.006214,5323874490,1.3447628286207798,0.40019474196689303,0.22374683461506417,0.992,expanded,trend,False,B
1790136000,0.006119,5309356863,1.3489535235856018,0.36109796497870306,0.22349529372376797,0.984,expanded,trend,False,B
1790150400,0.006003,5291256592,1.3294102228570468,0.28545618789521177,0.19882923569094535,0.976,expanded,trend,False,B
1790164800,0.005613,4879630907,1.8407667109935972,0.05482192877150853,0.0651959608618764,0.764,expanded,rotation,False,A
1790179200,0.005598,4945141022,1.8411966712959205,0.04358256697321055,0.0849004529788524,0.824,expanded,rotation,False,A
1790193600,0.005637,4941523974,1.8382610088208793,0.06963788300835638,0.08052178735445548,0.824,expanded,rotation,False,A
1790208000,0.005672,4924335002,1.8201937930871794,0.07625444488344503,0.05207370114803944,0.808,expanded,rotation,False,A
1790222400,0.005738,4843576803,1.823395579908601,0.1419432227109156,0.0416533506976664,0.748,expanded,rotation,False,A
1790236800,0.0056,4969198986,1.8678795939408144,0.048330058939096164,0.06198161812667213,0.852,expanded,rotation,False,A
1790251200,0.005786,5014886320,1.9488651339592395,0.10594315245478025,0.06427069300812627,0.864,expanded,rotation,True,C
1790265600,0.005828,4992797819,1.9028447473216084,0.0884456153556642,0.018955646207694743,0.864,expanded,rotation,True,C
1790280000,0.005774,4953721675,1.6671384261935718,0.09878419452887521,0.02863714015502361,0.848,expanded,rotation,True,C
1790294400,0.005759,4990712324,1.6556021632613915,0.14398734177215206,0.06261387834339716,0.864,expanded,rotation,False,A
1790308800,0.005785,4994750323,1.6241937461504803,0.16594059405940584,0.05730353616466233,0.876,expanded,rotation,False,A
1790323200,0.005933,5011622933,1.6816519388782458,0.21064467766116926,0.06546553042432568,0.88,expanded,rotation,False,A
1790337600,0.005822,4842491976,1.6673938829426218,0.1485003657644476,0.020963373966489174,0.748,expanded,rotation,False,A
1790352000,0.00587,4869204090,1.672941050172232,0.13745831789551669,-0.007826499136492804,0.772,expanded,rotation,False,A
1790366400,0.005955,4953335848,1.6535398000838848,0.16883116883116897,0.010094422083891663,0.856,expanded,rotation,False,A
1790380800,0.005924,4834474018,1.6528316392519655,0.13365067740754288,8.369449500200687e-05,0.744,expanded,rotation,False,A
1790395200,0.005929,4889752815,1.6368235316655702,0.12918660287081352,0.00817412387728389,0.792,expanded,rotation,False,A
1790409600,0.005922,4899446636,1.5951555133489417,0.07965970610982222,0.0023044948725092773,0.8,expanded,rotation,False,A
1790424000,0.006009,4999135917,1.6006008404377696,0.0025273799494527354,0.03612599445393028,0.904,expanded,rotation,False,A
1790438400,0.005924,5033128802,1.5805133138756853,0.011686143572621136,0.02873740788525625,0.916,expanded,rotation,False,A
1790452800,0.005928,5017664218,1.0420610417913025,0.05345501955671438,0.027602750290804945,0.916,normal,rotation,False,A
1790467200,0.005878,5027407866,1.0550319160525086,0.09406155179887266,0.010334903213341518,0.92,normal,rotation,False,A
1790481600,0.006,5084823617,1.0963556223526065,0.014782608695652245,-0.0004252426979109991,0.956,normal,rotation,False,A
1790496000,0.00596,5096939730,1.1067671987219183,0.00864304235090754,-0.020937955595183744,0.964,normal,rotation,False,A
1790510400,0.005903,5045090654,1.1119962875831415,0.06927175843694487,-0.057505341243566876,0.936,normal,rotation,False,A
1790524800,0.005918,5081739032,1.0130948348482152,0.06832298136645985,-0.04424717897692043,0.948,normal,rotation,False,A
1790539200,0.005923,5064554855,0.8630095099781033,0.08615245827695049,-0.04346578871694229,0.944,normal,rotation,False,A
1790553600,0.005716,5022525473,1.0522174124352401,0.21428571428571425,-0.0566033285656965,0.92,normal,rotation,False,A
1790568000,0.005607,4959646772,1.081547072823966,0.21899059024807527,-0.0658667518540842,0.876,normal,rotation,False,A
1790582400,0.005672,4884017821,1.09263093456515,0.14473108876257088,-0.07696447222304736,0.788,normal,rotation,False,A
1790596800,0.005648,4810295545,1.0855494316265786,0.0182196772514317,-0.014209140675073617,0.72,normal,rotation,False,A
1790611200,0.00563,4864316230,0.9834865083838363,0.016632016632016574,-0.016344284549303145,0.78,normal,rotation,False,A
1790625600,0.005682,4922934690,0.95922924672892,0.02323180175529206,-0.0037618524361732186,0.84,normal,rotation,False,A
1790640000,0.005579,4702070412,0.9839554790535758,0.04638403990024942,-0.045135960471764824,0.676,normal,rotation,False,A
1790654400,0.00575,4663538909,1.090043936232096,0.00568720379146912,-0.03717044269608538,0.652,normal,rotation,False,A
1790668800,0.005834,4752662871,1.1194548796916575,0.11381322957198423,-0.04357565788974427,0.712,normal,rotation,False,A
1790683200,0.005763,4766167648,1.1263729779491,0.011849562081401562,-0.0495960737949489,0.724,normal,rotation,False,A
1790697600,0.005744,4762146259,1.1188423896537514,0.04379562043795609,-0.04619685562316578,0.724,normal,rotation,False,A
1790712000,0.005758,4730176912,1.0870335478450244,0.00851970181043637,-0.04512662956584057,0.7,normal,rotation,False,A
1790726400,0.005742,4772879144,1.0659312710054398,0.009047365620010907,-0.04364771316360094,0.736,normal,rotation,False,A
1790740800,0.005777,4757175332,1.069386533672803,0.004237288135593316,-0.04756493831253317,0.72,normal,rotation,False,A
1790755200,0.005842,4913979997,1.0781087217909584,0.050415512465373825,-0.019483296589823507,0.852,normal,rotation,False,A
1790769600,0.005845,4873395199,1.0166561084940764,0.01355332940483229,0.006381677688504173,0.8,normal,rotation,False,A
1790784000,0.005726,4789926973,1.057750150003949,0.08144796380090481,-0.016281329665933097,0.736,normal,rotation,False,A
1790798400,0.005767,4796089399,1.0573323115770727,0.10904872389791145,-0.03174556578138976,0.736,normal,rotation,False,A
