t,c,oi,vol_ratio,er30,doi30,oi_pct,vol_state,dir_state,mkt_C,regime
1761926400,0.30572,124347846,,,,,na,rotation,False,warmup
1761940800,0.30468,124099218,,,,,na,rotation,False,warmup
1761955200,0.30449,124734095,,,,,na,rotation,False,warmup
1761969600,0.30446,125600422,,,,,na,rotation,False,warmup
1761984000,0.30597,122734584,,,,,na,rotation,False,warmup
1761998400,0.30546,122461804,,,,,na,rotation,False,warmup
1762012800,0.30617,121240732,,,,,na,rotation,False,warmup
1762027200,0.30496,121189326,,,,,na,rotation,False,warmup
1762041600,0.30371,121783733,,,,,na,rotation,False,warmup
1762056000,0.30695,122370948,,,,,na,rotation,False,warmup
1762070400,0.30654,122496882,,,,,na,rotation,False,warmup
1762084800,0.30254,122168078,,,,,na,rotation,False,warmup
1762099200,0.3005,123165799,,,,,na,rotation,False,warmup
1762113600,0.30452,125548581,,,,,na,rotation,False,warmup
1762128000,0.29161,123947805,,,,,na,rotation,False,warmup
1762142400,0.2903,127345075,,,,,na,rotation,False,warmup
1762156800,0.28993,129330134,,,,,na,rotation,False,warmup
1762171200,0.27995,135753988,,,,,na,rotation,False,warmup
1762185600,0.2786,134816037,,,,,na,rotation,False,warmup
1762200000,0.27799,133861973,,,,,na,rotation,False,warmup
1762214400,0.28265,131696081,,,,,na,rotation,False,warmup
1762228800,0.26928,135586678,,,,,na,rotation,False,warmup
1762243200,0.27815,135731042,,,,,na,rotation,False,warmup
1762257600,0.27403,138195526,,,,,na,rotation,False,warmup
1762272000,0.26244,134028229,,,,,na,rotation,False,warmup
1762286400,0.26935,130011647,,,,,na,rotation,False,warmup
1762300800,0.27405,132252330,,,,,na,rotation,False,warmup
1762315200,0.27444,131011137,,,,,na,rotation,False,warmup
1762329600,0.27353,133126865,,,,,na,rotation,False,warmup
1762344000,0.28037,131147134,,,,,na,rotation,False,warmup
1762358400,0.27992,134399904,,0.23561643835616408,0.08083821572590821,,na,rotation,False,warmup
1762372800,0.27997,133822524,,0.2277209473781217,0.07835106583830376,,na,rotation,False,warmup
1762387200,0.27909,131049201,,0.23260073260073225,0.05062854707047015,,na,rotation,False,warmup
1762401600,0.2733,131305008,,0.2710508002783576,0.04541852574348826,,na,rotation,False,warmup
1762416000,0.27271,131370637,,0.29165205191160987,0.07036364746223445,,na,rotation,False,warmup
1762430400,0.26751,128248354,,0.31963278025772734,0.04725187618500204,,na,rotation,False,warmup
1762444800,0.26753,135715286,,0.32734666214842423,0.11938689053774443,,na,rotation,False,warmup
1762459200,0.26955,125166229,,0.29793857803954543,0.03281562107210667,,na,rotation,False,warmup
1762473600,0.27308,124247917,,0.2528688186246181,0.02023409809584331,,na,rotation,False,warmup
1762488000,0.27701,122616402,,0.24577245115744561,0.0020058192243472828,,na,rotation,False,warmup
1762502400,0.27033,122443553,,0.28269185728784435,-0.0004353498564967362,,na,rotation,False,warmup
1762516800,0.27381,122757954,,0.2252096887983068,0.0048283971529781144,,na,rotation,False,warmup
1762531200,0.291,117362316,,0.06656390134529158,-0.04711927375228575,,na,rotation,False,warmup
1762545600,0.29148,118696160,,0.09369162235953445,-0.05457983631053542,,na,rotation,False,warmup
1762560000,0.2902,116662082,,0.011054488435907237,-0.05878057300006245,,na,rotation,False,warmup
1762574400,0.2883,117929333,,0.015607928827844569,-0.07393879975334738,,na,rotation,False,warmup
1762588800,0.28738,117433774,,0.019815059445178324,-0.09198444037798648,,na,rotation,False,warmup
1762603200,0.27969,119673561,,0.0020569620253163188,-0.11845270431392407,,na,rotation,False,warmup
1762617600,0.28157,118695939,,0.023398723705979473,-0.11957107150390422,,na,rotation,False,warmup
1762632000,0.28318,118545518,,0.04056906120534648,-0.1144197613163822,,na,rotation,False,warmup
1762646400,0.27546,119448569,,0.054889686235590755,-0.09299830266019837,,na,rotation,False,warmup
1762660800,0.27875,118796089,,0.07832271937804963,-0.12383656895849315,,na,rotation,False,warmup
1762675200,0.27555,118042629,,0.022561610551891636,-0.1303195845206876,,na,rotation,False,warmup
1762689600,0.28126,113461369,,0.061884789865616865,-0.17897943382045522,,na,rotation,False,warmup
1762704000,0.28297,114421815,,0.19195885928003745,-0.1462857052300527,,na,rotation,False,warmup
1762718400,0.28562,114540252,,0.158438017333723,-0.11900006927840856,,na,rotation,False,warmup
1762732800,0.29375,114284157,,0.18563889935921604,-0.13586280861743605,,na,rotation,False,warmup
1762747200,0.29907,115151212,,0.22179198559207566,-0.12105783800655057,,na,rotation,False,warmup
1762761600,0.30853,115444644,,0.29264214046822784,-0.13282233454532266,,na,rotation,False,warmup
1762776000,0.30023,112714724,,0.16405088385924332,-0.14054756240422306,,na,rotation,False,warmup
1762790400,0.30003,112335032,,0.16645973015478877,-0.1641732720285276,,na,rotation,False,warmup
1762804800,0.3003,109544015,,0.1679748822605968,-0.18142318852093986,,na,rotation,False,warmup
1762819200,0.30141,108517905,,0.18406729341909964,-0.17193005243885462,,na,rotation,False,warmup
1762833600,0.29067,108316554,,0.13762776325172335,-0.17507674954789232,,na,rotation,False,warmup
1762848000,0.29201,107565494,,0.15201638311279134,-0.18120596461749672,,na,rotation,False,warmup
1762862400,0.2906,105644943,,0.1874644799870099,-0.17624718208859036,,na,rotation,False,warmup
1762876800,0.28406,107590431,,0.12745778394633345,-0.20723424625874498,,na,rotation,False,warmup
1762891200,0.28158,108117072,,0.09243180945063378,-0.13621211676833378,,na,rotation,False,warmup
1762905600,0.28396,108479200,,0.08434108527131784,-0.1269133308689594,,na,rotation,False,warmup
1762920000,0.28349,107330298,,0.05161701449737169,-0.12466606221246002,,na,rotation,False,warmup
1762934400,0.29105,107425944,,0.1638981173864892,-0.12264924230024588,,na,rotation,False,warmup
1762948800,0.28398,104949820,,0.07822475194215842,-0.14506704795682734,,na,rotation,False,warmup
1762963200,0.27699,105736948,,0.11693514731658435,-0.09905537310630441,,na,rotation,False,warmup
1762977600,0.27746,108847204,,0.11702838063439101,-0.08297619737656214,,na,rotation,False,warmup
1762992000,0.29003,110895878,,0.0012968189793272071,-0.04942654803640478,,na,rotation,False,warmup
1763006400,0.28999,111182291,,0.013077458794397787,-0.05721258509958671,,na,rotation,False,warmup
1763020800,0.29426,109870209,,0.05189319656056721,-0.0644070674250834,,na,rotation,False,warmup
1763035200,0.28078,108863141,,0.007877430078774159,-0.09033256727440409,,na,rotation,False,warmup
1763049600,0.26433,116917498,,0.11272394403033861,-0.014983166357528055,,na,rotation,False,warmup
1763064000,0.26814,121861862,,0.09694469511409055,0.027975279504029782,,na,rotation,False,warmup
1763078400,0.26795,121973520,,0.0508773118352413,0.021138394717813647,,na,rotation,False,warmup
1763092800,0.2691,125050336,,0.06633670172544169,0.05264690995004062,,na,rotation,False,warmup
1763107200,0.26203,124977615,,0.09053167269318364,0.05874984366876479,,na,rotation,False,warmup
1763121600,0.26651,128085517,,0.09958814394706633,0.12889098843854074,,na,rotation,False,warmup
1763136000,0.26607,129211460,,0.11509125578861366,0.12925546583927194,,na,rotation,False,warmup
1763150400,0.25921,127394095,,0.17484276729559745,0.11222118666196046,,na,rotation,False,warmup
1763164800,0.26683,127453911,,0.1788229042115053,0.11523691774705047,,na,rotation,False,warmup
1763179200,0.26437,126472492,,0.23496749729144104,0.0983166377788538,,na,rotation,False,warmup
1763193600,0.25982,126294514,,0.3411781186523783,0.09398331203654631,,na,rotation,False,warmup
1763208000,0.26137,126351249,,0.2856932803999414,0.12098264109665036,,na,rotation,False,warmup
1763222400,0.26046,127857061,,0.28940247202515923,0.1381762102493549,,na,rotation,False,warmup
1763236800,0.25937,127941971,,0.2975645219920032,0.1679503531069224,,na,rotation,False,warmup
1763251200,0.26151,127401578,,0.28792033482465,0.17401435274667354,,na,rotation,False,warmup
1763265600,0.26233,126741294,,0.2202704803357686,0.17010086934634194,,na,rotation,False,warmup
1763280000,0.25671,128437614,,0.2655333233037461,0.19404103698905528,,na,rotation,False,warmup
1763294400,0.25165,127906457,,0.2851599677868075,0.21072010990625456,,na,rotation,False,warmup
1763308800,0.25346,130715748,,0.23206431063248875,0.21493841771114375,,na,rotation,False,warmup
1763323200,0.25377,131188469,,0.21443442054129083,0.2133927285785171,,na,rotation,False,warmup
1763337600,0.25796,134746476,,0.19771863117870697,0.24214112935936116,,na,rotation,False,warmup
1763352000,0.25787,131341781,,0.19539353264185494,0.22371579551563348,,na,rotation,False,warmup
1763366400,0.25983,129211822,,0.24872530274059862,0.20279903707432156,,na,rotation,False,warmup
1763380800,0.25243,128113031,,0.250695272149384,0.22070748668268325,,na,rotation,False,warmup
1763395200,0.24495,125097807,,0.25360139306632873,0.1831040082601969,,na,rotation,False,warmup
1763409600,0.24694,125132848,,0.23869857656812096,0.14961931406157203,,na,rotation,False,warmup
1763424000,0.249,127460470,,0.3496378355347248,0.14937067363315348,,na,rotation,False,warmup
1763438400,0.24729,128247465,,0.35876323307007185,0.15348823851812865,,na,trend,False,warmup
1763452800,0.25058,125655326,,0.37004405286343545,0.14367058316963788,,na,trend,False,warmup
1763467200,0.25368,124740039,,0.2517183726546528,0.14584273294117067,,na,trend,False,warmup
1763481600,0.25929,124329974,,0.052055360462714105,0.06339920137531507,,na,rotation,False,warmup
1763496000,0.25582,124055081,,0.1276948590381423,0.017997583197932654,,na,rotation,False,warmup
1763510400,0.25222,124221769,,0.15747322054259666,0.01843227120115909,,na,rotation,False,warmup
1763524800,0.25269,123364817,,0.1654067130329597,-0.013478724279477383,,na,rotation,False,warmup
1763539200,0.24756,125993740,,0.14876118022000553,0.008130456002060749,,na,rotation,False,warmup
1763553600,0.24139,128623222,,0.2538399353274046,0.004198015611710515,,na,rotation,False,warmup
1763568000,0.23648,128569433,,0.28608720874020993,-0.004968808494231092,,na,rotation,False,warmup
1763582400,0.24634,128204821,,0.1209245513483037,0.006363921341880019,,na,rotation,False,warmup
1763596800,0.25065,124777843,,0.15690457719162135,-0.020996358440503293,,na,rotation,False,warmup
1763611200,0.2515,124750630,,0.12678553837060355,-0.01361451785104384,,na,rotation,False,warmup
1763625600,0.25256,126267574,,0.07406651703733903,-0.00021331092813736685,,na,rotation,False,warmup
1763640000,0.2478,125644130,,0.1340511706016,-0.005596454372999493,,na,rotation,False,warmup
1763654400,0.23837,123724494,,0.20127562642368996,-0.0323217737657836,,na,rotation,False,warmup
1763668800,0.23675,126824169,,0.2051142546245915,-0.008736788961927089,,na,rotation,False,warmup
1763683200,0.23516,127438829,,0.24013487651508217,0.00029239041293505075,,na,rotation,False,warmup
1763697600,0.22809,126630716,,0.29522331436454524,-0.0008724701832379944,,na,rotation,False,warmup
1763712000,0.22197,131449575,,0.2982486263736258,0.023450770426177492,,na,rotation,False,warmup
1763726400,0.22707,131782854,,0.21095090971506997,0.03030649969453858,,na,rotation,False,warmup
1763740800,0.23065,128455139,,0.19283117761433763,-0.017294083035809926,,na,rotation,False,warmup
1763755200,0.23158,126259909,,0.18661172315196328,-0.037568545753819294,,na,rotation,False,warmup
1763769600,0.23159,124824816,,0.22984398152183388,-0.07363205550548124,,na,rotation,False,warmup
1763784000,0.23166,124918179,,0.2284892337198148,-0.04890752928041986,,na,rotation,False,warmup
1763798400,0.22998,126205883,,0.26085816656471195,-0.023263653073478108,,na,rotation,False,warmup
1763812800,0.22803,126052373,,0.22389429253073923,-0.016084686966777006,,na,rotation,False,warmup
1763827200,0.22854,126270973,,0.16086658170767568,0.009377990135350567,,na,rotation,False,warmup
1763841600,0.22994,124935843,,0.1676197988562411,-0.0015743667881673584,,na,rotation,False,warmup
1763856000,0.23498,125952790,,0.13429118773946355,-0.01182860850897538,,na,rotation,False,warmup
1763870400,0.23686,127712234,,0.09974179975136287,-0.004173423622837347,,na,rotation,False,warmup
1763884800,0.23852,126116271,,0.11715562463571016,0.003668328392224307,,na,rotation,False,warmup
1763899200,0.24378,129677891,,0.09419600380589926,0.03958514074217989,,na,rotation,False,warmup
1763913600,0.25004,132267245,,0.08747044917257711,0.06384036563861906,,na,rotation,False,warmup
1763928000,0.24711,132372423,,0.08278680733770548,0.06704555696513559,,na,rotation,False,warmup
1763942400,0.24978,131944903,,0.023398542385884128,0.062172146332902356,,na,rotation,False,warmup
1763956800,0.24619,132725875,,0.06052141527001892,0.07588109987631242,,na,rotation,False,warmup
1763971200,0.24425,136652687,,0.03176278668074088,0.0845990205545133,,na,rotation,False,warmup
1763985600,0.24505,137671839,,0.037029542695265046,0.07034979266807673,,na,rotation,False,warmup
1764000000,0.2556,138108001,,0.18300153139356815,0.07419001373366862,,na,rotation,False,warmup
1764014400,0.25454,138493261,,0.0857023411371236,0.0802500242951083,,na,rotation,False,warmup
1764028800,0.25285,138563968,,0.023640661938534663,0.11048536077034132,,na,rotation,False,warmup
1764043200,0.25039,139651807,,0.011724939262702018,0.11944770940234939,,na,rotation,False,warmup
1764057600,0.24789,139653057,,0.048590157111643,0.10600887128788905,,na,rotation,False,warmup
1764072000,0.24495,139962329,,0.030225898822780706,0.11395836001252113,,na,rotation,False,warmup
1764086400,0.248,137971850,,0.10954385166647712,0.11515388375724545,,na,rotation,False,warmup
1764100800,0.2521,134102030,,0.16981967031751313,0.05738544204456808,,na,rotation,False,warmup
1764115200,0.24876,133682273,,0.14760147601476026,0.0489916931047758,,na,rotation,False,warmup
1764129600,0.25405,132900040,,0.2872952633908813,0.0495087147734361,,na,rotation,False,warmup
1764144000,0.24993,130841398,,0.3164327750113178,-0.004626694304641132,,na,rotation,False,warmup
1764158400,0.25023,130909694,,0.2771661081857353,-0.006625748141712018,,na,rotation,False,warmup
1764172800,0.261,127567555,,0.3344352617079895,-0.006909680740760371,,na,rotation,False,warmup
1764187200,0.25841,128513669,,0.29033654366410544,0.01785016334836742,,na,rotation,False,warmup
1764201600,0.25613,127820014,,0.25918884664131875,0.023995212618619144,,na,rotation,False,warmup
1764216000,0.25766,127167031,,0.27043894320782225,0.0180025999258282,,na,rotation,False,warmup
1764230400,0.25343,125755415,,0.23761272672003275,-0.003569310631898248,,na,rotation,False,warmup
1764244800,0.25392,122393878,,0.2662758407898797,-0.029023610686012224,,na,rotation,False,warmup
1764259200,0.25511,122680340,,0.2713716678582375,-0.028435933569625704,,na,rotation,False,warmup
1764273600,0.25558,120912053,,0.26438440915652717,-0.03220685035918791,,na,rotation,False,warmup
1764288000,0.25294,120701134,,0.18989215478959642,-0.04169543207419224,,na,rotation,False,warmup
1764302400,0.25495,122232131,,0.1910041178333866,-0.04290977323284473,,na,rotation,False,warmup
1764316800,0.25603,122916211,,0.18601933496228623,-0.025373886926929545,,na,rotation,False,warmup
1764331200,0.25963,124595188,,0.1714069427922575,-0.03919483082894981,,na,rotation,False,warmup
1764345600,0.2553,126657386,,0.058095869229070556,-0.04241306303764014,,na,rotation,False,warmup
1764360000,0.25323,126411546,,0.06824264049955418,-0.045031108934222686,,na,rotation,False,warmup
1764374400,0.25142,125221966,,0.018464309840125825,-0.05095260860512363,,na,rotation,False,warmup
1764388800,0.25236,123408311,,0.07160264593245892,-0.07020156393770238,,na,rotation,False,warmup
1764403200,0.25542,121523344,,0.12796425707412065,-0.11071383470125251,,na,rotation,False,warmup
1764417600,0.25507,120126292,,0.11538461538461582,-0.12744470566707544,,na,rotation,False,warmup
1764432000,0.25445,122410069,,0.014952541932128274,-0.11366417503935922,,na,rotation,False,warmup
1764446400,0.25378,123102071,,0.009932043910088652,-0.11113313304103656,,na,rotation,False,warmup
1764460800,0.25391,121650409,,0.014140875133404559,-0.12206318312131481,,na,rotation,False,warmup
1764475200,0.25361,121242736,,0.044230769230769254,-0.1318212158901746,,na,rotation,False,warmup
1764489600,0.25063,121641177,,0.03739082969432344,-0.12897590920619806,,na,rotation,False,warmup
1764504000,0.25233,122199689,,0.1024430871737924,-0.12691014880153928,,na,rotation,False,warmup
1764518400,0.25118,123019855,,0.045337895637297114,-0.10836989574322586,,na,rotation,False,warmup
1764532800,0.24784,121973438,,0.0614009801095415,-0.09044301566501267,,na,rotation,False,warmup
1764547200,0.23385,125075582,,0.18630513557415987,-0.06438169255245985,,na,rotation,False,warmup
1764561600,0.23157,123989064,,0.2918722409763699,-0.06705021307743775,,na,rotation,False,warmup
1764576000,0.23061,124940538,,0.2615759545085298,-0.04509933469222027,,na,rotation,False,warmup
1764590400,0.2322,126712523,,0.23992015968063907,-0.03206157521077091,,na,rotation,False,warmup
1764604800,0.22825,127162904,,0.4792916727645255,-0.0031720526430094598,,na,trend,False,warmup
1764619200,0.23361,126724978,,0.34880450070323477,-0.013918293780873947,,na,trend,False,warmup
1764633600,0.23336,127208414,,0.32966555668162767,-0.004784853176436066,,na,trend,False,warmup
1764648000,0.23238,127306675,,0.3689433741973146,0.001098114809332973,,na,trend,False,warmup
1764662400,0.23636,127362833,,0.2500366193056981,0.012782097693367689,,na,trend,False,warmup
1764676800,0.25108,125794160,,0.03442424242424186,0.02778147122685337,,na,rotation,False,warmup
1764691200,0.2546,122095769,,0.006012024048096318,-0.004764993315147348,,na,rotation,False,warmup
1764705600,0.2546,120789083,,0.011616880037932445,-0.0010170201973164206,,na,rotation,False,warmup
1764720000,0.25312,122734422,,0.0021634615384617008,0.016845641234820574,,na,rotation,False,warmup
1764734400,0.25773,122473779,,0.03240093240093246,0.0019769597242806913,,na,rotation,False,warmup
1764748800,0.25614,119863210,,0.001274475727030459,-0.024838066314946894,,na,rotation,False,warmup
1764763200,0.25737,120387295,,0.026923993328568492,-0.033772516158489196,,na,rotation,False,warmup
1764777600,0.25745,121083090,,0.0269795457397413,-0.04401082460362793,,na,rotation,False,warmup
1764792000,0.25784,120746212,,0.05909498782207411,-0.04481658661147925,,na,rotation,False,warmup
1764806400,0.25812,119861804,,0.08760460251046077,-0.042805285456067654,,na,rotation,False,warmup
1764820800,0.25406,121565790,,0.021356783919598426,-0.014930282936940986,,na,rotation,False,warmup
1764835200,0.25403,118818374,,0.01815332375604025,-0.022258850941428987,,na,rotation,False,warmup
1764849600,0.25494,117375889,,0.001685466096201463,-0.022895928561584178,,na,rotation,False,warmup
1764864000,0.25202,114969853,,0.03059297494649359,-0.060781078393150834,,na,rotation,False,warmup
1764878400,0.25173,116616184,,0.025932953826691897,-0.05268706649135091,,na,rotation,False,warmup
1764892800,0.25169,116045566,,0.028115501519756825,-0.04607335927658085,,na,rotation,False,warmup
1764907200,0.25221,117224137,,0.017681232634503826,-0.03314507023332103,,na,rotation,False,warmup
1764921600,0.24897,117325558,,0.020896273917422242,-0.03547827394008196,,na,rotation,False,warmup
1764936000,0.24819,118798431,,0.0527254202750892,-0.02783360602497109,,na,rotation,False,warmup
1764950400,0.24181,118992800,,0.11188059701492556,-0.032735000378597445,,na,rotation,False,warmup
1764964800,0.23969,117450871,,0.09875196898097681,-0.03707829404628249,,na,rotation,False,warmup
1764979200,0.24149,119447187,,0.10861529712823434,-0.04499995050992445,,na,rotation,False,warmup
1764993600,0.23929,120073177,,0.1098775974950185,-0.031582519245407004,,na,rotation,False,warmup
1765008000,0.23979,120762783,,0.13151862464183361,-0.03343794629730179,,na,rotation,False,warmup
1765022400,0.24004,121623955,,0.11451942740286306,-0.04015836698319075,,na,rotation,False,warmup
1765036800,0.23953,122950518,,0.17348508151338,-0.03312590281832506,,na,rotation,False,warmup
1765051200,0.23937,122365280,,0.09628886659979903,-0.034402830987273925,,na,rotation,False,warmup
1765065600,0.24129,122492900,,0.128964059196617,-0.037069198897488054,,na,rotation,False,warmup
1765080000,0.24008,121967950,,0.12475696694750439,-0.041935939337037875,,na,rotation,False,warmup
1765094400,0.23964,123045813,,0.056376761773805406,-0.033895445777340716,,na,rotation,False,warmup
1765108800,0.23755,122721230,,0.29703622392974743,-0.024428240547891944,,na,rotation,False,warmup
1765123200,0.24266,123266493,,0.25328807806533704,0.009588571410693136,,na,rotation,False,warmup
1765137600,0.23711,124287775,,0.33194154488517713,0.02896529978623974,,na,rotation,False,warmup
1765152000,0.24096,124918638,,0.22084998183799456,0.017796278862990844,,na,rotation,False,warmup
1765166400,0.24258,126184179,,0.29095448434799304,0.030295464305057473,,na,rotation,False,warmup
1765180800,0.24364,126184432,,0.24253007372914182,0.05273696574620357,,na,rotation,False,warmup
1765195200,0.2425,126558432,,0.2890184645286682,0.051260699893622474,,na,rotation,False,warmup
1765209600,0.24114,125010754,,0.30931158733168995,0.032437758236926406,,na,rotation,False,warmup
1765224000,0.2408,126849367,,0.32346241457858804,0.05054531234487092,,na,rotation,False,warmup
1765238400,0.23994,126722762,,0.34134434847915923,0.057240570148602066,,na,rotation,False,warmup
1765252800,0.24038,125565641,,0.27558420628525354,0.03290276812251203,,na,rotation,False,warmup
1765267200,0.24043,125086953,,0.2738622633910586,0.05275765682502942,,na,rotation,False,warmup
1765281600,0.2495,124576443,,0.09408509166378419,0.06134610831360776,,na,rotation,False,warmup
1765296000,0.25569,127289280,,0.0600752987395638,0.1071535422420693,,na,rotation,False,warmup
1765310400,0.25301,131758979,,0.02016383112791438,0.12985157360319732,,na,rotation,False,warmup
1765324800,0.25125,129080587,,0.006748466257669503,0.11232674758120442,,na,rotation,False,warmup
1765339200,0.25101,126287016,,0.01848428835489802,0.0773123968487821,,na,rotation,False,warmup
1765353600,0.25077,125209829,,0.0290697674418604,0.06719994461905743,,na,rotation,False,warmup
1765368000,0.25003,127636906,,0.029734970911441175,0.0743989203022386,,na,rotation,False,warmup
1765382400,0.25433,128001212,,0.20936454849498318,0.07570552167862266,,na,rotation,False,warmup
1765396800,0.24982,129766520,,0.1628879241035535,0.10485787712889749,,na,rotation,False,warmup
1765411200,0.23965,126698001,,0.02607709750566905,0.06070309550278474,,na,rotation,False,warmup
1765425600,0.24046,122674070,,0.016914847477230075,0.021660899336410466,,na,rotation,False,warmup
1765440000,0.24292,123073036,,0.04400393645437922,0.019130504801301296,,na,rotation,False,warmup
1765454400,0.24045,121842087,,0.005589638718472989,0.0017934953685727617,,na,rotation,False,warmup
1765468800,0.24025,121294163,,0.009857612267250801,-0.013471720387546515,,na,rotation,False,warmup
1765483200,0.24571,118418848,,0.08092928261424573,-0.03225123989419221,,na,rotation,False,warmup
1765497600,0.24478,119365697,,0.04511958629605678,-0.02552966743378593,,na,rotation,False,warmup
1765512000,0.24446,120857396,,0.05728485482605314,-0.009105293644764867,0.24,na,rotation,False,warmup
1765526400,0.24641,122813062,,0.08682826728228805,-0.0018915800084965406,0.392,na,rotation,False,warmup
1765540800,0.23619,123898126,,0.015795586527293848,0.00958999514590908,0.44,na,rotation,False,warmup
1765555200,0.23593,129635570,,0.08283076923076904,0.051669166900043084,0.816,na,rotation,False,warmup
1765569600,0.23849,132770398,,0.01763352926143649,0.0682498580411468,0.904,na,rotation,False,warmup
1765584000,0.23905,132582151,,0.02547685740963045,0.06134803519071341,0.896,na,rotation,False,warmup
1765598400,0.23841,131133003,,0.05635896742803052,0.03921905296859762,0.84,na,rotation,False,warmup
1765612800,0.23783,131869099,,0.07903686573255313,0.04505046232644605,0.876,na,rotation,False,warmup
1765627200,0.23962,132892377,,0.03883495145631059,0.050047593826067605,0.904,na,rotation,False,warmup
1765641600,0.23754,132671617,,0.04807692307692297,0.061281631818651316,0.892,na,rotation,False,warmup
1765656000,0.23762,133093079,,0.042615920664701004,0.04922146753794987,0.908,na,rotation,False,warmup
1765670400,0.23737,133470945,,0.03472503715714078,0.05325154607978,0.912,na,rotation,False,warmup
1765684800,0.23591,133364220,,0.05957616953218718,0.06210758721806697,0.908,na,rotation,False,warmup
1765699200,0.23408,134617833,,0.08267152714490297,0.07619403759878929,0.936,na,rotation,False,warmup
1765713600,0.23143,135494211,,0.2567126012217646,0.08763910525202578,0.944,na,rotation,False,warmup
1765728000,0.22927,137123075,,0.3981314044605179,0.07725548451527109,0.964,na,trend,False,warmup
1765742400,0.22896,139545779,,0.3758399749960931,0.059098818608787296,0.988,na,trend,False,warmup
1765756800,0.23183,139001944,,0.29831029185867836,0.07686172824733117,0.984,na,trend,False,warmup
1765771200,0.23112,138001717,,0.30333994204666764,0.09276251328956886,0.964,na,trend,False,warmup
1765785600,0.23098,137830854,,0.302275851535054,0.10079899558045069,0.956,na,trend,False,warmup
1765800000,0.22141,136951345,0.8485553371263954,0.3851951547779269,0.07297606383532984,0.944,compressed,trend,False,B
1765814400,0.21904,135712939,0.8321137422563628,0.48763299709824504,0.060247296720909116,0.928,compressed,trend,False,B
1765828800,0.2204,137699752,0.6757815621466242,0.4250216700375612,0.061134659386720136,0.952,compressed,trend,False,B
1765843200,0.21843,138958154,0.6828395181668035,0.34775483448049804,0.09676674377838057,0.98,compressed,trend,False,B
1765857600,0.21678,138711641,0.6555902776050915,0.38279987067571947,0.13073317776120086,0.976,compressed,trend,False,B
1765872000,0.22296,136611997,0.7879720058362026,0.3043610856968589,0.1100075324378933,0.928,compressed,trend,False,B
1765886400,0.22273,133955394,0.7888309496609756,0.27976002526049876,0.09941808531234364,0.896,compressed,trend,False,B
1765900800,0.22061,135073550,0.793773317321154,0.3009500459699662,0.11360305112126468,0.912,compressed,trend,False,B
1765915200,0.21951,134825454,0.7783671264557914,0.4302134646962237,0.13854725220768915,0.908,compressed,trend,False,B
1765929600,0.21913,135851963,0.781471065228684,0.42502071251035667,0.13811560954568036,0.924,compressed,trend,False,B
1765944000,0.21789,135281779,0.7849322371676049,0.4336543169577285,0.11935043677426238,0.908,compressed,trend,False,B
1765958400,0.21692,134938264,0.7846865590267227,0.4891358434234533,0.09872892836105662,0.9,compressed,trend,False,B
1765972800,0.21612,134432100,0.7847213754060212,0.39453508944368004,0.08502125367093938,0.884,compressed,trend,False,B
1765987200,0.21204,134542425,0.8092641062130177,0.436825745108795,0.03785114687272939,0.884,compressed,trend,False,B
1766001600,0.2106,135067965,0.8046151545768808,0.5206272167257795,0.017304813682941678,0.9,compressed,trend,False,B
1766016000,0.21087,138777824,0.8063753567881129,0.5289039039039044,0.046730822763616287,0.976,compressed,trend,False,B
1766030400,0.20916,138498062,0.8078971273533686,0.538178472861086,0.05616480086252573,0.964,compressed,trend,False,B
1766044800,0.21206,134745378,0.8140455611745977,0.4547379565907895,0.02181162244840995,0.88,compressed,trend,False,B
1766059200,0.21623,132788178,0.8784937938844991,0.39610499576629987,-0.0007840856063550117,0.832,normal,trend,False,B
1766073600,0.20304,134679069,1.1990321334597116,0.4917331812998862,0.015130983140124066,0.876,normal,trend,False,B
1766088000,0.2068,133359106,1.12590162538995,0.4173889490790898,0.001998804160207257,0.84,normal,trend,False,B
1766102400,0.21139,133917695,1.1722340386619854,0.33231005372217975,0.0033471704272416414,0.852,normal,trend,False,B
1766116800,0.21581,133634863,1.2082043157643014,0.24771999014049803,0.002029352400516382,0.844,normal,trend,False,B
1766131200,0.21654,132930639,1.2040168274268883,0.21914042978510745,-0.01253321318877565,0.824,normal,rotation,False,A
1766145600,0.21789,130457513,1.20266317471551,0.17195834391668785,-0.03717279109437377,0.74,normal,rotation,False,A
1766160000,0.2207,128224772,1.1494612930789756,0.10794810429525123,-0.06489281982627648,0.688,normal,rotation,False,A
1766174400,0.21919,125697447,1.152777322656711,0.12123092195061425,-0.09923863049988779,0.488,normal,rotation,False,A
1766188800,0.22019,124659055,1.1477599542961443,0.14786585365853677,-0.10318480869591296,0.404,normal,rotation,False,A
1766203200,0.22064,123847870,1.1458580898316701,0.13357124649502922,-0.10256283260591603,0.368,normal,rotation,False,A
1766217600,0.22029,126086410,1.14580977945563,0.1358840727087833,-0.08520910709876328,0.508,normal,rotation,False,A
1766232000,0.21883,126595097,1.1468914760664066,0.03656462585034013,-0.07561990720134948,0.56,normal,rotation,False,A
1766246400,0.21806,127010534,1.1462044549974937,0.014211136890951402,-0.06412362051933751,0.596,normal,rotation,False,A
1766260800,0.21814,127039484,1.1447760107982092,0.03339243498817985,-0.07741675526038716,0.596,normal,rotation,False,A
1766275200,0.21657,127282550,1.1158531901603608,0.027645659928656377,-0.08402244606674902,0.608,normal,rotation,False,A
1766289600,0.21665,128105823,1.1101349514046743,0.0019783898949930195,-0.07645946600833597,0.676,normal,rotation,False,A
1766304000,0.21748,126660860,1.110623016032224,0.09078860172299516,-0.0728423360943915,0.552,normal,rotation,False,A
1766318400,0.21421,126947836,1.1268202927440822,0.13438485804416406,-0.05231262281233706,0.58,normal,rotation,False,A
1766332800,0.21588,127863542,1.11647758185438,0.07513899920571908,-0.05337838533154715,0.656,normal,rotation,False,A
1766347200,0.2164,127613415,1.0841992961455227,0.04986371653038324,-0.053491672277254154,0.636,normal,rotation,False,A
1766361600,0.21744,128740548,0.5886608606303317,0.02681262890686972,-0.05234679604887271,0.712,compressed,rotation,False,A
1766376000,0.21864,129267070,0.549808421555539,0.011906651849499938,-0.04446059953129389,0.724,compressed,rotation,False,A
1766390400,0.22139,131466548,0.4986748095511324,0.06901343214451142,-0.02572818040700453,0.768,compressed,rotation,False,A
1766404800,0.22427,132333731,0.45162414320298866,0.12191473448017943,-0.015609136508319077,0.788,compressed,rotation,False,A
1766419200,0.2196,131590823,0.5516376630717097,0.11209964412811368,-0.021938076409727225,0.764,compressed,rotation,False,A
1766433600,0.2204,129894113,0.5479994588126893,0.14670658682634735,-0.038305544915850365,0.724,compressed,rotation,False,A
1766448000,0.21949,129553738,0.5215486363695772,0.12781731909845767,-0.0664665703361943,0.708,compressed,rotation,False,A
1766462400,0.21552,139404331,0.5724838553204096,0.09124820659971267,0.006543550046209212,0.984,compressed,rotation,False,A
1766476800,0.21782,138658500,0.5904035880115356,0.08335745296671503,0.029040862537043743,0.964,compressed,rotation,False,A
1766491200,0.21652,133109030,0.595231625258702,0.004378680356333751,0.0024162693157820936,0.82,compressed,rotation,False,A
1766505600,0.21688,133602690,0.5995319826410118,0.25917602996254624,-0.007992177314501636,0.832,compressed,rotation,False,A
1766520000,0.21708,133826976,0.5963599232058648,0.20626003210272809,0.003508346854094846,0.84,compressed,rotation,False,A
1766534400,0.21583,135885427,0.6008521642043254,0.09548387096774173,0.014693592209752415,0.908,compressed,rotation,False,A
1766548800,0.21361,134764479,0.6167965631823579,0.0496613995485328,0.008453003764444356,0.872,compressed,rotation,False,A
1766563200,0.21431,133959910,0.6129042192496691,0.05037271289812526,0.007742917718164266,0.84,compressed,rotation,False,A
1766577600,0.21359,132722703,0.6147279521313412,0.09853345554537096,0.01736343080524616,0.768,compressed,rotation,False,A
1766592000,0.21224,134292892,0.6168722122454725,0.20056899004267376,0.047324084927988785,0.844,compressed,rotation,False,A
1766606400,0.21213,133201441,0.5826461391921974,0.17312408043158342,0.059698857686425466,0.796,compressed,rotation,False,A
1766620800,0.21431,132915052,0.5923796900472305,0.1401334604385126,0.06622861853075968,0.78,compressed,rotation,False,A
1766635200,0.21421,133861478,0.5914091617112339,0.15453016101898548,0.08085409946896949,0.824,compressed,rotation,False,A
1766649600,0.21248,134851339,0.5964855356352766,0.18167015585019775,0.06951525545060733,0.876,compressed,rotation,False,A
1766664000,0.21509,135081265,0.6211639996603442,0.08473040326234685,0.06703393892103104,0.888,compressed,rotation,False,A
1766678400,0.21425,132637309,0.5893315792674793,0.08617959737615931,0.04430164036630213,0.736,compressed,rotation,False,A
1766692800,0.20974,133290520,0.612719522379809,0.1726973684210523,0.04920545804483911,0.784,compressed,rotation,False,A
1766707200,0.21425,131958175,0.6536998192171397,0.04497867390461448,0.03673421847692393,0.712,compressed,rotation,False,A
1766721600,0.21261,132932489,0.6601860236203868,0.07602559277380527,0.03767717881177024,0.768,compressed,rotation,False,A
1766736000,0.2155,131639077,0.6971592350605953,0.035869565217391444,0.039303514913762605,0.688,compressed,rotation,False,A
1766750400,0.21146,131885311,0.7012649191424342,0.04913346435590495,0.03889373112275818,0.7,compressed,rotation,False,A
1766764800,0.21445,131091358,0.7168429924380262,0.02496072613021444,0.025244224815858862,0.656,compressed,rotation,False,A
1766779200,0.21339,131007003,0.7163145373552483,0.052049109458758604,0.02659272146270819,0.652,compressed,rotation,False,A
1766793600,0.21469,130032696,0.7227123716663792,0.04734033396453778,0.010036837811192134,0.632,compressed,rotation,False,A
1766808000,0.21288,129486923,0.7325522929616561,0.09812606473594522,0.0017007657093179862,0.608,compressed,rotation,False,A
1766822400,0.21574,128656227,0.7587679499396407,0.09607209658221418,-0.021376700329881593,0.588,compressed,rotation,False,A
1766836800,0.21589,128913564,0.7429827952517194,0.1494293865905848,-0.025845013014860085,0.592,compressed,rotation,False,A
1766851200,0.21677,128156131,0.7453949694271533,0.054121246892331214,-0.02610130343207895,0.548,compressed,rotation,False,A
1766865600,0.2207,126943053,0.7860240324563192,0.005413208228076412,-0.022718966486187098,0.456,compressed,rotation,False,A
1766880000,0.22255,124684018,0.7830972183855948,0.054293825408091,-0.037588417556890574,0.276,compressed,rotation,False,A
1766894400,0.2244,123306023,0.788599880714654,0.16371681415929215,-0.11547925293655337,0.224,compressed,rotation,False,A
1766908800,0.22409,126993166,0.7832037819119695,0.12000000000000018,-0.08412995957694624,0.472,compressed,rotation,False,A
1766923200,0.22224,128005623,0.7987739774635357,0.10833333333333359,-0.038340051009311704,0.548,compressed,rotation,False,A
1766937600,0.2192,128063350,0.821370994613093,0.04181687094448488,-0.04146129093658224,0.552,compressed,rotation,False,A
1766952000,0.2202,127850118,0.8058381814706989,0.05543710021321994,-0.04466108537041147,0.54,compressed,rotation,False,A
1766966400,0.22646,126375370,0.8971062149776727,0.17343775493555266,-0.069985849181605,0.416,normal,rotation,False,A
1766980800,0.22485,126933300,0.8312908694471036,0.1852340145023076,-0.05811011223513873,0.468,compressed,rotation,False,A
1766995200,0.22032,125904699,0.8575291943760295,0.09316385056580374,-0.060131505015194486,0.364,normal,rotation,False,A
1767009600,0.21889,125428058,0.8574342922450674,0.08126341613002162,-0.05496154640551587,0.336,normal,rotation,False,A
1767024000,0.21704,127187519,0.849632564304166,0.07303712720633002,-0.052909524057311974,0.5,compressed,rotation,False,A
1767038400,0.21585,125739015,0.8010396601456742,0.05568862275449071,-0.05602361313793891,0.356,compressed,rotation,False,A
1767052800,0.2143,129560665,0.7819971806438855,0.00015112588786474258,-0.025237073977144475,0.628,compressed,rotation,False,A
1767067200,0.2144,132565841,0.7780387486769305,0.002871391869427172,-0.009678938402278847,0.724,compressed,rotation,False,A
1767081600,0.21353,135715502,0.7750672575380304,0.016077170418006378,0.00640826414041018,0.9,compressed,rotation,False,A
1767096000,0.21395,137243314,0.7684994092648849,0.018060836501901194,0.01600554303366941,0.924,compressed,rotation,False,A
1767110400,0.21114,134587729,0.7690208291721345,0.04777999692733147,0.01470491232598814,0.84,compressed,rotation,False,A
1767124800,0.21056,135493312,0.7715520464870267,0.013407455853498828,0.016526246577776016,0.884,compressed,rotation,False,A
1767139200,0.20911,138963501,0.7733550261192323,0.08846815834767659,0.05308747260258784,0.976,compressed,rotation,False,A
1767153600,0.20858,138441354,0.7062593922967362,0.07071416037901401,0.04144107314503076,0.944,compressed,rotation,False,A
1767168000,0.20791,140113872,0.68460411213281,0.13857951433266377,0.06437902173987431,1.0,compressed,rotation,False,A
1767182400,0.20492,142540233,0.6783888415491833,0.12174236783320966,0.08078930033383314,1.0,compressed,rotation,False,A
1767196800,0.19876,146630374,0.7910331440840901,0.2757953946211991,0.11853577716389196,1.0,compressed,rotation,False,A
1767211200,0.20076,145782599,0.8325619799653605,0.21839875497146827,0.11278477990981894,0.996,compressed,rotation,False,A
1767225600,0.20257,145856613,0.8519055025306901,0.20774768597874524,0.12169183202969203,0.996,normal,rotation,False,A
1767240000,0.20262,146092460,0.8484736127474509,0.18133616118769919,0.1282410348109051,0.996,compressed,rotation,False,A
1767254400,0.2048,146674165,0.7100245364431015,0.1957066189624324,0.14004715061323858,1.0,compressed,rotation,False,A
1767268800,0.2065,145439323,0.7473173802291144,0.16344647519582262,0.12819255388827822,0.98,compressed,rotation,False,A
1767283200,0.20632,144138887,0.7008933311158299,0.18414096916299538,0.12471315945079531,0.976,compressed,rotation,False,A
1767297600,0.20848,143739496,0.7339602308568041,0.22226264096034948,0.1323147868517074,0.972,compressed,rotation,False,A
1767312000,0.20895,149299247,0.73248382344626,0.2537313432835822,0.19742088356504528,1.0,compressed,rotation,False,A
1767326400,0.20581,147488092,0.7646508037259792,0.3386773547094188,0.1961142563165792,0.996,compressed,rotation,False,A
1767340800,0.20961,145519184,0.8322024642822995,0.24803014731072315,0.14588200754046876,0.972,compressed,rotation,False,A
1767355200,0.21116,145422059,0.8497560920663435,0.19077134986225908,0.1360599291798299,0.964,compressed,rotation,False,A
1767369600,0.21534,148411550,0.9224775486390903,0.06518068220195881,0.1588916735350121,0.996,normal,rotation,False,A
1767384000,0.21911,149839945,0.971062460840237,0.01758348120664635,0.17199692377288223,1.0,normal,rotation,False,A
1767398400,0.22611,143319797,1.0608665115020564,0.005579467559381301,0.13408013760909276,0.944,normal,rotation,False,A
1767412800,0.21821,142351796,1.2466330760136581,0.0962039988409157,0.12146927559592324,0.936,normal,rotation,False,A
1767427200,0.21848,140365540,1.237132999673026,0.028412600370598805,0.11485545110591944,0.932,normal,rotation,False,A
1767441600,0.21884,138407568,1.2343463343291743,0.0007850525985240137,0.10348171060736666,0.864,normal,rotation,False,A
1767456000,0.22016,139389642,1.2315743691826466,0.04939835338822008,0.09593805348148976,0.904,normal,rotation,False,A
1767470400,0.22212,137164608,1.1954372194916072,0.09807602064758358,0.09086752429228118,0.828,normal,rotation,False,A
1767484800,0.22764,138695933,1.07312381997714,0.19646539027982335,0.07050957943138059,0.88,normal,rotation,False,A
1767499200,0.22994,139913104,1.0731609527248778,0.22168330955777443,0.05542350083985803,0.92,normal,rotation,False,A
1767513600,0.23428,141310967,1.0915192800999345,0.2820443115400297,0.04122937260328596,0.932,normal,rotation,False,A
1767528000,0.23463,142944138,1.0893129042311935,0.28136054421768697,0.04153808177497087,0.94,normal,rotation,False,A
1767542400,0.23256,141137752,1.1207950157122428,0.29439252336448574,0.04866731201029473,0.924,normal,rotation,False,A
1767556800,0.2329,140798850,1.123201571117049,0.3080529509100935,0.03915719471083556,0.92,normal,rotation,False,A
1767571200,0.2341,140427225,1.1167056950211207,0.34578663345786625,0.010533154313663973,0.916,normal,rotation,False,A
1767585600,0.23274,139041869,1.1323798308017177,0.33050615595075233,0.004337685111054368,0.876,normal,rotation,False,A
1767600000,0.23199,139245795,1.1408518128519527,0.32905165345722825,-0.00619551074857172,0.876,normal,rotation,False,A
1767614400,0.23661,143414603,1.1053296943313273,0.42360646972329874,0.006134197914493322,0.944,normal,trend,False,B
1767628800,0.243,149992834,1.139483052782582,0.5895522388059697,0.022931538045452893,1.0,normal,trend,False,B
1767643200,0.25252,158381641,1.2542326933054087,0.6269379844961238,0.08642349694972862,1.0,normal,trend,False,B
1767657600,0.25132,150923967,1.2595582360616224,0.5948749237339832,0.03474202434688367,0.996,normal,trend,False,B
1767672000,0.24548,145842218,1.3514645137647945,0.48848871666286714,-0.0017129015419413696,0.956,expanded,trend,False,B
1767686400,0.24929,143216610,1.285179529139492,0.49781805975159404,-0.023573033465027704,0.92,normal,trend,False,B
1767700800,0.24587,137556059,1.1218420591177096,0.4322099022944337,-0.05420311259287147,0.804,normal,trend,False,B
1767715200,0.23804,126701699,1.294557119003816,0.32124772128823126,-0.12097490387864585,0.364,normal,trend,False,B
1767729600,0.24365,127174095,1.3323602379977686,0.344162833936784,-0.1152459933489679,0.416,expanded,trend,False,B
1767744000,0.24028,125904847,1.371446076570925,0.2981254163098292,-0.1566946951848993,0.32,expanded,trend,False,B
1767758400,0.24249,126697951,1.3717422464643485,0.3521505376344082,-0.14096148860614455,0.364,expanded,trend,False,B
1767772800,0.23828,129972999,1.3700733260146687,0.2741704121641001,-0.10683254655963437,0.544,expanded,trend,False,B
1767787200,0.23372,133959610,1.4093115251911674,0.2097044060234243,-0.07882194131221865,0.692,expanded,rotation,False,A
1767801600,0.23513,136004316,1.3769050488685044,0.18881786089113609,-0.08360019149452991,0.78,expanded,rotation,False,A
1767816000,0.23403,136844391,1.3790928309621802,0.14607401605639284,-0.08672957000885173,0.784,expanded,rotation,False,A
1767830400,0.23169,135834371,1.3814936876279573,0.05724251128436595,-0.052228834792446666,0.764,expanded,rotation,False,A
1767844800,0.22998,136698573,1.3864261389379664,0.1289297842041843,-0.03971304303038092,0.78,expanded,rotation,False,A
1767859200,0.22871,139909574,1.3848104504641725,0.11084624553039306,-0.0032484183796108734,0.876,expanded,rotation,False,A
1767873600,0.2322,141895640,1.408691331770521,0.1400125759798781,0.025201454301978732,0.904,expanded,rotation,False,A
1767888000,0.23009,141837881,1.4161079782619335,0.10321172435297767,0.01756399517835039,0.9,expanded,rotation,False,A
1767902400,0.23013,142319681,1.3704395073594795,0.08495068405981523,0.037583113276567603,0.904,expanded,rotation,False,A
1767916800,0.23165,142740678,1.2865467940388688,0.04441244877616547,0.029162679196945263,0.912,normal,rotation,False,A
1767931200,0.23072,143651180,1.0624539170991012,0.008771929824561426,0.026717125795450825,0.928,normal,rotation,False,A
1767945600,0.22803,140515274,1.0694294787902074,0.07161682135900045,-0.005630794388378879,0.872,normal,rotation,False,A
1767960000,0.22958,141052916,1.0325555846508467,0.057081496552503594,-0.013230497077116987,0.876,normal,rotation,False,A
1767974400,0.22636,140165862,0.9927484381794976,0.06918098638696694,-0.0068861093947422125,0.856,normal,rotation,False,A
1767988800,0.22815,141443754,1.0013530856918325,0.05215768090479851,0.004580321501205464,0.884,normal,rotation,False,A
1768003200,0.22661,140394035,0.8670231471087807,0.08193851876162338,-0.00023635018067191815,0.856,normal,rotation,False,A
1768017600,0.22755,141351863,0.7490044827272854,0.05703923508077808,0.016613657573892437,0.88,compressed,rotation,False,A
1768032000,0.22803,141180731,0.7299720826174162,0.04365079365079353,0.013895830750221272,0.872,compressed,rotation,False,A
1768046400,0.22703,140001282,0.6992787467325113,0.10998851894374248,-0.023800372685897297,0.832,compressed,rotation,False,A
1768060800,0.22768,139349901,0.6578997195859707,0.18829891838741386,-0.0709562764845153,0.808,compressed,rotation,False,A
1768075200,0.22635,138913292,0.5880560596981128,0.3576602432690997,-0.122920490513165,0.784,compressed,trend,False,B
1768089600,0.22751,139040724,0.58469779876796,0.32558457541364705,-0.07873661974443069,0.796,compressed,trend,False,B
1768104000,0.2281,138315570,0.5862653658057803,0.2560400707130231,-0.05160815642559691,0.748,compressed,trend,False,B
1768118400,0.22714,138205107,0.5678833921072384,0.3406120252191298,-0.034992470496264416,0.744,compressed,trend,False,B
1768132800,0.22526,137846424,0.5711774522745786,0.32461805008662814,0.0021108848429569615,0.736,compressed,trend,False,B
1768147200,0.22519,138674745,0.5660689088915991,0.2305759913870448,0.09449791198143287,0.764,compressed,trend,False,B
1768161600,0.22421,140122987,0.49197618625753436,0.38043052837573427,0.10182020166921579,0.836,compressed,trend,False,B
1768176000,0.22575,140541790,0.4945823472279035,0.29490562208240295,0.11625400728218183,0.856,compressed,trend,False,B
1768190400,0.22285,142211683,0.5347858928160172,0.39311449159327516,0.12244658952692933,0.892,compressed,trend,False,B
1768204800,0.2196,143141288,0.5581709644147947,0.3812244897959187,0.10131557401395352,0.912,compressed,trend,False,B
1768219200,0.22359,146099421,0.6642996215633442,0.20916787115424323,0.09062291984875137,0.964,compressed,rotation,False,A
1768233600,0.22148,145844566,0.6601892243497487,0.27783431711785045,0.07235248328442756,0.952,compressed,rotation,False,A
1768248000,0.21911,145776127,0.662305563171014,0.2960317460317458,0.06526928823849265,0.94,compressed,rotation,False,A
1768262400,0.22044,146836964,0.6415119364468319,0.22777890261186487,0.08100006588170539,0.972,compressed,rotation,False,A
1768276800,0.22221,148121934,0.6430337929677118,0.1571284125379171,0.08356605887904922,0.976,compressed,rotation,False,A
1768291200,0.22358,147276405,0.64811671372438,0.10353178607467194,0.05265423079624276,0.968,compressed,rotation,False,A
1768305600,0.22984,147362073,0.8153681266539947,0.04510703363914374,0.03852431970425596,0.968,compressed,rotation,False,A
1768320000,0.23269,146807851,0.8452718294622787,0.04900113079532638,0.03503979307192262,0.956,compressed,rotation,False,A
1768334400,0.23863,153809735,0.9404539848201877,0.14416553595658083,0.0807341185650916,0.996,normal,rotation,False,A
1768348800,0.24402,153280839,1.0034766876959142,0.19688047111252574,0.0738413264367428,0.992,normal,rotation,False,A
1768363200,0.24381,163101249,0.9959119298368948,0.2107551118982449,0.1353979062336974,1.0,normal,rotation,False,A
1768377600,0.23894,166261729,1.0810842462683752,0.16969979779125843,0.18322887090552165,1.0,normal,rotation,False,A
1768392000,0.24063,164461499,1.0841459567322378,0.17150395778364125,0.1659560373781992,0.996,normal,rotation,False,A
1768406400,0.23721,161090525,1.1194361473309309,0.16787869410490483,0.14928501634727587,0.988,normal,rotation,False,A
1768420800,0.23606,159984567,1.1104187152803993,0.12361306454133456,0.13108258566157693,0.984,normal,rotation,False,A
1768435200,0.22986,153831099,1.2229432770572433,0.04734158776402042,0.09570965034233825,0.976,normal,rotation,False,A
1768449600,0.23169,152084514,1.2244347096319812,0.0595340811044004,0.07592861368937176,0.964,normal,rotation,False,A
1768464000,0.23113,151187269,1.2224302488049514,0.04452743464521676,0.07087750523122027,0.96,normal,rotation,False,A
1768478400,0.23056,149104449,1.1963887833807783,0.0510189333718742,0.06502202601259044,0.94,normal,rotation,False,A
1768492800,0.22659,147886429,1.2093446296804122,0.015032409322851738,0.061259663184116686,0.928,normal,rotation,False,A
1768507200,0.22823,149537211,1.175605169911093,0.02581708321889581,0.07647877929492886,0.944,normal,rotation,False,A
1768521600,0.22725,150022363,1.1638644775108185,0.0035792951541847814,0.07898145725996075,0.952,normal,rotation,False,A
1768536000,0.22801,150581823,1.142321383921585,0.001236093943139772,0.08868309619806358,0.952,normal,rotation,False,A
1768550400,0.2256,151412646,1.160745714153934,0.02073794775114482,0.09556476809500247,0.96,normal,rotation,False,A
1768564800,0.22136,148746429,1.200967304968491,0.05090054815974928,0.07907354201658512,0.92,normal,rotation,False,A
1768579200,0.22302,150828801,1.2014291250216513,0.027745812555939223,0.0876443363930468,0.948,normal,rotation,False,A
1768593600,0.22594,151234403,1.114093773030435,0.021584529008109924,0.07929759590408958,0.956,normal,rotation,False,A
1768608000,0.22505,150361892,1.084295206593942,0.008805031446540965,0.06987318149284993,0.936,normal,rotation,False,A
1768622400,0.22547,150812523,0.9684653888899242,0.03401713840560911,0.060479137990371745,0.94,normal,rotation,False,A
1768636800,0.22679,150841281,0.8679881778912499,0.09575176454920777,0.05379295594992839,0.944,normal,rotation,False,A
1768651200,0.232,150795330,0.983003078327713,0.11020836063425515,0.032141872759372525,0.932,normal,rotation,False,A
1768665600,0.23504,148760692,0.9617885525507063,0.1755567063697567,0.019994752495612333,0.896,normal,rotation,False,A
1768680000,0.23078,147704692,0.9965572325169167,0.1474788323012768,0.013229635329795819,0.876,normal,rotation,False,A
1768694400,0.2292,145116785,0.9753945722622356,0.11035525321239609,-0.011714890809101708,0.804,normal,rotation,False,A
1768708800,0.22722,144229362,0.9816287771091405,0.06294760648322681,-0.02627951104122095,0.8,normal,rotation,False,A
1768723200,0.2262,146848657,0.8723269556101185,0.03306410903584068,-0.0029043891993425497,0.86,normal,rotation,False,A
1768737600,0.22456,148658477,0.8637980927593615,0.07075850978289987,0.008797406100550687,0.888,normal,rotation,False,A
1768752000,0.22574,149715285,0.8717203681986645,0.09527073337902708,0.01980434956438404,0.908,normal,rotation,False,A
1768766400,0.21792,146935397,1.0530351014203518,0.27676065749031203,-0.04469377702263122,0.852,normal,rotation,False,A
1768780800,0.21456,145354467,1.044240574114638,0.40467032967033023,-0.05171143406906853,0.788,normal,trend,False,B
1768795200,0.21342,149814338,1.0272909419074956,0.4121795741217964,-0.08146418915528963,0.908,normal,trend,False,B
1768809600,0.21474,146325877,1.0387725138428952,0.3448275862068975,-0.11990643980371452,0.824,normal,trend,False,B
1768824000,0.21604,145650965,1.0428407208872728,0.35234274251325454,-0.11437652042804258,0.792,normal,trend,False,B
1768838400,0.21876,144955776,1.055210624851649,0.26704298740772936,-0.10015951589952299,0.768,normal,trend,False,B
1768852800,0.21561,143061436,1.026965832677106,0.28766352510901705,-0.10577977187012044,0.732,normal,trend,False,B
1768867200,0.21462,144108114,1.0148695369026828,0.23132969034608417,-0.06320558757758077,0.756,normal,trend,False,B
1768881600,0.21305,143868600,0.9820673498415191,0.2840597378847918,-0.05402202883062768,0.752,normal,trend,False,B
1768896000,0.21119,142657466,0.9880206230106968,0.29796772265391563,-0.056418791452605754,0.712,normal,trend,False,B
1768910400,0.21167,143383947,0.9945079500881804,0.28265748915157884,-0.038365736491202895,0.736,normal,trend,False,B
1768924800,0.20875,142494022,1.001159500179613,0.27120705381575,-0.036463163229129014,0.7,normal,trend,False,B
1768939200,0.20686,143798662,0.8779489293871796,0.3236407693472665,-0.03837539139338364,0.748,normal,trend,False,B
1768953600,0.21165,142429673,0.9587957786972217,0.2233676975945017,-0.050610387999287854,0.692,normal,trend,False,B
1768968000,0.21298,143176635,0.9499342412457987,0.213463996591393,-0.04917717060710569,0.72,normal,rotation,False,A
1768982400,0.2102,142137428,0.9631255886174603,0.21757558632382012,-0.061257881986951035,0.672,normal,rotation,False,A
1768996800,0.21494,140310896,1.0636126930956058,0.09006734006734014,-0.056710826987315444,0.612,normal,rotation,False,A
1769011200,0.21543,139194586,1.0666347705916333,0.10825845100556239,-0.07713523493434127,0.564,normal,rotation,False,A
1769025600,0.21232,139698959,1.0843930982448085,0.19374110953058296,-0.07627526390275097,0.584,normal,rotation,False,A
1769040000,0.21334,137844838,1.083365569074675,0.16626437597614638,-0.08324618580883514,0.484,normal,rotation,False,A
1769054400,0.21526,141517040,0.924460875268412,0.14194355623522856,-0.06163601546537356,0.66,normal,rotation,False,A
1769068800,0.21353,141327013,0.8960728854433541,0.18330107824163644,-0.06307469637572227,0.648,normal,rotation,False,A
1769083200,0.21182,141788840,0.9035625308645612,0.29314352120859954,-0.059726584371014635,0.66,normal,rotation,False,A
1769097600,0.21281,139832692,0.9014493198846213,0.3328342566252431,-0.06001585418814803,0.572,normal,rotation,False,A
1769112000,0.2114,139310015,0.9024835104139675,0.30309665311229267,-0.05683419318866323,0.548,normal,rotation,False,A
1769126400,0.21284,138726381,0.8829021472029301,0.25642633228840095,-0.04403628429337103,0.508,normal,rotation,False,A
1769140800,0.21101,136676063,0.8603540907712459,0.254673998428908,-0.05237005069744394,0.42,normal,rotation,False,A
1769155200,0.21097,138960392,0.8593689981912941,0.24301898835168353,-0.05371697066320469,0.52,normal,rotation,False,A
1769169600,0.21307,139232752,0.8719381575052457,0.1820053857120226,-0.0634052305002425,0.54,normal,rotation,False,A
1769184000,0.21193,135214170,0.8660748736842181,0.21889364400063352,-0.09685794606743059,0.368,normal,rotation,False,A
1769198400,0.21199,134923971,0.8686183818035276,0.10717513103198952,-0.0817463065077505,0.348,normal,rotation,False,A
1769212800,0.21139,135433481,0.83211449588475,0.06030055164542513,-0.06825374001061835,0.372,compressed,rotation,False,A
1769227200,0.21074,136320579,0.8169005914913442,0.05145929339477694,-0.09006987702338609,0.404,compressed,rotation,False,A
1769241600,0.21163,136245024,0.7103486853268604,0.060212971926427244,-0.06889316644929455,0.4,compressed,rotation,False,A
1769256000,0.211,137657192,0.7044371716334733,0.0988622989407612,-0.05488307612654675,0.44,compressed,rotation,False,A
1769270400,0.21079,138855058,0.6658053376610319,0.16443160717969857,-0.04208675341091617,0.504,compressed,rotation,False,A
1769284800,0.21135,139496778,0.5227604539265639,0.09285091543156011,-0.024916973432309142,0.56,compressed,rotation,False,A
1769299200,0.2103,139901182,0.5252176617152472,0.09403569873748382,-0.02919288777868534,0.572,compressed,rotation,False,A
1769313600,0.20948,139914511,0.464667124693854,0.07899977871210406,-0.02748403056678106,0.58,compressed,rotation,False,A
1769328000,0.20982,142151147,0.4553091783390686,0.03137165101900571,-0.003549193843103926,0.672,compressed,rotation,False,A
1769342400,0.20756,144620828,0.4494372374699581,0.09042904290429028,0.008626356198717211,0.764,compressed,rotation,False,A
1769356800,0.20153,149730044,0.6663009201456513,0.14868204283360767,0.05078123207161633,0.904,compressed,rotation,False,A
1769371200,0.20317,150647014,0.6869614462990383,0.07638170151107412,0.047624587772590043,0.928,compressed,rotation,False,A
1769385600,0.20587,148918630,0.731640500844219,0.12505408913890081,0.04555902476866591,0.88,compressed,rotation,False,A
1769400000,0.20745,149131529,0.7465266339629711,0.11900150634818153,0.041591241475957386,0.884,compressed,rotation,False,A
1769414400,0.20712,148435153,0.734342370106283,0.06996819627442057,0.04430729533110722,0.86,compressed,rotation,False,A
1769428800,0.20906,146846338,0.7449824318730526,0.14264919941775797,0.04657829282196313,0.82,compressed,rotation,False,A
1769443200,0.20619,147201338,0.7835494894632409,0.21192660550458683,0.057522007357383886,0.828,compressed,rotation,False,A
1769457600,0.20718,146790359,0.7636775532666255,0.12391513982642238,0.05076201033108618,0.804,compressed,rotation,False,A
1769472000,0.20779,146283797,0.7637229949748889,0.13513513513513495,0.06122071107225646,0.788,compressed,rotation,False,A
1769486400,0.2065,145819225,0.7702260851010259,0.2166172106824927,0.030400473328158872,0.764,compressed,rotation,False,A
1769500800,0.2062,145825865,0.7770402511887912,0.18790053832350667,0.03183292354731937,0.764,compressed,rotation,False,A
1769515200,0.20662,147005820,0.7857574166317346,0.13785790031813366,0.036794010022227486,0.824,compressed,rotation,False,A
1769529600,0.20595,146095107,0.7825679316952199,0.1834224598930479,0.044785056415848734,0.776,compressed,rotation,False,A
1769544000,0.20844,146717790,0.8233644719808025,0.07692307692307726,0.05317474841991787,0.796,compressed,rotation,False,A
1769558400,0.20747,145780553,0.829376780793234,0.14127861089187066,0.05084953524448976,0.74,compressed,rotation,False,A
1769572800,0.20881,145314692,0.8394101993279369,0.058635394456290055,0.06320513490354207,0.712,compressed,rotation,False,A
1769587200,0.21164,146327219,0.8758247345132852,0.01662118580997278,0.05301386167649835,0.784,normal,rotation,False,A
1769601600,0.20814,144747513,0.9319511546619494,0.11819707504195665,0.03960821660696623,0.696,normal,rotation,False,A
1769616000,0.20863,145297388,0.9347408171467017,0.08037018996590335,0.07457219905280632,0.704,normal,rotation,False,A
1769630400,0.21032,146268153,0.9247075056418879,0.03911923167018043,0.08407832882416422,0.772,normal,rotation,False,A
1769644800,0.20648,145890944,0.8051541186280362,0.10690180709775728,0.07721475459971372,0.756,compressed,rotation,False,A
1769659200,0.20611,145728104,0.796522321434794,0.10142387732749211,0.0690103069471264,0.72,compressed,rotation,False,A
1769673600,0.20376,145862513,0.7941311405604664,0.16705582678836775,0.07058965324120758,0.752,compressed,rotation,False,A
1769688000,0.19746,145405711,0.9799055263013204,0.25653656688139415,0.05628851560476411,0.696,normal,rotation,True,C
1769702400,0.1971,143803553,0.9826605031485449,0.25864349140374066,0.035637844751755354,0.648,normal,rotation,True,C
1769716800,0.19856,143620129,0.9757706600477551,0.23759985138398687,0.029558754396463494,0.632,normal,rotation,True,C
1769731200,0.19318,146018394,1.0695590860090605,0.294360385144429,0.04372523457307165,0.756,normal,rotation,True,C
1769745600,0.19415,146301197,1.0702199720795602,0.262905162064826,0.045647059439031246,0.776,normal,rotation,True,C
1769760000,0.19516,146443375,1.0762476356971646,0.2485588335028823,0.03019481791448375,0.784,normal,rotation,True,C
1769774400,0.19353,149041909,1.0795188689147266,0.24044558697514967,0.030570154113624737,0.876,normal,rotation,True,C
1769788800,0.19472,148884920,1.094434234634986,0.12726593160156946,-0.0056443181169438805,0.868,normal,rotation,True,C
1769803200,0.19181,152391880,1.1141923257980908,0.20737495436290584,0.011582479822666691,0.964,normal,rotation,True,C
1769817600,0.19187,151995901,1.1169285619960563,0.26850786344457206,0.020664110326558793,0.956,normal,rotation,True,C
1769832000,0.18877,152483907,1.095491755970066,0.348117778606038,0.02247933768586252,0.964,normal,rotation,True,C
1769846400,0.18587,149563390,1.1143046302506483,0.3779121465409922,0.007600874706546135,0.88,normal,trend,True,C
1769860800,0.17933,142549994,1.2305890187772135,0.48873910899227346,-0.02925741328326481,0.552,normal,trend,True,C
1769875200,0.1744,140493588,1.2113099432622183,0.5054857688026713,-0.04556853960118212,0.46,normal,trend,True,C
1769889600,0.18079,144962676,1.4898028250768784,0.3864401815785617,-0.012450974385858626,0.64,expanded,trend,True,C
1769904000,0.1806,146853300,1.482741601195541,0.40061883011639865,0.003893137939261937,0.792,expanded,trend,True,C
1769918400,0.18137,146949429,1.468942181090486,0.37312546399406055,0.007750720112522869,0.796,expanded,trend,True,C
1769932800,0.17858,147133707,1.4613195109456774,0.39547537227949586,0.008968518719227214,0.8,expanded,trend,True,C
1769947200,0.17373,147206897,1.5078051363729237,0.44284367847044553,0.0013678165939281506,0.804,expanded,trend,True,C
1769961600,0.17542,145281852,1.544299711352839,0.40549873821224586,-0.0055666135348393375,0.628,expanded,trend,True,C
1769976000,0.17487,145641358,1.4622344874745952,0.4576687116564414,-0.007336751732697211,0.656,expanded,trend,True,C
1769990400,0.17363,146578222,1.4474474104021193,0.45965770171149106,0.00547171061972862,0.744,expanded,trend,True,C
1770004800,0.17437,148845518,1.4251351030221964,0.4716516023007395,0.02429779089371098,0.848,expanded,trend,True,C
1770019200,0.17731,150625728,1.422435809953306,0.469437987146178,0.029376004200558192,0.912,expanded,trend,True,C
1770033600,0.18183,146613306,1.5190460860285333,0.35482130815913693,0.012889983125305982,0.736,expanded,trend,True,C
1770048000,0.17992,146333439,1.5119500200642715,0.37991266375545885,0.0071305548865063795,0.724,expanded,trend,True,C
1770062400,0.17859,146379989,1.5075949721087594,0.4218853875814389,0.0007645956943205245,0.724,expanded,trend,True,C
1770076800,0.17804,142709576,1.4913294596223612,0.39543937708565086,-0.02180648032546828,0.504,expanded,trend,True,C
1770091200,0.17785,142205902,1.4752383099713924,0.39392249790911626,-0.024169682465641662,0.468,expanded,trend,True,C
1770105600,0.17585,141404333,1.4772861848692564,0.3909511136013448,-0.030564261565958373,0.436,expanded,trend,True,C
1770120000,0.17884,147099875,1.5040951654090609,0.2735017626321976,0.011651289267448295,0.784,expanded,trend,True,C
1770134400,0.17574,148434245,1.505057530393037,0.30160971476983917,0.03220151312951214,0.824,expanded,trend,True,C
1770148800,0.17561,151607705,1.3541535211947766,0.3302633472442079,0.05561599237945258,0.948,expanded,trend,True,C
1770163200,0.17757,150097141,1.2524602955615656,0.23626456788254863,0.027933104099199912,0.896,normal,trend,True,C
1770177600,0.17744,149223144,1.0420973386347123,0.2561704737084164,0.019972133242354806,0.856,normal,trend,True,C
1770192000,0.17526,149352373,1.061206672650763,0.29969879518072295,0.01986431957061896,0.86,normal,trend,True,C
1770206400,0.1696,152442081,1.1968475790017747,0.3397699843816557,0.022813529582474734,0.96,normal,trend,True,C
1770220800,0.17408,154149198,1.2836241601457186,0.27997829625610404,0.035358033573850145,0.976,normal,trend,True,C
1770235200,0.17124,158504811,1.2168981009849584,0.27929395790902917,0.04011323306727377,0.98,normal,trend,True,C
1770249600,0.16529,165116875,1.3479237219008213,0.3341714860447575,0.08632452529098145,0.996,expanded,trend,True,C
1770264000,0.16375,169981282,1.3499206790701712,0.3208515003847139,0.11474899446274023,1.0,expanded,trend,True,C
1770278400,0.15977,172899284,1.4014955699038112,0.3301290159372629,0.15602677901323303,1.0,expanded,trend,True,C
1770292800,0.15432,177250644,1.493680549805285,0.32076439656278033,0.2434279302740623,1.0,expanded,trend,True,C
1770307200,0.14952,182199637,1.4943984741019347,0.3196300102774924,0.2968537539236311,1.0,expanded,trend,True,C
1770321600,0.14688,188370584,1.3554007135468848,0.457686597381563,0.29944196118454647,1.0,expanded,trend,True,C
1770336000,0.15183,181307996,1.564928614538466,0.3648700063411544,0.23461982808694115,0.992,expanded,trend,True,C
1770350400,0.15171,179142087,1.56464445220777,0.37928388746803077,0.21907303906570474,0.988,expanded,trend,True,C
1770364800,0.1574,180192015,1.7532295386679346,0.26115906288532664,0.22468208457495065,0.988,expanded,trend,True,C
1770379200,0.16549,172420334,2.0188463511586083,0.09769978657813615,0.171278910933093,0.972,expanded,rotation,True,C
1770393600,0.16389,168892255,2.013349552641453,0.1368545994065281,0.16251446877205278,0.964,expanded,rotation,True,C
1770408000,0.16402,165281030,1.9749788520578182,0.12942860551115362,0.13484955283100275,0.956,expanded,rotation,True,C
1770422400,0.16301,165162907,1.95743328386812,0.1270334928229668,0.12679021990047068,0.952,expanded,rotation,True,C
1770436800,0.15859,166867107,1.994507964006382,0.1807974335472044,0.12107579215116182,0.96,expanded,rotation,True,C
1770451200,0.15639,170150760,1.9683517081054238,0.24173792465911725,0.1296261419563065,0.968,expanded,rotation,True,C
1770465600,0.15985,169040900,2.0253828515329593,0.2571361722040245,0.1529710679875127,0.96,expanded,rotation,True,C
1770480000,0.16162,168074079,2.0400031740008386,0.21443637215842498,0.14856918656849172,0.952,expanded,rotation,True,C
1770494400,0.16172,166533968,1.966000503391567,0.20057068125074312,0.1376826104283968,0.944,expanded,rotation,True,C
1770508800,0.16029,164946149,1.8888281298538805,0.20884809977644453,0.15581696493863872,0.924,expanded,rotation,True,C
1770523200,0.16051,164713579,1.8731156331974494,0.20395201129146073,0.15827526624035615,0.92,expanded,rotation,True,C
1770537600,0.16377,163630978,1.8161094628845642,0.14000927213722772,0.15718503477541956,0.912,expanded,rotation,True,C
1770552000,0.16176,162954649,1.8193742922283402,0.20023446658851124,0.10778237574980953,0.904,expanded,rotation,True,C
1770566400,0.16347,161672095,1.773914695957207,0.14622810153736143,0.08918326091125395,0.9,expanded,rotation,True,C
1770580800,0.16135,161864541,1.67022169865329,0.16600698486612328,0.06765379107875824,0.9,expanded,rotation,True,C
1770595200,0.16331,161621791,1.5531544722187718,0.16600698486612328,0.07678127593383,0.892,expanded,rotation,True,C
1770609600,0.16025,161402202,1.5538139776977509,0.1935157041540018,0.08161641467626501,0.888,expanded,rotation,True,C
1770624000,0.15691,159673721,1.5178939086260173,0.203911545727303,0.06910735860889194,0.876,expanded,rotation,True,C
1770638400,0.1594,160011934,1.5314270400373158,0.11748445058742238,0.049657239984804535,0.88,expanded,rotation,True,C
1770652800,0.16139,158612612,1.4066267355311348,0.1504802561366062,0.02895515551109118,0.868,expanded,rotation,True,C
1770667200,0.15948,159188844,1.105740793834461,0.14100719424460417,0.004315534624371731,0.868,normal,rotation,True,C
1770681600,0.15791,159140659,1.1013702341081237,0.09339407744874709,-0.036193853596127035,0.864,normal,rotation,True,C
1770696000,0.15676,158991952,1.099435736022838,0.08889736741701632,-0.06465023601833997,0.86,normal,rotation,True,C
1770710400,0.15571,159847799,1.094699508586046,0.05363276089828277,-0.07548605580113332,0.872,normal,rotation,True,C
1770724800,0.15923,164001974,1.070492171893946,0.06655822149925433,-0.07474539838625349,0.912,normal,rotation,True,C
1770739200,0.15715,164890038,1.0642485940015391,0.10738916256157663,-0.09500347687300825,0.92,normal,rotation,True,C
1770753600,0.15844,166328646,1.003571307993414,0.165853658536585,-0.11701369466476785,0.94,normal,rotation,False,A
1770768000,0.15698,163923337,0.9927813336203939,0.07778281226400861,-0.09588467901878961,0.9,normal,rotation,False,A
1770782400,0.15386,163990782,1.0368076426438377,0.031064875018060715,-0.08457702627970387,0.9,normal,rotation,False,A
1770796800,0.15397,164515592,1.030224268430381,0.05390539053905408,-0.08699843331015533,0.908,normal,rotation,False,A
1770811200,0.15134,163060086,1.0518034849902202,0.2432525356713077,-0.0542873788888496,0.88,normal,rotation,False,A
1770825600,0.15399,162492543,1.028924076503665,0.16717325227963528,-0.037892276350978915,0.872,normal,rotation,False,A
1770840000,0.15457,163479775,1.0203755810979245,0.1583710407239813,-0.010898135133838416,0.884,normal,rotation,False,A
1770854400,0.1564,162858024,1.0238960530354249,0.10927426020829828,-0.013955209688819581,0.868,normal,rotation,False,A
1770868800,0.15885,163147618,1.0443229089541657,0.004442925495556765,-0.02229012695713606,0.88,normal,rotation,False,A
1770883200,0.16022,162709322,1.0323993574274122,0.0663893222395561,-0.04373438002862873,0.86,normal,rotation,False,A
1770897600,0.16067,162430069,0.9864903318961322,0.01499634235552328,-0.039107878625823655,0.852,normal,rotation,False,A
1770912000,0.15625,161692397,1.027867999699383,0.09366823652537941,-0.03796945988322209,0.844,normal,rotation,False,A
1770926400,0.15629,164518344,0.9913874005316169,0.09481403876375023,-0.012103380614818526,0.908,normal,rotation,False,A
1770940800,0.15614,166338065,0.964766410328725,0.07412037863904225,0.008438608651603063,0.94,normal,rotation,False,A
1770955200,0.15574,167148479,0.9490680598721327,0.08492077621506165,0.014782630641521077,0.948,normal,rotation,False,A
1770969600,0.15784,166617851,0.9649151976260003,0.10779858207598568,0.018253713548054495,0.94,normal,rotation,False,A
1770984000,0.16183,165382589,1.03040224415058,0.0012282856641518565,0.014899482861639557,0.92,normal,rotation,False,A
1770998400,0.16463,164404406,1.0494004393297096,0.019972451790633467,0.016900325315880815,0.88,normal,rotation,False,A
1771012800,0.16446,162998748,0.9992961023288844,0.055407090682344465,0.0070071369120925375,0.844,normal,rotation,False,A
1771027200,0.16653,161197916,0.984875267220551,0.05725462304409661,-0.0026226352113620788,0.8,normal,rotation,False,A
1771041600,0.16691,159527542,0.9846408403215942,0.12434652725914835,-0.011614835341589691,0.776,normal,rotation,False,A
1771056000,0.17016,156446054,0.9994547412736652,0.24780250607817442,-0.020214140309287365,0.748,normal,rotation,False,A
1771070400,0.17148,155254847,0.9113182186429,0.23097514340344139,-0.0297295762952281,0.744,normal,rotation,False,A
1771084800,0.1759,156115035,0.9636164878510466,0.26511967842134065,-0.01574639600538197,0.744,normal,rotation,False,A
1771099200,0.17435,156484229,0.9146816862453676,0.27349641346330644,-0.016989978267572536,0.748,normal,rotation,False,A
1771113600,0.17599,154681954,0.8995236765454118,0.33210874357090353,-0.028017384293978598,0.732,normal,rotation,False,A
1771128000,0.18336,153487551,1.0579477303869562,0.43850972634355345,-0.03462062658366505,0.716,normal,trend,False,B
1771142400,0.17585,154015792,1.3378082155153588,0.30005959475566163,-0.03648475009655905,0.724,expanded,trend,False,B
1771156800,0.17287,153830942,1.3771812758750013,0.204866326224091,-0.06201774132304039,0.716,expanded,trend,False,B
1771171200,0.16811,152766411,1.4708682037475767,0.15824429685244001,-0.07352552735781404,0.7,expanded,rotation,False,A
1771185600,0.17015,152544227,1.4793436490789824,0.16726181974003707,-0.08287459395298635,0.696,expanded,rotation,False,A
1771200000,0.16888,153265924,1.3951551956769679,0.17043826983672286,-0.06501461716826806,0.7,expanded,rotation,False,A
1771214400,0.16823,154186088,1.3997800483755967,0.21336302895322923,-0.0597880800397671,0.728,expanded,rotation,False,A
1771228800,0.16895,154130413,1.3975100192971823,0.22042377869334887,-0.06312580390556533,0.72,expanded,rotation,False,A
1771243200,0.16691,156510986,1.418694566128863,0.23111177081787143,-0.04016372222445652,0.752,expanded,rotation,False,A
1771257600,0.16767,154683741,1.4086033220318068,0.20891875381795996,-0.0480563714237644,0.732,expanded,rotation,False,A
1771272000,0.1696,154640240,1.3660286241817656,0.22489899745623204,-0.05407112286519844,0.724,expanded,rotation,False,A
1771286400,0.16794,154445370,1.3549222695016372,0.17311731173117303,-0.05165636788028327,0.72,expanded,rotation,False,A
1771300800,0.16713,155385470,1.3579469126963837,0.12734543217471558,-0.04757745221876297,0.736,expanded,rotation,False,A
1771315200,0.16557,155657217,1.3520048691678022,0.08204263149823635,-0.04334173920287121,0.736,expanded,rotation,False,A
1771329600,0.16583,156899090,1.3516749885902455,0.07936019686250378,-0.03405144770331903,0.752,expanded,rotation,False,A
1771344000,0.16678,154897973,1.3139503939994255,0.17108042242079624,-0.04202067707611512,0.72,expanded,rotation,False,A
1771358400,0.16564,157218563,1.3083073809404673,0.14924181963288102,-0.04437062045798368,0.752,expanded,rotation,False,A
1771372800,0.16617,158232924,1.2262049137459392,0.15913057274313835,-0.04872691647579286,0.752,normal,rotation,False,A
1771387200,0.16899,156718798,1.262174329569998,0.20244461420932033,-0.06239770210532403,0.74,normal,rotation,False,A
1771401600,0.16558,155870646,1.2832679439574497,0.11593768723786702,-0.06450212228460439,0.72,normal,rotation,False,A
1771416000,0.16712,155257444,1.062302339254555,0.08225781371481874,-0.061222557109684606,0.708,normal,rotation,False,A
1771430400,0.16199,155884355,0.9679166826601655,0.039615846338535494,-0.051823738835807154,0.72,normal,rotation,False,A
1771444800,0.16125,155246220,0.9452548095743131,0.04776074988840937,-0.04756188679436968,0.696,normal,rotation,False,A
1771459200,0.16171,158162098,0.8533756652364309,0.07347560975609795,-0.018832861337984008,0.748,normal,rotation,False,A
1771473600,0.16176,159040565,0.8212333298546649,0.0789030182319599,-0.003052620217767754,0.764,compressed,rotation,False,A
1771488000,0.15943,160432905,0.8427594005570426,0.16674436674436727,0.025483870625461646,0.792,compressed,rotation,False,A
1771502400,0.15865,162114851,0.8439883229597644,0.20106566368907697,0.044185441759509114,0.82,compressed,rotation,False,A
1771516800,0.1594,162691433,0.8464776531109834,0.2743598270701705,0.04212533405254648,0.828,compressed,rotation,False,A
1771531200,0.1589,162826500,0.8325827141564857,0.2614655610086315,0.04052977760461718,0.832,compressed,rotation,False,A
1771545600,0.15988,162847466,0.8387180924812014,0.2757145302070865,0.05278904092457992,0.832,compressed,rotation,False,A
1771560000,0.1607,162720711,0.8169261191018873,0.4367771781033164,0.06015575816959906,0.824,compressed,trend,False,B
1771574400,0.16104,163991437,0.8106065363836914,0.3312458063073154,0.0647702736872593,0.872,compressed,trend,False,B
1771588800,0.16368,164746738,0.8645029153247654,0.2071219292314636,0.0709596902812959,0.896,normal,trend,False,B
1771603200,0.16187,164264472,0.8699100376216546,0.150651859005312,0.07526563545438014,0.872,normal,rotation,False,A
1771617600,0.1626,165205374,0.8739500071443692,0.18823236100723104,0.08299984371089963,0.912,normal,rotation,False,A
1771632000,0.16187,165173442,0.867592100753883,0.17715440990649542,0.07769188146479311,0.908,normal,rotation,False,A
1771646400,0.16168,165316105,0.8624473861651557,0.16747634875990877,0.07218561119470124,0.916,normal,rotation,False,A
1771660800,0.16289,164653308,0.8717302387194638,0.15303030303030324,0.06827267114375402,0.876,normal,rotation,False,A
1771675200,0.16316,164586119,0.8156272036121728,0.0991276764472646,0.051594672082635684,0.872,compressed,rotation,False,A
1771689600,0.16252,164709897,0.748791630019858,0.13656854945637867,0.06481712903491266,0.876,compressed,rotation,False,A
1771704000,0.16088,164528832,0.741330082264067,0.23303046499198402,0.06394578797860118,0.864,compressed,rotation,False,A
1771718400,0.15575,168260088,0.7557347805049552,0.29811689899731114,0.08944727834832467,0.952,compressed,rotation,False,A
1771732800,0.15571,172871647,0.7547904656015008,0.2846460618145577,0.11253418353723799,0.972,compressed,rotation,False,A
1771747200,0.15647,168556975,0.7591476157087952,0.231434384537132,0.0828728551661051,0.948,compressed,rotation,False,A
1771761600,0.15428,167052640,0.7859137754185018,0.2800000000000012,0.064713887123246,0.932,compressed,rotation,False,A
1771776000,0.1552,160626161,0.7671402187702585,0.28093158660844375,0.036980393539429945,0.716,compressed,rotation,False,A
1771790400,0.15491,160038063,0.7646742074453164,0.2657914292791691,0.01793363293875161,0.708,compressed,rotation,False,A
1771804800,0.15076,162020219,0.8703938329072698,0.35030688792907627,0.02393493657489376,0.744,normal,trend,False,B
1771819200,0.15316,161018237,0.9239656470122223,0.3633233876520558,0.027434098875617874,0.712,normal,trend,False,B
1771833600,0.15595,161453726,0.9742382351423365,0.22421420256111835,0.03581867492869706,0.724,normal,trend,False,B
1771848000,0.15297,162080252,1.0090632190049726,0.3187654877224608,0.04394512639278014,0.744,normal,trend,False,B
1771862400,0.15044,162091043,1.0302327482305669,0.27638190954773956,0.03981597768422618,0.744,normal,trend,False,B
1771876800,0.1512,161308984,0.9837749035035859,0.2403731164793118,0.03905257081299629,0.708,normal,trend,False,B
1771891200,0.15019,162804069,0.9771497113992451,0.2719546742209637,0.02934945261032129,0.768,normal,trend,False,B
1771905600,0.14917,162265241,0.9674364628586725,0.2905608123701826,0.020275808250555416,0.744,normal,trend,False,B
1771920000,0.14915,164176172,0.9699063205026807,0.25060945880058516,0.023332289594830913,0.824,normal,trend,False,B
1771934400,0.15032,165576772,0.9890875773426961,0.20115914030427468,0.021354743125908904,0.904,normal,rotation,False,A
1771948800,0.15071,165378376,0.9764354215336112,0.21169305724725898,0.01651557768256917,0.896,normal,rotation,False,A
1771963200,0.14951,164056446,0.973677395135716,0.22491017964071874,0.007553721292295812,0.812,normal,rotation,False,A
1771977600,0.15308,166770039,1.0790889945861064,0.15336039693279202,0.024087405818153718,0.924,normal,rotation,False,A
1771992000,0.153,166686876,1.0723763649339693,0.17660550458715624,0.02437406385226515,0.92,normal,rotation,False,A
1772006400,0.15481,166306335,0.9617041017358594,0.13822942090082055,0.014115968750246344,0.9,normal,rotation,False,A
1772020800,0.16173,168084196,1.2095158782626079,0.03951367781154971,0.020258112788855254,0.94,normal,rotation,False,A
1772035200,0.1662,164379602,1.2810058039067065,0.08325322053451202,0.0007008819289906487,0.812,normal,rotation,False,A
1772049600,0.16263,169217786,1.3165272705849436,0.0005469462169553733,0.024287418156264007,0.956,expanded,rotation,False,A
1772064000,0.16339,165886098,1.3157582396580083,0.0276967930029153,0.004314591930584033,0.888,expanded,rotation,False,A
1772078400,0.16255,165349076,1.3201262131955416,0.015667206915181142,0.00019944215356382244,0.872,expanded,rotation,True,C
1772092800,0.16342,163928532,1.2143155772415362,0.009603188983511547,-0.004401830784960592,0.772,normal,rotation,True,C
1772107200,0.16216,159947825,1.2110075980052035,0.017799928800284796,-0.02818156250467274,0.632,normal,rotation,True,C
1772121600,0.16112,157588417,1.1897590862575012,0.024743725698126252,-0.04323650326853157,0.584,normal,rotation,True,C
1772136000,0.16213,155413362,1.1332896010480662,0.022341376228775703,-0.05540348089263769,0.54,normal,rotation,False,A
1772150400,0.16303,154532577,1.08033170737857,0.1407579273008508,-0.08158506965716072,0.504,normal,rotation,False,A
1772164800,0.16594,155173258,1.1041215222448224,0.1873969591500277,-0.10237878395408584,0.52,normal,rotation,False,A
1772179200,0.15946,152077181,1.3203783107281575,0.049577184546509556,-0.0977698727685401,0.444,expanded,rotation,False,A
1772193600,0.16004,149024440,1.309129213514944,0.09812606473594522,-0.10791927622335096,0.372,expanded,rotation,False,A
1772208000,0.15732,151076104,1.3529073692849525,0.03504132231404929,-0.059455178039148904,0.432,expanded,rotation,False,A
1772222400,0.1587,149320922,1.3511225725834233,0.06153596363045971,-0.06696620040946133,0.388,expanded,rotation,False,A
1772236800,0.15801,148729301,1.3537225112193723,0.12472045415448135,-0.08203246534310638,0.356,expanded,rotation,False,A
1772251200,0.15108,146849405,1.5556106255187667,0.033195020746887904,-0.08799520019586349,0.308,expanded,rotation,False,A
1772265600,0.14833,150150060,1.5296731557527858,0.12168636218460568,-0.07001180016124253,0.42,expanded,rotation,False,A
1772280000,0.15153,149292164,1.573511396589158,0.02291534054742195,-0.0788997292526421,0.388,expanded,rotation,False,A
1772294400,0.1551,150839706,1.6088695536659503,0.07294927989981205,-0.06941368746698728,0.428,expanded,rotation,False,A
1772308800,0.15879,149196270,1.4794041575796015,0.1136057476425682,-0.07509013881086746,0.376,expanded,rotation,False,A
1772323200,0.16229,147258362,1.4451532826189342,0.17460317460317454,-0.09548721414327799,0.332,expanded,rotation,False,A
1772337600,0.16076,147672112,1.4030057048604911,0.16602205987680824,-0.089933795494748,0.336,expanded,rotation,False,A
1772352000,0.15733,144757781,1.4387839252303607,0.11171810980606377,-0.11827776688568425,0.176,expanded,rotation,False,A
1772366400,0.15785,145734824,1.4388999560965823,0.10376188507647759,-0.11983533535730484,0.22,expanded,rotation,False,A
1772380800,0.15421,144465892,1.4746405868839239,0.04616196254286472,-0.1264523482804064,0.168,expanded,rotation,False,A
1772395200,0.1541,146498308,1.4668392390351777,0.06142111601766335,-0.10702498090200008,0.284,expanded,rotation,False,A
1772409600,0.156,148967197,1.477948207883808,0.03996715028743504,-0.10675084149857395,0.368,expanded,rotation,False,A
1772424000,0.15291,149536444,1.4961333874529992,0.0011831208097805531,-0.10289011595609965,0.4,expanded,rotation,False,A
1772438400,0.15338,150087390,1.4876981576818473,0.01913555466345529,-0.09752451703057496,0.408,expanded,rotation,False,A
1772452800,0.16021,151299472,1.6332121708700167,0.020364415862808422,-0.09985902541366831,0.432,expanded,rotation,False,A
1772467200,0.1584,152433842,1.512555561783885,0.1083634342873016,-0.07267179050597772,0.448,expanded,rotation,False,A
1772481600,0.15562,153548715,1.5352197558561875,0.09846888607950531,-0.09259706896295172,0.472,expanded,rotation,False,A
1772496000,0.1528,152551831,1.5380801072169799,0.14457337883959054,-0.08038206432464279,0.456,expanded,rotation,False,A
1772510400,0.15252,154716944,1.525163616372149,0.13798321639840422,-0.06430112739184579,0.512,expanded,rotation,False,A
1772524800,0.15071,156445767,1.5281792014963838,0.17261985603694138,-0.045646507711055495,0.556,expanded,rotation,False,A
1772539200,0.15073,158493641,1.3452066449221707,0.15789473684210517,-0.009091614718737207,0.592,expanded,rotation,False,A
1772553600,0.15134,157879005,1.3060087113443823,0.1359088382434687,0.0018439680119384239,0.58,expanded,rotation,False,A
1772568000,0.15145,158764995,1.2614967212520298,0.15029552490852785,0.021565925586243928,0.6,normal,rotation,False,A
1772582400,0.15071,159359950,1.197517638692552,0.17376586741889977,0.031238545902201542,0.616,normal,rotation,False,A
1772596800,0.15185,159135170,1.131506014399803,0.20381889194271643,0.02553218287135528,0.604,normal,rotation,False,A
1772611200,0.15451,158095910,1.1085320881545453,0.07579237482774433,0.039576805411720484,0.568,normal,rotation,False,A
1772625600,0.16035,159470388,1.2599846350335313,0.00439280147371411,0.0700955360073825,0.616,normal,rotation,False,A
1772640000,0.16343,161239651,1.2408122881387715,0.08614126603693789,0.06727435200473542,0.656,normal,rotation,False,A
1772654400,0.1595,154328279,1.3013155162666712,0.010887316276537773,0.03353419556303039,0.452,expanded,rotation,False,A
1772668800,0.15815,149654169,1.2455594365202742,0.001888319395737811,0.0062184653177386195,0.34,normal,rotation,False,A
1772683200,0.15779,147032423,1.2431523343857556,0.09930442504069895,0.0012462971845204063,0.244,normal,rotation,False,A
1772697600,0.15949,147478047,1.237834610748727,0.16776909200240556,-0.01779561726448864,0.264,normal,rotation,False,A
1772712000,0.15667,148139857,1.2279702687671665,0.07771394012700354,-0.007718469403390826,0.268,normal,rotation,False,A
1772726400,0.15644,148246310,1.22659255175448,0.02133757961783455,-0.01719305923335601,0.268,normal,rotation,False,A
1772740800,0.15673,150157091,1.0145740436927286,0.03468013468013436,0.00643998003435331,0.356,normal,rotation,False,A
1772755200,0.15893,150138781,1.0250745220677828,0.05783132530120495,0.019560308568419282,0.348,normal,rotation,False,A
1772769600,0.15907,149792577,0.983529871958142,0.02980074061012167,0.01435927861585684,0.336,normal,rotation,False,A
1772784000,0.1567,147128021,0.9686797844675642,0.011320754716981005,0.016373834854514602,0.224,normal,rotation,False,A
1772798400,0.15162,146448410,1.1007237784711497,0.1034711841886729,0.004896468671070631,0.172,normal,rotation,False,A
1772812800,0.15148,148587200,1.0832527255252695,0.048139657908658325,0.028527896397857022,0.264,normal,rotation,False,A
1772827200,0.1522,152630642,1.0813508328316896,0.033147243545010266,0.04185941860843889,0.412,normal,rotation,False,A
1772841600,0.15225,153221050,1.0737470007781282,0.06760411032990826,0.028555635641046573,0.416,normal,rotation,False,A
1772856000,0.15173,149958163,1.0709857350727703,0.022306238185255,0.002820175394835589,0.328,normal,rotation,False,A
1772870400,0.15165,149125615,1.06247414432306,0.03294610550371331,-0.006408099974288262,0.28,normal,rotation,False,A
1772884800,0.15059,149859314,1.055091731726237,0.20581942661531916,-0.009518592371558277,0.324,normal,rotation,False,A
1772899200,0.14963,153966787,1.010495431433384,0.19110917411200748,0.010056461084278157,0.432,normal,rotation,False,A
1772913600,0.15034,153961142,0.8202412638150757,0.12049292560474724,0.0026859684237670045,0.428,compressed,rotation,False,A
1772928000,0.14874,155335757,0.7492239700187102,0.09530516431924874,0.018249050055649585,0.496,compressed,rotation,False,A
1772942400,0.14985,156689176,0.703436936691088,0.06147824084734028,0.012747356230097262,0.536,compressed,rotation,False,A
1772956800,0.15,157830058,0.7007318674638212,0.016997845343548455,0.008848376191603835,0.552,compressed,rotation,False,A
1772971200,0.14879,157799541,0.705310994081916,0.04515828677839862,-0.004379355509915972,0.548,compressed,rotation,False,A
1772985600,0.14985,158134738,0.6910507416244612,0.0343238885049527,0.0016198037224772754,0.56,compressed,rotation,False,A
1773000000,0.14804,158893649,0.6678454647111001,0.07559299490135243,0.0008103423553786904,0.584,compressed,rotation,False,A
1773014400,0.15031,157726835,0.7193876793154856,0.008576329331046587,-0.010247963807719529,0.536,compressed,rotation,False,A
1773028800,0.14905,162214265,0.7227630713245932,0.05988023952095879,0.019348928335577886,0.7,compressed,rotation,False,A
1773043200,0.14928,164368544,0.6796954846257527,0.11797879539815087,0.039676130774034535,0.796,compressed,rotation,False,A
1773057600,0.15023,164710145,0.6918355163921988,0.25659229208924994,0.03285724118260758,0.828,compressed,rotation,False,A
1773072000,0.15204,164260732,0.6978071740777129,0.29840188629814024,0.018736588557860312,0.784,compressed,rotation,False,A
1773086400,0.15059,163519227,0.5173087118191407,0.2496497618380505,0.059554529212368035,0.748,compressed,rotation,False,A
1773100800,0.15334,161615868,0.5846008364851841,0.12968455109193902,0.07992893936686785,0.648,compressed,rotation,False,A
1773115200,0.15618,161139471,0.6389646088262745,0.04068738943644182,0.09594515081887756,0.624,compressed,rotation,False,A
1773129600,0.16056,163759191,0.7481942204804013,0.02532544378698264,0.1103970681141444,0.752,compressed,rotation,False,A
1773144000,0.16546,162672725,0.8435330885560667,0.1982855853823596,0.0981023493225055,0.692,compressed,rotation,False,A
1773158400,0.1605,161388221,0.987195265807593,0.08275580921320859,0.08864916098080289,0.628,normal,rotation,False,A
1773172800,0.15849,160643632,0.998191141682547,0.03465931469082288,0.06983713476441822,0.604,normal,rotation,False,A
1773187200,0.15668,158992452,1.009307098719785,0.044651716610438125,0.05896991397579021,0.544,normal,rotation,False,A
1773201600,0.15602,155087702,1.0112322430966694,0.05990964447063445,0.03534971562709677,0.404,normal,rotation,False,A
1773216000,0.15726,152613271,0.9956340366737448,0.011249497790277322,0.037282157149384876,0.316,normal,rotation,False,A
1773230400,0.15933,148164633,1.0017360405771911,0.1648492623476587,0.01171895959812752,0.156,normal,rotation,False,A
1773244800,0.15982,147937028,0.9997483664344338,0.17699490662139203,-0.004375693195645347,0.148,normal,rotation,False,A
1773259200,0.15919,150234791,0.9910489525918253,0.14862853497767387,-0.015697051185829425,0.26,normal,rotation,False,A
1773273600,0.15736,148529381,1.011001454629095,0.10469166154476556,-0.03062026399114226,0.16,normal,rotation,False,A
1773288000,0.15837,146531094,0.9869642899171576,0.13468559837728214,-0.022853500812756722,0.084,normal,rotation,False,A
1773302400,0.1596,145679332,0.9728027814640939,0.15758176412289376,-0.023109933192899113,0.048,normal,rotation,False,A
1773316800,0.15883,146178639,0.9647668561853892,0.1642743221690591,-0.02456086913623534,0.056,normal,rotation,False,A
1773331200,0.15995,147231449,0.9659993398981436,0.20508744038155804,-0.043745395557289846,0.124,normal,rotation,False,A
1773345600,0.15991,147617811,0.9663661271458106,0.19274924471299085,-0.04120085703183474,0.132,normal,rotation,False,A
1773360000,0.16274,143950846,0.9810718513771066,0.2751572327044022,-0.07329227487525614,0.024,normal,rotation,False,A
1773374400,0.16246,141215314,0.9643491934408558,0.25194805194805153,-0.09875514311211897,0.008,normal,rotation,False,A
1773388800,0.16509,139097455,0.9580240624574292,0.28726442033123906,-0.11868843766122161,0.004,normal,rotation,False,A
1773403200,0.16345,140936784,0.9500460820242647,0.27681268882175236,-0.10686188878077918,0.012,normal,rotation,False,A
1773417600,0.16267,142538794,0.8705220156492047,0.24335611237661345,-0.09862440218543256,0.028,normal,rotation,False,A
1773432000,0.16388,142131930,0.7541821073037857,0.304147465437788,-0.10549017601074795,0.024,compressed,rotation,False,A
1773446400,0.16486,144027160,0.6020769680259056,0.2864737152982872,-0.08685697015349358,0.048,compressed,rotation,False,A
1773460800,0.16325,143388668,0.5888570274524404,0.27766914352757177,-0.11605389328737514,0.04,compressed,rotation,False,A
1773475200,0.16404,144109798,0.5555843652715037,0.28549323017408135,-0.12325196480416589,0.048,compressed,rotation,False,A
1773489600,0.16355,145529560,0.5534848056770577,0.2599531615925061,-0.11645053800420124,0.064,compressed,rotation,False,A
1773504000,0.16359,144508674,0.5484450047935734,0.23347483323226226,-0.12024820393470548,0.056,compressed,rotation,False,A
1773518400,0.16648,144015638,0.5737139173729614,0.3121194264388138,-0.11927397993387046,0.044,compressed,rotation,False,A
1773532800,0.16757,142113249,0.5781327235144607,0.28893401015228454,-0.12067267429458106,0.02,compressed,rotation,False,A
1773547200,0.16605,141050364,0.5964839956825183,0.20592530774045498,-0.12466906385711052,0.012,compressed,rotation,False,A
1773561600,0.16727,141364840,0.5622138243627992,0.14987714987715,-0.13675171978591416,0.02,compressed,rotation,False,A
1773576000,0.16702,139571015,0.5638754923650907,0.03888334995014976,-0.14201341988953586,0.008,compressed,rotation,False,A
1773590400,0.16657,138469412,0.564060994292303,0.1704577365908453,-0.14201041970714823,0.004,compressed,rotation,False,A
1773604800,0.16919,139786073,0.5885133547351634,0.2954168967421323,-0.12983744665334762,0.016,compressed,rotation,False,A
1773619200,0.16981,134708243,0.5881842624652079,0.3748215815015699,-0.15273812495199457,0.004,compressed,trend,False,B
1773633600,0.17314,133191897,0.6365308502522846,0.45411140583554455,-0.14118337377905055,0.004,compressed,trend,False,B
1773648000,0.17126,131644952,0.6377104491904534,0.3651538862806474,-0.13739512207952087,0.004,compressed,trend,False,B
1773662400,0.17178,133682626,0.6344528537260542,0.33840717586300684,-0.09774267115418833,0.012,compressed,trend,False,B
1773676800,0.17443,132962459,0.6329260969713042,0.37509627727856326,-0.10122258911406545,0.008,compressed,trend,False,B
1773691200,0.17593,132630654,0.606793679106471,0.4203917629332002,-0.11717749851963388,0.008,compressed,trend,False,B
1773705600,0.17607,133157908,0.5939649461301214,0.49068974560713435,-0.10349112678251848,0.016,compressed,trend,False,B
1773720000,0.17532,131233353,0.6042409114932878,0.4475838394507532,-0.1043992819708287,0.004,compressed,trend,False,B
1773734400,0.17392,131586072,0.6268773515514183,0.3764458464773926,-0.09674165721737382,0.008,compressed,trend,False,B
1773748800,0.17355,131390386,0.6008141102247899,0.3910733262486724,-0.1011656224272276,0.008,compressed,trend,False,B
1773763200,0.17436,130579530,0.6024426663626546,0.3860166086257704,-0.11310028606727895,0.004,compressed,trend,False,B
1773777600,0.17359,130592719,0.606309273985128,0.35943247503941234,-0.11533223453638664,0.008,compressed,trend,False,B
1773792000,0.17638,130607864,0.6352543079298705,0.35875854813256297,-0.092691237118537,0.012,compressed,trend,False,B
1773806400,0.1749,130324339,0.6212123818209149,0.3171851096379406,-0.07712318651219374,0.004,compressed,trend,False,B
1773820800,0.17084,130072159,0.7351362073509499,0.1414514145141455,-0.0648846954101353,0.004,compressed,rotation,False,A
1773835200,0.16646,125886628,0.8334731208793238,0.06937082277022327,-0.10678657177249051,0.004,compressed,rotation,False,A
1773849600,0.16821,127168141,0.8424341416714252,0.12488728584310178,-0.10783487476398879,0.008,compressed,rotation,False,A
1773864000,0.17017,128049897,0.8602425663519117,0.13943693194413648,-0.09907719539163362,0.012,normal,rotation,False,A
1773878400,0.16977,129772644,0.8602279125813442,0.11026274421738166,-0.09897102740899699,0.016,normal,rotation,False,A
1773892800,0.16696,131105840,0.8668533226743145,0.08112836212551927,-0.08566107887967822,0.04,normal,rotation,False,A
1773907200,0.16668,132391706,0.8651284052399113,0.05838124723573653,-0.08131363836898864,0.06,normal,rotation,False,A
1773921600,0.16477,135927887,0.8143516886419906,0.02615780445969125,-0.0659774756413749,0.088,compressed,rotation,False,A
1773936000,0.16522,136083062,0.8068029383774119,0.03464399574920285,-0.05830523363600992,0.092,compressed,rotation,False,A
1773950400,0.1653,135996210,0.805309015706993,0.026672694394213096,-0.055684425048340924,0.092,compressed,rotation,False,A
1773964800,0.16675,136013058,0.7779129818139311,0.018385650224214976,-0.04292485776607635,0.096,compressed,rotation,False,A
1773979200,0.16758,135140920,0.7709398770165224,0.034843999089045875,-0.04189598546516338,0.088,compressed,rotation,False,A
1773993600,0.16723,136131244,0.7719459896688563,0.0009293680297400616,-0.037021907286139855,0.108,compressed,rotation,False,A
1774008000,0.16607,136074577,0.7748075518942157,0.02161547212741767,-0.02505131885728562,0.104,compressed,rotation,False,A
1774022400,0.16454,136204245,0.777820124517669,0.04508105707306251,-0.016358609221219234,0.116,compressed,rotation,False,A
1774036800,0.1654,136722063,0.7887115594064291,0.0875895539634855,-0.02191927946927874,0.12,compressed,rotation,False,A
1774051200,0.16561,137191787,0.7830630125361944,0.09799346710219274,0.01843646643064001,0.124,compressed,rotation,False,A
1774065600,0.16536,138146398,0.7855489527418064,0.19557566616390093,0.0371982163449478,0.128,compressed,rotation,False,A
1774080000,0.16513,138283060,0.7278971490094429,0.16076580120639897,0.05042432618305037,0.132,compressed,rotation,False,A
1774094400,0.1661,138554677,0.7382463969808657,0.14722654224987003,0.03644490795685007,0.14,compressed,rotation,False,A
1774108800,0.16525,137809032,0.656242779806203,0.24959216965742229,0.036450687182312036,0.128,compressed,rotation,False,A
1774123200,0.16196,138624587,0.6047379819285295,0.3621985999481463,0.04519266714917958,0.148,compressed,trend,False,B
1774137600,0.1624,140106113,0.5780831884501177,0.35168510419346566,0.052180190454779396,0.164,compressed,trend,False,B
1774152000,0.15994,138123222,0.5719770240942463,0.37900443568260234,0.052500898914013217,0.132,compressed,trend,False,B
1774166400,0.15866,139861835,0.5785584347700392,0.3771626297577854,0.06289239335299857,0.168,compressed,trend,False,B
1774180800,0.15899,141053832,0.5406441555264073,0.36021771400296915,0.07354758817741813,0.184,compressed,trend,False,B
1774195200,0.15688,151515475,0.5697224661528305,0.41898370086289505,0.160330987559842,0.404,compressed,trend,False,B
1774209600,0.15578,153108681,0.5588525405276863,0.4235434007134359,0.17241360906192638,0.436,compressed,trend,False,B
1774224000,0.15643,154167572,0.5664499759944266,0.49987471811576,0.18038506471555182,0.476,compressed,trend,False,B
1774238400,0.15667,147049561,0.571098964359183,0.47142487716576137,0.12833536796223455,0.276,compressed,trend,False,B
1774252800,0.16172,141818020,0.7894556035736658,0.22995461422087718,0.09030265269910687,0.196,compressed,trend,False,B
1774267200,0.16495,142772099,0.8600395777587114,0.03921059465073962,0.1341323639235137,0.212,normal,rotation,False,A
1774281600,0.16472,141697496,0.8606214324395763,0.09434982427683133,0.11425310526478483,0.196,normal,rotation,False,A
1774296000,0.16672,138445325,0.8799075997205501,0.09316770186335344,0.08118263461000685,0.144,normal,rotation,False,A
1774310400,0.16545,139868680,0.8806834847148726,0.11398416886543497,0.07779787549061568,0.176,normal,rotation,False,A
1774324800,0.16673,140998350,0.890648903765862,0.00632389331866945,0.07545438097952006,0.188,normal,rotation,False,A
1774339200,0.16699,148095538,0.8922267202258921,0.008528198074277979,0.11861643357024199,0.332,normal,rotation,False,A
1774353600,0.1664,155499314,0.8956207809463758,0.04653154439052215,0.14398389787373067,0.58,normal,rotation,False,A
1774368000,0.16651,164522380,0.8953031930460779,0.03718650908042619,0.20898499476738697,0.896,normal,rotation,False,A
1774382400,0.17378,173037712,1.142294772915222,0.202483285577841,0.2723715756490568,1.0,normal,rotation,False,A
1774396800,0.17623,170839924,1.150707704969746,0.22108208955223838,0.25605531198335374,0.992,normal,rotation,False,A
1774411200,0.17948,179431180,1.0990421626641027,0.2626931567328915,0.32773389436744993,1.0,normal,rotation,False,A
1774425600,0.17798,178880582,1.1219232581054472,0.23143164693218526,0.31403031915289037,0.996,normal,rotation,False,A
1774440000,0.1752,176988181,1.1244691173787595,0.18993135011441634,0.3006704477942268,0.992,normal,rotation,False,A
1774454400,0.17779,176029085,1.1135853333979908,0.2696926521473642,0.29239059325940975,0.988,normal,rotation,False,A
1774468800,0.17736,175345852,1.120470667579656,0.2455852156057492,0.28249858254406246,0.984,normal,rotation,False,A
1774483200,0.17535,176242135,1.1111157606123112,0.1928712871287128,0.2846405667126415,0.988,normal,rotation,False,A
1774497600,0.17379,178700075,1.1179575391989458,0.16270990156340454,0.2935558044734543,0.992,normal,rotation,False,A
1774512000,0.17258,181617017,1.1373631544573095,0.1411252131085435,0.313371406447037,1.0,normal,rotation,False,A
1774526400,0.17238,185065170,1.140636380151397,0.1207227989234911,0.335683312949443,1.0,normal,rotation,False,A
1774540800,0.17177,185306248,1.0426732126420375,0.12591734260332166,0.34465967368524875,1.0,normal,rotation,False,A
1774555200,0.17358,186887535,1.0076790666315665,0.23101391650099437,0.34815575681390487,1.0,normal,rotation,False,A
1774569600,0.17444,188426808,1.0021886631289705,0.23738170347003193,0.3448864147704962,1.0,normal,rotation,False,A
1774584000,0.17428,192332421,0.9944711529554457,0.2961586121437418,0.3924698411683445,1.0,normal,rotation,False,A
1774598400,0.16876,186692361,1.1409932769165256,0.19179642992783877,0.3348342026257556,0.988,normal,rotation,False,A
1774612800,0.1687,184843456,1.1349343379935137,0.1853407138766938,0.31044618482963293,0.976,normal,rotation,False,A
1774627200,0.16806,185665476,1.1371350742800241,0.21956009426551423,0.22538952539336332,0.984,normal,rotation,False,A
1774641600,0.16726,185152980,1.1385607826122637,0.22678783089687826,0.20929119623204118,0.976,normal,rotation,False,A
1774656000,0.16502,180426497,1.16156932652684,0.1645278682244777,0.17032716192741226,0.96,normal,rotation,False,A
1774670400,0.16642,177430788,0.8959925129626136,0.18268690275435634,0.20660535667971147,0.944,normal,rotation,False,A
1774684800,0.16677,174052846,0.8536352106911239,0.10376001643723021,0.2272971093518299,0.924,normal,rotation,False,A
1774699200,0.16984,173305401,0.8533972376941855,0.10080395794681457,0.2138604266089834,0.92,normal,rotation,False,A
1774713600,0.17052,175341034,0.8544812824002144,0.11846405228758161,0.23743212794670687,0.924,normal,rotation,False,A
1774728000,0.16783,174466468,0.8583515115582505,0.02235649546827793,0.2601831661704719,0.92,normal,rotation,False,A
1774742400,0.1691,174953123,0.8265717226819778,0.07351460221550825,0.2508384507525201,0.92,compressed,rotation,False,A
1774756800,0.16796,173986394,0.8304759287874116,0.02484346596647157,0.23396049670084795,0.908,compressed,rotation,False,A
1774771200,0.16712,173306739,0.8200954317076241,0.002595328408863867,0.17023606072453035,0.904,compressed,rotation,False,A
1774785600,0.16551,172282179,0.8249410402482988,0.017413422030913738,0.1079288684193167,0.888,compressed,rotation,False,A
1774800000,0.16403,173711479,0.8304581146670834,0.04725609756097525,0.05585318544504392,0.904,compressed,rotation,False,A
1774814400,0.16435,173660418,0.8365245196848909,0.20711618712936505,0.0035986721784670994,0.9,compressed,rotation,False,A
1774828800,0.16867,173566254,0.9681804508976284,0.1594936708860762,0.015958389211177648,0.896,normal,rotation,False,A
1774843200,0.17089,173857377,0.9798354784745867,0.18524908345913338,-0.031063737082930643,0.904,normal,rotation,False,A
1774857600,0.1721,175821904,0.9892549503120724,0.12760416666666655,-0.017098994009310586,0.928,normal,rotation,False,A
1774872000,0.17076,180504453,1.0004792579774973,0.0994623655913978,0.01986727012014433,0.96,normal,rotation,False,A
1774886400,0.16819,182668681,0.8693881000755248,0.2151501568803227,0.03771874403596431,0.964,normal,rotation,False,A
1774900800,0.16738,181042361,0.8760964248423913,0.2217777777777776,0.03248727549026942,0.956,normal,rotation,False,A
1774915200,0.16954,179683713,0.9067302222593324,0.1286821705426359,0.01952755508777737,0.944,normal,rotation,False,A
1774929600,0.16711,180004349,0.942657375923917,0.14515428074750097,0.007298676287628814,0.944,normal,rotation,False,A
1774944000,0.16499,177306274,0.9444615779841252,0.16173023652248059,-0.023735347442690347,0.92,normal,rotation,False,A
1774958400,0.16372,173817768,0.9447094579484561,0.18041666666666673,-0.060775358215703124,0.872,normal,rotation,False,A
1774972800,0.16834,175383410,1.0722584409879843,0.06594885598923318,-0.05354831856505993,0.9,normal,rotation,False,A
1774987200,0.16716,172839440,1.0263830080709888,0.12495134293499445,-0.07516871042255435,0.836,normal,rotation,False,A
1775001600,0.16964,172006462,1.059977877963445,0.09056603773584909,-0.0871444258611015,0.828,normal,rotation,False,A
1775016000,0.17152,174069419,1.0357596151811619,0.05043859649122785,-0.09495540016105763,0.88,normal,rotation,False,A
1775030400,0.17277,173371193,1.035200617730082,0.07948463825569907,-0.07135357830736311,0.848,normal,rotation,False,A
1775044800,0.17185,178752658,1.0319396055197618,0.06139154160982299,-0.03295111513171445,0.928,normal,rotation,False,A
1775059200,0.17063,179456682,1.0317257876643868,0.049527847369435725,-0.03344075664341606,0.936,normal,rotation,False,A
1775073600,0.16926,178186010,1.0211427273080425,0.03812428516965314,-0.037628181841847796,0.916,normal,rotation,False,A
1775088000,0.16402,175522599,1.1560269493198863,0.018031013342949903,-0.027179477967695598,0.888,normal,rotation,False,A
1775102400,0.16427,174919640,1.1492893447712151,0.03958755293684432,-0.01415283124369604,0.868,normal,rotation,False,A
1775116800,0.16161,178913626,1.0740519045327392,0.09113387495584603,0.027927035447613324,0.928,normal,rotation,False,A
1775131200,0.16362,179008951,1.0689534274225942,0.11195104391648686,0.03291039960145259,0.928,normal,rotation,False,A
1775145600,0.16451,178289996,1.0611030241281865,0.10776403084095433,0.016818436236665457,0.908,normal,rotation,False,A
1775160000,0.16288,179038383,1.0625323879388064,0.09047706086638671,0.026205121548055876,0.928,normal,rotation,False,A
1775174400,0.16496,178690863,1.0654819727567892,0.07456772334293967,0.021364237093384197,0.904,normal,rotation,False,A
1775188800,0.16495,177296947,1.0626095444142887,0.055341055341055156,0.01902765454176847,0.884,normal,rotation,False,A
1775203200,0.16432,177496330,1.0340377427639438,0.05167958656330751,0.024174426362035373,0.892,normal,rotation,False,A
1775217600,0.16337,177818676,1.0099943737456876,0.03998505231689099,0.03213621415828505,0.892,normal,rotation,False,A
1775232000,0.16327,175638530,0.9879781652781704,0.014576141158419861,0.011093400453979108,0.856,normal,rotation,False,A
1775246400,0.16289,175088225,0.980123623836561,0.027969348659003655,0.00822183325621162,0.836,normal,rotation,False,A
1775260800,0.16187,176430035,0.842898391046776,0.13905930470347608,0.016499641687260258,0.868,compressed,rotation,False,A
1775275200,0.16157,177468897,0.8379248057968232,0.19838229033631335,0.020772889033060737,0.884,compressed,rotation,False,A
1775289600,0.16186,176548133,0.7874024515868838,0.2223187147199307,0.004130480807442494,0.864,compressed,rotation,False,A
1775304000,0.1614,176092225,0.7496300003320024,0.20717131474103614,-0.024443873415133988,0.852,compressed,rotation,False,A
1775318400,0.16188,176105627,0.7348816337307927,0.14643768855883063,-0.035928731537728686,0.852,compressed,rotation,False,A
1775332800,0.16187,176488026,0.7358183795909865,0.1302908489004491,-0.025156184303186335,0.86,compressed,rotation,False,A
1775347200,0.1613,176286508,0.732150808168711,0.20245700245700246,-0.018906582813101203,0.852,compressed,rotation,False,A
1775361600,0.15877,172616686,0.760761972906957,0.20441176470588268,-0.04104158061203289,0.74,compressed,rotation,False,A
1775376000,0.15794,170136069,0.5684461151168073,0.1784358390280942,-0.04043965753857082,0.724,compressed,rotation,False,A
1775390400,0.15859,166430229,0.5749185618848626,0.13191051684237579,-0.04250163308966204,0.704,compressed,rotation,False,A
1775404800,0.1586,165903049,0.5117827711760944,0.2841306884480746,-0.05405506142228622,0.696,compressed,rotation,False,A
1775419200,0.16265,164338994,0.6449252073931946,0.12139973082099628,-0.04918117068650529,0.66,compressed,rotation,False,A
1775433600,0.16173,163795966,0.6425259779112407,0.22225344197808386,-0.047733648518391125,0.64,compressed,rotation,False,A
1775448000,0.16119,165438112,0.6242738492097489,0.30160583941605856,-0.049585430051903634,0.684,compressed,rotation,False,A
1775462400,0.16243,162521242,0.5972382319492484,0.30198598130841176,-0.06258220187710195,0.616,compressed,rotation,False,A
1775476800,0.16077,159257186,0.6191084033949547,0.3167524299599775,-0.10906395584898099,0.572,compressed,rotation,False,A
1775491200,0.15763,154720406,0.6967259640640437,0.35230352303523077,-0.13783981585037886,0.496,compressed,trend,False,B
1775505600,0.15546,152571497,0.7260693904056612,0.36604774535809054,-0.14375153806968344,0.452,compressed,trend,False,B
1775520000,0.15576,154762487,0.7307874969965189,0.25213675213675174,-0.11827600615690514,0.504,compressed,trend,False,B
1775534400,0.15545,154246757,0.7314069822488882,0.26873857404021906,-0.11818503056603591,0.488,compressed,trend,False,B
1775548800,0.15462,155330074,0.7324670680261504,0.22555663117134533,-0.13181529281621063,0.52,compressed,trend,False,B
1775563200,0.15391,153275860,0.7364396114439835,0.32704614348265343,-0.14375309645828827,0.472,compressed,trend,False,B
1775577600,0.15475,154792933,0.7475513311705714,0.32928475033738097,-0.1317912587759551,0.516,compressed,trend,False,B
1775592000,0.16342,154019212,1.242432831619507,0.01472191930207229,-0.1397419401402883,0.488,normal,rotation,False,A
1775606400,0.16205,154823307,1.2514418308768098,0.08090075062552096,-0.1335689782862597,0.524,normal,rotation,False,A
1775620800,0.16294,151537863,1.255025459766212,0.05454545454545471,-0.1452878035175642,0.44,normal,rotation,False,A
1775635200,0.16235,149438558,1.2551256659088097,0.053518065743004474,-0.15807522330180013,0.384,normal,rotation,False,A
1775649600,0.15854,148587479,1.2950494329779594,0.12175447441391453,-0.1643876653316213,0.356,normal,rotation,False,A
1775664000,0.1583,148767923,1.2918946507462898,0.12484300427028361,-0.15298811143545776,0.364,normal,rotation,False,A
1775678400,0.15758,147924867,1.2921604923429573,0.13225404732254037,-0.15514097535685223,0.328,normal,rotation,False,A
1775692800,0.15569,148918940,1.3083270507302442,0.15065821550463193,-0.15593203844232073,0.372,expanded,rotation,False,A
1775707200,0.15513,148392941,1.216751083201456,0.15600775193798416,-0.16383691165894831,0.352,normal,rotation,False,A
1775721600,0.15386,148487063,1.2197940075601255,0.18930430667297665,-0.1589428872634977,0.356,normal,rotation,False,A
1775736000,0.15565,149184707,1.2440989328099394,0.1319109887588889,-0.15280355506894183,0.396,normal,rotation,False,A
1775750400,0.15518,148491653,1.232041152384722,0.15374024782010037,-0.1568034734063325,0.36,normal,rotation,False,A
1775764800,0.15473,149310727,1.2233603848478711,0.1621990004543388,-0.15398947801705254,0.412,normal,rotation,False,A
1775779200,0.15467,150287158,1.1786215173995753,0.15237876350264273,-0.14748349317804854,0.464,normal,rotation,False,A
1775793600,0.15501,152598138,1.1551824674810613,0.09099709583736637,-0.11597110606097494,0.496,normal,rotation,False,A
1775808000,0.15363,155134962,1.1645147558468827,0.10293766419871024,-0.08817123310871844,0.568,normal,rotation,False,A
1775822400,0.15357,160342317,1.1642741229164968,0.12160852713178268,-0.036579364437454465,0.644,normal,rotation,False,A
1775836800,0.15651,164377926,1.2092009611006895,0.04727437231395559,-0.009192856967927043,0.7,normal,rotation,False,A
1775851200,0.15507,164620382,1.2183342794102776,0.1822115384615375,0.0017122412225549777,0.704,normal,rotation,False,A
1775865600,0.15368,164675915,1.225172214169369,0.19134775374375995,0.0053722263221060995,0.704,normal,rotation,False,A
1775880000,0.15314,166545417,0.6946233476779512,0.19134775374375995,0.006693167533246447,0.72,compressed,rotation,False,A
1775894400,0.15398,169000326,0.7075615533650517,0.20278377729781522,0.03986607486054039,0.72,compressed,rotation,False,A
1775908800,0.15428,169609606,0.7005200988628834,0.16100223269660074,0.06500441367838805,0.72,compressed,rotation,False,A
1775923200,0.15648,167146327,0.7626815687286198,0.02921005842011635,0.08031210181803683,0.712,compressed,rotation,False,A
1775937600,0.15347,165976478,0.7269327031154283,0.04949017657299142,0.08786032295403112,0.7,compressed,rotation,False,A
1775952000,0.15155,161527684,0.7542605983843684,0.10064546975854667,0.04371341615878799,0.628,compressed,rotation,False,A
1775966400,0.1515,163711613,0.757821184304445,0.09502044743805627,0.06136178279586124,0.648,compressed,rotation,False,A
1775980800,0.15115,164030115,0.7407491528419975,0.08444877099050846,0.05601002288842016,0.656,compressed,rotation,False,A
1775995200,0.15035,164435115,0.7498442111765161,0.0864497328800382,0.07280503922796444,0.672,compressed,rotation,False,A
1776009600,0.15129,164314114,0.7594500347218264,0.08381782945736399,0.06150914525277451,0.656,compressed,rotation,False,A
1776024000,0.15017,162751515,0.73403125076467,0.3928253780017784,0.056696193199585965,0.628,compressed,trend,False,B
1776038400,0.15046,163123108,0.7392462999670291,0.3549770290964767,0.0536082141689429,0.628,compressed,trend,False,B
1776052800,0.15061,164794336,0.7419119245032139,0.3863992478846753,0.08747960897402907,0.688,compressed,trend,False,B
1776067200,0.15111,167629365,0.7475968875772698,0.3532369578881202,0.12172766683147462,0.712,compressed,trend,False,B
1776081600,0.15268,164883145,0.7765759706129697,0.1981068289384708,0.10967051941166583,0.684,compressed,rotation,False,A
1776096000,0.15284,164219285,0.7608263873559814,0.18508474576271128,0.10386218808741443,0.636,compressed,rotation,False,A
1776110400,0.15624,160003073,0.8688290330985686,0.04164077066500951,0.08165095054640137,0.564,normal,rotation,False,A
1776124800,0.15524,157432415,0.8006758518247571,0.014381591562799789,0.05716851731552741,0.504,compressed,rotation,False,A
1776139200,0.15547,156261982,0.7840293463801995,0.010981912144703052,0.05302840517191454,0.5,compressed,rotation,False,A
1776153600,0.15592,155631936,0.7659974287542485,0.06834771068347718,0.048117814815961335,0.5,compressed,rotation,False,A
1776168000,0.15573,154807272,0.766304640120565,0.002803083391730786,0.03768861509377097,0.476,compressed,rotation,False,A
1776182400,0.15449,154389129,0.7833615018895392,0.02354145342886464,0.039715875477525975,0.464,compressed,rotation,False,A
1776196800,0.15455,154347456,0.7844595150383746,0.006224066390041948,0.033733202571574195,0.464,compressed,rotation,False,A
1776211200,0.15534,155812491,0.7400446284047788,0.022596964586846624,0.03676517058097528,0.516,compressed,rotation,False,A
1776225600,0.15514,155078313,0.6343739995495575,0.004405286343612028,0.016252983375196983,0.492,compressed,rotation,False,A
1776240000,0.15693,156550635,0.610784763827843,0.11029411764705863,0.009125428476915554,0.528,compressed,rotation,False,A
1776254400,0.15578,156294906,0.6402809998152148,0.0712673331183485,-0.02524231329400084,0.524,compressed,rotation,False,A
1776268800,0.15797,156703225,0.6851988147511876,0.04824851288830097,-0.04668936509151478,0.532,compressed,rotation,False,A
1776283200,0.15776,156504983,0.6724627881185864,0.09266276265931779,-0.04929765622825488,0.52,compressed,rotation,False,A
1776297600,0.15976,157934571,0.6987466858077617,0.205128205128205,-0.04093703684597716,0.548,compressed,rotation,False,A
1776312000,0.16085,154732385,0.6718001930229757,0.2553825770122556,-0.07092979328275362,0.456,compressed,rotation,False,A
1776326400,0.16042,153148058,0.6842460713348968,0.21625251846877122,-0.09380022142679179,0.412,compressed,rotation,False,A
1776340800,0.16432,148198966,0.7975416254851996,0.3007789095266628,-0.1262348312984113,0.308,compressed,rotation,False,A
1776355200,0.1681,149980174,0.8778545053168221,0.33237986270022896,-0.10270134742476278,0.372,normal,rotation,False,A
1776369600,0.16919,152241914,0.8733988176717715,0.4757869249394683,-0.08275006293361642,0.388,normal,trend,False,B
1776384000,0.1662,150748081,0.9859281235038637,0.4294928173556144,-0.06673532816826622,0.376,normal,trend,False,B
1776398400,0.16711,146160778,0.9155785334384978,0.4463826136688594,-0.10720580341481334,0.264,normal,trend,False,B
1776412800,0.16959,143974275,0.919274247404248,0.4970350404312665,-0.12226925525230536,0.24,normal,trend,False,B
1776427200,0.17469,141405507,1.04507155447619,0.5879227053140094,-0.14005285914751242,0.208,normal,trend,False,B
1776441600,0.17423,138843188,1.0573798528246543,0.5606060606060598,-0.15501362226254034,0.16,normal,trend,False,B
1776456000,0.17411,140066294,1.0560030230402768,0.5996993987975944,-0.13938562108008645,0.184,normal,trend,False,B
1776470400,0.17444,141774594,1.0204303260618208,0.6001001001000994,-0.13087363440868227,0.224,normal,trend,False,B
1776484800,0.17504,143099507,1.0150942757039079,0.6045533283840627,-0.13164790445225005,0.248,normal,trend,False,B
1776499200,0.16887,138125972,1.3193789720433962,0.3854166666666661,-0.17600372703195533,0.136,expanded,trend,False,B
1776513600,0.17019,137939566,1.3160359920308315,0.38206415012000816,-0.16341014722881464,0.132,expanded,trend,False,B
1776528000,0.16881,142292247,1.3314610190333989,0.3394261424016993,-0.13352291723837428,0.248,expanded,trend,False,B
1776542400,0.1703,145000312,1.3126951148745758,0.3114754098360651,-0.0937654553672228,0.292,expanded,trend,False,B
1776556800,0.17079,147393562,1.294609488135185,0.3484203450593764,-0.06376611195350079,0.324,normal,trend,False,B
1776571200,0.16804,148414208,1.3496146986645334,0.2665959703075285,-0.05022190234346313,0.356,expanded,trend,False,B
1776585600,0.17014,147893055,1.3469963454500318,0.2913934426229503,-0.0497255331964771,0.332,expanded,trend,False,B
1776600000,0.1717,150043935,1.3476396655177865,0.31831771975283935,-0.03076946540340819,0.404,expanded,trend,False,B
1776614400,0.17077,156334067,1.3490223231435854,0.32651423987164047,0.012597635679387764,0.536,expanded,trend,False,B
1776628800,0.16647,157157652,1.383650024357509,0.22033271719038816,0.01820694731761563,0.552,expanded,trend,False,B
1776643200,0.16821,156962572,1.3218251663201255,0.23378746594005417,0.007381186146366181,0.552,expanded,trend,False,B
1776657600,0.16904,157434165,1.3182833023662128,0.2496408045977009,0.015191369795207965,0.564,expanded,trend,False,B
1776672000,0.16762,157867502,1.277944400501136,0.19327427228349295,0.008411764027657975,0.568,normal,rotation,False,A
1776686400,0.17057,159472012,1.3167884552873859,0.2589739099982486,0.02032763626986034,0.584,expanded,rotation,False,A
1776700800,0.17341,161699904,1.3150206835990628,0.26731301939058144,0.03188625505314269,0.612,expanded,rotation,False,A
1776715200,0.17386,161966555,1.169995180564077,0.27758620689655095,0.03489711250919081,0.612,normal,rotation,False,A
1776729600,0.17371,164001842,1.1651051887877524,0.2484416740872658,0.03841635787265352,0.64,normal,rotation,False,A
1776744000,0.17933,169585869,1.3173520841002222,0.3045484508899139,0.09599466847227878,0.716,expanded,rotation,False,A
1776758400,0.18082,176295279,1.3238412801690327,0.3304178814382891,0.15114276538851046,0.852,expanded,rotation,False,A
1776772800,0.17705,181882544,1.3940963443864325,0.2066223015744197,0.22728618767825948,0.96,expanded,rotation,False,A
1776787200,0.17623,183207995,1.1905095871084777,0.13861892583120175,0.22154808941613835,0.964,normal,rotation,False,A
1776801600,0.17898,183091559,1.2137340484609829,0.16232797214392264,0.2026356880930964,0.96,normal,rotation,False,A
1776816000,0.17987,182848909,1.1949329018065513,0.2348393746778903,0.2129435266243953,0.956,normal,rotation,False,A
1776830400,0.18014,180677443,1.1898063472298437,0.22633315963175216,0.23615545478281463,0.936,normal,rotation,False,A
1776844800,0.17941,179154304,1.1971147902911534,0.17592260838409135,0.24434940894823054,0.908,normal,rotation,False,A
1776859200,0.17994,177125203,1.1357188046311932,0.1024390243902433,0.2526047023048401,0.844,normal,rotation,False,A
1776873600,0.17859,175340868,1.138984648824277,0.08362102032988107,0.26286979235884433,0.776,normal,rotation,False,A
1776888000,0.17651,174444218,1.1615483687170518,0.04436229205175622,0.24544037696892307,0.756,normal,rotation,False,A
1776902400,0.17537,174658082,1.1641159994412376,0.01693680568202488,0.2319420361027449,0.76,normal,rotation,False,A
1776916800,0.17686,175284226,1.0353956748723971,0.032616487455196914,0.22491145968797777,0.772,normal,rotation,False,A
1776931200,0.17666,174693645,1.0271448750017513,0.15633152719245477,0.2647414709233684,0.756,normal,rotation,False,A
1776945600,0.17817,179806415,1.032814066632932,0.15953618552578958,0.30351588173040933,0.92,normal,rotation,False,A
1776960000,0.17507,176021754,1.0844652873638048,0.12098956320061895,0.23704388475923066,0.796,normal,rotation,False,A
1776974400,0.17533,177714227,1.0394356608427826,0.09958424074440735,0.22561272144021327,0.86,normal,rotation,False,A
1776988800,0.17459,175930459,0.9997506209171204,0.07486209613869192,0.19361019988105044,0.788,normal,rotation,False,A
1777003200,0.17401,176412260,1.0010451245027971,0.1228647869932087,0.1886480571994833,0.816,normal,rotation,False,A
1777017600,0.17598,177686644,1.0237724841470028,0.12051176227816743,0.2014536044305799,0.856,normal,rotation,False,A
1777032000,0.17465,179690892,0.8145658538465687,0.061165249844495374,0.19758850632649705,0.916,compressed,rotation,False,A
1777046400,0.17358,175478459,0.7953074423787553,0.058093859830473646,0.12245822274936402,0.76,compressed,rotation,False,A
1777060800,0.17289,174839648,0.6975730697763007,0.14343163538873963,0.11251119990008496,0.724,compressed,rotation,False,A
1777075200,0.17428,175329812,0.7154765602398397,0.1366809277189821,0.1170166859905939,0.74,compressed,rotation,False,A
1777089600,0.17307,175073059,0.6460962675416159,0.08997544094664006,0.11203981041853273,0.728,compressed,rotation,False,A
1777104000,0.17235,176411798,0.6332350892621149,0.1072805624858248,0.11746746965059351,0.804,compressed,rotation,False,A
1777118400,0.171,177251373,0.6379190081164926,0.010120028241939616,0.11148891129560723,0.828,compressed,rotation,False,A
1777132800,0.16997,176789227,0.6408265151424635,0.08456243854473952,0.09331683338538044,0.816,compressed,rotation,False,A
1777147200,0.16964,177169343,0.6308035990335177,0.10404339250493043,0.09386374859920932,0.824,compressed,rotation,False,A
1777161600,0.1684,176324818,0.6302618918579328,0.12749099639855965,0.07513925361887086,0.788,compressed,rotation,False,A
1777176000,0.17066,175797013,0.6770360192885105,0.22642987725254582,0.036625362930445604,0.748,compressed,rotation,False,A
1777190400,0.17123,175968352,0.6762829698339452,0.2566229595932571,-0.001854428557896859,0.756,compressed,rotation,False,A
1777204800,0.17123,173648310,0.6481033519425689,0.17321428571428635,-0.04527226098179049,0.64,compressed,rotation,False,A
1777219200,0.17108,174248500,0.6481968678747931,0.15639234740358318,-0.04890340620779132,0.668,compressed,rotation,False,A
1777233600,0.17073,174700453,0.6148245500416509,0.27022600720602735,-0.045830108421328175,0.684,compressed,rotation,False,A
1777248000,0.17306,175168403,0.6019474553391835,0.2130121989365035,-0.04200465861133462,0.704,compressed,rotation,False,A
1777262400,0.16753,174885455,0.8580747203941105,0.33870534515175926,-0.0320570620428805,0.684,normal,rotation,False,A
1777276800,0.16726,175158152,0.8572255208336867,0.33043241773184673,-0.022305643296183342,0.7,normal,rotation,False,A
1777291200,0.16492,176332848,0.8876103454014721,0.38932089165370654,-0.004473417597155804,0.788,normal,trend,False,B
1777305600,0.16463,178483405,0.8419167408382259,0.37206823027718583,0.01792244464080106,0.868,compressed,trend,False,B
1777320000,0.16591,177999745,0.8632350762774155,0.28867102396514177,0.020382028368518323,0.856,normal,trend,False,B
1777334400,0.1649,177908435,0.8631719110185727,0.28614375512435125,0.018609805872023655,0.852,normal,trend,False,B
1777348800,0.1647,177566430,0.8630431058594976,0.3444759206798863,0.013020019268590755,0.836,normal,trend,False,B
1777363200,0.16167,179380029,0.8890355422199404,0.3931287699973775,0.02682629926234581,0.9,normal,trend,False,B
1777377600,0.16276,180901987,0.9086358249175258,0.40864492177141365,0.006093064032226092,0.936,normal,trend,False,B
1777392000,0.16216,180606071,0.9084571983976202,0.36665719965918797,0.026044036579705887,0.928,normal,trend,False,B
1777406400,0.1617,181476170,0.9031827602676464,0.3849195142615085,0.02116849654361097,0.94,normal,trend,False,B
1777420800,0.16256,184346825,0.9136606601459254,0.33858710948494236,0.04783916354131712,0.964,normal,trend,False,B
1777435200,0.16382,184789385,0.9412620961371037,0.281413974040321,0.04748607041256658,0.964,normal,trend,False,B
1777449600,0.16254,178426653,0.9505771200033557,0.37837837837837923,0.004164685557345615,0.84,normal,trend,False,B
1777464000,0.15983,177078017,0.9414122442379563,0.4016260162601633,-0.014540942898764175,0.772,normal,trend,False,B
1777478400,0.15891,176882193,0.9332721194646156,0.39918367346938877,0.007999466190890203,0.764,normal,trend,False,B
1777492800,0.15944,177367048,0.9415399860305974,0.3675867723421704,0.014455531276292621,0.792,normal,trend,False,B
1777507200,0.15974,176816077,0.9473562769141692,0.40957746478873325,0.008476966826383103,0.756,normal,trend,False,B
1777521600,0.16051,176604631,0.9652518315631817,0.3582430119794639,0.008748187806554508,0.748,normal,trend,False,B
1777536000,0.15894,176354143,0.9123067585863174,0.37343358395990023,-0.00032682054518828885,0.724,normal,trend,False,B
1777550400,0.15958,175729196,0.7101726873967925,0.3244318181818187,-0.008587673958384556,0.668,compressed,trend,False,B
1777564800,0.15909,176484465,0.7110139956803933,0.3139065204847089,-0.0017238720094635562,0.736,compressed,trend,False,B
1777579200,0.15824,176682690,0.6718320667956057,0.32404775440591316,-0.0027468239807154626,0.748,compressed,trend,False,B
1777593600,0.15954,176817222,0.7021954816415693,0.25141884222474503,0.0027925961052175374,0.756,compressed,trend,False,B
1777608000,0.15866,176527909,0.6780472114602295,0.3544004725339643,0.0041576133037026786,0.732,compressed,trend,False,B
1777622400,0.15931,177330571,0.6841062216805521,0.3512080141426045,0.007741272703400748,0.788,compressed,trend,False,B
1777636800,0.16217,175864891,0.7893919709087451,0.24619565217391282,0.012764771508573913,0.656,compressed,trend,False,B
1777651200,0.16055,176268317,0.7245936501550937,0.27515024823621664,0.011591589023721927,0.684,compressed,trend,False,B
1777665600,0.15939,175121707,0.7248212981705608,0.2901740020470828,0.0024112931178261743,0.592,compressed,trend,False,B
1777680000,0.15975,175756283,0.7254438988419527,0.35866343303691717,0.003356084715803398,0.64,compressed,trend,False,B
1777694400,0.15913,175294971,0.7270296561653123,0.26086956521739185,0.0023416241219145206,0.6,compressed,trend,False,B
1777708800,0.1593,176360143,0.716836477629701,0.24797507788161985,0.00686231834645068,0.704,compressed,trend,False,B
1777723200,0.16029,175111924,0.7095658456585618,0.15056910569105766,-0.006923973688668594,0.576,compressed,rotation,False,A
1777737600,0.16005,176290679,0.6952243833056009,0.14918566775244313,-0.012285321428062157,0.684,compressed,rotation,False,A
1777752000,0.15986,176241231,0.6074777342663574,0.20432286389733217,-0.009879306287770229,0.668,compressed,rotation,False,A
1777766400,0.15848,175843931,0.621796990644023,0.2141427618412272,-0.011604306451237112,0.636,compressed,rotation,False,A
1777780800,0.1591,175792789,0.6232618740007638,0.18421052631579046,-0.00998860539123303,0.624,compressed,rotation,False,A
1777795200,0.1595,176268911,0.6242436537834941,0.07814187972632367,-0.017343725593889858,0.676,compressed,rotation,False,A
1777809600,0.15902,177593581,0.6180003480000585,0.13770250368188494,-0.018288389502322033,0.808,compressed,rotation,False,A
1777824000,0.15862,175966761,0.5876856297991452,0.13130563798219547,-0.025687453219665035,0.636,compressed,rotation,False,A
1777838400,0.15783,176683362,0.5887329827484735,0.14181018688164204,-0.02641012315831881,0.736,compressed,rotation,False,A
1777852800,0.16054,175130502,0.6829513508935112,0.06932052161976739,-0.0499944764440613,0.548,compressed,rotation,False,A
1777867200,0.15972,173758763,0.6883451058895023,0.14285714285714257,-0.059692941778013875,0.468,compressed,rotation,False,A
1777881600,0.15774,171819078,0.7174831237404975,0.16326530612244888,-0.03703244380199189,0.416,compressed,rotation,False,A
1777896000,0.15782,167260564,0.7116738285754816,0.0750840493089283,-0.05544139903034939,0.388,compressed,rotation,False,A
1777910400,0.15739,166709192,0.7085080764924709,0.05783866057838637,-0.057512861116551184,0.38,compressed,rotation,False,A
1777924800,0.15738,167872619,0.588839421098128,0.07996894409937912,-0.05352983604936579,0.392,compressed,rotation,False,A
1777939200,0.15848,172433639,0.583508438101527,0.0474397590361439,-0.02478529144156949,0.424,compressed,rotation,False,A
1777953600,0.15896,171892950,0.5711086181524231,0.05900266463646838,-0.02667926074939675,0.412,compressed,rotation,False,A
1777968000,0.15951,171803246,0.5759036004876095,0.02257425742574317,-0.025805444219135776,0.404,compressed,rotation,False,A
1777982400,0.15859,171218954,0.5842050762078359,0.03877790834312538,-0.025665866018074746,0.404,compressed,rotation,False,A
1777996800,0.1594,169152688,0.5942444526868763,0.011992263056091959,-0.04154346956260424,0.388,compressed,rotation,False,A
1778011200,0.15973,169348519,0.5816732225872993,0.05882352941176548,-0.041510410555782196,0.392,compressed,rotation,False,A
1778025600,0.1623,167795117,0.6710631105950056,0.10375939849624113,-0.051025035332813884,0.38,compressed,rotation,False,A
1778040000,0.16281,168602818,0.6743135816274051,0.1582157834540608,-0.04489426654909279,0.388,compressed,rotation,False,A
1778054400,0.16529,167478638,0.7031116184028183,0.21311475409836034,-0.05555687857115177,0.376,compressed,rotation,False,A
1778068800,0.16116,163909668,0.9084738636641182,0.03443573133310644,-0.06797958894478828,0.3,normal,rotation,False,A
1778083200,0.16144,161902626,0.9128156547721566,0.031797070382279496,-0.08149899678227479,0.276,normal,rotation,False,A
1778097600,0.16149,164397199,0.9130489441005347,0.07812499999999978,-0.06124031214474168,0.332,normal,rotation,False,A
1778112000,0.1599,162528245,0.9412468735815487,0.005336179295623751,-0.07526352841679063,0.288,normal,rotation,False,A
1778126400,0.16223,163511667,0.981182827671414,0.1039570757880624,-0.06721986336961139,0.3,normal,rotation,False,A
1778140800,0.16094,162968005,0.9432765566506296,0.053005817711700154,-0.07593630721880285,0.296,normal,rotation,False,A
1778155200,0.15868,159423512,0.9944392270719137,0.04998447687053709,-0.08959076938701216,0.256,normal,rotation,False,A
1778169600,0.15835,161514671,0.9577196622677261,0.0526315789473686,-0.08381616137515702,0.272,normal,rotation,False,A
1778184000,0.15806,159023376,0.9594533830894348,0.055555555555555414,-0.09769481807579972,0.252,normal,rotation,False,A
1778198400,0.15877,161668150,0.9629549694135413,0.00913961550582996,-0.08061569665432466,0.284,normal,rotation,False,A
1778212800,0.15832,161637753,0.9661738412354712,0.02471482889733847,-0.08052114128526622,0.284,normal,rotation,False,A
1778227200,0.15905,168147937,0.959617779287873,0.01411100658513658,-0.04607150491784684,0.436,normal,rotation,False,A
1778241600,0.16232,166713195,1.0545373487877683,0.09515570934256043,-0.061265649010140755,0.412,normal,rotation,False,A
1778256000,0.16407,173885383,1.074475861658015,0.15126283652511732,-0.011828245221834788,0.548,normal,rotation,False,A
1778270400,0.16346,175613550,1.0685247523891,0.15704323570432338,-0.00605496741679612,0.664,normal,rotation,False,A
1778284800,0.16684,183165186,1.1438707007619058,0.17250821467688926,0.04587826739627565,0.988,normal,rotation,False,A
1778299200,0.16516,182633247,1.1753002253070501,0.14553237025147128,0.051073591033794274,0.972,normal,rotation,False,A
1778313600,0.16382,183723364,1.1459262491995708,0.16548720740337503,0.06928384285707789,0.992,normal,rotation,False,A
1778328000,0.16186,181513828,1.1754679588057713,0.10460901087519457,0.08521592692943458,0.96,normal,rotation,False,A
1778342400,0.16262,179593046,1.1282977835286727,0.1342747111681639,0.07728340498465136,0.916,normal,rotation,False,A
1778356800,0.16238,179147771,0.9807498431650236,0.12761613067891794,0.06716492580603628,0.9,normal,rotation,False,A
1778371200,0.16124,177735318,0.9944403406052229,0.07037225905150399,0.030746199121854723,0.848,normal,rotation,False,A
1778385600,0.16213,179623114,1.001830781769644,0.07998990663638673,0.044970803049223296,0.916,normal,rotation,False,A
1778400000,0.16298,181982688,0.9826578091334749,0.08690207863761587,0.059250580166570366,0.964,normal,rotation,False,A
1778414400,0.16762,182037564,1.1131704831756133,0.20687285223367674,0.0631858199530877,0.964,normal,rotation,False,A
1778428800,0.1713,181130555,1.171906924693731,0.2558039552880486,0.07081097641203304,0.944,normal,rotation,False,A
1778443200,0.16957,177835033,1.145268100001393,0.2053422370617694,0.05011271459657696,0.836,normal,rotation,False,A
1778457600,0.16569,175638104,1.279956459246665,0.0688604509445461,0.04674144957388715,0.62,normal,rotation,False,A
1778472000,0.16743,178073156,1.288302597918097,0.09155766944114124,0.05616951194730335,0.848,normal,rotation,False,A
1778486400,0.16798,177026981,1.2878181675468727,0.05542963115598596,0.057012303861702085,0.772,normal,rotation,False,A
1778500800,0.16921,178640002,1.2844711442123926,0.17641902257286873,0.08986860982477252,0.872,normal,rotation,False,A
1778515200,0.16942,177601967,1.284894703518166,0.17515364354697077,0.09696779717458082,0.824,normal,rotation,False,A
1778529600,0.16845,175562760,1.2348800333563204,0.1497418244406195,0.06791819488360007,0.616,normal,rotation,False,A
1778544000,0.16622,168326057,1.2596614411919884,0.1341256366723265,0.035672642622825323,0.444,normal,rotation,False,A
1778558400,0.16541,169002054,1.2619428203617657,0.06973684210526299,0.03357795257509055,0.456,normal,rotation,False,A
1778572800,0.16438,164930243,1.1829275468490714,0.07587119541243942,0.012040633374630794,0.388,normal,rotation,False,A
1778587200,0.16213,165334094,1.2001206768846102,0.07610853739245564,0.03707471956834074,0.392,normal,rotation,False,A
1778601600,0.16293,166146443,1.1945564042102335,0.10000000000000019,0.028677097698449838,0.408,normal,rotation,False,A
1778616000,0.16234,165744193,1.1667075394962378,0.09284164859002199,0.04226307583861133,0.4,normal,rotation,False,A
1778630400,0.16423,170285940,1.189691458410685,0.11548223350253814,0.05330542843472874,0.496,normal,rotation,False,A
1778644800,0.1642,170649628,1.1889495602942108,0.1254801536491686,0.05575352807583256,0.5,normal,rotation,False,A
1778659200,0.16276,173248880,1.195231577756713,0.07799033003994113,0.030336042719334655,0.528,normal,rotation,False,A
1778673600,0.15795,172555381,1.3606017080079955,0.08898391366320497,0.035043332952739537,0.524,expanded,rotation,False,A
1778688000,0.15877,174974397,1.3604790706542929,0.1100041511000418,0.0062628265884774326,0.58,expanded,rotation,False,A
1778702400,0.15885,174194144,1.182806266018665,0.09674711437565617,-0.008082553994267494,0.548,normal,rotation,False,A
1778716800,0.15808,176913886,1.041120762855917,0.1944937833037304,-0.03412930227909139,0.792,normal,rotation,False,A
1778731200,0.15864,178037450,1.0435420646369067,0.1484517304189439,-0.025164076505741595,0.876,normal,rotation,False,A
1778745600,0.15849,179067086,0.9473501024830029,0.12473671893283446,-0.02534396224097002,0.904,normal,rotation,False,A
1778760000,0.16399,179296491,1.2153665701381613,0.046034147395720725,-0.012215802093050399,0.912,normal,rotation,False,A
1778774400,0.16579,180632983,1.2406721259882252,0.0670048615514693,0.005790519305519215,0.936,normal,rotation,False,A
1778788800,0.16226,175746291,1.3071347552327555,0.002371541501976466,-0.018987007100412123,0.652,expanded,rotation,False,A
1778803200,0.16191,178342322,1.3048383117186504,0.013451114234089644,0.0034152131767080096,0.88,expanded,rotation,False,A
1778817600,0.15992,173344730,1.3219453227119822,0.04340993910823009,-0.0349530962924961,0.536,expanded,rotation,False,A
1778832000,0.15893,172068494,1.3015271589584716,0.07933398628795364,-0.054478775475610086,0.52,expanded,rotation,False,A
1778846400,0.15465,167104821,1.4138917143257268,0.25586900769382537,-0.08203110760150578,0.432,expanded,rotation,True,C
1778860800,0.15437,168386047,1.412643092509812,0.35800380630154455,-0.07036089521174382,0.468,expanded,trend,True,C
1778875200,0.15454,169274385,1.3932384642595672,0.3286682702820911,-0.04813814160002994,0.488,expanded,trend,True,C
1778889600,0.15466,172287051,1.385060488612237,0.2628067667381474,-0.019079305251439083,0.536,expanded,trend,True,C
1778904000,0.1519,170714518,1.413726900765829,0.3612468015817641,-0.04132367935344505,0.516,expanded,trend,True,C
1778918400,0.15147,171841322,1.367559058791603,0.38511779799393614,-0.029293043188710288,0.532,expanded,trend,True,C
1778932800,0.1522,172102924,1.3772120320340002,0.4014632995043674,-0.03659358445372163,0.544,expanded,trend,True,C
1778947200,0.15191,172908430,1.3720317847133934,0.41248527679623176,-0.02642728050416243,0.564,expanded,trend,True,C
1778961600,0.15168,173205656,1.2297787776197944,0.4020618556701037,-0.013425990796681497,0.564,normal,trend,False,B
1778976000,0.15141,170647567,1.2177563006379226,0.3725786163522024,0.013791744673256279,0.508,normal,trend,False,B
1778990400,0.15188,173306967,1.2205241519233594,0.34331387972595895,0.025472548398731254,0.568,normal,trend,False,B
1779004800,0.15195,175251777,1.2193540927451973,0.32327698309492897,0.06258120895389685,0.644,normal,trend,False,B
1779019200,0.15089,175744341,1.2156101800294439,0.3016639828234037,0.06296491393964998,0.68,normal,trend,False,B
1779033600,0.15165,177001419,1.2165557248707257,0.3030628694250403,0.06533378508741228,0.804,normal,trend,False,B
1779048000,0.14921,164652490,0.9340919370415008,0.33606347581264434,-0.006586674201008003,0.368,normal,trend,False,B
1779062400,0.14941,165769227,0.8770669438956984,0.3964686998394867,-0.026524286150694576,0.392,normal,trend,False,B
1779076800,0.14768,165118950,0.8109022069820814,0.42272262026612123,-0.032409552044262324,0.38,compressed,trend,False,B
1779091200,0.14767,167546788,0.8153320695850133,0.4007968127490042,-0.032912720705611465,0.428,compressed,trend,False,B
1779105600,0.14622,166025262,0.8054703919457356,0.34208223972003565,-0.03784361265442082,0.392,compressed,trend,False,B
1779120000,0.14706,166056765,0.833372341910117,0.34129991256193515,-0.050965353519692336,0.392,compressed,trend,False,B
1779134400,0.14722,165973486,0.6482848419307569,0.3381797034021518,-0.04719250493288685,0.38,compressed,trend,False,B
1779148800,0.14676,167579915,0.6482611994079928,0.33215962441314545,-0.05275996820283513,0.428,compressed,trend,False,B
1779163200,0.14698,171547221,0.6493975845361415,0.34558387670420887,-0.036454290937103395,0.504,compressed,trend,False,B
1779177600,0.14498,168121267,0.68723543365133,0.37960101152008996,-0.06112691753972033,0.436,compressed,trend,False,B
1779192000,0.14471,167763530,0.6053757049702487,0.6350461133069832,-0.06432340608383691,0.424,compressed,trend,False,B
1779206400,0.1439,167708859,0.6100691984155444,0.7453183520599254,-0.07154908137679372,0.42,compressed,trend,False,B
1779220800,0.14346,166683606,0.5868694554182645,0.7153729071537293,-0.05156686350780515,0.38,compressed,trend,False,B
1779235200,0.14285,167585708,0.5877658593637122,0.7181612660135647,-0.0603144216099194,0.412,compressed,trend,False,B
1779249600,0.14314,170643618,0.5978914799519699,0.6755233494363944,-0.015582313924397906,0.484,compressed,trend,False,B
1779264000,0.14266,170055531,0.5975151882208509,0.668721742704481,-0.011698614622616454,0.476,compressed,trend,False,B
1779278400,0.14392,167113756,0.6382370033162769,0.5035194744251548,5.34694328178098e-05,0.38,compressed,trend,False,B
1779292800,0.14411,165872969,0.6414005274242023,0.48350612629594963,-0.01492450262223921,0.336,compressed,trend,False,B
1779307200,0.14372,165593198,0.6355746949616952,0.5046641791044804,-0.02174686382703439,0.324,compressed,trend,False,B
1779321600,0.14687,167352920,0.8205864385412696,0.31834899877400913,-0.028639012458341995,0.388,compressed,trend,False,B
1779336000,0.14565,166767665,0.7710119062669274,0.2725686873092024,-0.023119609546037534,0.368,compressed,trend,False,B
1779350400,0.14329,165608358,0.8404216496811279,0.32904263877715223,-0.03627162505186032,0.316,compressed,trend,False,B
1779364800,0.14481,164261992,0.855640974273837,0.28810916179337315,-0.045559551329877435,0.26,normal,trend,False,B
1779379200,0.14763,164986050,0.9683974316065991,0.15188076650106405,-0.04581835599340067,0.3,normal,rotation,False,A
1779393600,0.14661,163908973,0.9576629062060459,0.17500862961684568,-0.053674246065036124,0.236,normal,rotation,False,A
1779408000,0.14813,165067779,0.9804490725140003,0.10853739245532686,-0.032697729584389545,0.3,normal,rotation,False,A
1779422400,0.14706,166676068,0.9958679214009573,0.15639195327709243,-0.03826100655261022,0.352,normal,rotation,False,A
1779436800,0.1487,166676272,1.0234838678865292,0.1003396109910467,-0.048932485289435945,0.352,normal,rotation,False,A
1779451200,0.14738,161572541,1.0455119742335397,0.10750382848391997,-0.08063872736590705,0.184,normal,rotation,False,A
1779465600,0.14457,158387337,1.091119256533186,0.20403458213256503,-0.10516346199461823,0.16,normal,rotation,False,A
1779480000,0.14344,159763962,1.1033890252019762,0.17280622941000304,-0.0296899731063891,0.176,normal,rotation,False,A
1779494400,0.14438,159977140,1.1031351187896994,0.147377673600937,-0.03494066483159752,0.18,normal,rotation,False,A
1779508800,0.14066,155035219,1.2461204870432219,0.19435215946843842,-0.06106949565752451,0.1,normal,rotation,False,A
1779523200,0.14116,155646866,1.2474094345999984,0.17782026768642412,-0.07102447108684651,0.112,normal,rotation,False,A
1779537600,0.14509,156642624,1.3932831672205734,0.028907649015093184,-0.05651331542545612,0.14,expanded,rotation,False,A
1779552000,0.14606,157103825,1.391706062185945,0.025497195308516102,-0.053914936859091545,0.152,expanded,rotation,False,A
1779566400,0.14799,154102154,1.398839372884439,0.018785069529153958,-0.07152547244805108,0.084,expanded,rotation,False,A
1779580800,0.14845,152016525,1.390538487713846,0.0412295681873627,-0.09287145180852963,0.076,expanded,rotation,False,A
1779595200,0.14861,151766386,1.381714356263175,0.03982408990960158,-0.11530839663091952,0.076,expanded,rotation,False,A
1779609600,0.14927,152094037,1.3013522541800375,0.10836069714574424,-0.09533136578134405,0.084,expanded,rotation,False,A
1779624000,0.14663,149094732,1.3487005580847786,0.04575786463298389,-0.11128043145014888,0.064,expanded,rotation,False,A
1779638400,0.14637,149437666,1.2943045927443935,0.05964742815744985,-0.1089459024940358,0.068,normal,rotation,False,A
1779652800,0.14744,149360735,1.28405228717493,0.0946717411988578,-0.10392666330964784,0.068,normal,rotation,False,A
1779667200,0.14738,148867037,1.2121044230755311,0.10918293564714404,-0.1116961059710414,0.064,normal,rotation,False,A
1779681600,0.15294,158451538,1.4413715815399522,0.2095808383233534,-0.07144761780660325,0.212,expanded,rotation,False,A
1779696000,0.15102,155211424,1.461361811330151,0.17344398340248912,-0.08728976301276548,0.14,expanded,rotation,False,A
1779710400,0.15113,149914502,1.4493453667271412,0.15324123273113685,-0.10291943890005084,0.08,expanded,rotation,False,A
1779724800,0.15039,148326206,1.4319532222657316,0.13193277310924378,-0.10578434271590087,0.06,expanded,rotation,False,A
1779739200,0.14969,145767828,1.4098524682629914,0.12460864120225419,-0.11972333549594227,0.044,expanded,rotation,False,A
1779753600,0.14798,146525196,1.3561735262685242,0.023886378308586177,-0.12445390256710187,0.052,expanded,rotation,False,A
1779768000,0.14789,148369862,1.337881362280563,0.0494044993383324,-0.11031996520428589,0.072,expanded,rotation,False,A
1779782400,0.14968,150070350,1.3487784110579744,0.14272950636587006,-0.09382381534149387,0.108,expanded,rotation,False,A
1779796800,0.14956,152080001,1.1952243081336502,0.10952271155176387,-0.07416195829404038,0.124,normal,rotation,False,A
1779811200,0.14764,152763959,1.2386271481802007,0.00023546032493483015,-0.0740795418764193,0.136,normal,rotation,False,A
1779825600,0.14762,152897738,1.103516228348579,0.024354955389438406,-0.0671789640216951,0.14,normal,rotation,False,A
1779840000,0.14752,151786440,1.093088881393033,0.015230961298377024,-0.08045991216735282,0.12,normal,rotation,False,A
1779854400,0.14752,152251989,1.0544493775361907,0.011800923550539159,-0.08653959247466769,0.14,normal,rotation,False,A
1779868800,0.14716,152397644,1.0502882518213719,0.040848806366047416,-0.08566683084920446,0.144,normal,rotation,False,A
1779883200,0.16167,186362132,2.2196194429372254,0.28080172921988616,0.15342700465421277,1.0,expanded,rotation,False,A
1779897600,0.16513,197356791,2.23959639502981,0.39891346526969373,0.24603894943949967,1.0,expanded,trend,False,B
1779912000,0.16395,191187849,2.1997162131932533,0.3975576662143831,0.19668945741343102,0.996,expanded,trend,False,B
1779926400,0.17031,218322555,2.291207476684792,0.45483248552885486,0.3647109518272422,1.0,expanded,trend,False,B
1779940800,0.16642,231352386,2.368543155689321,0.45050717033928034,0.4922569690439178,1.0,expanded,trend,False,B
1779955200,0.17793,263450989,2.6550961442620333,0.5392286258982264,0.6926199400635538,1.0,expanded,trend,False,B
1779969600,0.19623,301043095,3.1643630307932136,0.6194282945736441,0.9218466041529028,1.0,expanded,trend,False,B
1779984000,0.20124,307639239,3.126964009242384,0.6371824480369523,0.9581906360332093,1.0,expanded,trend,False,B
1779998400,0.20365,317810764,3.109045008252823,0.6391823610473135,1.062338233117754,1.0,expanded,trend,False,B
1780012800,0.20853,321919195,3.0754068885031165,0.6566120218579242,1.117659215009684,1.0,expanded,trend,False,B
1780027200,0.20748,302052373,3.076547539386349,0.637190172096548,0.9902455409328914,0.988,expanded,trend,False,B
1780041600,0.20366,292717763,3.1075127326597745,0.56923076923077,0.9245840847790765,0.98,expanded,trend,False,B
1780056000,0.21446,286113083,3.1670616789839543,0.6540352907144933,0.9190019604448534,0.976,expanded,trend,False,B
1780070400,0.23971,297809562,3.6769472224126387,0.7252525252525261,0.9928681300469455,0.98,expanded,trend,False,B
1780084800,0.25919,301845086,3.797126986601059,0.7596356467949162,1.020913233990178,0.984,expanded,trend,False,B
1780099200,0.29335,305464097,4.16193981362538,0.8055294961646713,1.0519256858722863,0.988,expanded,trend,False,B
1780113600,0.25256,287994662,5.566460945751362,0.46026612456107957,0.8175567472245047,0.964,expanded,trend,False,B
1780128000,0.25307,305020716,5.560957711798094,0.4745849416360512,0.9651950103878952,0.984,expanded,trend,False,B
1780142400,0.25202,295266323,5.570321998856174,0.4671482150298657,0.9695647789964976,0.964,expanded,trend,False,B
1780156800,0.24595,287294094,5.637490136672811,0.4318120198825126,0.9369071841559811,0.952,expanded,trend,False,B
1780171200,0.22947,310225072,5.752428725285444,0.33651088240256477,1.1282135863340161,0.992,expanded,trend,False,B
1780185600,0.24083,321326276,5.786148747921468,0.37632229562679864,1.19297625781712,0.996,expanded,trend,False,B
1780200000,0.23127,311099959,5.889640143314897,0.3254488680718191,1.0967867382662928,0.988,expanded,trend,False,B
1780214400,0.26364,309361371,6.318068328822132,0.3973777808773277,1.061442323550255,0.98,expanded,trend,False,B
1780228800,0.24483,299349835,6.5548009143640655,0.31188005368776,0.9683708116230221,0.952,expanded,trend,False,B
1780243200,0.24317,302417502,6.49332670865844,0.31299760820418754,0.9796390718048882,0.964,expanded,trend,False,B
1780257600,0.2596,308163913,6.346808192194335,0.3481748647472174,1.0154903338072927,0.976,expanded,trend,False,B
1780272000,0.26337,328180779,6.342322853040554,0.3561437486550464,1.1621218535726907,1.0,expanded,trend,False,B
1780286400,0.25496,318019110,6.410430960949555,0.3219658375786637,1.0887681802304732,0.988,expanded,trend,False,B
1780300800,0.26064,314742381,6.409134117571764,0.3347295144829215,1.0652706481472904,0.98,expanded,trend,False,B
1780315200,0.24939,311037015,6.500219636834275,0.2612580414581846,0.66899257731179,0.972,expanded,trend,False,B
1780329600,0.24863,312267585,6.47908222328105,0.2507055785744312,0.5822489989716138,0.976,expanded,trend,False,B
1780344000,0.243,314761493,6.447757220517248,0.23421528251014798,0.6463467456030638,0.98,expanded,trend,False,B
1780358400,0.23562,325066360,6.078982930371988,0.19292234070835687,0.4889270602389204,0.996,expanded,rotation,False,A
1780372800,0.22994,331732843,5.853674417928288,0.1866478608368595,0.4338855489478288,1.0,expanded,rotation,False,A
1780387200,0.23024,324496796,5.164483933469661,0.15894381817629372,0.231715991014936,0.988,expanded,rotation,False,A
1780401600,0.2183,328455947,4.359693308828656,0.06838109992254071,0.09105956075823629,0.996,expanded,rotation,True,C
1780416000,0.2189,329780894,4.360390355134322,0.05547527800464917,0.07197279213137042,0.996,expanded,rotation,True,C
1780430400,0.22242,323701279,4.385565538042044,0.058757239004539115,0.018534661714604495,0.976,expanded,rotation,True,C
1780444800,0.21933,324059623,4.372010219544452,0.033998614871246016,0.006648960463510045,0.976,expanded,rotation,True,C
1780459200,0.22996,319381194,4.276189837386521,0.06869575846473538,0.05737025280711827,0.96,expanded,rotation,True,C
1780473600,0.22719,304179987,4.155153941843297,0.07213587173119962,0.03915793794857603,0.904,expanded,rotation,True,C
1780488000,0.22185,294141430,4.103188323859849,0.023041187291491235,0.02806004855080335,0.872,expanded,rotation,True,C
1780502400,0.21376,289408458,3.015106748482119,0.08548275521296574,-0.028209651643085976,0.864,expanded,rotation,True,C
1780516800,0.20863,295990750,2.7152542542326827,0.17481501970818056,-0.0193951674933015,0.876,expanded,rotation,True,C
1780531200,0.21347,291645262,2.7869427881805646,0.30734898037706837,-0.045238819015774534,0.86,expanded,rotation,True,C
1780545600,0.20827,297260995,2.3445267580993807,0.1974499576478981,0.03217536372254015,0.876,expanded,rotation,True,C
1780560000,0.20593,304054479,2.2809069726005915,0.20845493941805981,-0.003167775004501716,0.9,expanded,rotation,True,C
1780574400,0.20703,296908077,2.265033626605886,0.198903576639109,0.005560248061205364,0.868,expanded,rotation,True,C
1780588800,0.20939,293279956,2.208378986190094,0.16432937792161112,0.0208353117067559,0.852,expanded,rotation,True,C
1780603200,0.20154,288236404,2.172908041867451,0.130605564648118,-0.07087972567220491,0.836,expanded,rotation,True,C
1780617600,0.1959,295502315,2.1951637200022853,0.2158746937010524,-0.0803667889270282,0.86,expanded,rotation,True,C
1780632000,0.19351,278934733,2.1556148307854675,0.18789808917197473,-0.10339193262317337,0.816,expanded,rotation,True,C
1780646400,0.18967,278105604,2.1008149467206976,0.42898567534651766,-0.1010331926670961,0.812,expanded,trend,True,C
1780660800,0.1869,277184009,2.074728911961939,0.3704201035871861,-0.07404656160909528,0.808,expanded,trend,True,C
1780675200,0.19215,279667096,2.168892681652907,0.3189148643580451,-0.07522847007710554,0.816,expanded,trend,True,C
1780689600,0.2031,270883395,2.282096999775733,0.3656957928802592,-0.12097626109777493,0.8,expanded,trend,True,C
1780704000,0.19253,264450610,2.456792653574065,0.43918164910105423,-0.1941922655988333,0.796,expanded,trend,True,C
1780718400,0.20109,265478599,2.5973229866163408,0.3336636729637663,-0.16521180441011862,0.796,expanded,trend,True,C
1780732800,0.19764,260214136,2.596837868962526,0.39567893480718513,-0.17324722786538238,0.784,expanded,trend,True,C
1780747200,0.21077,259427273,2.7411408557766688,0.23972687771570458,-0.1659279748424798,0.78,expanded,trend,True,C
1780761600,0.20268,251862419,2.797184639693329,0.27281363177581197,-0.19344039824050263,0.776,expanded,trend,True,C
1780776000,0.21196,249156271,2.9019090923873683,0.1803812180381218,-0.2084283607080235,0.772,expanded,rotation,True,C
1780790400,0.21093,255424664,2.8033204609765003,0.14897725215712304,-0.2142383973536972,0.776,expanded,rotation,True,C
1780804800,0.21008,256287098,2.7551121885302132,0.12343070229956508,-0.22742922985168523,0.776,expanded,rotation,True,C
1780819200,0.20579,264062909,2.742533482446216,0.14828067196312697,-0.18623877876439798,0.788,expanded,rotation,True,C
1780833600,0.203,261487978,2.7152831759882172,0.09824065750609982,-0.20388721717984304,0.78,expanded,rotation,True,C
1780848000,0.2001,261937237,2.712934696929912,0.11895722601872956,-0.205723431024479,0.78,expanded,rotation,True,C
1780862400,0.20575,260563643,2.7564371479742977,0.10407691827433369,-0.19504907794942627,0.772,expanded,rotation,True,C
1780876800,0.20114,259783758,2.769596431440952,0.11249922691570287,-0.1983457994703648,0.764,expanded,rotation,True,C
1780891200,0.2033,260734450,2.6810228729694328,0.17399817256232875,-0.18362616554060474,0.772,expanded,rotation,True,C
1780905600,0.20254,261247708,2.61890248936949,0.16301831889425317,-0.14114103765807573,0.772,expanded,rotation,True,C
1780920000,0.19947,258362271,2.6146952963007877,0.15026185040956092,-0.12163930460255123,0.748,expanded,rotation,True,C
1780934400,0.20314,257149149,2.576893054879544,0.07348463880431794,-0.11146636564436552,0.744,expanded,rotation,True,C
1780948800,0.20247,258891472,2.541860920982059,0.043981150935313476,-0.12533931550225808,0.748,expanded,rotation,True,C
1780963200,0.197,254537172,2.558007929423785,0.11706588954438837,-0.12723707474459156,0.728,expanded,rotation,True,C
1780977600,0.20161,256307397,2.3814407876177515,0.047537473233404744,-0.1377698342158883,0.736,expanded,rotation,True,C
1780992000,0.19681,259547495,2.207911397423042,0.06397306397306395,-0.14637832057721467,0.752,expanded,rotation,True,C
1781006400,0.19498,248063721,2.0611034397927126,0.08409519156954437,-0.16451002779557256,0.708,expanded,rotation,True,C
1781020800,0.19551,241734807,2.038751145280145,0.09811960978368452,-0.17575408051411467,0.704,expanded,rotation,True,C
1781035200,0.19213,239024791,1.6545836089993196,0.0686911453390759,-0.17073351012247573,0.7,expanded,rotation,True,C
1781049600,0.18785,241232395,1.5595870624023294,0.059352650593526554,-0.1836531128360196,0.7,expanded,rotation,True,C
1781064000,0.18606,241140377,1.2667484783566152,0.05517292453528838,-0.13549533825893245,0.696,normal,rotation,True,C
1781078400,0.18461,246024673,1.265138925860985,0.03814837153196631,-0.11535521233149981,0.704,normal,rotation,True,C
1781092800,0.18821,245072350,1.343703702213868,0.009814939686820848,-0.1158496087701798,0.7,expanded,rotation,True,C
1781107200,0.18479,244545305,1.3240600908714577,0.05591005773321165,-0.12558428039028235,0.696,expanded,rotation,True,C
1781121600,0.18271,245077624,1.3085116040572518,0.16608291927995444,-0.09526523764957984,0.7,expanded,rotation,True,C
1781136000,0.19258,242408942,1.6225557878310335,0.0004096010485786396,-0.08334890208799295,0.688,expanded,rotation,True,C
1781150400,0.19051,248247288,1.5221303261851398,0.0915383284305242,-0.06490659158556134,0.708,expanded,rotation,True,C
1781164800,0.19067,245794095,1.4826823350891574,0.06207142221034829,-0.05541605549054418,0.696,expanded,rotation,True,C
1781179200,0.18578,239633190,1.5110179296742088,0.24017299375300366,-0.07629915995763481,0.664,expanded,rotation,True,C
1781193600,0.19163,237023003,1.6252462922331834,0.10853550731755245,-0.05891873848793616,0.656,expanded,rotation,True,C
1781208000,0.19189,238296085,1.6105832541266785,0.2162948593598451,-0.04358784933010973,0.656,expanded,rotation,True,C
1781222400,0.19557,233891309,1.6122888774977024,0.16093880972338676,-0.08430413360551592,0.648,expanded,rotation,True,C
1781236800,0.1901,232987347,1.6722735945665594,0.19968019188486932,-0.09091269588608009,0.644,expanded,rotation,True,C
1781251200,0.19398,234222146,1.6560933503139144,0.11851480180632211,-0.11300626473065178,0.648,expanded,rotation,True,C
1781265600,0.18819,231858253,1.6671169607137484,0.14427666829030714,-0.1133119970815637,0.636,expanded,rotation,True,C
1781280000,0.18894,230196676,1.6251412768542564,0.1110447761194031,-0.1211762075660896,0.628,expanded,rotation,True,C
1781294400,0.18791,230164153,1.6152243439196645,0.1860659157279934,-0.11666819533990014,0.624,expanded,rotation,True,C
1781308800,0.18514,226916666,1.621335315987563,0.1701403658017867,-0.12651711659356313,0.62,expanded,rotation,False,A
1781323200,0.1906,227178601,1.6513945717249507,0.13047051571810173,-0.12869741225219755,0.62,expanded,rotation,False,A
1781337600,0.19131,227362239,1.5776215324375333,0.11542810155206079,-0.12970628243750948,0.62,expanded,rotation,False,A
1781352000,0.19123,233375365,1.5643596979060448,0.08738069989395546,-0.09671267365504777,0.64,expanded,rotation,False,A
1781366400,0.18681,234761810,1.6050264756378514,0.17180431351920025,-0.0870597436820606,0.648,expanded,rotation,False,A
1781380800,0.18693,233001292,1.5687624764227233,0.16444444444444437,-0.10000398931641907,0.632,expanded,rotation,False,A
1781395200,0.18572,232606502,1.5404637833460042,0.12500000000000008,-0.08615900706243407,0.624,expanded,rotation,False,A
1781409600,0.18652,234288650,1.5270514042377663,0.17459215550156212,-0.08590757526986237,0.644,expanded,rotation,False,A
1781424000,0.18374,236486205,1.2731471103418548,0.15483947399597228,-0.08885190743220239,0.648,normal,rotation,False,A
1781438400,0.1817,237692155,1.2710901818131175,0.15693689435121705,-0.04181008798138608,0.652,normal,rotation,False,A
1781452800,0.18161,235065893,1.2691648495924674,0.16512235685435964,-0.027587727571230514,0.64,normal,rotation,False,A
1781467200,0.19088,237947622,1.450703103981241,0.013878094815143788,-0.004506515811575351,0.652,expanded,rotation,False,A
1781481600,0.18985,239124818,1.3654484286735458,0.023036166781847518,-0.008736708019667083,0.66,expanded,rotation,False,A
1781496000,0.18896,240335499,1.3652963156890399,0.03375232774674098,-0.0033377985471093607,0.664,expanded,rotation,False,A
1781510400,0.19959,250152644,1.597058411805252,0.15751840168243944,0.01677868707095076,0.712,expanded,rotation,False,A
1781524800,0.22448,261276155,2.360565263131367,0.31162471002663467,0.06611845440744335,0.772,expanded,rotation,False,A
1781539200,0.22056,253607418,2.378430771027357,0.30601420138591817,0.03705699031923748,0.712,expanded,rotation,False,A
1781553600,0.21351,255022459,2.3812374827521223,0.25274905629410777,0.04057830673272722,0.716,expanded,rotation,False,A
1781568000,0.21431,247679576,2.374591299581742,0.1926589236634452,0.021742737526571965,0.684,expanded,rotation,False,A
1781582400,0.21631,249273269,2.355696564304172,0.22888573456351993,0.004132899127582856,0.696,expanded,rotation,False,A
1781596800,0.2223,258336896,2.317072835092686,0.2668072543230701,0.051029708423223186,0.732,expanded,rotation,False,A
1781611200,0.21885,250555204,2.2947918158780047,0.2823840833404488,0.045578052021925775,0.696,expanded,rotation,False,A
1781625600,0.21813,247646126,2.2888061303254004,0.23664940167887097,0.04481895371142519,0.668,expanded,rotation,False,A
1781640000,0.21658,242312337,2.286655833342946,0.21797475059592097,0.016854041055689217,0.64,expanded,rotation,False,A
1781654400,0.22796,249666333,2.314357769424866,0.267752335289741,0.06744596055084706,0.688,expanded,rotation,False,A
1781668800,0.22199,249730796,2.293448928367293,0.26253395900222254,0.07186419870260163,0.688,expanded,rotation,False,A
1781683200,0.22392,244627262,2.215017520090289,0.25050200803212824,0.044424134001402216,0.64,expanded,rotation,False,A
1781697600,0.22982,254437221,2.166751850508033,0.3479896347070131,0.09738263662324753,0.704,expanded,rotation,False,A
1781712000,0.22007,246506247,2.2021592683235647,0.242011972323719,0.07085059299466168,0.652,expanded,rotation,False,A
1781726400,0.22544,249157784,2.1821979563331713,0.2822441152139579,0.08252210760204703,0.672,expanded,rotation,False,A
1781740800,0.23158,246100079,2.1243823703613955,0.3406190406337097,0.08453946260606515,0.644,expanded,rotation,False,A
1781755200,0.23872,234158000,2.0275769823060092,0.3486451238950874,0.030722079321194418,0.544,expanded,rotation,False,A
1781769600,0.23683,235097869,2.030656949614453,0.3270114942528735,0.034023371840563144,0.56,expanded,rotation,False,A
1781784000,0.23797,255253524,1.946356109954691,0.333238271780978,0.09374665145140737,0.712,expanded,rotation,False,A
1781798400,0.23673,249476207,1.8081389863036725,0.36416690983367367,0.06267798412356762,0.672,expanded,trend,False,B
1781812800,0.23425,245193421,1.2308832236716511,0.33935742971887556,0.052326443752080065,0.624,normal,trend,False,B
1781827200,0.22601,237663966,1.2772422026241692,0.27507339386905166,0.02174257364482446,0.556,normal,trend,False,B
1781841600,0.21733,243680014,1.290342753484541,0.19961127308066087,0.04008458796446179,0.604,normal,rotation,False,A
1781856000,0.21643,245408018,1.2812218393090833,0.21440283334426466,0.03772656844825262,0.624,normal,rotation,False,A
1781870400,0.22222,243188543,1.2908932663276478,0.2593778005377033,0.023123977314270183,0.596,normal,rotation,False,A
1781884800,0.21831,240354027,1.2442199586993088,0.22931767058235453,0.02249638998031922,0.572,normal,rotation,False,A
1781899200,0.21799,237491131,1.215396396903368,0.17942947911840626,-0.0019184516162132903,0.536,normal,rotation,False,A
1781913600,0.21168,232782664,1.2423784601039052,0.139604783526252,-0.0265223578758772,0.484,normal,rotation,False,A
1781928000,0.21585,234553095,1.2549876667355342,0.16843094268712816,-0.024059716621388505,0.512,normal,rotation,False,A
1781942400,0.21495,235288462,1.1134946322294195,0.10245464247598733,-0.05942044730096874,0.524,normal,rotation,False,A
1781956800,0.21559,233917749,1.07930736857671,0.07074082915572544,-0.10471068819885232,0.492,normal,rotation,False,A
1781971200,0.21252,234338165,1.0783397733850515,0.06441275436628766,-0.07598063633927299,0.504,normal,rotation,False,A
1781985600,0.21605,235166160,1.0502414367808344,0.020939818631492073,-0.07786098164789479,0.52,normal,rotation,False,A
1782000000,0.21426,236633039,0.9567882869160873,0.0004088641753209137,-0.04460011268753139,0.528,normal,rotation,False,A
1782014400,0.21334,240771514,0.9156870237540203,0.024502928801254046,-0.03410616402675737,0.572,normal,rotation,False,A
1782028800,0.21086,238365982,0.8600030903368494,0.09719626168224312,-0.07730569775058382,0.548,normal,rotation,False,A
1782043200,0.21612,243177281,0.8352471378106044,0.02284327671324562,-0.02944629719205516,0.592,compressed,rotation,False,A
1782057600,0.21476,243935818,0.834758895440127,0.0280482729920931,-0.01498229776467408,0.6,compressed,rotation,False,A
1782072000,0.20963,239579687,0.8506287479205095,0.05617069425361665,-0.011277387003204908,0.548,normal,rotation,False,A
1782086400,0.21032,243639261,0.8564574992973253,0.15605095541401276,-0.024140507562948055,0.592,normal,rotation,False,A
1782100800,0.21294,243552107,0.8752492750425549,0.08250524204576544,-0.024741397933156772,0.588,normal,rotation,False,A
1782115200,0.21417,245512300,0.8121781141918821,0.08945774841728615,0.00361790420562369,0.624,compressed,rotation,False,A
1782129600,0.20874,251669414,0.7534922744395856,0.19424990785108742,-0.010878152925589468,0.688,compressed,rotation,False,A
1782144000,0.20399,240755673,0.7843513159229688,0.1553323029366306,-0.02332830940385866,0.544,compressed,rotation,False,A
1782158400,0.20279,238424644,0.7159450808009259,0.2279818822345247,-0.04307768285497349,0.516,compressed,rotation,False,A
1782172800,0.19815,248163937,0.7292625929907057,0.34164537557486,0.00838625492680145,0.648,compressed,rotation,False,A
1782187200,0.19567,254560697,0.7325548153290075,0.4619594377079089,0.0871321799810385,0.704,compressed,trend,False,B
1782201600,0.1937,256700498,0.6869704779549467,0.4624209284871882,0.09188781290059245,0.724,compressed,trend,False,B
1782216000,0.19285,254380309,0.6353759490417307,0.485265648526565,-0.0034209713790278595,0.688,compressed,trend,False,B
1782230400,0.19408,256474259,0.6474023430046977,0.4587501344519738,0.028050979627087136,0.72,compressed,trend,False,B
1782244800,0.19499,254543702,0.6500499324542979,0.42954048140043793,0.0381343062218622,0.692,compressed,trend,False,B
1782259200,0.19184,252499498,0.6535131877475683,0.3958985053875565,0.062422302588352796,0.672,compressed,trend,False,B
1782273600,0.19121,251267151,0.610250658846778,0.3337592639918223,0.031135655630748715,0.66,compressed,trend,False,B
1782288000,0.19204,249784717,0.6191061521654276,0.311932472183144,0.01783437654429032,0.648,compressed,trend,False,B
1782302400,0.18546,251918796,0.6897381091020147,0.4654342871613067,0.03589911305977922,0.668,compressed,trend,False,B
1782316800,0.18393,250442532,0.6880157907396627,0.4488250652741515,0.04197352183327463,0.648,compressed,trend,False,B
1782331200,0.18544,249076495,0.6205702179009828,0.41843424604705,0.04878230168519426,0.612,compressed,trend,True,C
1782345600,0.18635,243065129,0.6340682312856296,0.3499102085923475,0.044171953457839974,0.52,compressed,trend,True,C
1782360000,0.18688,246159306,0.6132056415704873,0.42138181818181825,0.049482233436314305,0.584,compressed,trend,True,C
1782374400,0.18211,248534095,0.6385995753916592,0.45221702010465453,0.05629529339181971,0.608,compressed,trend,True,C
1782388800,0.17861,238884088,0.6127907960245473,0.4899311075781666,0.021231133683660808,0.456,compressed,trend,True,C
1782403200,0.17522,240627315,0.6001604976131598,0.4920844327176782,0.026837924586462503,0.48,compressed,trend,True,C
1782417600,0.17885,242673602,0.652749998199169,0.49011857707509865,0.03192398940391761,0.508,compressed,trend,True,C
1782432000,0.17526,248012852,0.6460567754156215,0.5019305019305019,0.04809055002670193,0.592,compressed,trend,True,C
1782446400,0.1789,241254263,0.7091429709365301,0.4282516786868937,0.0020050087818943574,0.488,compressed,trend,True,C
1782460800,0.17425,242582799,0.7184574324270105,0.4432740041167211,0.017690515083649716,0.5,compressed,trend,True,C
1782475200,0.17809,257968975,0.7716544990187438,0.46852285327091286,0.060826792450237255,0.728,compressed,trend,True,C
1782489600,0.17875,260037416,0.773988190931683,0.44749596122778684,0.06600751842027552,0.752,compressed,trend,True,C
1782504000,0.17773,261580302,0.7741842831653292,0.4177579884756418,0.0918300515185162,0.776,compressed,trend,True,C
1782518400,0.17385,258863464,0.7868344887110262,0.45845380263984914,0.06248665727154701,0.728,compressed,trend,True,C
1782532800,0.1755,258445873,0.7953371091630584,0.4764571137694069,0.06115227736461337,0.724,compressed,trend,True,C
1782547200,0.17653,257274810,0.7937411740315279,0.48022454707833634,0.04791006397642805,0.708,compressed,trend,True,C
1782561600,0.17862,259086914,0.810807143756203,0.4013859275053305,0.029473188188056998,0.732,compressed,trend,True,C
1782576000,0.17375,251645343,0.8434506454007216,0.40234167110164987,0.04523120832130911,0.628,compressed,trend,True,C
1782590400,0.17378,249683842,0.7787423151143152,0.3920800108122719,0.047223297940627296,0.6,compressed,trend,True,C
1782604800,0.17342,249974378,0.7768586506248404,0.3547554152919236,0.007295342836215468,0.608,compressed,trend,True,C
1782619200,0.17203,247950415,0.768741110598808,0.3445059749344216,-0.02596741004366432,0.548,compressed,trend,False,B
1782633600,0.17195,249083335,0.7639035687169585,0.325940356661172,-0.029673347186104815,0.572,compressed,trend,False,B
1782648000,0.17085,247198405,0.7605121097349428,0.328456255598686,-0.028232939995367357,0.532,compressed,trend,False,B
1782662400,0.17037,244276043,0.723824151609975,0.3579948663747547,-0.04756117065143761,0.48,compressed,trend,False,B
1782676800,0.17283,244044320,0.723576846222593,0.32694010032457915,-0.04124785613434667,0.476,compressed,trend,False,B
1782691200,0.17379,246624805,0.7008404860068267,0.27519438938862634,-0.023266157146973776,0.528,compressed,trend,False,B
1782705600,0.17341,247355191,0.6626028086059027,0.27242118151209027,-0.015568927272948674,0.532,compressed,trend,False,B
1782720000,0.17258,248176740,0.6317558566741773,0.2978267523722065,-0.00643745149548125,0.556,compressed,trend,False,B
1782734400,0.1737,247232704,0.5936181796847473,0.19639278557114256,-0.01860159731789124,0.524,compressed,rotation,False,A
1782748800,0.17705,245422537,0.5644673154317095,0.11150729335494317,-0.020044498671655364,0.488,compressed,rotation,False,A
1782763200,0.1749,240264719,0.5303579507362643,0.16907282643567506,-0.03537779026479393,0.372,compressed,rotation,False,A
1782777600,0.1827,244175534,0.7032926967820078,0.0527228080312001,0.004568343491180071,0.456,compressed,rotation,False,A
1782792000,0.18225,248450260,0.7005223750354261,0.06695589298626162,0.009306794194487988,0.56,compressed,rotation,False,A
1782806400,0.17717,249108324,0.7263842293048416,0.07112006910452051,0.0023104636810493684,0.572,compressed,rotation,False,A
1782820800,0.18255,241136010,0.7824174374550641,0.05522848331931588,0.009426839681343724,0.38,compressed,rotation,False,A
1782835200,0.18587,246662818,0.7992740260834914,0.14943173845937993,0.025082368558199564,0.508,compressed,rotation,False,A
1782849600,0.18902,246020298,0.8075026178176118,0.14366435937279246,0.013790935529938597,0.484,compressed,rotation,False,A
1782864000,0.204,247036302,1.0456907715301973,0.3497201265514721,-0.003937497561618319,0.508,normal,rotation,False,A
1782878400,0.20016,241863507,1.077510054076178,0.25807234765719833,0.0025253191070038206,0.384,normal,rotation,False,A
1782892800,0.19906,239619889,1.0769927417247183,0.3147278954712672,-0.012214015223725783,0.332,normal,rotation,False,A
1782907200,0.20224,232275146,1.0632707016079816,0.3089420493795574,-0.09960046164466096,0.204,normal,rotation,False,A
1782921600,0.20314,229785587,1.0568127002229462,0.3110572631041958,-0.11633644675195509,0.184,normal,rotation,False,A
1782936000,0.1973,221524819,1.1140105619362781,0.23513156313829153,-0.153128820074533,0.168,normal,rotation,False,A
1782950400,0.20056,223209439,1.108133890401356,0.3233264737925189,-0.13773293630962147,0.168,normal,rotation,False,A
1782964800,0.19682,222645717,1.135579528837456,0.25171192443919727,-0.13852090414305052,0.164,normal,rotation,False,A
1782979200,0.20029,227382053,1.1328621592001211,0.2726646775304109,-0.11618998766338606,0.18,normal,rotation,False,A
1782993600,0.19929,229061172,1.1247480513323223,0.24020918070889014,-0.1158906157645615,0.18,normal,rotation,False,A
1783008000,0.19652,222767269,1.1337045358839382,0.27123287671232904,-0.11475703724825137,0.156,normal,rotation,False,A
1783022400,0.19917,223400808,1.1329035432966463,0.29328866812983745,-0.10526525781351925,0.16,normal,rotation,False,A
1783036800,0.1972,227889281,1.135361621204592,0.26967566341574045,-0.0883494427576893,0.176,normal,rotation,False,A
1783051200,0.19949,227671647,1.1093826883842914,0.30826223619218684,-0.08178557797533836,0.172,normal,rotation,False,A
1783065600,0.20103,228754339,1.0309061613783437,0.3211840070686988,-0.08161523933345438,0.176,normal,rotation,False,A
1783080000,0.20061,227448497,1.0297155645450342,0.33118183841531285,-0.07989496534170604,0.164,normal,rotation,False,A
1783094400,0.20367,224273582,0.9768053017610089,0.360233665080052,-0.08188466111676784,0.144,normal,trend,False,B
1783108800,0.20394,224318889,0.9495015090800836,0.34470914127423835,-0.08082724891937665,0.144,normal,trend,False,B
1783123200,0.20639,222635635,0.9434460104212515,0.35535208197078705,-0.09726989951396003,0.12,normal,trend,False,B
1783137600,0.20638,224596360,0.937171919103073,0.3608405384699575,-0.0920087058128487,0.144,normal,trend,False,B
1783152000,0.20526,223926585,0.5895741024511799,0.3565350207287803,-0.09771324661610103,0.132,compressed,trend,False,B
1783166400,0.21139,222139628,0.6186580649925636,0.3898831074790525,-0.10149577945804455,0.108,compressed,trend,False,B
1783180800,0.20969,218921315,0.6224959450346361,0.3435066301831192,-0.10798202285717551,0.1,compressed,trend,False,B
1783195200,0.20655,217188936,0.6295209406634175,0.3296531611290494,-0.0960431606273412,0.092,compressed,trend,False,B
1783209600,0.20146,213172105,0.6762821195074056,0.20107181136120056,-0.1269718898208696,0.088,compressed,rotation,False,A
1783224000,0.19947,212775704,0.6190405153377955,0.18156895824546634,-0.14358832226619522,0.084,compressed,rotation,False,A
1783238400,0.19915,214157337,0.5978527791962864,0.24400532859680302,-0.1403043721654199,0.088,compressed,rotation,False,A
1783252800,0.20018,216030685,0.569275814528583,0.2056456316342006,-0.10411271630479413,0.088,compressed,rotation,False,A
1783267200,0.20072,217081312,0.5442165044828298,0.17902350813743234,-0.11992689550802105,0.088,compressed,rotation,False,A
1783281600,0.2033,214417539,0.5548030495198752,0.17334304442825957,-0.12845590082164682,0.08,compressed,rotation,False,A
1783296000,0.19989,211079598,0.5632030338399303,0.05804264934331277,-0.14555230834049648,0.064,compressed,rotation,False,A
1783310400,0.20053,212235525,0.5493370698321184,0.005472563230291516,-0.12249876952292771,0.064,compressed,rotation,False,A
1783324800,0.20261,216909246,0.5469507071532811,0.05175681586237101,-0.09477778783212776,0.084,compressed,rotation,False,A
1783339200,0.19958,215275107,0.5585324215334853,0.038866160140268814,-0.07318922963888697,0.076,compressed,rotation,False,A
1783353600,0.20035,214032880,0.5545727306272102,0.04084321475625807,-0.06855393850267899,0.064,compressed,rotation,False,A
1783368000,0.2,211513692,0.5544658677741043,0.0429799426934099,-0.045191897888425814,0.048,compressed,rotation,False,A
1783382400,0.19607,214535080,0.5626284070598284,0.0707197983934477,-0.038861972140882495,0.072,compressed,rotation,False,A
1783396800,0.19511,216705938,0.562339350413074,0.02816669411958474,-0.02667816421548319,0.08,compressed,rotation,False,A
1783411200,0.19425,215490076,0.543790851227035,0.10395869191049899,-0.05229954098444167,0.072,compressed,rotation,False,A
1783425600,0.19261,217759667,0.5453443466427869,0.11372148450800125,-0.049338370625293004,0.092,compressed,rotation,False,A
1783440000,0.19083,215730866,0.5479780478331294,0.09852813852813855,-0.03158634134891691,0.068,compressed,rotation,False,A
1783454400,0.18858,214424368,0.4371564205253089,0.1846556233653011,-0.040180875263441274,0.052,compressed,rotation,False,A
1783468800,0.18565,213100995,0.44721137411744116,0.19807923169267685,-0.06489241589208405,0.032,compressed,rotation,False,A
1783483200,0.18532,214224210,0.4397144712596802,0.2514640638864242,-0.05906504906164267,0.044,compressed,rotation,False,A
1783497600,0.18349,213809785,0.4002105689400172,0.30967514124293805,-0.06533014440438656,0.032,compressed,rotation,False,A
1783512000,0.1803,215715204,0.4214531079666099,0.3418616394546377,-0.051586592810063725,0.064,compressed,rotation,False,A
1783526400,0.18127,216362761,0.43299822145343575,0.3907885554780181,-0.035273084459854,0.076,compressed,trend,False,B
1783540800,0.18117,216277752,0.42362829327685325,0.39842519685039407,-0.0358469009714113,0.076,compressed,trend,False,B
1783555200,0.18117,217302319,0.42041537746416413,0.46106032906764155,-0.023955356472920464,0.1,compressed,trend,False,B
1783569600,0.18111,224126290,0.38244895439887416,0.4615525114155252,-0.0020929546676535793,0.144,compressed,trend,False,B
1783584000,0.18064,222091196,0.36863896425688664,0.455083179297597,-0.008196387222178192,0.116,compressed,trend,False,B
1783598400,0.18128,224204780,0.37209286935672053,0.6194198724542272,0.00929663931912228,0.152,compressed,trend,False,B
1783612800,0.18674,224199298,0.4921307940794324,0.4382279931258354,0.024109041186784363,0.152,compressed,trend,False,B
1783627200,0.18622,224660985,0.4793026931708695,0.40864321608040216,0.03440345138023049,0.172,compressed,trend,False,B
1783641600,0.19085,223444841,0.5552747911518855,0.21525664434976685,0.048189869870638,0.144,compressed,rotation,False,A
1783656000,0.1901,221561664,0.5562263184503667,0.19500520291363196,0.041292120457512294,0.116,compressed,rotation,False,A
1783670400,0.19305,221223540,0.5530660985861621,0.12036306235201251,0.032995381334985474,0.112,compressed,rotation,False,A
1783684800,0.18863,214912895,0.5993808843879778,0.21361198446458302,-0.005174218653243634,0.056,compressed,rotation,False,A
1783699200,0.18994,214313799,0.6069417598853558,0.1965718453683445,-0.012748739053134117,0.044,compressed,rotation,False,A
1783713600,0.19054,214066454,0.604134623181386,0.24139235716988316,-0.0016373893741966628,0.036,compressed,rotation,False,A
1783728000,0.19058,214843481,0.598065989942647,0.18811881188118834,0.017831581240741246,0.064,compressed,rotation,False,A
1783742400,0.18988,214297271,0.5872732834161939,0.21493440968718502,0.00971442457618732,0.048,compressed,rotation,False,A
1783756800,0.19018,213786715,0.561624212854085,0.26020514967552905,-0.014395564308955278,0.028,compressed,rotation,False,A
1783771200,0.19145,215263102,0.5652474483176066,0.1767007172353835,-5.576585313227245e-05,0.08,compressed,rotation,False,A
1783785600,0.1917,216506477,0.5524749902312603,0.1901516816882828,0.011557088798692883,0.112,compressed,rotation,False,A
1783800000,0.18628,210727793,0.6100972611950476,0.27136075949367083,-0.0037155939767720136,0.004,compressed,rotation,False,A
1783814400,0.18653,209760010,0.6114159535213491,0.20349829351535806,-0.022257758498050784,0.004,compressed,rotation,False,A
1783828800,0.18529,211926252,0.6195450202930082,0.20822731128074615,-0.022056091513283804,0.02,compressed,rotation,False,A
1783843200,0.18612,212252444,0.6265032468150672,0.17250159134309342,-0.015024506279351812,0.028,compressed,rotation,False,A
1783857600,0.1898,214486548,0.6629320013993139,0.05714866788692304,-0.015030878055117491,0.084,compressed,rotation,False,A
1783872000,0.19007,217017073,0.665678570309473,0.01594628619387349,0.005962090746903126,0.144,compressed,rotation,False,A
1783886400,0.18626,213872420,0.7216349247835159,0.04713531084924806,-0.002574091765540354,0.052,compressed,rotation,False,A
1783900800,0.18279,213531122,0.6847885571433213,0.05747588424437302,0.002018418543751954,0.044,compressed,rotation,False,A
1783915200,0.18412,215034716,0.6946409270614272,0.02364066193853441,0.0037834472583653245,0.108,compressed,rotation,False,A
1783929600,0.18367,215600978,0.6307572858809258,0.003645200486027006,0.00837750713794505,0.124,compressed,rotation,False,A
1783944000,0.18232,215169733,0.6375561915302204,0.042490534286916765,-0.0025286627455336497,0.112,compressed,rotation,False,A
1783958400,0.18209,216636863,0.6073578990661609,0.01752136752136785,0.001266863108665861,0.156,compressed,rotation,False,A
1783972800,0.18076,212218896,0.5616145801395631,0.008536331459504347,-0.018766867893097006,0.024,compressed,rotation,False,A
1783987200,0.17872,213628269,0.5666513170844348,0.04893149590573213,-0.01690755081173345,0.052,compressed,rotation,False,A
1784001600,0.17871,216771572,0.5744225707370514,0.04798080767692896,-0.03281506154409641,0.172,compressed,rotation,False,A
1784016000,0.18052,220891661,0.6015203330669946,0.0023364485981304762,-0.0054010920811107255,0.204,compressed,rotation,False,A
1784030400,0.18445,221854145,0.6724489970554952,0.05800548947849968,-0.010484321520709772,0.22,compressed,rotation,False,A
1784044800,0.18507,226931080,0.6792146107731929,0.03352740413571526,0.012184614422833695,0.292,compressed,rotation,False,A
1784059200,0.18437,221382120,0.6779050571589591,0.03700740148029587,-0.014594723690007805,0.212,compressed,rotation,False,A
1784073600,0.18299,222392225,0.6835324644315096,0.16816431322207911,-0.004710853897047507,0.236,compressed,rotation,False,A
1784088000,0.18194,224349289,0.5945548947225385,0.17346938775510196,0.012581711789274141,0.288,compressed,rotation,False,A
1784102400,0.18573,224696250,0.6548519251112663,0.1528822055137842,0.015697741750267724,0.3,compressed,rotation,False,A
1784116800,0.1861,228439777,0.649937861826461,0.057723020762035226,0.06294123021329168,0.336,compressed,rotation,False,A
1784131200,0.18619,226943550,0.6550434835139196,0.08800750997418452,0.05893111437028842,0.312,compressed,rotation,False,A
1784145600,0.18839,226726835,0.6302255700467573,0.04863153132775354,0.059142293261885914,0.304,compressed,rotation,False,A
1784160000,0.18764,228624785,0.6331946911422067,0.06544968833481739,0.06414578620609857,0.348,compressed,rotation,False,A
1784174400,0.18726,229512387,0.5802067093269091,0.05874439461883371,0.07100004553954409,0.36,compressed,rotation,False,A
1784188800,0.19155,228742739,0.5924005060614809,0.028195101872813547,0.06995768656625834,0.352,compressed,rotation,False,A
1784203200,0.19237,227645331,0.5913118563423155,0.019110926464478695,0.05752137214858122,0.336,compressed,rotation,False,A
1784217600,0.18978,225051265,0.6259702876972214,0.03803486529318552,0.03946666223754591,0.304,compressed,rotation,False,A
1784232000,0.185,214946715,0.7154219025308226,0.02568218298555384,0.02002071933624827,0.116,compressed,rotation,False,A
1784246400,0.1843,211289985,0.7195924062471933,0.04434281169218552,0.007293930811692828,0.016,compressed,rotation,False,A
1784260800,0.18257,210632727,0.7255039052006844,0.053564395431272165,-0.006103656285111891,0.008,compressed,rotation,False,A
1784275200,0.18422,211633191,0.7152485953036403,0.03682170542635685,-0.0029175305986111066,0.028,compressed,rotation,False,A
1784289600,0.18683,213385302,0.7346402841212147,0.058776964179695246,-0.0051343359770982255,0.06,compressed,rotation,False,A
1784304000,0.18708,212535124,0.7283844401745054,0.05919619877252015,-0.020652517970325746,0.048,compressed,rotation,False,A
1784318400,0.18545,212550721,0.6880817543804706,0.016759776536312953,-0.006179847780279468,0.052,compressed,rotation,False,A
1784332800,0.18463,214694960,0.6914072007655921,0.04028021015761776,0.005450437337185976,0.132,compressed,rotation,False,A
1784347200,0.18471,215326795,0.6907670505678564,0.013279315777627875,0.0013582876543525302,0.164,compressed,rotation,False,A
1784361600,0.18441,214063267,0.6840890920291866,0.01671183378500428,-0.0071322079067749344,0.096,compressed,rotation,False,A
1784376000,0.18704,215725317,0.7045756853550053,0.10359964881474959,0.0025820731952108655,0.184,compressed,rotation,False,A
1784390400,0.18738,216707353,0.653211315256233,0.11583096124370441,0.0003253832197525064,0.216,compressed,rotation,False,A
1784404800,0.18771,215558042,0.6566389123165685,0.1555854040743222,0.015734442422129957,0.176,compressed,rotation,False,A
1784419200,0.1873,216850955,0.6621245131782327,0.19934944237918203,0.015085484777297875,0.228,compressed,rotation,False,A
1784433600,0.18634,216343482,0.6522731652536465,0.17344851102523273,-0.001974843823155936,0.204,compressed,rotation,False,A
1784448000,0.18806,217917640,0.6685698654002323,0.17175398633257363,-0.013463708799763108,0.26,compressed,rotation,False,A
1784462400,0.19024,218878323,0.6909608815498203,0.13736654804270423,-0.01341341627851933,0.264,compressed,rotation,False,A
1784476800,0.19063,216809193,0.6169423296211828,0.13263358778625897,-0.04460335270074067,0.232,compressed,rotation,False,A
1784491200,0.188,216382182,0.6448317637416049,0.08278221208665888,-0.02258510307878525,0.212,compressed,rotation,False,A
1784505600,0.18732,215431399,0.6202065795645353,0.10034762456546854,-0.03129977228295644,0.172,compressed,rotation,False,A
1784520000,0.18539,210002575,0.5202704522392835,0.07835566659096088,-0.06394811440654935,0.008,compressed,rotation,False,A
1784534400,0.18895,211889706,0.5833009719695379,0.07351598173515982,-0.056994916470568646,0.036,compressed,rotation,False,A
1784548800,0.18891,211389819,0.5634372147788029,0.06464228203358649,-0.07463655508646372,0.028,compressed,rotation,False,A
1784563200,0.18766,209763403,0.5672669168812791,0.0329374859959668,-0.07570229248639149,0.008,compressed,rotation,False,A
1784577600,0.18846,211090561,0.5374476435165245,0.001619245894054747,-0.06896525503917528,0.028,compressed,rotation,False,A
1784592000,0.1884,211922317,0.5421812137078792,0.017865538316878486,-0.07305624366142105,0.052,compressed,rotation,False,A
1784606400,0.19189,216939933,0.5869194245422308,0.1014238773274917,-0.054778978007840595,0.276,compressed,rotation,False,A
1784620800,0.19195,215946128,0.5808001240177638,0.0096571704490587,-0.05594324460720912,0.224,compressed,rotation,False,A
1784635200,0.19284,216885323,0.586245147357003,0.01132803085080738,-0.04726654376232298,0.276,compressed,rotation,False,A
1784649600,0.19355,217131553,0.5888613302513273,0.09517798535723296,-0.03519070199405461,0.296,compressed,rotation,False,A
1784664000,0.19209,217976006,0.5773769907055794,0.19537062551667184,0.014093218405315078,0.316,compressed,rotation,False,A
1784678400,0.19106,223850410,0.5906621814483511,0.18459858001092364,0.05944638123761514,0.388,compressed,rotation,False,A
1784692800,0.18852,218446458,0.6343950667452211,0.15896339834357426,0.03709647171780661,0.32,compressed,rotation,False,A
1784707200,0.18944,220211500,0.6411060067247674,0.14223433242506814,0.04053385463530623,0.332,compressed,rotation,False,A
1784721600,0.18955,225251777,0.6397403627562485,0.07953216374269005,0.05561055465760245,0.444,compressed,rotation,False,A
1784736000,0.18707,222570592,0.6618357700887731,0.000274499039253637,0.04721792714130402,0.372,compressed,rotation,False,A
1784750400,0.18736,222400589,0.635114190376902,0.054431461954972726,0.04634125894120111,0.372,compressed,rotation,False,A
1784764800,0.18389,214480654,0.6975745301250993,0.01960784313725464,-0.0009981883133167724,0.152,compressed,rotation,False,A
1784779200,0.18359,212401205,0.6731563846109839,0.02950474183350922,-0.013586743814210434,0.072,compressed,rotation,False,A
1784793600,0.18472,213436901,0.6833864645424411,0.007991750451147332,-0.0029260788587329722,0.1,compressed,rotation,False,A
1784808000,0.18246,211125913,0.6942712812176596,0.11920874544508094,-0.021320650093192395,0.032,compressed,rotation,False,A
1784822400,0.18275,216152974,0.6131914053102164,0.12066718790721927,-0.002558191922541697,0.248,compressed,rotation,False,A
1784836800,0.18207,216960616,0.6160049912305295,0.14566115702479313,0.006506711542685117,0.308,compressed,rotation,False,A
1784851200,0.18325,218546894,0.6278739414045152,0.102557609521398,0.00782075873265109,0.348,compressed,rotation,False,A
1784865600,0.1843,216874815,0.6336758369705854,0.05154118241536175,0.002455969530896329,0.296,compressed,rotation,False,A
1784880000,0.18241,216525178,0.651478739043548,0.1421383647798749,-0.00638985444225626,0.272,compressed,rotation,False,A
1784894400,0.17788,204324226,0.6658347801540275,0.29358669833729234,-0.06649400818006079,0.004,compressed,rotation,False,A
1784908800,0.17755,201776680,0.6641595557113498,0.31113225499524283,-0.06933521956331434,0.004,compressed,rotation,False,A
1784923200,0.1778,202573908,0.6552403132922362,0.2571860816944026,-0.06381428393212152,0.008,compressed,rotation,False,A
1784937600,0.17902,206061998,0.6685653116733217,0.20646766169154215,-0.04349134361792828,0.016,compressed,rotation,False,A
1784952000,0.17676,204774594,0.6822729875515883,0.21292869479398013,-0.02489484236086148,0.016,compressed,rotation,False,A
1784966400,0.17763,206980655,0.6985848130419491,0.2991543340380554,-0.02316795418084161,0.024,compressed,rotation,False,A
1784980800,0.1783,210282441,0.6942032090750079,0.2757993241486883,-0.005238558816307082,0.04,compressed,rotation,False,A
1784995200,0.17904,210342421,0.6990493751279488,0.2270811380400424,0.002760338513386973,0.044,compressed,rotation,False,A
1785009600,0.17805,209872762,0.7019410768424283,0.272870249017038,-0.005769083156683674,0.036,compressed,rotation,False,A
1785024000,0.17765,208017574,0.68252501000777,0.2792933229410243,-0.018425350643934357,0.028,compressed,rotation,False,A
1785038400,0.17797,209912933,0.6836596595029426,0.39411098527746435,-0.032391454642884954,0.044,compressed,trend,False,B
1785052800,0.17738,212042391,0.621488969011604,0.40641562064156306,-0.01807736511024638,0.108,compressed,trend,False,B
1785067200,0.18013,214164645,0.687508327560999,0.33704587642535216,-0.012544315873324496,0.192,compressed,trend,False,B
1785081600,0.17962,214565109,0.6776046914253699,0.3713676352972547,-0.011819765319875053,0.228,compressed,trend,False,B
1785096000,0.18258,217295391,0.7128060943785189,0.24378364521917545,-0.003122430823876976,0.392,compressed,trend,False,B
1785110400,0.18171,219074886,0.7173556423154342,0.24066924066924114,-0.021333550383043742,0.428,compressed,trend,False,B
1785124800,0.1818,219337983,0.7157884006185449,0.18461538461538535,0.0040812060225761115,0.432,compressed,rotation,False,A
1785139200,0.1817,219988303,0.7078750197963452,0.21753794266441898,-0.0010135574209340081,0.436,compressed,rotation,False,A
1785153600,0.17547,210576882,0.9130960377532118,0.3376498800959245,-0.0651488534094894,0.06,normal,rotation,False,A
1785168000,0.17714,213998753,0.9241046539715764,0.24284666177549585,-0.03851290021280085,0.18,normal,rotation,False,A
1785182400,0.17189,212034568,0.9666498609702191,0.337404580152673,-0.046609683214463016,0.112,normal,rotation,False,A
1785196800,0.172,210309514,0.9686750415645095,0.2798305483643222,-0.01944762812966805,0.056,normal,rotation,False,A
1785211200,0.1721,212613286,0.9707362413054805,0.2716954362733514,0.0009984924520556326,0.148,normal,rotation,False,A
1785225600,0.1702,213960373,0.9729897745738567,0.3372039015327459,0.002452584335451924,0.192,normal,rotation,False,A
1785240000,0.17244,215424410,0.9905249888416999,0.23280669144981447,0.0203598740624511,0.292,normal,rotation,False,A
1785254400,0.17263,217996605,0.9887306416034387,0.2356776897997206,0.008529288151270187,0.44,normal,rotation,False,A
1785268800,0.174,217348878,1.0007701948002885,0.18496447398579033,0.001789550597514955,0.428,normal,rotation,False,A
1785283200,0.17202,214915976,1.0108480405881801,0.2527571460724737,-0.016613908043003334,0.268,normal,rotation,False,A
1785297600,0.17353,215041554,1.025333371981805,0.2399198039652488,-0.008453083867760336,0.28,normal,rotation,False,A
1785312000,0.17412,213632379,1.0283402445532834,0.19018123422803404,-0.013360104477087686,0.18,normal,rotation,False,A
1785326400,0.17208,211436474,1.0435887357071638,0.1411192214111924,0.03480863791452715,0.096,normal,rotation,False,A
1785340800,0.17024,206213539,1.0552439385245087,0.17155597277634402,0.021988958287944893,0.024,normal,rotation,False,A
1785355200,0.17186,203173626,1.0287908799790775,0.13506139154160995,0.0029604898573611926,0.012,normal,rotation,False,A
1785369600,0.17214,208517096,1.031047905113419,0.15985130111524243,0.011914365694930318,0.04,normal,rotation,False,A
1785384000,0.1716,209899795,0.974927383172653,0.12487899322362074,0.025028500361719663,0.056,normal,rotation,False,A
1785398400,0.17292,209166588,0.9923225984661698,0.11276035432128398,0.01056104977540051,0.044,normal,rotation,False,A
1785412800,0.17272,206471222,0.9922646868438225,0.1351089588377721,-0.018124285517496008,0.032,normal,rotation,False,A
1785427200,0.17291,206917747,0.9953981595190359,0.15042944785276113,-0.016281423327346833,0.036,normal,rotation,False,A
1785441600,0.17179,208522722,0.8056442716052161,0.1531311154598834,-0.006432659422474285,0.052,compressed,rotation,False,A
1785456000,0.17048,210786566,0.7906253410921462,0.17157214644651902,0.01331133685849073,0.108,compressed,rotation,False,A
1785470400,0.17014,211298531,0.5959400169809197,0.18727577134656778,0.0066008224467046794,0.128,compressed,rotation,False,A
1785484800,0.16959,212751623,0.59781818459605,0.18649748623414017,0.0033447651512286125,0.196,compressed,rotation,False,A
1785499200,0.17231,201370978,0.6659252117105396,0.18735026353617723,-0.059737530440656994,0.004,compressed,rotation,False,A
1785513600,0.17086,200377203,0.6539490880874654,0.20524835988753545,-0.06612401273498758,0.004,compressed,rotation,False,A
1785528000,0.17214,198557965,0.6256975170452836,0.25463414634146436,-0.08623020448694196,0.004,compressed,rotation,False,A
1785542400,0.17188,196073097,0.6263570142576311,0.24337707353305366,-0.10499509742983504,0.004,compressed,rotation,False,A
1785556800,0.17121,195593172,0.6118664313119494,0.25848181596290004,-0.10825672177353796,0.004,compressed,rotation,False,A
1785571200,0.17075,196250096,0.582000470017307,0.26494072102588956,-0.1079066781109721,0.012,compressed,rotation,False,A
1785585600,0.17097,195364309,0.5585806618858581,0.12740656851642104,-0.07224236989129695,0.004,compressed,rotation,False,A
1785600000,0.1698,196300332,0.5632709766105536,0.21079839172889175,-0.08270338379027842,0.02,compressed,rotation,False,A
1785614400,0.17078,196139542,0.540180359972832,0.03633387888707054,-0.07496431430935357,0.016,compressed,rotation,False,A
1785628800,0.17401,197862910,0.602593974409767,0.05969705969706028,-0.059182315451501655,0.028,compressed,rotation,False,A
1785643200,0.17567,199919863,0.6028428927663644,0.10133409026397971,-0.05970192756439496,0.036,compressed,rotation,False,A
1785657600,0.17427,197593132,0.6255716530435425,0.117189749496114,-0.07649659967642697,0.028,compressed,rotation,False,A
1785672000,0.17432,197349432,0.6243109445056444,0.0577750460971114,-0.08390403854419282,0.028,compressed,rotation,False,A
1785686400,0.17396,195752038,0.6147102057131713,0.040660348517273195,-0.10204088728812999,0.012,compressed,rotation,False,A
1785700800,0.17411,194262696,0.6160654792573366,0.0034931724356938617,-0.10621716666970782,0.004,compressed,rotation,False,A
1785715200,0.17108,193766979,0.6963069206607427,0.0288875230485557,-0.0984058858425676,0.004,compressed,rotation,False,A
1785729600,0.17037,191016052,0.6915112510249769,0.09955891619407731,-0.1117249273598534,0.004,compressed,rotation,False,A
1785744000,0.17135,192170141,0.6881709824346596,0.08621226268285122,-0.10046341336675368,0.008,compressed,rotation,False,A
1785758400,0.17094,196959486,0.6914146419718511,0.037377049180328144,-0.06846968134741027,0.048,compressed,rotation,False,A
1785772800,0.17201,197896238,0.6973910496701701,0.059535822401614695,-0.04033343804841061,0.064,compressed,rotation,False,A
1785787200,0.17125,199092910,0.6388285713569609,0.021129199861448008,-0.020084870661313148,0.072,compressed,rotation,False,A
1785801600,0.17089,201579921,0.622555095705173,0.043177892918825844,-0.033269094635770324,0.088,compressed,rotation,False,A
1785816000,0.17119,202517386,0.6089171090692744,0.014280738418669297,-0.03517111105325277,0.096,compressed,rotation,False,A
1785830400,0.1708,204570812,0.6100445867973511,0.07631389488840862,-0.021971845713714133,0.112,compressed,rotation,False,A
1785844800,0.16955,206909482,0.6207380038892601,0.10995490808185973,0.0021226202652107062,0.132,compressed,rotation,False,A
1785859200,0.17032,209304748,0.6262667763056644,0.0880652839170356,0.011535989708992833,0.16,compressed,rotation,False,A
1785873600,0.16852,211835527,0.6550174000569313,0.10867397806580281,0.015887021655126787,0.252,compressed,rotation,False,A
1785888000,0.16677,212950981,0.6715341991775146,0.12151981657386192,0.010268277723163743,0.312,compressed,rotation,False,A
1785902400,0.16692,213727158,0.6615404405670705,0.1061305207646674,0.01149381866739052,0.344,compressed,rotation,False,A
1785916800,0.16672,216679877,0.5375180272443564,0.09569856618872934,0.01846403775730532,0.54,compressed,rotation,False,A
1785931200,0.16632,215926669,0.48863331950818534,0.21647994217564198,0.07228296323812855,0.5,compressed,rotation,False,A
1785945600,0.1671,216729200,0.4994300264491061,0.13925925925926005,0.08160607471898884,0.556,compressed,rotation,False,A
1785960000,0.16482,216873009,0.5462947683070164,0.26142857142857145,0.09224028862302247,0.572,compressed,rotation,False,A
1785974400,0.1617,218691279,0.6293327301172207,0.3298768632534026,0.11535586649095464,0.648,compressed,rotation,False,A
1785988800,0.16179,219059728,0.6312434788844099,0.3110964332893008,0.11997635582084643,0.66,compressed,rotation,False,A
1786003200,0.16079,220027114,0.5722819410510784,0.32316677482154565,0.12115672035136238,0.676,compressed,rotation,False,A
1786017600,0.16158,220329560,0.5939837881716972,0.2991398534565154,0.1277881877595155,0.684,compressed,rotation,False,A
1786032000,0.16053,219951831,0.575538126911561,0.2964502718260317,0.12048629138334821,0.672,compressed,rotation,False,A
1786046400,0.16137,220124090,0.6004318371886833,0.3022807581111461,0.1222830835405948,0.684,compressed,rotation,False,A
1786060800,0.15997,219379144,0.58200161535857,0.47918088737201364,0.10874313937867375,0.672,compressed,trend,False,B
1786075200,0.16139,220229221,0.6304537775029044,0.4913971094287676,0.10158749458526795,0.696,compressed,trend,False,B
1786089600,0.16123,220106092,0.6342886372459794,0.46872753414809454,0.11393594388695649,0.688,compressed,trend,False,B
1786104000,0.16043,219792561,0.6316157315593869,0.48617430871543554,0.1137227950065749,0.676,compressed,trend,False,B
1786118400,0.16207,219965059,0.6934829223817802,0.3983249581239529,0.12369230607959247,0.684,compressed,trend,False,B
1786132800,0.16126,219283470,0.6993400428343496,0.4211733857751548,0.1287986551983198,0.668,compressed,trend,False,B
1786147200,0.16347,219226834,0.7634468657056088,0.2563152576625119,0.1313941886868144,0.668,compressed,trend,False,B
1786161600,0.16319,217586291,0.7431901394753998,0.24538619275461276,0.1390995087679856,0.624,compressed,trend,False,B
1786176000,0.16359,217100113,0.7282425818496711,0.2705718270571814,0.12972864499277237,0.604,compressed,trend,False,B
1786190400,0.16618,215648840,0.8095510159405033,0.15424497731691517,0.094889331707537,0.488,compressed,rotation,False,A
1786204800,0.16498,213997657,0.8235853670180802,0.22684737011939288,0.08136293626764135,0.364,compressed,rotation,False,A
1786219200,0.16442,212954006,0.8262755148246674,0.22182526794413712,0.06962124366960132,0.316,compressed,rotation,False,A
1786233600,0.16332,213845041,0.8282564676868641,0.2400888043133515,0.06084494893715142,0.36,compressed,rotation,False,A
1786248000,0.16329,214007961,0.7819995445271376,0.252719129878439,0.05673870884349652,0.38,compressed,rotation,False,A
1786262400,0.16277,215695760,0.6736974327380374,0.25581395348837194,0.05438189295548179,0.508,compressed,rotation,False,A
1786276800,0.16316,216993984,0.677761777985142,0.2093023255813952,0.04873871367577065,0.62,compressed,rotation,False,A
1786291200,0.16271,219122168,0.6678885050819624,0.2519033432638195,0.04690490824412641,0.704,compressed,rotation,False,A
1786305600,0.16245,219252224,0.6631618027540209,0.21171956749215137,0.035011582358420945,0.712,compressed,rotation,False,A
1786320000,0.16247,217305173,0.6508820928903787,0.1596139569413508,0.02044692153824834,0.652,compressed,rotation,False,A
1786334400,0.16535,215029693,0.7438169867837856,0.052915402763734895,0.006094382259085762,0.46,compressed,rotation,False,A
1786348800,0.16374,212605570,0.7572054542054867,0.09588159588159614,-0.01880334739159928,0.3,compressed,rotation,False,A
1786363200,0.16217,211348064,0.7786638174129005,0.12868217054263525,-0.021204444181001092,0.236,compressed,rotation,False,A
1786377600,0.16266,210638446,0.7869885745442293,0.1389236545682103,-0.028103061331837154,0.208,compressed,rotation,False,A
1786392000,0.16137,210002489,0.8045033431141232,0.1113981272198897,-0.03167992195838443,0.184,compressed,rotation,False,A
1786406400,0.16167,210189734,0.7747736135062713,0.0010657193605684643,-0.03887464117853556,0.192,compressed,rotation,False,A
1786420800,0.16111,211759577,0.7724401583694296,0.023759608665268554,-0.033324934101990666,0.268,compressed,rotation,False,A
1786435200,0.16062,211222209,0.7062859117804438,0.006047669868373381,-0.04001736349639162,0.24,compressed,rotation,False,A
1786449600,0.16003,210602816,0.7104242441810895,0.05553565030455021,-0.04414634150769425,0.212,compressed,rotation,False,A
1786464000,0.16155,209136735,0.7465871205979182,0.03594080338266362,-0.04917029310840337,0.156,compressed,rotation,False,A
1786478400,0.16199,207282615,0.6539867206333437,0.022158684774838535,-0.058337435943517146,0.144,compressed,rotation,False,A
1786492800,0.16171,208338282,0.6470634343233732,0.0647803425167533,-0.05032776497660141,0.152,compressed,rotation,False,A
1786507200,0.16083,207603516,0.6587203245746472,0.021276595744681076,-0.0573298354444981,0.148,compressed,rotation,False,A
1786521600,0.16119,208167773,0.6512067765306431,0.0015082956259431489,-0.054238930379082784,0.156,compressed,rotation,False,A
1786536000,0.15971,210208912,0.6805643167130104,0.02647058823529411,-0.043603154521685616,0.216,compressed,rotation,False,A
1786550400,0.15867,210428544,0.6946978756138084,0.12781954887218028,-0.04335468116324781,0.232,compressed,rotation,False,A
1786564800,0.15929,209780173,0.7050216415631393,0.07459295721317707,-0.04333795429267884,0.192,compressed,rotation,False,A
1786579200,0.16226,209294061,0.84196385619613,0.04453441295546638,-0.04530819890415427,0.18,compressed,rotation,False,A
1786593600,0.1613,207231921,0.8545947419076788,0.06786355475763056,-0.04758741900701824,0.144,normal,rotation,False,A
1786608000,0.15962,206502379,0.8892525534556335,0.13628561620322766,-0.04881496307650468,0.132,normal,rotation,False,A
1786622400,0.15937,205678285,0.7645298488586191,0.2541993281075034,-0.04623514320781874,0.12,compressed,rotation,False,A
1786636800,0.15991,205488618,0.7475505236964117,0.19402985074626944,-0.03976229982742285,0.12,compressed,rotation,False,A
1786651200,0.15945,204830948,0.7220574283465852,0.190933538225126,-0.038144659274453874,0.12,compressed,rotation,False,A
1786665600,0.15878,206083924,0.7236190183666152,0.17734375000000063,-0.03629318203362031,0.136,compressed,rotation,False,A
1786680000,0.15856,206974802,0.7048962012073018,0.1834044203179532,-0.03286400640021048,0.16,compressed,rotation,False,A
1786694400,0.15875,207813267,0.7042544303736985,0.15789473684210606,-0.03654449674856841,0.18,compressed,rotation,False,A
1786708800,0.16016,206650998,0.7391697996953982,0.11329305135951741,-0.047664851390534446,0.152,compressed,rotation,False,A
1786723200,0.15898,206232662,0.75718880601289,0.13708195516354313,-0.0588233774685909,0.144,compressed,rotation,False,A
1786737600,0.15803,205651122,0.7662102190869874,0.1584229390681015,-0.062034043495038826,0.128,compressed,rotation,False,A
1786752000,0.15879,206311692,0.7378249690997369,0.12849162011173318,-0.05059005659290039,0.152,compressed,rotation,False,A
1786766400,0.15803,206270132,0.740010259841031,0.27601809954751294,-0.04073651818867641,0.152,compressed,rotation,False,A
1786780800,0.15786,205938077,0.7419368927611613,0.23444976076555174,-0.03136085757301654,0.136,compressed,rotation,False,A
1786795200,0.15856,207048896,0.7479513083120619,0.1491119372160275,-0.02034164836257979,0.192,compressed,rotation,False,A
1786809600,0.15784,207307665,0.7529635391129893,0.19721767594108103,-0.015812787566805375,0.204,compressed,rotation,False,A
1786824000,0.15793,206726524,0.7262431791966671,0.14802065404475256,-0.015599648440357328,0.176,compressed,rotation,False,A
1786838400,0.15663,206611935,0.7374052935716683,0.20792079207920994,-0.017021759017022187,0.172,compressed,rotation,False,A
1786852800,0.1568,207641345,0.7309414783319736,0.1807127882599596,-0.019447677684018005,0.22,compressed,rotation,False,A
1786867200,0.15687,208434759,0.5395040661598267,0.1600512163892456,-0.013196765686699141,0.24,compressed,rotation,False,A
1786881600,0.15784,206013728,0.5609880058166206,0.0919781604367917,-0.021790249946135543,0.14,compressed,rotation,False,A
1786896000,0.15738,205892010,0.5099411791504564,0.18329670329670456,-0.015514849650875573,0.136,compressed,rotation,False,A
1786910400,0.15627,206958765,0.5352268282046612,0.2442356959863378,-0.0015623596798023387,0.2,compressed,rotation,False,A
1786924800,0.15826,206426712,0.6267035228849553,0.1372861122164741,-0.009175318053165071,0.172,compressed,rotation,False,A
1786939200,0.1584,205920796,0.6266450762116619,0.09963099630996296,-0.008105450391312274,0.14,compressed,rotation,False,A
1786953600,0.15792,205929148,0.624730397494227,0.13341493268053878,-0.010753946049084195,0.144,compressed,rotation,False,A
1786968000,0.15886,207258620,0.643330631287147,0.03546099290780112,-0.014035047191529149,0.232,compressed,rotation,False,A
1786982400,0.15745,209683375,0.6814211743052977,0.050123253903040385,-0.0035411973387032836,0.296,compressed,rotation,False,A
1786996800,0.15803,210546522,0.6474300234554461,0.05185185185185131,0.003653105005304802,0.356,compressed,rotation,False,A
1787011200,0.15483,214238847,0.8027953981755162,0.30289441500203873,0.02362602157162974,0.564,compressed,rotation,False,A
1787025600,0.1538,215239711,0.807244675216858,0.30487804878048863,0.0386416820408666,0.628,compressed,rotation,False,A
1787040000,0.15353,219200878,0.7960026685231754,0.2626131953428211,0.061493233450836016,0.832,compressed,rotation,False,A
1787054400,0.15518,216232332,0.8548445000933232,0.17039446929646213,0.05131337515771284,0.68,normal,rotation,False,A
1787068800,0.15409,215924986,0.869652123104222,0.23150357995226703,0.05078805873325787,0.664,normal,rotation,False,A
1787083200,0.15481,215216021,0.8712234703308073,0.18267716535433087,0.050700702708264656,0.616,normal,rotation,False,A
1787097600,0.15472,214772527,0.8673846120481776,0.16357775987107198,0.04216050835677998,0.58,normal,rotation,False,A
1787112000,0.15654,214129697,0.9270461643887846,0.07645722937168781,0.03456891820097008,0.548,normal,rotation,False,A
1787126400,0.15733,214368982,0.9139142718296243,0.052553663952627824,0.03154618131286102,0.568,normal,rotation,False,A
1787140800,0.16391,209856850,1.387938576475075,0.11649580615097858,0.015513363259924917,0.312,expanded,rotation,True,C
1787155200,0.1661,208202598,1.4152455866076208,0.2144578313253006,0.009552007819207509,0.264,expanded,rotation,True,C
1787169600,0.17022,202386820,1.515876587136319,0.33516634588946914,-0.015873008463333393,0.096,expanded,rotation,True,C
1787184000,0.167,202116970,1.6156124524754953,0.21143445789338167,-0.0203319645112503,0.096,expanded,rotation,True,C
1787198400,0.16981,198685638,1.6266903084012916,0.28816046966731823,-0.0367697151616696,0.072,expanded,rotation,True,C
1787212800,0.1812,206681142,2.2429370288126185,0.4479846449136271,0.003608196263773067,0.212,expanded,trend,True,C
1787227200,0.18275,204276201,2.2376706328316947,0.4568460812086868,-0.013391498595578089,0.12,expanded,trend,True,C
1787241600,0.17815,207003803,2.376613665379073,0.35738166461376,-0.00146575381088776,0.244,expanded,trend,True,C
1787256000,0.18151,204235962,2.39841571805753,0.39234608985024944,-0.012047617073075778,0.12,expanded,trend,True,C
1787270400,0.18499,207955063,2.3798326477397866,0.45536287732819475,0.006500728043614679,0.284,expanded,trend,True,C
1787284800,0.18877,208440423,2.3963360316049767,0.4852026104112911,0.0038483568867269113,0.308,expanded,trend,True,C
1787299200,0.18764,207399139,2.301661010387173,0.4595967139656456,-0.004968557091766024,0.272,expanded,trend,True,C
1787313600,0.19185,207265190,2.2794546788504735,0.48454195754380924,0.006074653432804222,0.264,expanded,trend,True,C
1787328000,0.19108,203508358,2.288878011342066,0.4780141843971632,-0.011577195249101724,0.12,expanded,trend,True,C
1787342400,0.20191,205288897,2.551079744607987,0.5689354275741711,-0.008068602458079055,0.148,expanded,trend,True,C
1787356800,0.21331,210289476,2.700151590193393,0.6141916768938971,0.018712520112222686,0.404,expanded,trend,True,C
1787371200,0.20673,200079932,2.9504048124173767,0.5030706776308941,-0.028364614519069797,0.084,expanded,trend,True,C
1787385600,0.19946,197956023,3.1994860641436627,0.40384989305852614,-0.03871780696145066,0.068,expanded,trend,True,C
1787400000,0.19588,201506301,3.2947598912413327,0.3509004739336493,-0.02775430522503719,0.1,expanded,trend,True,C
1787414400,0.19906,201384834,3.2926495608671007,0.38789969236506006,-0.03957653295116981,0.1,expanded,trend,True,C
1787428800,0.19573,199914936,3.2717328340787093,0.3426649700054535,-0.05049518699719957,0.084,expanded,trend,True,C
1787443200,0.19282,198925258,3.3246082514881112,0.34621343297184004,-0.07147904880201306,0.08,expanded,trend,True,C
1787457600,0.19063,195905113,3.324761803382631,0.33213094057173786,-0.08982821018561948,0.032,expanded,trend,True,C
1787472000,0.19679,198198783,3.3186549462071966,0.3704401438602501,-0.09581209341688857,0.076,expanded,trend,True,C
1787486400,0.19914,198911452,3.312499277770707,0.3741913517194417,-0.08010309947542904,0.088,expanded,trend,True,C
1787500800,0.19847,197277124,2.946279253550771,0.37912181787117727,-0.08636268708615313,0.056,expanded,trend,True,C
1787515200,0.19989,195979122,2.9452125030399525,0.38281250000000017,-0.08938414022625207,0.036,expanded,trend,True,C
1787529600,0.19352,195746095,2.9980076223986085,0.31280232183166723,-0.08858876070308563,0.028,expanded,trend,True,C
1787544000,0.1953,196098788,2.976125878303253,0.3125806451612903,-0.08420555043329647,0.048,expanded,trend,True,C
1787558400,0.19901,192013568,2.975519870677599,0.3283958398991491,-0.10428474209015925,0.008,expanded,trend,True,C
1787572800,0.19564,187084634,2.9853357865437222,0.25648694527524063,-0.10851309356830618,0.004,expanded,trend,True,C
1787587200,0.19279,185394932,3.0089207188421976,0.21460159202379991,-0.10954553986881566,0.004,expanded,rotation,True,C
1787601600,0.19376,183944852,2.958981563907524,0.19419237749546267,-0.09112237644724097,0.004,expanded,rotation,True,C
1787616000,0.19803,185646933,3.0049008337176186,0.25378261225157445,-0.08148765044320627,0.012,expanded,rotation,True,C
1787630400,0.19404,181791853,2.687410413047586,0.1962737950587282,-0.08502771096117179,0.004,expanded,rotation,True,C
1787644800,0.19287,178043816,2.2111284660634074,0.1030645588624924,-0.1385580015810054,0.004,expanded,rotation,True,C
1787659200,0.19013,175430914,2.112978067684506,0.0644992134242265,-0.1412072814101335,0.004,expanded,rotation,True,C
1787673600,0.18871,176468997,1.9392293553199558,0.09492988133764818,-0.14750843007459147,0.008,expanded,rotation,True,C
1787688000,0.18236,174539507,2.0659219819402534,0.007441127549680377,-0.14540267399137086,0.004,expanded,rotation,True,C
1787702400,0.18425,175286076,2.033168512825769,0.006569602272727187,-0.1570963771148962,0.008,expanded,rotation,True,C
1787716800,0.18412,175026707,2.0039721257947387,0.04266446462978242,-0.16030343596069174,0.008,expanded,rotation,True,C
1787731200,0.18315,173599338,1.9795930052031459,0.041257006340163487,-0.1629698231293043,0.004,expanded,rotation,True,C
1787745600,0.17916,170338419,2.029870527188206,0.11684006997514018,-0.17816195281031033,0.004,expanded,rotation,True,C
1787760000,0.17958,170404732,1.810235888160838,0.10622575281729178,-0.1626646999923217,0.008,expanded,rotation,True,C
1787774400,0.18525,168748614,1.9873775840671057,0.1615906886517944,-0.17799444360597838,0.004,expanded,rotation,True,C
1787788800,0.18279,167893762,2.0028283341448425,0.32412914188615105,-0.20160644653468063,0.004,expanded,rotation,True,C
1787803200,0.18331,167694535,1.9892876742845995,0.26583427922814973,-0.16186229511513428,0.004,expanded,rotation,True,C
1787817600,0.18535,167847094,1.8751184644282988,0.1702666827561242,-0.15209908010730244,0.008,expanded,rotation,True,C
1787832000,0.18815,167836071,1.9048985039590598,0.09416494091850389,-0.1670926905655422,0.008,expanded,rotation,True,C
1787846400,0.18672,165799152,1.826093636458383,0.15359721184963882,-0.1767048754028816,0.004,expanded,rotation,True,C
1787860800,0.18729,169448976,1.7931181141531694,0.10879092549626151,-0.15239461647828056,0.028,expanded,rotation,True,C
1787875200,0.18414,169222705,1.804936110708127,0.11153945001284996,-0.14931514126778211,0.028,expanded,rotation,True,C
1787889600,0.18388,169194697,1.7945176700654153,0.0889445249703518,-0.13634363897383317,0.028,expanded,rotation,True,C
1787904000,0.18342,170527339,1.6709440994576,0.19048297478273224,-0.13961460096351852,0.048,expanded,rotation,False,A
1787918400,0.17966,171248626,1.6733918348308179,0.27206703910614527,-0.1390710576080858,0.052,expanded,rotation,False,A
1787932800,0.17772,172610469,1.6821859487479567,0.2847536709208179,-0.12503555658080256,0.056,expanded,rotation,False,A
1787947200,0.17943,174163646,1.6931038927060653,0.2796610169491523,-0.11131530633145703,0.064,expanded,rotation,False,A
1787961600,0.17726,173650733,1.7059328662670379,0.23578886310904842,-0.11287766430283064,0.064,expanded,rotation,False,A
1787976000,0.17722,174981977,1.4880818739194905,0.26896756917584036,-0.1076845564185741,0.076,expanded,rotation,False,A
1787990400,0.17703,175834948,1.4545413584427753,0.34505494505494455,-0.08425769162312535,0.092,expanded,rotation,False,A
1788004800,0.17866,176498048,1.4820681514549012,0.2740477727566165,-0.056587148680527166,0.1,expanded,rotation,False,A
1788019200,0.17904,176032681,1.481182588656171,0.23113128256849827,-0.05049895862309761,0.096,expanded,rotation,False,A
1788033600,0.17962,175480237,1.3734536500675358,0.23925549915397568,-0.04601713452681999,0.092,expanded,rotation,False,A
1788048000,0.17988,175236207,1.3726557358901985,0.329460882192775,-0.05607809314038059,0.084,expanded,rotation,False,A
1788062400,0.17999,174889346,1.0930199011812785,0.27436047646943884,-0.03796928677546407,0.076,normal,rotation,False,A
1788076800,0.1795,173910403,1.0462108200793163,0.26459528992677606,-0.023215706632574107,0.068,normal,rotation,False,A
1788091200,0.17951,173941090,1.0417808336747778,0.22217573221757259,-0.008492368682523121,0.072,normal,rotation,False,A
1788105600,0.18034,174290474,1.0026727100998245,0.1772929464096584,-0.012345074982207827,0.08,normal,rotation,False,A
1788120000,0.17443,170396574,1.1996994691073253,0.1695531323497964,-0.023736362450021087,0.044,normal,rotation,False,A
1788134400,0.17565,170261136,1.2251480951814782,0.1865509761388282,-0.028667080207785633,0.04,normal,rotation,False,A
1788148800,0.17648,171446705,1.2306950926026683,0.16324786324786308,-0.020454032766553776,0.064,normal,rotation,False,A
1788163200,0.17636,171596211,1.1718571638802313,0.14776931447225253,-0.011538794001622277,0.068,normal,rotation,False,A
1788177600,0.176,171192843,1.1652070623784685,0.07466918714555804,0.005016038102361398,0.06,normal,rotation,False,A
1788192000,0.17851,169065947,1.2286928764795464,0.024093672596261745,-0.007856501308895592,0.028,normal,rotation,False,A
1788206400,0.17721,169530556,1.1281176051201218,0.20079920079919994,0.004633768429055163,0.044,normal,rotation,False,A
1788220800,0.17794,171037053,1.099130826272414,0.1265987992691205,0.018721904629190433,0.068,normal,rotation,False,A
1788235200,0.17776,171336130,1.0687294507883898,0.1461680273900443,0.021715645056650246,0.08,normal,rotation,False,A
1788249600,0.17854,170362545,1.0273964174453376,0.18550803595750362,0.014986562710463058,0.056,normal,rotation,False,A
1788264000,0.17806,173275185,1.0290565519256845,0.29339924396626876,0.03240730057366514,0.1,normal,rotation,False,A
1788278400,0.17642,174520956,1.0521503679757085,0.2976878612716755,0.052604635758330076,0.128,normal,rotation,False,A
1788292800,0.17568,175338342,1.0271192487974923,0.3339085418464188,0.034755984597983014,0.156,normal,rotation,False,A
1788307200,0.17561,175682861,1.0242869844024731,0.26917008520037833,0.03817546823873319,0.168,normal,rotation,False,A
1788321600,0.17442,175274871,1.0278837602494901,0.29000613120784724,0.03593596080614758,0.152,normal,rotation,False,A
1788336000,0.1724,174654474,1.0549589840502618,0.32241076653013395,0.024202189655935458,0.136,normal,rotation,False,A
1788350400,0.17343,175467090,1.0722278478465763,0.1980922098569149,0.02463356406725281,0.172,normal,rotation,False,A
1788364800,0.17415,175608186,1.0821698414665228,0.11809460800529217,0.017366947771864316,0.18,normal,rotation,False,A
1788379200,0.17552,177018332,1.1065531511179696,0.1308129809300766,0.016390825901750006,0.204,normal,rotation,False,A
1788393600,0.17744,179389110,1.1382481091928387,0.006072874493926638,0.03304550980501775,0.212,normal,rotation,False,A
1788408000,0.17616,178920561,0.7848943675367368,0.034326424870465604,0.02250851240525198,0.212,compressed,rotation,False,A
1788422400,0.17756,178843238,0.790351814760945,0.01651604861327526,0.017108601186608174,0.212,compressed,rotation,False,A
1788436800,0.18624,177421941,1.41399261430016,0.1936637710781805,0.005234579138235107,0.208,expanded,rotation,False,A
1788451200,0.18786,180691285,1.41364498588096,0.2184249628528975,0.026464426795840268,0.228,expanded,rotation,False,A
1788465600,0.18437,180160982,1.5079123512531647,0.1097251097251099,0.026673915422168015,0.228,expanded,rotation,False,A
1788480000,0.18309,177877325,1.4859024060830146,0.07244414353419078,0.01507175968491481,0.212,expanded,rotation,True,C
1788494400,0.18329,180125090,1.4692257942339864,0.07432432432432431,0.0299374668597594,0.232,expanded,rotation,True,C
1788508800,0.18487,179289795,1.4749088713136178,0.11804792262035656,0.030931973632422727,0.228,expanded,rotation,True,C
1788523200,0.17881,175066477,1.7031148238660827,0.013581684128832108,0.006469931860263678,0.152,expanded,rotation,True,C
1788537600,0.17949,174488034,1.698196232256955,0.01654018291496381,0.0011335100276335108,0.128,expanded,rotation,True,C
1788552000,0.17943,174450814,1.696593264630909,0.1097935880544578,0.023792966635585167,0.128,expanded,rotation,True,C
1788566400,0.17981,175583501,1.6786712676992934,0.09306487695749442,0.03126001109260779,0.192,expanded,rotation,True,C
1788580800,0.18235,178803248,1.702405754204824,0.12648136177547978,0.04290862866101741,0.236,expanded,rotation,True,C
1788595200,0.1833,180214915,1.7032224633835307,0.14690939881456413,0.050226656811204196,0.264,expanded,rotation,True,C
1788609600,0.18349,181820215,1.6880720558043532,0.15912470788187816,0.06207836620833507,0.276,expanded,rotation,True,C
1788624000,0.18427,182967133,1.6432278894064398,0.1270401411557123,0.08222345331316183,0.28,expanded,rotation,True,C
1788638400,0.18387,183854213,1.644133234282509,0.1498649864986501,0.08449011988139765,0.284,expanded,rotation,True,C
1788652800,0.18685,187339738,1.6726906589860995,0.1908331548511462,0.09531668556052586,0.304,expanded,rotation,True,C
1788667200,0.18545,186034856,1.6872320408893533,0.16050928824880015,0.08578882924459652,0.3,expanded,rotation,True,C
1788681600,0.18696,185172302,1.6783500027274427,0.17310855263157893,0.08693082743040725,0.292,expanded,rotation,True,C
1788696000,0.18377,180328044,1.7310023616409163,0.11119766309639736,0.040703225912008145,0.268,expanded,rotation,True,C
1788710400,0.18333,179849280,1.7276807470897824,0.13778664007976102,0.030531141486527247,0.256,expanded,rotation,True,C
1788724800,0.18766,180499333,1.3947162267338096,0.22292519538518818,0.02943446904499636,0.276,expanded,rotation,False,A
1788739200,0.1871,187288242,1.3804815805309827,0.21187534574958553,0.0660586976665869,0.324,expanded,rotation,False,A
1788753600,0.1885,193552851,1.307051431863718,0.2586333578251292,0.10428180546200494,0.344,expanded,rotation,False,A
1788768000,0.19105,195100730,1.3225408925305973,0.33927596871020615,0.11706688945168398,0.356,expanded,rotation,False,A
1788782400,0.1885,191821557,1.3752977015754029,0.26677288015578027,0.09320532414368987,0.336,expanded,rotation,False,A
1788796800,0.19338,193291488,1.4868960275272016,0.3170651277823583,0.10069748115272947,0.348,expanded,rotation,False,A
1788811200,0.19358,197971077,1.1807458589613211,0.3036314727639547,0.11836483127634478,0.44,normal,rotation,False,A
1788825600,0.1893,190474793,1.3419123769416663,0.19178525226390725,0.06179685600759144,0.332,expanded,rotation,False,A
1788840000,0.18984,190147926,1.3397397388223753,0.22389525368248783,0.06275055777407279,0.332,expanded,rotation,False,A
1788854400,0.18858,188938244,1.3592900333183697,0.18077427821522318,0.05644611511674813,0.332,expanded,rotation,False,A
1788868800,0.19242,185118855,1.3992248374497587,0.11012116892373518,0.04338197382250475,0.304,expanded,rotation,False,A
1788883200,0.18834,184139228,1.5136249218650797,0.008193922840560058,0.019081955170112463,0.304,expanded,rotation,False,A
1788897600,0.18767,184517226,1.5183154845941567,0.059182209469153466,0.024179730547871925,0.308,expanded,rotation,False,A
1788912000,0.18684,190782967,1.5218534089280058,0.06779967456156216,0.07255360962955781,0.356,expanded,rotation,False,A
1788926400,0.19024,189906311,1.5760538539964022,0.11878311399760702,0.05430237952969241,0.348,expanded,rotation,False,A
1788940800,0.18885,196055031,1.545936192916233,0.06824417009602168,0.09350914813640121,0.424,expanded,rotation,False,A
1788955200,0.18408,193463989,1.6615318090200235,0.09240750482202349,0.10508872009802306,0.384,expanded,rotation,False,A
1788969600,0.18205,190005444,1.6660828792619677,0.043850633778691,0.08893108395043292,0.352,expanded,rotation,False,A
1788984000,0.18102,183952802,1.6210393073271707,0.026790227464195137,0.0544680060936833,0.304,expanded,rotation,False,A
1788998400,0.18009,183910004,1.6241300460815993,0.004674457429048459,0.047421898712453725,0.3,expanded,rotation,False,A
1789012800,0.17905,184556816,1.5046467045872773,0.05650684931506897,0.03217820741153421,0.32,expanded,rotation,False,A
1789027200,0.17911,189299717,1.5059254162908688,0.0728568944531386,0.05041093296856136,0.36,expanded,rotation,False,A
1789041600,0.17768,191623115,1.491347730877585,0.09889361702127634,0.05391534709163115,0.388,expanded,rotation,False,A
1789056000,0.17788,196041743,1.43662310856,0.10985043837029367,0.07145879036099889,0.452,expanded,rotation,False,A
1789070400,0.17452,194876066,1.4490034020517946,0.1529527237035825,0.05994887373073143,0.424,expanded,rotation,False,A
1789084800,0.17584,195596107,1.2668178746138965,0.1851353623675802,0.044071637379998974,0.44,normal,rotation,False,A
1789099200,0.17613,195750870,1.262374420522243,0.15969842357779285,0.052226847209750904,0.448,normal,rotation,False,A
1789113600,0.17439,196181058,1.1869680221872017,0.21454173067076268,0.05945141838761603,0.484,normal,rotation,False,A
1789128000,0.18059,202497441,1.4857704169298342,0.05162337662337638,0.12293926395608223,0.58,expanded,rotation,False,A
1789142400,0.17864,201547527,1.484662364304927,0.07431468863888438,0.1206468382859247,0.564,expanded,rotation,False,A
1789156800,0.17818,202322338,1.3650017697872252,0.16002700877785242,0.12090352156592177,0.572,expanded,rotation,False,A
1789171200,0.18079,202678034,1.34264993526512,0.10295317343775454,0.0821716934050778,0.584,expanded,rotation,False,A
1789185600,0.18071,204318401,1.3263004703373595,0.12989828247457036,0.0556207255247303,0.596,expanded,rotation,False,A
1789200000,0.18215,205715661,1.3237072659790363,0.15120625212368305,0.05440743866001929,0.62,expanded,rotation,False,A
1789214400,0.18233,205773073,1.232736308896453,0.10922287130465577,0.0727317420325182,0.62,normal,rotation,False,A
1789228800,0.17971,204541011,1.2533201787219692,0.2520744975106026,0.05819978477272625,0.588,normal,rotation,False,A
1789243200,0.17989,203896883,1.1251132888712365,0.2525364323925476,0.029932685571034234,0.572,normal,rotation,False,A
1789257600,0.17956,204716311,1.07933281597337,0.19379228014325506,0.07476851805792495,0.592,normal,rotation,False,A
1789272000,0.17919,204686014,1.06030805453129,0.2126172888800164,0.07645672664344505,0.588,normal,rotation,False,A
1789286400,0.17837,204226426,1.0516752222488965,0.20563947633434043,0.08091629135708489,0.564,normal,rotation,False,A
1789300800,0.17807,203111014,1.040098283311255,0.31121231836911767,0.09719247129094444,0.552,normal,rotation,False,A
1789315200,0.17919,203187664,1.027639303678528,0.2120509849362696,0.10344583393170304,0.552,normal,rotation,False,A
1789329600,0.17699,200454480,1.0257025105540287,0.23903312444046587,0.08637271622542175,0.504,normal,rotation,False,A
1789344000,0.18182,199267764,1.1534902801565856,0.10312243221035343,0.0444735561744356,0.492,normal,rotation,False,A
1789358400,0.18477,202593872,1.1063344262811,0.11341488699979292,0.06680958064632203,0.54,normal,rotation,False,A
1789372800,0.1891,211633479,1.1717587897734985,0.004885675200312696,0.07945956765577722,0.824,normal,rotation,False,A
1789387200,0.19243,232358954,1.198519856664212,0.1679066961592602,0.2010449862067094,1.0,normal,rotation,False,A
1789401600,0.19434,227065318,1.1552634620319353,0.24773231203386495,0.19504637982899053,0.996,normal,rotation,False,A
1789416000,0.19157,233190440,1.0372710494366042,0.2054527750730285,0.2676645175538017,1.0,normal,rotation,False,A
1789430400,0.19346,237041192,1.0015951081266328,0.2555916650735997,0.28889775892778524,1.0,normal,rotation,False,A
1789444800,0.1909,240710520,1.0359017405447133,0.22013746981237242,0.3042624229061255,1.0,normal,rotation,False,A
1789459200,0.19409,239784852,1.0333401662577295,0.2629915730337083,0.2666941916241745,0.996,normal,rotation,False,A
1789473600,0.19208,240314336,1.0618517045863975,0.2502606882168925,0.2540988909401667,0.996,normal,rotation,False,A
1789488000,0.17928,240039359,1.7004534057448581,0.01996007984031914,0.22442983482349477,0.992,expanded,rotation,False,A
1789502400,0.17596,233634130,1.7294778428849913,0.020542082738944322,0.19888570615952395,0.98,expanded,rotation,False,A
1789516800,0.17681,228721334,1.7100660283738862,0.0139307769639523,0.16935524693239423,0.968,expanded,rotation,False,A
1789531200,0.17518,225593478,1.7133665590455174,0.013385937720163544,0.15245198143946936,0.96,expanded,rotation,False,A
1789545600,0.1762,223998715,1.7113732569974807,0.025765124555160248,0.14179583535531748,0.956,expanded,rotation,False,A
1789560000,0.17318,227592197,1.7246456978945346,0.1104815864022664,0.12392628704873365,0.964,expanded,rotation,False,A
1789574400,0.18058,217137652,1.8859549338465058,0.026751241036955316,0.07735210266311032,0.88,expanded,rotation,False,A
1789588800,0.18391,215609606,1.9064621153088117,0.07600477516912045,0.06567375669610942,0.856,expanded,rotation,False,A
1789603200,0.18288,214862366,1.9057328162045302,0.028315946348733,0.060116687336724484,0.844,expanded,rotation,False,A
1789617600,0.18272,212009868,1.8868792265443897,0.02720259845716587,0.03764451445565098,0.808,expanded,rotation,False,A
1789632000,0.18179,210014166,1.8153847726534302,0.0049059689288634455,0.02089537072240688,0.764,expanded,rotation,False,A
1789646400,0.18646,211676391,1.8334264435549557,0.05303711313728007,0.02868848636964283,0.808,expanded,rotation,False,A
1789660800,0.18622,211101542,1.776712576136114,0.08623658762750026,0.032074403895461234,0.796,expanded,rotation,False,A
1789675200,0.18333,213546409,1.7567668392063163,0.043989769820971886,0.04732551992960099,0.832,expanded,rotation,False,A
1789689600,0.18921,216762691,1.8417648482928952,0.11522388059701492,0.05884426082687666,0.9,expanded,rotation,False,A
1789704000,0.18766,216251242,1.827320980266453,0.09972918874367141,0.056502287449889055,0.9,expanded,rotation,False,A
1789718400,0.18588,221158565,1.818669245541223,0.0874374199557573,0.08290865845147777,0.948,expanded,rotation,False,A
1789732800,0.19223,220380807,1.9076146055784577,0.15401348705677628,0.08502637380363831,0.944,expanded,rotation,False,A
1789747200,0.19514,218433304,1.9022039001406712,0.17016963618905392,0.07503231101667662,0.928,expanded,rotation,False,A
1789761600,0.19311,218116108,1.8929403605942952,0.17229585292860192,0.0881079235545148,0.924,expanded,rotation,False,A
1789776000,0.19533,220311369,1.4017353990281378,0.14854315557998893,0.10560466267890667,0.94,expanded,rotation,False,A
1789790400,0.19174,224081906,1.3987416696041477,0.07610001091822254,0.10606458027516252,0.952,expanded,rotation,False,A
1789804800,0.19503,225574823,1.411465117991494,0.06548868028713435,0.06587494599566646,0.952,expanded,rotation,False,A
1789819200,0.1981,229589656,1.3944633858719901,0.06279765201018946,-0.011918189302917881,0.968,expanded,rotation,False,A
1789833600,0.19917,227596221,1.3912747997699326,0.05399664617104527,0.002338106958280628,0.96,expanded,rotation,False,A
1789848000,0.19617,223544848,1.3734317349868277,0.05129348795718131,-0.041363582486486195,0.932,expanded,rotation,False,A
1789862400,0.19114,216958115,1.310316161118565,0.024994613229907224,-0.08472399598800529,0.884,expanded,rotation,False,A
1789876800,0.18965,217280237,1.2857054960979373,0.013623978201634588,-0.09733800998809694,0.892,normal,rotation,False,A
1789891200,0.19023,217057095,1.2795272017223829,0.04330266995737047,-0.0947839565778742,0.888,normal,rotation,False,A
1789905600,0.19418,226046989,1.3154344111125535,0.023056653491436013,-0.059369520926125685,0.948,expanded,rotation,False,A
1789920000,0.19618,224156767,1.3092010713466855,0.21051320378674654,-0.06616661561739967,0.936,expanded,rotation,False,A
1789934400,0.19725,225357130,1.2501949795466796,0.27284377803408966,-0.0354271869439623,0.936,normal,rotation,False,A
1789948800,0.19825,227179731,1.247075711034525,0.27423893578920466,-0.0067400927278606915,0.952,normal,rotation,False,A
1789963200,0.19987,231493658,1.2011192240563326,0.315850070359473,0.026154036243902334,0.968,normal,rotation,False,A
1789977600,0.2106,245013221,1.373998920468341,0.39144287664997746,0.09381529711007497,1.0,expanded,trend,False,B
1789992000,0.20981,247492160,1.3619116720284226,0.4276707530647985,0.08743693001039055,1.0,expanded,trend,False,B
1790006400,0.21236,256804352,1.3357012016355527,0.3933168316831683,0.18267997113646595,1.0,expanded,trend,False,B
1790020800,0.21557,257694019,1.254604104354922,0.3924144769459595,0.19518802422931003,1.0,normal,trend,False,B
1790035200,0.2137,255587399,1.2584728457539527,0.3780667320902846,0.18954009377333203,0.992,normal,trend,False,B
1790049600,0.21194,258505263,1.2429818859307384,0.3515399422521653,0.21930769279097895,1.0,normal,trend,False,B
1790064000,0.21091,258695031,1.2414041736862391,0.34991588560442144,0.2317980064259093,1.0,normal,trend,False,B
1790078400,0.21426,257544410,1.1917404410682506,0.33943833943833923,0.21668934727822342,0.988,normal,trend,False,B
1790092800,0.21617,264529558,1.1705754114685103,0.35838219456742804,0.25309154776330334,1.0,normal,trend,False,B
1790107200,0.21642,265304772,1.1526596925881378,0.408871864574323,0.24237524406228728,1.0,normal,trend,False,B
1790121600,0.22201,271968480,1.1980388670337514,0.4067460317460314,0.2546830764340344,1.0,normal,trend,False,B
1790136000,0.21832,268159375,1.2007298162438536,0.3703793186760079,0.24003623063584523,0.996,normal,trend,False,B
1790150400,0.21448,260270908,1.14605479714348,0.33710513908533674,0.17685203826494345,0.984,normal,trend,False,B
1790164800,0.20278,253229109,1.4945616859523772,0.11697527442066705,0.14905246263119465,0.956,expanded,rotation,False,A
1790179200,0.20164,251874474,1.490290684259885,0.07351277991404657,0.15309556458478513,0.952,expanded,rotation,False,A
1790193600,0.20205,252574774,1.4550909703664467,0.10299539170506905,0.1579831325433334,0.952,expanded,rotation,False,A
1790208000,0.20098,246127899,1.4518954612629063,0.0659661412726209,0.11718201433354092,0.94,expanded,rotation,False,A
1790222400,0.20329,246062522,1.4544550597140662,0.13689700130378085,0.0980918825279895,0.936,expanded,rotation,False,A
1790236800,0.19923,245261444,1.4772881249469432,0.04933051444679324,0.08727313065430176,0.932,expanded,rotation,False,A
1790251200,0.20843,251412956,1.614396493841411,0.11318067272926473,0.09505349840325561,0.944,expanded,rotation,True,C
1790265600,0.21318,260411113,1.4352230609140255,0.14755134281200608,0.14418030253674563,0.984,expanded,rotation,True,C
1790280000,0.21773,271580143,1.4615798717759565,0.22341968911917068,0.2148799018620191,0.996,expanded,rotation,True,C
1790294400,0.21868,281796275,1.444638889715842,0.29798744860419796,0.2988510478163031,1.0,expanded,rotation,False,A
1790308800,0.21702,283119772,1.4240785354596888,0.29560427691975305,0.3030166751889174,1.0,expanded,rotation,False,A
1790323200,0.22298,275291566,1.464633029609457,0.3342860059201791,0.26829102729860077,0.992,expanded,rotation,False,A
1790337600,0.21844,254068478,1.4943262462694882,0.24614448051948004,0.12396311547419026,0.936,expanded,rotation,False,A
1790352000,0.22051,249200194,1.4893165555782015,0.24667950927709587,0.11172282387531052,0.916,expanded,rotation,False,A
1790366400,0.22032,250713270,1.468471771245042,0.2360102301790274,0.11251536616569435,0.916,expanded,rotation,False,A
1790380800,0.21896,248554963,1.455444301712122,0.21108959331362687,0.09408952068879772,0.908,expanded,rotation,False,A
1790395200,0.21781,245559684,1.4464729619485204,0.18373617369930326,0.06076203608135122,0.892,expanded,rotation,False,A
1790409600,0.21853,248655409,1.3935263339598818,0.09049412301723124,0.014865271290809279,0.908,expanded,rotation,False,A
1790424000,0.22036,249057282,1.3753644347298175,0.11898048945528342,0.006323925574046374,0.908,expanded,rotation,False,A
1790438400,0.21761,249816641,1.359167823065068,0.0590750534488578,-0.027210251483588577,0.912,expanded,rotation,False,A
1790452800,0.21641,247153982,1.052401034360063,0.009670734515311741,-0.04090136449771464,0.888,normal,rotation,False,A
1790467200,0.21423,247992633,1.0600046851642573,0.006080073419754522,-0.029714946940713638,0.892,normal,rotation,False,A
1790481600,0.21959,247936208,1.1031491517029113,0.08427894678858659,-0.04088526042891438,0.888,normal,rotation,False,A
1790496000,0.21749,249142661,1.1120946915007266,0.07164634146341453,-0.036925216395053195,0.904,normal,rotation,False,A
1790510400,0.21485,246788199,1.1286633305897082,0.006474267529902407,-0.04176449024849738,0.872,normal,rotation,False,A
1790524800,0.21625,252158411,1.0735310655443064,0.0008828073273007795,-0.04676659611702072,0.924,normal,rotation,False,A
1790539200,0.21583,248092396,0.8779452949726303,0.00649851305209832,-0.06487774746848507,0.884,normal,rotation,False,A
1790553600,0.21048,243257218,0.8993114507773835,0.12733296521258972,-0.1055683438021936,0.84,normal,rotation,False,A
1790568000,0.20709,245623914,0.8623914284716198,0.1244321329639887,-0.08403756534710005,0.852,normal,rotation,False,A
1790582400,0.21244,256066729,0.9481094062145795,0.022231909328683654,-0.01615308845812302,0.94,normal,rotation,False,A
1790596800,0.22038,265386397,1.0875911923150952,0.19999999999999987,0.048009046226987984,0.976,normal,rotation,False,A
1790611200,0.22683,271483071,1.0921840704445644,0.2699603472296641,0.07785067175961635,0.98,normal,rotation,False,A
1790625600,0.23234,272874024,1.0849764686697474,0.30779392338176964,0.08036926918125253,0.988,normal,rotation,False,A
1790640000,0.22671,272493350,1.1445133442503668,0.2498786054190539,0.10712093633887476,0.984,normal,rotation,False,A
1790654400,0.23044,274602063,1.1580618449553062,0.26008238337005446,0.1159849162238531,0.988,normal,rotation,False,A
1790668800,0.23357,282182173,1.1566148778400436,0.33191571621882837,0.15053621310327103,0.996,normal,rotation,False,A
1790683200,0.22639,264973662,1.2455557736574747,0.1770504731861198,0.05393797605243544,0.948,normal,rotation,False,A
1790697600,0.22069,260817293,1.3006544760731467,0.07334700654360762,0.0015597644636617947,0.94,expanded,rotation,False,A
1790712000,0.22223,261693911,1.2975510021186467,0.045280740591668346,-0.03640263198476923,0.94,normal,rotation,False,A
1790726400,0.22127,262088721,1.283358790373831,0.02605895965388851,-0.06993546667712336,0.94,normal,rotation,False,A
1790740800,0.22473,266487952,1.2928676167432638,0.07619329973317537,-0.05874481984253643,0.956,normal,rotation,False,A
1790755200,0.22856,264625207,1.2914228052515402,0.056329497274379144,-0.038745680279939965,0.94,normal,rotation,False,A
1790769600,0.22229,258230968,1.311590804622906,0.038198233951780826,0.016383338983122497,0.904,expanded,rotation,False,A
1790784000,0.22679,254939915,1.320787875646471,0.06084092230187925,0.023032570351851245,0.88,expanded,rotation,False,A
