t,c,v,oi,o,h,l,liq_l,liq_s,fund
1783526400,1735.61,199673.69399999976,2239147.025,,1735.61,1735.61,0.0,0.0,0.0035
1783530000,1732.28,185697.73299999948,2230660.082,1735.61,1732.28,1732.28,0.0,0.0,0.0035
1783533600,1736.69,99773.57600000012,2229789.301,1732.28,1736.69,1736.69,0.0,0.0,0.0035
1783537200,1740.34,76491.69899999994,2223761.214,1736.69,1740.34,1740.34,0.0,0.0,0.0035
1783540800,1735.72,56903.30300000031,2221488.102,1740.34,1735.72,1735.72,0.0,0.0,0.0035
1783544400,1737.39,60360.47100000028,2217926.679,1735.72,1737.39,1737.39,0.0,0.0,0.0035
1783548000,1740.5,42269.496000000094,2221518.832,1737.39,1740.5,1740.5,0.0,0.0,0.0035
1783551600,1742.68,48627.35199999996,2220504.549,1740.5,1742.68,1742.68,0.0,0.0,0.0035
1783555200,1737.4,64154.78300000022,2222792.312,1742.68,1737.4,1737.4,0.0,0.0,0.0035
1783558800,1731.0,230246.67500000008,2213482.741,1737.4,1731.0,1731.0,0.0,0.0,0.0035
1783562400,1726.51,153512.56000000032,2214945.148,1731.0,1726.51,1726.51,0.0,0.0,0.0035
1783566000,1729.9,107832.597,2219242.816,1726.51,1729.9,1729.9,0.0,0.0,0.0035
1783569600,1741.69,101113.88300000018,2221762.947,1729.9,1741.69,1741.69,0.0,0.0,0.0035
1783573200,1748.69,144342.8530000005,2223195.371,1741.69,1748.69,1748.69,0.0,0.0,0.0035
1783576800,1754.51,175094.53200000004,2231767.408,1748.69,1754.51,1754.51,0.0,0.0,0.0035
1783580400,1752.47,190265.697,2238127.501,1754.51,1752.47,1752.47,0.0,0.0,0.0035
1783584000,1753.56,87934.13500000024,2240484.773,1752.47,1753.56,1753.56,0.0,0.0,0.0035
1783587600,1755.0,75065.97600000005,2242451.157,1753.56,1755.0,1755.0,0.0,0.0,0.0035
1783591200,1745.46,93539.3490000001,2235930.088,1755.0,1745.46,1745.46,0.0,0.0,0.0035
1783594800,1743.17,105606.40299999987,2236238.16,1745.46,1743.17,1743.17,0.0,0.0,0.0035
1783598400,1740.79,253882.1890000005,2233585.318,1743.17,1740.79,1740.79,0.0,0.0,0.0035
1783602000,1746.33,227473.5460000004,2239342.074,1740.79,1746.33,1746.33,0.0,0.0,0.0035
1783605600,1742.42,220813.5120000005,2245718.174,1746.33,1742.42,1742.42,0.0,0.0,0.0035
1783609200,1738.61,125545.30100000044,2242536.912,1742.42,1738.61,1738.61,0.0,0.0,0.0035
1783612800,1738.2,120013.98600000032,2238314.143,1738.61,1738.2,1738.2,0.0,0.0,0.0035
1783616400,1747.76,133903.59000000032,2250114.681,1738.2,1747.76,1747.76,0.0,0.0,0.0035
1783620000,1750.7,202096.3400000005,2251406.434,1747.76,1750.7,1750.7,0.0,0.0,0.0035
1783623600,1747.81,62433.0150000002,2247519.94,1750.7,1747.81,1747.81,0.0,0.0,0.0035
1783627200,1747.94,55638.16500000046,2241373.752,1747.81,1747.94,1747.94,0.0,0.0,0.0035
1783630800,1747.41,30669.937999999784,2237622.978,1747.94,1747.41,1747.41,0.0,0.0,0.0035
1783634400,1746.6,34255.21299999989,2241886.407,1747.41,1746.6,1746.6,0.0,0.0,0.0035
1783638000,1744.25,55430.004000000285,2240146.411,1746.6,1744.25,1744.25,0.0,0.0,0.0035
1783641600,1742.25,92109.08999999988,2237044.485,1744.25,1742.25,1742.25,0.0,0.0,0.0035
1783645200,1767.0,318311.3029999999,2230544.194,1742.25,1767.0,1767.0,0.0,0.0,0.0035
1783648800,1772.11,170125.41400000016,2246113.037,1767.0,1772.11,1772.11,0.0,0.0,0.0035
1783652400,1775.41,122953.46399999992,2252111.162,1772.11,1775.41,1775.41,0.0,0.0,0.0035
1783656000,1773.9,102220.04599999994,2259455.312,1775.41,1773.9,1773.9,0.0,0.0,0.0035
1783659600,1778.16,99294.6130000001,2263033.998,1773.9,1778.16,1778.16,0.0,0.0,0.0035
1783663200,1770.28,136930.12600000008,2250418.816,1778.16,1770.28,1770.28,0.0,0.0,0.0035
1783666800,1772.5,76782.17300000049,2245060.24,1770.28,1772.5,1772.5,0.0,0.0,0.0035
1783670400,1783.21,213994.4329999998,2243207.319,1772.5,1783.21,1783.21,0.0,0.0,0.0035
1783674000,1791.85,163472.4919999995,2255956.265,1783.21,1791.85,1791.85,0.0,0.0,0.0035
1783677600,1796.07,195020.1479999988,2261257.204,1791.85,1796.07,1796.07,0.0,0.0,0.0035
1783681200,1800.64,130791.0520000001,2274532.352,1796.07,1800.64,1800.64,0.0,0.0,0.0035
1783684800,1793.17,172945.7209999996,2279956.346,1800.64,1793.17,1793.17,0.0,0.0,0.0035
1783688400,1803.06,215121.174,2289801.466,1793.17,1803.06,1803.06,0.0,0.0,0.0035
1783692000,1784.26,410393.57100000087,2267550.356,1803.06,1784.26,1784.26,0.0,0.0,0.0035
1783695600,1790.49,148233.25699999952,2263451.237,1784.26,1790.49,1790.49,0.0,0.0,0.0035
1783699200,1796.66,111048.11600000072,2268469.732,1790.49,1796.66,1796.66,0.0,0.0,0.0035
1783702800,1787.44,98692.72800000005,2271184.728,1796.66,1787.44,1787.44,0.0,0.0,0.0035
1783706400,1784.17,102477.11799999994,2264079.252,1787.44,1784.17,1784.17,0.0,0.0,0.0035
1783710000,1791.85,116521.52099999948,2273630.436,1784.17,1791.85,1791.85,0.0,0.0,0.0035
1783713600,1789.28,63776.23600000032,2274501.884,1791.85,1789.28,1789.28,0.0,0.0,0.0035
1783717200,1793.51,44132.192,2273023.604,1789.28,1793.51,1793.51,0.0,0.0,0.0035
1783720800,1794.28,33810.62400000014,2272928.068,1793.51,1794.28,1794.28,0.0,0.0,0.0035
1783724400,1796.03,44583.34799999997,2278689.44,1794.28,1796.03,1796.03,0.0,0.0,0.0035
1783728000,1792.57,46191.669999999816,2275219.59,1796.03,1792.57,1792.57,0.0,0.0,0.0035
1783731600,1788.22,75868.84100000025,2270820.104,1792.57,1788.22,1788.22,0.0,0.0,0.0035
1783735200,1794.93,55912.84000000019,2271322.424,1788.22,1794.93,1794.93,0.0,0.0,0.0035
1783738800,1795.65,47450.3579999998,2276119.676,1794.93,1795.65,1795.65,0.0,0.0,0.0035
1783742400,1795.84,36640.99999999993,2278637.978,1795.65,1795.84,1795.84,0.0,0.0,0.0035
1783746000,1798.6,57749.72900000004,2283434.943,1795.84,1798.6,1798.6,0.0,0.0,0.0035
1783749600,1798.4,65402.78300000017,2283524.4,1798.6,1798.4,1798.4,0.0,0.0,0.0035
1783753200,1799.07,41216.74300000005,2286438.118,1798.4,1799.07,1799.07,0.0,0.0,0.0035
1783756800,1800.72,36661.309999999874,2289692.904,1799.07,1800.72,1800.72,0.0,0.0,0.0035
1783760400,1794.75,49523.8279999999,2287291.526,1800.72,1794.75,1794.75,0.0,0.0,0.0035
1783764000,1797.63,42176.15299999988,2292026.65,1794.75,1797.63,1797.63,0.0,0.0,0.0035
1783767600,1799.6,32935.2059999999,2295410.375,1797.63,1799.6,1799.6,0.0,0.0,0.0035
1783771200,1799.44,26544.917999999903,2297446.174,1799.6,1799.44,1799.44,0.0,0.0,0.0035
1783774800,1801.97,83084.51500000006,2302199.726,1799.44,1801.97,1801.97,0.0,0.0,0.0035
1783778400,1809.81,238466.63699999987,2313341.494,1801.97,1809.81,1809.81,0.0,0.0,0.0035
1783782000,1814.12,411657.0290000008,2323818.886,1809.81,1814.12,1814.12,0.0,0.0,0.0035
1783785600,1822.45,164602.48899999968,2328465.887,1814.12,1822.45,1822.45,0.0,0.0,0.0035
1783789200,1823.76,123369.71400000002,2337917.239,1822.45,1823.76,1823.76,0.0,0.0,0.0035
1783792800,1825.33,92267.66900000018,2337303.449,1823.76,1825.33,1825.33,0.0,0.0,0.0035
1783796400,1823.72,79313.9879999998,2332855.094,1825.33,1823.72,1823.72,0.0,0.0,0.0035
1783800000,1825.32,37784.17700000003,2332975.754,1823.72,1825.32,1825.32,0.0,0.0,0.0035
1783803600,1823.03,38677.148999999954,2330983.504,1825.32,1823.03,1823.03,0.0,0.0,0.0035
1783807200,1812.88,147618.85399999993,2340421.391,1823.03,1812.88,1812.88,0.0,0.0,0.0035
1783810800,1786.7,330316.2390000001,2313037.733,1812.88,1786.7,1786.7,0.0,0.0,0.0035
1783814400,1788.23,227245.49899999937,2297454.751,1786.7,1788.23,1788.23,0.0,0.0,0.0035
1783818000,1805.85,203996.2090000001,2289241.242,1788.23,1805.85,1805.85,0.0,0.0,0.0035
1783821600,1804.19,61546.42499999986,2293187.173,1805.85,1804.19,1804.19,0.0,0.0,0.0035
1783825200,1810.83,102048.95999999969,2296585.099,1804.19,1810.83,1810.83,0.0,0.0,0.0035
1783828800,1805.06,77407.00300000022,2297335.872,1810.83,1805.06,1805.06,0.0,0.0,0.0035
1783832400,1802.29,54935.446999999775,2298039.254,1805.06,1802.29,1802.29,0.0,0.0,0.0035
1783836000,1794.27,161260.24199999942,2291963.326,1802.29,1794.27,1794.27,0.0,0.0,0.0035
1783839600,1797.98,56777.78900000011,2290420.8,1794.27,1797.98,1797.98,0.0,0.0,0.0035
1783843200,1804.28,107173.25000000004,2288864.489,1797.98,1804.28,1804.28,0.0,0.0,0.0035
1783846800,1801.58,84276.12199999977,2285330.241,1804.28,1801.58,1801.58,0.0,0.0,0.0035
1783850400,1798.66,65912.57600000026,2290290.493,1801.58,1798.66,1798.66,0.0,0.0,0.0035
1783854000,1802.99,72809.6040000001,2297793.755,1798.66,1802.99,1802.99,0.0,0.0,0.0035
1783857600,1806.17,63817.96400000015,2300538.925,1802.99,1806.17,1806.17,0.0,0.0,0.0035
1783861200,1805.03,41315.96600000044,2301823.095,1806.17,1805.03,1805.03,0.0,0.0,0.0035
1783864800,1818.73,155110.2689999996,2297446.538,1805.03,1818.73,1818.73,0.0,0.0,0.0035
1783868400,1819.95,218738.21099999925,2320527.092,1818.73,1819.95,1819.95,0.0,0.0,0.0035
1783872000,1820.85,99900.33900000056,2319836.511,1819.95,1820.85,1820.85,0.0,0.0,0.0035
1783875600,1817.43,60264.61900000007,2320118.556,1820.85,1817.43,1817.43,0.0,0.0,0.0035
1783879200,1820.78,60413.09899999991,2322413.571,1817.43,1820.78,1820.78,0.0,0.0,0.0035
1783882800,1820.58,32218.61599999991,2323210.506,1820.78,1820.58,1820.58,0.0,0.0,0.0035
1783886400,1820.42,31019.184000000118,2322229.662,1820.58,1820.42,1820.42,0.0,0.0,0.0035
1783890000,1811.53,77060.72399999978,2316184.592,1820.42,1811.53,1811.53,0.0,0.0,0.0035
1783893600,1804.03,212527.89900000015,2302684.979,1811.53,1804.03,1804.03,0.0,0.0,0.0035
1783897200,1805.92,79484.55299999991,2299823.624,1804.03,1805.92,1805.92,0.0,0.0,0.0035
1783900800,1825.6,718792.0120000012,2297688.68,1805.92,1825.6,1825.6,0.0,0.0,0.0035
1783904400,1805.74,298051.8799999992,2297090.133,1825.6,1805.74,1805.74,0.0,0.0,0.0035
1783908000,1806.12,245928.5360000001,2305068.415,1805.74,1806.12,1806.12,0.0,0.0,0.0035
1783911600,1779.76,552099.1579999998,2271903.023,1806.12,1779.76,1779.76,0.0,0.0,0.0035
1783915200,1777.92,138338.30200000037,2274927.356,1779.76,1777.92,1777.92,0.0,0.0,0.0035
1783918800,1780.87,197270.4049999995,2266107.863,1777.92,1780.87,1780.87,0.0,0.0,0.0035
1783922400,1776.96,91883.5510000002,2265473.835,1780.87,1776.96,1776.96,0.0,0.0,0.0035
1783926000,1786.74,157925.3819999995,2249634.443,1776.96,1786.74,1786.74,0.0,0.0,0.0035
1783929600,1789.21,108396.8920000005,2252506.246,1786.74,1789.21,1789.21,0.0,0.0,0.0035
1783933200,1784.8,60513.47700000008,2254056.628,1789.21,1784.8,1784.8,0.0,0.0,0.0035
1783936800,1778.75,106773.04700000044,2256142.239,1784.8,1778.75,1778.75,0.0,0.0,0.0035
1783940400,1779.9,72372.72500000057,2254614.807,1778.75,1779.9,1779.9,0.0,0.0,0.0035
1783944000,1771.35,292896.19100000063,2246104.63,1779.9,1771.35,1771.35,0.0,0.0,0.0035
1783947600,1770.61,285758.74300000013,2249686.866,1771.35,1770.61,1770.61,0.0,0.0,0.0035
1783951200,1780.94,332895.53800000047,2237170.342,1770.61,1780.94,1780.94,0.0,0.0,0.0035
1783954800,1775.9,149011.2419999994,2230830.795,1780.94,1775.9,1775.9,0.0,0.0,0.0035
1783958400,1771.05,163182.6850000002,2227839.923,1775.9,1771.05,1771.05,0.0,0.0,0.0035
1783962000,1752.69,304477.01900000026,2234373.583,1771.05,1752.69,1752.69,0.0,0.0,0.0035
1783965600,1763.99,227611.48800000036,2227013.928,1752.69,1763.99,1763.99,0.0,0.0,0.0035
1783969200,1773.86,103123.50900000024,2225511.668,1763.99,1773.86,1773.86,0.0,0.0,0.0035
1783972800,1766.25,119963.4570000001,2219727.439,1773.86,1766.25,1766.25,0.0,0.0,0.0035
1783976400,1760.8,100909.891,2212065.045,1766.25,1760.8,1760.8,0.0,0.0,0.0035
1783980000,1757.43,92520.12900000018,2216683.205,1760.8,1757.43,1757.43,0.0,0.0,0.0035
1783983600,1776.0,162035.75999999995,2250277.759,1757.43,1776.0,1776.0,0.0,0.0,0.0035
1783987200,1785.24,183992.9480000004,2249717.274,1776.0,1785.24,1785.24,0.0,0.0,0.0035
1783990800,1783.96,175003.47299999977,2252702.588,1785.24,1783.96,1783.96,0.0,0.0,0.0035
1783994400,1781.84,135108.0800000001,2249820.331,1783.96,1781.84,1781.84,0.0,0.0,0.0035
1783998000,1782.99,69652.16800000024,2250750.355,1781.84,1782.99,1782.99,0.0,0.0,0.0035
1784001600,1784.9,108078.01299999988,2246495.179,1782.99,1784.9,1784.9,0.0,0.0,0.0035
1784005200,1786.24,108011.99100000031,2244023.759,1784.9,1786.24,1786.24,0.0,0.0,0.0035
1784008800,1782.49,45440.0939999997,2246095.765,1786.24,1782.49,1782.49,0.0,0.0,0.0035
1784012400,1780.0,84009.7280000003,2246935.342,1782.49,1780.0,1780.0,0.0,0.0,0.0035
1784016000,1785.11,81962.47300000001,2248278.48,1780.0,1785.11,1785.11,0.0,0.0,0.0035
1784019600,1785.29,80815.90999999997,2251027.448,1785.11,1785.29,1785.29,0.0,0.0,0.0035
1784023200,1799.56,331111.9600000004,2292831.211,1785.29,1799.56,1799.56,0.0,0.0,0.0035
1784026800,1797.04,134014.86300000007,2304664.911,1799.56,1797.04,1797.04,0.0,0.0,0.0035
1784030400,1860.7,1155529.0500000026,2344361.432,1797.04,1860.7,1860.7,0.0,0.0,0.0035
1784034000,1870.52,813052.4629999999,2394473.473,1860.7,1870.52,1870.52,0.0,0.0,0.0035
1784037600,1880.17,396875.3260000015,2442169.517,1870.52,1880.17,1880.17,0.0,0.0,0.0035
1784041200,1874.38,344253.13800000004,2474021.392,1880.17,1874.38,1874.38,0.0,0.0,0.0035
1784044800,1873.03,161498.7629999994,2470353.072,1874.38,1873.03,1873.03,0.0,0.0,0.0035
1784048400,1870.87,175084.39600000094,2464749.504,1873.03,1870.87,1870.87,0.0,0.0,0.0035
1784052000,1873.9,77000.1460000001,2468549.805,1870.87,1873.9,1873.9,0.0,0.0,0.0035
1784055600,1875.86,99378.02999999988,2462559.68,1873.9,1875.86,1875.86,0.0,0.0,0.0035
1784059200,1874.62,55854.905000000006,2464458.408,1875.86,1874.62,1874.62,0.0,0.0,0.0035
1784062800,1875.44,62282.50900000003,2461901.569,1874.62,1875.44,1875.44,0.0,0.0,0.0035
1784066400,1881.09,331798.3690000008,2458821.603,1875.44,1881.09,1881.09,0.0,0.0,0.0035
1784070000,1891.12,98957.64300000004,2455190.254,1881.09,1891.12,1891.12,0.0,0.0,0.0035
1784073600,1880.71,139598.73700000005,2450789.923,1891.12,1880.71,1880.71,0.0,0.0,0.0035
1784077200,1869.33,164159.31899999976,2458191.578,1880.71,1869.33,1869.33,0.0,0.0,0.0035
1784080800,1863.62,89162.98000000029,2458490.506,1869.33,1863.62,1863.62,0.0,0.0,0.0035
1784084400,1875.32,116310.43400000008,2446791.989,1863.62,1875.32,1875.32,0.0,0.0,0.0035
1784088000,1875.65,73548.75700000004,2444616.936,1875.32,1875.65,1875.65,0.0,0.0,0.0035
1784091600,1881.71,89872.32100000007,2444488.987,1875.65,1881.71,1881.71,0.0,0.0,0.0035
1784095200,1874.82,243282.3740000008,2454940.94,1881.71,1874.82,1874.82,0.0,0.0,0.0035
1784098800,1869.13,198028.5920000017,2430606.311,1874.82,1869.13,1869.13,0.0,0.0,0.0035
1784102400,1878.29,91104.08000000032,2425925.26,1869.13,1878.29,1878.29,0.0,0.0,0.0035
1784106000,1879.08,120802.46599999994,2431050.398,1878.29,1879.08,1879.08,0.0,0.0,0.0035
1784109600,1877.17,91049.6550000002,2433828.631,1879.08,1877.17,1877.17,0.0,0.0,0.0035
1784113200,1883.64,78897.1499999998,2429158.246,1877.17,1883.64,1883.64,0.0,0.0,0.0035
1784116800,1926.73,730243.5780000001,2440739.936,1883.64,1926.73,1926.73,0.0,0.0,0.0035
1784120400,1924.7,911728.5380000032,2460176.795,1926.73,1924.7,1924.7,0.0,0.0,0.0035
1784124000,1932.48,339372.91799999966,2462493.949,1924.7,1932.48,1932.48,0.0,0.0,0.0035
1784127600,1930.97,208409.76200000048,2461686.954,1932.48,1930.97,1930.97,0.0,0.0,0.0035
1784131200,1918.82,380924.8760000016,2431843.511,1930.97,1918.82,1918.82,0.0,0.0,0.0035
1784134800,1927.18,153938.9349999997,2435243.095,1918.82,1927.18,1927.18,0.0,0.0,0.0035
1784138400,1923.82,168530.97400000016,2431221.085,1927.18,1923.82,1923.82,0.0,0.0,0.0035
1784142000,1923.2,106250.53800000036,2421912.655,1923.82,1923.2,1923.2,0.0,0.0,0.0035
1784145600,1922.65,63666.283999999774,2412911.726,1923.2,1922.65,1922.65,0.0,0.0,0.0035
1784149200,1921.29,35622.003999999986,2410973.508,1922.65,1921.29,1921.29,0.0,0.0,0.0035
1784152800,1922.46,73369.84700000004,2407071.173,1921.29,1922.46,1922.46,0.0,0.0,0.0035
1784156400,1916.91,83112.35099999995,2399858.965,1922.46,1916.91,1916.91,0.0,0.0,0.0035
1784160000,1914.06,143655.2000000001,2397095.157,1916.91,1914.06,1914.06,0.0,0.0,0.0035
1784163600,1921.84,118183.86900000024,2394155.811,1914.06,1921.84,1921.84,0.0,0.0,0.0035
1784167200,1924.44,62791.21499999998,2400560.253,1921.84,1924.44,1924.44,0.0,0.0,0.0035
1784170800,1917.94,98269.12999999987,2405355.457,1924.44,1917.94,1917.94,0.0,0.0,0.0035
1784174400,1917.63,71545.61600000027,2405442.147,1917.94,1917.63,1917.63,0.0,0.0,0.0035
1784178000,1924.79,89924.7280000003,2410820.154,1917.63,1924.79,1924.79,0.0,0.0,0.0035
1784181600,1921.88,109114.02000000016,2406331.432,1924.79,1921.88,1921.88,0.0,0.0,0.0035
1784185200,1909.91,220213.8139999996,2400755.12,1921.88,1909.91,1909.91,0.0,0.0,0.0035
1784188800,1885.3,795148.2059999978,2334915.729,1909.91,1885.3,1885.3,0.0,0.0,0.0035
1784192400,1883.63,145445.7260000003,2333743.45,1885.3,1883.63,1883.63,0.0,0.0,0.0035
1784196000,1887.57,116163.297,2330693.458,1883.63,1887.57,1887.57,0.0,0.0,0.0035
1784199600,1884.15,142354.36100000053,2335895.656,1887.57,1884.15,1884.15,0.0,0.0,0.0035
1784203200,1871.73,296640.53400000103,2329274.094,1884.15,1871.73,1871.73,0.0,0.0,0.0035
1784206800,1881.94,358646.8050000002,2315645.218,1871.73,1881.94,1881.94,0.0,0.0,0.0035
1784210400,1882.85,310214.37500000146,2324392.806,1881.94,1882.85,1882.85,0.0,0.0,0.0035
1784214000,1880.9,294636.702999999,2314587.398,1882.85,1880.9,1880.9,0.0,0.0,0.0035
1784217600,1878.09,117020.9220000001,2313626.117,1880.9,1878.09,1878.09,0.0,0.0,0.0035
1784221200,1868.3,232059.55400000108,2298703.744,1878.09,1868.3,1868.3,0.0,0.0,0.0035
1784224800,1875.16,101405.62700000074,2299468.629,1868.3,1875.16,1875.16,0.0,0.0,0.0035
1784228400,1874.83,54090.18799999964,2297081.277,1875.16,1874.83,1874.83,0.0,0.0,0.0035
1784232000,1871.01,51586.86299999989,2298144.158,1874.83,1871.01,1871.01,0.0,0.0,0.0035
1784235600,1878.0,68524.5029999993,2297357.947,1871.01,1878.0,1878.0,0.0,0.0,0.0035
1784239200,1868.2,95377.94399999994,2297994.958,1878.0,1868.2,1868.2,0.0,0.0,0.0035
1784242800,1863.73,220030.29400000023,2277188.308,1868.2,1863.73,1863.73,0.0,0.0,0.0035
1784246400,1865.0,244133.56899999976,2275161.248,1863.73,1865.0,1865.0,0.0,0.0,0.0035
1784250000,1850.22,202898.32099999997,2273183.518,1865.0,1850.22,1850.22,0.0,0.0,0.0035
1784253600,1847.31,189645.4489999996,2270388.173,1850.22,1847.31,1847.31,0.0,0.0,0.0035
1784257200,1851.75,147027.53,2276694.6,1847.31,1851.75,1851.75,0.0,0.0,0.0035
1784260800,1849.28,109479.80299999993,2278437.012,1851.75,1849.28,1849.28,0.0,0.0,0.0035
1784264400,1823.21,397270.3010000017,2275620.467,1849.28,1823.21,1823.21,0.0,0.0,0.0035
1784268000,1831.57,256137.55999999883,2299336.974,1823.21,1831.57,1831.57,0.0,0.0,0.0035
1784271600,1827.37,104683.02899999994,2304325.445,1831.57,1827.37,1827.37,0.0,0.0,0.0035
1784275200,1829.18,145813.18199999983,2310551.887,1827.37,1829.18,1829.18,0.0,0.0,0.0035
1784278800,1834.19,87323.37400000016,2311815.116,1829.18,1834.19,1834.19,0.0,0.0,0.0035
1784282400,1835.9,114231.82000000004,2311922.451,1834.19,1835.9,1835.9,0.0,0.0,0.0035
1784286000,1838.32,107700.91700000048,2313986.669,1835.9,1838.32,1838.32,0.0,0.0,0.0035
1784289600,1827.6,123806.8510000003,2309619.62,1838.32,1827.6,1827.6,0.0,0.0,0.0035
1784293200,1824.72,551355.0290000007,2293842.105,1827.6,1824.72,1824.72,0.0,0.0,0.0035
1784296800,1821.16,284791.88499999896,2291526.756,1824.72,1821.16,1821.16,0.0,0.0,0.0035
1784300400,1830.2,245110.87899999932,2309836.276,1821.16,1830.2,1830.2,0.0,0.0,0.0035
1784304000,1835.07,242985.1429999998,2297987.503,1830.2,1835.07,1835.07,0.0,0.0,0.0035
1784307600,1842.88,288948.857000002,2295258.341,1835.07,1842.88,1842.88,0.0,0.0,0.0035
1784311200,1846.08,153736.90499999988,2290126.548,1842.88,1846.08,1846.08,0.0,0.0,0.0035
1784314800,1842.81,86303.55599999947,2281012.362,1846.08,1842.81,1842.81,0.0,0.0,0.0035
1784318400,1842.04,64564.48500000003,2274033.62,1842.81,1842.04,1842.04,0.0,0.0,0.0035
1784322000,1840.68,40204.68599999986,2272575.693,1842.04,1840.68,1840.68,0.0,0.0,0.0035
1784325600,1839.2,39484.84899999996,2273163.303,1840.68,1839.2,1839.2,0.0,0.0,0.0035
1784329200,1841.08,49656.65200000013,2271511.631,1839.2,1841.08,1841.08,0.0,0.0,0.0035
1784332800,1839.99,36033.73299999968,2272967.002,1841.08,1839.99,1839.99,0.0,0.0,0.0035
1784336400,1841.81,29601.949999999782,2273647.353,1839.99,1841.81,1841.81,0.0,0.0,0.0035
1784340000,1841.12,49738.45699999985,2275930.581,1841.81,1841.12,1841.12,0.0,0.0,0.0035
1784343600,1845.23,32036.111000000004,2275514.27,1841.12,1845.23,1845.23,0.0,0.0,0.0035
1784347200,1843.91,25468.49099999973,2274502.272,1845.23,1843.91,1843.91,0.0,0.0,0.0035
1784350800,1845.13,57611.20099999975,2278454.69,1843.91,1845.13,1845.13,0.0,0.0,0.0035
1784354400,1844.0,31347.78899999986,2277398.265,1845.13,1844.0,1844.0,0.0,0.0,0.0035
1784358000,1843.42,26103.756000000067,2277139.405,1844.0,1843.42,1843.42,0.0,0.0,0.0035
1784361600,1846.73,55221.422000000006,2283200.199,1843.42,1846.73,1846.73,0.0,0.0,0.0035
1784365200,1844.13,33084.2949999998,2285169.655,1846.73,1844.13,1844.13,0.0,0.0,0.0035
1784368800,1844.73,28419.45799999985,2288087.801,1844.13,1844.73,1844.73,0.0,0.0,0.0035
1784372400,1844.7,18784.26399999999,2288883.479,1844.73,1844.7,1844.7,0.0,0.0,0.0035
1784376000,1844.12,104931.05199999997,2286065.836,1844.7,1844.12,1844.12,0.0,0.0,0.0035
1784379600,1840.74,71309.15899999953,2283878.493,1844.12,1840.74,1840.74,0.0,0.0,0.0035
1784383200,1844.98,60125.02299999992,2282569.973,1840.74,1844.98,1844.98,0.0,0.0,0.0035
1784386800,1843.15,33267.08099999981,2282134.865,1844.98,1843.15,1843.15,0.0,0.0,0.0035
1784390400,1845.21,54644.17799999989,2278842.659,1843.15,1845.21,1845.21,0.0,0.0,0.0035
1784394000,1851.77,96418.57800000014,2277476.25,1845.21,1851.77,1851.77,0.0,0.0,0.0035
1784397600,1856.7,199959.98700000063,2281616.722,1851.77,1856.7,1856.7,0.0,0.0,0.0035
1784401200,1857.4,65729.45800000009,2288025.762,1856.7,1857.4,1857.4,0.0,0.0,0.0035
1784404800,1856.32,62915.68999999985,2288832.778,1857.4,1856.32,1856.32,0.0,0.0,0.0035
1784408400,1859.99,60222.39700000017,2291836.518,1856.32,1859.99,1859.99,0.0,0.0,0.0035
1784412000,1862.57,49277.82199999999,2291420.509,1859.99,1862.57,1862.57,0.0,0.0,0.0035
1784415600,1861.75,30076.70599999988,2293876.454,1862.57,1861.75,1861.75,0.0,0.0,0.0035
1784419200,1860.5,45484.09999999989,2298534.195,1861.75,1860.5,1860.5,0.0,0.0,0.0035
1784422800,1858.39,35309.365999999856,2298162.316,1860.5,1858.39,1858.39,0.0,0.0,0.0035
1784426400,1870.78,181493.1300000013,2301680.837,1858.39,1870.78,1870.78,0.0,0.0,0.0035
1784430000,1866.33,78469.20199999998,2307693.301,1870.78,1866.33,1866.33,0.0,0.0,0.0035
1784433600,1866.46,40113.8629999998,2310866.615,1866.33,1866.46,1866.46,0.0,0.0,0.0035
1784437200,1867.72,37186.45499999988,2311992.833,1866.46,1867.72,1867.72,0.0,0.0,0.0035
1784440800,1868.4,32653.678999999785,2316922.032,1867.72,1868.4,1868.4,0.0,0.0,0.0035
1784444400,1869.35,39292.53899999992,2317599.328,1868.4,1869.35,1869.35,0.0,0.0,0.0035
1784448000,1872.99,55717.7679999996,2319142.061,1869.35,1872.99,1872.99,0.0,0.0,0.0035
1784451600,1865.45,75153.51100000042,2315361.206,1872.99,1865.45,1865.45,0.0,0.0,0.0035
1784455200,1871.65,106454.3899999997,2314489.613,1865.45,1871.65,1871.65,0.0,0.0,0.0035
1784458800,1870.49,98161.32400000036,2321635.049,1871.65,1870.49,1870.49,0.0,0.0,0.0035
1784462400,1869.58,135647.86100000064,2324253.049,1870.49,1869.58,1869.58,0.0,0.0,0.0035
1784466000,1871.05,56571.54399999975,2323435.051,1869.58,1871.05,1871.05,0.0,0.0,0.0035
1784469600,1873.93,97351.29000000015,2327368.875,1871.05,1873.93,1873.93,0.0,0.0,0.0035
1784473200,1870.12,60772.37799999984,2331394.011,1873.93,1870.12,1870.12,0.0,0.0,0.0035
1784476800,1865.9,54762.33900000002,2333715.924,1870.12,1865.9,1865.9,0.0,0.0,0.0035
1784480400,1866.35,159399.6710000002,2320134.573,1865.9,1866.35,1866.35,0.0,0.0,0.0035
1784484000,1860.31,146162.64900000097,2315548.729,1866.35,1860.31,1860.31,0.0,0.0,0.0035
1784487600,1861.46,46934.37999999983,2312249.69,1860.31,1861.46,1861.46,0.0,0.0,0.0035
1784491200,1866.48,40569.93099999972,2309375.965,1861.46,1866.48,1866.48,0.0,0.0,0.0035
1784494800,1861.2,57378.606999999945,2303094.619,1866.48,1861.2,1861.2,0.0,0.0,0.0035
1784498400,1869.61,186366.8360000008,2294948.641,1861.2,1869.61,1869.61,0.0,0.0,0.0035
1784502000,1871.49,77304.82500000027,2293438.954,1869.61,1871.49,1871.49,0.0,0.0,0.0035
1784505600,1871.29,372970.7019999995,2283407.332,1871.49,1871.29,1871.29,0.0,0.0,0.0035
1784509200,1868.48,232925.78100000092,2289102.449,1871.29,1868.48,1868.48,0.0,0.0,0.0035
1784512800,1878.12,183332.90400000103,2294658.474,1868.48,1878.12,1878.12,0.0,0.0,0.0035
1784516400,1878.88,101703.35400000017,2292022.621,1878.12,1878.88,1878.88,0.0,0.0,0.0035
1784520000,1868.0,120030.68400000047,2295708.633,1878.88,1868.0,1868.0,0.0,0.0,0.0035
1784523600,1854.51,240983.5100000004,2293024.455,1868.0,1854.51,1854.51,0.0,0.0,0.0035
1784527200,1848.71,232618.0599999996,2291656.164,1854.51,1848.71,1848.71,0.0,0.0,0.0035
1784530800,1863.11,165906.20900000035,2303969.482,1848.71,1863.11,1863.11,0.0,0.0,0.0035
1784534400,1859.96,197537.70100000064,2319567.444,1863.11,1859.96,1859.96,0.0,0.0,0.0035
1784538000,1863.43,79003.50899999986,2321571.223,1859.96,1863.43,1863.43,0.0,0.0,0.0035
1784541600,1867.98,78014.74900000072,2323309.14,1863.43,1867.98,1867.98,0.0,0.0,0.0035
1784545200,1892.43,411380.4920000008,2332852.702,1867.98,1892.43,1892.43,0.0,0.0,0.0035
1784548800,1872.43,288114.05900000164,2300818.161,1892.43,1872.43,1872.43,0.0,0.0,0.0035
1784552400,1861.58,307204.78700000007,2295459.092,1872.43,1861.58,1861.58,0.0,0.0,0.0035
1784556000,1867.41,212796.1760000005,2300296.176,1861.58,1867.41,1867.41,0.0,0.0,0.0035
1784559600,1901.58,489593.2820000012,2309789.517,1867.41,1901.58,1901.58,0.0,0.0,0.0035
1784563200,1898.55,302096.7059999985,2322359.949,1901.58,1898.55,1898.55,0.0,0.0,0.0035
1784566800,1906.94,186642.957,2318291.604,1898.55,1906.94,1906.94,0.0,0.0,0.0035
1784570400,1898.53,294301.09199999896,2311962.955,1906.94,1898.53,1898.53,0.0,0.0,0.0035
1784574000,1897.69,156052.55199999985,2297559.345,1898.53,1897.69,1897.69,0.0,0.0,0.0035
1784577600,1903.96,77529.38100000007,2298649.335,1897.69,1903.96,1903.96,0.0,0.0,0.0035
1784581200,1901.41,45377.072999999866,2296076.582,1903.96,1901.41,1901.41,0.0,0.0,0.0035
1784584800,1894.75,80741.19500000002,2305513.708,1901.41,1894.75,1894.75,0.0,0.0,0.0035
1784588400,1903.5,67959.20500000015,2306229.622,1894.75,1903.5,1903.5,0.0,0.0,0.0035
1784592000,1914.05,132392.40500000055,2313391.486,1903.5,1914.05,1914.05,0.0,0.0,0.0035
1784595600,1906.55,98756.23800000024,2324825.065,1914.05,1906.55,1906.55,0.0,0.0,0.0035
1784599200,1916.45,129595.78100000008,2315151.238,1906.55,1916.45,1916.45,0.0,0.0,0.0035
1784602800,1925.81,161958.2399999993,2328049.815,1916.45,1925.81,1925.81,0.0,0.0,0.0035
1784606400,1923.7,128102.8860000005,2336600.576,1925.81,1923.7,1923.7,0.0,0.0,0.0035
1784610000,1929.64,137590.71199999994,2338989.723,1923.7,1929.64,1929.64,0.0,0.0,0.0035
1784613600,1934.07,167681.7149999996,2353482.461,1929.64,1934.07,1934.07,0.0,0.0,0.0035
1784617200,1933.29,122300.39,2369463.299,1934.07,1933.29,1933.29,0.0,0.0,0.0035
1784620800,1939.0,426659.1620000021,2408711.182,1933.29,1939.0,1939.0,0.0,0.0,0.0035
1784624400,1941.1,157498.21699999986,2378718.485,1939.0,1941.1,1941.1,0.0,0.0,0.0035
1784628000,1932.99,146981.7850000002,2377435.82,1941.1,1932.99,1932.99,0.0,0.0,0.0035
1784631600,1934.85,171426.1910000005,2374730.397,1932.99,1934.85,1934.85,0.0,0.0,0.0035
1784635200,1941.75,175209.9719999995,2386738.635,1934.85,1941.75,1941.75,0.0,0.0,0.0035
1784638800,1939.53,202490.0630000008,2387731.354,1941.75,1939.53,1939.53,0.0,0.0,0.0035
1784642400,1930.9,195534.467,2380287.264,1939.53,1930.9,1930.9,0.0,0.0,0.0035
1784646000,1930.89,171439.7139999997,2362357.277,1930.9,1930.89,1930.89,0.0,0.0,0.0035
1784649600,1925.57,134570.0749999997,2361536.89,1930.89,1925.57,1925.57,0.0,0.0,0.0035
1784653200,1917.94,179067.68099999987,2355918.476,1925.57,1917.94,1917.94,0.0,0.0,0.0035
1784656800,1919.24,95477.269,2353025.924,1917.94,1919.24,1919.24,0.0,0.0,0.0035
1784660400,1922.4,79256.913,2348618.452,1919.24,1922.4,1922.4,0.0,0.0,0.0035
1784664000,1922.26,52861.50199999989,2346725.894,1922.4,1922.26,1922.26,0.0,0.0,0.0035
1784667600,1923.1,51587.10399999974,2345074.53,1922.26,1923.1,1923.1,0.0,0.0,0.0035
1784671200,1919.75,51780.91599999985,2345816.467,1923.1,1919.75,1919.75,0.0,0.0,0.0035
1784674800,1929.29,117155.8039999998,2335914.12,1919.75,1929.29,1929.29,0.0,0.0,0.0035
1784678400,1938.55,233883.13799999945,2367032.245,1929.29,1938.55,1938.55,0.0,0.0,0.0035
1784682000,1932.8,103187.35399999996,2363429.968,1938.55,1932.8,1932.8,0.0,0.0,0.0035
1784685600,1929.35,58917.66999999963,2362518.895,1932.8,1929.35,1929.35,0.0,0.0,0.0035
1784689200,1927.65,68640.36599999995,2362991.286,1929.35,1927.65,1927.65,0.0,0.0,0.0035
1784692800,1935.79,66674.90599999984,2368246.415,1927.65,1935.79,1935.79,0.0,0.0,0.0035
1784696400,1918.49,147318.9909999995,2358597.061,1935.79,1918.49,1918.49,0.0,0.0,0.0035
1784700000,1916.49,120884.36000000016,2354986.005,1918.49,1916.49,1916.49,0.0,0.0,0.0035
1784703600,1913.26,125544.46799999972,2360053.414,1916.49,1913.26,1913.26,0.0,0.0,0.0035
1784707200,1920.26,112779.04100000027,2359376.879,1913.26,1920.26,1920.26,0.0,0.0,0.0035
1784710800,1923.57,92176.98200000012,2352030.925,1920.26,1923.57,1923.57,0.0,0.0,0.0035
1784714400,1929.88,113610.8399999997,2358340.316,1923.57,1929.88,1929.88,0.0,0.0,0.0035
1784718000,1926.42,82129.14799999993,2364028.087,1929.88,1926.42,1926.42,0.0,0.0,0.0035
1784721600,1916.09,117309.77699999975,2359934.431,1926.42,1916.09,1916.09,0.0,0.0,0.0035
1784725200,1939.05,299838.56900000025,2365659.563,1916.09,1939.05,1939.05,0.0,0.0,0.0035
1784728800,1932.4,485263.1109999988,2381281.574,1939.05,1932.4,1932.4,0.0,0.0,0.0035
1784732400,1942.06,311183.71000000054,2405071.548,1932.4,1942.06,1942.06,0.0,0.0,0.0035
1784736000,1949.0,284436.86699999985,2428816.091,1942.06,1949.0,1949.0,0.0,0.0,0.0035
1784739600,1937.7,159692.6749999991,2424189.442,1949.0,1937.7,1937.7,0.0,0.0,0.0035
1784743200,1929.61,203816.1820000001,2402524.108,1937.7,1929.61,1929.61,0.0,0.0,0.0035
1784746800,1924.01,87678.73100000048,2399786.129,1929.61,1924.01,1924.01,0.0,0.0,0.0035
1784750400,1925.79,56849.23699999987,2397633.782,1924.01,1925.79,1925.79,0.0,0.0,0.0035
1784754000,1937.7,60794.56099999986,2390213.399,1925.79,1937.7,1937.7,0.0,0.0,0.0035
1784757600,1937.34,69386.36799999973,2390845.747,1937.7,1937.34,1937.34,0.0,0.0,0.0035
1784761200,1933.31,123005.28599999976,2369306.529,1937.34,1933.31,1933.31,0.0,0.0,0.0035
1784764800,1931.04,94676.9680000002,2375664.493,1933.31,1931.04,1931.04,0.0,0.0,0.0035
1784768400,1927.27,77963.9569999998,2372579.551,1931.04,1927.27,1927.27,0.0,0.0,0.0035
1784772000,1926.5,69447.87200000018,2372736.929,1927.27,1926.5,1926.5,0.0,0.0,0.0035
1784775600,1919.46,108828.5120000003,2378754.028,1926.5,1919.46,1919.46,0.0,0.0,0.0035
1784779200,1918.78,76524.20299999973,2380306.157,1919.46,1918.78,1918.78,0.0,0.0,0.0035
1784782800,1921.92,75586.01300000028,2381095.493,1918.78,1921.92,1921.92,0.0,0.0,0.0035
1784786400,1924.4,46138.84500000007,2381107.748,1921.92,1924.4,1924.4,0.0,0.0,0.0035
1784790000,1914.61,175062.79300000027,2398198.232,1924.4,1914.61,1914.61,0.0,0.0,0.0035
1784793600,1925.53,113677.26999999992,2396560.324,1914.61,1925.53,1925.53,0.0,0.0,0.0035
1784797200,1923.1,134514.12600000005,2393089.016,1925.53,1923.1,1923.1,0.0,0.0,0.0035
1784800800,1927.04,65954.08500000002,2399729.57,1923.1,1927.04,1927.04,0.0,0.0,0.0035
1784804400,1924.65,56007.73499999987,2401171.146,1927.04,1924.65,1924.65,0.0,0.0,0.0035
1784808000,1903.5,472358.9689999986,2379148.5,1924.65,1903.5,1903.5,0.0,0.0,0.0035
1784811600,1897.69,294873.1259999986,2374447.874,1903.5,1897.69,1897.69,0.0,0.0,0.0035
1784815200,1895.42,238671.8710000004,2373333.467,1897.69,1895.42,1895.42,0.0,0.0,0.0035
1784818800,1894.49,409920.1339999988,2357665.27,1895.42,1894.49,1894.49,0.0,0.0,0.0035
1784822400,1886.98,205684.46100000088,2368446.071,1894.49,1886.98,1886.98,0.0,0.0,0.0035
1784826000,1877.73,196176.83000000007,2357995.252,1886.98,1877.73,1877.73,0.0,0.0,0.0035
1784829600,1880.3,123189.86300000042,2356120.57,1877.73,1880.3,1880.3,0.0,0.0,0.0035
1784833200,1874.74,150663.17299999995,2346469.628,1880.3,1874.74,1874.74,0.0,0.0,0.0035
1784836800,1885.0,97111.52900000004,2346432.091,1874.74,1885.0,1885.0,0.0,0.0,0.0035
1784840400,1881.64,58398.595999999685,2344397.603,1885.0,1881.64,1881.64,0.0,0.0,0.0035
1784844000,1882.43,82849.25200000053,2347513.25,1881.64,1882.43,1882.43,0.0,0.0,0.0035
1784847600,1877.42,49203.35899999996,2345928.545,1882.43,1877.42,1877.42,0.0,0.0,0.0035
1784851200,1870.66,260220.1180000004,2354924.126,1877.42,1870.66,1870.66,0.0,0.0,0.0035
1784854800,1871.96,88964.5650000004,2357932.678,1870.66,1871.96,1871.96,0.0,0.0,0.0035
1784858400,1868.84,89259.40299999993,2356392.666,1871.96,1868.84,1868.84,0.0,0.0,0.0035
1784862000,1879.71,123597.0740000002,2350998.976,1868.84,1879.71,1879.71,0.0,0.0,0.0035
1784865600,1875.05,53958.664999999615,2351221.951,1879.71,1875.05,1875.05,0.0,0.0,0.0035
1784869200,1880.15,106749.31400000048,2340848.297,1875.05,1880.15,1880.15,0.0,0.0,0.0035
1784872800,1887.28,140240.3929999999,2358409.097,1880.15,1887.28,1887.28,0.0,0.0,0.0035
1784876400,1895.0,474308.9529999995,2334363.478,1887.28,1895.0,1895.0,0.0,0.0,0.0035
1784880000,1887.07,98241.5250000002,2330679.967,1895.0,1887.07,1887.07,0.0,0.0,0.0035
1784883600,1887.07,146349.0709999998,2334188.598,1887.07,1887.07,1887.07,0.0,0.0,0.0035
1784887200,1882.8,57188.45199999983,2333055.801,1887.07,1882.8,1882.8,0.0,0.0,0.0035
1784890800,1883.03,103864.97499999944,2336236.722,1882.8,1883.03,1883.03,0.0,0.0,0.0035
1784894400,1871.89,130121.55699999991,2340184.196,1883.03,1871.89,1871.89,0.0,0.0,0.0035
1784898000,1856.83,520329.6759999992,2331350.079,1871.89,1856.83,1856.83,0.0,0.0,0.0035
1784901600,1861.92,318951.93900000054,2345361.336,1856.83,1861.92,1861.92,0.0,0.0,0.0035
1784905200,1861.28,238296.62900000092,2341266.281,1861.92,1861.28,1861.28,0.0,0.0,0.0035
1784908800,1856.74,120322.07600000016,2341188.275,1861.28,1856.74,1856.74,0.0,0.0,0.0035
1784912400,1865.69,91105.95800000073,2342297.953,1856.74,1865.69,1865.69,0.0,0.0,0.0035
1784916000,1861.76,72744.079,2331323.875,1865.69,1861.76,1861.76,0.0,0.0,0.0035
1784919600,1862.74,50166.89599999946,2327191.757,1861.76,1862.74,1862.74,0.0,0.0,0.0035
1784923200,1860.05,49085.346999999805,2323768.597,1862.74,1860.05,1860.05,0.0,0.0,0.0035
1784926800,1856.69,43307.23099999972,2318413.632,1860.05,1856.69,1856.69,0.0,0.0,0.0035
1784930400,1858.75,32029.723999999795,2320835.551,1856.69,1858.75,1858.75,0.0,0.0,0.0035
1784934000,1860.57,22766.197999999986,2319698.221,1858.75,1860.57,1860.57,0.0,0.0,0.0035
1784937600,1859.36,76506.4850000001,2313359.79,1860.57,1859.36,1859.36,0.0,0.0,0.0035
1784941200,1859.27,40202.15699999969,2310788.233,1859.36,1859.27,1859.27,0.0,0.0,0.0035
1784944800,1858.58,22958.499000000014,2311791.716,1859.27,1858.58,1858.58,0.0,0.0,0.0035
1784948400,1857.83,28826.61300000004,2313088.305,1858.58,1857.83,1857.83,0.0,0.0,0.0035
1784952000,1860.44,24169.32199999993,2312428.239,1857.83,1860.44,1860.44,0.0,0.0,0.0035
1784955600,1857.57,33686.38599999996,2313675.847,1860.44,1857.57,1857.57,0.0,0.0,0.0035
1784959200,1857.64,48543.39799999984,2321503.672,1857.57,1857.64,1857.64,0.0,0.0,0.0035
1784962800,1855.11,19484.1500000001,2321023.561,1857.64,1855.11,1855.11,0.0,0.0,0.0035
1784966400,1852.89,63650.09299999991,2322404.503,1855.11,1852.89,1852.89,0.0,0.0,0.0035
1784970000,1857.5,40409.34299999983,2323360.185,1852.89,1857.5,1857.5,0.0,0.0,0.0035
1784973600,1857.72,27332.04100000001,2325747.649,1857.5,1857.72,1857.72,0.0,0.0,0.0035
1784977200,1857.05,23986.61499999997,2325914.269,1857.72,1857.05,1857.05,0.0,0.0,0.0035
1784980800,1859.51,25204.109999999982,2325517.168,1857.05,1859.51,1859.51,0.0,0.0,0.0035
1784984400,1866.38,162079.173,2334812.157,1859.51,1866.38,1866.38,0.0,0.0,0.0035
1784988000,1867.88,48403.07999999979,2334055.642,1866.38,1867.88,1867.88,0.0,0.0,0.0035
1784991600,1867.03,50418.58999999981,2336287.724,1867.88,1867.03,1867.03,0.0,0.0,0.0035
1784995200,1867.19,54148.096999999936,2332795.073,1867.03,1867.19,1867.19,0.0,0.0,0.0035
1784998800,1872.29,87663.27800000043,2337996.929,1867.19,1872.29,1872.29,0.0,0.0,0.0035
1785002400,1874.39,61782.40299999999,2339355.68,1872.29,1874.39,1874.39,0.0,0.0,0.0035
1785006000,1873.8,27548.860999999903,2339045.15,1874.39,1873.8,1873.8,0.0,0.0,0.0035
1785009600,1871.26,33903.02099999979,2336275.445,1873.8,1871.26,1871.26,0.0,0.0,0.0035
1785013200,1871.7,46425.00799999982,2335974.384,1871.26,1871.7,1871.7,0.0,0.0,0.0035
1785016800,1875.01,27029.94499999993,2339981.499,1871.7,1875.01,1875.01,0.0,0.0,0.0035
1785020400,1873.92,22227.468999999965,2341035.431,1875.01,1873.92,1873.92,0.0,0.0,0.0035
1785024000,1880.18,62423.11100000012,2341006.316,1873.92,1880.18,1880.18,0.0,0.0,0.0035
1785027600,1877.8,42294.49099999993,2345869.062,1880.18,1877.8,1877.8,0.0,0.0,0.0035
1785031200,1880.1,27992.88599999993,2348379.57,1877.8,1880.1,1880.1,0.0,0.0,0.0035
1785034800,1881.4,46665.509000000005,2349608.929,1880.1,1881.4,1881.4,0.0,0.0,0.0035
1785038400,1885.38,84159.31299999983,2348620.895,1881.4,1885.38,1885.38,0.0,0.0,0.0035
1785042000,1882.52,49568.54599999973,2345086.456,1885.38,1882.52,1882.52,0.0,0.0,0.0035
1785045600,1884.07,74298.93499999988,2349041.241,1882.52,1884.07,1884.07,0.0,0.0,0.0035
1785049200,1880.85,41692.86399999962,2354279.764,1884.07,1880.85,1880.85,0.0,0.0,0.0035
1785052800,1880.57,35731.12499999986,2356794.466,1880.85,1880.57,1880.57,0.0,0.0,0.0035
1785056400,1882.99,42399.71599999989,2362592.752,1880.57,1882.99,1882.99,0.0,0.0,0.0035
1785060000,1885.24,39404.63099999985,2362687.536,1882.99,1885.24,1885.24,0.0,0.0,0.0035
1785063600,1884.99,37741.93099999996,2367431.199,1885.24,1884.99,1884.99,0.0,0.0,0.0035
1785067200,1885.49,119359.81000000048,2361577.739,1884.99,1885.49,1885.49,0.0,0.0,0.0035
1785070800,1885.71,82498.67899999977,2361315.338,1885.49,1885.71,1885.71,0.0,0.0,0.0035
1785074400,1897.82,217477.24900000065,2368798.211,1885.71,1897.82,1897.82,0.0,0.0,0.0035
1785078000,1913.75,330536.1460000005,2377331.857,1897.82,1913.75,1913.75,0.0,0.0,0.0035
1785081600,1915.5,275826.39599999995,2366671.507,1913.75,1915.5,1915.5,0.0,0.0,0.0035
1785085200,1910.55,90985.81400000074,2365534.502,1915.5,1910.55,1910.55,0.0,0.0,0.0035
1785088800,1913.72,42635.21799999967,2362233.677,1910.55,1913.72,1913.72,0.0,0.0,0.0035
1785092400,1913.42,30158.00599999994,2361669.741,1913.72,1913.42,1913.42,0.0,0.0,0.0035
1785096000,1912.85,27540.733999999906,2362754.894,1913.42,1912.85,1912.85,0.0,0.0,0.0035
1785099600,1925.23,117187.26100000036,2356996.264,1912.85,1925.23,1925.23,0.0,0.0,0.0035
1785103200,1949.12,396561.731,2353841.903,1925.23,1949.12,1949.12,0.0,0.0,0.0035
1785106800,1953.79,362816.7369999988,2371253.501,1949.12,1953.79,1953.79,0.0,0.0,0.0035
1785110400,1941.68,174240.67500000042,2369907.398,1953.79,1941.68,1941.68,0.0,0.0,0.0035
1785114000,1947.58,144920.972,2369641.9,1941.68,1947.58,1947.58,0.0,0.0,0.0035
1785117600,1942.52,97223.58500000002,2376792.539,1947.58,1942.52,1942.52,0.0,0.0,0.0035
1785121200,1948.92,71702.54499999995,2382332.711,1942.52,1948.92,1948.92,0.0,0.0,0.0035
1785124800,1952.6,208532.3050000001,2374641.834,1948.92,1952.6,1952.6,0.0,0.0,0.0035
1785128400,1964.5,147809.652,2381094.57,1952.6,1964.5,1964.5,0.0,0.0,0.0035
1785132000,1967.5,279511.7489999994,2384666.396,1964.5,1967.5,1967.5,0.0,0.0,0.0035
1785135600,1963.58,135495.28499999965,2389634.284,1967.5,1963.58,1963.58,0.0,0.0,0.0035
1785139200,1963.4,111681.61500000049,2397643.514,1963.58,1963.4,1963.4,0.0,0.0,0.0035
1785142800,1964.33,144037.87799999988,2396795.172,1963.4,1964.33,1964.33,0.0,0.0,0.0035
1785146400,1966.66,86378.34900000023,2391296.968,1964.33,1966.66,1966.66,0.0,0.0,0.0035
1785150000,1958.76,82446.35399999983,2395350.526,1966.66,1958.76,1958.76,0.0,0.0,0.0035
1785153600,1956.56,272109.4529999986,2385216.491,1958.76,1956.56,1956.56,0.0,0.0,0.0035
1785157200,1960.13,392517.1009999983,2380217.436,1956.56,1960.13,1960.13,0.0,0.0,0.0035
1785160800,1931.28,727946.8180000036,2353684.797,1960.13,1931.28,1931.28,0.0,0.0,0.0035
1785164400,1926.77,206950.05699999997,2353258.163,1931.28,1926.77,1926.77,0.0,0.0,0.0035
1785168000,1939.76,236779.84099999996,2351751.075,1926.77,1939.76,1939.76,0.0,0.0,0.0035
1785171600,1942.81,92488.11099999944,2349826.445,1939.76,1942.81,1942.81,0.0,0.0,0.0035
1785175200,1938.22,119707.02800000012,2344663.185,1942.81,1938.22,1938.22,0.0,0.0,0.0035
1785178800,1947.42,170270.24899999995,2337204.422,1938.22,1947.42,1947.42,0.0,0.0,0.0035
1785182400,1945.94,53287.41300000007,2339909.141,1947.42,1945.94,1945.94,0.0,0.0,0.0035
1785186000,1941.23,57149.70200000039,2338098.514,1945.94,1941.23,1941.23,0.0,0.0,0.0035
1785189600,1892.47,425108.7270000001,2319690.166,1941.23,1892.47,1892.47,0.0,0.0,0.0035
1785193200,1891.44,312541.8830000019,2315632.573,1892.47,1891.44,1891.44,0.0,0.0,0.0035
1785196800,1877.8,232707.49700000032,2311337.041,1891.44,1877.8,1877.8,0.0,0.0,0.0035
1785200400,1874.89,268218.1529999993,2296324.671,1877.8,1874.89,1874.89,0.0,0.0,0.0035
1785204000,1874.77,104848.09299999992,2300913.971,1874.89,1874.77,1874.77,0.0,0.0,0.0035
1785207600,1880.35,113490.5150000004,2304834.524,1874.77,1880.35,1880.35,0.0,0.0,0.0035
1785211200,1878.32,89682.9290000002,2311013.831,1880.35,1878.32,1878.32,0.0,0.0,0.0035
1785214800,1882.03,119463.7430000002,2314520.923,1878.32,1882.03,1882.03,0.0,0.0,0.0035
1785218400,1887.61,94783.42800000026,2318834.535,1882.03,1887.61,1887.61,0.0,0.0,0.0035
1785222000,1882.75,70941.20099999988,2317856.675,1887.61,1882.75,1882.75,0.0,0.0,0.0035
1785225600,1883.59,78911.22899999999,2320803.702,1882.75,1883.59,1883.59,0.0,0.0,0.0035
1785229200,1875.29,106874.46299999973,2326836.497,1883.59,1875.29,1875.29,0.0,0.0,0.0035
1785232800,1877.93,110741.36600000015,2330466.282,1875.29,1877.93,1877.93,0.0,0.0,0.0035
1785236400,1875.69,144405.6440000005,2332155.568,1877.93,1875.69,1875.69,0.0,0.0,0.0035
1785240000,1891.59,220626.9380000002,2310926.15,1875.69,1891.59,1891.59,0.0,0.0,0.0035
1785243600,1872.97,583474.5490000007,2291718.55,1891.59,1872.97,1872.97,0.0,0.0,0.0035
1785247200,1887.84,355161.53899999993,2302141.076,1872.97,1887.84,1887.84,0.0,0.0,0.0035
1785250800,1919.28,666929.248000001,2305968.242,1887.84,1919.28,1919.28,0.0,0.0,0.0035
1785254400,1924.86,230729.0520000005,2306432.16,1919.28,1924.86,1924.86,0.0,0.0,0.0035
1785258000,1900.89,389091.252999999,2286078.959,1924.86,1900.89,1900.89,0.0,0.0,0.0035
1785261600,1910.32,149798.20800000045,2286317.108,1900.89,1910.32,1910.32,0.0,0.0,0.0035
1785265200,1921.34,119110.1650000003,2288291.243,1910.32,1921.34,1921.34,0.0,0.0,0.0035
1785268800,1917.6,95873.83200000002,2295778.222,1921.34,1917.6,1917.6,0.0,0.0,0.0035
1785272400,1923.09,78250.11500000005,2292494.045,1917.6,1923.09,1923.09,0.0,0.0,0.0035
1785276000,1911.09,122838.9719999999,2304985.566,1923.09,1911.09,1911.09,0.0,0.0,0.0035
1785279600,1921.13,178377.41300000003,2292672.852,1911.09,1921.13,1921.13,0.0,0.0,0.0035
1785283200,1916.33,136343.90500000108,2303690.045,1921.13,1916.33,1916.33,0.0,0.0,0.0035
1785286800,1904.6,130005.30700000026,2296729.705,1916.33,1904.6,1904.6,0.0,0.0,0.0035
1785290400,1910.12,164912.97200000053,2292218.111,1904.6,1910.12,1910.12,0.0,0.0,0.0035
1785294000,1891.95,177258.79100000032,2287929.753,1910.12,1891.95,1891.95,0.0,0.0,0.0035
1785297600,1904.62,270085.53100000095,2280681.105,1891.95,1904.62,1904.62,0.0,0.0,0.0035
1785301200,1911.81,113802.37099999988,2277777.368,1904.62,1911.81,1911.81,0.0,0.0,0.0035
1785304800,1919.47,160496.1600000003,2283163.748,1911.81,1919.47,1919.47,0.0,0.0,0.0035
1785308400,1924.14,165652.86099999995,2282990.795,1919.47,1924.14,1924.14,0.0,0.0,0.0035
1785312000,1914.43,131188.653,2294456.894,1924.14,1914.43,1914.43,0.0,0.0,0.0035
1785315600,1921.47,93391.82100000027,2301375.828,1914.43,1921.47,1921.47,0.0,0.0,0.0035
1785319200,1911.19,117244.5089999998,2310286.733,1921.47,1911.19,1911.19,0.0,0.0,0.0035
1785322800,1914.32,89627.14900000035,2299530.125,1911.19,1914.32,1914.32,0.0,0.0,0.0035
1785326400,1904.44,111777.40700000033,2299133.49,1914.32,1904.44,1904.44,0.0,0.0,0.0035
1785330000,1908.41,250286.4749999999,2298673.144,1904.44,1908.41,1908.41,0.0,0.0,0.0035
1785333600,1894.29,248020.52899999905,2294612.59,1908.41,1894.29,1894.29,0.0,0.0,0.0035
1785337200,1891.13,182942.2659999992,2290708.434,1894.29,1891.13,1891.13,0.0,0.0,0.0035
1785340800,1894.42,128887.96400000015,2284856.578,1891.13,1894.42,1894.42,0.0,0.0,0.0035
1785344400,1915.53,225611.00400000025,2287848.312,1894.42,1915.53,1915.53,0.0,0.0,0.0035
1785348000,1919.59,714222.5260000034,2288508.806,1915.53,1919.59,1919.59,0.0,0.0,0.0035
1785351600,1887.91,474420.7019999996,2252742.495,1919.59,1887.91,1887.91,0.0,0.0,0.0035
1785355200,1883.11,238200.34199999963,2254744.477,1887.91,1883.11,1883.11,0.0,0.0,0.0035
1785358800,1897.44,188666.8689999996,2262595.724,1883.11,1897.44,1897.44,0.0,0.0,0.0035
1785362400,1906.43,175799.45499999975,2271505.791,1897.44,1906.43,1906.43,0.0,0.0,0.0035
1785366000,1909.68,90143.62800000068,2276955.836,1906.43,1909.68,1909.68,0.0,0.0,0.0035
1785369600,1897.35,147199.53199999995,2287015.686,1909.68,1897.35,1897.35,0.0,0.0,0.0035
1785373200,1916.28,253586.1760000008,2282122.526,1897.35,1916.28,1916.28,0.0,0.0,0.0035
1785376800,1910.4,106590.57100000004,2286685.4,1916.28,1910.4,1910.4,0.0,0.0,0.0035
1785380400,1909.4,79255.02700000054,2291090.343,1910.4,1909.4,1909.4,0.0,0.0,0.0035
1785384000,1901.39,79118.81999999995,2291925.462,1909.4,1901.39,1901.39,0.0,0.0,0.0035
1785387600,1905.53,103163.29900000025,2289150.109,1901.39,1905.53,1905.53,0.0,0.0,0.0035
1785391200,1900.45,53114.82399999983,2290297.174,1905.53,1900.45,1900.45,0.0,0.0,0.0035
1785394800,1902.38,86313.03500000056,2286269.85,1900.45,1902.38,1902.38,0.0,0.0,0.0035
1785398400,1914.27,137425.3319999998,2293082.838,1902.38,1914.27,1914.27,0.0,0.0,0.0035
1785402000,1917.48,129960.22600000034,2301146.069,1914.27,1917.48,1917.48,0.0,0.0,0.0035
1785405600,1917.5,79566.67000000035,2312635.552,1917.48,1917.5,1917.5,0.0,0.0,0.0035
1785409200,1922.3,107194.42899999976,2312889.406,1917.5,1922.3,1922.3,0.0,0.0,0.0035
1785412800,1924.16,142693.90900000016,2316820.17,1922.3,1924.16,1924.16,0.0,0.0,0.0035
1785416400,1928.73,299241.2030000004,2323555.672,1924.16,1928.73,1928.73,0.0,0.0,0.0035
1785420000,1916.47,301185.4559999996,2319243.737,1928.73,1916.47,1916.47,0.0,0.0,0.0035
1785423600,1917.96,114688.94700000044,2318615.087,1916.47,1917.96,1917.96,0.0,0.0,0.0035
1785427200,1918.46,100848.94000000006,2315410.694,1917.96,1918.46,1918.46,0.0,0.0,0.0035
1785430800,1919.89,64767.22899999967,2312602.73,1918.46,1919.89,1919.89,0.0,0.0,0.0035
1785434400,1915.36,53537.16300000006,2315469.24,1919.89,1915.36,1915.36,0.0,0.0,0.0035
1785438000,1922.95,115328.35300000098,2317820.984,1915.36,1922.95,1922.95,0.0,0.0,0.0035
1785441600,1920.77,66431.60199999991,2317349.431,1922.95,1920.77,1920.77,0.0,0.0,0.0035
1785445200,1917.68,46779.96800000008,2317606.83,1920.77,1917.68,1917.68,0.0,0.0,0.0035
1785448800,1924.92,119192.0610000004,2328293.514,1917.68,1924.92,1924.92,0.0,0.0,0.0035
1785452400,1917.31,219903.4780000002,2324524.908,1924.92,1917.31,1917.31,0.0,0.0,0.0035
1785456000,1916.09,110153.88900000024,2324389.873,1917.31,1916.09,1916.09,0.0,0.0,0.0035
1785459600,1909.39,386519.74299999874,2309714.253,1916.09,1909.39,1909.39,0.0,0.0,0.0035
1785463200,1903.14,170134.28700000045,2304328.013,1909.39,1903.14,1903.14,0.0,0.0,0.0035
1785466800,1907.82,121095.77099999996,2303635.085,1903.14,1907.82,1907.82,0.0,0.0,0.0035
1785470400,1904.82,62456.37299999965,2309134.924,1907.82,1904.82,1904.82,0.0,0.0,0.0035
1785474000,1905.35,76663.61800000013,2308465.676,1904.82,1905.35,1905.35,0.0,0.0,0.0035
1785477600,1901.75,86698.0910000002,2314901.828,1905.35,1901.75,1901.75,0.0,0.0,0.0035
1785481200,1888.92,287364.92500000045,2315828.98,1901.75,1888.92,1888.92,0.0,0.0,0.0035
1785484800,1889.48,112625.99700000006,2320063.24,1888.92,1889.48,1889.48,0.0,0.0,0.0035
1785488400,1882.69,109178.26900000032,2319706.074,1889.48,1882.69,1882.69,0.0,0.0,0.0035
1785492000,1886.24,146933.64000000025,2329215.203,1882.69,1886.24,1886.24,0.0,0.0,0.0035
1785495600,1883.55,70063.67199999974,2332396.757,1886.24,1883.55,1883.55,0.0,0.0,0.0035
1785499200,1881.85,233149.1159999997,2329792.352,1883.55,1881.85,1881.85,0.0,0.0,0.0035
1785502800,1866.22,405630.09399999975,2328507.575,1881.85,1866.22,1866.22,0.0,0.0,0.0035
1785506400,1859.21,800002.6710000013,2328135.689,1866.22,1859.21,1859.21,0.0,0.0,0.0035
1785510000,1861.94,214599.52200000104,2343466.67,1859.21,1861.94,1861.94,0.0,0.0,0.0035
1785513600,1863.74,104175.3910000004,2342213.213,1861.94,1863.74,1863.74,0.0,0.0,0.0035
1785517200,1874.12,137361.763,2330780.495,1863.74,1874.12,1874.12,0.0,0.0,0.0035
1785520800,1870.89,85886.60000000044,2325856.419,1874.12,1870.89,1870.89,0.0,0.0,0.0035
1785524400,1867.4,56513.60799999983,2322846.783,1870.89,1867.4,1867.4,0.0,0.0,0.0035
1785528000,1861.64,78250.25799999986,2314900.685,1867.4,1861.64,1861.64,0.0,0.0,0.0035
1785531600,1861.17,61961.51399999976,2313870.233,1861.64,1861.17,1861.17,0.0,0.0,0.0035
1785535200,1860.62,40745.26499999935,2315509.988,1861.17,1860.62,1860.62,0.0,0.0,0.0035
1785538800,1861.68,36687.27399999983,2313913.162,1860.62,1861.68,1861.68,0.0,0.0,0.0035
1785542400,1863.93,50280.15999999972,2313771.788,1861.68,1863.93,1863.93,0.0,0.0,0.0035
1785546000,1866.0,28969.345999999787,2316542.353,1863.93,1866.0,1866.0,0.0,0.0,0.0035
1785549600,1867.48,35508.43199999977,2317725.108,1866.0,1867.48,1867.48,0.0,0.0,0.0035
1785553200,1869.0,28493.137999999875,2322945.851,1867.48,1869.0,1869.0,0.0,0.0,0.0035
1785556800,1868.84,23351.002999999797,2322181.204,1869.0,1868.84,1868.84,0.0,0.0,0.0035
1785560400,1866.6,36342.65399999986,2319925.309,1868.84,1866.6,1866.6,0.0,0.0,0.0035
1785564000,1869.47,34485.6419999998,2322759.649,1866.6,1869.47,1869.47,0.0,0.0,0.0035
1785567600,1868.9,31346.38299999986,2323589.251,1869.47,1868.9,1868.9,0.0,0.0,0.0035
1785571200,1868.45,30071.956999999853,2321193.172,1868.9,1868.45,1868.45,0.0,0.0,0.0035
1785574800,1866.99,41007.91999999984,2323797.175,1868.45,1866.99,1866.99,0.0,0.0,0.0035
1785578400,1866.45,91811.56099999974,2313571.137,1866.99,1866.45,1866.45,0.0,0.0,0.0035
1785582000,1866.17,23715.01799999985,2311746.619,1866.45,1866.17,1866.17,0.0,0.0,0.0035
1785585600,1868.35,40291.76599999981,2312758.023,1866.17,1868.35,1868.35,0.0,0.0,0.0035
1785589200,1868.36,21296.141999999967,2314633.947,1868.35,1868.36,1868.36,0.0,0.0,0.0035
1785592800,1874.32,56569.72499999985,2319826.832,1868.36,1874.32,1874.32,0.0,0.0,0.0035
1785596400,1869.2,40288.25799999973,2320750.311,1874.32,1869.2,1869.2,0.0,0.0,0.0035
1785600000,1867.93,48721.447999999895,2318575.93,1869.2,1867.93,1867.93,0.0,0.0,0.0035
1785603600,1861.19,111428.38599999966,2323528.595,1867.93,1861.19,1861.19,0.0,0.0,0.0035
1785607200,1835.75,721214.2089999982,2258207.453,1861.19,1835.75,1835.75,0.0,0.0,0.0035
1785610800,1836.48,138336.66800000015,2267629.673,1835.75,1836.48,1836.48,0.0,0.0,0.0035
1785614400,1837.48,64338.30699999975,2276246.193,1836.48,1837.48,1837.48,0.0,0.0,0.0035
1785618000,1844.9,77440.81899999994,2269250.913,1837.48,1844.9,1844.9,0.0,0.0,0.0035
1785621600,1846.46,52004.854999999545,2267267.796,1844.9,1846.46,1846.46,0.0,0.0,0.0035
1785625200,1844.17,46228.39099999987,2273651.814,1846.46,1844.17,1844.17,0.0,0.0,0.0035
1785628800,1846.06,65919.69699999983,2274821.573,1844.17,1846.06,1846.06,0.0,0.0,0.0035
1785632400,1856.29,129181.12200000044,2279957.474,1846.06,1856.29,1856.29,0.0,0.0,0.0035
1785636000,1876.2,385737.1499999952,2286572.957,1856.29,1876.2,1876.2,0.0,0.0,0.0035
1785639600,1876.61,88372.38700000032,2287865.694,1876.2,1876.61,1876.61,0.0,0.0,0.0035
1785643200,1880.23,77100.86799999981,2297048.905,1876.61,1880.23,1880.23,0.0,0.0,0.0035
1785646800,1875.67,87745.94100000034,2300058.722,1880.23,1875.67,1875.67,0.0,0.0,0.0035
1785650400,1876.72,43703.171999999846,2300098.831,1875.67,1876.72,1876.72,0.0,0.0,0.0035
1785654000,1875.32,26780.201999999805,2301319.278,1876.72,1875.32,1875.32,0.0,0.0,0.0035
1785657600,1867.34,109050.34499999996,2304577.472,1875.32,1867.34,1867.34,0.0,0.0,0.0035
1785661200,1870.21,95656.4400000002,2302584.006,1867.34,1870.21,1870.21,0.0,0.0,0.0035
1785664800,1867.76,42910.348999999966,2304841.519,1870.21,1867.76,1867.76,0.0,0.0,0.0035
1785668400,1851.75,214464.8680000004,2278629.865,1867.76,1851.75,1851.75,0.0,0.0,0.0035
1785672000,1855.98,107250.13100000068,2284143.73,1851.75,1855.98,1855.98,0.0,0.0,0.0035
1785675600,1853.96,52441.58099999985,2282480.553,1855.98,1853.96,1853.96,0.0,0.0,0.0035
1785679200,1854.0,67834.11799999986,2286505.781,1853.96,1854.0,1854.0,0.0,0.0,0.0035
1785682800,1857.77,72931.32799999964,2286395.435,1854.0,1857.77,1857.77,0.0,0.0,0.0035
1785686400,1862.37,96866.34900000005,2287559.497,1857.77,1862.37,1862.37,0.0,0.0,0.0035
1785690000,1867.79,67284.25799999987,2291896.704,1862.37,1867.79,1867.79,0.0,0.0,0.0035
1785693600,1875.16,205963.42000000027,2288647.519,1867.79,1875.16,1875.16,0.0,0.0,0.0035
1785697200,1881.39,99175.01299999969,2308317.827,1875.16,1881.39,1881.39,0.0,0.0,0.0035
1785700800,1883.04,67983.71499999984,2310156.683,1881.39,1883.04,1883.04,0.0,0.0,0.0035
1785704400,1889.74,186760.0040000006,2306652.651,1883.04,1889.74,1889.74,0.0,0.0,0.0035
1785708000,1881.3,188934.5570000004,2296832.376,1889.74,1881.3,1881.3,0.0,0.0,0.0035
1785711600,1884.37,92149.72800000028,2298066.483,1881.3,1884.37,1884.37,0.0,0.0,0.0035
1785715200,1873.02,129388.47700000016,2300528.766,1884.37,1873.02,1873.02,0.0,0.0,0.0035
1785718800,1866.38,116763.1450000004,2309965.332,1873.02,1866.38,1866.38,0.0,0.0,0.0035
1785722400,1863.41,100528.0290000004,2308269.143,1866.38,1863.41,1863.41,0.0,0.0,0.0035
1785726000,1856.18,169586.1890000004,2304141.801,1863.41,1856.18,1856.18,0.0,0.0,0.0035
1785729600,1854.01,115925.2829999999,2313077.633,1856.18,1854.01,1854.01,0.0,0.0,0.0035
1785733200,1858.87,81061.90900000009,2324483.783,1854.01,1858.87,1858.87,0.0,0.0,0.0035
1785736800,1848.24,161004.23699999976,2328448.345,1858.87,1848.24,1848.24,0.0,0.0,0.0035
1785740400,1843.0,220237.20500000007,2341792.992,1848.24,1843.0,1843.0,0.0,0.0,0.0035
1785744000,1839.42,327849.2910000009,2351196.508,1843.0,1839.42,1839.42,0.0,0.0,0.0035
1785747600,1851.8,189617.65699999928,2363075.324,1839.42,1851.8,1851.8,0.0,0.0,0.0035
1785751200,1845.38,159026.76700000063,2353334.653,1851.8,1845.38,1845.38,0.0,0.0,0.0035
1785754800,1838.97,142336.06700000036,2361888.011,1845.38,1838.97,1838.97,0.0,0.0,0.0035
1785758400,1842.69,117177.47299999984,2372803.111,1838.97,1842.69,1842.69,0.0,0.0,0.0035
1785762000,1858.27,306371.18499999994,2371938.436,1842.69,1858.27,1858.27,0.0,0.0,0.0035
1785765600,1872.82,419461.36200000014,2354186.98,1858.27,1872.82,1872.82,0.0,0.0,0.0035
1785769200,1862.54,182739.20600000024,2355135.622,1872.82,1862.54,1862.54,0.0,0.0,0.0035
1785772800,1865.51,116855.99200000022,2351318.794,1862.54,1865.51,1865.51,0.0,0.0,0.0035
1785776400,1868.09,102203.2630000002,2350143.773,1865.51,1868.09,1868.09,0.0,0.0,0.0035
1785780000,1868.11,77614.31899999996,2348678.004,1868.09,1868.11,1868.11,0.0,0.0,0.0035
1785783600,1869.26,83871.07500000023,2341363.862,1868.11,1869.26,1869.26,0.0,0.0,0.0035
1785787200,1868.26,66570.019,2336577.139,1869.26,1868.26,1868.26,0.0,0.0,0.0035
1785790800,1862.89,60555.818999999785,2334023.814,1868.26,1862.89,1862.89,0.0,0.0,0.0035
1785794400,1859.63,159222.31800000076,2328878.274,1862.89,1859.63,1859.63,0.0,0.0,0.0035
1785798000,1859.78,39670.87699999981,2328991.35,1859.63,1859.78,1859.78,0.0,0.0,0.0035
1785801600,1850.55,163582.3790000007,2331044.482,1859.78,1850.55,1850.55,0.0,0.0,0.0035
1785805200,1866.8,158854.51800000007,2328495.515,1850.55,1866.8,1866.8,0.0,0.0,0.0035
1785808800,1865.51,93892.1160000008,2335051.873,1866.8,1865.51,1865.51,0.0,0.0,0.0035
1785812400,1863.56,75403.62700000026,2334392.044,1865.51,1863.56,1863.56,0.0,0.0,0.0035
1785816000,1867.37,100011.23800000024,2338746.825,1863.56,1867.37,1867.37,0.0,0.0,0.0035
1785819600,1863.57,55677.41299999977,2338228.466,1867.37,1863.57,1863.57,0.0,0.0,0.0035
1785823200,1856.22,126906.41500000015,2332057.055,1863.57,1856.22,1856.22,0.0,0.0,0.0035
1785826800,1863.11,126399.0900000005,2333951.942,1856.22,1863.11,1863.11,0.0,0.0,0.0035
1785830400,1857.25,69954.35299999978,2338336.007,1863.11,1857.25,1857.25,0.0,0.0,0.0035
1785834000,1857.92,80488.85000000015,2348773.424,1857.25,1857.92,1857.92,0.0,0.0,0.0035
1785837600,1866.14,153257.47600000017,2361079.087,1857.92,1866.14,1866.14,0.0,0.0,0.0035
1785841200,1871.98,122662.55099999996,2365944.185,1866.14,1871.98,1871.98,0.0,0.0,0.0035
1785844800,1874.31,170784.7540000001,2361230.67,1871.98,1874.31,1874.31,0.0,0.0,0.0035
1785848400,1861.13,242692.9739999984,2358012.198,1874.31,1861.13,1861.13,0.0,0.0,0.0035
1785852000,1872.22,233845.85000000065,2360300.964,1861.13,1872.22,1872.22,0.0,0.0,0.0035
1785855600,1872.24,190723.50000000015,2350481.537,1872.22,1872.24,1872.24,0.0,0.0,0.0035
1785859200,1868.99,88771.13100000008,2346138.711,1872.24,1868.99,1868.99,0.0,0.0,0.0035
1785862800,1868.59,144072.91800000018,2331854.157,1868.99,1868.59,1868.59,0.0,0.0,0.0035
1785866400,1874.5,131909.85700000016,2342937.879,1868.59,1874.5,1874.5,0.0,0.0,0.0035
1785870000,1874.46,81083.29800000029,2343343.85,1874.5,1874.46,1874.46,0.0,0.0,0.0035
1785873600,1875.82,122338.1680000008,2332453.94,1874.46,1875.82,1875.82,0.0,0.0,0.0035
1785877200,1871.35,30894.66699999985,2330934.582,1875.82,1871.35,1871.35,0.0,0.0,0.0035
1785880800,1874.71,44472.3340000001,2332526.102,1871.35,1874.71,1874.71,0.0,0.0,0.0035
1785884400,1868.9,98653.03700000032,2330904.125,1874.71,1868.9,1868.9,0.0,0.0,0.0035
1785888000,1863.09,128842.49500000088,2329712.58,1868.9,1863.09,1863.09,0.0,0.0,0.0035
1785891600,1872.57,82646.70200000012,2328676.769,1863.09,1872.57,1872.57,0.0,0.0,0.0035
1785895200,1873.7,90517.9910000002,2334766.103,1872.57,1873.7,1873.7,0.0,0.0,0.0035
1785898800,1866.86,137276.95200000118,2313901.956,1873.7,1866.86,1866.86,0.0,0.0,0.0035
1785902400,1866.47,39457.69899999986,2309567.527,1866.86,1866.47,1866.47,0.0,0.0,0.0035
1785906000,1872.51,83414.37400000011,2315342.815,1866.47,1872.51,1872.51,0.0,0.0,0.0035
1785909600,1868.84,57259.03800000002,2310913.681,1872.51,1868.84,1868.84,0.0,0.0,0.0035
1785913200,1871.85,150064.21500000023,2313118.979,1868.84,1871.85,1871.85,0.0,0.0,0.0035
1785916800,1868.98,85843.38300000053,2316555.331,1871.85,1868.98,1868.98,0.0,0.0,0.0035
1785920400,1870.98,64696.91199999948,2329859.358,1868.98,1870.98,1870.98,0.0,0.0,0.0035
1785924000,1867.38,113995.73699999992,2318853.088,1870.98,1867.38,1867.38,0.0,0.0,0.0035
1785927600,1867.93,45906.47599999992,2315623.948,1867.38,1867.93,1867.93,0.0,0.0,0.0035
1785931200,1875.22,272935.15100000065,2332785.919,1867.93,1875.22,1875.22,0.0,0.0,0.0035
1785934800,1877.85,484089.82300000166,2307865.656,1875.22,1877.85,1877.85,0.0,0.0,0.0035
1785938400,1875.06,232741.1500000011,2316745.403,1877.85,1875.06,1875.06,0.0,0.0,0.0035
1785942000,1872.91,166327.97200000033,2323890.466,1875.06,1872.91,1872.91,0.0,0.0,0.0035
1785945600,1894.79,374936.83699999936,2350600.557,1872.91,1894.79,1894.79,0.0,0.0,0.0035
1785949200,1915.93,354556.0889999995,2337445.156,1894.79,1915.93,1915.93,0.0,0.0,0.0035
1785952800,1917.23,324955.5059999998,2343796.333,1915.93,1917.23,1917.23,0.0,0.0,0.0035
1785956400,1916.09,82435.27900000008,2346351.72,1917.23,1916.09,1916.09,0.0,0.0,0.0035
1785960000,1916.19,122045.8410000004,2341841.938,1916.09,1916.19,1916.19,0.0,0.0,0.0035
1785963600,1907.75,151418.46800000028,2318392.632,1916.19,1907.75,1907.75,0.0,0.0,0.0035
1785967200,1906.0,67915.21900000017,2316411.946,1907.75,1906.0,1906.0,0.0,0.0,0.0035
1785970800,1907.95,58660.96799999984,2313801.852,1906.0,1907.95,1907.95,0.0,0.0,0.0035
1785974400,1909.39,68301.47900000052,2309431.057,1907.95,1909.39,1909.39,0.0,0.0,0.0035
1785978000,1905.93,84272.17100000023,2305870.775,1909.39,1905.93,1905.93,0.0,0.0,0.0035
1785981600,1898.17,210698.01500000065,2281568.287,1905.93,1898.17,1898.17,0.0,0.0,0.0035
1785985200,1897.94,76944.9500000001,2273584.888,1898.17,1897.94,1897.94,0.0,0.0,0.0035
1785988800,1906.84,104071.2389999999,2268685.353,1897.94,1906.84,1906.84,0.0,0.0,0.0035
1785992400,1913.49,168887.00899999953,2278668.654,1906.84,1913.49,1913.49,0.0,0.0,0.0035
1785996000,1912.8,48758.597999999816,2281649.52,1913.49,1912.8,1912.8,0.0,0.0,0.0035
1785999600,1908.52,67175.77699999984,2280135.391,1912.8,1908.52,1908.52,0.0,0.0,0.0035
1786003200,1915.44,112256.65999999992,2281060.866,1908.52,1915.44,1915.44,0.0,0.0,0.0035
1786006800,1906.68,174549.18100000088,2295577.543,1915.44,1906.68,1906.68,0.0,0.0,0.0035
1786010400,1901.78,94884.14100000008,2293084.563,1906.68,1901.78,1901.78,0.0,0.0,0.0035
1786014000,1906.89,124238.79900000073,2292451.958,1901.78,1906.89,1906.89,0.0,0.0,0.0035
1786017600,1898.19,115611.12300000024,2293985.351,1906.89,1898.19,1898.19,0.0,0.0,0.0035
1786021200,1906.47,275844.49999999953,2297672.99,1898.19,1906.47,1906.47,0.0,0.0,0.0035
1786024800,1914.06,222586.35900000023,2304922.36,1906.47,1914.06,1914.06,0.0,0.0,0.0035
1786028400,1909.88,199955.11500000043,2300942.345,1914.06,1909.88,1909.88,0.0,0.0,0.0035
1786032000,1914.72,118274.74600000046,2304108.373,1909.88,1914.72,1914.72,0.0,0.0,0.0035
1786035600,1913.1,73296.82899999994,2302182.394,1914.72,1913.1,1913.1,0.0,0.0,0.0035
1786039200,1905.21,96482.71500000036,2296541.08,1913.1,1905.21,1905.21,0.0,0.0,0.0035
1786042800,1908.77,62723.281,2294815.104,1905.21,1908.77,1908.77,0.0,0.0,0.0035
1786046400,1906.16,37251.99499999975,2292655.442,1908.77,1906.16,1906.16,0.0,0.0,0.0035
1786050000,1905.25,29518.80099999977,2290898.937,1906.16,1905.25,1905.25,0.0,0.0,0.0035
1786053600,1904.18,43366.186999999954,2290194.754,1905.25,1904.18,1904.18,0.0,0.0,0.0035
1786057200,1903.12,57176.75900000006,2287604.676,1904.18,1903.12,1903.12,0.0,0.0,0.0035
1786060800,1903.0,58323.593999999954,2291230.574,1903.12,1903.0,1903.0,0.0,0.0,0.0035
1786064400,1902.45,62891.79499999996,2292169.689,1903.0,1902.45,1902.45,0.0,0.0,0.0035
1786068000,1901.75,93400.84200000038,2290708.335,1902.45,1901.75,1901.75,0.0,0.0,0.0035
1786071600,1896.53,71949.27800000021,2292587.034,1901.75,1896.53,1896.53,0.0,0.0,0.0035
1786075200,1896.48,78327.1969999997,2294224.513,1896.53,1896.48,1896.48,0.0,0.0,0.0035
1786078800,1900.79,59384.3629999999,2293754.476,1896.48,1900.79,1900.79,0.0,0.0,0.0035
1786082400,1903.81,86858.29500000022,2292834.456,1900.79,1903.81,1903.81,0.0,0.0,0.0035
1786086000,1901.66,53866.394999999946,2293852.645,1903.81,1901.66,1901.66,0.0,0.0,0.0035
1786089600,1909.9,136276.5409999999,2293074.593,1901.66,1909.9,1909.9,0.0,0.0,0.0035
1786093200,1912.41,166504.65899999937,2295266.135,1909.9,1912.41,1912.41,0.0,0.0,0.0035
1786096800,1912.13,58826.50499999978,2293082.834,1912.41,1912.13,1912.13,0.0,0.0,0.0035
1786100400,1915.51,107479.5650000002,2299606.843,1912.13,1915.51,1915.51,0.0,0.0,0.0035
1786104000,1931.26,601459.7199999994,2326241.836,1915.51,1931.26,1931.26,0.0,0.0,0.0035
1786107600,1922.5,185749.6139999996,2327461.563,1931.26,1922.5,1922.5,0.0,0.0,0.0035
1786111200,1912.74,367262.0049999999,2300176.83,1922.5,1912.74,1912.74,0.0,0.0,0.0035
1786114800,1916.99,111370.71900000004,2307849.442,1912.74,1916.99,1916.99,0.0,0.0,0.0035
1786118400,1908.56,140506.6759999997,2305725.593,1916.99,1908.56,1908.56,0.0,0.0,0.0035
1786122000,1911.41,169404.21699999983,2288703.53,1908.56,1911.41,1911.41,0.0,0.0,0.0035
1786125600,1908.93,65423.13000000008,2285215.587,1911.41,1908.93,1908.93,0.0,0.0,0.0035
1786129200,1917.85,72820.76700000036,2282031.058,1908.93,1917.85,1917.85,0.0,0.0,0.0035
1786132800,1913.97,35331.94099999968,2283889.465,1917.85,1913.97,1913.97,0.0,0.0,0.0035
1786136400,1915.65,65169.90299999983,2280742.422,1913.97,1915.65,1915.65,0.0,0.0,0.0035
1786140000,1913.93,27476.41099999994,2279044.031,1915.65,1913.93,1913.93,0.0,0.0,0.0035
1786143600,1913.07,23470.07300000005,2276848.635,1913.93,1913.07,1913.07,0.0,0.0,0.0035
1786147200,1913.41,24521.153999999984,2276395.233,1913.07,1913.41,1913.41,0.0,0.0,0.0035
1786150800,1913.81,35585.33999999988,2271741.16,1913.41,1913.81,1913.81,0.0,0.0,0.0035
1786154400,1912.27,19447.45099999993,2270206.904,1913.81,1912.27,1912.27,0.0,0.0,0.0035
1786158000,1917.2,33389.901999999915,2272075.625,1912.27,1917.2,1917.2,0.0,0.0,0.0035
1786161600,1916.12,20503.73700000002,2275089.476,1917.2,1916.12,1916.12,0.0,0.0,0.0035
1786165200,1916.69,19088.228000000006,2274165.719,1916.12,1916.69,1916.69,0.0,0.0,0.0035
1786168800,1915.66,15968.24400000005,2273843.836,1916.69,1915.66,1915.66,0.0,0.0,0.0035
1786172400,1914.29,18014.25500000009,2272489.005,1915.66,1914.29,1914.29,0.0,0.0,0.0035
1786176000,1916.02,21118.661000000004,2271840.692,1914.29,1916.02,1916.02,0.0,0.0,0.0035
1786179600,1918.05,64838.903000000006,2293427.749,1916.02,1918.05,1918.05,0.0,0.0,0.0035
1786183200,1920.36,31235.947999999946,2294920.862,1918.05,1920.36,1920.36,0.0,0.0,0.0035
1786186800,1920.05,26617.23699999992,2295240.944,1920.36,1920.05,1920.05,0.0,0.0,0.0035
1786190400,1918.39,28862.657999999792,2297662.749,1920.05,1918.39,1918.39,0.0,0.0,0.0035
1786194000,1919.24,19997.90000000004,2296429.049,1918.39,1919.24,1919.24,0.0,0.0,0.0035
1786197600,1923.0,78405.06000000029,2295322.337,1919.24,1923.0,1923.0,0.0,0.0,0.0035
1786201200,1921.85,30204.297999999853,2298557.332,1923.0,1921.85,1921.85,0.0,0.0,0.0035
1786204800,1921.68,27475.827999999867,2301857.914,1921.85,1921.68,1921.68,0.0,0.0,0.0035
1786208400,1923.05,35781.19799999991,2303636.265,1921.68,1923.05,1923.05,0.0,0.0,0.0035
1786212000,1920.49,35742.17499999993,2306250.883,1923.05,1920.49,1920.49,0.0,0.0,0.0035
1786215600,1919.61,23488.09299999993,2305320.666,1920.49,1919.61,1919.61,0.0,0.0,0.0035
1786219200,1919.41,16130.870000000055,2304000.434,1919.61,1919.41,1919.41,0.0,0.0,0.0035
1786222800,1919.89,17271.076000000056,2303538.269,1919.41,1919.89,1919.89,0.0,0.0,0.0035
1786226400,1915.93,37300.39200000007,2303637.555,1919.89,1915.93,1915.93,0.0,0.0,0.0035
1786230000,1915.98,44118.3509999999,2297684.328,1915.93,1915.98,1915.98,0.0,0.0,0.0035
1786233600,1917.15,24128.970000000027,2297533.068,1915.98,1917.15,1917.15,0.0,0.0,0.0035
1786237200,1915.31,34766.38799999998,2298585.139,1917.15,1915.31,1915.31,0.0,0.0,0.0035
1786240800,1913.86,30499.467999999957,2299303.08,1915.31,1913.86,1913.86,0.0,0.0,0.0035
1786244400,1913.07,38734.99999999998,2304124.11,1913.86,1913.07,1913.07,0.0,0.0,0.0035
1786248000,1912.43,26421.000999999957,2302969.177,1913.07,1912.43,1912.43,0.0,0.0,0.0035
1786251600,1913.63,15738.885000000046,2300939.186,1912.43,1913.63,1913.63,0.0,0.0,0.0035
1786255200,1918.5,45557.42999999987,2303308.093,1913.63,1918.5,1918.5,0.0,0.0,0.0035
1786258800,1918.28,26433.39599999997,2300971.387,1918.5,1918.28,1918.28,0.0,0.0,0.0035
1786262400,1914.89,116765.531,2296556.409,1918.28,1914.89,1914.89,0.0,0.0,0.0035
1786266000,1920.83,63440.38199999987,2293618.918,1914.89,1920.83,1920.83,0.0,0.0,0.0035
1786269600,1919.3,50800.658999999694,2291378.086,1920.83,1919.3,1919.3,0.0,0.0,0.0035
1786273200,1918.35,29700.709999999985,2295189.375,1919.3,1918.35,1918.35,0.0,0.0,0.0035
1786276800,1916.63,37628.20999999964,2299239.721,1918.35,1916.63,1916.63,0.0,0.0,0.0035
1786280400,1922.64,117717.28100000012,2293032.043,1916.63,1922.64,1922.64,0.0,0.0,0.0035
1786284000,1924.37,67397.52299999977,2306027.876,1922.64,1924.37,1924.37,0.0,0.0,0.0035
1786287600,1925.75,54523.46099999996,2311230.845,1924.37,1925.75,1925.75,0.0,0.0,0.0035
1786291200,1923.43,49481.79899999981,2314208.309,1925.75,1923.43,1923.43,0.0,0.0,0.0035
1786294800,1922.31,20626.572999999957,2314172.296,1923.43,1922.31,1922.31,0.0,0.0,0.0035
1786298400,1920.71,46014.6299999999,2301062.542,1922.31,1920.71,1920.71,0.0,0.0,0.0035
1786302000,1921.16,17167.15100000004,2301845.571,1920.71,1921.16,1921.16,0.0,0.0,0.0035
1786305600,1919.99,29607.724999999795,2299849.713,1921.16,1919.99,1919.99,0.0,0.0,0.0035
1786309200,1923.84,41154.776000000034,2299298.139,1919.99,1923.84,1923.84,0.0,0.0,0.0035
1786312800,1918.67,256196.3440000004,2295998.406,1923.84,1918.67,1918.67,0.0,0.0,0.0035
1786316400,1909.57,167887.50699999995,2285346.567,1918.67,1909.57,1909.57,0.0,0.0,0.0035
1786320000,1911.99,246672.59700000015,2287456.63,1909.57,1911.99,1911.99,0.0,0.0,0.0035
1786323600,1924.65,163564.5929999998,2291087.865,1911.99,1924.65,1924.65,0.0,0.0,0.0035
1786327200,1922.87,153509.82599999988,2292873.618,1924.65,1922.87,1922.87,0.0,0.0,0.0035
1786330800,1916.5,125191.66000000034,2282310.6,1922.87,1916.5,1916.5,0.0,0.0,0.0035
1786334400,1914.68,69134.14500000003,2289784.235,1916.5,1914.68,1914.68,0.0,0.0,0.0035
1786338000,1922.51,64718.6589999998,2293512.756,1914.68,1922.51,1922.51,0.0,0.0,0.0035
1786341600,1927.23,101270.94300000038,2309893.941,1922.51,1927.23,1927.23,0.0,0.0,0.0035
1786345200,1924.72,90027.58700000033,2325728.758,1927.23,1924.72,1924.72,0.0,0.0,0.0035
1786348800,1926.0,56190.66599999985,2325380.398,1924.72,1926.0,1926.0,0.0,0.0,0.0035
1786352400,1915.5,117179.60199999996,2304609.236,1926.0,1915.5,1915.5,0.0,0.0,0.0035
1786356000,1916.74,67741.83700000015,2305402.965,1915.5,1916.74,1916.74,0.0,0.0,0.0035
1786359600,1919.6,58590.99300000012,2308163.287,1916.74,1919.6,1919.6,0.0,0.0,0.0035
1786363200,1905.03,225783.33900000076,2328114.52,1919.6,1905.03,1905.03,0.0,0.0,0.0035
1786366800,1896.62,341039.7710000006,2342966.002,1905.03,1896.62,1896.62,0.0,0.0,0.0035
1786370400,1892.61,179456.02500000052,2348438.305,1896.62,1892.61,1892.61,0.0,0.0,0.0035
1786374000,1876.01,592757.5450000023,2353515.182,1892.61,1876.01,1876.01,0.0,0.0,0.0035
1786377600,1871.38,236347.99400000024,2364745.425,1876.01,1871.38,1871.38,0.0,0.0,0.0035
1786381200,1872.71,120581.93600000044,2376962.624,1871.38,1872.71,1872.71,0.0,0.0,0.0035
1786384800,1871.92,108926.90700000049,2385028.511,1872.71,1871.92,1871.92,0.0,0.0,0.0035
1786388400,1877.7,75527.38400000044,2379581.504,1871.92,1877.7,1877.7,0.0,0.0,0.0035
1786392000,1878.76,43816.20800000005,2374695.573,1877.7,1878.76,1878.76,0.0,0.0,0.0035
1786395600,1873.42,45139.16799999988,2367841.71,1878.76,1873.42,1873.42,0.0,0.0,0.0035
1786399200,1875.4,37846.39099999989,2370887.74,1873.42,1875.4,1875.4,0.0,0.0,0.0035
1786402800,1872.31,53000.05899999996,2371350.151,1875.4,1872.31,1872.31,0.0,0.0,0.0035
1786406400,1874.28,52081.19799999994,2374302.698,1872.31,1874.28,1874.28,0.0,0.0,0.0035
1786410000,1877.23,54988.10099999938,2377965.092,1874.28,1877.23,1877.23,0.0,0.0,0.0035
1786413600,1877.84,38427.95599999978,2376102.858,1877.23,1877.84,1877.84,0.0,0.0,0.0035
1786417200,1880.14,40642.47400000011,2372928.95,1877.84,1880.14,1880.14,0.0,0.0,0.0035
1786420800,1875.2,44811.05899999981,2368525.554,1880.14,1875.2,1875.2,0.0,0.0,0.0035
1786424400,1873.27,61910.75199999985,2371789.049,1875.2,1873.27,1873.27,0.0,0.0,0.0035
1786428000,1873.47,74603.33099999982,2378830.857,1873.27,1873.47,1873.47,0.0,0.0,0.0035
1786431600,1876.84,96061.08999999984,2387303.817,1873.47,1876.84,1876.84,0.0,0.0,0.0035
1786435200,1878.56,63303.12700000014,2381950.186,1876.84,1878.56,1878.56,0.0,0.0,0.0035
1786438800,1884.78,74071.48699999988,2377043.736,1878.56,1884.78,1884.78,0.0,0.0,0.0035
1786442400,1885.37,127274.86199999996,2371823.272,1884.78,1885.37,1885.37,0.0,0.0,0.0035
1786446000,1892.12,160315.1770000008,2355249.308,1885.37,1892.12,1892.12,0.0,0.0,0.0035
1786449600,1887.01,166353.35600000058,2343779.153,1892.12,1887.01,1887.01,0.0,0.0,0.0035
1786453200,1889.26,146040.06400000013,2345961.047,1887.01,1889.26,1889.26,0.0,0.0,0.0035
1786456800,1872.67,274412.1569999995,2344833.254,1889.26,1872.67,1872.67,0.0,0.0,0.0035
1786460400,1862.0,431237.6660000007,2352240.686,1872.67,1862.0,1862.0,0.0,0.0,0.0035
1786464000,1863.99,128972.50399999984,2362362.876,1862.0,1863.99,1863.99,0.0,0.0,0.0035
1786467600,1863.76,56316.987999999794,2364191.777,1863.99,1863.76,1863.76,0.0,0.0,0.0035
1786471200,1865.32,87545.87699999983,2371630.181,1863.76,1865.32,1865.32,0.0,0.0,0.0035
1786474800,1881.17,176113.97400000007,2350459.527,1865.32,1881.17,1881.17,0.0,0.0,0.0035
1786478400,1881.56,95198.97999999982,2344692.326,1881.17,1881.56,1881.56,0.0,0.0,0.0035
1786482000,1883.81,75000.41300000015,2345134.984,1881.56,1883.81,1883.81,0.0,0.0,0.0035
1786485600,1881.63,71553.64900000009,2354244.572,1883.81,1881.63,1881.63,0.0,0.0,0.0035
1786489200,1881.8,40052.16399999986,2351818.083,1881.63,1881.8,1881.8,0.0,0.0,0.0035
1786492800,1881.73,35894.13399999986,2347791.39,1881.8,1881.73,1881.73,0.0,0.0,0.0035
1786496400,1884.13,45465.3439999996,2345607.955,1881.73,1884.13,1884.13,0.0,0.0,0.0035
1786500000,1883.85,50346.699999999895,2336807.825,1884.13,1883.85,1883.85,0.0,0.0,0.0035
1786503600,1885.77,37928.28400000002,2333418.873,1883.85,1885.77,1885.77,0.0,0.0,0.0035
1786507200,1888.61,92364.7120000001,2328672.957,1885.77,1888.61,1888.61,0.0,0.0,0.0035
1786510800,1890.7,43987.86299999976,2330034.439,1888.61,1890.7,1890.7,0.0,0.0,0.0035
1786514400,1886.83,59893.45299999992,2330685.124,1890.7,1886.83,1886.83,0.0,0.0,0.0035
1786518000,1890.82,55947.87799999986,2330198.17,1886.83,1890.82,1890.82,0.0,0.0,0.0035
1786521600,1890.1,98450.9010000002,2328640.301,1890.82,1890.1,1890.1,0.0,0.0,0.0035
1786525200,1905.11,253390.13200000016,2309250.419,1890.1,1905.11,1905.11,0.0,0.0,0.0035
1786528800,1908.31,203133.12900000036,2303180.696,1905.11,1908.31,1908.31,0.0,0.0,0.0035
1786532400,1914.87,98921.53100000002,2301010.155,1908.31,1914.87,1914.87,0.0,0.0,0.0035
1786536000,1910.59,457888.9830000013,2313171.844,1914.87,1910.59,1910.59,0.0,0.0,0.0035
1786539600,1900.38,211869.87900000133,2329750.097,1910.59,1900.38,1900.38,0.0,0.0,0.0035
1786543200,1886.76,440827.0789999994,2315775.613,1900.38,1886.76,1886.76,0.0,0.0,0.0035
1786546800,1891.64,142492.04899999962,2326101.417,1886.76,1891.64,1891.64,0.0,0.0,0.0035
1786550400,1889.84,87205.98300000018,2322608.202,1891.64,1889.84,1889.84,0.0,0.0,0.0035
1786554000,1887.3,73766.6180000003,2325586.939,1889.84,1887.3,1887.3,0.0,0.0,0.0035
1786557600,1884.71,49047.71000000004,2329190.771,1887.3,1884.71,1884.71,0.0,0.0,0.0035
1786561200,1878.61,112346.81699999997,2329042.792,1884.71,1878.61,1878.61,0.0,0.0,0.0035
1786564800,1885.92,63038.34600000011,2329492.601,1878.61,1885.92,1885.92,0.0,0.0,0.0035
1786568400,1877.19,115383.67500000056,2321681.036,1885.92,1877.19,1877.19,0.0,0.0,0.0035
1786572000,1877.55,46434.37499999961,2322562.348,1877.19,1877.55,1877.55,0.0,0.0,0.0035
1786575600,1878.8,55401.65199999987,2328974.492,1877.55,1878.8,1878.8,0.0,0.0,0.0035
1786579200,1879.48,119608.9180000007,2355703.014,1878.8,1879.48,1879.48,0.0,0.0,0.0035
1786582800,1877.41,67005.26400000001,2364164.364,1879.48,1877.41,1877.41,0.0,0.0,0.0035
1786586400,1881.26,86748.08799999974,2367679.093,1877.41,1881.26,1881.26,0.0,0.0,0.0035
1786590000,1886.7,115594.84799999993,2373666.276,1881.26,1886.7,1886.7,0.0,0.0,0.0035
1786593600,1891.62,91133.53499999996,2373771.168,1886.7,1891.62,1891.62,0.0,0.0,0.0035
1786597200,1895.08,152820.975,2370997.838,1891.62,1895.08,1895.08,0.0,0.0,0.0035
1786600800,1897.67,67075.68999999993,2368036.041,1895.08,1897.67,1897.67,0.0,0.0,0.0035
1786604400,1894.62,35128.24200000003,2367932.298,1897.67,1894.62,1894.62,0.0,0.0,0.0035
1786608000,1889.18,73685.55799999984,2364297.601,1894.62,1889.18,1889.18,0.0,0.0,0.0035
1786611600,1889.02,116236.8700000001,2360957.811,1889.18,1889.02,1889.02,0.0,0.0,0.0035
1786615200,1882.29,152030.70700000072,2361984.067,1889.02,1882.29,1882.29,0.0,0.0,0.0035
1786618800,1879.48,135979.5500000004,2367411.665,1882.29,1879.48,1879.48,0.0,0.0,0.0035
1786622400,1888.07,119526.60300000024,2375694.967,1879.48,1888.07,1888.07,0.0,0.0,0.0035
1786626000,1889.63,171216.56999999992,2369641.648,1888.07,1889.63,1889.63,0.0,0.0,0.0035
1786629600,1892.63,132615.72800000038,2368599.622,1889.63,1892.63,1892.63,0.0,0.0,0.0035
1786633200,1879.19,190427.4939999999,2367625.34,1892.63,1879.19,1879.19,0.0,0.0,0.0035
1786636800,1873.99,458688.999,2374118.461,1879.19,1873.99,1873.99,0.0,0.0,0.0035
1786640400,1876.05,108300.29300000035,2376962.033,1873.99,1876.05,1876.05,0.0,0.0,0.0035
1786644000,1884.64,83886.0839999998,2367040.452,1876.05,1884.64,1884.64,0.0,0.0,0.0035
1786647600,1886.62,121037.52300000004,2361541.19,1884.64,1886.62,1886.62,0.0,0.0,0.0035
1786651200,1885.27,42385.68699999989,2356461.53,1886.62,1885.27,1885.27,0.0,0.0,0.0035
1786654800,1887.87,25918.685,2356054.396,1885.27,1887.87,1887.87,0.0,0.0,0.0035
1786658400,1888.44,59400.11600000013,2348018.944,1887.87,1888.44,1888.44,0.0,0.0,0.0035
1786662000,1885.39,43666.54599999996,2344332.161,1888.44,1885.39,1885.39,0.0,0.0,0.0035
1786665600,1888.73,50217.5149999998,2346939.285,1885.39,1888.73,1888.73,0.0,0.0,0.0035
1786669200,1888.59,45389.27900000027,2352412.615,1888.73,1888.59,1888.59,0.0,0.0,0.0035
1786672800,1885.75,35147.73299999989,2354238.372,1888.59,1885.75,1885.75,0.0,0.0,0.0035
1786676400,1882.25,66006.07299999957,2349068.686,1885.75,1882.25,1882.25,0.0,0.0,0.0035
1786680000,1883.91,36612.22199999974,2348932.804,1882.25,1883.91,1883.91,0.0,0.0,0.0035
1786683600,1883.08,53146.642000000014,2349983.203,1883.91,1883.08,1883.08,0.0,0.0,0.0035
1786687200,1871.76,132520.8290000004,2359230.253,1883.08,1871.76,1871.76,0.0,0.0,0.0035
1786690800,1872.34,87469.24700000137,2364101.099,1871.76,1872.34,1872.34,0.0,0.0,0.0035
1786694400,1877.76,152760.3579999984,2379145.394,1872.34,1877.76,1877.76,0.0,0.0,0.0035
1786698000,1872.3,61895.02899999986,2389445.287,1877.76,1872.3,1872.3,0.0,0.0,0.0035
1786701600,1875.2,52491.839,2392637.804,1872.3,1875.2,1875.2,0.0,0.0,0.0035
1786705200,1877.33,64259.074999999786,2390897.349,1875.2,1877.33,1877.33,0.0,0.0,0.0035
1786708800,1872.53,66211.01100000006,2389258.327,1877.33,1872.53,1872.53,0.0,0.0,0.0035
1786712400,1869.07,172244.0440000001,2401238.882,1872.53,1869.07,1869.07,0.0,0.0,0.0035
1786716000,1866.0,139432.19999999992,2409512.469,1869.07,1866.0,1866.0,0.0,0.0,0.0035
1786719600,1880.72,189195.0600000004,2385257.052,1866.0,1880.72,1880.72,0.0,0.0,0.0035
1786723200,1884.74,127468.37600000012,2369518.136,1880.72,1884.74,1884.74,0.0,0.0,0.0035
1786726800,1877.9,91656.97999999997,2360301.644,1884.74,1877.9,1877.9,0.0,0.0,0.0035
1786730400,1875.05,68811.11499999982,2355651.438,1877.9,1875.05,1875.05,0.0,0.0,0.0035
1786734000,1879.91,49044.47099999994,2356131.704,1875.05,1879.91,1879.91,0.0,0.0,0.0035
1786737600,1879.49,22356.49499999976,2349682.526,1879.91,1879.49,1879.49,0.0,0.0,0.0035
1786741200,1878.53,30049.865999999893,2343695.791,1879.49,1878.53,1878.53,0.0,0.0,0.0035
1786744800,1878.8,30510.489999999885,2345321.202,1878.53,1878.8,1878.8,0.0,0.0,0.0035
1786748400,1881.39,29902.210999999963,2341688.724,1878.8,1881.39,1881.39,0.0,0.0,0.0035
1786752000,1881.7,24331.894000000026,2340723.52,1881.39,1881.7,1881.7,0.0,0.0,0.0035
1786755600,1883.35,26272.210999999865,2338924.791,1881.7,1883.35,1883.35,0.0,0.0,0.0035
1786759200,1884.23,30726.37299999993,2339400.256,1883.35,1884.23,1884.23,0.0,0.0,0.0035
1786762800,1881.95,37484.99799999996,2340089.519,1884.23,1881.95,1881.95,0.0,0.0,0.0035
1786766400,1883.62,19705.40700000004,2339097.742,1881.95,1883.62,1883.62,0.0,0.0,0.0035
1786770000,1879.84,34299.31599999981,2338275.3,1883.62,1879.84,1879.84,0.0,0.0,0.0035
1786773600,1881.38,38880.27399999991,2344492.787,1879.84,1881.38,1881.38,0.0,0.0,0.0035
1786777200,1879.6,19699.85000000009,2345299.486,1881.38,1879.6,1879.6,0.0,0.0,0.0035
1786780800,1876.16,45298.656,2348557.513,1879.6,1876.16,1876.16,0.0,0.0,0.0035
1786784400,1879.55,37729.60499999981,2351216.496,1876.16,1879.55,1879.55,0.0,0.0,0.0035
1786788000,1880.24,21872.639999999887,2352711.669,1879.55,1880.24,1880.24,0.0,0.0,0.0035
1786791600,1878.56,15148.239000000034,2354599.692,1880.24,1878.56,1878.56,0.0,0.0,0.0035
1786795200,1883.0,28363.369999999875,2354370.646,1878.56,1883.0,1883.0,0.0,0.0,0.0035
1786798800,1882.79,45111.15900000005,2357482.897,1883.0,1882.79,1882.79,0.0,0.0,0.0035
1786802400,1882.68,26848.03899999981,2359652.171,1882.79,1882.68,1882.68,0.0,0.0,0.0035
1786806000,1884.09,33354.43199999981,2361042.906,1882.68,1884.09,1884.09,0.0,0.0,0.0035
1786809600,1884.05,24672.90799999999,2361650.281,1884.09,1884.05,1884.05,0.0,0.0,0.0035
1786813200,1883.62,26346.897999999837,2364919.432,1884.05,1883.62,1883.62,0.0,0.0,0.0035
1786816800,1881.97,16555.627000000008,2365960.448,1883.62,1881.97,1881.97,0.0,0.0,0.0035
1786820400,1883.67,11659.053000000044,2365950.545,1881.97,1883.67,1883.67,0.0,0.0,0.0035
1786824000,1882.44,9039.163000000068,2363999.321,1883.67,1882.44,1882.44,0.0,0.0,0.0035
1786827600,1884.14,12404.065000000037,2362477.424,1882.44,1884.14,1884.14,0.0,0.0,0.0035
1786831200,1883.71,16887.226999999933,2362882.855,1884.14,1883.71,1883.71,0.0,0.0,0.0035
1786834800,1881.73,26883.066999999694,2363075.573,1883.71,1881.73,1881.73,0.0,0.0,0.0035
1786838400,1881.54,20881.04799999972,2361440.307,1881.73,1881.54,1881.54,0.0,0.0,0.0035
1786842000,1879.7,46843.424999999865,2362524.804,1881.54,1879.7,1879.7,0.0,0.0,0.0035
1786845600,1882.77,53824.33099999971,2367075.086,1879.7,1882.77,1882.77,0.0,0.0,0.0035
1786849200,1882.15,18346.842,2368544.424,1882.77,1882.15,1882.15,0.0,0.0,0.0035
1786852800,1880.76,29845.24,2363473.663,1882.15,1880.76,1880.76,0.0,0.0,0.0035
1786856400,1879.01,28965.867999999937,2365815.837,1880.76,1879.01,1879.01,0.0,0.0,0.0035
1786860000,1879.8,31435.770999999728,2365248.331,1879.01,1879.8,1879.8,0.0,0.0,0.0035
1786863600,1880.73,13956.589000000007,2367500.518,1879.8,1880.73,1880.73,0.0,0.0,0.0035
1786867200,1879.88,16217.652999999978,2365947.364,1880.73,1879.88,1879.88,0.0,0.0,0.0035
1786870800,1879.32,29706.45499999992,2362507.203,1879.88,1879.32,1879.32,0.0,0.0,0.0035
1786874400,1879.94,19530.41599999988,2363906.89,1879.32,1879.94,1879.94,0.0,0.0,0.0035
1786878000,1880.14,14027.922000000062,2363653.824,1879.94,1880.14,1880.14,0.0,0.0,0.0035
1786881600,1878.95,19296.851999999984,2363427.562,1880.14,1878.95,1878.95,0.0,0.0,0.0035
1786885200,1880.94,18892.818999999858,2365166.327,1878.95,1880.94,1880.94,0.0,0.0,0.0035
1786888800,1882.51,40273.196999999935,2369983.053,1880.94,1882.51,1882.51,0.0,0.0,0.0035
1786892400,1883.22,33222.51700000004,2371881.7,1882.51,1883.22,1883.22,0.0,0.0,0.0035
1786896000,1888.6,122345.97000000007,2368319.894,1883.22,1888.6,1888.6,0.0,0.0,0.0035
1786899600,1884.2,61306.23699999981,2364459.786,1888.6,1884.2,1884.2,0.0,0.0,0.0035
1786903200,1884.54,34534.11399999969,2364611.153,1884.2,1884.54,1884.54,0.0,0.0,0.0035
1786906800,1884.88,28151.51899999994,2365231.716,1884.54,1884.88,1884.88,0.0,0.0,0.0035
1786910400,1881.08,33537.786999999895,2366310.142,1884.88,1881.08,1881.08,0.0,0.0,0.0035
1786914000,1874.59,139612.69200000027,2352918.33,1881.08,1874.59,1874.59,0.0,0.0,0.0035
1786917600,1875.32,102222.09100000016,2362669.733,1874.59,1875.32,1875.32,0.0,0.0,0.0035
1786921200,1875.22,44689.36399999993,2365137.304,1875.32,1875.22,1875.22,0.0,0.0,0.0035
1786924800,1878.12,66203.49499999994,2364090.19,1875.22,1878.12,1878.12,0.0,0.0,0.0035
1786928400,1890.71,285066.42100000003,2369691.207,1878.12,1890.71,1890.71,0.0,0.0,0.0035
1786932000,1901.76,227931.15200000032,2380428.509,1890.71,1901.76,1901.76,0.0,0.0,0.0035
1786935600,1900.19,115201.37000000045,2388832.552,1901.76,1900.19,1900.19,0.0,0.0,0.0035
1786939200,1902.6,69388.5430000001,2395364.178,1900.19,1902.6,1902.6,0.0,0.0,0.0035
1786942800,1898.85,52978.37199999984,2393647.005,1902.6,1898.85,1898.85,0.0,0.0,0.0035
1786946400,1906.19,144422.7849999999,2390524.092,1898.85,1906.19,1906.19,0.0,0.0,0.0035
1786950000,1900.09,81975.77299999958,2393235.589,1906.19,1900.09,1900.09,0.0,0.0,0.0035
1786953600,1893.31,162427.32400000008,2382355.969,1900.09,1893.31,1893.31,0.0,0.0,0.0035
1786957200,1893.02,60727.13500000015,2379751.073,1893.31,1893.02,1893.02,0.0,0.0,0.0035
1786960800,1906.27,146062.25000000032,2378981.296,1893.02,1906.27,1906.27,0.0,0.0,0.0035
1786964400,1903.75,78937.31699999986,2377561.142,1906.27,1903.75,1903.75,0.0,0.0,0.0035
1786968000,1898.1,113361.98000000029,2385348.945,1903.75,1898.1,1898.1,0.0,0.0,0.0035
1786971600,1904.02,179250.03699999995,2380962.568,1898.1,1904.02,1904.02,0.0,0.0,0.0035
1786975200,1908.77,129392.00299999968,2384155.988,1904.02,1908.77,1908.77,0.0,0.0,0.0035
1786978800,1912.45,198737.38899999927,2393841.38,1908.77,1912.45,1912.45,0.0,0.0,0.0035
1786982400,1906.21,86739.37800000008,2389049.664,1912.45,1906.21,1906.21,0.0,0.0,0.0035
1786986000,1907.96,103183.03500000064,2380647.349,1906.21,1907.96,1907.96,0.0,0.0,0.0035
1786989600,1909.12,67868.75700000035,2385658.967,1907.96,1909.12,1909.12,0.0,0.0,0.0035
1786993200,1906.28,44045.71599999999,2383699.063,1909.12,1906.28,1906.28,0.0,0.0,0.0035
1786996800,1905.76,50569.99399999969,2380250.745,1906.28,1905.76,1905.76,0.0,0.0,0.0035
1787000400,1905.58,22257.117999999955,2378010.111,1905.76,1905.58,1905.58,0.0,0.0,0.0035
1787004000,1903.59,33927.900999999954,2378791.868,1905.58,1903.59,1903.59,0.0,0.0,0.0035
1787007600,1912.7,119768.3530000001,2381114.87,1903.59,1912.7,1912.7,0.0,0.0,0.0035
1787011200,1909.4,49783.1119999998,2377736.244,1912.7,1909.4,1909.4,0.0,0.0,0.0035
1787014800,1900.46,99084.76099999984,2368047.424,1909.4,1900.46,1900.46,0.0,0.0,0.0035
1787018400,1892.13,199791.73399999947,2350100.892,1900.46,1892.13,1892.13,0.0,0.0,0.0035
1787022000,1893.68,171567.07600000055,2359092.731,1892.13,1893.68,1893.68,0.0,0.0,0.0035
1787025600,1895.77,58689.41799999995,2361440.201,1893.68,1895.77,1895.77,0.0,0.0,0.0035
1787029200,1894.57,58739.21300000005,2360083.411,1895.77,1894.57,1894.57,0.0,0.0,0.0035
1787032800,1902.02,115939.34700000004,2356934.302,1894.57,1902.02,1902.02,0.0,0.0,0.0035
1787036400,1897.69,55202.68400000004,2353351.965,1902.02,1897.69,1897.69,0.0,0.0,0.0035
1787040000,1899.36,71290.51799999992,2352697.232,1897.69,1899.36,1899.36,0.0,0.0,0.0035
1787043600,1895.83,38402.99999999986,2350811.064,1899.36,1895.83,1895.83,0.0,0.0,0.0035
1787047200,1897.09,34069.790999999794,2349764.878,1895.83,1897.09,1897.09,0.0,0.0,0.0035
1787050800,1902.31,84610.59399999997,2353994.606,1897.09,1902.31,1902.31,0.0,0.0,0.0035
1787054400,1898.47,41568.14399999978,2353456.068,1902.31,1898.47,1898.47,0.0,0.0,0.0035
1787058000,1897.05,122491.14900000012,2355895.242,1898.47,1897.05,1897.05,0.0,0.0,0.0035
1787061600,1910.18,487778.50700000057,2382226.353,1897.05,1910.18,1910.18,0.0,0.0,0.0035
1787065200,1916.88,207881.17999999976,2378584.332,1910.18,1916.88,1916.88,0.0,0.0,0.0035
1787068800,1917.65,124108.13200000011,2391299.801,1916.88,1917.65,1917.65,0.0,0.0,0.0035
1787072400,1910.37,80518.10299999994,2384965.521,1917.65,1910.37,1910.37,0.0,0.0,0.0035
1787076000,1915.65,50499.27999999997,2379086.647,1910.37,1915.65,1915.65,0.0,0.0,0.0035
1787079600,1912.57,41567.88300000005,2383343.176,1915.65,1912.57,1912.57,0.0,0.0,0.0035
1787083200,1911.96,43448.49799999991,2377506.565,1912.57,1911.96,1911.96,0.0,0.0,0.0035
1787086800,1911.21,26104.357999999826,2373868.978,1911.96,1911.21,1911.21,0.0,0.0,0.0035
1787090400,1912.43,35668.247,2375441.954,1911.21,1912.43,1912.43,0.0,0.0,0.0035
1787094000,1917.1,57102.59900000002,2384223.035,1912.43,1917.1,1917.1,0.0,0.0,0.0035
1787097600,1912.63,80405.13599999982,2380320.143,1917.1,1912.63,1912.63,0.0,0.0,0.0035
1787101200,1912.82,75667.80400000005,2384643.142,1912.63,1912.82,1912.82,0.0,0.0,0.0035
1787104800,1906.83,86441.67400000004,2370798.644,1912.82,1906.83,1906.83,0.0,0.0,0.0035
1787108400,1911.21,78683.15499999994,2375940.978,1906.83,1911.21,1911.21,0.0,0.0,0.0035
1787112000,1909.78,39557.37199999997,2373940.815,1911.21,1909.78,1909.78,0.0,0.0,0.0035
1787115600,1909.19,33951.100999999966,2373765.557,1909.78,1909.19,1909.19,0.0,0.0,0.0035
1787119200,1916.87,127366.56599999996,2364341.162,1909.19,1916.87,1916.87,0.0,0.0,0.0035
1787122800,1915.14,143388.3080000002,2391001.94,1916.87,1915.14,1915.14,0.0,0.0,0.0035
1787126400,1920.75,204534.22899999967,2413968.295,1915.14,1920.75,1920.75,0.0,0.0,0.0035
1787130000,1918.3,63899.03000000001,2407610.415,1920.75,1918.3,1918.3,0.0,0.0,0.0035
1787133600,1919.27,53782.75099999984,2402362.667,1918.3,1919.27,1919.27,0.0,0.0,0.0035
1787137200,1922.34,95853.57599999978,2400971.713,1919.27,1922.34,1922.34,0.0,0.0,0.0035
1787140800,1936.33,347900.7200000003,2444864.641,1922.34,1936.33,1936.33,0.0,0.0,0.0035
1787144400,1931.76,343695.22900000063,2451246.631,1936.33,1931.76,1931.76,0.0,0.0,0.0035
1787148000,1969.89,663866.4549999989,2454726.565,1931.76,1969.89,1969.89,0.0,0.0,0.0035
1787151600,2085.16,2195303.074999994,2413821.549,1969.89,2085.16,2085.16,0.0,0.0,0.0035
1787155200,2088.75,698831.9179999985,2428366.826,2085.16,2088.75,2088.75,0.0,0.0,0.0035
1787158800,2090.09,388524.4740000001,2410103.597,2088.75,2090.09,2090.09,0.0,0.0,0.0035
1787162400,2090.81,175438.10000000018,2419975.358,2090.09,2090.81,2090.81,0.0,0.0,0.0035
1787166000,2100.97,273898.85000000155,2424798.002,2090.81,2100.97,2100.97,0.0,0.0,0.0035
1787169600,2218.06,1170641.1579999982,2361157.751,2100.97,2218.06,2218.06,0.0,0.0,0.0035
1787173200,2286.12,1514999.1940000106,2341595.611,2218.06,2286.12,2286.12,0.0,0.0,0.0035
1787176800,2249.61,625883.3089999974,2333820.981,2286.12,2249.61,2249.61,0.0,0.0,0.0035
1787180400,2252.16,210151.73600000076,2344378.328,2249.61,2252.16,2252.16,0.0,0.0,0.0035
1787184000,2261.7,289375.9400000005,2341857.449,2252.16,2261.7,2261.7,0.0,0.0,0.0035
1787187600,2265.67,249481.0000000012,2322913.391,2261.7,2265.67,2265.67,0.0,0.0,0.0035
1787191200,2251.29,171869.29299999995,2326936.953,2265.67,2251.29,2251.29,0.0,0.0,0.0035
1787194800,2250.86,437463.39099999896,2330625.114,2251.29,2250.86,2250.86,0.0,0.0,0.0035
1787198400,2249.8,133516.07699999976,2343710.963,2250.86,2249.8,2249.8,0.0,0.0,0.0035
1787202000,2247.88,110235.82299999976,2352732.469,2249.8,2247.88,2247.88,0.0,0.0,0.0035
1787205600,2262.1,299226.0729999992,2362038.148,2247.88,2262.1,2262.1,0.0,0.0,0.0035
1787209200,2251.49,204750.66099999996,2348241.12,2262.1,2251.49,2251.49,0.0,0.0,0.0035
1787212800,2281.92,592732.9269999987,2331333.91,2251.49,2281.92,2281.92,0.0,0.0,0.0035
1787216400,2278.3,457471.4619999991,2321656.681,2281.92,2278.3,2278.3,0.0,0.0,0.0035
1787220000,2286.34,208001.57700000145,2317840.323,2278.3,2286.34,2286.34,0.0,0.0,0.0035
1787223600,2295.6,498758.4549999987,2317948.708,2286.34,2295.6,2295.6,0.0,0.0,0.0035
1787227200,2289.57,512029.46599999926,2305813.936,2295.6,2289.57,2289.57,0.0,0.0,0.0035
1787230800,2276.03,510143.95999999833,2307398.717,2289.57,2276.03,2276.03,0.0,0.0,0.0035
1787234400,2280.12,246520.53600000023,2318401.282,2276.03,2280.12,2280.12,0.0,0.0,0.0035
1787238000,2325.12,885950.9749999995,2357060.051,2280.12,2325.12,2325.12,0.0,0.0,0.0035
1787241600,2343.94,562846.861999999,2360802.456,2325.12,2343.94,2343.94,0.0,0.0,0.0035
1787245200,2343.1,236652.5550000004,2357008.319,2343.94,2343.1,2343.1,0.0,0.0,0.0035
1787248800,2315.21,377076.9969999997,2333078.364,2343.1,2315.21,2315.21,0.0,0.0,0.0035
1787252400,2322.72,173198.66899999938,2335000.745,2315.21,2322.72,2322.72,0.0,0.0,0.0035
1787256000,2317.55,110415.34999999987,2326706.094,2322.72,2317.55,2317.55,0.0,0.0,0.0035
1787259600,2317.62,68030.89099999992,2323506.733,2317.55,2317.62,2317.62,0.0,0.0,0.0035
1787263200,2313.33,129610.77500000056,2319552.493,2317.62,2313.33,2313.33,0.0,0.0,0.0035
1787266800,2326.18,163454.8099999998,2322255.078,2313.33,2326.18,2326.18,0.0,0.0,0.0035
1787270400,2339.95,320758.3130000002,2325726.062,2326.18,2339.95,2339.95,0.0,0.0,0.0035
1787274000,2358.71,597423.1640000014,2341809.202,2339.95,2358.71,2358.71,0.0,0.0,0.0035
1787277600,2344.73,266162.60399999976,2341695.128,2358.71,2344.73,2344.73,0.0,0.0,0.0035
1787281200,2339.9,203665.5439999992,2356827.786,2344.73,2339.9,2339.9,0.0,0.0,0.0035
1787284800,2353.12,108420.7510000006,2361625.429,2339.9,2353.12,2353.12,0.0,0.0,0.0035
1787288400,2367.36,202912.92199999996,2363973.865,2353.12,2367.36,2367.36,0.0,0.0,0.0035
1787292000,2371.51,355306.5040000005,2368335.995,2367.36,2371.51,2371.51,0.0,0.0,0.0035
1787295600,2371.51,532020.7050000003,2380795.512,2371.51,2371.51,2371.51,0.0,0.0,0.0035
1787299200,2444.89,982612.7069999992,2363258.17,2371.51,2444.89,2444.89,0.0,0.0,0.0035
1787302800,2403.77,818975.8690000006,2350256.24,2444.89,2403.77,2403.77,0.0,0.0,0.0035
1787306400,2394.73,226388.57699999952,2354391.171,2403.77,2394.73,2394.73,0.0,0.0,0.0035
1787310000,2370.42,487379.3859999993,2360674.774,2394.73,2370.42,2370.42,0.0,0.0,0.0035
1787313600,2387.75,274705.73299999844,2382610.47,2370.42,2387.75,2387.75,0.0,0.0,0.0035
1787317200,2386.98,414833.47299999977,2396808.287,2387.75,2386.98,2386.98,0.0,0.0,0.0035
1787320800,2393.14,311311.3130000012,2396837.42,2386.98,2393.14,2393.14,0.0,0.0,0.0035
1787324400,2393.03,188532.99899999943,2406706.417,2393.14,2393.03,2393.03,0.0,0.0,0.0035
1787328000,2405.13,210698.4839999995,2404638.983,2393.03,2405.13,2405.13,0.0,0.0,0.0035
1787331600,2422.98,301311.929000001,2424508.504,2405.13,2422.98,2422.98,0.0,0.0,0.0035
1787335200,2419.8,300629.49399999995,2409158.494,2422.98,2419.8,2419.8,0.0,0.0,0.0035
1787338800,2412.41,110706.81500000002,2411928.706,2419.8,2412.41,2412.41,0.0,0.0,0.0035
1787342400,2440.07,275066.333,2419124.604,2412.41,2440.07,2440.07,0.0,0.0,0.0035
1787346000,2513.52,653363.8779999971,2399301.327,2440.07,2513.52,2513.52,0.0,0.0,0.0035
1787349600,2522.0,636187.6630000022,2415862.983,2513.52,2522.0,2522.0,0.0,0.0,0.0035
1787353200,2515.97,362386.3459999992,2423963.53,2522.0,2515.97,2515.97,0.0,0.0,0.0035
1787356800,2521.69,312101.9470000003,2411981.301,2515.97,2521.69,2521.69,0.0,0.0,0.0035
1787360400,2506.28,184455.56700000016,2415087.775,2521.69,2506.28,2506.28,0.0,0.0,0.0035
1787364000,2515.33,218079.0999999996,2419268.149,2506.28,2515.33,2515.33,0.0,0.0,0.0035
1787367600,2514.35,152429.65499999982,2420959.881,2515.33,2514.35,2514.35,0.0,0.0,0.0035
1787371200,2513.88,216293.15599999967,2420815.554,2514.35,2513.88,2513.88,0.0,0.0,0.0035
1787374800,2439.44,960931.549,2396476.897,2513.88,2439.44,2439.44,0.0,0.0,0.0035
1787378400,2436.94,246526.48799999943,2387265.696,2439.44,2436.94,2436.94,0.0,0.0,0.0035
1787382000,2432.54,165303.33200000014,2386456.585,2436.94,2432.54,2432.54,0.0,0.0,0.0035
1787385600,2425.34,206432.75200000007,2400783.04,2432.54,2425.34,2425.34,0.0,0.0,0.0035
1787389200,2421.49,122328.99899999984,2413655.228,2425.34,2421.49,2421.49,0.0,0.0,0.0035
1787392800,2412.14,353028.07699999947,2411757.489,2421.49,2412.14,2412.14,0.0,0.0,0.0035
1787396400,2423.41,120217.07000000072,2412637.101,2412.14,2423.41,2423.41,0.0,0.0,0.0035
1787400000,2427.31,146179.4379999994,2403654.59,2423.41,2427.31,2427.31,0.0,0.0,0.0035
1787403600,2429.35,83188.56699999898,2405976.808,2427.31,2429.35,2429.35,0.0,0.0,0.0035
1787407200,2413.02,145084.7970000007,2394324.399,2429.35,2413.02,2413.02,0.0,0.0,0.0035
1787410800,2410.37,88099.06600000028,2400301.68,2413.02,2410.37,2410.37,0.0,0.0,0.0035
1787414400,2421.89,110686.4519999998,2393223.261,2410.37,2421.89,2421.89,0.0,0.0,0.0035
1787418000,2425.9,74094.80099999983,2391439.08,2421.89,2425.9,2425.9,0.0,0.0,0.0035
1787421600,2426.54,62046.22899999986,2385988.637,2425.9,2426.54,2426.54,0.0,0.0,0.0035
1787425200,2438.18,98465.54999999984,2381317.795,2426.54,2438.18,2438.18,0.0,0.0,0.0035
1787428800,2431.02,58071.38999999957,2372885.099,2438.18,2431.02,2431.02,0.0,0.0,0.0035
1787432400,2406.39,183175.18499999985,2371654.621,2431.02,2406.39,2406.39,0.0,0.0,0.0035
1787436000,2413.17,115072.5330000003,2371347.357,2406.39,2413.17,2413.17,0.0,0.0,0.0035
1787439600,2421.4,43552.80099999883,2372539.568,2413.17,2421.4,2421.4,0.0,0.0,0.0035
1787443200,2429.95,103654.65600000044,2369797.29,2421.4,2429.95,2429.95,0.0,0.0,0.0035
1787446800,2422.33,113426.64200000034,2365735.662,2429.95,2422.33,2422.33,0.0,0.0,0.0035
1787450400,2415.98,97316.33400000008,2366476.983,2422.33,2415.98,2415.98,0.0,0.0,0.0035
1787454000,2413.19,66810.74999999994,2371232.214,2415.98,2413.19,2413.19,0.0,0.0,0.0035
1787457600,2378.24,384695.90699999966,2371364.606,2413.19,2378.24,2378.24,0.0,0.0,0.0035
1787461200,2372.6,384688.5470000008,2386668.502,2378.24,2372.6,2372.6,0.0,0.0,0.0035
1787464800,2389.35,198183.57499999984,2396971.207,2372.6,2389.35,2389.35,0.0,0.0,0.0035
1787468400,2388.29,77966.82200000004,2403232.656,2389.35,2388.29,2388.29,0.0,0.0,0.0035
1787472000,2412.25,279494.1010000001,2394221.295,2388.29,2412.25,2412.25,0.0,0.0,0.0035
1787475600,2410.91,91448.28800000007,2398774.407,2412.25,2410.91,2410.91,0.0,0.0,0.0035
1787479200,2414.8,83165.03899999996,2397062.516,2410.91,2414.8,2414.8,0.0,0.0,0.0035
1787482800,2433.29,211838.7609999992,2402737.696,2414.8,2433.29,2433.29,0.0,0.0,0.0035
1787486400,2426.61,117001.35,2401667.516,2433.29,2426.61,2426.61,0.0,0.0,0.0035
1787490000,2458.64,457575.9399999995,2400068.268,2426.61,2458.64,2458.64,0.0,0.0,0.0035
1787493600,2437.94,528331.009000001,2382101.549,2458.64,2437.94,2437.94,0.0,0.0,0.0035
1787497200,2437.69,227214.7580000001,2386291.921,2437.94,2437.69,2437.69,0.0,0.0,0.0035
1787500800,2449.7,98441.3099999998,2384777.681,2437.69,2449.7,2449.7,0.0,0.0,0.0035
1787504400,2439.24,144784.7130000001,2374486.902,2449.7,2439.24,2439.24,0.0,0.0,0.0035
1787508000,2447.59,76248.61099999963,2380165.154,2439.24,2447.59,2447.59,0.0,0.0,0.0035
1787511600,2443.58,72575.24999999993,2384915.421,2447.59,2443.58,2443.58,0.0,0.0,0.0035
1787515200,2449.22,53404.62799999855,2386086.774,2443.58,2449.22,2449.22,0.0,0.0,0.0035
1787518800,2469.14,273010.58300000045,2381636.692,2449.22,2469.14,2469.14,0.0,0.0,0.0035
1787522400,2454.13,124336.53999999992,2377260.598,2469.14,2454.13,2454.13,0.0,0.0,0.0035
1787526000,2462.58,171267.0649999992,2394349.029,2454.13,2462.58,2462.58,0.0,0.0,0.0035
1787529600,2464.6,162541.16500000062,2392380.245,2462.58,2464.6,2464.6,0.0,0.0,0.0035
1787533200,2428.27,279198.3389999993,2392116.606,2464.6,2428.27,2428.27,0.0,0.0,0.0035
1787536800,2442.54,149629.69700000025,2395072.978,2428.27,2442.54,2442.54,0.0,0.0,0.0035
1787540400,2429.78,128697.50900000051,2387395.707,2442.54,2429.78,2429.78,0.0,0.0,0.0035
1787544000,2436.72,107400.13899999998,2392414.201,2429.78,2436.72,2436.72,0.0,0.0,0.0035
1787547600,2448.07,231771.86899999937,2394382.051,2436.72,2448.07,2448.07,0.0,0.0,0.0035
1787551200,2455.58,145265.09399999978,2398191.073,2448.07,2455.58,2455.58,0.0,0.0,0.0035
1787554800,2453.97,179577.16499999943,2404779.31,2455.58,2453.97,2453.97,0.0,0.0,0.0035
1787558400,2453.62,180544.03200000044,2397522.385,2453.97,2453.62,2453.62,0.0,0.0,0.0035
1787562000,2462.2,119216.71999999986,2407339.077,2453.62,2462.2,2462.2,0.0,0.0,0.0035
1787565600,2464.24,368807.3320000006,2419589.72,2462.2,2464.24,2464.24,0.0,0.0,0.0035
1787569200,2493.52,439756.8679999994,2422403.217,2464.24,2493.52,2493.52,0.0,0.0,0.0035
1787572800,2511.99,408849.53500000073,2444937.944,2493.52,2511.99,2511.99,0.0,0.0,0.0035
1787576400,2492.76,487483.4100000008,2435450.806,2511.99,2492.76,2492.76,0.0,0.0,0.0035
1787580000,2515.0,533895.6169999979,2453988.804,2492.76,2515.0,2515.0,0.0,0.0,0.0035
1787583600,2486.64,591909.6049999993,2438884.093,2515.0,2486.64,2486.64,0.0,0.0,0.0035
1787587200,2477.03,367961.8670000001,2433148.855,2486.64,2477.03,2477.03,0.0,0.0,0.0035
1787590800,2467.92,449920.8599999978,2428093.363,2477.03,2467.92,2467.92,0.0,0.0,0.0035
1787594400,2473.21,181965.51599999887,2427281.84,2467.92,2473.21,2473.21,0.0,0.0,0.0035
1787598000,2470.54,144399.5389999998,2415708.495,2473.21,2470.54,2470.54,0.0,0.0,0.0035
1787601600,2474.44,72793.16699999993,2409593.194,2470.54,2474.44,2474.44,0.0,0.0,0.0035
1787605200,2482.78,82047.32399999983,2412481.421,2474.44,2482.78,2482.78,0.0,0.0,0.0035
1787608800,2473.38,58827.99600000004,2417509.297,2482.78,2473.38,2473.38,0.0,0.0,0.0035
1787612400,2481.03,72970.47300000052,2419551.122,2473.38,2481.03,2481.03,0.0,0.0,0.0035
1787616000,2492.2,204542.7810000003,2420361.252,2481.03,2492.2,2492.2,0.0,0.0,0.0035
1787619600,2494.87,139035.35199999993,2422106.235,2492.2,2494.87,2494.87,0.0,0.0,0.0035
1787623200,2506.94,435993.4939999996,2426065.082,2494.87,2506.94,2506.94,0.0,0.0,0.0035
1787626800,2497.96,199286.2669999996,2410242.816,2506.94,2497.96,2497.96,0.0,0.0,0.0035
1787630400,2493.72,146220.522,2399884.657,2497.96,2493.72,2493.72,0.0,0.0,0.0035
1787634000,2507.61,160504.54599999945,2400430.117,2493.72,2507.61,2507.61,0.0,0.0,0.0035
1787637600,2499.9,127505.027,2402136.042,2507.61,2499.9,2499.9,0.0,0.0,0.0035
1787641200,2477.66,286341.29400000005,2391386.76,2499.9,2477.66,2477.66,0.0,0.0,0.0035
1787644800,2484.0,188694.0739999997,2396376.061,2477.66,2484.0,2484.0,0.0,0.0,0.0035
1787648400,2473.62,191113.25499999983,2398767.949,2484.0,2473.62,2473.62,0.0,0.0,0.0035
1787652000,2480.94,119573.47700000046,2406381.356,2473.62,2480.94,2480.94,0.0,0.0,0.0035
1787655600,2477.1,92027.89300000016,2407179.727,2480.94,2477.1,2477.1,0.0,0.0,0.0035
1787659200,2472.69,205207.7429999994,2404061.046,2477.1,2472.69,2472.69,0.0,0.0,0.0035
1787662800,2459.99,404834.30000000144,2404517.69,2472.69,2459.99,2459.99,0.0,0.0,0.0035
1787666400,2475.96,255284.04900000172,2416968.574,2459.99,2475.96,2475.96,0.0,0.0,0.0035
1787670000,2481.56,139738.16399999993,2417491.269,2475.96,2481.56,2481.56,0.0,0.0,0.0035
1787673600,2469.59,119412.73700000044,2416450.807,2481.56,2469.59,2469.59,0.0,0.0,0.0035
1787677200,2469.93,180881.54800000056,2399505.774,2469.59,2469.93,2469.93,0.0,0.0,0.0035
1787680800,2466.04,77865.99399999919,2404808.601,2469.93,2466.04,2466.04,0.0,0.0,0.0035
1787684400,2462.03,74036.55999999984,2403424.602,2466.04,2462.03,2462.03,0.0,0.0,0.0035
1787688000,2435.25,210478.66400000127,2395905.323,2462.03,2435.25,2435.25,0.0,0.0,0.0035
1787691600,2440.8,306677.97600000055,2385483.415,2435.25,2440.8,2440.8,0.0,0.0,0.0035
1787695200,2452.7,91889.15899999988,2388579.361,2440.8,2452.7,2452.7,0.0,0.0,0.0035
1787698800,2441.72,86948.65500000001,2394746.805,2452.7,2441.72,2441.72,0.0,0.0,0.0035
1787702400,2445.07,98481.25600000026,2402779.295,2441.72,2445.07,2445.07,0.0,0.0,0.0035
1787706000,2454.99,99305.16600000046,2398996.021,2445.07,2454.99,2454.99,0.0,0.0,0.0035
1787709600,2464.18,86808.6880000001,2398988.594,2454.99,2464.18,2464.18,0.0,0.0,0.0035
1787713200,2464.58,60788.68399999972,2398232.595,2464.18,2464.58,2464.58,0.0,0.0,0.0035
1787716800,2455.77,99674.89599999944,2396860.355,2464.58,2455.77,2455.77,0.0,0.0,0.0035
1787720400,2463.85,91073.13000000024,2404826.563,2455.77,2463.85,2463.85,0.0,0.0,0.0035
1787724000,2459.03,75856.42299999976,2408092.974,2463.85,2459.03,2459.03,0.0,0.0,0.0035
1787727600,2460.51,66107.62999999973,2413192.804,2459.03,2460.51,2460.51,0.0,0.0,0.0035
1787731200,2455.31,81839.25700000011,2409935.771,2460.51,2455.31,2455.31,0.0,0.0,0.0035
1787734800,2446.8,124706.58499999982,2411222.073,2455.31,2446.8,2446.8,0.0,0.0,0.0035
1787738400,2467.67,167367.97199999957,2420153.967,2446.8,2467.67,2467.67,0.0,0.0,0.0035
1787742000,2462.03,109085.91000000012,2424771.042,2467.67,2462.03,2462.03,0.0,0.0,0.0035
1787745600,2454.0,239471.25100000043,2434259.912,2462.03,2454.0,2454.0,0.0,0.0,0.0035
1787749200,2456.16,312411.6799999997,2428013.086,2454.0,2456.16,2456.16,0.0,0.0,0.0035
1787752800,2438.1,177333.95999999944,2432322.591,2456.16,2438.1,2438.1,0.0,0.0,0.0035
1787756400,2448.97,198587.49200000052,2425436.294,2438.1,2448.97,2448.97,0.0,0.0,0.0035
1787760000,2443.66,124881.24700000028,2433691.0,2448.97,2443.66,2443.66,0.0,0.0,0.0035
1787763600,2459.94,152102.57199999996,2442601.546,2443.66,2459.94,2459.94,0.0,0.0,0.0035
1787767200,2471.72,109778.17599999985,2450210.149,2459.94,2471.72,2471.72,0.0,0.0,0.0035
1787770800,2469.51,157586.0410000004,2434180.285,2471.72,2469.51,2469.51,0.0,0.0,0.0035
1787774400,2471.28,93424.64999999997,2429889.511,2469.51,2471.28,2471.28,0.0,0.0,0.0035
1787778000,2495.89,254148.13399999897,2446816.184,2471.28,2495.89,2495.89,0.0,0.0,0.0035
1787781600,2492.61,197826.1749999994,2449863.2,2495.89,2492.61,2492.61,0.0,0.0,0.0035
1787785200,2505.66,167985.4510000004,2446814.415,2492.61,2505.66,2505.66,0.0,0.0,0.0035
1787788800,2490.71,131443.0720000003,2443830.047,2505.66,2490.71,2490.71,0.0,0.0,0.0035
1787792400,2496.81,140815.90799999985,2447007.964,2490.71,2496.81,2496.81,0.0,0.0,0.0035
1787796000,2493.83,63224.91700000019,2449208.542,2496.81,2493.83,2493.83,0.0,0.0,0.0035
1787799600,2491.95,94455.6769999998,2448811.985,2493.83,2491.95,2491.95,0.0,0.0,0.0035
1787803200,2486.45,73690.76499999924,2448082.484,2491.95,2486.45,2486.45,0.0,0.0,0.0035
1787806800,2495.52,89020.81099999993,2448224.139,2486.45,2495.52,2495.52,0.0,0.0,0.0035
1787810400,2492.06,72185.38999999982,2443774.086,2495.52,2492.06,2492.06,0.0,0.0,0.0035
1787814000,2496.19,66699.52,2448613.499,2492.06,2496.19,2496.19,0.0,0.0,0.0035
1787817600,2529.9,674007.0139999995,2476709.287,2496.19,2529.9,2529.9,0.0,0.0,0.0035
1787821200,2533.57,494159.9129999994,2464903.714,2529.9,2533.57,2533.57,0.0,0.0,0.0035
1787824800,2502.75,514194.0930000013,2419519.642,2533.57,2502.75,2502.75,0.0,0.0,0.0035
1787828400,2500.41,162926.47700000022,2421778.265,2502.75,2500.41,2500.41,0.0,0.0,0.0035
1787832000,2493.92,108435.46699999987,2417129.933,2500.41,2493.92,2493.92,0.0,0.0,0.0035
1787835600,2495.24,288345.0210000016,2407460.307,2493.92,2495.24,2495.24,0.0,0.0,0.0035
1787839200,2516.23,298888.1490000001,2406965.049,2495.24,2516.23,2516.23,0.0,0.0,0.0035
1787842800,2520.58,252679.5829999995,2421911.087,2516.23,2520.58,2520.58,0.0,0.0,0.0035
1787846400,2521.19,152305.4960000005,2415893.975,2520.58,2521.19,2521.19,0.0,0.0,0.0035
1787850000,2517.03,143225.79500000033,2407927.968,2521.19,2517.03,2517.03,0.0,0.0,0.0035
1787853600,2505.64,255925.40399999957,2393189.395,2517.03,2505.64,2505.64,0.0,0.0,0.0035
1787857200,2496.79,110140.60599999984,2387405.645,2505.64,2496.79,2496.79,0.0,0.0,0.0035
1787860800,2506.96,66497.15699999986,2384043.985,2496.79,2506.96,2506.96,0.0,0.0,0.0035
1787864400,2503.1,42032.01599999971,2383549.272,2506.96,2503.1,2503.1,0.0,0.0,0.0035
1787868000,2513.8,75581.3289999995,2388050.745,2503.1,2513.8,2513.8,0.0,0.0,0.0035
1787871600,2509.74,52373.74999999999,2392378.053,2513.8,2509.74,2509.74,0.0,0.0,0.0035
1787875200,2514.53,90107.829,2397812.985,2509.74,2514.53,2514.53,0.0,0.0,0.0035
1787878800,2511.01,212038.3489999997,2403014.591,2514.53,2511.01,2511.01,0.0,0.0,0.0035
1787882400,2490.77,239779.43499999933,2421288.004,2511.01,2490.77,2490.77,0.0,0.0,0.0035
1787886000,2488.61,87393.48099999987,2424964.495,2490.77,2488.61,2488.61,0.0,0.0,0.0035
1787889600,2484.74,165616.7479999993,2419131.873,2488.61,2484.74,2484.74,0.0,0.0,0.0035
1787893200,2492.04,93846.22800000024,2424401.637,2484.74,2492.04,2492.04,0.0,0.0,0.0035
1787896800,2501.7,92023.97700000016,2419374.309,2492.04,2501.7,2501.7,0.0,0.0,0.0035
1787900400,2495.34,86501.24599999993,2418865.524,2501.7,2495.34,2495.34,0.0,0.0,0.0035
1787904000,2487.19,85513.36699999995,2420469.866,2495.34,2487.19,2487.19,0.0,0.0,0.0035
1787907600,2488.62,93721.4210000001,2425596.076,2487.19,2488.62,2488.62,0.0,0.0,0.0035
1787911200,2505.52,144050.72400000013,2418236.541,2488.62,2505.52,2505.52,0.0,0.0,0.0035
1787914800,2504.11,110677.29099999992,2415478.346,2505.52,2504.11,2504.11,0.0,0.0,0.0035
1787918400,2497.99,72993.37300000008,2416139.014,2504.11,2497.99,2497.99,0.0,0.0,0.0035
1787922000,2508.51,167428.69600000043,2429338.813,2497.99,2508.51,2508.51,0.0,0.0,0.0035
1787925600,2512.04,791171.8789999997,2414507.485,2508.51,2512.04,2512.04,0.0,0.0,0.0035
1787929200,2470.35,339689.7599999991,2408481.314,2512.04,2470.35,2470.35,0.0,0.0,0.0035
1787932800,2440.83,930064.2649999972,2372659.828,2470.35,2440.83,2440.83,0.0,0.0,0.0035
1787936400,2442.45,140302.64500000028,2374121.133,2440.83,2442.45,2442.45,0.0,0.0,0.0035
1787940000,2427.47,237778.779,2360037.992,2442.45,2427.47,2427.47,0.0,0.0,0.0035
1787943600,2434.42,100159.90799999888,2362519.664,2427.47,2434.42,2434.42,0.0,0.0,0.0035
1787947200,2426.63,58285.707999999744,2357037.564,2434.42,2426.63,2426.63,0.0,0.0,0.0035
1787950800,2423.99,47661.71699999979,2355182.937,2426.63,2423.99,2423.99,0.0,0.0,0.0035
1787954400,2440.93,99782.896,2362503.691,2423.99,2440.93,2440.93,0.0,0.0,0.0035
1787958000,2441.9,44316.46899999988,2361663.152,2440.93,2441.9,2441.9,0.0,0.0,0.0035
1787961600,2441.42,53496.96599999975,2359304.021,2441.9,2441.42,2441.42,0.0,0.0,0.0035
1787965200,2442.44,34630.84099999988,2357869.941,2441.42,2442.44,2442.44,0.0,0.0,0.0035
1787968800,2437.59,40947.99699999994,2357538.885,2442.44,2437.59,2437.59,0.0,0.0,0.0035
1787972400,2434.05,36490.152999999904,2356171.211,2437.59,2434.05,2434.05,0.0,0.0,0.0035
1787976000,2439.14,26825.744999999893,2353092.813,2434.05,2439.14,2439.14,0.0,0.0,0.0035
1787979600,2437.8,28801.968999999703,2353402.952,2439.14,2437.8,2437.8,0.0,0.0,0.0035
1787983200,2433.93,58996.00199999967,2349589.255,2437.8,2433.93,2433.93,0.0,0.0,0.0035
1787986800,2435.2,30385.72699999997,2348532.731,2433.93,2435.2,2435.2,0.0,0.0,0.0035
1787990400,2432.98,31792.82199999984,2349645.016,2435.2,2432.98,2432.98,0.0,0.0,0.0035
1787994000,2434.21,27498.47299999986,2350235.57,2432.98,2434.21,2434.21,0.0,0.0,0.0035
1787997600,2433.58,28821.31299999976,2351364.799,2434.21,2433.58,2433.58,0.0,0.0,0.0035
1788001200,2434.87,21245.259999999947,2353972.942,2433.58,2434.87,2434.87,0.0,0.0,0.0035
1788004800,2433.52,26905.47899999977,2352737.353,2434.87,2433.52,2433.52,0.0,0.0,0.0035
1788008400,2434.59,26455.53399999984,2355085.028,2433.52,2434.59,2434.59,0.0,0.0,0.0035
1788012000,2447.34,127730.97700000016,2347882.235,2434.59,2447.34,2447.34,0.0,0.0,0.0035
1788015600,2443.51,63800.19199999995,2349412.024,2447.34,2443.51,2443.51,0.0,0.0,0.0035
1788019200,2449.7,107405.11700000009,2353842.02,2443.51,2449.7,2449.7,0.0,0.0,0.0035
1788022800,2449.34,49056.873999999785,2349795.256,2449.7,2449.34,2449.34,0.0,0.0,0.0035
1788026400,2451.12,41177.12499999999,2350618.73,2449.34,2451.12,2451.12,0.0,0.0,0.0035
1788030000,2452.16,55495.716999999706,2352162.812,2451.12,2452.16,2452.16,0.0,0.0,0.0035
1788033600,2451.54,28203.390999999727,2350737.423,2452.16,2451.54,2451.54,0.0,0.0,0.0035
1788037200,2450.34,24109.19799999988,2347928.523,2451.54,2450.34,2450.34,0.0,0.0,0.0035
1788040800,2451.48,15859.900000000069,2350826.834,2450.34,2451.48,2451.48,0.0,0.0,0.0035
1788044400,2456.5,37972.8439999998,2350917.884,2451.48,2456.5,2456.5,0.0,0.0,0.0035
1788048000,2457.81,81321.02599999939,2350332.265,2456.5,2457.81,2457.81,0.0,0.0,0.0035
1788051600,2455.44,49810.45699999968,2348355.651,2457.81,2455.44,2455.44,0.0,0.0,0.0035
1788055200,2453.69,42503.6459999998,2361501.922,2455.44,2453.69,2453.69,0.0,0.0,0.0035
1788058800,2456.0,29050.036999999844,2366341.2,2453.69,2456.0,2456.0,0.0,0.0,0.0035
1788062400,2454.8,40234.53499999985,2364602.784,2456.0,2454.8,2454.8,0.0,0.0,0.0035
1788066000,2454.99,24632.808999999903,2366658.192,2454.8,2454.99,2454.99,0.0,0.0,0.0035
1788069600,2460.1,30153.69599999994,2372004.788,2454.99,2460.1,2460.1,0.0,0.0,0.0035
1788073200,2454.19,29931.22199999992,2372936.968,2460.1,2454.19,2454.19,0.0,0.0,0.0035
1788076800,2455.86,29835.92900000003,2372676.233,2454.19,2455.86,2455.86,0.0,0.0,0.0035
1788080400,2452.61,44906.783999999934,2374857.86,2455.86,2452.61,2452.61,0.0,0.0,0.0035
1788084000,2458.65,34598.231,2378094.278,2452.61,2458.65,2458.65,0.0,0.0,0.0035
1788087600,2459.11,37110.51599999981,2377111.438,2458.65,2459.11,2459.11,0.0,0.0,0.0035
1788091200,2467.99,166621.29400000052,2374490.326,2459.11,2467.99,2467.99,0.0,0.0,0.0035
1788094800,2474.16,138599.17899999986,2381841.5,2467.99,2474.16,2474.16,0.0,0.0,0.0035
1788098400,2475.76,92123.6369999999,2385549.419,2474.16,2475.76,2475.76,0.0,0.0,0.0035
1788102000,2479.91,92884.6199999996,2387125.763,2475.76,2479.91,2479.91,0.0,0.0,0.0035
1788105600,2528.29,553586.7509999993,2392711.065,2479.91,2528.29,2528.29,0.0,0.0,0.0035
1788109200,2504.62,301981.81600000046,2375335.92,2528.29,2504.62,2504.62,0.0,0.0,0.0035
1788112800,2509.86,109037.70199999923,2376347.848,2504.62,2509.86,2509.86,0.0,0.0,0.0035
1788116400,2502.76,71663.43899999977,2373241.805,2509.86,2502.76,2502.76,0.0,0.0,0.0035
1788120000,2489.59,126858.62299999996,2367058.984,2502.76,2489.59,2489.59,0.0,0.0,0.0035
1788123600,2480.64,247577.15199999887,2347240.738,2489.59,2480.64,2480.64,0.0,0.0,0.0035
1788127200,2469.51,148009.2409999999,2346190.466,2480.64,2469.51,2469.51,0.0,0.0,0.0035
1788130800,2415.55,692025.1200000002,2315853.069,2469.51,2415.55,2415.55,0.0,0.0,0.0035
1788134400,2427.14,265581.1310000006,2325965.495,2415.55,2427.14,2427.14,0.0,0.0,0.0035
1788138000,2412.17,160570.79699999932,2325080.002,2427.14,2412.17,2412.17,0.0,0.0,0.0035
1788141600,2406.99,163606.13199999975,2332080.523,2412.17,2406.99,2406.99,0.0,0.0,0.0035
1788145200,2419.95,103632.93900000025,2337818.056,2406.99,2419.95,2419.95,0.0,0.0,0.0035
1788148800,2416.36,92662.72400000005,2335959.887,2419.95,2416.36,2416.36,0.0,0.0,0.0035
1788152400,2434.91,211571.29200000007,2346274.785,2416.36,2434.91,2434.91,0.0,0.0,0.0035
1788156000,2437.55,145830.6190000003,2351100.264,2434.91,2437.55,2437.55,0.0,0.0,0.0035
1788159600,2439.02,72617.22399999929,2351220.49,2437.55,2439.02,2439.02,0.0,0.0,0.0035
1788163200,2445.0,107631.87700000015,2352861.141,2439.02,2445.0,2445.0,0.0,0.0,0.0035
1788166800,2445.47,113464.35399999992,2352928.692,2445.0,2445.47,2445.47,0.0,0.0,0.0035
1788170400,2454.37,93033.4459999999,2358225.171,2445.47,2454.37,2454.37,0.0,0.0,0.0035
1788174000,2445.1,75052.79399999969,2360587.721,2454.37,2445.1,2445.1,0.0,0.0,0.0035
1788177600,2450.61,240298.15899999996,2380671.65,2445.1,2450.61,2450.61,0.0,0.0,0.0035
1788181200,2439.53,174770.5039999998,2376991.661,2450.61,2439.53,2439.53,0.0,0.0,0.0035
1788184800,2466.78,271218.3999999995,2379693.318,2439.53,2466.78,2466.78,0.0,0.0,0.0035
1788188400,2466.4,158017.28000000038,2381626.403,2466.78,2466.4,2466.4,0.0,0.0,0.0035
1788192000,2468.0,122903.00399999975,2377543.567,2466.4,2468.0,2468.0,0.0,0.0,0.0035
1788195600,2474.17,114626.2379999999,2383306.166,2468.0,2474.17,2474.17,0.0,0.0,0.0035
1788199200,2476.57,158373.47499999971,2371554.77,2474.17,2476.57,2476.57,0.0,0.0,0.0035
1788202800,2480.77,97879.0979999997,2362762.757,2476.57,2480.77,2480.77,0.0,0.0,0.0035
1788206400,2471.8,72145.38799999969,2355306.52,2480.77,2471.8,2471.8,0.0,0.0,0.0035
1788210000,2477.35,64676.36199999947,2351986.589,2471.8,2477.35,2477.35,0.0,0.0,0.0035
1788213600,2468.23,48328.08899999989,2349883.317,2477.35,2468.23,2468.23,0.0,0.0,0.0035
1788217200,2466.53,50162.0509999999,2348243.776,2468.23,2466.53,2466.53,0.0,0.0,0.0035
1788220800,2470.75,63434.82499999976,2347745.307,2466.53,2470.75,2470.75,0.0,0.0,0.0035
1788224400,2461.77,84816.40400000007,2347475.861,2470.75,2461.77,2461.77,0.0,0.0,0.0035
1788228000,2463.83,85912.4820000001,2352531.46,2461.77,2463.83,2463.83,0.0,0.0,0.0035
1788231600,2471.39,102628.07700000006,2358512.933,2463.83,2471.39,2471.39,0.0,0.0,0.0035
1788235200,2468.94,56462.28099999981,2359887.186,2471.39,2468.94,2468.94,0.0,0.0,0.0035
1788238800,2483.51,82963.31399999991,2369075.331,2468.94,2483.51,2483.51,0.0,0.0,0.0035
1788242400,2470.69,62443.65099999965,2368064.701,2483.51,2470.69,2470.69,0.0,0.0,0.0035
1788246000,2471.44,70194.99599999987,2367114.221,2470.69,2471.44,2471.44,0.0,0.0,0.0035
1788249600,2447.09,232403.09299999924,2356077.207,2471.44,2447.09,2447.09,0.0,0.0,0.0035
1788253200,2451.1,114176.92499999992,2362826.934,2447.09,2451.1,2451.1,0.0,0.0,0.0035
1788256800,2455.78,90403.20099999958,2362121.122,2451.1,2455.78,2455.78,0.0,0.0,0.0035
1788260400,2457.87,77639.82900000004,2362401.815,2455.78,2457.87,2457.87,0.0,0.0,0.0035
1788264000,2445.22,163104.9369999997,2352183.469,2457.87,2445.22,2445.22,0.0,0.0,0.0035
1788267600,2442.99,321830.20900000096,2352252.858,2445.22,2442.99,2442.99,0.0,0.0,0.0035
1788271200,2448.24,244742.2690000003,2335531.217,2442.99,2448.24,2448.24,0.0,0.0,0.0035
1788274800,2447.9,166681.27199999965,2334542.359,2448.24,2447.9,2447.9,0.0,0.0,0.0035
1788278400,2431.68,259534.6519999996,2342839.069,2447.9,2431.68,2431.68,0.0,0.0,0.0035
1788282000,2417.3,172925.30999999994,2331645.808,2431.68,2417.3,2417.3,0.0,0.0,0.0035
1788285600,2411.8,532320.9769999993,2325289.737,2417.3,2411.8,2411.8,0.0,0.0,0.0035
1788289200,2417.99,175411.71400000036,2335466.856,2411.8,2417.99,2417.99,0.0,0.0,0.0035
1788292800,2420.23,74315.6069999999,2339014.827,2417.99,2420.23,2420.23,0.0,0.0,0.0035
1788296400,2414.27,144971.6759999998,2328995.915,2420.23,2414.27,2414.27,0.0,0.0,0.0035
1788300000,2411.85,80565.0489999994,2328938.356,2414.27,2411.85,2411.85,0.0,0.0,0.0035
1788303600,2417.46,98480.46399999985,2328703.327,2411.85,2417.46,2417.46,0.0,0.0,0.0035
1788307200,2407.68,99141.88099999972,2332832.134,2417.46,2407.68,2407.68,0.0,0.0,0.0035
1788310800,2398.01,192332.3420000001,2337303.793,2407.68,2398.01,2398.01,0.0,0.0,0.0035
1788314400,2408.96,124968.80299999968,2344005.755,2398.01,2408.96,2408.96,0.0,0.0,0.0035
1788318000,2413.34,124348.54199999984,2342449.471,2408.96,2413.34,2413.34,0.0,0.0,0.0035
1788321600,2414.15,72887.75399999949,2340505.443,2413.34,2414.15,2414.15,0.0,0.0,0.0035
1788325200,2421.31,94155.64399999991,2339619.251,2414.15,2421.31,2421.31,0.0,0.0,0.0035
1788328800,2419.55,88430.23399999965,2340878.568,2421.31,2419.55,2419.55,0.0,0.0,0.0035
1788332400,2416.65,70679.36799999999,2342615.636,2419.55,2416.65,2416.65,0.0,0.0,0.0035
1788336000,2392.11,194145.55499999935,2337723.914,2416.65,2392.11,2392.11,0.0,0.0,0.0035
1788339600,2375.43,411111.2189999983,2344902.497,2392.11,2375.43,2375.43,0.0,0.0,0.0035
1788343200,2371.5,254024.4629999993,2346740.123,2375.43,2371.5,2371.5,0.0,0.0,0.0035
1788346800,2380.58,164613.86599999928,2349792.899,2371.5,2380.58,2380.58,0.0,0.0,0.0035
1788350400,2376.55,167334.9800000002,2356136.603,2380.58,2376.55,2376.55,0.0,0.0,0.0035
1788354000,2402.3,389347.3020000013,2322805.27,2376.55,2402.3,2402.3,0.0,0.0,0.0035
1788357600,2393.39,169568.5129999996,2321868.847,2402.3,2393.39,2393.39,0.0,0.0,0.0035
1788361200,2390.15,285657.02199999936,2303478.972,2393.39,2390.15,2390.15,0.0,0.0,0.0035
1788364800,2385.27,229814.10200000025,2295520.482,2390.15,2385.27,2385.27,0.0,0.0,0.0035
1788368400,2392.58,191128.87899999984,2309934.83,2385.27,2392.58,2392.58,0.0,0.0,0.0035
1788372000,2394.05,86603.2439999998,2308952.235,2392.58,2394.05,2394.05,0.0,0.0,0.0035
1788375600,2392.15,74749.52800000011,2309645.626,2394.05,2392.15,2392.15,0.0,0.0,0.0035
1788379200,2392.65,68801.27699999974,2308796.622,2392.15,2392.65,2392.65,0.0,0.0,0.0035
1788382800,2389.18,28312.044999999795,2304919.318,2392.65,2389.18,2389.18,0.0,0.0,0.0035
1788386400,2378.79,73414.75999999979,2305329.12,2389.18,2378.79,2378.79,0.0,0.0,0.0035
1788390000,2390.91,51937.62199999971,2310293.963,2378.79,2390.91,2390.91,0.0,0.0,0.0035
1788393600,2378.66,84625.60700000024,2317124.69,2390.91,2378.66,2378.66,0.0,0.0,0.0035
1788397200,2385.72,171724.83500000063,2326282.498,2378.66,2385.72,2385.72,0.0,0.0,0.0035
1788400800,2405.0,169240.0819999998,2327061.302,2385.72,2405.0,2405.0,0.0,0.0,0.0035
1788404400,2402.39,85440.38499999957,2330782.609,2405.0,2402.39,2402.39,0.0,0.0,0.0035
1788408000,2407.55,104994.43199999956,2322123.999,2402.39,2407.55,2407.55,0.0,0.0,0.0035
1788411600,2403.87,257094.29200000048,2318050.683,2407.55,2403.87,2403.87,0.0,0.0,0.0035
1788415200,2407.33,90236.86299999995,2322204.876,2403.87,2407.33,2407.33,0.0,0.0,0.0035
1788418800,2397.33,228579.53399999996,2316183.708,2407.33,2397.33,2397.33,0.0,0.0,0.0035
1788422400,2402.65,110872.33900000015,2312033.233,2397.33,2402.65,2402.65,0.0,0.0,0.0035
1788426000,2392.65,80340.93799999979,2305983.24,2402.65,2392.65,2392.65,0.0,0.0,0.0035
1788429600,2395.74,95813.91000000012,2302745.529,2392.65,2395.74,2395.74,0.0,0.0,0.0035
1788433200,2406.12,120401.541,2302541.317,2395.74,2406.12,2406.12,0.0,0.0,0.0035
1788436800,2422.35,228266.795,2310601.532,2406.12,2422.35,2422.35,0.0,0.0,0.0035
1788440400,2428.75,260641.25499999992,2304342.982,2422.35,2428.75,2428.75,0.0,0.0,0.0035
1788444000,2488.32,601763.8099999992,2289331.948,2428.75,2488.32,2488.32,0.0,0.0,0.0035
1788447600,2515.99,574143.9799999985,2290167.627,2488.32,2515.99,2515.99,0.0,0.0,0.0035
1788451200,2493.29,298209.71900000016,2302563.349,2515.99,2493.29,2493.29,0.0,0.0,0.0035
1788454800,2499.36,122863.49099999988,2300069.457,2493.29,2499.36,2499.36,0.0,0.0,0.0035
1788458400,2511.92,129841.62799999995,2307211.767,2499.36,2511.92,2511.92,0.0,0.0,0.0035
1788462000,2517.03,241730.42600000068,2298268.88,2511.92,2517.03,2517.03,0.0,0.0,0.0035
1788465600,2503.82,105379.54500000009,2295982.033,2517.03,2503.82,2503.82,0.0,0.0,0.0035
1788469200,2510.13,149719.5149999993,2294828.073,2503.82,2510.13,2510.13,0.0,0.0,0.0035
1788472800,2495.52,140512.40999999965,2295848.536,2510.13,2495.52,2495.52,0.0,0.0,0.0035
1788476400,2506.42,106838.52199999978,2310830.933,2495.52,2506.42,2506.42,0.0,0.0,0.0035
1788480000,2500.49,164973.72800000003,2308153.133,2506.42,2500.49,2500.49,0.0,0.0,0.0035
1788483600,2505.88,90827.60600000032,2304486.171,2500.49,2505.88,2505.88,0.0,0.0,0.0035
1788487200,2506.99,58620.44500000007,2314008.491,2505.88,2506.99,2506.99,0.0,0.0,0.0035
1788490800,2503.73,105985.29399999954,2328913.76,2506.99,2503.73,2503.73,0.0,0.0,0.0035
1788494400,2508.48,205251.71199999956,2349320.254,2503.73,2508.48,2508.48,0.0,0.0,0.0035
1788498000,2507.94,106528.03199999998,2336911.802,2508.48,2507.94,2507.94,0.0,0.0,0.0035
1788501600,2506.65,138404.89500000002,2327467.908,2507.94,2506.65,2506.65,0.0,0.0,0.0035
1788505200,2503.53,115995.06899999996,2332611.131,2506.65,2503.53,2503.53,0.0,0.0,0.0035
1788508800,2526.43,307194.51400000026,2338746.413,2503.53,2526.43,2526.43,0.0,0.0,0.0035
1788512400,2520.0,328613.6429999987,2326688.071,2526.43,2520.0,2520.0,0.0,0.0,0.0035
1788516000,2525.0,100606.3429999996,2323746.197,2520.0,2525.0,2525.0,0.0,0.0,0.0035
1788519600,2521.89,68574.62300000007,2318018.843,2525.0,2521.89,2521.89,0.0,0.0,0.0035
1788523200,2450.12,1026986.9300000012,2279351.027,2521.89,2450.12,2450.12,0.0,0.0,0.0035
1788526800,2451.02,383836.6390000008,2272693.811,2450.12,2451.02,2451.02,0.0,0.0,0.0035
1788530400,2438.84,236673.07699999923,2265912.664,2451.02,2438.84,2438.84,0.0,0.0,0.0035
1788534000,2450.95,140772.9910000003,2267826.017,2438.84,2450.95,2450.95,0.0,0.0,0.0035
1788537600,2459.15,128201.3680000001,2276545.16,2450.95,2459.15,2459.15,0.0,0.0,0.0035
1788541200,2444.07,97918.60299999962,2268282.492,2459.15,2444.07,2444.07,0.0,0.0,0.0035
1788544800,2449.47,50985.397999999564,2264853.702,2444.07,2449.47,2449.47,0.0,0.0,0.0035
1788548400,2454.67,60461.05399999962,2260706.429,2449.47,2454.67,2454.67,0.0,0.0,0.0035
1788552000,2450.15,43397.82099999969,2255896.248,2454.67,2450.15,2450.15,0.0,0.0,0.0035
1788555600,2450.7,38723.75899999975,2251705.813,2450.15,2450.7,2450.7,0.0,0.0,0.0035
1788559200,2449.99,24806.80399999992,2251283.216,2450.7,2449.99,2449.99,0.0,0.0,0.0035
1788562800,2454.57,22578.528999999893,2251287.294,2449.99,2454.57,2454.57,0.0,0.0,0.0035
1788566400,2450.95,27727.027999999875,2253320.666,2454.57,2450.95,2450.95,0.0,0.0,0.0035
1788570000,2450.71,30399.186999999776,2252778.739,2450.95,2450.71,2450.71,0.0,0.0,0.0035
1788573600,2452.27,23171.289999999757,2253816.108,2450.71,2452.27,2452.27,0.0,0.0,0.0035
1788577200,2451.57,27308.045999999773,2252605.344,2452.27,2451.57,2451.57,0.0,0.0,0.0035
1788580800,2448.01,31795.86499999975,2253850.3,2451.57,2448.01,2448.01,0.0,0.0,0.0035
1788584400,2450.04,47955.88599999956,2252562.452,2448.01,2450.04,2450.04,0.0,0.0,0.0035
1788588000,2452.47,26825.40699999993,2256238.67,2450.04,2452.47,2452.47,0.0,0.0,0.0035
1788591600,2456.23,51772.57800000009,2259319.141,2452.47,2456.23,2456.23,0.0,0.0,0.0035
1788595200,2455.64,32414.23599999961,2258105.979,2456.23,2455.64,2455.64,0.0,0.0,0.0035
1788598800,2457.56,40293.379999999735,2258830.492,2455.64,2457.56,2457.56,0.0,0.0,0.0035
1788602400,2453.11,34627.10399999978,2261987.971,2457.56,2453.11,2453.11,0.0,0.0,0.0035
1788606000,2452.6,28989.95599999979,2259997.831,2453.11,2452.6,2452.6,0.0,0.0,0.0035
1788609600,2457.71,57541.77699999982,2259231.948,2452.6,2457.71,2457.71,0.0,0.0,0.0035
1788613200,2452.91,85497.5899999997,2263976.461,2457.71,2452.91,2452.91,0.0,0.0,0.0035
1788616800,2456.11,28500.50699999972,2263018.367,2452.91,2456.11,2456.11,0.0,0.0,0.0035
1788620400,2458.65,36523.57399999968,2264210.27,2456.11,2458.65,2458.65,0.0,0.0,0.0035
1788624000,2470.06,146929.58000000028,2269474.033,2458.65,2470.06,2470.06,0.0,0.0,0.0035
1788627600,2480.13,183190.2079999997,2273949.278,2470.06,2480.13,2480.13,0.0,0.0,0.0035
1788631200,2479.49,50362.93399999975,2273530.339,2480.13,2479.49,2479.49,0.0,0.0,0.0035
1788634800,2476.54,82749.59700000005,2280593.017,2479.49,2476.54,2476.54,0.0,0.0,0.0035
1788638400,2476.49,66971.55799999987,2285508.439,2476.54,2476.49,2476.49,0.0,0.0,0.0035
1788642000,2487.97,62240.32900000002,2287870.758,2476.49,2487.97,2487.97,0.0,0.0,0.0035
1788645600,2479.93,57519.28999999992,2289197.752,2487.97,2479.93,2479.93,0.0,0.0,0.0035
1788649200,2479.17,47628.45199999986,2288132.165,2479.93,2479.17,2479.17,0.0,0.0,0.0035
1788652800,2489.03,54688.148999999845,2294349.776,2479.17,2489.03,2489.03,0.0,0.0,0.0035
1788656400,2504.67,163055.34600000049,2297173.917,2489.03,2504.67,2504.67,0.0,0.0,0.0035
1788660000,2502.32,99887.56299999992,2302642.683,2504.67,2502.32,2502.32,0.0,0.0,0.0035
1788663600,2508.57,103404.02099999972,2302628.319,2502.32,2508.57,2508.57,0.0,0.0,0.0035
1788667200,2503.24,63489.25599999995,2302000.952,2508.57,2503.24,2503.24,0.0,0.0,0.0035
1788670800,2512.43,154785.4250000006,2318505.181,2503.24,2512.43,2512.43,0.0,0.0,0.0035
1788674400,2504.63,71077.9169999995,2317189.558,2512.43,2504.63,2504.63,0.0,0.0,0.0035
1788678000,2495.61,200703.33299999996,2298629.498,2504.63,2495.61,2495.61,0.0,0.0,0.0035
1788681600,2494.37,57136.750999999895,2297946.255,2495.61,2494.37,2494.37,0.0,0.0,0.0035
1788685200,2497.99,76961.23799999969,2301231.425,2494.37,2497.99,2497.99,0.0,0.0,0.0035
1788688800,2500.52,47501.42599999951,2306572.993,2497.99,2500.52,2500.52,0.0,0.0,0.0035
1788692400,2500.62,44366.5779999999,2308002.766,2500.52,2500.62,2500.62,0.0,0.0,0.0035
1788696000,2499.45,53153.187,2310623.535,2500.62,2499.45,2499.45,0.0,0.0,0.0035
1788699600,2493.61,127780.99800000008,2306430.894,2499.45,2493.61,2493.61,0.0,0.0,0.0035
1788703200,2477.18,309848.6829999992,2297164.737,2493.61,2477.18,2477.18,0.0,0.0,0.0035
1788706800,2478.43,91663.41999999956,2295465.756,2477.18,2478.43,2478.43,0.0,0.0,0.0035
1788710400,2483.33,70660.8339999998,2294513.109,2478.43,2483.33,2483.33,0.0,0.0,0.0035
1788714000,2490.16,90377.5269999994,2291288.866,2483.33,2490.16,2490.16,0.0,0.0,0.0035
1788717600,2493.14,59033.07400000002,2289061.237,2490.16,2493.14,2493.14,0.0,0.0,0.0035
1788721200,2489.64,32067.82999999984,2288141.04,2493.14,2489.64,2489.64,0.0,0.0,0.0035
1788724800,2498.52,55326.66099999981,2286924.546,2489.64,2498.52,2498.52,0.0,0.0,0.0035
1788728400,2507.2,120908.75400000012,2279348.349,2498.52,2507.2,2507.2,0.0,0.0,0.0035
1788732000,2506.97,110579.11199999976,2278313.531,2507.2,2506.97,2506.97,0.0,0.0,0.0035
1788735600,2513.47,166265.72699999966,2291880.624,2506.97,2513.47,2513.47,0.0,0.0,0.0035
1788739200,2512.0,99439.2149999996,2293186.326,2513.47,2512.0,2512.0,0.0,0.0,0.0035
1788742800,2502.83,102684.89700000008,2291863.706,2512.0,2502.83,2502.83,0.0,0.0,0.0035
1788746400,2510.81,222855.392,2296357.425,2502.83,2510.81,2510.81,0.0,0.0,0.0035
1788750000,2496.01,154986.35199999952,2288755.905,2510.81,2496.01,2496.01,0.0,0.0,0.0035
1788753600,2496.83,88114.12300000005,2288988.466,2496.01,2496.83,2496.83,0.0,0.0,0.0035
1788757200,2503.42,109856.233,2292920.596,2496.83,2503.42,2503.42,0.0,0.0,0.0035
1788760800,2496.86,58184.71499999993,2292759.513,2503.42,2496.86,2496.86,0.0,0.0,0.0035
1788764400,2488.0,218109.73499999952,2287075.04,2496.86,2488.0,2488.0,0.0,0.0,0.0035
1788768000,2490.15,75163.73299999969,2292816.676,2488.0,2490.15,2490.15,0.0,0.0,0.0035
1788771600,2483.38,89538.08399999983,2301346.317,2490.15,2483.38,2483.38,0.0,0.0,0.0035
1788775200,2487.76,63856.5909999997,2299686.486,2483.38,2487.76,2487.76,0.0,0.0,0.0035
1788778800,2487.97,52537.195,2299655.848,2487.76,2487.97,2487.97,0.0,0.0,0.0035
1788782400,2504.38,89356.91999999985,2302314.56,2487.97,2504.38,2504.38,0.0,0.0,0.0035
1788786000,2497.86,129959.88499999997,2296849.632,2504.38,2497.86,2497.86,0.0,0.0,0.0035
1788789600,2489.08,220252.90899999937,2297806.2,2497.86,2489.08,2489.08,0.0,0.0,0.0035
1788793200,2468.99,222311.8469999997,2297821.932,2489.08,2468.99,2468.99,0.0,0.0,0.0035
1788796800,2481.76,107500.30799999984,2295450.666,2468.99,2481.76,2481.76,0.0,0.0,0.0035
1788800400,2494.31,114622.71299999984,2289056.854,2481.76,2494.31,2494.31,0.0,0.0,0.0035
1788804000,2490.69,89849.75199999972,2303519.65,2494.31,2490.69,2490.69,0.0,0.0,0.0035
1788807600,2494.68,35379.33599999988,2301659.934,2490.69,2494.68,2494.68,0.0,0.0,0.0035
1788811200,2494.15,54144.7239999996,2294948.512,2494.68,2494.15,2494.15,0.0,0.0,0.0035
1788814800,2490.08,35459.27799999956,2289335.652,2494.15,2490.08,2490.08,0.0,0.0,0.0035
1788818400,2481.69,97955.66599999963,2285994.571,2490.08,2481.69,2481.69,0.0,0.0,0.0035
1788822000,2488.92,58432.186999999954,2283255.941,2481.69,2488.92,2488.92,0.0,0.0,0.0035
1788825600,2494.49,92816.68699999953,2294061.799,2488.92,2494.49,2494.49,0.0,0.0,0.0035
1788829200,2503.33,82255.24200000027,2301757.78,2494.49,2503.33,2503.33,0.0,0.0,0.0035
1788832800,2483.43,107501.00799999957,2307056.586,2503.33,2483.43,2483.43,0.0,0.0,0.0035
1788836400,2484.91,103622.94500000017,2302093.607,2483.43,2484.91,2484.91,0.0,0.0,0.0035
1788840000,2477.81,59271.4709999999,2302556.031,2484.91,2477.81,2477.81,0.0,0.0,0.0035
1788843600,2472.23,128898.8839999996,2304426.853,2477.81,2472.23,2472.23,0.0,0.0,0.0035
1788847200,2467.28,163451.54199999975,2307273.054,2472.23,2467.28,2467.28,0.0,0.0,0.0035
1788850800,2478.32,120863.8719999999,2310043.734,2467.28,2478.32,2478.32,0.0,0.0,0.0035
1788854400,2476.76,100781.18499999966,2310828.803,2478.32,2476.76,2476.76,0.0,0.0,0.0035
1788858000,2490.82,168094.74299999973,2316052.14,2476.76,2490.82,2490.82,0.0,0.0,0.0035
1788861600,2480.13,136250.007,2312275.907,2490.82,2480.13,2480.13,0.0,0.0,0.0035
1788865200,2473.35,112965.93999999957,2314813.053,2480.13,2473.35,2473.35,0.0,0.0,0.0035
1788868800,2471.72,97399.20199999971,2323364.893,2473.35,2471.72,2471.72,0.0,0.0,0.0035
1788872400,2458.37,438649.0540000005,2341990.144,2471.72,2458.37,2458.37,0.0,0.0,0.0035
1788876000,2484.82,366237.8759999995,2313478.332,2458.37,2484.82,2484.82,0.0,0.0,0.0035
1788879600,2497.77,257437.6870000008,2300634.045,2484.82,2497.77,2497.77,0.0,0.0,0.0035
1788883200,2495.73,178166.271,2292577.536,2497.77,2495.73,2495.73,0.0,0.0,0.0035
1788886800,2487.3,104309.86499999896,2288488.834,2495.73,2487.3,2487.3,0.0,0.0,0.0035
1788890400,2485.68,234418.1969999997,2277343.952,2487.3,2485.68,2485.68,0.0,0.0,0.0035
1788894000,2480.99,120938.91599999764,2264770.76,2485.68,2480.99,2480.99,0.0,0.0,0.0035
1788897600,2481.95,58948.18299999977,2259280.522,2480.99,2481.95,2481.95,0.0,0.0,0.0035
1788901200,2481.91,47768.03999999914,2254025.928,2481.95,2481.91,2481.91,0.0,0.0,0.0035
1788904800,2488.07,40553.48299999916,2252664.412,2481.91,2488.07,2488.07,0.0,0.0,0.0035
1788908400,2483.87,35689.552999999694,2253528.301,2488.07,2483.87,2483.87,0.0,0.0,0.0035
1788912000,2495.54,53364.28599999964,2262604.333,2483.87,2495.54,2495.54,0.0,0.0,0.0035
1788915600,2496.73,70975.60099999882,2278003.471,2495.54,2496.73,2496.73,0.0,0.0,0.0035
1788919200,2492.64,53074.81899999964,2285215.408,2496.73,2492.64,2492.64,0.0,0.0,0.0035
1788922800,2487.79,58998.58799999946,2280445.862,2492.64,2487.79,2487.79,0.0,0.0,0.0035
1788926400,2508.68,194966.931,2297392.541,2487.79,2508.68,2508.68,0.0,0.0,0.0035
1788930000,2495.45,151435.6920000005,2287975.656,2508.68,2495.45,2495.45,0.0,0.0,0.0035
1788933600,2500.05,63107.35700000065,2292850.865,2495.45,2500.05,2500.05,0.0,0.0,0.0035
1788937200,2509.49,163706.11400000018,2308417.348,2500.05,2509.49,2509.49,0.0,0.0,0.0035
1788940800,2519.0,155346.54000000007,2318196.023,2509.49,2519.0,2519.0,0.0,0.0,0.0035
1788944400,2489.13,205731.29599999957,2284537.832,2519.0,2489.13,2489.13,0.0,0.0,0.0035
1788948000,2486.3,179780.21800000078,2282013.383,2489.13,2486.3,2486.3,0.0,0.0,0.0035
1788951600,2499.86,148324.4449999995,2278962.119,2486.3,2499.86,2499.86,0.0,0.0,0.0035
1788955200,2510.66,135027.7400000002,2277343.55,2499.86,2510.66,2510.66,0.0,0.0,0.0035
1788958800,2501.44,285854.5930000006,2289914.057,2510.66,2501.44,2501.44,0.0,0.0,0.0035
1788962400,2498.16,255906.7520000008,2281201.998,2501.44,2498.16,2498.16,0.0,0.0,0.0035
1788966000,2488.97,478028.2970000012,2270688.978,2498.16,2488.97,2488.97,0.0,0.0,0.0035
1788969600,2494.84,119310.24200000112,2266857.535,2488.97,2494.84,2494.84,0.0,0.0,0.0035
1788973200,2492.54,75016.55900000036,2266657.3,2494.84,2492.54,2492.54,0.0,0.0,0.0035
1788976800,2480.15,64344.173999999904,2264375.194,2492.54,2480.15,2480.15,0.0,0.0,0.0035
1788980400,2464.28,175621.5269999993,2249479.076,2480.15,2464.28,2464.28,0.0,0.0,0.0035
1788984000,2470.37,159257.66599999976,2249316.1,2464.28,2470.37,2470.37,0.0,0.0,0.0035
1788987600,2460.58,75515.58099999966,2249099.86,2470.37,2460.58,2460.58,0.0,0.0,0.0035
1788991200,2449.12,195953.9349999985,2251718.981,2460.58,2449.12,2449.12,0.0,0.0,0.0035
1788994800,2466.97,81762.23699999979,2259233.751,2449.12,2466.97,2466.97,0.0,0.0,0.0035
1788998400,2463.76,120727.81600000174,2275123.807,2466.97,2463.76,2463.76,0.0,0.0,0.0035
1789002000,2463.0,126745.54000000034,2274528.963,2463.76,2463.0,2463.0,0.0,0.0,0.0035
1789005600,2473.99,72248.33899999963,2277411.319,2463.0,2473.99,2473.99,0.0,0.0,0.0035
1789009200,2474.34,93636.32800000034,2269311.685,2473.99,2474.34,2474.34,0.0,0.0,0.0035
1789012800,2477.69,60039.01699999886,2268807.789,2474.34,2477.69,2477.69,0.0,0.0,0.0035
1789016400,2481.11,59070.031999998966,2271307.116,2477.69,2481.11,2481.11,0.0,0.0,0.0035
1789020000,2479.25,86238.44399999984,2272658.148,2481.11,2479.25,2479.25,0.0,0.0,0.0035
1789023600,2471.5,99039.09299999983,2273203.027,2479.25,2471.5,2471.5,0.0,0.0,0.0035
1789027200,2470.18,62174.76799999942,2281776.337,2471.5,2470.18,2470.18,0.0,0.0,0.0035
1789030800,2467.65,80265.40099999937,2289045.863,2470.18,2467.65,2467.65,0.0,0.0,0.0035
1789034400,2463.08,54184.36999999978,2291705.861,2467.65,2463.08,2463.08,0.0,0.0,0.0035
1789038000,2461.03,92541.07299999987,2290952.954,2463.08,2461.03,2461.03,0.0,0.0,0.0035
1789041600,2413.44,741109.7480000011,2308706.574,2461.03,2413.44,2413.44,0.0,0.0,0.0035
1789045200,2433.87,473036.6570000014,2340701.496,2413.44,2433.87,2433.87,0.0,0.0,0.0035
1789048800,2442.29,238212.11399999945,2362183.444,2433.87,2442.29,2442.29,0.0,0.0,0.0035
1789052400,2440.01,116509.56400000148,2355951.583,2442.29,2440.01,2440.01,0.0,0.0,0.0035
1789056000,2447.62,148225.20100000038,2345914.281,2440.01,2447.62,2447.62,0.0,0.0,0.0035
1789059600,2464.85,275921.50699999946,2335063.68,2447.62,2464.85,2464.85,0.0,0.0,0.0035
1789063200,2467.37,134476.75100000037,2326475.312,2464.85,2467.37,2467.37,0.0,0.0,0.0035
1789066800,2461.46,127434.69700000012,2319689.241,2467.37,2461.46,2461.46,0.0,0.0,0.0035
1789070400,2460.53,40956.956999998656,2317338.535,2461.46,2460.53,2460.53,0.0,0.0,0.0035
1789074000,2459.27,36915.54499999992,2308071.551,2460.53,2459.27,2459.27,0.0,0.0,0.0035
1789077600,2443.84,88149.36100000012,2304659.363,2459.27,2443.84,2443.84,0.0,0.0,0.0035
1789081200,2437.04,126668.05799999992,2316866.359,2443.84,2437.04,2437.04,0.0,0.0,0.0035
1789084800,2455.46,128101.35699999992,2318241.097,2437.04,2455.46,2455.46,0.0,0.0,0.0035
1789088400,2453.25,89350.68099999934,2323558.848,2455.46,2453.25,2453.25,0.0,0.0,0.0035
1789092000,2445.86,63623.14900000013,2321340.067,2453.25,2445.86,2445.86,0.0,0.0,0.0035
1789095600,2446.2,63558.89499999955,2317540.71,2445.86,2446.2,2446.2,0.0,0.0,0.0035
1789099200,2457.96,128126.19600000043,2317444.073,2446.2,2457.96,2457.96,0.0,0.0,0.0035
1789102800,2467.78,71494.58599999972,2318377.331,2457.96,2467.78,2467.78,0.0,0.0,0.0035
1789106400,2465.9,87999.29299999952,2318916.025,2467.78,2465.9,2465.9,0.0,0.0,0.0035
1789110000,2466.51,70878.70899999993,2320430.96,2465.9,2466.51,2466.51,0.0,0.0,0.0035
1789113600,2475.8,139589.40099999955,2321787.412,2466.51,2475.8,2475.8,0.0,0.0,0.0035
1789117200,2468.39,91422.7079999996,2315016.798,2475.8,2468.39,2468.39,0.0,0.0,0.0035
1789120800,2461.09,55283.23599999948,2314394.83,2468.39,2461.09,2461.09,0.0,0.0,0.0035
1789124400,2457.19,117448.85400000044,2305373.824,2461.09,2457.19,2457.19,0.0,0.0,0.0035
1789128000,2509.74,1047249.518000002,2333723.864,2457.19,2509.74,2509.74,0.0,0.0,0.0035
1789131600,2628.21,1201033.5950000014,2362459.757,2509.74,2628.21,2628.21,0.0,0.0,0.0035
1789135200,2606.52,945424.2120000024,2444438.826,2628.21,2606.52,2606.52,0.0,0.0,0.0035
1789138800,2558.01,535212.7430000004,2401136.346,2606.52,2558.01,2558.01,0.0,0.0,0.0035
1789142400,2576.38,445803.0829999999,2393420.329,2558.01,2576.38,2576.38,0.0,0.0,0.0035
1789146000,2565.31,125368.7160000006,2395286.021,2576.38,2565.31,2565.31,0.0,0.0,0.0035
1789149600,2536.23,365168.6099999985,2357486.724,2565.31,2536.23,2536.23,0.0,0.0,0.0035
1789153200,2538.3,122447.246999999,2348367.928,2536.23,2538.3,2538.3,0.0,0.0,0.0035
1789156800,2529.4,143455.34499999922,2339421.554,2538.3,2529.4,2529.4,0.0,0.0,0.0035
1789160400,2515.07,95626.33200000045,2333149.427,2529.4,2515.07,2515.07,0.0,0.0,0.0035
1789164000,2510.64,168536.4990000008,2326828.191,2515.07,2510.64,2510.64,0.0,0.0,0.0035
1789167600,2515.47,65876.50799999964,2324641.631,2510.64,2515.47,2515.47,0.0,0.0,0.0035
1789171200,2509.5,69899.20199999958,2322666.692,2515.47,2509.5,2509.5,0.0,0.0,0.0035
1789174800,2512.46,58979.89100000015,2323539.212,2509.5,2512.46,2512.46,0.0,0.0,0.0035
1789178400,2513.11,40047.128000000055,2325124.892,2512.46,2513.11,2513.11,0.0,0.0,0.0035
1789182000,2511.98,48504.77100000015,2322506.743,2513.11,2511.98,2511.98,0.0,0.0,0.0035
1789185600,2511.5,34187.31200000019,2323901.656,2511.98,2511.5,2511.5,0.0,0.0,0.0035
1789189200,2510.61,46644.53199999883,2322677.306,2511.5,2510.61,2510.61,0.0,0.0,0.0035
1789192800,2518.21,74779.7659999998,2328205.799,2510.61,2518.21,2518.21,0.0,0.0,0.0035
1789196400,2522.99,51798.96000000029,2329946.934,2518.21,2522.99,2522.99,0.0,0.0,0.0035
1789200000,2532.29,106567.75400000002,2334860.634,2522.99,2532.29,2532.29,0.0,0.0,0.0035
1789203600,2529.99,79943.03399999981,2331073.767,2532.29,2529.99,2529.99,0.0,0.0,0.0035
1789207200,2532.52,33671.20999999996,2331099.847,2529.99,2532.52,2532.52,0.0,0.0,0.0035
1789210800,2535.21,36678.388999999945,2330425.091,2532.52,2535.21,2535.21,0.0,0.0,0.0035
1789214400,2534.39,40293.21199999969,2334855.22,2535.21,2534.39,2534.39,0.0,0.0,0.0035
1789218000,2543.62,131545.96599999978,2336093.139,2534.39,2543.62,2543.62,0.0,0.0,0.0035
1789221600,2538.99,54947.52999999978,2336608.087,2543.62,2538.99,2538.99,0.0,0.0,0.0035
1789225200,2534.0,92460.14999999988,2331692.707,2538.99,2534.0,2534.0,0.0,0.0,0.0035
1789228800,2530.69,48392.95599999979,2331519.816,2534.0,2530.69,2530.69,0.0,0.0,0.0035
1789232400,2524.93,66340.84400000054,2330603.788,2530.69,2524.93,2524.93,0.0,0.0,0.0035
1789236000,2521.58,71536.1050000002,2328741.094,2524.93,2521.58,2521.58,0.0,0.0,0.0035
1789239600,2518.15,69482.7119999999,2327125.377,2521.58,2518.15,2518.15,0.0,0.0,0.0035
1789243200,2519.44,42668.40699999978,2322355.669,2518.15,2519.44,2519.44,0.0,0.0,0.0035
1789246800,2523.01,41509.81699999928,2318507.113,2519.44,2523.01,2523.01,0.0,0.0,0.0035
1789250400,2521.78,31901.20199999989,2321383.954,2523.01,2521.78,2521.78,0.0,0.0,0.0035
1789254000,2524.76,18990.19500000006,2321267.427,2521.78,2524.76,2524.76,0.0,0.0,0.0035
1789257600,2524.22,19240.990000000005,2321274.372,2524.76,2524.22,2524.22,0.0,0.0,0.0035
1789261200,2524.81,37005.83600000002,2323169.324,2524.22,2524.81,2524.81,0.0,0.0,0.0035
1789264800,2520.48,30141.92899999991,2322289.825,2524.81,2520.48,2520.48,0.0,0.0,0.0035
1789268400,2519.76,36088.10799999995,2321729.377,2520.48,2519.76,2519.76,0.0,0.0,0.0035
1789272000,2519.23,28174.12999999985,2322901.656,2519.76,2519.23,2519.23,0.0,0.0,0.0035
1789275600,2521.59,20975.9129999998,2325454.567,2519.23,2521.59,2521.59,0.0,0.0,0.0035
1789279200,2511.73,70752.59899999989,2321955.407,2521.59,2511.73,2511.73,0.0,0.0,0.0035
1789282800,2516.62,65640.10300000015,2325986.442,2511.73,2516.62,2516.62,0.0,0.0,0.0035
1789286400,2493.25,231626.0480000003,2320984.654,2516.62,2493.25,2493.25,0.0,0.0,0.0035
1789290000,2483.69,304321.6390000009,2312153.512,2493.25,2483.69,2483.69,0.0,0.0,0.0035
1789293600,2471.09,122884.57199999968,2314505.728,2483.69,2471.09,2471.09,0.0,0.0,0.0035
1789297200,2480.13,100266.77100000004,2323106.775,2471.09,2480.13,2480.13,0.0,0.0,0.0035
1789300800,2476.21,75081.45099999965,2330205.279,2480.13,2476.21,2476.21,0.0,0.0,0.0035
1789304400,2477.84,187166.7230000007,2339395.712,2476.21,2477.84,2477.84,0.0,0.0,0.0035
1789308000,2491.3,164909.25300000023,2353971.621,2477.84,2491.3,2491.3,0.0,0.0,0.0035
1789311600,2489.55,79270.46900000134,2346506.128,2491.3,2489.55,2489.55,0.0,0.0,0.0035
1789315200,2503.44,122156.25900000114,2349923.467,2489.55,2503.44,2503.44,0.0,0.0,0.0035
1789318800,2503.99,78403.70800000119,2343662.392,2503.44,2503.99,2503.99,0.0,0.0,0.0035
1789322400,2508.35,32970.67499999948,2342215.049,2503.99,2508.35,2508.35,0.0,0.0,0.0035
1789326000,2505.09,78297.83800000098,2332791.604,2508.35,2505.09,2505.09,0.0,0.0,0.0035
1789329600,2511.98,35228.64099999993,2331966.2,2505.09,2511.98,2511.98,0.0,0.0,0.0035
1789333200,2507.94,39114.78899999823,2329771.337,2511.98,2507.94,2507.94,0.0,0.0,0.0035
1789336800,2474.41,280375.4449999989,2323306.159,2507.94,2474.41,2474.41,0.0,0.0,0.0035
1789340400,2475.48,97519.1230000001,2328559.48,2474.41,2475.48,2475.48,0.0,0.0,0.0035
1789344000,2483.28,201885.94399999955,2318665.625,2475.48,2483.28,2483.28,0.0,0.0,0.0035
1789347600,2492.22,124216.7869999999,2321251.462,2483.28,2492.22,2492.22,0.0,0.0,0.0035
1789351200,2510.0,206413.4460000006,2319172.658,2492.22,2510.0,2510.0,0.0,0.0,0.0035
1789354800,2511.98,144318.35799999975,2324160.865,2510.0,2511.98,2511.98,0.0,0.0,0.0035
1789358400,2513.72,69009.23700000011,2325094.802,2511.98,2513.72,2513.72,0.0,0.0,0.0035
1789362000,2515.48,56163.51400000008,2329543.417,2513.72,2515.48,2515.48,0.0,0.0,0.0035
1789365600,2513.41,156634.25300000008,2333453.23,2515.48,2513.41,2513.41,0.0,0.0,0.0035
1789369200,2521.97,76289.24199999934,2339784.78,2513.41,2521.97,2521.97,0.0,0.0,0.0035
1789372800,2517.67,157211.77399999977,2344595.876,2521.97,2517.67,2517.67,0.0,0.0,0.0035
1789376400,2522.82,187417.83200000032,2349378.238,2517.67,2522.82,2522.82,0.0,0.0,0.0035
1789380000,2512.25,75985.18899999965,2346977.233,2522.82,2512.25,2512.25,0.0,0.0,0.0035
1789383600,2508.4,88546.71100000005,2348539.849,2512.25,2508.4,2508.4,0.0,0.0,0.0035
1789387200,2504.49,123335.50499999968,2341451.263,2508.4,2504.49,2504.49,0.0,0.0,0.0035
1789390800,2499.52,418692.0060000007,2338443.989,2504.49,2499.52,2499.52,0.0,0.0,0.0035
1789394400,2500.38,300768.9769999997,2348882.001,2499.52,2500.38,2500.38,0.0,0.0,0.0035
1789398000,2507.28,184526.6430000016,2339904.359,2500.38,2507.28,2507.28,0.0,0.0,0.0035
1789401600,2528.14,290107.30400000146,2348489.428,2507.28,2528.14,2528.14,0.0,0.0,0.0035
1789405200,2532.44,119558.2799999998,2342082.643,2528.14,2532.44,2532.44,0.0,0.0,0.0035
1789408800,2537.48,167913.86700000067,2345796.386,2532.44,2537.48,2537.48,0.0,0.0,0.0035
1789412400,2538.48,158562.99799999993,2352068.351,2537.48,2538.48,2538.48,0.0,0.0,0.0035
1789416000,2569.67,633260.1569999992,2347627.697,2538.48,2569.67,2569.67,0.0,0.0,0.0035
1789419600,2545.54,310351.4620000018,2326804.284,2569.67,2545.54,2545.54,0.0,0.0,0.0035
1789423200,2532.2,152411.9090000002,2326164.815,2545.54,2532.2,2532.2,0.0,0.0,0.0035
1789426800,2513.93,144473.63699999955,2320123.49,2532.2,2513.93,2513.93,0.0,0.0,0.0035
1789430400,2514.7,137453.40600000016,2315441.6,2513.93,2514.7,2514.7,0.0,0.0,0.0035
1789434000,2514.11,121865.33000000042,2314765.981,2514.7,2514.11,2514.11,0.0,0.0,0.0035
1789437600,2511.01,67733.43099999994,2321557.082,2514.11,2511.01,2511.01,0.0,0.0,0.0035
1789441200,2497.64,146645.69900000104,2323540.134,2511.01,2497.64,2497.64,0.0,0.0,0.0035
1789444800,2489.43,127017.71800000024,2330049.998,2497.64,2489.43,2489.43,0.0,0.0,0.0035
1789448400,2495.0,199915.06000000177,2333519.885,2489.43,2495.0,2495.0,0.0,0.0,0.0035
1789452000,2484.63,119010.04800000056,2332451.238,2495.0,2484.63,2484.63,0.0,0.0,0.0035
1789455600,2472.77,179108.16600000046,2334662.609,2484.63,2472.77,2472.77,0.0,0.0,0.0035
1789459200,2475.77,156224.28599999982,2344407.71,2472.77,2475.77,2475.77,0.0,0.0,0.0035
1789462800,2472.87,93075.37099999956,2349286.125,2475.77,2472.87,2472.87,0.0,0.0,0.0035
1789466400,2482.24,121057.5139999994,2353720.252,2472.87,2482.24,2482.24,0.0,0.0,0.0035
1789470000,2475.15,100362.67399999988,2349607.956,2482.24,2475.15,2475.15,0.0,0.0,0.0035
1789473600,2477.88,91652.65499999994,2349063.151,2475.15,2477.88,2477.88,0.0,0.0,0.0035
1789477200,2452.58,536698.3939999989,2326430.61,2477.88,2452.58,2452.58,0.0,0.0,0.0035
1789480800,2406.73,719398.9059999993,2329125.114,2452.58,2406.73,2406.73,0.0,0.0,0.0035
1789484400,2423.27,354912.646999999,2352320.033,2406.73,2423.27,2423.27,0.0,0.0,0.0035
1789488000,2421.14,162634.89299999998,2342226.707,2423.27,2421.14,2421.14,0.0,0.0,0.0035
1789491600,2439.91,304189.0219999992,2333829.42,2421.14,2439.91,2439.91,0.0,0.0,0.0035
1789495200,2401.7,1242345.333000003,2303448.072,2439.91,2401.7,2401.7,0.0,0.0,0.0035
1789498800,2415.49,300463.52599999856,2315158.773,2401.7,2415.49,2415.49,0.0,0.0,0.0035
1789502400,2407.0,171343.50699999963,2309218.081,2415.49,2407.0,2407.0,0.0,0.0,0.0035
1789506000,2389.24,110775.27500000004,2309184.368,2407.0,2389.24,2389.24,0.0,0.0,0.0035
1789509600,2395.77,172266.53000000014,2318368.054,2389.24,2395.77,2395.77,0.0,0.0,0.0035
1789513200,2397.15,144463.3709999995,2316647.748,2395.77,2397.15,2397.15,0.0,0.0,0.0035
1789516800,2397.64,76909.57599999981,2319014.39,2397.15,2397.64,2397.64,0.0,0.0,0.0035
1789520400,2389.65,97626.55399999973,2322944.215,2397.64,2389.65,2389.65,0.0,0.0,0.0035
1789524000,2401.81,95824.52399999936,2327146.418,2389.65,2401.81,2401.81,0.0,0.0,0.0035
1789527600,2400.77,67939.4299999998,2329096.149,2401.81,2400.77,2400.77,0.0,0.0,0.0035
1789531200,2402.5,74391.71299999983,2333819.632,2400.77,2402.5,2402.5,0.0,0.0,0.0035
1789534800,2406.12,105280.4899999996,2338676.358,2402.5,2406.12,2406.12,0.0,0.0,0.0035
1789538400,2405.54,82925.4209999999,2336678.526,2406.12,2405.54,2405.54,0.0,0.0,0.0035
1789542000,2395.53,131407.43400000018,2334864.41,2405.54,2395.53,2395.53,0.0,0.0,0.0035
1789545600,2401.7,179323.9340000009,2336866.669,2395.53,2401.7,2401.7,0.0,0.0,0.0035
1789549200,2404.73,85676.33199999969,2328167.687,2401.7,2404.73,2404.73,0.0,0.0,0.0035
1789552800,2405.42,58884.29799999954,2326568.423,2404.73,2405.42,2405.42,0.0,0.0,0.0035
1789556400,2421.33,211118.0039999992,2326149.643,2405.42,2421.33,2421.33,0.0,0.0,0.0035
1789560000,2405.66,154142.75699999987,2322337.804,2421.33,2405.66,2405.66,0.0,0.0,0.0035
1789563600,2393.0,225261.233999999,2324120.193,2405.66,2393.0,2393.0,0.0,0.0,0.0035
1789567200,2389.47,276211.9300000013,2322922.627,2393.0,2389.47,2389.47,0.0,0.0,0.0035
1789570800,2391.66,165513.21800000087,2330357.323,2389.47,2391.66,2391.66,0.0,0.0,0.0035
1789574400,2390.71,98467.92700000032,2322477.555,2391.66,2390.71,2390.71,0.0,0.0,0.0035
1789578000,2389.49,256146.822,2306266.369,2390.71,2389.49,2389.49,0.0,0.0,0.0035
1789581600,2397.23,1164348.2969999935,2304057.79,2389.49,2397.23,2397.23,0.0,0.0,0.0035
1789585200,2407.4,377817.8449999996,2306484.923,2397.23,2407.4,2407.4,0.0,0.0,0.0035
1789588800,2410.03,132047.47399999984,2303710.984,2407.4,2410.03,2410.03,0.0,0.0,0.0035
1789592400,2403.61,41081.022999999725,2298454.895,2410.03,2403.61,2403.61,0.0,0.0,0.0035
1789596000,2391.22,117648.40500000052,2303649.675,2403.61,2391.22,2391.22,0.0,0.0,0.0035
1789599600,2417.49,159029.37200000067,2309366.778,2391.22,2417.49,2417.49,0.0,0.0,0.0035
1789603200,2417.58,110198.8820000008,2310949.32,2417.49,2417.58,2417.58,0.0,0.0,0.0035
1789606800,2426.53,194402.85500000016,2310871.491,2417.58,2426.53,2426.53,0.0,0.0,0.0035
1789610400,2427.87,114807.90999999957,2310129.134,2426.53,2427.87,2427.87,0.0,0.0,0.0035
1789614000,2434.77,68693.74699999964,2317579.801,2427.87,2434.77,2434.77,0.0,0.0,0.0035
1789617600,2441.0,83501.27199999998,2317718.918,2434.77,2441.0,2441.0,0.0,0.0,0.0035
1789621200,2435.98,77847.16699999964,2316600.467,2441.0,2435.98,2435.98,0.0,0.0,0.0035
1789624800,2440.37,54462.53099999973,2318480.567,2435.98,2440.37,2440.37,0.0,0.0,0.0035
1789628400,2443.38,139290.03800000047,2317529.263,2440.37,2443.38,2443.38,0.0,0.0,0.0035
1789632000,2444.49,96739.10199999883,2313216.415,2443.38,2444.49,2444.49,0.0,0.0,0.0035
1789635600,2437.24,75895.91699999965,2314405.806,2444.49,2437.24,2437.24,0.0,0.0,0.0035
1789639200,2434.37,81815.5989999999,2308496.426,2437.24,2434.37,2434.37,0.0,0.0,0.0035
1789642800,2441.39,78491.61799999973,2309207.852,2434.37,2441.39,2441.39,0.0,0.0,0.0035
1789646400,2458.83,385977.5499999983,2320632.646,2441.39,2458.83,2458.83,0.0,0.0,0.0035
1789650000,2461.26,285625.58599999984,2312852.632,2458.83,2461.26,2461.26,0.0,0.0,0.0035
1789653600,2460.5,366701.9800000007,2315195.805,2461.26,2460.5,2460.5,0.0,0.0,0.0035
1789657200,2469.46,217781.5550000003,2317869.402,2460.5,2469.46,2469.46,0.0,0.0,0.0035
1789660800,2469.59,135249.48399999918,2309988.043,2469.46,2469.59,2469.59,0.0,0.0,0.0035
1789664400,2461.9,118635.21999999986,2311143.593,2469.59,2461.9,2461.9,0.0,0.0,0.0035
1789668000,2450.76,79438.47999999972,2302314.408,2461.9,2450.76,2450.76,0.0,0.0,0.0035
1789671600,2447.95,67979.38899999969,2297310.364,2450.76,2447.95,2447.95,0.0,0.0,0.0035
1789675200,2452.5,46109.00799999968,2292136.229,2447.95,2452.5,2452.5,0.0,0.0,0.0035
1789678800,2446.31,34448.22199999979,2290204.345,2452.5,2446.31,2446.31,0.0,0.0,0.0035
1789682400,2444.89,93039.5570000006,2287070.182,2446.31,2444.89,2444.89,0.0,0.0,0.0035
1789686000,2446.32,46259.4769999998,2287318.313,2444.89,2446.32,2446.32,0.0,0.0,0.0035
1789689600,2447.2,58103.74699999963,2287901.138,2446.32,2447.2,2447.2,0.0,0.0,0.0035
1789693200,2456.23,86953.29699999998,2302909.408,2447.2,2456.23,2456.23,0.0,0.0,0.0035
1789696800,2461.79,90983.03200000008,2307577.575,2456.23,2461.79,2461.79,0.0,0.0,0.0035
1789700400,2478.19,209939.5199999998,2323370.252,2461.79,2478.19,2478.19,0.0,0.0,0.0035
1789704000,2481.75,118204.2049999994,2332539.04,2478.19,2481.75,2481.75,0.0,0.0,0.0035
1789707600,2479.46,172264.69700000025,2324021.836,2481.75,2479.46,2479.46,0.0,0.0,0.0035
1789711200,2486.11,84977.77899999978,2332319.983,2479.46,2486.11,2486.11,0.0,0.0,0.0035
1789714800,2488.99,154839.187,2340486.798,2486.11,2488.99,2488.99,0.0,0.0,0.0035
1789718400,2504.37,205963.05299999865,2338542.019,2488.99,2504.37,2504.37,0.0,0.0,0.0035
1789722000,2507.21,390363.1600000009,2308332.815,2504.37,2507.21,2507.21,0.0,0.0,0.0035
1789725600,2512.9,127061.566000001,2308300.706,2507.21,2512.9,2512.9,0.0,0.0,0.0035
1789729200,2507.31,157842.54799999943,2302237.36,2512.9,2507.31,2507.31,0.0,0.0,0.0035
1789732800,2501.47,120412.5919999999,2295967.052,2507.31,2501.47,2501.47,0.0,0.0,0.0035
1789736400,2553.89,746041.2859999997,2299833.867,2501.47,2553.89,2553.89,0.0,0.0,0.0035
1789740000,2581.86,577410.6530000011,2325624.68,2553.89,2581.86,2581.86,0.0,0.0,0.0035
1789743600,2583.25,383808.3599999995,2330896.093,2581.86,2583.25,2583.25,0.0,0.0,0.0035
1789747200,2596.47,381174.71999999904,2340675.014,2583.25,2596.47,2596.47,0.0,0.0,0.0035
1789750800,2606.24,213203.25700000004,2345577.466,2596.47,2606.24,2606.24,0.0,0.0,0.0035
1789754400,2611.92,300217.4390000004,2342774.064,2606.24,2611.92,2611.92,0.0,0.0,0.0035
1789758000,2635.36,324883.48899999884,2357736.109,2611.92,2635.36,2635.36,0.0,0.0,0.0035
1789761600,2630.76,124482.95300000008,2358424.201,2635.36,2630.76,2630.76,0.0,0.0,0.0035
1789765200,2625.85,97199.34299999992,2355843.612,2630.76,2625.85,2625.85,0.0,0.0,0.0035
1789768800,2619.18,105506.66200000027,2352266.441,2625.85,2619.18,2619.18,0.0,0.0,0.0035
1789772400,2611.15,104031.97699999993,2359783.578,2619.18,2611.15,2611.15,0.0,0.0,0.0035
1789776000,2625.69,116909.47800000008,2351541.634,2611.15,2625.69,2625.69,0.0,0.0,0.0035
1789779600,2612.0,151011.60099999988,2361896.031,2625.69,2612.0,2612.0,0.0,0.0,0.0035
1789783200,2622.54,66706.10400000011,2365903.875,2612.0,2622.54,2622.54,0.0,0.0,0.0035
1789786800,2619.08,74065.27599999978,2372130.405,2622.54,2619.08,2619.08,0.0,0.0,0.0035
1789790400,2619.0,102703.32499999995,2372488.484,2619.08,2619.0,2619.0,0.0,0.0,0.0035
1789794000,2627.96,99782.12500000054,2388523.495,2619.0,2627.96,2627.96,0.0,0.0,0.0035
1789797600,2626.68,52989.13699999999,2386336.399,2627.96,2626.68,2626.68,0.0,0.0,0.0035
1789801200,2626.24,67678.44599999998,2390262.525,2626.68,2626.24,2626.24,0.0,0.0,0.0035
1789804800,2644.38,287971.7089999998,2399172.377,2626.24,2644.38,2644.38,0.0,0.0,0.0035
1789808400,2640.01,190193.15500000055,2389557.376,2644.38,2640.01,2640.01,0.0,0.0,0.0035
1789812000,2637.25,50458.8679999998,2391373.489,2640.01,2637.25,2637.25,0.0,0.0,0.0035
1789815600,2638.49,44985.41599999984,2389285.52,2637.25,2638.49,2638.49,0.0,0.0,0.0035
1789819200,2641.01,62346.33499999953,2390331.901,2638.49,2641.01,2641.01,0.0,0.0,0.0035
1789822800,2637.28,85560.2159999999,2388930.576,2641.01,2637.28,2637.28,0.0,0.0,0.0035
1789826400,2637.49,63976.54399999954,2387659.211,2637.28,2637.49,2637.49,0.0,0.0,0.0035
1789830000,2639.99,96882.7049999999,2385229.263,2637.49,2639.99,2639.99,0.0,0.0,0.0035
1789833600,2649.14,93944.2579999998,2385184.718,2639.99,2649.14,2649.14,0.0,0.0,0.0035
1789837200,2644.31,202647.64300000056,2390198.975,2649.14,2644.31,2644.31,0.0,0.0,0.0035
1789840800,2637.77,79436.8710000002,2384102.346,2644.31,2637.77,2637.77,0.0,0.0,0.0035
1789844400,2633.95,58065.2449999997,2379587.391,2637.77,2633.95,2633.95,0.0,0.0,0.0035
1789848000,2634.95,61408.77099999996,2373369.321,2633.95,2634.95,2634.95,0.0,0.0,0.0035
1789851600,2626.71,136151.06599999976,2362715.651,2634.95,2626.71,2626.71,0.0,0.0,0.0035
1789855200,2629.85,67741.05000000034,2365292.337,2626.71,2629.85,2629.85,0.0,0.0,0.0035
1789858800,2631.59,62341.36299999979,2367373.12,2629.85,2631.59,2631.59,0.0,0.0,0.0035
1789862400,2626.05,46043.28299999989,2364084.999,2631.59,2626.05,2626.05,0.0,0.0,0.0035
1789866000,2618.67,97278.51900000023,2367339.443,2626.05,2618.67,2618.67,0.0,0.0,0.0035
1789869600,2572.92,376380.243,2340861.024,2618.67,2572.92,2572.92,0.0,0.0,0.0035
1789873200,2586.59,233760.5289999988,2345374.68,2572.92,2586.59,2586.59,0.0,0.0,0.0035
1789876800,2578.75,80271.49999999996,2351158.962,2586.59,2578.75,2578.75,0.0,0.0,0.0035
1789880400,2577.05,73751.58200000002,2352242.541,2578.75,2577.05,2577.05,0.0,0.0,0.0035
1789884000,2573.16,88172.29299999996,2352390.586,2577.05,2573.16,2573.16,0.0,0.0,0.0035
1789887600,2575.52,70474.11699999994,2349487.91,2573.16,2575.52,2575.52,0.0,0.0,0.0035
1789891200,2573.8,80181.01299999989,2343633.153,2575.52,2573.8,2573.8,0.0,0.0,0.0035
1789894800,2578.85,75889.76399999997,2342792.1,2573.8,2578.85,2578.85,0.0,0.0,0.0035
1789898400,2570.15,63951.93199999978,2337931.874,2578.85,2570.15,2570.15,0.0,0.0,0.0035
1789902000,2577.9,79337.88500000013,2334678.827,2570.15,2577.9,2577.9,0.0,0.0,0.0035
1789905600,2579.03,61554.39099999979,2335017.517,2577.9,2579.03,2579.03,0.0,0.0,0.0035
1789909200,2579.57,68884.00899999986,2336741.369,2579.03,2579.57,2579.57,0.0,0.0,0.0035
1789912800,2584.39,93461.68400000008,2337631.886,2579.57,2584.39,2584.39,0.0,0.0,0.0035
1789916400,2611.68,295140.1530000003,2339919.79,2584.39,2611.68,2611.68,0.0,0.0,0.0035
1789920000,2638.88,325406.3330000006,2350393.514,2611.68,2638.88,2638.88,0.0,0.0,0.0035
1789923600,2625.25,219101.62300000028,2344539.202,2638.88,2625.25,2625.25,0.0,0.0,0.0035
1789927200,2625.16,77978.05499999992,2345972.009,2625.25,2625.16,2625.16,0.0,0.0,0.0035
1789930800,2632.18,56930.00499999974,2346408.333,2625.16,2632.18,2632.18,0.0,0.0,0.0035
1789934400,2633.69,57947.69599999973,2349395.018,2632.18,2633.69,2633.69,0.0,0.0,0.0035
1789938000,2630.0,172072.64199999953,2337335.415,2633.69,2630.0,2630.0,0.0,0.0,0.0035
1789941600,2638.27,125926.36400000023,2346308.39,2630.0,2638.27,2638.27,0.0,0.0,0.0035
1789945200,2643.71,94235.09499999975,2348203.507,2638.27,2643.71,2643.71,0.0,0.0,0.0035
1789948800,2688.1,640409.1230000011,2368302.422,2643.71,2688.1,2688.1,0.0,0.0,0.0035
1789952400,2648.1,370645.9570000013,2365978.344,2688.1,2648.1,2648.1,0.0,0.0,0.0035
1789956000,2660.76,165887.96099999972,2371341.905,2648.1,2660.76,2660.76,0.0,0.0,0.0035
1789959600,2664.99,89848.20299999996,2377816.844,2660.76,2664.99,2664.99,0.0,0.0,0.0035
1789963200,2662.7,83343.23099999999,2380776.794,2664.99,2662.7,2662.7,0.0,0.0,0.0035
1789966800,2664.27,91973.74500000016,2387682.908,2662.7,2664.27,2664.27,0.0,0.0,0.0035
1789970400,2661.89,107926.25999999992,2395340.301,2664.27,2661.89,2661.89,0.0,0.0,0.0035
1789974000,2660.81,115417.5299999995,2392224.945,2661.89,2660.81,2660.81,0.0,0.0,0.0035
1789977600,2695.38,503423.3729999992,2404151.947,2660.81,2695.38,2695.38,0.0,0.0,0.0035
1789981200,2719.63,674721.2390000002,2394077.909,2695.38,2719.63,2719.63,0.0,0.0,0.0035
1789984800,2714.74,223281.86100000035,2407645.657,2719.63,2714.74,2714.74,0.0,0.0,0.0035
1789988400,2724.23,173295.7020000004,2423492.62,2714.74,2724.23,2724.23,0.0,0.0,0.0035
1789992000,2733.92,251507.3780000001,2417029.642,2724.23,2733.92,2733.92,0.0,0.0,0.0035
1789995600,2731.22,348234.45000000054,2408998.412,2733.92,2731.22,2731.22,0.0,0.0,0.0035
1789999200,2735.14,471303.1249999998,2390902.751,2731.22,2735.14,2735.14,0.0,0.0,0.0035
1790002800,2753.99,403747.0080000001,2388713.419,2735.14,2753.99,2753.99,0.0,0.0,0.0035
1790006400,2753.25,343609.534999999,2383256.852,2753.99,2753.25,2753.25,0.0,0.0,0.0035
1790010000,2741.79,203826.90200000003,2373423.806,2753.25,2741.79,2741.79,0.0,0.0,0.0035
1790013600,2756.64,125190.30300000052,2382061.374,2741.79,2756.64,2756.64,0.0,0.0,0.0035
1790017200,2760.51,206994.1540000005,2377762.781,2756.64,2760.51,2760.51,0.0,0.0,0.0035
1790020800,2782.8,411146.5039999994,2327948.345,2760.51,2782.8,2782.8,0.0,0.0,0.0035
1790024400,2767.24,115824.46500000068,2320909.279,2782.8,2767.24,2767.24,0.0,0.0,0.0035
1790028000,2777.66,123063.51900000044,2319258.002,2767.24,2777.66,2777.66,0.0,0.0,0.0035
1790031600,2774.5,106490.09000000004,2330861.588,2777.66,2774.5,2774.5,0.0,0.0,0.0035
1790035200,2753.54,190351.04200000025,2328464.679,2774.5,2753.54,2753.54,0.0,0.0,0.0035
1790038800,2747.61,252114.5659999992,2325528.508,2753.54,2747.61,2747.61,0.0,0.0,0.0035
1790042400,2738.77,119829.09700000045,2323259.377,2747.61,2738.77,2738.77,0.0,0.0,0.0035
1790046000,2738.41,165845.1420000006,2324011.2,2738.77,2738.41,2738.41,0.0,0.0,0.0035
1790049600,2728.45,108117.72000000034,2318406.417,2738.41,2728.45,2728.45,0.0,0.0,0.0035
1790053200,2732.15,162165.789,2319128.64,2728.45,2732.15,2732.15,0.0,0.0,0.0035
1790056800,2729.48,88566.5699999999,2318416.716,2732.15,2729.48,2729.48,0.0,0.0,0.0035
1790060400,2725.48,96080.47800000028,2314531.788,2729.48,2725.48,2725.48,0.0,0.0,0.0035
1790064000,2747.81,259800.7890000001,2334360.268,2725.48,2747.81,2747.81,0.0,0.0,0.0035
1790067600,2749.85,194364.6260000001,2330974.514,2747.81,2749.85,2749.85,0.0,0.0,0.0035
1790071200,2741.08,86499.70899999993,2337351.423,2749.85,2741.08,2741.08,0.0,0.0,0.0035
1790074800,2741.21,75642.19100000005,2338979.464,2741.08,2741.21,2741.21,0.0,0.0,0.0035
1790078400,2755.64,124869.70700000052,2336932.376,2741.21,2755.64,2755.64,0.0,0.0,0.0035
1790082000,2758.06,247571.6119999991,2343561.777,2755.64,2758.06,2758.06,0.0,0.0,0.0035
1790085600,2741.26,380925.6669999987,2329638.338,2758.06,2741.26,2741.26,0.0,0.0,0.0035
1790089200,2742.88,201593.83300000004,2322909.367,2741.26,2742.88,2742.88,0.0,0.0,0.0035
1790092800,2744.69,163536.90700000012,2312953.972,2742.88,2744.69,2744.69,0.0,0.0,0.0035
1790096400,2752.49,154704.70400000032,2317108.137,2744.69,2752.49,2752.49,0.0,0.0,0.0035
1790100000,2751.26,105900.33999999976,2315474.485,2752.49,2751.26,2751.26,0.0,0.0,0.0035
1790103600,2750.26,122121.13700000056,2314833.53,2751.26,2750.26,2750.26,0.0,0.0,0.0035
1790107200,2750.44,65172.10500000005,2315790.635,2750.26,2750.44,2750.44,0.0,0.0,0.0035
1790110800,2745.88,42405.10499999975,2313647.687,2750.44,2745.88,2745.88,0.0,0.0,0.0035
1790114400,2751.89,109061.29599999994,2320931.609,2745.88,2751.89,2751.89,0.0,0.0,0.0035
1790118000,2752.69,171406.30999999968,2312403.015,2751.89,2752.69,2752.69,0.0,0.0,0.0035
1790121600,2759.16,91955.2110000005,2320429.867,2752.69,2759.16,2759.16,0.0,0.0,0.0035
1790125200,2752.68,149264.21299999993,2328560.842,2759.16,2752.68,2752.68,0.0,0.0,0.0035
1790128800,2761.27,72778.81599999977,2328904.461,2752.68,2761.27,2761.27,0.0,0.0,0.0035
1790132400,2772.99,177231.81000000003,2339427.558,2761.27,2772.99,2772.99,0.0,0.0,0.0035
1790136000,2778.26,140605.62300000057,2347865.463,2772.99,2778.26,2778.26,0.0,0.0,0.0035
1790139600,2756.27,154875.59099999955,2338799.34,2778.26,2756.27,2756.27,0.0,0.0,0.0035
1790143200,2753.0,104183.57399999986,2343290.871,2756.27,2753.0,2753.0,0.0,0.0,0.0035
1790146800,2741.99,191922.1060000003,2359876.499,2753.0,2741.99,2741.99,0.0,0.0,0.0035
1790150400,2733.89,164538.64200000055,2361979.079,2741.99,2733.89,2733.89,0.0,0.0,0.0035
1790154000,2732.45,114571.15500000025,2374679.022,2733.89,2732.45,2732.45,0.0,0.0,0.0035
1790157600,2736.95,129599.05600000006,2371270.396,2732.45,2736.95,2736.95,0.0,0.0,0.0035
1790161200,2726.81,221324.3889999997,2349988.95,2736.95,2726.81,2726.81,0.0,0.0,0.0035
1790164800,2720.98,185818.50600000005,2343042.094,2726.81,2720.98,2720.98,0.0,0.0,0.0035
1790168400,2714.97,251274.9550000004,2354999.112,2720.98,2714.97,2714.97,0.0,0.0,0.0035
1790172000,2674.9,982928.2090000008,2334456.429,2714.97,2674.9,2674.9,0.0,0.0,0.0035
1790175600,2654.63,300154.76900000015,2324660.455,2674.9,2654.63,2654.63,0.0,0.0,0.0035
1790179200,2659.79,326833.9419999988,2314185.496,2654.63,2659.79,2659.79,0.0,0.0,0.0035
1790182800,2667.01,158344.97900000014,2309795.1,2659.79,2667.01,2667.01,0.0,0.0,0.0035
1790186400,2667.83,79103.62900000015,2304739.045,2667.01,2667.83,2667.83,0.0,0.0,0.0035
1790190000,2677.53,109012.999,2314570.946,2667.83,2677.53,2677.53,0.0,0.0,0.0035
1790193600,2669.99,60399.21399999999,2312004.968,2677.53,2669.99,2669.99,0.0,0.0,0.0035
1790197200,2676.29,50003.48899999976,2306437.139,2669.99,2676.29,2676.29,0.0,0.0,0.0035
1790200800,2688.87,129172.9929999995,2302631.024,2676.29,2688.87,2688.87,0.0,0.0,0.0035
1790204400,2683.41,42369.43899999987,2299668.568,2688.87,2683.41,2683.41,0.0,0.0,0.0035
1790208000,2681.28,68524.43799999986,2297851.938,2683.41,2681.28,2681.28,0.0,0.0,0.0035
1790211600,2674.07,94083.9069999998,2292062.851,2681.28,2674.07,2674.07,0.0,0.0,0.0035
1790215200,2684.74,129149.29099999995,2290018.4,2674.07,2684.74,2684.74,0.0,0.0,0.0035
1790218800,2675.48,85551.21700000016,2287729.128,2684.74,2675.48,2675.48,0.0,0.0,0.0035
1790222400,2680.62,79186.1189999997,2281647.089,2675.48,2680.62,2680.62,0.0,0.0,0.0035
1790226000,2681.39,154307.84199999995,2274360.134,2680.62,2681.39,2681.39,0.0,0.0,0.0035
1790229600,2684.77,57030.00400000013,2275407.888,2681.39,2684.77,2684.77,0.0,0.0,0.0035
1790233200,2692.03,124454.086,2288412.721,2684.77,2692.03,2692.03,0.0,0.0,0.0035
1790236800,2668.36,246540.4509999996,2283678.532,2692.03,2668.36,2668.36,0.0,0.0,0.0035
1790240400,2641.3,334044.91999999894,2276169.732,2668.36,2641.3,2641.3,0.0,0.0,0.0035
1790244000,2647.25,151359.17899999995,2278248.104,2641.3,2647.25,2647.25,0.0,0.0,0.0035
1790247600,2646.45,94092.25399999974,2282261.034,2647.25,2646.45,2646.45,0.0,0.0,0.0035
1790251200,2647.6,86161.22599999965,2281441.165,2646.45,2647.6,2647.6,0.0,0.0,0.0035
1790254800,2668.79,253276.7250000008,2277666.984,2647.6,2668.79,2668.79,0.0,0.0,0.0035
1790258400,2656.24,464251.29199999874,2291104.248,2668.79,2656.24,2656.24,0.0,0.0,0.0035
1790262000,2682.25,195493.7099999986,2293547.125,2656.24,2682.25,2682.25,0.0,0.0,0.0035
1790265600,2686.18,365844.357,2285508.21,2682.25,2686.18,2686.18,0.0,0.0,0.0035
1790269200,2668.37,145989.92600000027,2285099.899,2686.18,2668.37,2668.37,0.0,0.0,0.0035
1790272800,2688.94,143310.72700000007,2278387.967,2668.37,2688.94,2688.94,0.0,0.0,0.0035
1790276400,2695.19,118443.99900000042,2277571.12,2688.94,2695.19,2695.19,0.0,0.0,0.0035
1790280000,2686.77,96034.63000000006,2276296.152,2695.19,2686.77,2686.77,0.0,0.0,0.0035
1790283600,2685.42,41810.0400000001,2273280.807,2686.77,2685.42,2685.42,0.0,0.0,0.0035
1790287200,2684.14,51485.31799999984,2273597.381,2685.42,2684.14,2684.14,0.0,0.0,0.0035
1790290800,2686.65,40014.117000000544,2271509.066,2684.14,2686.65,2686.65,0.0,0.0,0.0035
1790294400,2689.44,49095.85300000108,2269891.978,2686.65,2689.44,2689.44,0.0,0.0,0.0035
1790298000,2688.46,74163.78800000016,2270096.984,2689.44,2688.46,2688.46,0.0,0.0,0.0035
1790301600,2675.69,120944.79699999986,2272823.773,2688.46,2675.69,2675.69,0.0,0.0,0.0035
1790305200,2677.66,73361.65599999999,2273460.511,2675.69,2677.66,2677.66,0.0,0.0,0.0035
1790308800,2677.67,62164.93999999985,2274576.221,2677.66,2677.67,2677.67,0.0,0.0,0.0035
1790312400,2678.76,45970.82600000008,2275691.424,2677.67,2678.76,2678.76,0.0,0.0,0.0035
1790316000,2673.14,71858.96600000035,2279795.563,2678.76,2673.14,2673.14,0.0,0.0,0.0035
1790319600,2671.18,80968.87500000044,2284572.021,2673.14,2671.18,2671.18,0.0,0.0,0.0035
1790323200,2689.55,126551.45299999994,2286316.989,2671.18,2689.55,2689.55,0.0,0.0,0.0035
1790326800,2703.33,238153.51199999943,2287936.485,2689.55,2703.33,2703.33,0.0,0.0,0.0035
1790330400,2713.0,164417.71000000014,2285388.047,2703.33,2713.0,2713.0,0.0,0.0,0.0035
1790334000,2716.0,311174.4619999992,2282113.596,2713.0,2716.0,2716.0,0.0,0.0,0.0035
1790337600,2716.34,319197.58599999966,2283366.194,2716.0,2716.34,2716.34,0.0,0.0,0.0035
1790341200,2694.18,338978.1679999998,2286855.027,2716.34,2694.18,2694.18,0.0,0.0,0.0035
1790344800,2694.46,295011.01300000044,2290324.572,2694.18,2694.46,2694.46,0.0,0.0,0.0035
1790348400,2685.71,212665.9200000009,2285913.182,2694.46,2685.71,2685.71,0.0,0.0,0.0035
1790352000,2682.5,176266.57100000136,2275195.263,2685.71,2682.5,2682.5,0.0,0.0,0.0035
1790355600,2684.55,91162.11199999988,2268296.395,2682.5,2684.55,2684.55,0.0,0.0,0.0035
1790359200,2692.37,87137.88399999964,2272852.197,2684.55,2692.37,2692.37,0.0,0.0,0.0035
1790362800,2691.99,50667.08299999993,2272294.927,2692.37,2691.99,2691.99,0.0,0.0,0.0035
1790366400,2683.33,47055.7,2264025.776,2691.99,2683.33,2683.33,0.0,0.0,0.0035
1790370000,2680.11,54166.17900000013,2266220.936,2683.33,2680.11,2680.11,0.0,0.0,0.0035
1790373600,2690.87,39458.3,2265436.936,2680.11,2690.87,2690.87,0.0,0.0,0.0035
1790377200,2690.56,19818.420999999948,2266929.785,2690.87,2690.56,2690.56,0.0,0.0,0.0035
1790380800,2685.95,53536.82900000024,2265631.653,2690.56,2685.95,2685.95,0.0,0.0,0.0035
1790384400,2691.65,42722.90500000001,2261921.996,2685.95,2691.65,2691.65,0.0,0.0,0.0035
1790388000,2689.98,35442.70399999984,2267745.683,2691.65,2689.98,2689.98,0.0,0.0,0.0035
1790391600,2686.87,25743.821999999767,2266248.467,2689.98,2686.87,2686.87,0.0,0.0,0.0035
1790395200,2688.33,26403.117999999824,2265128.016,2686.87,2688.33,2688.33,0.0,0.0,0.0035
1790398800,2685.11,26110.331999999908,2265397.142,2688.33,2685.11,2685.11,0.0,0.0,0.0035
1790402400,2684.36,36653.62399999977,2264988.067,2685.11,2684.36,2684.36,0.0,0.0,0.0035
1790406000,2689.71,30820.29399999986,2265094.231,2684.36,2689.71,2689.71,0.0,0.0,0.0035
1790409600,2689.72,54393.03100000001,2266749.658,2689.71,2689.72,2689.72,0.0,0.0,0.0035
1790413200,2681.36,78114.09600000035,2268379.236,2689.72,2681.36,2681.36,0.0,0.0,0.0035
1790416800,2686.14,40298.35699999971,2266825.5,2681.36,2686.14,2686.14,0.0,0.0,0.0035
1790420400,2688.1,23823.244999999788,2265087.09,2686.14,2688.1,2688.1,0.0,0.0,0.0035
1790424000,2687.77,30472.739999999627,2267149.891,2688.1,2687.77,2687.77,0.0,0.0,0.0035
1790427600,2685.52,49318.4440000002,2269988.882,2687.77,2685.52,2685.52,0.0,0.0,0.0035
1790431200,2687.52,21073.965000000004,2270855.272,2685.52,2687.52,2687.52,0.0,0.0,0.0035
1790434800,2691.99,58197.49000000016,2273777.152,2687.52,2691.99,2691.99,0.0,0.0,0.0035
1790438400,2690.36,25515.789999999863,2274978.653,2691.99,2690.36,2690.36,0.0,0.0,0.0035
1790442000,2689.43,25573.09599999977,2273363.69,2690.36,2689.43,2689.43,0.0,0.0,0.0035
1790445600,2683.84,27393.038999999902,2271857.452,2689.43,2683.84,2683.84,0.0,0.0,0.0035
1790449200,2683.22,20261.41799999987,2275118.865,2683.84,2683.22,2683.22,0.0,0.0,0.0035
1790452800,2675.51,155946.88799999948,2284611.962,2683.22,2675.51,2675.51,0.0,0.0,0.0035
1790456400,2685.0,92706.86100000002,2261553.334,2675.51,2685.0,2685.0,0.0,0.0,0.0035
1790460000,2687.81,29108.751999999757,2267862.495,2685.0,2687.81,2687.81,0.0,0.0,0.0035
1790463600,2694.97,64411.61099999991,2274657.964,2687.81,2694.97,2694.97,0.0,0.0,0.0035
1790467200,2692.45,33353.02799999988,2274755.735,2694.97,2692.45,2692.45,0.0,0.0,0.0035
1790470800,2700.46,73030.42599999979,2274634.543,2692.45,2700.46,2700.46,0.0,0.0,0.0035
1790474400,2697.0,39036.704999999696,2277233.88,2700.46,2697.0,2697.0,0.0,0.0,0.0035
1790478000,2695.55,24859.60599999976,2278469.16,2697.0,2695.55,2695.55,0.0,0.0,0.0035
1790481600,2691.13,40051.68900000006,2275755.028,2695.55,2691.13,2691.13,0.0,0.0,0.0035
1790485200,2703.82,81322.67200000014,2280248.145,2691.13,2703.82,2703.82,0.0,0.0,0.0035
1790488800,2706.04,42102.92099999994,2286027.283,2703.82,2706.04,2706.04,0.0,0.0,0.0035
1790492400,2717.14,67442.93199999991,2289029.7,2706.04,2717.14,2717.14,0.0,0.0,0.0035
1790496000,2713.21,86924.00300000027,2294659.204,2717.14,2713.21,2713.21,0.0,0.0,0.0035
1790499600,2715.13,75879.44699999999,2296585.474,2713.21,2715.13,2715.13,0.0,0.0,0.0035
1790503200,2709.17,62457.034000000014,2305560.392,2715.13,2709.17,2709.17,0.0,0.0,0.0035
1790506800,2708.84,35523.41699999989,2306118.153,2709.17,2708.84,2708.84,0.0,0.0,0.0035
1790510400,2706.26,36327.28999999969,2307208.228,2708.84,2706.26,2706.26,0.0,0.0,0.0035
1790514000,2708.5,121837.5619999997,2300607.017,2706.26,2708.5,2708.5,0.0,0.0,0.0035
1790517600,2686.71,156304.6780000003,2288875.739,2708.5,2686.71,2686.71,0.0,0.0,0.0035
1790521200,2688.83,84589.62099999953,2293561.671,2686.71,2688.83,2688.83,0.0,0.0,0.0035
1790524800,2685.5,52450.71299999987,2295649.36,2688.83,2685.5,2685.5,0.0,0.0,0.0035
1790528400,2690.0,35344.309999999816,2297244.814,2685.5,2690.0,2690.0,0.0,0.0,0.0035
1790532000,2697.11,49693.23800000021,2298150.684,2690.0,2697.11,2697.11,0.0,0.0,0.0035
1790535600,2690.43,29241.02099999987,2295951.78,2697.11,2690.43,2690.43,0.0,0.0,0.0035
1790539200,2684.84,36669.96399999985,2293367.039,2690.43,2684.84,2684.84,0.0,0.0,0.0035
1790542800,2682.99,67913.71900000017,2286680.853,2684.84,2682.99,2682.99,0.0,0.0,0.0035
1790546400,2674.24,134348.72200000027,2288266.487,2682.99,2674.24,2674.24,0.0,0.0,0.0035
1790550000,2687.36,63863.09100000068,2286127.475,2674.24,2687.36,2687.36,0.0,0.0,0.0035
1790553600,2672.29,191014.7520000004,2289767.727,2687.36,2672.29,2672.29,0.0,0.0,0.0035
1790557200,2655.8,259362.90700000097,2292593.133,2672.29,2655.8,2655.8,0.0,0.0,0.0035
1790560800,2651.7,121449.8580000008,2297810.242,2655.8,2651.7,2651.7,0.0,0.0,0.0035
1790564400,2650.73,119819.29499999946,2298439.049,2651.7,2650.73,2650.73,0.0,0.0,0.0035
1790568000,2657.21,55781.15999999984,2299506.507,2650.73,2657.21,2657.21,0.0,0.0,0.0035
1790571600,2650.1,178239.41299999994,2290614.001,2657.21,2650.1,2650.1,0.0,0.0,0.0035
1790575200,2648.34,71934.76700000027,2292378.01,2650.1,2648.34,2648.34,0.0,0.0,0.0035
1790578800,2642.57,92845.13700000005,2298290.759,2648.34,2642.57,2642.57,0.0,0.0,0.0035
1790582400,2649.49,97961.78799999834,2298455.871,2642.57,2649.49,2649.49,0.0,0.0,0.0035
1790586000,2639.99,139663.9609999996,2293198.218,2649.49,2639.99,2639.99,0.0,0.0,0.0035
1790589600,2655.17,93197.69299999988,2290745.199,2639.99,2655.17,2655.17,0.0,0.0,0.0035
1790593200,2667.87,120349.71400000062,2281348.599,2655.17,2667.87,2667.87,0.0,0.0,0.0035
1790596800,2689.99,291528.8070000009,2274882.457,2667.87,2689.99,2689.99,0.0,0.0,0.0035
1790600400,2689.61,232067.10300000067,2274036.246,2689.99,2689.61,2689.61,0.0,0.0,0.0035
1790604000,2666.18,355907.889000001,2258781.007,2689.61,2666.18,2666.18,0.0,0.0,0.0035
1790607600,2676.54,220162.27599999972,2267656.069,2666.18,2676.54,2676.54,0.0,0.0,0.0035
1790611200,2686.19,260683.84100000013,2274497.783,2676.54,2686.19,2686.19,0.0,0.0,0.0035
1790614800,2694.56,307686.6180000009,2272878.677,2686.19,2694.56,2694.56,0.0,0.0,0.0035
1790618400,2698.51,70036.86400000055,2263033.32,2694.56,2698.51,2698.51,0.0,0.0,0.0035
1790622000,2672.04,135233.93900000025,2249757.51,2698.51,2672.04,2672.04,0.0,0.0,0.0035
1790625600,2681.95,59037.32200000069,2252716.705,2672.04,2681.95,2681.95,0.0,0.0,0.0035
1790629200,2672.98,47394.55299999973,2251786.602,2681.95,2672.98,2672.98,0.0,0.0,0.0035
1790632800,2686.51,63840.37300000001,2250015.954,2672.98,2686.51,2686.51,0.0,0.0,0.0035
1790636400,2687.55,50068.44100000047,2256579.112,2686.51,2687.55,2687.55,0.0,0.0,0.0035
1790640000,2675.56,62834.56700000009,2259512.813,2687.55,2675.56,2675.56,0.0,0.0,0.0035
1790643600,2664.18,187240.0110000005,2255406.642,2675.56,2664.18,2664.18,0.0,0.0,0.0035
1790647200,2656.41,93558.65100000078,2259114.054,2664.18,2656.41,2656.41,0.0,0.0,0.0035
1790650800,2664.11,84015.58599999998,2267650.687,2656.41,2664.11,2664.11,0.0,0.0,0.0035
1790654400,2666.93,46261.72000000056,2266557.153,2664.11,2666.93,2666.93,0.0,0.0,0.0035
1790658000,2675.4,99630.93700000028,2266747.088,2666.93,2675.4,2675.4,0.0,0.0,0.0035
1790661600,2705.69,292687.8670000002,2293989.449,2675.4,2705.69,2705.69,0.0,0.0,0.0035
1790665200,2711.49,225104.8110000003,2327666.746,2705.69,2711.49,2711.49,0.0,0.0,0.0035
1790668800,2707.58,233713.9879999989,2331265.537,2711.49,2707.58,2707.58,0.0,0.0,0.0035
1790672400,2716.82,128976.9329999996,2323289.71,2707.58,2716.82,2716.82,0.0,0.0,0.0035
1790676000,2713.74,72824.94200000027,2326848.819,2716.82,2713.74,2713.74,0.0,0.0,0.0035
1790679600,2731.13,190747.9709999998,2321476.031,2713.74,2731.13,2731.13,0.0,0.0,0.0035
1790683200,2735.82,213807.56899999976,2334512.607,2731.13,2735.82,2735.82,0.0,0.0,0.0035
1790686800,2725.66,192722.5310000005,2338443.304,2735.82,2725.66,2725.66,0.0,0.0,0.0035
1790690400,2709.72,200867.66299999945,2328370.143,2725.66,2709.72,2709.72,0.0,0.0,0.0035
1790694000,2672.82,500302.6429999984,2281511.191,2709.72,2672.82,2672.82,0.0,0.0,0.0035
1790697600,2674.36,165358.0890000008,2285363.731,2672.82,2674.36,2674.36,0.0,0.0,0.0035
1790701200,2672.4,90614.69700000032,2289125.378,2674.36,2672.4,2672.4,0.0,0.0,0.0035
1790704800,2694.52,142101.917,2282049.448,2672.4,2694.52,2694.52,0.0,0.0,0.0035
1790708400,2688.69,96374.771000001,2277205.505,2694.52,2688.69,2688.69,0.0,0.0,0.0035
1790712000,2688.18,30356.855000000935,2276274.81,2688.69,2688.18,2688.18,0.0,0.0,0.0035
1790715600,2678.28,67941.282,2266199.086,2688.18,2678.28,2678.28,0.0,0.0,0.0035
1790719200,2680.66,60644.19100000181,2257792.949,2678.28,2680.66,2680.66,0.0,0.0,0.0035
1790722800,2676.94,56200.80199999989,2258971.227,2680.66,2676.94,2676.94,0.0,0.0,0.0035
1790726400,2671.43,88892.49199999998,2268974.933,2676.94,2671.43,2671.43,0.0,0.0,0.0035
1790730000,2671.1,56507.98900000154,2274211.058,2671.43,2671.1,2671.1,0.0,0.0,0.0035
1790733600,2673.39,114046.26700000108,2271886.856,2671.1,2673.39,2673.39,0.0,0.0,0.0035
1790737200,2670.36,41872.17300000032,2272947.668,2673.39,2670.36,2670.36,0.0,0.0,0.0035
1790740800,2668.68,32313.353000001625,2274568.67,2670.36,2668.68,2668.68,0.0,0.0,0.0035
1790744400,2674.03,88610.77600000119,2278952.232,2668.68,2674.03,2674.03,0.0,0.0,0.0035
1790748000,2660.77,127767.27900000036,2293105.607,2674.03,2660.77,2660.77,0.0,0.0,0.0035
1790751600,2673.53,82696.85200000077,2290841.549,2660.77,2673.53,2673.53,0.0,0.0,0.0035
1790755200,2670.15,57259.228000000825,2290320.183,2673.53,2670.15,2670.15,0.0,0.0,0.0035
1790758800,2687.43,198336.0969999993,2279360.691,2670.15,2687.43,2687.43,0.0,0.0,0.0035
1790762400,2694.27,77522.4299999997,2275297.293,2687.43,2694.27,2694.27,0.0,0.0,0.0035
1790766000,2696.42,86096.17099999991,2273455.624,2694.27,2696.42,2696.42,0.0,0.0,0.0035
1790769600,2730.01,505226.4929999996,2307248.009,2696.42,2730.01,2730.01,0.0,0.0,0.0035
1790773200,2708.94,504429.6750000008,2312682.964,2730.01,2708.94,2708.94,0.0,0.0,0.0035
1790776800,2676.61,443525.9269999987,2304475.816,2708.94,2676.61,2676.61,0.0,0.0,0.0035
1790780400,2682.31,194591.3379999999,2322824.169,2676.61,2682.31,2682.31,0.0,0.0,0.0035
1790784000,2694.74,98388.61600000004,2316431.762,2682.31,2694.74,2694.74,0.0,0.0,0.0035
1790787600,2681.03,63364.32100000021,2312680.188,2694.74,2681.03,2681.03,0.0,0.0,0.0035
