t,yr,long,short,net
1642636800,2022,-0.10058051177818528,0.10235131547502381,-0.00011459815158073369
1642723200,2022,-0.07204542034797874,0.0800874945219731,0.0030210370869971784
1642809600,2022,-0.04115242091154636,0.05491016945589725,0.0058788742721754455
1642896000,2022,0.013935734425484384,-0.009667002750535744,0.00113436583747432
1642982400,2022,-0.023826236065120243,0.01578314626529091,-0.005021544899914667
1643068800,2022,0.02529019048933982,-0.03185123728404086,-0.004280523397350519
1643155200,2022,-0.04290253483982228,0.07434883555902531,0.014723150359601516
1643241600,2022,0.033226242485960546,-0.03075772717781633,0.00023425765407210798
1643328000,2022,0.0196136836092405,-0.011662298323756278,0.0029756926427421115
1643414400,2022,0.01316689373776884,-0.02678119158726555,-0.007807148924748356
1643500800,2022,-0.025173327643004728,0.04591514271682225,0.009370907536908762
1643587200,2022,0.056799080431861805,-0.06922115967591343,-0.007211039622025811
1643673600,2022,0.012722181866815988,-0.011462056048087402,-0.00036993709063570714
1643760000,2022,-0.08660604847547759,0.05861244927165291,-0.014996799601912341
1643846400,2022,0.021020928861016586,-0.017518153521561164,0.0007513876697277109
1643932800,2022,0.08711348841316909,-0.10058989737662276,-0.007738204481726837
1644019200,2022,-0.0008698445500695909,-0.034088029193829805,-0.018478936871949698
1644105600,2022,0.024136163364716284,-0.11263230268670761,-0.04524806966099566
1644192000,2022,0.12887034799994698,-0.03284783412967799,0.0470112569351345
1644278400,2022,-0.05196063572584734,0.022402313710356392,-0.015779161007745474
1644364800,2022,0.027321711733342708,-0.014341335989212944,0.005490187872064882
1644451200,2022,-0.04599093625873115,0.0362351340219809,-0.005877901118375126
1644537600,2022,-0.06108967369914797,0.06281636226085614,-0.00013665571914591498
1644624000,2022,0.003983284248585221,0.008792467596223616,0.005387875922404418
1644710400,2022,-0.024166198190889054,0.028460594207299145,0.0011471980082050455
1644796800,2022,0.03516532837046701,-0.061698680505193115,-0.014266676067363055
1644883200,2022,-0.0010550376821034286,-0.02270972487235638,-0.012882381277229904
1644969600,2022,-0.004122477289689952,0.005561239691128021,-0.00028061879928096547
1645056000,2022,-0.04928461213147887,0.046668990098151696,-0.002307811016663586
1645142400,2022,-0.02558703746894146,0.01298534241819175,-0.007300847525374854
1645228800,2022,-0.008438979719238607,0.02611119144847381,0.0078361058646176
1645315200,2022,-0.034980554295590584,-0.01581586769377667,-0.026398210994683625
1645401600,2022,-0.1302545589080801,0.09540426536000039,-0.018425146774039856
1645488000,2022,0.0804031799581375,-0.05568766291460666,0.011357758521765422
1645574400,2022,-0.10651536307148728,0.11124475138771868,0.0013646941581157016
1645660800,2022,0.0799699584913048,-0.11023347092649567,-0.01613175621759544
1645747200,2022,0.0652043534631354,-0.08699331261433822,-0.011894479575601413
1645833600,2022,-0.03559022227730002,0.041098565225225925,0.001754171473962952
1645920000,2022,-0.012998232797929776,0.03439131646318124,0.009696541832625732
1646006400,2022,0.08422921899884132,-0.15055910282869353,-0.034164941914926104
1646092800,2022,0.004384800544017538,-0.01438741003098846,-0.0060013047434854605
1646179200,2022,-0.03674975071179454,0.061407818769234734,0.011329034028720097
1646265600,2022,-0.044154568174847274,0.03916494965755457,-0.0034948092586463515
1646352000,2022,-0.03706975851820826,0.03656871095162203,-0.001250523783293117
1646438400,2022,0.02484894066091033,-0.008714551702669512,0.00706719447912041
1646524800,2022,-0.03919011382333589,0.049678303097092126,0.004244094636878117
1646611200,2022,0.027736708376675967,-0.018809130705341293,0.003463788835667337
1646697600,2022,0.02905284946119095,-0.05985206748218882,-0.016399609010498934
1646784000,2022,0.0031147292676288276,0.018443359102921535,0.009779044185275181
1646870400,2022,-0.037768394615680344,0.022377860465278714,-0.008695267075200814
1646956800,2022,0.07676073815770623,-0.008385364222218769,0.03318768696774373
1647043200,2022,-0.0008134984990842975,-0.006490166661400269,-0.004651832580242283
1647129600,2022,-0.05067773864231673,0.03916522821333072,-0.006756255214493005
1647216000,2022,0.0025158053998694343,-0.002901493431385127,-0.0011928440157578464
1647302400,2022,0.02431940146446106,-0.026763728202023402,-0.0022221633687811706
1647388800,2022,0.05206892866092357,-0.036209638189358996,0.0069296452357822886
1647475200,2022,0.011488751411404744,0.025090323971987887,0.017289537691696315
1647561600,2022,0.07373811889153566,-0.03184447464341381,0.01994682212406092
1647648000,2022,0.0002746815895421732,-0.02070971203806878,-0.011217515224263303
1647734400,2022,-0.01848842326245422,0.027682675538311385,0.0035971261379285835
1647820800,2022,0.05621427329397225,-0.035425423896461083,0.009394424698755583
1647907200,2022,0.003762200283703073,0.020045050283550303,0.010903625283626688
1647993600,2022,0.05286757752614749,-0.031543768330353585,0.009661904597896953
1648080000,2022,0.020271055145690758,-0.013619036226134362,0.0023260094597781977
1648166400,2022,-0.019947684649469683,0.013715489648804943,-0.00411609750033237
1648252800,2022,0.017940551016740303,-0.027361377423122057,-0.0057104132031908774
1648339200,2022,0.039851545525245426,-0.06717071015963327,-0.014659582317193925
1648425600,2022,-0.013255336560807943,-9.640180250643689e-05,-0.00767586918165719
1648512000,2022,0.0022291333604887256,-0.006830337500755383,-0.0033006020701333285
1648598400,2022,0.0048113220049814664,-0.03274273517915923,-0.014965706587088883
1648684800,2022,-0.03507641941224782,0.06338603851937082,0.013154809553561499
1648771200,2022,0.06405017127716721,-0.05182207929855975,0.005114045989303728
1648857600,2022,-0.012333743481018603,0.011499224846957942,-0.0014172593170303305
1648944000,2022,0.006904191160897281,-0.00425376111567725,0.00032521502261001565
1649030400,2022,0.004994292770909199,-0.005605757247294507,-0.001305732238192654
1649116800,2022,-0.014072190336062218,0.06141623808355053,0.022672023873744156
1649203200,2022,-0.08189396427205009,0.052724323991369317,-0.015584820140340388
1649289600,2022,0.027009317922292702,-0.03332109481710884,-0.00415588844740807
1649376000,2022,-0.06542856870485614,0.050664304440014206,-0.008382132132420967
1649462400,2022,0.014627701289453418,-0.02114384071670387,-0.004258069713625226
1649548800,2022,-0.029004016508434205,0.04080623857264498,0.004901111032105388
1649635200,2022,-0.07261478511645529,0.04630371748525105,-0.014155533815602122
1649721600,2022,0.0348148885446807,-0.017899331076249636,0.007457778734215531
1649808000,2022,0.006650185747365718,-0.04024806900591068,-0.01779894162927248
1649894400,2022,-0.0029783864088352616,-0.008826493454788068,-0.006902439931811665
1649980800,2022,-0.00543727295807724,0.004936410763333658,-0.001250431097371791
1650067200,2022,-0.011450900268232292,0.0053345301302067565,-0.004058185069012768
1650153600,2022,-0.03260320242561062,0.010258893350805653,-0.012172154537402485
1650240000,2022,0.008503389325245858,-0.009773835352482255,-0.0016352230136181985
1650326400,2022,-0.00322616254095102,-0.0287204542606041,-0.01697330840077756
1650412800,2022,0.006285503751198814,0.0025960047706921805,0.003440754260945497
1650499200,2022,-0.0378848827974726,0.03361063186540562,-0.0031371254660334897
1650585600,2022,-0.010672473828979215,0.021813668760099342,0.004570597465560064
1650672000,2022,0.0070749543792563525,-0.006465053499609723,-0.0006950495601766851
1650758400,2022,-0.052752286024471795,0.03248186136160532,-0.011135212331433237
1650844800,2022,0.010601249419329162,-0.08204048058385394,-0.03671961558226239
1650931200,2022,-0.048635966820194144,0.0499619080677545,-0.0003370293762198209
1651017600,2022,0.016227446508003635,-0.009694647723229144,0.0022663993923872456
1651104000,2022,-0.01903223201280635,0.008930089249872116,-0.0060510713814671165
1651190400,2022,-0.031408569415212084,0.03293402361978511,-0.0002372728977134862
1651276800,2022,-0.065677139619385,0.0740949384837694,0.0032088994321922007
1651363200,2022,0.025137800606116034,-0.02860367675589977,-0.0027329380748918686
1651449600,2022,-0.01325310600434193,-0.012809376909400242,-0.014031241456871086
1651536000,2022,-0.01874522242028731,0.010798527199443964,-0.004973347610421674
1651622400,2022,0.06736324886352518,-0.05096887033688017,0.007197189263322507
1651708800,2022,-0.10281414158571674,0.07942954804229385,-0.012692296771711443
1651795200,2022,-0.025791501600419653,0.025637845108487285,-0.0010768282459661842
1651881600,2022,-0.031872628116636305,0.04138154782456871,0.0037544598539662024
1651968000,2022,-0.028095627812583384,0.02828137310909658,-0.0009071273517434015
1652054400,2022,-0.15849379548149437,0.12354524128134119,-0.01847427710007659
1652140800,2022,0.04425663904516249,-0.02162615817464079,0.010315240435260851
1652227200,2022,-0.3046588895854905,0.15352512674876484,-0.07656688141836282
1652313600,2022,0.15729694877938724,-0.11061545725699011,0.022340745761198565
1652400000,2022,-0.008277882990850935,0.007027409703764513,-0.0016252366435432109
1652486400,2022,-0.010252098147627767,0.024591249444620284,0.0061695756484962585
1652572800,2022,0.06071894993139759,-0.02810840673427591,0.015305271598560842
1652659200,2022,-0.012782508183376007,-0.0031761074749608875,-0.008979307829168448
1652745600,2022,-0.023376854997373925,0.017640465337503002,-0.0038681948299354616
1652832000,2022,-0.06942673272276056,0.04358059322957467,-0.013923069746592947
1652918400,2022,0.04365890733518222,-0.04137934033257529,0.00013978350130346585
1653004800,2022,-0.016908609161325933,0.012603217381850107,-0.003152695889737913
1653091200,2022,-0.0008177272011985851,-0.0033412577749363237,-0.0030794924880674546
1653177600,2022,0.022674774985066277,-0.0272151518493986,-0.0032701884321661616
1653264000,2022,-0.03434575092656178,0.02166421205168682,-0.00734076943743748
1653350400,2022,0.026776899490139505,-0.02256351685784567,0.0011066913161469167
1653436800,2022,0.006102476851600221,0.017263982704317393,0.010683229777958807
1653523200,2022,-0.10222335393569766,0.09652653914785136,-0.0038484073939231483
1653609600,2022,-0.014463876825313285,0.01966774167203848,0.001601932423362597
1653696000,2022,0.0018531132610388374,-0.007966637877540558,-0.004056762308250861
1653782400,2022,0.08911350513357734,-0.05088113085465736,0.018116187139459988
1653868800,2022,0.09178863056612048,-0.05746581820524913,0.016161406180435673
1653955200,2022,-0.044662806489015584,-0.0010521824481458293,-0.02385749446858071
1654041600,2022,-0.07520421715932413,0.06665887542355013,-0.005272670867886998
1654128000,2022,0.07073744646994425,-0.02614571235626458,0.021295867056839834
1654214400,2022,-0.055095062529577375,0.04601229302036336,-0.005541384754607008
1654300800,2022,0.024069662019540677,-0.02409854114865954,-0.001014439564559432
1654387200,2022,0.0721532862496399,-0.024308319745631263,0.02292248325200432
1654473600,2022,-0.030170605105904635,0.053163936896255204,0.010496665895175283
1654560000,2022,0.01052812646384893,-0.013294364997387195,-0.0023831192667691323
1654646400,2022,0.021933175476979965,-0.00729780836808384,0.006317683554448062
1654732800,2022,0.019997494357443506,-0.001752753487807494,0.008122370434818005
1654819200,2022,-0.09494819594981678,0.04938443162048264,-0.023781882164667072
1654905600,2022,-0.16112480773761315,0.09524783438540126,-0.033938486676105946
1654992000,2022,-0.07551899674899631,0.07608887329165293,-0.0007150617286716945
1655078400,2022,-0.00738974836119662,0.0616647807011802,0.026137516169991788
1655164800,2022,-0.016927726101284568,-0.0034323874494154305,-0.01118005677535
1655251200,2022,0.118822382614087,-0.04292805246557988,0.03694716507425355
1655337600,2022,-0.09120403998500877,0.09895937400703543,0.0028776670110133304
1655424000,2022,-0.002924461386806021,0.0013333493610910852,-0.001795556012857468
1655510400,2022,-0.07286827656448513,0.0894367192747267,0.007284221355120781
1655596800,2022,0.12319162661035077,-0.07029752987484383,0.025447048367753466
1655683200,2022,0.04235664873110171,-0.06950636433486108,-0.014574857801879688
1655769600,2022,-0.009599975905108712,0.03406335323099056,0.011231688662940921
1655856000,2022,0.031017389345073882,-0.00672150655381772,0.01114794139562808
1655942400,2022,0.057321291651077466,-0.04959089467564367,0.0028651984877168983
1656028800,2022,0.046292917056332504,0.010871017340860267,0.027581967198596385
1656115200,2022,0.0063721942682216275,-0.007831935186525881,-0.001729870459152127
1656201600,2022,-0.019177506455888893,0.037911032337515506,0.008366762940813306
1656288000,2022,-0.052758099653570444,0.03681464069022281,-0.008971729481673817
1656374400,2022,-0.05251251982821081,0.041013210860502726,-0.0067496544838540435
1656460800,2022,0.02111170966641218,0.023371178127508996,0.021241443896960588
1656547200,2022,-0.018844106433147673,0.01954111253384035,-0.0006514969496536618
1656633600,2022,-0.019560100222564564,0.016279571870594405,-0.0026402641759850796
1656720000,2022,0.0017140818382011351,-0.024429612150455398,-0.012357765156127132
1656806400,2022,-0.004380686324683099,0.007099027691760185,0.00035917068353854284
1656892800,2022,0.05195240995532006,-0.04550132677724816,0.002225541589035947
1656979200,2022,-0.024286695418917963,0.029516054227521127,0.0016146794043015817
1657065600,2022,0.046697343458651876,-0.018343322332767958,0.01317701056294196
1657152000,2022,0.0728961405850755,-0.0638030487486539,0.003546545918210798
1657238400,2022,-0.03425024031764582,0.024804171499397325,-0.005723034409124248
1657324800,2022,-0.019315801225282536,0.006748628073356522,-0.007283586575963007
1657411200,2022,-0.02036472047478688,0.0402460957456248,0.00894068763541896
1657497600,2022,-0.06511782696797479,0.03908663488342501,-0.01401559604227489
1657584000,2022,-0.03696031464255171,0.013709308589518576,-0.012625503026516566
1657670400,2022,0.07271816169576091,-0.020813724847781323,0.024952218423989793
1657756800,2022,0.07706460255814156,-0.027636757096630937,0.02371392273075531
1657843200,2022,-0.016032383357341622,-0.00271756133233562,-0.010374972344838623
1657929600,2022,0.05324309583592616,-0.028269241270113394,0.011486927282906383
1658016000,2022,0.024919375159066986,-0.0076070647582922035,0.007656155200387391
1658102400,2022,0.019020293117654224,-0.03909289889737896,-0.011036302889862366
1658188800,2022,0.06327023540839398,-0.07974637443044792,-0.009238069511026972
1658275200,2022,-0.06387808131836192,0.06908005380622655,0.0016009862439323114
1658361600,2022,0.03779131077861431,-0.0398940190076383,-0.002051354114511998
1658448000,2022,-0.015587070395821153,0.013531765005830051,-0.002027652694995551
1658534400,2022,-0.015841679518286706,0.007946653371296594,-0.004947513073495056
1658620800,2022,-0.01257256892429548,0.04102523465387542,0.01322633286478997
1658707200,2022,-0.061166659330012085,0.044560162745576504,-0.009303248292217792
1658793600,2022,-0.012632806097613155,0.005629451430198588,-0.004501677333707283
1658880000,2022,0.13390408547585478,-0.11540276493131192,0.008250660272271428
1658966400,2022,0.06503110045866685,-0.06501423670417217,-0.0009915681227526596
1659052800,2022,-0.015314182911988902,0.011141074798909098,-0.003086554056539902
1659139200,2022,-0.011402654000262894,-0.03235762795395606,-0.022880140977109477
1659225600,2022,-0.011835593331260571,-0.008434161417759803,-0.011134877374510188
1659312000,2022,-0.07560498518958214,0.06986550336984483,-0.0038697409098686552
1659398400,2022,0.01796939809700378,-0.029657081824217446,-0.0068438418636068326
1659484800,2022,0.017182054270844665,-0.010463415776520138,0.0023593192471622632
1659571200,2022,0.008972503062396756,-0.005024809862889483,0.0009738465997536365
1659657600,2022,0.013281138817208937,-0.02119907136014798,-0.004958966271469522
1659744000,2022,-0.016274810583943273,-0.009899013475460258,-0.014086912029701765
1659830400,2022,0.0463738327522909,-0.027144542716875275,0.008614645017707812
1659916800,2022,0.023774294593516987,-0.013986638958197073,0.003893827817659957
1660003200,2022,-0.05332065737061057,0.06185725847956436,0.003268300554476894
1660089600,2022,0.08475803880056583,-0.06059725879605504,0.011080390002255393
1660176000,2022,-0.016396215063135527,0.0010453832066000812,-0.008675415928267722
1660262400,2022,0.04193318161050404,-0.02089425485595912,0.009519463377272462
1660348800,2022,-0.012362141737910282,-0.0015724914778640908,-0.007967316607887187
1660435200,2022,-0.016308355777769384,0.009577886917648715,-0.0043652344300603345
1660521600,2022,-0.023126037581624126,0.028577133416939793,0.0017255479176578334
1660608000,2022,0.0017536647077036245,-0.054233737721263164,-0.02724003650677977
1660694400,2022,-0.06456863625654423,0.06251997538429217,-0.002024330436126028
1660780800,2022,-0.07326098363478806,0.06002316352877598,-0.007618910053006039
1660867200,2022,-0.0470290670034896,0.05281581477123809,0.0018933738838742458
1660953600,2022,-0.0192709960391384,0.022581123796963753,0.000655063878912677
1661040000,2022,0.009734916962016338,-0.026776929048049364,-0.009521006043016512
1661126400,2022,0.008521102581423653,-0.0025714014694200684,0.0019748505560017926
1661212800,2022,0.01826189212328873,-0.0018110686666700238,0.007225411728309354
1661299200,2022,0.0033778653188377326,-0.019452209878228228,-0.00903717227969525
1661385600,2022,0.0066988646730428885,-0.014608713087719752,-0.0049549242073384315
1661472000,2022,-0.10613786479644227,0.07156414120923886,-0.018286861793601707
1661558400,2022,-0.011056293615973897,-0.003545486746375522,-0.008300890181174709
1661644800,2022,-0.004308532006284597,0.041940830866035984,0.017816149429875694
1661731200,2022,0.05361458223874971,-0.049552054509587405,0.0010312638645811516
1661817600,2022,-0.014995074904195271,-0.005677082431548186,-0.01133607866787173
1661904000,2022,-0.026159987976062782,0.036726228708394516,0.004283120366165867
1661990400,2022,0.03813595794342498,-0.022044144350999845,0.007045906796212568
1662076800,2022,0.010948932254163601,0.01232595453595986,0.01063744339506173
1662163200,2022,-0.003933009245129737,-0.00769904137631557,-0.006816025310722653
1662249600,2022,0.017782435361444932,-0.011647783056546531,0.0020673261524492004
1662336000,2022,0.0018305561599469833,-0.01533995671864711,-0.007754700279350064
1662422400,2022,-0.09838929232039569,0.055067847349329825,-0.02266072248553293
1662508800,2022,0.06149995932074755,-0.039518456614421105,0.009990751353163223
1662595200,2022,0.08406705756862538,-0.036012842110484534,0.023027107729070424
1662681600,2022,0.01814066536054589,-0.043601147529338746,-0.013730241084396428
1662768000,2022,0.008429925308963027,-0.0004672501844746139,0.0029813375622442066
1662854400,2022,-0.007339839449453785,0.010403279733047296,0.0005317201417967556
1662940800,2022,-0.013783611008589047,-0.023930614769108145,-0.019857112888848595
1663027200,2022,-0.06530225096912438,0.056035176671284215,-0.005633537148920085
1663113600,2022,-0.02421919776663321,0.025916391648484288,-0.00015140305907446108
1663200000,2022,-0.009069176856249084,0.02275611470690723,0.005843468925329074
1663286400,2022,0.019952305924047176,-0.0007437977624020394,0.00860425408082257
1663372800,2022,0.0270752868650798,-0.009490455817304344,0.007792415523887728
1663459200,2022,-0.07025547622957802,0.10548384871094996,0.016614186240685967
1663545600,2022,0.0478061961617422,-0.015217988176363292,0.015294103992689451
1663632000,2022,0.03645512230464062,-0.00807293572351068,0.013191093290564969
1663718400,2022,-0.02185169542980307,0.02858679789745296,0.0023675512338249454
1663804800,2022,0.18537728810459075,-0.071263234556185,0.05605702677420288
1663891200,2022,-0.03359284917925909,0.006769381126525327,-0.01441173402636688
1663977600,2022,-0.03946298402581686,0.006858251152809432,-0.017302366436503715
1664064000,2022,-0.009854219567204744,0.016417122448532512,0.002281451440663884
1664150400,2022,0.01558722620162023,-0.05565719208130463,-0.0210349829398422
1664236800,2022,-0.06467078961175592,0.04749910672663482,-0.009585841442560548
1664323200,2022,0.003721623987649155,-0.019872940533277,-0.009075658272813925
1664409600,2022,0.028948368365873372,-0.016697575107695022,0.005125396629089175
1664496000,2022,0.010034202649800558,-0.005108343608987746,0.0014629295204064059
1664582400,2022,0.007646850747215568,0.006795898652957748,0.006221374700086658
1664668800,2022,-0.027316545667136555,0.018080394694970508,-0.005618075486083024
1664755200,2022,0.005218056566630362,-0.038275672732943265,-0.017528808083156454
1664841600,2022,0.0216876284726204,-0.039991255156863005,-0.010151813342121303
1664928000,2022,0.009519235944873028,-0.009381119014416331,-0.0009309415347716517
1665014400,2022,-0.027267171329177924,0.015737254291054215,-0.006764958519061855
1665100800,2022,0.03426536868632216,0.00784311731451067,0.020054243000416416
1665187200,2022,-0.007214188557732,0.009264958988189576,2.5385215228787648e-05
1665273600,2022,0.02197427013670857,-0.012599482703680534,0.003687393716514017
1665360000,2022,-0.04647890590971634,0.07098137753458426,0.011251235812433962
1665446400,2022,0.004627991629867008,0.0017281812662247968,0.0021780864480459025
1665532800,2022,-0.01258168497380748,0.006114768850774259,-0.00423345806151661
1665619200,2022,0.028723664051886273,-0.03821639396557086,-0.005746364956842294
1665705600,2022,-0.026770771967311553,0.02273504216665005,-0.003017864900330752
1665792000,2022,-0.015224898227608308,0.00046098021236891845,-0.008381959007619694
1665878400,2022,-0.010150909788463669,-0.008558771909047413,-0.010354840848755542
1665964800,2022,0.04416232371720382,-0.017984094383820908,0.012089114666691457
1666051200,2022,-0.0021720503362870533,0.025099937350617663,0.010463943507165306
1666137600,2022,-0.01968409402846642,0.016238291354825202,-0.0027229013368206085
1666224000,2022,-0.014968700731138393,0.006672309870107844,-0.005148195430515275
1666310400,2022,0.01217291143601044,0.0002264161155114778,0.005199663775760958
1666396800,2022,0.007912496714877815,-0.010839753380306702,-0.0024636283327144435
1666483200,2022,0.02250427280519962,0.0003287872347845037,0.010416530019992064
1666569600,2022,-0.012780752702050998,-0.006384559747619201,-0.010582656224835101
1666656000,2022,0.045850250104616484,-0.05115302372642735,-0.0036513868109054317
1666742400,2022,0.00661078888611355,-0.03945366027192391,-0.01742143569290518
1666828800,2022,-0.03390986217445243,0.04219684993177675,0.0031434938786621585
1666915200,2022,0.08452845434916549,-0.06374042766779249,0.0093940133406865
1667001600,2022,0.16337791392923798,-0.03835484138092945,0.06151153627415426
1667088000,2022,-0.028678640629542024,0.022690915356189095,-0.003993862636676465
1667174400,2022,-0.005090566426964482,0.002897583873014975,-0.0020964912769747537
1667260800,2022,0.014822864506783348,0.010781033353725858,0.011801948930254602
1667347200,2022,-0.021366477075980383,0.000792516673644994,-0.011286980201167696
1667433600,2022,-0.035298790440434415,-0.005314380921823865,-0.021306585681129142
1667520000,2022,0.05916469208579297,-0.050641501113782926,0.003261595486005021
1667606400,2022,-0.0010334852551869094,0.012286145760863768,0.0046263302528384296
1667692800,2022,-0.006886158147245395,0.03703210294655116,0.014072972399652883
1667779200,2022,-0.05166035732103228,0.06185528967903683,0.004097466179002273
1667865600,2022,-0.09937500005252757,0.10038745742278081,-0.0004937713148733805
1667952000,2022,-0.07579865797329415,0.10706312415196924,0.014632233089337546
1668038400,2022,0.07470315740109568,-0.04475783327302326,0.013972662064036207
1668124800,2022,-0.03993735530159159,0.02772175138934844,-0.0071078019561215755
1668211200,2022,-0.02481129632205159,0.0206362952465116,-0.003087500537769996
1668297600,2022,-0.09586438309281646,0.09401046792728733,-0.0019269575827645649
1668384000,2022,0.08317041860649321,-0.07747202854685471,0.00184919502981925
1668470400,2022,0.020202766783252574,-0.029565533802081045,-0.0056813835094142355
1668556800,2022,-0.026067887793044548,0.060855027760304124,0.016393569983629785
1668643200,2022,-0.01190705006226389,-0.031680080284693345,-0.02279356517347862
1668729600,2022,-0.02950514805841024,0.02083637863421317,-0.005334384712098535
1668816000,2022,0.008954322565562759,-0.02268204600218926,-0.00786386171831325
1668902400,2022,-0.04968091516675762,0.06333838600978099,0.005828735421511686
1668988800,2022,0.01371701897130421,-0.018951327624017782,-0.0036171543263567862
1669075200,2022,0.1844960128221098,-0.059492771474174866,0.06150162067396747
1669161600,2022,-0.014352412502332287,-0.01894013577546083,-0.01764627413889656
1669248000,2022,0.007485656245065364,0.02597562404860639,0.015730640146835874
1669334400,2022,-0.005664976624562372,-0.0241444291834374,-0.015904702903999885
1669420800,2022,0.025519550639151272,-0.014266028004720618,0.004626761317215327
1669507200,2022,-0.07194096329995014,0.03282149428097777,-0.02055973450948619
1669593600,2022,0.04106228044665272,-0.010311458491918021,0.014375410977367348
1669680000,2022,0.03048326762684524,-0.02359295431540535,0.002445156655719945
1669766400,2022,-0.0008317460603578889,-0.02225553793854614,-0.012543641999452015
1669852800,2022,-0.022795529186739365,0.010461093241852034,-0.0071672179724436656
1669939200,2022,0.004155860090349406,-0.014267137673498706,-0.00605563879157465
1670025600,2022,-0.017679937363771048,0.010392406863362477,-0.0046437652502042855
1670112000,2022,0.024962570547383194,-0.010558137112580098,0.006202216717401548
1670198400,2022,-0.0040530419471371815,0.014638444977401188,0.004292701515132003
1670284800,2022,-0.01866841580638412,0.005416982951951106,-0.007625716427216507
1670371200,2022,-0.036032098110233036,0.015471584059235247,-0.011280257025498897
1670457600,2022,0.019001751141416445,-0.015648225043980297,0.0006767630487180742
1670544000,2022,-0.012353934622378512,0.00024108163894513238,-0.00705642649171669
1670630400,2022,0.005554060568064549,-0.0016746265444788078,0.0009397170117928706
1670716800,2022,-0.03592043110302986,0.03994210754580078,0.0010108382213854595
1670803200,2022,0.022452145499925285,-0.006235289098606304,0.00710842820065949
1670889600,2022,0.0322064030732608,-0.03681693302807698,-0.00330526497740809
1670976000,2022,-0.022953478027638103,0.01729702547367588,-0.0038282262769811113
1671062400,2022,-0.025136333400992233,0.003705563836542155,-0.01171538478222504
1671148800,2022,-0.09406476749058153,0.10921347176262075,0.006574352136019612
1671235200,2022,0.0007969918857135827,-0.02978471708339662,-0.015493862598841519
1671321600,2022,-0.023671452468565096,0.02581265937332348,7.060345237919294e-05
1671408000,2022,-0.01775969042949625,0.007618572518293269,-0.00607055895560149
1671494400,2022,0.010206929177532187,-0.005591572496046027,0.00130767834074308
1671580800,2022,0.002228297777560654,-0.004255457279876122,-0.002013579751157734
1671667200,2022,0.006158445897247271,-0.009899380640217892,-0.0028704673714853106
1671753600,2022,-0.0023145427982854314,0.0017511750887065913,-0.00128168385478942
1671840000,2022,-0.0007810019770992938,0.00962678846619939,0.0034228932445500484
1671926400,2022,0.0002808959624002923,-0.0017570493244282541,-0.001738076681013981
1672012800,2022,0.01016862688883724,-0.006753181593513791,0.0007077226476617246
1672099200,2022,-0.019148812264698445,0.0296745778389446,0.004262882787123077
1672185600,2022,-0.03418077507884206,0.01798210351688963,-0.009099335780976214
1672272000,2022,-0.004529182710333794,8.006779024431292e-05,-0.0032245574600447404
1672358400,2022,0.006075531731302227,0.023989115543465982,0.014032323637384103
1672444800,2022,0.013951923348202203,0.009412815946444275,0.010682369647323237
1672531200,2023,0.008370707055486148,-0.0018811512976924332,0.0022447778788968575
1672617600,2023,0.07183723524585701,-0.024843102174037474,0.02249706653590977
1672704000,2023,0.0888936375111568,-0.026343804118439323,0.030274916696358734
1672790400,2023,-0.012297257041568291,0.0019869637230643202,-0.006155146659251986
1672876800,2023,-0.01856486040913574,0.016204152399567667,-0.0021803540047840375
1672963200,2023,0.010786020403172447,-0.016528085763301153,-0.003871032680064353
1673049600,2023,-0.0007840299159240042,-0.006715175425893653,-0.004749602670908829
1673136000,2023,0.14956557140539664,-0.037161552178831915,0.055202009613282366
1673222400,2023,-0.015259345575139563,-0.0007375280625267674,-0.008998436818833166
1673308800,2023,-0.007669317803639886,-0.012541704041937626,-0.011105510922788758
1673395200,2023,0.04669152162943487,-0.05408407538930297,-0.004696276879934048
1673481600,2023,-0.0069289145145563875,-0.02284338405991737,-0.01588614928723688
1673568000,2023,0.08961991112323335,-0.15749629094030895,-0.0349381899085378
1673654400,2023,0.018715676658016656,0.022913574071367588,0.01981462536469212
1673740800,2023,0.019382111382903577,-0.02094482051977405,-0.0017813545684352361
1673827200,2023,-0.023083219003723416,0.03795026534317355,0.0064335231697250665
1673913600,2023,0.014351848188168592,-0.027716268675693323,-0.007682210243762365
1674000000,2023,-0.03953175386426303,0.04920111771345156,0.0038346819245942626
1674086400,2023,0.04384931250220273,-0.00972215967000419,0.01606357641609927
1674172800,2023,0.10448351531695876,-0.07137669931038186,0.01555340800328845
1674259200,2023,-0.0036010797093278444,0.0017323273168830717,-0.0019343761962223862
1674345600,2023,-0.002377864277839407,-0.015848343549416444,-0.010113103913627925
1674432000,2023,0.013862137303811325,-0.031067475562654545,-0.00960266912942161
1674518400,2023,-0.06341294994782835,0.059319796593463016,-0.003046576677182669
1674604800,2023,0.045147464530482795,-0.02203015445168958,0.010558655039396608
1674691200,2023,-0.009956889064129134,0.0260333009928115,0.007038205964341183
1674777600,2023,0.025416020530080925,-0.026096782335092234,-0.0013403809025056548
1674864000,2023,-0.01564636597150452,-0.023292699700612984,-0.020469532836058756
1674950400,2023,0.006205424654829909,-0.009011813142557168,-0.0024031942438636294
1675036800,2023,-0.03794849451002036,0.02083552967615443,-0.009556482416932965
1675123200,2023,0.015401147618608743,-0.019287410539814864,-0.0029431314606030608
1675209600,2023,0.03273026822360947,-0.04579062463936653,-0.007530178207878528
1675296000,2023,-0.024743766497440662,0.007410608804583145,-0.009666578846428759
1675382400,2023,0.06446575234238927,-0.011138419072912834,0.02566366663473822
1675468800,2023,0.02570553161804449,-0.0019273692046356539,0.01088908120670442
1675555200,2023,-0.017787374485632723,0.03386015103559573,0.007036388274981505
1675641600,2023,-0.0159567043180745,0.009348324780495373,-0.004304189768789563
1675728000,2023,0.04689290430121903,-0.022400891541378698,0.011246006379920164
1675814400,2023,-0.06303721364824784,0.04362721008100753,-0.010705001783620157
1675900800,2023,-0.06403097536481939,0.03190755412058788,-0.017061710622115756
1675987200,2023,0.06501019944760533,-0.005635712613419663,0.028687243417092834
1676073600,2023,0.0354035249318105,0.002800471577678413,0.018101998254744456
1676160000,2023,-0.03618023145835658,0.012720665385643945,-0.012729783036356319
1676246400,2023,-0.01991999628302732,0.007850276303176362,-0.0070348599899254785
1676332800,2023,0.04197435393672692,-0.030450597180802303,0.004761878377962307
1676419200,2023,0.06706686575088083,-0.06076483277967348,0.002151016485603675
1676505600,2023,-0.045814530051409084,0.03212580733569648,-0.007844361357856305
1676592000,2023,0.05574718169270487,-0.0207606314516872,0.016493275120508834
1676678400,2023,-0.005372779572323257,0.004650240134579968,-0.0013612697188716445
1676764800,2023,0.00940642653553847,0.013362694751563153,0.010384560643550811
1676851200,2023,0.04004481401968448,-0.022512375129656908,0.007766219445013787
1676937600,2023,-0.021650042930902596,0.0194540753429564,-0.0020979837939730977
1677024000,2023,0.0347845216551087,-0.006458784731961338,0.013162868461573683
1677110400,2023,-0.05106932410316086,0.013783300824335876,-0.019643011639412494
1677196800,2023,-0.06952089076805261,0.037750582796083045,-0.016885153985984783
1677283200,2023,-0.0012404277944719395,-0.007950548836907156,-0.005595488315689548
1677369600,2023,0.017048954728126064,-0.005893637342244277,0.004577658692940893
1677456000,2023,-0.014106611096825391,0.011814619070194729,-0.0021459960133153313
1677542400,2023,-0.017239114032849574,-0.0017868375478156857,-0.01051297579033263
1677628800,2023,-0.011310353214395774,0.002745171434112237,-0.005282590890141769
1677715200,2023,-0.07107043244845075,0.055609287417178854,-0.00873057251563595
1677801600,2023,0.010659829870909706,-0.01184989200822247,-0.001595031068656382
1677888000,2023,-0.012161348326416688,-0.002918214519172476,-0.008539781422794582
1677974400,2023,-0.017007223176473518,0.0067671960389477466,-0.006120013568762885
1678060800,2023,0.009406956124074458,-0.006301116431373914,0.0005529198463502722
1678147200,2023,-0.028124169984230358,0.025237708255300622,-0.002443230864464868
1678233600,2023,-0.01844017131376389,0.021933145744432243,0.0007464872153341755
1678320000,2023,-0.060011587553384725,0.0837754170838882,0.01088191476525174
1678406400,2023,0.0016858879508485265,0.001705970883721671,0.0006959294172850987
1678492800,2023,-0.008140356873144553,0.018530785290648704,0.004195214208752076
1678579200,2023,0.05843781108484521,-0.0795811510065696,-0.011571669960862192
1678665600,2023,0.03118406363155457,-0.033653554250803186,-0.0022347453096243078
1678752000,2023,0.05081613529274942,-0.02656106405315965,0.011127535619794886
1678838400,2023,-0.052895214021455327,0.0654014739738175,0.005253129976181087
1678924800,2023,0.03609982169681003,-0.030597441776524237,0.0017511899601428968
1679011200,2023,0.04353689684993781,-0.07346976904593028,-0.015966436097996233
1679097600,2023,-0.01356333169005878,0.03584972242414993,0.010143195367045575
1679184000,2023,-0.002963453560183608,0.02021449137864284,0.007625518909229616
1679270400,2023,-0.009409299305749555,0.02304970454729538,0.005820202620772912
1679356800,2023,0.047776797833462524,-0.04243972474983404,0.0016685365418142419
1679443200,2023,-0.05445719488757894,0.01000340829493196,-0.023226893296323492
1679529600,2023,0.020636159599864905,-0.02973855060914395,-0.005551195504639522
1679616000,2023,-0.025522923208100567,0.04636963394239524,0.009423355367147335
1679702400,2023,0.00045588390675136797,0.005314707271588633,0.0018852955891700005
1679788800,2023,0.002144733459864471,-0.006559566799115031,-0.00320741666962528
1679875200,2023,-0.0006847713162629887,0.040093017801524,0.018704123242630506
1679961600,2023,0.09400264212553244,-0.025689028751124294,0.033156806687204075
1680048000,2023,-0.0024069692569846555,-0.013170298488654142,-0.008788633872819399
1680134400,2023,0.02549820349181438,0.011588863156200188,0.017543533324007283
1680220800,2023,0.01357899885197981,-0.03004600923510788,-0.009233505191564035
1680307200,2023,0.013387087071757805,0.0023682095835561023,0.006877648327656955
1680393600,2023,-0.04494747089126524,0.03227939802035588,-0.0073340364354546805
1680480000,2023,-0.013595926155157553,-0.03619995483420868,-0.02589794049468312
1680566400,2023,0.0146909279962432,-0.042693925414277224,-0.015001498709017014
1680652800,2023,-0.03457752794743644,0.01621498394789141,-0.010181271999772513
1680739200,2023,-0.035720238800197,0.014035755485131807,-0.011842241657532598
1680825600,2023,-0.014304535258962433,-0.0039236403235158495,-0.010114087791239141
1680912000,2023,-0.01123647163940574,0.00945903472743285,-0.001888718455986445
1680998400,2023,-0.006981600999214299,-0.008306912014734694,-0.008644256506974497
1681084800,2023,0.03610571727908892,-0.028542616707993556,0.0027815502855476825
1681171200,2023,-0.020791344212953995,0.006850963463080044,-0.007970190374936976
1681257600,2023,0.02091033108133437,-0.023342639502959672,-0.002216154210812651
1681344000,2023,0.07540789662784368,-0.05364480100206803,0.009881547812887824
1681430400,2023,-0.010204529119742492,0.005440093207777312,-0.0033822179559825903
1681516800,2023,0.012800455389171739,-0.0004530036975951927,0.005173725845788273
1681603200,2023,0.0058127693973329215,-0.01933950736813239,-0.0077633689853997346
1681689600,2023,0.004923005137304408,0.016262771041112217,0.009592888089208312
1681776000,2023,0.030969817808128353,-0.014111277080829895,0.007429270363649228
1681862400,2023,-0.07519470097664342,0.07655626308814312,-0.0003192189442501525
1681948800,2023,-0.03803125428321904,0.011403159300140206,-0.014314047491539417
1682035200,2023,-0.03971709989001585,0.04184904818907106,6.597414952760287e-05
1682121600,2023,0.01367180249624315,-0.004529529338095954,0.003571136579073598
1682208000,2023,0.003117597303766854,-0.007671054085350922,-0.0032767283907920337
1682294400,2023,-0.02488350077225998,0.026165266103395018,-0.00035911733443248165
1682380800,2023,0.023199459818569707,-0.02470854784050025,-0.0017545440109652715
1682467200,2023,-0.008017496046344755,0.011012065185393327,0.000497284569524286
1682553600,2023,0.009271973423024438,-0.0047766477790220545,0.0012476628220011916
1682640000,2023,0.005520107078434385,-0.006873303672283448,-0.001676598296924532
1682726400,2023,-0.006166814940638902,-0.00587580159668973,-0.007021308268664316
1682812800,2023,-0.029939111021260272,0.018353353609016243,-0.006792878706122015
1682899200,2023,-0.025766070582235973,0.017852378631974013,-0.00495684597513098
1682985600,2023,0.008167838749004138,-0.0008126176615884292,0.0026776105437078548
1683072000,2023,0.01059025071751781,-0.02288128704779117,-0.00714551816513668
1683158400,2023,-0.007996184219512129,0.00961846083193707,-0.0001888616937875294
1683244800,2023,0.01214906784657884,-0.015565969320873507,-0.002708450737147334
1683331200,2023,-0.03754347926376193,0.04150492303187884,0.0009807218840584562
1683417600,2023,-0.020079780926686202,0.016798357150514847,-0.0026407118880856775
1683504000,2023,-0.01682654503537621,0.031211597945018488,0.0061925264548211385
1683590400,2023,0.00045874618772715853,-0.035456482927845645,-0.018498868370059245
1683676800,2023,-0.023549174115203002,0.004943215549258769,-0.010302979282972118
1683763200,2023,-0.02675615695467733,0.036215753623991175,0.0037297983346569223
1683849600,2023,0.020672301371122675,-0.028661902884579666,-0.004994800756728496
1683936000,2023,-0.0022335468347607357,0.0025694386813676826,-0.0008320540766965266
1684022400,2023,0.01105949435525703,-0.013561514221034429,-0.0022510099328886994
1684108800,2023,-0.02033513489417153,0.010132636680848258,-0.006101249106661636
1684195200,2023,0.02812703107867313,-0.012510981151656756,0.0068080249635081875
1684281600,2023,-0.0003807538851929119,-0.021712126871538413,-0.012046440378365664
1684368000,2023,-0.015419929895372034,0.01482094971410127,-0.0012994900906353824
1684454400,2023,-0.005606191905229633,0.0022915930275991814,-0.002657299438815226
1684540800,2023,0.006704531131014176,-0.0026540456777329378,0.0010252427266406192
1684627200,2023,-0.02600859853275021,0.02138255596608248,-0.0033130212833338652
1684713600,2023,0.019999439368027467,-0.04288441569584189,-0.012442488163907212
1684800000,2023,-0.030664573263558315,0.023475017051516927,-0.004594778106020694
1684886400,2023,-0.014082692100624886,0.017288924446327496,0.0006031161728513052
1684972800,2023,0.014293108444135042,-0.006981561883866745,0.0026557732801341482
1685059200,2023,0.019266867187296643,-0.019918148383243944,-0.00132564059797365
1685145600,2023,0.012553780432203085,-0.032891227956471036,-0.011168723762133976
1685232000,2023,0.007201041380135627,-0.013082810625465754,-0.003940884622665064
1685318400,2023,-0.001345951417244066,-0.002039171130404268,-0.002692561273824167
1685404800,2023,-0.00557285404948038,0.0066562949031956364,-0.0004582795731423719
1685491200,2023,-0.030283048732749413,0.02816441263547842,-0.0020593180486354968
1685577600,2023,0.0045102132388393406,-0.010713264586897697,-0.004101525674029178
1685664000,2023,0.0031969278642506684,-0.002751101816276025,-0.0007770869760126782
1685750400,2023,0.003024582142113504,-0.01096342924170061,-0.004969423549793552
1685836800,2023,-0.0028660488329080116,0.015701234273401792,0.0054175927202468905
1685923200,2023,-0.058111357737903546,0.04331340141567497,-0.00839897816111429
1686009600,2023,0.02731365324932759,-0.03495623474817814,-0.004821290749425275
1686096000,2023,-0.034987015864029636,0.04610575403916602,0.004559369087568194
1686182400,2023,0.011518461794474799,-0.007478353529238868,0.0010200541326179655
1686268800,2023,-0.0340573999741877,0.10802300817384414,0.03598280409982822
1686355200,2023,-0.05225740055663156,0.05922979055303734,0.00248619499820289
1686441600,2023,-0.02771047080749504,0.00680164412348853,-0.011454413342003256
1686528000,2023,0.03824125721292234,-0.014988020658891784,0.010626618277015276
1686614400,2023,0.008349653098667123,0.0030969120743062537,0.004723282586486689
1686700800,2023,-0.005705558628442946,0.049822795779398486,0.02105861857547777
1686787200,2023,-0.033924530926281705,-0.018964996538625156,-0.02744476373245343
1686873600,2023,0.025515555092649578,-0.013762304774803854,0.004876625158922862
1686960000,2023,0.011728682114952704,-0.013063509203714574,-0.0016674135443809348
1687046400,2023,0.0064939749360502326,-0.0058225604313148676,-0.0006642927476323175
1687132800,2023,-0.000727138615383871,-0.0006929241198160666,-0.0017100313675999688
1687219200,2023,0.060187149990735676,-0.04786291358277676,0.0051621182039794595
1687305600,2023,0.11118840459337465,-0.06121562239161974,0.02398639110087745
1687392000,2023,-0.013790599724122443,0.022340559427596607,0.003274979851737082
1687478400,2023,0.1469340790943947,-0.006625762050921284,0.06915415852173672
1687564800,2023,0.0523929622748854,0.007547345645850208,0.028970153960367805
1687651200,2023,-0.025789566992069284,0.01814639191634959,-0.0048215875378598465
1687737600,2023,0.03735548477673508,0.011237203000202109,0.023296343888468594
1687824000,2023,0.041456912776184573,0.00497140591937939,0.02221415934778198
1687910400,2023,-0.024016288310086065,0.03507049411700406,0.004527102903458998
1687996800,2023,0.12241853804859286,-0.02838682748023687,0.046015855284177995
1688083200,2023,-0.005704162237660053,-0.004160174946444791,-0.005932168592052422
1688169600,2023,-0.037748907455481685,-0.014662875150549537,-0.027205891303015612
1688256000,2023,0.056493354372011494,-0.006754758913888992,0.02386929772906125
1688342400,2023,-0.027930834770783508,-0.01574671843226268,-0.022838776601523093
1688428800,2023,0.017934453568370052,0.014527704885111792,0.01523107922674092
1688515200,2023,-0.04451529805794604,0.030550019818373537,-0.00798263911978625
1688601600,2023,0.010945694975849221,0.022135316554582934,0.015540505765216078
1688688000,2023,0.020172055934099726,-0.00011027231733014749,0.009030891808384789
1688774400,2023,0.011922550603574056,-0.0030396371811196587,0.0034414567112271985
1688860800,2023,-0.030041230518828083,0.015689885518027375,-0.008175672500400355
1688947200,2023,0.015405476816531963,-0.021472797363033463,-0.00403366027325075
1689033600,2023,-0.0027157122248527474,-0.008032961048257273,-0.0063743366365550105
1689120000,2023,-0.0041883552077582875,0.008051012029879753,0.0009313284110607327
1689206400,2023,0.12093027729811785,-0.27122520459710914,-0.07614746364949565
1689292800,2023,-0.040735116299250494,0.06089305554003821,0.009078969620393857
1689379200,2023,-0.018250549592310168,-0.01065453927845291,-0.015452544435381538
1689465600,2023,0.027014118775834522,0.0039265027964640415,0.014470310786149281
1689552000,2023,-0.029024682942346725,0.016204632206296532,-0.007410025368025096
1689638400,2023,-0.01862648997829756,-0.014644717138155664,-0.017635603558226614
1689724800,2023,0.11038034164686243,0.002626396034841161,0.055503368840851795
1689811200,2023,0.03868156783579083,-0.001707553614102945,0.017487007110843944
1689897600,2023,-0.034287968056643914,-0.006814228045796049,-0.02155109805121998
1689984000,2023,-0.018978206844688428,0.010120900685663625,-0.005428653079512401
1690070400,2023,-0.019438705281553375,0.0051486236914390915,-0.008145040795057141
1690156800,2023,-0.022893805325449452,0.0231880826595204,-0.0008528613329645265
1690243200,2023,0.013892784949240955,-0.0037776013108249775,0.004057591819207989
1690329600,2023,0.02181703093139146,-0.01571480633988494,0.0020511122957532603
1690416000,2023,0.0028208639696025717,0.004372336501616651,0.0025966002356096114
1690502400,2023,-0.005261481911817856,-0.005567532018882604,-0.00641450696535023
1690588800,2023,0.022357463723676457,-0.014768676986600338,0.0027943933685380595
1690675200,2023,-0.016679703897490777,0.001999705554743677,-0.00833999917137355
1690761600,2023,-0.05205538373678557,0.031003050386325854,-0.011526166675229856
1690848000,2023,0.03378655438005573,-0.02350765876119258,0.004139447809431577
1690934400,2023,-0.02955298946324088,0.03159002128345264,1.851591010587888e-05
1691020800,2023,-0.017920973828431497,0.027553279091746468,0.0038161526316574856
1691107200,2023,0.029111204439669452,0.004312948689975153,0.015712076564822302
1691193600,2023,0.039943074868546535,-0.007891087963598201,0.015025993452474167
1691280000,2023,0.0030064014016215612,0.0007458685801188988,0.00087613499087023
1691366400,2023,0.0014283290144948186,0.00788951917040337,0.0036589240924490944
1691452800,2023,0.04093389025980362,-0.02075871984101707,0.009087585209393272
1691539200,2023,-0.0020720561378918534,0.000983706677946931,-0.001544174729972461
1691625600,2023,-0.008538451257130894,0.007725078193036694,-0.0014066865320470998
1691712000,2023,0.021214162359876648,0.0013523389374122674,0.010283250648644458
1691798400,2023,-0.004772405971164018,0.005125292365458667,-0.0008235568028526754
1691884800,2023,0.02745984483848281,0.004878582466510443,0.015169213652496627
1691971200,2023,0.021934570887163957,0.002316621294797446,0.0111255960909807
1692057600,2023,-0.04589442706389446,0.03230414553143113,-0.0077951407662316665
1692144000,2023,-0.048794588377790715,0.032092367727808956,-0.00935111032499088
1692230400,2023,-0.08814262428493969,0.12478549586485987,0.017321435789960093
1692316800,2023,0.06212040825711821,0.0023678422515962896,0.031244125254357248
1692403200,2023,0.002670159258045738,-0.003724942924497654,-0.001527391833225958
1692489600,2023,-0.0032012746659508076,-0.0017003629141172742,-0.003450818790034041
1692576000,2023,-0.011710046494342078,0.007883250663383948,-0.002913397915479065
1692662400,2023,-0.025850254476335894,0.0059035423143491235,-0.010973356080993386
1692748800,2023,0.04552089884977032,-0.022879056987203272,0.010320920931283523
1692835200,2023,-0.0424062312912508,0.019161473252563344,-0.012622379019343728
1692921600,2023,0.006965884401032296,-0.006532082477954448,-0.0007830990384610761
1693008000,2023,-0.014284756334023116,0.00603183523423978,-0.005126460549891668
1693094400,2023,0.0009623685013196622,-0.0015972793080550145,-0.0013174554033676762
1693180800,2023,-0.008044298454581619,-0.001511382869739064,-0.0057778406621603415
1693267200,2023,0.01163509490734412,-0.04358431917883484,-0.01697461213574536
1693353600,2023,-0.026876818960598903,0.023383054761615434,-0.0027468820994917343
1693440000,2023,-0.03184031034732756,0.019705458053573044,-0.007067426146877258
1693526400,2023,-0.02918689245370824,0.014761286425577724,-0.008212803014065257
1693612800,2023,0.01565034675996335,-0.002791097021176414,0.005429624869393469
1693699200,2023,-0.014181267859061042,-0.00412406734413584,-0.010152667601598442
1693785600,2023,-0.0015315212878947253,0.0240776480566481,0.010273063384376686
1693872000,2023,-0.005256004192000008,-0.004905547241521073,-0.006080775716760541
1693958400,2023,0.0013026129099342754,-0.005297270206602904,-0.0029973286483343142
1694044800,2023,0.006108667639833494,-0.012982606259030952,-0.004436969309598729
1694131200,2023,-0.008678815995193748,0.013456919801783762,0.001389051903295007
1694217600,2023,-0.00820777210487574,0.011697454541906627,0.0007448412185154431
1694304000,2023,-0.004233879996494605,0.01978425671017207,0.006775188356838733
1694390400,2023,-0.01097331950088487,0.015548470285172181,0.0012875753921436552
1694476800,2023,-0.03871437640513209,0.004755672161060542,-0.017979352122035774
1694563200,2023,0.04153996569871129,-0.010492671818804311,0.014523646939953488
1694649600,2023,-0.002580303729973754,-0.013537190368182314,-0.009058747049078036
1694736000,2023,0.004295149252840173,-0.004778405756988994,-0.0012416282520744107
1694822400,2023,-0.010864029912827089,0.022446287711028596,0.0047911288991007535
1694908800,2023,0.0064674625434345545,0.006199797690136862,0.005333630116785708
1694995200,2023,0.026559754789897916,-0.00510550315728886,0.009727125816304527
1695081600,2023,0.007308981321536012,-0.002502358966560888,0.001403311177487562
1695168000,2023,0.014053829894609756,0.00534777123474565,0.008700800564677702
1695254400,2023,-0.020498305622368873,0.01815215067761707,-0.002173077472375902
1695340800,2023,0.013262285038106078,0.0025142613911996645,0.006888273214652871
1695427200,2023,0.003603236440363681,0.0019127760818922201,0.0017580062611279503
1695513600,2023,-0.007541075605891863,0.006623759963619487,-0.001458657821136188
1695600000,2023,0.017231394383739624,-0.00765893744507314,0.0037862284693332424
1695686400,2023,-0.01312161471562745,0.0031561382932194424,-0.0059827382112040035
1695772800,2023,0.036637630516077234,-0.0024805119107949394,0.016078559302641147
1695859200,2023,0.03933293145399667,-0.014758497410079618,0.011287217021958524
1695945600,2023,0.01604037474696966,0.0048305302520323945,0.009435452499501028
1696032000,2023,0.013323919260516792,-0.008656655180770004,0.001333632039873394
1696118400,2023,0.018352433685662455,-0.022220903725959234,-0.0029342350201483893
1696204800,2023,-0.02640436583871582,0.02069577129475264,-0.0038542972719815905
1696291200,2023,-0.03402848719282644,-0.009772143018982696,-0.022900315105904567
1696377600,2023,0.000611205199083679,-0.00896659021910895,-0.005177692510012636
1696464000,2023,0.0090612539292552,0.0033299061471247318,0.005195580038189966
1696550400,2023,0.025480445231536104,-0.008010242884508134,0.007735101173513985
1696636800,2023,-0.017958348308529826,-0.0012555751966598638,-0.010606961752594846
1696723200,2023,-0.02269804219692691,0.006094444135531544,-0.009301799030697683
1696809600,2023,-0.02502176457440941,0.038042452778506965,0.005510344102048777
1696896000,2023,-0.040476289931323274,0.022181063908425225,-0.010147613011449026
1696982400,2023,-0.013643230696469444,0.0037406238841532304,-0.005951303406158107
1697068800,2023,-0.01169717646367933,0.010576618673156624,-0.001560278895261353
1697155200,2023,0.01743679254256773,-0.01069846336872978,0.0023691645869189752
1697241600,2023,-0.003527901111265478,-0.002147813278055688,-0.003837857194660583
1697328000,2023,0.013812914660961054,-0.005803977914171051,0.0030044683733950013
1697414400,2023,0.011389411952356506,-0.011580079430834353,-0.001095333739238923
1697500800,2023,-0.0039982132327640585,0.0024148829745279285,-0.001791665129118065
1697587200,2023,-0.022176378734058977,0.014989996313397333,-0.004593191210330822
1697673600,2023,0.059843664190214474,-0.02513808339190038,0.016352790399157047
1697760000,2023,0.024872698206609273,-0.00848661391132044,0.007193042147644417
1697846400,2023,0.048693894543841765,-0.0263432956643929,0.010175299439724433
1697932800,2023,0.07402338857964708,-0.02181691617108883,0.025103236204279122
1698019200,2023,0.07932639706365292,-0.03016560243870618,0.02358039731247337
1698105600,2023,-0.016278360775543937,0.007526215260874787,-0.005376072757334575
1698192000,2023,0.003773155926320474,-0.04894860851296808,-0.023587726293323806
1698278400,2023,-0.01016140048339024,0.028745928774432605,0.008292264145521182
1698364800,2023,-0.0009981132494075358,-0.008325981382085327,-0.0056620473157464315
1698451200,2023,-0.01286909187246347,0.0028339402967785623,-0.006017575787842454
1698537600,2023,0.01914931918445406,-0.02056697443019284,-0.0017088276228693902
1698624000,2023,0.037690576766162866,-0.014700285019648485,0.01049514587325719
1698710400,2023,0.02168048364162234,-0.0007188250422536235,0.009480829299684357
1698796800,2023,0.05757972580120844,-0.03827412151977194,0.008652802140718247
1698883200,2023,-0.020096582264457725,0.028585304639911897,0.003244361187727086
1698969600,2023,0.016768611216519735,-0.019231765919374293,-0.002231577351427279
1699056000,2023,0.022631416677232636,-0.016769486523733557,0.0019309650767495396
1699142400,2023,0.043793244917572714,-0.01038237705249708,0.015705433932537816
1699228800,2023,0.015733304863084774,-0.026030726413407573,-0.006148710775161399
1699315200,2023,-0.006055106372416463,0.015845865527880882,0.0038953795777322093
1699401600,2023,0.033145731453885,-0.032757181466012884,-0.0008057250060639438
1699488000,2023,0.038176408709217714,0.035128756988783184,0.03565258284900045
1699574400,2023,-0.013828050478844833,-0.0014533402706454017,-0.008640695374745117
1699660800,2023,0.02671865652420724,-0.0034335772945359353,0.010642539614835654
1699747200,2023,0.0006307571970864215,0.000450170747682425,-0.0004595360276155768
1699833600,2023,-0.048226956698847544,0.018838700140872893,-0.015694128278987324
1699920000,2023,-0.034323946932271,0.02800017583492631,-0.004161885548672343
1700006400,2023,0.09095942192468498,-0.055992084170823096,0.01648366887693094
1700092800,2023,-0.00022311038344161963,0.03213831508201578,0.014957602349287079
1700179200,2023,-0.024260913943413193,0.027016970667230782,0.00037802836190879447
1700265600,2023,-0.017508502285763134,-0.009673293595215515,-0.014590897940489324
1700352000,2023,0.038346131512896196,-0.01596665784370403,0.010189736834596085
1700438400,2023,-0.03661005194473255,0.008499396235148874,-0.015055327854791838
1700524800,2023,-0.029253966575544837,0.038466520828958815,0.0036062771267069893
1700611200,2023,0.0377732355711539,-0.026674621827712224,0.0045493068717208365
1700697600,2023,-0.0005199412588024291,0.001293330618563182,-0.0006133053201196235
1700784000,2023,0.008627236877302566,-0.009484370487537438,-0.0014285668051174363
1700870400,2023,-0.005301899890727675,-0.0036327744258296177,-0.005467337158278646
1700956800,2023,-0.008866710262360486,0.015931878479857813,0.0025325841087486638
1701043200,2023,-0.011716110651740719,0.01118226426219863,-0.0012669231947710444
1701129600,2023,0.016677961785758866,-0.010941796609958901,0.0018680825878999822
1701216000,2023,0.00712425956732717,0.0009800327050253355,0.003052146136176252
1701302400,2023,0.02593778463060999,-0.0011229558836314268,0.011407414373489282
1701388800,2023,0.002166621166047674,-0.008343046878732588,-0.004088212856342457
1701475200,2023,0.023016477688469223,-0.012569310729105757,0.004223583479681733
1701561600,2023,0.019229934797843812,-0.03620345637675504,-0.009486760789455612
1701648000,2023,0.02548297348668053,0.0170063126311291,0.020244643058904815
1701734400,2023,0.05032533547513022,-0.024619245897532654,0.011853044788798783
1701820800,2023,0.02926220722652695,-0.011574639353667168,0.007843783936429888
1701907200,2023,0.02470433780619352,-0.01335556989287164,0.00467438395666094
1701993600,2023,0.14365429968193769,-0.030510419668520344,0.05557194000670867
1702080000,2023,0.013442197757414879,0.0038590080618428058,0.007650602909628841
1702166400,2023,-0.002997148855963583,0.06006683699429886,0.027534844069167636
1702252800,2023,0.030889986306021095,0.012395467403765995,0.020642726854893545
1702339200,2023,-0.07970417515818846,0.048875178947953825,-0.01641449810511732
1702425600,2023,0.12257991787879578,-0.03667918776828157,0.04195036505525711
1702512000,2023,-0.002611536642982156,-0.03421169756383321,-0.019411617103407684
1702598400,2023,-0.04877754638180828,0.02253984500148413,-0.014118850690162072
1702684800,2023,0.005365707555294826,0.011364233235598542,0.007364970395446683
1702771200,2023,-0.07278254036843534,0.021063800898129648,-0.02685936973515285
1702857600,2023,0.04177008081348118,-0.014935943215248715,0.012417068799116231
1702944000,2023,-0.017392774966707252,0.022944731462984296,0.001775978248138522
1703030400,2023,0.06531062763511815,-0.019388978436606436,0.021960824599255857
1703116800,2023,0.09928327659872378,-0.0535828754502626,0.02185020057423059
1703203200,2023,-0.06606832229765451,0.009529067241297096,-0.02926962752817871
1703289600,2023,0.12955041852755014,-0.02240923983057826,0.05257058934848594
1703376000,2023,-0.022169841779462535,0.007264873600064263,-0.008452484089699137
1703462400,2023,0.042893362503622155,-0.017490854595127264,0.011701253954247447
1703548800,2023,-0.09251856035114685,0.03317254343029515,-0.03067300846042585
1703635200,2023,0.02159164331652012,-0.05984581203633491,-0.0201270843599074
1703721600,2023,-0.04758973533720338,0.001385159331239727,-0.024102288002981826
1703808000,2023,-0.02893896786349866,0.015210586614215075,-0.007864190624641793
1703894400,2023,0.004450867732917807,0.00826860803564263,0.005359737884280218
1703980800,2023,-0.011600620424796704,0.00650034833954168,-0.003550136042627512
1704067200,2024,0.06243286182708818,-0.06470680921942029,-0.002136973696166055
1704153600,2024,-0.01716505940780914,0.026967971516445588,0.0039014560543182237
1704240000,2024,-0.06686362738138452,0.08147084497590466,0.0063036087972600735
1704326400,2024,-0.005694917266130732,-0.002180102032915928,-0.00493750964952333
1704412800,2024,-0.017132833888444405,0.02652610550976194,0.003696635810658767
1704499200,2024,-0.016236218726554747,0.03608293061491311,0.008923355944179184
1704585600,2024,-0.059078203707674026,0.06328843498705623,0.0011051156396911033
1704672000,2024,0.05228211372364614,-0.10021338423462527,-0.024965635255489563
1704758400,2024,0.0006232758559771012,0.014462242044431842,0.006542758950204472
1704844800,2024,0.07048148233365452,-0.07660428977181592,-0.004061403719080702
1704931200,2024,-0.008022753772890412,0.01182712022002567,0.0009021832235676288
1705017600,2024,-0.06045409052917557,0.0638473505325488,0.0006966300016866102
1705104000,2024,0.001220363070610649,-0.019545330453786702,-0.010162483691588026
1705190400,2024,0.007650593864276134,0.008315679208122964,0.006983136536199548
1705276800,2024,-0.0042968698639404,-0.008059044049631684,-0.007177956956786042
1705363200,2024,-0.02304333569859529,-0.016940696328160493,-0.02099201601337789
1705449600,2024,-0.031836449229612894,0.015152652269502354,-0.009341898480055271
1705536000,2024,-0.03904598666338096,0.037225339650434654,-0.0019103235064731527
1705622400,2024,0.02583303516817337,-0.009493321512443384,0.0071698568278649915
1705708800,2024,0.02724554890612148,0.0029535974124510847,0.014099573159286283
1705795200,2024,-0.036428818910673844,0.021746544855891965,-0.008341137027390939
1705881600,2024,-0.03448858928677508,0.029269350175890458,-0.0036096195554423125
1705968000,2024,-0.023777222938706172,0.027555263229242472,0.0008890201452681499
1706054400,2024,0.022496438246033312,-0.022746201782180082,-0.0011248817680733847
1706140800,2024,0.0012432782489852172,-4.5550177092512634e-05,-0.00040113596405364773
1706227200,2024,0.03762136803785254,-0.029917126778357412,0.0028521206297475654
1706313600,2024,0.0035681419643588397,-0.037223174821652126,-0.017827516428646644
1706400000,2024,-0.0026621998196477703,-0.0027647346883079202,-0.0037134672539778455
1706486400,2024,0.016353159313531835,-0.01794974835919409,-0.0017982945228311271
1706572800,2024,-0.02064806387067027,0.01644805476493953,-0.0031000045528653706
1706659200,2024,-0.033303781445450244,0.031271839331397176,-0.0020159710570265338
1706745600,2024,0.06628598898622595,-0.022063077507355366,0.021111455739435292
1706832000,2024,-0.0036923798314532816,-0.00539701648706196,-0.005544698159257621
1706918400,2024,0.008059574358425673,-0.005420930473021057,0.0003193219427023077
1707004800,2024,-0.003450253846981388,0.0068422165881098325,0.0006959813705642221
1707091200,2024,0.0034285080771809437,-0.007203517295227983,-0.00288750460902352
1707177600,2024,-0.010922323876241369,0.00764082412491407,-0.0026407498756636496
1707264000,2024,0.034480374595386255,-0.01915386980086664,0.006663252397259807
1707350400,2024,-0.009194325261124625,-0.01698449675037761,-0.014089411005751118
1707436800,2024,0.007614107853879282,-0.04575064314616221,-0.020068267646141464
1707523200,2024,0.04330075604843738,-0.010380648919294466,0.015460053564571457
1707609600,2024,-0.003643645742124909,0.020956783232983927,0.00765656874542951
1707696000,2024,0.01875200720924834,-0.021363650477948342,-0.0023058216343500018
1707782400,2024,-0.025035896123449402,0.008694948025036453,-0.009170474049206474
1707868800,2024,0.028056117265119102,-0.0386571985630347,-0.006300540648957798
1707955200,2024,0.0057875916287341385,-0.014579195461509173,-0.0053958019163875175
1708041600,2024,-0.022145442186431847,0.011201746388689315,-0.006471847898871266
1708128000,2024,0.012310099963923848,0.007175155092111529,0.008742627528017688
1708214400,2024,0.0053290366286864455,-0.02475184076594439,-0.010711402068628972
1708300800,2024,-0.002198185366576492,-0.0032164596625223383,-0.003707322514549415
1708387200,2024,-0.011072337449269942,0.008439681227404757,-0.0023163281109325924
1708473600,2024,-0.01222851375444467,0.022215177238726052,0.003993331742140691
1708560000,2024,-0.0023875473082826115,-0.03948243255458358,-0.021934989931433096
1708646400,2024,0.001806461349656933,-0.01691507230966301,-0.008554305480003039
1708732800,2024,0.013839132594935633,-0.018298912187467042,-0.003229889796265705
1708819200,2024,0.0108868328564391,-0.004783421867963544,0.0020517054942377775
1708905600,2024,0.03863356840797142,-0.031210489589945656,0.0027115394090128824
1708992000,2024,-0.004895210418486617,-0.025133460197687214,-0.016014335308086915
1709078400,2024,0.054012977042921996,-0.07467935368948837,-0.01133318832328319
1709164800,2024,-0.006505545782616047,-0.009313209605573691,-0.008909377694094868
1709251200,2024,0.11157727054159446,-0.22952515908815485,-0.0599739442732802
1709337600,2024,0.1287382779786913,-0.002007627177348814,0.062365325400671245
1709424000,2024,-0.015425737516482721,0.026188196510995132,0.004381229497256205
1709510400,2024,0.41667371535790626,-0.07482876800935874,0.16992247367427377
1709596800,2024,-0.1895111420506073,0.07458375155954582,-0.05846369524553074
1709683200,2024,0.05086592353112781,-0.13222652052593306,-0.041680298497402624
1709769600,2024,0.037427118212228994,-0.036163563619528806,-0.0003682227036499062
1709856000,2024,0.028933454768527378,-0.0034473298050978394,0.01174306248171477
1709942400,2024,-0.00844261711564361,-0.0040935933338814845,-0.0072681052247625475
1710028800,2024,-0.028906652993624753,0.0061560463944715,-0.012375303299576628
1710115200,2024,0.02012098412273126,-0.08260190657056048,-0.03224046122391461
1710201600,2024,0.0038346602422789275,-0.0025204645374663492,-0.00034290214759371087
1710288000,2024,0.009535515997227018,0.008123071210106655,0.007829293603666836
1710374400,2024,-0.017757310893159312,0.06835661141637468,0.024299650261607686
1710460800,2024,0.028224109077013598,0.010593085887987611,0.018408597482500604
1710547200,2024,-0.04153198916473344,0.06313767451801981,0.009802842676643185
1710633600,2024,0.06652679731684812,-0.025524790263711312,0.019501003526568403
1710720000,2024,-0.07201815327397613,0.04793430490795225,-0.013041924183011942
1710806400,2024,-0.06052177701724104,0.06726822840861872,0.0023732256956888404
1710892800,2024,0.10188040125476783,-0.10097629388608283,-0.0005479463156574998
1710979200,2024,0.03147505945946801,-0.011999560378264662,0.008737749540601674
1711065600,2024,-0.020196395997870004,0.0397584642085567,0.008781034105343349
1711152000,2024,0.058097879905948835,0.0014962352812859514,0.028797057593617392
1711238400,2024,0.04159755669984255,-0.044878687153021346,-0.0026405652265893967
1711324800,2024,0.01915733370625161,-0.059593124342741145,-0.021217895318244768
1711411200,2024,0.00408175346015216,-0.027991558430249253,-0.012954902485048547
1711497600,2024,0.032342411102013635,0.037254886337302374,0.033798648719658
1711584000,2024,0.06930832812535215,-0.006906097031718406,0.03020111554681687
1711670400,2024,0.001995736597086628,-0.007528618201001813,-0.0037664408019575926
1711756800,2024,-0.03135419592385821,-0.0005420928543949562,-0.016948144389126583
1711843200,2024,0.0942512527527067,-0.010508443472387921,0.040871404640159384
1711929600,2024,-0.1170421308899745,0.08305324456348433,-0.01799444316324509
1712016000,2024,0.014694795862152055,0.014216191410655296,0.013455493636403675
1712102400,2024,-0.03604472502514011,0.02705884662848283,-0.005492939198328641
1712188800,2024,0.05797426503896682,-0.022715418606274573,0.016629423216346122
1712275200,2024,0.00815172494470462,-0.003967565892764184,0.0010920795259702176
1712361600,2024,0.03583256094731909,-0.020819519052059105,0.006506520947629993
1712448000,2024,-0.01345075354526685,0.008935799088583848,-0.003257477228341501
1712534400,2024,0.0008375100311203884,-0.04004770931963505,-0.02060509964425733
1712620800,2024,-0.059715418555341716,0.037625285398611985,-0.012045066578364867
1712707200,2024,0.019594980600394996,-0.0010755712975400271,0.008259704651427485
1712793600,2024,-0.0026658140099668306,-0.0046649295401953355,-0.004665371775081083
1712880000,2024,-0.1263092591135492,0.12334778439676446,-0.002480737358392374
1712966400,2024,-0.12834298655711351,0.08285005726889087,-0.02374646464411132
1713052800,2024,0.05407895674676625,-0.05522644119861897,-0.0015737422259263596
1713139200,2024,-0.028178780838928035,0.04929287559509251,0.009557047378082238
1713225600,2024,0.026615136021289326,-0.01393549670322162,0.005339819659033853
1713312000,2024,-0.007064477212449405,0.021611995352834017,0.006273759070192306
1713398400,2024,-0.02405686216100178,0.0038221550665077375,-0.011117353547247022
1713484800,2024,0.049391749414136855,-0.034723117757154386,0.006334315828491235
1713571200,2024,0.08369770246536867,-0.041541473306887435,0.02007811457924062
1713657600,2024,-0.006639789207259494,-0.02561491851703653,-0.01712735386214801
1713744000,2024,0.0003401962625932953,-0.007794826636492669,-0.004727315186949687
1713830400,2024,0.013773819888318939,0.0007946399274893675,0.0062842299079041535
1713916800,2024,-0.13392766864518432,0.051339039735038505,-0.04229431445507291
1714003200,2024,0.01976870181495734,0.0011476528985923107,0.009458177356774827
1714089600,2024,-0.020065646521942315,0.022300536989198278,0.00011744523362798142
1714176000,2024,-0.0013527835871470402,-0.04345598692777464,-0.02340438525746084
1714262400,2024,-0.03404603706384598,0.04612038814990319,0.005037175543028607
1714348800,2024,0.022885942595099944,-0.013028375266153377,0.003928783664473284
1714435200,2024,-0.04605449150968329,0.0615439637176054,0.006744736103961054
1714521600,2024,0.0063059962463618184,0.013725620581368317,0.009015808413865067
1714608000,2024,0.05780774265765154,-0.03353783464562728,0.011134954006012127
1714694400,2024,0.02584299596906166,-0.03775550620841502,-0.006956255119676681
1714780800,2024,0.013843560882964678,-0.019169319546791647,-0.0036628793319134845
1714867200,2024,0.013532649752534764,-0.01377966449568846,-0.0011235073715768476
1714953600,2024,0.007307713250367128,0.018143271772044,0.011725492511205565
1715040000,2024,-0.018728620408666075,0.019245264005742075,-0.0007416782014619998
1715126400,2024,-0.005746810634474205,-0.0007972333792939749,-0.00427202200688409
1715212800,2024,0.010999952386989179,-0.008772119820798582,0.00011391628309529844
1715299200,2024,-0.04808078760978781,0.04098993200876255,-0.004545427800512629
1715385600,2024,0.008833134589310973,-0.003160526413569157,0.001836304087870908
1715472000,2024,-0.0359303743402426,0.005874355305512465,-0.016028009517365067
1715558400,2024,0.00892181065229499,-0.018328262606549888,-0.005703225977127449
1715644800,2024,-0.007853295945388675,0.017202007729403834,0.0036743558920075796
1715731200,2024,0.05324194280507477,-0.05487153912780377,-0.0018147981613645002
1715817600,2024,-0.0013853336442697743,0.014604518121455135,0.00560959223859268
1715904000,2024,0.033917626055514516,-0.06081144966076235,-0.014446911802623918
1715990400,2024,0.005885896837630337,0.0030388888811234693,0.0034623928593769037
1716076800,2024,0.002896268715231557,0.04105273274466392,0.020974500729947738
1716163200,2024,0.04745360582416036,-0.08499656413930474,-0.019771479157572193
1716249600,2024,-0.004432923893582037,-0.015269461952363117,-0.010851192922972576
1716336000,2024,-0.009945750967209732,0.008379572114778985,-0.0017830894262153736
1716422400,2024,0.03465757031300246,0.03690051825337145,0.034779044283186955
1716508800,2024,0.020812365880388223,-0.008962410353631175,0.004924977763378524
1716595200,2024,0.0015321869497826324,0.006689865583084005,0.0031110262664333184
1716681600,2024,0.021909410661034395,0.007558199572502626,0.01373380511676851
1716768000,2024,-0.023137661038610886,0.009113768543289638,-0.008011946247660624
1716854400,2024,-0.0048656964387976025,-0.01820187342711077,-0.012533784932954185
1716940800,2024,-0.004221154980622847,0.009230678071231605,0.0015047615453043788
1717027200,2024,-0.024145893932845237,0.0061875279877482425,-0.009979182972548496
1717113600,2024,0.0030716493000094345,0.015298448923583082,0.00818504911179626
1717200000,2024,0.0037040812240874597,-0.00269815002096833,-0.0004970343984404351
1717286400,2024,-0.00952739925359114,0.007184834460707501,-0.0021712823964418195
1717372800,2024,-0.017210460684510192,-0.010998006811085759,-0.015104233747797974
1717459200,2024,0.008684055458110093,-0.02833076284518669,-0.0108233536935383
1717545600,2024,-0.0022865015475010595,-0.008021023657713622,-0.006153762602607341
1717632000,2024,-0.005902203955107395,0.014118603411979716,0.00310819972843616
1717718400,2024,-0.026294843342567747,0.06471228531623419,0.018208720986833217
1717804800,2024,-0.024600997704656107,0.027996258089259835,0.000697630192301864
1717891200,2024,0.012985052651480014,-0.0075599937189624695,0.0017125294662587724
1717977600,2024,-0.022621415361736414,0.02358403997674563,-0.0005186876924953921
1718064000,2024,-0.02017176996641031,0.026253000858831237,0.0020406154462104644
1718150400,2024,0.008562255180458722,-0.005667554780633373,0.0004473501999126745
1718236800,2024,-0.021377223280412028,0.027948848836237012,0.002285812777912492
1718323200,2024,-0.016289475478434328,0.013063615551369182,-0.002612929963532573
1718409600,2024,-0.006942809600821979,-0.009132972377592141,-0.00903789098920706
1718496000,2024,-0.008465910509387978,-0.0027186880223864693,-0.006592299265887224
1718582400,2024,-0.07067388548444879,0.04976687277553623,-0.011453506354456282
1718668800,2024,0.04479065639104799,-0.01018212405344939,0.0163042661687993
1718755200,2024,-0.006112222202501923,0.020500360354217317,0.006194069075857698
1718841600,2024,0.017702390870239542,0.0040719070381527445,0.009887148954196144
1718928000,2024,-0.035187219196263886,0.0016800625411368397,-0.017753578327563524
1719014400,2024,0.013309612352257213,-0.013884383763232902,-0.0012873857054878446
1719100800,2024,-0.026607517744588582,0.03780023167480865,0.004596356965110034
1719187200,2024,0.05581590663537376,-0.008561609487506913,0.02262714857393342
1719273600,2024,0.011343476634845992,-0.01005158194062313,-0.00035405265288856926
1719360000,2024,-0.015037889046553935,0.011714899987332736,-0.0026614945296105997
1719446400,2024,0.013750705380089748,-0.02054164483920425,-0.0043954697295572505
1719532800,2024,0.006349602590848676,0.013926548455302465,0.009138075523075571
1719619200,2024,-0.013438114164230242,0.014373419181301195,-0.0005323474914645234
1719705600,2024,0.03984837939664517,-0.05200153375190745,-0.007076577177631139
1719792000,2024,-0.006347468754313764,0.0060658457039748,-0.001140811525169482
1719878400,2024,-0.043542035313181494,0.0169374660604595,-0.014302284626360996
1719964800,2024,-0.05852455711652371,0.03235316824606752,-0.014085694435228096
1720051200,2024,-0.1487650480769828,0.11596925350012226,-0.017397897288430268
1720137600,2024,0.09852348692223838,-0.04090830977217356,0.027807588575032408
1720224000,2024,0.04137810218945873,-0.036235136550224256,0.0015714828196172386
1720310400,2024,-0.0640248922145333,0.0545503313046527,-0.005737280454940297
1720396800,2024,0.04544895214967511,-0.05453646817493333,-0.005543758012629108
1720483200,2024,0.011485978747063882,-0.0032587942818692595,0.0031135922325973113
1720569600,2024,-0.002760827814713984,0.0018277926644098368,-0.0014665175751520736
1720656000,2024,0.004809521688964684,0.006520523793892082,0.004665022741428383
1720742400,2024,0.060339425483673846,-0.019789407480667782,0.01927500900150303
1720828800,2024,0.044503327529324434,-0.013478802597140774,0.01451226246609183
1720915200,2024,0.02322169417012865,-0.052701207546265394,-0.015739756688068374
1721001600,2024,0.01954937921044908,-0.03513451908238655,-0.008792569935968737
1721088000,2024,0.010513089728784841,-0.009481496046596205,-0.0004842031589056819
1721174400,2024,-0.0007323682767791014,0.024137963107164578,0.010702797415192738
1721260800,2024,-0.047086171854906524,0.015090177805635116,-0.016997997024635704
1721347200,2024,0.026173398040602407,-0.024562403950952067,-0.0001945029551748299
1721433600,2024,0.024001787074973358,-0.015143391024652342,0.003429198025160508
1721520000,2024,0.030134740181660218,-0.038278370360257975,-0.0050718150892988785
1721606400,2024,-0.007469551003475461,0.03139006160496083,0.010960255300742683
1721692800,2024,-0.024321862952129753,0.014138982709777315,-0.006091440121176219
1721779200,2024,-0.019209792714312408,0.06185326546407114,0.020321736374879364
1721865600,2024,0.016880835524242244,-0.018650658534830427,-0.0018849115052940917
1721952000,2024,-0.00795249178096676,-0.013249577137070126,-0.011601034459018444
1722038400,2024,-0.009052275780534505,0.004610231101922972,-0.0032210223393057667
1722124800,2024,0.046870672164162075,-0.023028090109644534,0.010921291027258771
1722211200,2024,-0.020365493861149348,0.023288013203768387,0.0004612596713095196
1722297600,2024,0.026701931027852493,0.024583967819567953,0.024642949423710224
1722384000,2024,-0.04158423414673088,0.02458948261202894,-0.00949737576735097
1722470400,2024,0.010056334776269696,0.011290865247666723,0.009673600011968209
1722556800,2024,-0.042562605144212916,0.037058264253726304,-0.0037521704452433058
1722643200,2024,-0.0315333961199337,0.019978461727078695,-0.006777467196427502
1722729600,2024,-0.14673666811218186,0.1753906017658787,0.013326966826848419
1722816000,2024,0.11511077393980318,-0.05924482688474497,0.026932973527529103
1722902400,2024,0.020526225464629604,-0.02193627329700158,-0.0017050239161859873
1722988800,2024,-0.03638370917928931,0.006994937975484339,-0.015694385601902488
1723075200,2024,0.05644164965600199,-0.07790429692097933,-0.011731323632488671
1723161600,2024,-0.04004209677365952,0.013594430908518787,-0.014223832932570367
1723248000,2024,0.02996615768393407,-0.01908220060978631,0.00444197853707388
1723334400,2024,-0.05113306913579659,0.06093144560507938,0.0038991882346413953
1723420800,2024,-0.002101296373481628,-0.026843686073193613,-0.01547249122333762
1723507200,2024,0.016770511092288814,-0.016671551540609286,-0.0009505202241602362
1723593600,2024,-0.019752181116712286,0.023393641195283754,0.0008207300392857339
1723680000,2024,0.0017836645626039631,0.021247764025820255,0.010515714294212108
1723766400,2024,0.02277173321932202,-0.010146882210755548,0.005312425504283237
1723852800,2024,0.0027019261623422905,-0.010102330612202004,-0.0047002022249298565
1723939200,2024,0.00210471333867109,-0.013447794905003954,-0.006671540783166432
1724025600,2024,0.05345390425815477,-0.0333608742662174,0.009046514995968685
1724112000,2024,-0.0056697945051154,0.009888061202722417,0.0011091333488035086
1724198400,2024,0.020060755412113274,-0.047934591978152565,-0.014936918283019646
1724284800,2024,0.035905188154806256,-0.018105319148578047,0.007899934503114103
1724371200,2024,0.02717408832971428,-0.05966861259055981,-0.01724726213042277
1724457600,2024,0.0045720498003516035,-0.006527117785653402,-0.0019775339926508995
1724544000,2024,-0.001455289913965448,0.01379757403251954,0.005171142059277046
1724630400,2024,-0.028206868027273384,0.028484913302361064,-0.0008609773624561603
1724716800,2024,-0.061704224484998606,0.0641576959748608,0.00022673574493109905
1724803200,2024,0.01184878734273509,0.001969092097145908,0.005908939719940499
1724889600,2024,-0.0020727911990735537,0.005345773778403136,0.0006364912896647912
1724976000,2024,0.012904142766041867,-0.006841068976145744,0.002031536894948062
1725062400,2024,-0.017513375264481417,0.020907411296803253,0.0006970180161609179
1725148800,2024,-0.034514239787475996,0.034836503068727986,-0.0008388683593740049
1725235200,2024,0.05005915015920922,-0.03338249512535674,0.007338327516926241
1725321600,2024,-0.05417798994769685,0.0452309440728618,-0.005473522937417523
1725408000,2024,0.02591105189872278,-0.011434024933597539,0.006238513482562621
1725494400,2024,0.010149001182927275,-0.0030278665002900404,0.002560567341318617
1725580800,2024,-0.027145449583692693,0.037055909111923614,0.00395522976411546
1725667200,2024,0.016119356743220365,-0.023656347590284232,-0.004768495423531934
1725753600,2024,0.024052082910194894,-0.009894434306471004,0.006078824301861945
1725840000,2024,0.023195001066202054,-0.028907725851494703,-0.0038563623926463246
1725926400,2024,0.03352242148947482,-0.0033325048217583975,0.01409495833385821
1726012800,2024,0.0019043468755748731,-0.002759388516901421,-0.0014275208206632741
1726099200,2024,-0.020009387528711287,-0.006104861057941909,-0.014057124293326596
1726185600,2024,0.025865775085805048,-0.03806339192933642,-0.007098808421765687
1726272000,2024,-0.007066897031785165,0.01697228919244224,0.003952696080328538
1726358400,2024,-0.047937457222504566,0.040251867315979295,-0.004842794953262636
1726444800,2024,-0.004521497624019248,0.0017904271316109648,-0.0023655352462041415
1726531200,2024,0.0009944008167376654,-0.011209206867265564,-0.00610740302526395
1726617600,2024,0.029801941363114388,-0.06012894434366567,-0.01616350149027564
1726704000,2024,0.0280760832584801,-0.028089744908746273,-0.0010068308251330862
1726790400,2024,-0.009495138016125634,-0.004813513114359402,-0.008154325565242518
1726876800,2024,0.008940706959293943,-0.023538930396789892,-0.008299111718747976
1726963200,2024,0.01744371573628678,-0.002335096260971873,0.006554309737657454
1727049600,2024,-0.012239449186311405,-0.0026529305313872284,-0.008446189858849318
1727136000,2024,0.01226535594819859,-0.030146933911274765,-0.00994078898153809
1727222400,2024,-0.014486900952141668,0.011159895998866243,-0.0026635024766377127
1727308800,2024,0.11236878930436107,-0.04915617022696842,0.030606309538696322
1727395200,2024,0.06067731612905273,-0.007929928362476598,0.025373693883288063
1727481600,2024,-0.006343298393696887,0.0160214561011414,0.003839078853722256
1727568000,2024,-0.04775940346176492,0.001053550966615746,-0.024352926247574586
1727654400,2024,-0.023985037756727556,0.006393553402698389,-0.009795742177014583
1727740800,2024,-0.06546089088287359,0.06922200045343478,0.000880554785280597
1727827200,2024,-0.03228458858331873,0.02059202129488828,-0.006846283644215225
1727913600,2024,-0.01667267616525292,0.013916339030849286,-0.0023781685672018167
1728000000,2024,0.03977122937436447,-0.0169784952325663,0.010396367070899085
1728086400,2024,-0.009992084762683836,-0.00548603463447946,-0.008739059698581648
1728172800,2024,0.0644739124103763,-0.025508267048710564,0.018482822680832865
1728259200,2024,-0.039123682645919255,0.013332961339877455,-0.0138953606530209
1728345600,2024,-0.015411363470590097,0.011488802993851169,-0.002961280238369464
1728432000,2024,-0.02344163091557927,0.01681694382326319,-0.0043123435461580395
1728518400,2024,-0.0038266692911499054,-0.005332697556990285,-0.005579683424070095
1728604800,2024,0.04920715954088858,-0.014254226976557835,0.01647646628216537
1728691200,2024,0.004806271369079333,-0.0027091578290942366,4.8556769992548184e-05
1728777600,2024,0.02790107581300849,-0.011715470029572886,0.007092802891717803
1728864000,2024,0.0073586351839133686,-0.05416699926414729,-0.024404182040116962
1728950400,2024,0.019816188723830248,-0.019769288569153425,-0.0009765499226615888
1729036800,2024,0.002138938744070414,-0.0061242897150179205,-0.0029926754854737534
1729123200,2024,0.01612004527449747,0.024493236923774104,0.019306641099135786
1729209600,2024,0.03618741436926842,-0.024429871076348125,0.004878771646460149
1729296000,2024,-0.00860805830425552,0.011391715756284207,0.0003918287260143436
1729382400,2024,0.01588790084615266,-0.028480290652314572,-0.007296194903080957
1729468800,2024,-0.020057882652375403,0.009133075584779049,-0.006462403533798177
1729555200,2024,-0.01868554006621855,0.013887492806704019,-0.0033990236297572647
1729641600,2024,0.021134195254466137,0.007935899357982149,0.013535047306224141
1729728000,2024,0.006007093706889159,-0.00420152859253838,-9.721744282461045e-05
1729814400,2024,-0.04037163591080791,0.03392687257802385,-0.004222381666392032
1729900800,2024,0.025951219192734982,-0.009034775935426564,0.007458221628654209
1729987200,2024,0.021389035088609305,-0.0026009537316978117,0.008394040678455745
1730073600,2024,0.08348402877742848,-0.03025119238998745,0.025616418193720514
1730160000,2024,0.018664118470755293,-0.012017210606299678,0.0023234539322278076
1730246400,2024,-0.018779884375998535,0.023855329403661862,0.001537722513831664
1730332800,2024,-0.06467904833648412,0.022512945889173446,-0.022083051223655337
1730419200,2024,0.00688070601056993,0.009382151941778716,0.007131428976174323
1730505600,2024,-0.046813083494554895,0.03334659673936661,-0.007733243377594143
1730592000,2024,-0.013300463165499673,0.005679134008273616,-0.004810664578613028
1730678400,2024,0.016927639968447854,0.007111143739383781,0.011019391853915816
1730764800,2024,0.17081567356797525,-0.1023541636665543,0.03323075495071048
1730851200,2024,-0.016241817378959245,-0.0618665768890491,-0.04005419713400417
1730937600,2024,0.008061650271508736,-0.0008216340021220588,0.0026200081346933386
1731024000,2024,0.009374784087696689,-0.001964528143636531,0.0027051279720300787
1731110400,2024,0.11998413479182135,-0.10773486409596404,0.005124635347928654
1731196800,2024,0.07469277856426533,-0.023752753442240187,0.02447001256101257
1731283200,2024,0.03394561532811413,-0.05394673126342645,-0.011000557967656161
1731369600,2024,-0.014912734942161462,0.025329841451493085,0.004208553254665811
1731456000,2024,0.02591343565467726,-0.06740776887391726,-0.021747166609620006
1731542400,2024,0.048390599381738286,0.05647926589779143,0.051434932639764855
1731628800,2024,0.10945483255538273,-0.08241606869512652,0.012519381930128103
1731715200,2024,0.12102822075939172,0.029080046593171056,0.07405413367628139
1731801600,2024,0.13347092716387146,-0.032922657222932715,0.04927413497046937
1731888000,2024,0.2631704250980946,0.022582276445198612,0.1418763507716466
1731974400,2024,-0.10532022024478542,0.0483230640793629,-0.029498578082711262
1732060800,2024,0.019082111334281244,0.012168229602919153,0.014625170468600197
1732147200,2024,0.08694968382649582,-0.0865844648501181,-0.0008173905118111424
1732233600,2024,0.3154163645933852,-0.12427559392933052,0.09457038533202733
1732320000,2024,0.1481502534103658,0.001646275998939702,0.07389826470465276
1732406400,2024,-0.07312206915764204,0.047192843669684015,-0.013964612743979012
1732492800,2024,-0.02971163312346703,-0.02000251923358402,-0.025857076178525527
1732579200,2024,-0.0777335390485856,0.013574278005933804,-0.0330796305213259
1732665600,2024,0.042148992036177946,-0.04755636023669796,-0.0037036841002600065
1732752000,2024,0.005521068331399759,0.0009072925868427081,0.0022141804591212333
1732838400,2024,0.11703248284838574,-0.033826301349940247,0.04060309074922275
1732924800,2024,0.09033853385200115,-0.05174838589513523,0.018295073978432958
1733011200,2024,0.2339537831615377,-0.03292449874829839,0.09951464220661965
1733097600,2024,0.26915868229478873,-0.09720720918355774,0.0849757365556155
1733184000,2024,-0.056875465324008556,-0.015976896361540243,-0.0374261808427744
1733270400,2024,-0.09894632907323704,0.03257052984056593,-0.03418789961633556
1733356800,2024,-0.0036936770033805613,-0.020503287307216178,-0.01309848215529837
1733443200,2024,0.031939395552254446,-0.03485068758099789,-0.0024556460143717205
1733529600,2024,-0.006601194462132365,-0.02814723495305645,-0.018374214707594407
1733616000,2024,-0.033680060410056,-0.012620899291341322,-0.024150479850698663
1733702400,2024,-0.10577993725600932,0.12803769500283654,0.010128878873413613
1733788800,2024,-0.01307424216810745,0.010020109668340807,-0.002527066249883321
1733875200,2024,0.07472219585365769,-0.11449940571352861,-0.02088860492993546
1733961600,2024,-0.024961853133119605,0.013177120755458146,-0.006892366188830729
1734048000,2024,-0.007924430589478263,-0.01532645662157465,-0.012625443605526455
1734134400,2024,-0.02199348945913826,0.04045735333383652,0.00823193193734913
1734220800,2024,0.015474789034182276,-0.012408813888509155,0.0005329875728365607
1734307200,2024,0.006768710750640783,0.014767147588222063,0.009767929169431422
1734393600,2024,-0.002621032419929762,-0.010601790406412884,-0.007611411413171323
1734480000,2024,-0.05845102091240495,0.05113446600138331,-0.0046582774555108215
1734566400,2024,-0.0683525815483735,0.08153891870344698,0.005593168577536744
1734652800,2024,0.023614664688079823,-0.0028572943877962866,0.009378685150141768
1734739200,2024,-0.02726861221586237,0.03255300079227682,0.0016421942882072242
1734825600,2024,0.01821642694334617,-0.002883374050738611,0.006666526446303779
1734912000,2024,0.018829486739344,-0.005562681808793195,0.005633402465275402
1734998400,2024,0.007926555850351735,-0.03830216305447139,-0.01618780360205983
1735084800,2024,-0.006212414949646823,0.013006096919004154,0.0023968409846786653
1735171200,2024,-0.04264864777238431,0.03610785749005133,-0.004270395141166487
1735257600,2024,-0.016237221157784254,0.032820580039604495,0.007291679440910121
1735344000,2024,0.03131256834195528,-0.023261438575387833,0.0030255648832837245
1735430400,2024,-0.03636740876164324,0.014249692907461475,-0.012058857927090882
1735516800,2024,-0.03293858845174106,0.025524012793404032,-0.0047072878291685135
1735603200,2024,0.009223164967330407,-0.007132963799524846,4.51005839027809e-05
1735689600,2025,0.15004275892977667,-0.037939817390744146,0.05505147076951626
1735776000,2025,0.02309574184593351,-0.020417959572450517,0.0003388911367414966
1735862400,2025,0.030340334893611876,-0.039513755413520535,-0.00558671025995433
1735948800,2025,-0.03515013609632189,0.00021226834708117556,-0.01846893387462036
1736035200,2025,0.017272177363774583,-0.009328217007332476,0.0029719801782210533
1736121600,2025,-0.009258263714143697,-0.006598838724849343,-0.008928551219496522
1736208000,2025,-0.050817183782171337,0.09876360190946343,0.022973209063646045
1736294400,2025,-0.008996310798401167,0.01969783723370455,0.004350763217651692
1736380800,2025,-0.02135914127650466,0.01373866185184273,-0.004810239712330966
1736467200,2025,0.010459458142092556,0.004753792113549833,0.006606625127821195
1736553600,2025,0.05991360617621185,-0.015492840922464168,0.02121038262687384
1736640000,2025,-0.04204384244600438,0.02002650768585157,-0.012008667380076405
1736726400,2025,0.000598425894138129,-0.00845491990225152,-0.004928247004056695
1736812800,2025,0.08719308186625023,-0.02738605136570686,0.028903515250271683
1736899200,2025,0.05171566459804381,-0.0529463099159031,-0.001615322658929645
1736985600,2025,0.09226320638110797,-0.05356177268025464,0.018350716850426663
1737072000,2025,-0.028688278641988307,-0.011562909654600237,-0.021125594148294274
1737158400,2025,-0.008352883893692634,0.01109533417613906,0.000371225141223213
1737244800,2025,-0.042357173071205644,0.06069864366599006,0.008170735297392206
1737331200,2025,-0.012903866188173333,-0.020002828580004166,-0.01745334738408875
1737417600,2025,0.048378834061157804,-0.04744291905749668,-0.0005320424981694388
1737504000,2025,-0.034880487166973194,0.03763549141997099,0.00037750212649889734
1737590400,2025,0.007158167186525473,-0.0021067167534748097,0.0015257252165253319
1737676800,2025,0.0024126003643062757,-0.018144244255640245,-0.008865821945666985
1737763200,2025,0.00254739029261312,0.004612970541985728,0.002580180417299424
1737849600,2025,-0.06495881656979692,0.06351214503860596,-0.0017233357655954814
1737936000,2025,0.018291087508241228,-0.003915241050240399,0.006187923229000415
1738022400,2025,-0.03835976266214355,0.021803475837017954,-0.009278143412562796
1738108800,2025,0.03145686073637092,-0.022894089809480638,0.0032813854634451403
1738195200,2025,0.01612985806160731,-0.015439470401523972,-0.0006548061699583312
1738281600,2025,0.012820906396884046,-0.01103229735975834,-0.0001056954814371465
1738368000,2025,-0.10963566754706455,0.06669216726648393,-0.022471750140290313
1738454400,2025,-0.2100248417249658,0.21073442415193402,-0.0006452087865158876
1738540800,2025,0.16573254558581615,-0.13110849420243,0.01631202569169307
1738627200,2025,-0.03524271462275885,0.032002203005676244,-0.0026202558085413044
1738713600,2025,-0.011614774127340874,0.02393318635755474,0.005159206115106934
1738800000,2025,-0.04447077141441561,0.021707318782582547,-0.012381726315916532
1738886400,2025,-0.008471555431848595,-0.001175692484058725,-0.00582362395795366
1738972800,2025,0.05979134299119404,-0.023552424669138466,0.017119459161027785
1739059200,2025,0.006584356596034032,0.019973862511447726,0.01227910955374088
1739145600,2025,0.07543003404858739,-0.017628876372097906,0.02790057883824474
1739232000,2025,-0.029208817991860814,0.02636930425293586,-0.002419756869462477
1739318400,2025,0.06290404001132373,-0.04132715567948201,0.009788442165920858
1739404800,2025,0.0198333556442792,0.00818992227231278,0.01301163895829599
1739491200,2025,0.0006141222998658306,-0.005233934843687171,-0.0033099062719106702
1739577600,2025,-0.0092794942085301,0.016299316583229657,0.002509911187349778
1739664000,2025,-0.02193595911587809,0.02446159209386467,0.0002628164889932902
1739750400,2025,-0.004276867940981773,0.01881052820176754,0.006266830130392884
1739836800,2025,-0.04859762754354354,0.027862149429570437,-0.011367739056986553
1739923200,2025,0.01972845842301041,-0.035439871979273375,-0.008855706778131484
1740009600,2025,0.0081802421361676,-0.0029743176112709824,0.001602962262448309
1740096000,2025,-0.04279508664784478,0.023917381067294612,-0.010438852790275083
1740182400,2025,0.005649757312351437,-0.00987483648257892,-0.003112539585113741
1740268800,2025,-0.03031929716461716,0.030310769892269662,-0.0010042636361737483
1740355200,2025,-0.10071989133178723,0.08488662500548376,-0.008916633163151735
1740441600,2025,0.025890222251711892,-0.0035373718035524395,0.010176425224079726
1740528000,2025,0.015158689890305777,0.0304999857616531,0.021829337825979435
1740614400,2025,-0.06148136662310751,0.07249594734218245,0.004507290359537471
1740700800,2025,0.05626942251420197,-0.06500705396665592,-0.0053688157262269725
1740787200,2025,0.044159571609287296,0.005893934760473174,0.024026753184880234
1740873600,2025,0.05061939458328668,-0.09480343155418962,-0.02309201848545147
1740960000,2025,-0.1916607532329264,0.1346875880437667,-0.02948658259457984
1741046400,2025,0.0403168000087328,-0.04593113360867999,-0.003807166799973594
1741132800,2025,0.10220877476315682,-0.03736523208892225,0.03142177133711728
1741219200,2025,-0.05096518415749881,0.03701350067670325,-0.007975841740397782
1741305600,2025,-0.03935281808911909,0.02176059983717889,-0.0097961091259701
1741392000,2025,-0.019594457297388956,0.006307738602515767,-0.007643359347436595
1741478400,2025,-0.06185555983628802,0.06511586569558665,0.0006301529296493151
1741564800,2025,-0.07189698882924948,0.04671478014408489,-0.013591104342582299
1741651200,2025,0.025839305840432703,-0.038034898201471025,-0.007097796180519161
1741737600,2025,0.05327085902574802,-0.016629635204150395,0.01732061191079881
1741824000,2025,-0.021646561674915226,0.011439587631764817,-0.006103487021575205
1741910400,2025,0.018868124539717607,-0.03645249212073617,-0.009792183790509279
1741996800,2025,0.00440379278811905,0.0009637873466676883,0.0016837900673933692
1742083200,2025,0.0009395434388314768,0.015870686211934177,0.007405114825382826
1742169600,2025,-0.037511888714587625,-0.007124316519717455,-0.02331810261715254
1742256000,2025,0.014986901436434774,-0.014441723585190433,-0.0007274110743778293
1742342400,2025,0.021689838231275904,-0.04081998736233391,-0.010565074565529003
1742428800,2025,-0.020112933492410612,0.014627653768109409,-0.0037426398621506016
1742515200,2025,-0.006583592281447411,0.004332838966609927,-0.002125376657418742
1742601600,2025,0.01670302308840625,-0.008881884081129702,0.0029105695036382735
1742688000,2025,0.01469923327145343,-0.015500793420287984,-0.001400780074417277
1742774400,2025,0.022718485846258202,-0.01305464560182005,0.003831920122219076
1742860800,2025,0.03513142252725684,-0.0007417765968339799,0.01619482296521143
1742947200,2025,0.019277786862455515,-0.009261711574658197,0.004008037643898659
1743033600,2025,-0.036661545885389536,0.02183122693792446,-0.008415159473732538
1743120000,2025,-0.062464637603155904,0.05710107595062167,-0.0036817808262671154
1743206400,2025,-0.024462005567684113,0.017164918414831292,-0.004648543576426411
1743292800,2025,-0.03809081762996117,0.015715557881565128,-0.012187629874198021
1743379200,2025,0.019495718486737996,-0.012736788527709209,0.0023794649795143936
1743465600,2025,0.001796814812479212,0.00793739199210767,0.003867103402293441
1743552000,2025,-0.006518934401893994,0.011565610185476157,0.0015233378917910816
1743638400,2025,-0.026709901763692184,0.021925468462471415,-0.003392216650610384
1743724800,2025,0.007302507337682673,-0.029609824815419145,-0.012153658738868235
1743811200,2025,-0.029403744465395582,0.012663070080637051,-0.009370337192379265
1743897600,2025,-0.11995540485603655,0.14827172443045836,0.013158159787210903
1743984000,2025,0.06359029696350411,-0.05022113576293763,0.005684580600283242
1744070400,2025,-0.07938906960343801,0.062488722730421865,-0.009450173436508075
1744156800,2025,0.0970937182989186,-0.11852970294032221,-0.011717992320701809
1744243200,2025,0.003383478998353192,0.014663384788434023,0.008023431893393607
1744329600,2025,0.0036004570706295405,-0.014961260430643128,-0.006680401680006794
1744416000,2025,0.05343663197233325,-0.06375802061860214,-0.006160694323134447
1744502400,2025,-0.005613026477714962,0.001668826485598481,-0.002972099996058241
1744588800,2025,-0.013724864107269882,0.0049861223809425,-0.005369370863163691
1744675200,2025,-0.025808537844719297,0.03581269083153867,0.0040020764934096875
1744761600,2025,-0.00830436886006721,-0.007124375811153698,-0.008714372335610454
1744848000,2025,0.009712425655575471,-0.015667057873267536,-0.003977316108846033
1744934400,2025,0.020103297787194812,-0.019726023381977154,-0.0008113627973911708
1745020800,2025,0.011217131510970665,-0.02508672010665521,-0.007934794297842272
1745107200,2025,0.013742199837658712,-0.020463980441585372,-0.00436089030196333
1745193600,2025,-0.008718663116105954,0.01654732399901156,0.002914330441452803
1745280000,2025,0.07589468179957153,-0.10260058070073759,-0.014352949450583033
1745366400,2025,-0.02371663125539288,0.03131876992566862,0.0028010693351378712
1745452800,2025,0.009802804197836893,-0.05070084040625833,-0.02144901810421072
1745539200,2025,0.015660379363516126,-0.04224253287838523,-0.014291076757434552
1745625600,2025,-0.008152949569183074,0.02490133548014813,0.007374192955482529
1745712000,2025,-0.0037793280018233824,0.01416086114002372,0.004190766569100169
1745798400,2025,0.011311369846444949,-0.0156563591130493,-0.003172494633302176
1745884800,2025,-0.0017325104167489707,0.007632640942357123,0.0019500652628040762
1745971200,2025,0.0037531427692207853,0.026320879672423098,0.014037011220821943
1746057600,2025,0.02777955795394919,-0.03493482011395647,-0.004577631080003639
1746144000,2025,-0.008692801260168507,0.003898440705757696,-0.003397180277205405
1746230400,2025,-0.010880047559321778,0.0066942511113377385,-0.00309289822399202
1746316800,2025,-0.02418212060082962,0.02001592213127294,-0.0030830992347783406
1746403200,2025,-0.00022121893563028147,0.010824441322442055,0.004301611193405886
1746489600,2025,0.002588210022316869,-0.0516722009171157,-0.025541995447399414
1746576000,2025,0.02167181736863984,-0.02782590273931514,-0.00407704268533765
1746662400,2025,0.04095680423627801,-0.06443489203999353,-0.01273904390185776
1746748800,2025,0.043886826956472134,-0.05907598694569871,-0.008594579994613289
1746835200,2025,0.03882989493891461,-0.059515102813805454,-0.011342603937445423
1746921600,2025,-0.0037594049175324606,0.0033017181830301556,-0.0012288433672511525
1747008000,2025,-0.03522199601299125,0.06799954313858714,0.015388773562797942
1747094400,2025,0.0480462947959297,-0.06293158178253037,-0.008442643493300338
1747180800,2025,-0.02343680206560798,0.05103652982914386,0.012799863881767942
1747267200,2025,0.00934623764894956,0.015426331414495268,0.011386284531722413
1747353600,2025,-0.01607825952141173,0.029666016854070925,0.005793878666329597
1747440000,2025,-0.01956963213190536,0.006156162967559609,-0.0077067345821728766
1747526400,2025,-0.004331731778212222,0.009639294196076786,0.001653781208932282
1747612800,2025,0.03822838186687316,-0.03226357005429333,0.001982405906289915
1747699200,2025,-0.005763463439683443,-0.0003053145892881748,-0.0040343890144858095
1747785600,2025,0.023534610197785983,-0.03805514184347847,-0.008260265822846242
1747872000,2025,0.02088444442978658,-0.03285935698738659,-0.006987456278800004
1747958400,2025,-0.047143313142511,0.07372449779610812,0.01229059232679856
1748044800,2025,0.01087819240892359,0.009608172402707319,0.009243182405815453
1748131200,2025,0.0075641265618611175,-0.01664692463462621,-0.005541399036382546
1748217600,2025,-0.014003042435503025,0.015491900186582086,-0.0002555711244604693
1748304000,2025,0.0206405289748951,-0.015187640856836918,0.0017264440590290912
1748390400,2025,0.016725965312981983,-0.012860956885822339,0.000932504213579822
1748476800,2025,-0.06690621473934381,0.05986146218392574,-0.004522376277709037
1748563200,2025,-0.04100633992233097,0.07287411344953383,0.014933886763601429
1748649600,2025,0.005725967237094324,-0.023558282510698286,-0.009916157636801981
1748736000,2025,0.0015600736583520163,0.008066335797750143,0.0038132047280510792
1748822400,2025,0.03086233841570792,-0.015770142358219868,0.006546098028744026
1748908800,2025,0.004075534527152369,-0.014000424464820341,-0.005962444968833986
1748995200,2025,-0.01448014236304144,0.02598358154401481,0.004751719590486685
1749081600,2025,-0.05935250781625745,0.04569649028015129,-0.00782800876805308
1749168000,2025,0.029491799338715225,-0.036303190662763773,-0.004405695662024274
1749254400,2025,0.0071387590471782,0.0018231844467148834,0.003480971746946542
1749340800,2025,-0.001970014904366324,0.0002800977070147222,-0.001844958598675801
1749427200,2025,0.08335559382237734,-0.040689277144155524,0.020333158339110907
1749513600,2025,0.035335081727823514,-0.03545369076818683,-0.0010593045201816578
1749600000,2025,-0.02163125333246796,0.038492343753057844,0.007430545210294942
1749686400,2025,-0.08450600919648628,0.08177089241486635,-0.0023675583908099656
1749772800,2025,0.025728423169632492,-0.014151760571167257,0.004788331299232618
1749859200,2025,-0.02308755044772189,0.00772737069997087,-0.008680089873875509
1749945600,2025,0.02109602275003571,-0.01083332943054797,0.00413134665974387
1750032000,2025,0.02534968018222461,-0.021507014227106918,0.0009213329775588459
1750118400,2025,-0.03064849890074702,0.03417701032753199,0.000764255713392485
1750204800,2025,-0.034097740921449904,-0.0033369419780726974,-0.0197173414497613
1750291200,2025,0.013382642648566812,0.011194770336689771,0.011288706492628291
1750377600,2025,-0.028339900382646444,0.03048848073032917,7.429017384136347e-05
1750464000,2025,-0.0379814212985771,0.045552410366211125,0.0027854945338170118
1750550400,2025,-0.022142472224459458,0.01586379255684404,-0.004139339833807708
1750636800,2025,0.05798461629346837,-0.07101511141845888,-0.007515247562495257
1750723200,2025,0.024148364278005745,-0.008842501718714738,0.006652931279645504
1750809600,2025,0.015511746694058822,0.015562402598897554,0.014537074646478187
1750896000,2025,-0.003539300336037665,0.02043541742105633,0.007448058542509332
1750982400,2025,0.0021518653413257947,-0.0052638203431724095,-0.0025559775009233072
1751068800,2025,-0.006356465398668705,-0.006242183928524862,-0.007299324663596784
1751155200,2025,0.011002310432180954,-0.024794990628235054,-0.00789634009802705
1751241600,2025,0.009914641225162724,0.008408332607016678,0.0081614869160897
1751328000,2025,-0.02378722905677222,0.03342280442683088,0.003817787685029329
1751414400,2025,0.05667170141493827,-0.03580958873212207,0.0094310563414081
1751500800,2025,0.006788591686117377,-0.010193124775772425,-0.002702266544827524
1751587200,2025,-0.013484666964702777,0.024597021899582017,0.00455617746743962
1751673600,2025,0.006227173837906126,0.007598608751167431,0.005912891294536779
1751760000,2025,0.025813434857069772,-0.04511053719412753,-0.010648551168528881
1751846400,2025,-0.010090307721685362,0.020222304181667223,0.00406599822999093
1751932800,2025,0.020605632577007354,-0.02544899254297824,-0.0034216799829854426
1752019200,2025,0.05479648697259002,-0.05606023572461605,-0.0016318743760130134
1752105600,2025,0.062162835010685015,-0.09117442030100957,-0.015505792645162279
1752192000,2025,0.03140264152470418,-0.00528103538918671,0.012060803067758735
1752278400,2025,-0.005205795142207277,-0.002015817501226406,-0.004610806321716842
1752364800,2025,0.04154294487889524,-0.041456709787532096,-0.0009568824543184284
1752451200,2025,-0.058004802047811554,0.05093126351344098,-0.0045367692671852864
1752537600,2025,0.028654814807332674,-0.040265631391042556,-0.006805408291854941
1752624000,2025,0.03307975675256014,-0.005306833591732563,0.012886461580413788
1752710400,2025,0.1054378826756565,-0.07261349428299413,0.015412194196331185
1752796800,2025,-0.013775079343993987,0.00026439027227875833,-0.007755344535857614
1752883200,2025,0.012560359275844127,-0.022748254580094107,-0.00609394765212499
1752969600,2025,0.05254333428787613,-0.03268048587361664,0.008931424207129744
1753056000,2025,-0.04044795039427188,0.009986447911175053,-0.016230751241548415
1753142400,2025,-0.004851599356066605,-0.0010189926715061064,-0.003935296013786355
1753228800,2025,-0.07421734032839289,0.0746281731752575,-0.000794583576567697
1753315200,2025,-0.03835973430629277,0.034327131418594635,-0.0030163014438490668
1753401600,2025,0.05515282320346837,-0.046282549796103245,0.003435136703682563
1753488000,2025,0.012548592218109741,-0.011269924598906411,-0.00036066619039833506
1753574400,2025,0.028745872934129963,-0.030656273258597988,-0.0019552001622340125
1753660800,2025,-0.022952850316556733,0.05883310057967872,0.01694012513156099
1753747200,2025,-0.019438496875123595,0.018462098403413285,-0.0014881992358551548
1753833600,2025,-0.0008263798693514494,-0.0007458669232167278,-0.0017861233962840886
1753920000,2025,-0.06075585541788046,0.057024603817885135,-0.002865625799997661
1754006400,2025,-0.023441087530831368,0.014450366645636,-0.005495360442597684
1754092800,2025,-0.016048379033407167,0.018894930492749856,0.00042327572967134405
1754179200,2025,0.05047201518082911,-0.017333137322095,0.015569438929367053
1754265600,2025,0.030089955260036882,-0.012852446589805333,0.007618754335115775
1754352000,2025,-0.03404276395145137,0.026470037501656735,-0.004786363224897319
1754438400,2025,0.02244538434315979,-0.021874072425558905,-0.0007143440411995572
1754524800,2025,0.044770581241552344,-0.03744006234867584,0.0026652594464382515
1754611200,2025,0.04880309809416109,-0.014096968523333938,0.016353064785413575
1754697600,2025,0.053538949467452746,-0.024525301941689337,0.013506823762881703
1754784000,2025,0.0264864254086552,-0.008631526819128007,0.007927449294763595
1754870400,2025,-0.04034316267070992,0.05181085522363016,0.0047338462764601194
1754956800,2025,0.060091495533421226,-0.053947252341265996,0.002072121596077615
1755043200,2025,0.010268541142365084,-0.035087922504291345,-0.013409690680963132
1755129600,2025,-0.04507115192371151,0.07247106265554966,0.012699955365919075
1755216000,2025,-0.017961965377906768,0.02295313394918645,0.0014955842856398402
1755302400,2025,0.008531764826773128,-0.005625721085581163,0.0004530218705959825
1755388800,2025,-0.03990545826138429,0.026785513752184225,-0.007559972254600031
1755475200,2025,-0.022969558508333415,0.019637960270220467,-0.002665799119056474
1755561600,2025,-0.014274961790103716,0.001371269634166487,-0.007451846077968615
1755648000,2025,0.0500868783850407,-0.020791276740793396,0.013647800822123652
1755734400,2025,-0.03897161335790211,0.013801666160661771,-0.013584973598620171
1755820800,2025,0.06316740588193685,-0.05123471505818992,0.004966345411873467
1755907200,2025,0.024606313668204687,-0.013096074172248636,0.004755119747978025
1755993600,2025,-0.010241942408610835,0.015980831610968527,0.001869444601178846
1756080000,2025,-0.08829371836731399,0.06311630588758983,-0.01358870623986208
1756166400,2025,0.021091877989135293,-0.03177186034128606,-0.006339991176075384
1756252800,2025,-0.009904359787714015,-0.002705861329165171,-0.007305110558439593
1756339200,2025,-0.004808147096156919,0.00540029247981703,-0.0007039273081699444
1756425600,2025,-0.04269562850315767,0.04203885981727473,-0.001328384342941468
1756512000,2025,0.003408397372452835,-0.017404553232843956,-0.00799807793019556
1756598400,2025,-0.04358276031972067,0.029261873655624198,-0.008160443332048236
1756684800,2025,0.02028333675987241,-0.019765944599309766,-0.0007413039197186775
1756771200,2025,0.020124687014593984,-0.013612625816095939,0.002256030599249023
1756857600,2025,-0.006892042502149883,-0.013340404132116642,-0.011116223317133262
1756944000,2025,-0.009026576036918662,0.025247823703611155,0.007110623833346247
1757030400,2025,0.020191281664665734,0.005318305853050376,0.011754793758858056
1757116800,2025,-0.011599887303394637,0.003668581528018522,-0.004965652887688058
1757203200,2025,0.012097458225528804,-0.010285481637983892,-9.401170622754407e-05
1757289600,2025,0.006659411379121479,0.0001236961555406054,0.002391553767331042
1757376000,2025,0.014708224735101064,-0.00037611940815326,0.006166052663473902
1757462400,2025,0.020749535372756034,-0.01830144126559219,0.00022404705358192254
1757548800,2025,0.020408841439701342,-0.014965513105019332,0.0017216641673410051
1757635200,2025,0.04734280698061366,-0.04028336873762939,0.0025297191214921364
1757721600,2025,0.005539773175887793,0.016961807740522878,0.010250790458205334
1757808000,2025,-0.014993083736522453,0.01245245988939836,-0.002270311923562047
1757894400,2025,-0.03143954241791724,0.0466647037743276,0.006612580678205177
1757980800,2025,0.0055950539529481995,-0.00439336930103799,-0.00039915767404489523
1758067200,2025,0.04734276907567211,-0.04294722189365063,0.001197773591010737
1758153600,2025,-0.01916468736280637,0.005724008601065071,-0.00772033938087065
1758240000,2025,-0.029709464586726336,0.017689917465191624,-0.007009773560767356
1758326400,2025,0.004672211640699864,-0.0004131337578341017,0.0011295389414328811
1758412800,2025,-0.041028853489945304,0.03246568952817334,-0.005281581980885983
1758499200,2025,-0.0065420093645768285,0.030617004777112006,0.01103749770626759
1758585600,2025,-0.02546241729982827,0.01683006169247203,-0.00531617780367812
1758672000,2025,-0.015105521171203931,0.004424288930493033,-0.006340616120355449
1758758400,2025,-0.05677408827874716,0.03134010816613327,-0.013716990056306944
1758844800,2025,0.014296822914007468,-0.016571039659869058,-0.002137108372930795
1758931200,2025,-0.013674272560904957,0.013155166064738691,-0.001259553248083133
1759017600,2025,0.03284940038067807,-0.030343992650432305,0.0002527038651228839
1759104000,2025,-0.010438225304648848,-0.0012618238343220511,-0.00685002456948545
1759190400,2025,-0.010040297046332877,0.013185531916681184,0.0005726174351741537
1759276800,2025,0.04908561255951523,-0.0787296826579486,-0.01582203504921668
1759363200,2025,0.006686250786464972,-0.0043830324557014855,0.00015160916538174305
1759449600,2025,0.00015604935992833782,0.00899947343657618,0.003577761398252259
1759536000,2025,0.011571328914006954,-0.005054209858802598,0.002258559527602178
1759622400,2025,-0.012689838760915747,0.007177902857363971,-0.003755967951775888
1759708800,2025,0.018860815909293633,-0.03380581703219635,-0.008472500561451358
1759795200,2025,-0.04978267812697209,0.04769428928984765,-0.0020441944185622214
1759881600,2025,0.0026990615849211697,-0.01101402184223584,-0.0051574801286573355
1759968000,2025,-0.009953230829284085,0.0022253850571245146,-0.004863922886079785
1760054400,2025,-0.17740821537197374,0.15874188034762124,-0.01033316751217625
1760140800,2025,-0.03663224387050046,0.03676847651842049,-0.000931883676039985
1760227200,2025,0.08042714731014071,-0.09588122076134109,-0.008727036725600192
1760313600,2025,0.025252623924360156,-0.01645962144399397,0.0033965012401830927
1760400000,2025,-0.025852806641157633,0.014708871724888514,-0.0065719674581345595
1760486400,2025,-0.03552054522374389,0.02128834352366053,-0.00811610085004168
1760572800,2025,-0.03123579963645029,0.024421361698341377,-0.0044072189690544565
1760659200,2025,-0.03387263443170455,0.015780708847103104,-0.010045962792300724
1760745600,2025,0.0053435073117152525,0.0021178173262374664,0.0027306623189763592
1760832000,2025,0.034876733984939325,-0.025267125373933903,0.003804804305502711
1760918400,2025,-0.027511014927560733,0.016357868755332666,-0.006576573086114034
1761004800,2025,-0.010853977900997699,0.008476202741882766,-0.0021888875795574667
1761091200,2025,-0.010065933969313767,0.006694113333276223,-0.002685910318018772
1761177600,2025,0.0029441226300027288,-0.02745899514252585,-0.013257436256261561
1761264000,2025,0.0191987141257192,-0.005393367090117396,0.005902673517800903
1761350400,2025,-0.005064401793714997,-0.0050004294267342875,-0.006032415610224642
1761436800,2025,0.04346168052879721,-0.043194535290829096,-0.0008664273810159431
1761523200,2025,-0.020611165562181937,0.017093679371112096,-0.0027587430955349204
1761609600,2025,-0.01797762275436791,0.02495728087562521,0.0024898290606286495
1761696000,2025,0.0005910673460748731,-0.008891861630451156,-0.005150397142188142
1761782400,2025,-0.044511247698409306,0.030460946542068656,-0.008025150578170326
1761868800,2025,0.01156747681192738,-0.009628866544227233,-3.069486614992647e-05
1761955200,2025,0.00883175371781475,-0.001712136716715329,0.0025598085005497104
1762041600,2025,-0.050171855489610416,0.04063875448307793,-0.0057665505032662425
1762128000,2025,-0.041038014801068244,0.029392830585881307,-0.006822592107593469
1762214400,2025,-0.02785222949053397,0.06456975842987529,0.017358764469670662
1762300800,2025,0.018780878504905358,-0.01598446454184414,0.0003982069815306093
1762387200,2025,-0.018233742494587535,0.021246477097361383,0.0005063673013869239
1762473600,2025,0.07740977324686327,-0.025051383385281456,0.025179194930790905
1762560000,2025,-0.03536042619086296,0.02404496956753921,-0.006657728311661874
1762646400,2025,0.06591046552101958,-0.06521447961210325,-0.0006520070455418364
1762732800,2025,0.042576626733154876,-0.019260271224507648,0.010658177754323615
1762819200,2025,-0.058939040373394515,0.06541469389367509,0.0022378267601402867
1762905600,2025,0.010855788651875642,0.0057032102060747825,0.007279499428975212
1762992000,2025,-0.06417850620194854,0.040463163403059076,-0.012857671399444732
1763078400,2025,-0.03542291135095562,0.018176391044936253,-0.009623260153009683
1763164800,2025,-0.007145311626962895,0.0022809940328127145,-0.00343215879707509
1763251200,2025,-0.017858145160501177,0.0063943054972605,-0.006731919831620339
1763337600,2025,-0.03944238491311621,0.043934878679868526,0.0012462468833761573
1763424000,2025,0.004909614080539582,-0.022209768733270074,-0.009650077326365247
1763510400,2025,-0.014642410129524164,0.011333885701884686,-0.002654262213819739
1763596800,2025,-0.060552596022463066,0.07127657586591567,0.0043619899217263005
1763683200,2025,-0.059793463198946184,0.025816572524028247,-0.01798844533745897
1763769600,2025,0.009381803904260059,-0.023317203247964047,-0.007967699671851994
1763856000,2025,0.0024765659069121426,-0.017282577018748652,-0.008403005555918254
1763942400,2025,0.016055265068146585,-0.018687352669650343,-0.002316043800751879
1764028800,2025,-0.009258979395517527,0.006758592586169361,-0.002250193404674083
1764115200,2025,0.018255733726325385,-0.04137723975160057,-0.012560753012637593
1764201600,2025,-0.0067570968142660615,0.00409808267576528,-0.0023295070692503908
1764288000,2025,-0.008231806696464505,0.008374063441454157,-0.0009288716275051741
1764374400,2025,-0.010548567820746682,-0.003431957042538958,-0.00799026243164282
1764460800,2025,-0.08465162929790881,0.05402022622805739,-0.016315701534925713
1764547200,2025,0.0011302764058669368,-0.0006795273255708612,-0.0007746254598519622
1764633600,2025,0.09711956621851063,-0.08280310526604857,0.006158230476231028
1764720000,2025,0.02407925642671227,-0.02947691029530053,-0.0036988269342941296
1764806400,2025,-0.022400187568299423,0.024060812650557446,-0.0001696874588709889
1764892800,2025,-0.04703921270337844,0.04263905300706353,-0.0032000798481574546
1764979200,2025,0.011180768727891385,-0.018750604828753088,-0.004784918050430851
1765065600,2025,-0.0061761034159409185,-0.009514410500901516,-0.008845256958421217
1765152000,2025,0.0005958581305894883,0.003913908881401788,0.0012548835059956382
1765238400,2025,0.03011265963646929,-0.017808411971143318,0.005152123832662986
1765324800,2025,-0.06276761148669936,0.05532920993928044,-0.00471920077370946
1765411200,2025,0.014908730792071076,-0.057531407768400156,-0.02231133848816454
1765497600,2025,-0.027887480379826763,0.02852879952969493,-0.0006793404250659161
1765584000,2025,-0.001028639460266989,-0.006062756078681157,-0.004545697769474073
1765670400,2025,-0.026101482660159842,0.012902222414634493,-0.007599630122762675
1765756800,2025,-0.05131717348377918,0.045052250792732895,-0.004132461345523141
1765843200,2025,0.0022743600075397405,-0.011095659437569886,-0.005410649715015072
1765929600,2025,-0.04281366069154776,0.02740260066016124,-0.008705530015693259
1766016000,2025,-0.010829633967280575,-0.004618898759515229,-0.008724266363397903
1766102400,2025,0.025538178193286926,-0.02931601004110303,-0.002888915923908052
1766188800,2025,-0.008431562337191889,0.0019507080446682739,-0.004240427146261808
1766275200,2025,-0.03115688132920887,-0.008117197271061046,-0.020637039300134958
1766361600,2025,-0.03330415535638905,0.0027650380823289375,-0.016269558637030057
1766448000,2025,-0.02156596083130365,0.011578566162492088,-0.005993697334405781
1766534400,2025,0.0019487124047546562,-0.0012790611452545564,-0.0006651743702499501
1766620800,2025,0.0001643000499629288,-0.025893778130626544,-0.013864739040331808
1766707200,2025,0.0019164775901186297,-0.015314092960989178,-0.007698807685435275
1766793600,2025,0.04154154839068506,-0.011786978722186184,0.013877284834249437
1766880000,2025,0.0246346212368882,-0.02842295415678331,-0.002894166459947555
1766966400,2025,-0.046512991931386506,0.04364236777407345,-0.002435312078656527
1767052800,2025,-0.007143317365038186,-0.009264960791984836,-0.00920413907851151
1767139200,2025,-0.018540860602689373,0.031336921704451536,0.005398030550881081
1767225600,2026,0.04808528874643773,-0.030305346819759455,0.007889970963339137
1767312000,2026,0.10463408448660856,-0.05528224521279953,0.023675919636904515
1767398400,2026,0.015507957272771322,0.001957214130621628,0.0077325857016964745
1767484800,2026,0.007641503505634306,-0.029296214347583227,-0.011827355420974461
1767571200,2026,0.0036408127538671473,-0.05334646307940575,-0.0258528251627693
1767657600,2026,-0.015732529172749993,0.03497301512467854,0.008620242975964275
1767744000,2026,-0.03663326424571226,0.03062862941595368,-0.0040023174148792915
1767830400,2026,0.005115255548223859,-0.0013380850449146164,0.0008885852516546211
1767916800,2026,-0.017438571765662953,0.020108436920497463,0.0003349325774172551
1768003200,2026,0.0125706244492656,-0.0031061453698285244,0.0037322395397185373
1768089600,2026,-0.0075968990965210965,0.005462199219966786,-0.002067349938277155
1768176000,2026,-0.026251699794326993,0.019315095518990688,-0.0044683021376681524
1768262400,2026,0.08572407688201873,-0.049126571628694826,0.017298752626661952
1768348800,2026,-0.012052102791551222,0.04393688246492785,0.014942389836688313
1768435200,2026,-0.00479823689058434,0.014190961649565606,0.0036963623794906333
1768521600,2026,0.0032828839295480825,-0.015158377170500096,-0.006937746620476006
1768608000,2026,-0.0015626075167691027,0.0013494338895871927,-0.0011065868135909551
1768694400,2026,-0.04269000010747318,0.055871295295082425,0.005590647593804622
1768780800,2026,0.007811101780480907,-0.00042661337318768605,0.0026922442036466107
1768867200,2026,-0.031208185076434525,0.01226334435995513,-0.010472420358239698
1768953600,2026,0.01669100410596447,-0.010512094858116624,0.002089454623923922
1769040000,2026,-0.007869671082157267,0.007505496968825039,-0.0011820870566661141
1769126400,2026,-0.010513485654702892,0.0024735584424128896,-0.005019963606145001
1769212800,2026,-0.015129774239786379,0.007617467339798105,-0.0047561534499941365
1769299200,2026,-0.034842596689026416,0.019372868549715944,-0.008734864069655235
1769385600,2026,0.02452022412121635,-0.029300765924616574,-0.003390270901700112
1769472000,2026,0.0023594459293455237,-0.00312670870460093,-0.0013836313876277031
1769558400,2026,-0.04496965357202513,0.01825734450196777,-0.014356154535028677
1769644800,2026,-0.05773676534709712,0.0641367351665798,0.002199984909741344
1769731200,2026,-0.0005922705705498169,-0.013589542254898723,-0.00809090641272427
1769817600,2026,-0.06320812877506858,0.07554676984850099,0.005169320536716205
1769904000,2026,-0.04325277198358457,0.05454539390285562,0.004646310959635525
1769990400,2026,0.0396565711585386,-0.04014173365650908,-0.0012425812489852408
1770076800,2026,-0.0010241688423782886,0.007042427966162168,0.00200912956189194
1770163200,2026,-0.038159263283521226,0.07575884042674863,0.0177997885716137
1770249600,2026,-0.14309130578432275,0.10759053100685649,-0.01875038738873313
1770336000,2026,0.11062691012353294,-0.11284928780840797,-0.0021111888424375147
1770422400,2026,-0.022427366096416046,0.01176980152045152,-0.006328782287982263
1770508800,2026,0.008822729645738084,-0.020303587319914957,-0.0067404288370884365
1770595200,2026,-0.023604441514375945,0.011342066312409341,-0.007131187600983302
1770681600,2026,-0.017927253133820265,0.010999141600522067,-0.004464055766649099
1770768000,2026,-0.004183393687896331,0.007929607665623043,0.000873106988863356
1770854400,2026,0.0021577380952380785,-0.0032325369740275147,-0.0015373994393947182
1770940800,2026,0.05085294316635144,-0.06369475960353237,-0.007420908218590465
1771027200,2026,0.0514813178425871,-0.05430132153519892,-0.0024100018463059083
1771113600,2026,-0.04213586406592055,0.042701936644900594,-0.0007169637105099774
1771200000,2026,0.004639591086911958,-0.007834288432402933,-0.0025973486727454875
1771286400,2026,-0.007040064923626632,-0.0003458430055024442,-0.004692953964564538
1771372800,2026,-0.025218069736350435,0.025587545917628313,-0.0008152619093610607
1771459200,2026,-0.006476071721193318,-0.0008267852605499115,-0.004651428490871615
1771545600,2026,0.024928988922300555,-0.01616890892709666,0.0033800399976019477
1771632000,2026,-0.009906811225403303,0.01882226643178575,0.0034577276031912234
1771718400,2026,-0.0688221525557254,0.06101191932922837,-0.004905116613248511
1771804800,2026,-0.007918030616731908,0.013949887563487398,0.002015928473377745
1771891200,2026,0.026709910258388463,-0.04411214359913059,-0.009701116670371063
1771977600,2026,0.15295360013025397,-0.057153225118824556,0.0469001875057147
1772064000,2026,-0.001539339070298092,-0.001243045965430123,-0.0023911925178641074
1772150400,2026,-0.048703001149238055,0.03749427838626126,-0.006604361381488399
1772236800,2026,0.02722256203551369,-0.021981957700784927,0.0016203021673643824
1772323200,2026,-0.02295751965764196,0.02109732714812451,-0.0019300962547587246
1772409600,2026,-0.0010324063004305921,-0.00401572058195554,-0.003524063441193066
1772496000,2026,-0.01017852432593184,0.0015677799894379858,-0.005305372168246927
1772582400,2026,0.04049336058133868,-0.0404888791092346,-0.0009977592639479607
1772668800,2026,-0.016811588512679016,0.0014043505221434567,-0.00870361899526778
1772755200,2026,-0.051303395323723744,0.04219321005993607,-0.005555092631893836
1772841600,2026,-0.029477241210984644,0.0173964061616723,-0.007040417524656172
1772928000,2026,0.0023574294481790714,-0.007588780382229802,-0.0036156754670253655
1773014400,2026,0.007860150902005278,-0.022374099314636114,-0.008256974206315418
1773100800,2026,0.005511897970106576,-0.013387284584574536,-0.00493769330723398
1773187200,2026,-0.009117378911754459,0.002898397431671825,-0.004109490740041317
1773273600,2026,0.051300278143440105,-0.04368584052136352,0.002807218811038293
1773360000,2026,-0.02112175324774257,0.004510730461401047,-0.009305511393170762
1773446400,2026,-0.012552175178748884,-0.0046236475331182065,-0.009587911355933544
1773532800,2026,0.04237051173435565,-0.030497954524477604,0.004936278604939024
1773619200,2026,0.04456101807513776,-0.019814816643348793,0.011373100715894483
1773705600,2026,0.006337948415711929,-0.0038498534979998964,0.00024404745885601617
1773792000,2026,-0.04708563187277459,0.042983231728421334,-0.003051200072176629
1773878400,2026,-0.015284107073613015,0.012413717650610686,-0.0024351947115011643
1773964800,2026,-0.0013219965306726273,0.0034725237440770274,7.526360670220009e-05
1774051200,2026,-0.024124581888810392,0.021986431721601345,-0.0020690750836045236
1774137600,2026,-0.020799531525020194,0.021597995431307176,-0.0006007680468565089
1774224000,2026,0.044149839458469474,-0.04103740155127763,0.0005562189535959225
1774310400,2026,0.005392914113159009,-0.02519268996350769,-0.01089988792517434
1774396800,2026,-0.018269162893636115,0.01211881975217847,-0.0040751715707288225
1774483200,2026,-0.03967088293581019,0.018492243658676855,-0.011589319638566669
1774569600,2026,-0.03156830861950658,0.02010767406452481,-0.006730317277490885
1774656000,2026,-0.0008214810766895564,-0.01739931880059542,-0.01011039993864249
1774742400,2026,0.00696601482671159,-0.004262429894566859,0.0003517924660723657
1774828800,2026,0.008723990343053748,-0.005861889052444262,0.0004310506453047429
1774915200,2026,0.011584735088152978,-0.0036570002340436205,0.002963867427054679
1775001600,2026,-0.030334207342539332,0.03268323381000723,0.0001745132337339474
1775088000,2026,0.007258545499275589,-0.00555697086999866,-0.00014921268536153588
1775174400,2026,-0.0020557752098667357,-0.00574016641982511,-0.004897970814845923
1775260800,2026,-2.273627323708579e-06,-0.0016852186704947962,-0.0018437461489092524
1775347200,2026,0.017408928601923373,-0.022746969018582714,-0.0036690202083296706
1775433600,2026,-0.02232467149740321,0.01371780720837549,-0.0053034321445138595
1775520000,2026,0.034873590262363585,-0.04120546231547184,-0.004165936026554128
1775606400,2026,-0.02711563070869764,0.028591437444769035,-0.0002620966319643028
1775692800,2026,0.0025198991573371168,-0.011303242312778128,-0.005391671577720506
1775779200,2026,0.010242523013215746,-0.0006067503058511114,0.0038178863536823173
1775865600,2026,-0.017501922388660218,0.028426009918508854,0.004462043764924318
1775952000,2026,-0.008208268845853905,-0.000693966579378776,-0.005451117712616341
1776038400,2026,0.02383639632755452,-0.026329094162808264,-0.0022463489176268716
1776124800,2026,-0.006405662052489862,0.012860499352613427,0.0022274186500617827
1776211200,2026,0.024024268753622662,-0.03815254601617927,-0.008064138631278302
1776297600,2026,-0.004044622256027752,-0.03059507317784253,-0.018319847716935143
1776384000,2026,0.016323189963732537,-0.012589516457458908,0.0008668367531368144
1776470400,2026,-0.022028864482749877,0.0806970813696813,0.028334108443465712
1776556800,2026,-0.013661195164994274,0.003668673105729788,-0.005996261029632243
1776643200,2026,0.01176188427725607,-0.009112891897935071,0.0003244961896604996
1776729600,2026,0.02433120251965522,-0.020598125190269007,0.000866538664693107
1776816000,2026,-0.003345009713926076,0.017007623812082057,0.005831307049077991
1776902400,2026,0.0009013291536357956,0.0014810656834613651,0.00019119741854858028
1776988800,2026,0.003533288266709437,-0.00519552536170768,-0.0018311185474991214
1777075200,2026,-0.006732548165327645,0.004546414647196628,-0.0020930667590655086
1777161600,2026,0.021480042730445643,-0.014879363441258509,0.002300339644593567
1777248000,2026,-0.027014096002602295,0.013234294767258644,-0.007889900617671825
1777334400,2026,0.008874553677037897,-0.010760932398881318,-0.0019431893609217106
1777420800,2026,0.007240872857662617,0.020535766897759673,0.012888319877711146
1777507200,2026,0.002328259224646634,-0.008129583857291825,-0.0039006623163225958
1777593600,2026,-0.005852050472237358,0.0005682808769361669,-0.0036418847976505955
1777680000,2026,-0.002816937197947141,0.002630779478403881,-0.0010930788597716301
1777766400,2026,0.0344225575524156,-0.014478849408093927,0.008971854072160834
1777852800,2026,0.003282752784088183,0.010438307586409548,0.005860530185248866
1777939200,2026,0.02506047940943934,-0.03223972876301954,-0.004589624676790099
1778025600,2026,-0.004662503514927659,0.005197298786676667,-0.000732602364125496
1778112000,2026,-0.015238217101807469,0.0030731364513442903,-0.007082540325231589
1778198400,2026,0.03738732586691677,-0.03582127087863037,-0.0002169725058568028
1778284800,2026,-0.003465450670350386,0.02238009228247173,0.008457320806060674
1778371200,2026,0.006645768470214253,-0.018215928637300333,-0.00678508008354304
1778457600,2026,0.00919967179047528,0.0010638972179200696,0.004131784504197675
1778544000,2026,0.003766809479833988,0.010450699654881398,0.006108754567357693
1778630400,2026,-0.026695145714064394,0.023986985507853498,-0.0023540801031054484
1778716800,2026,0.027311689126157185,-0.018315902179930326,0.0034978934731134297
1778803200,2026,-0.024494852487683128,0.04058774469129597,0.00704644610180642
1778889600,2026,-0.028217321143177543,0.020731599926930893,-0.004742860608123325
1778976000,2026,-0.016004753674559263,0.038235318930744354,0.010115282628092546
1779062400,2026,0.009015353733756504,0.0046153241502514914,0.005815338942003998
1779148800,2026,-0.01533436530412502,0.01858830139367973,0.0006269680447773549
1779235200,2026,0.034903752017076295,-0.025658253090133327,0.003622749463471484
1779321600,2026,0.0018252069894479916,0.004987017263902975,0.0024061121266754832
1779408000,2026,-0.03239675539536069,0.031638766178980614,-0.001378994608190037
1779494400,2026,0.00512362807286304,-0.0046910068940375265,-0.0007836894105872432
1779580800,2026,-0.012835037512628267,0.018138508979982777,0.001651735733677255
1779667200,2026,-0.006212443224213289,0.000515035131999538,-0.003848704046106876
1779753600,2026,0.0002505599359734119,0.00657553877414548,0.002413049355059446
1779840000,2026,-0.03699424388085274,0.035144211627247714,-0.0019250161268025137
1779926400,2026,0.008858359871824742,0.02326025953317094,0.015059309702497841
1780012800,2026,0.1503389526523978,-0.009137706030912499,0.06960062331074265
1780099200,2026,0.0037930981508810615,0.01492533079279564,0.00835921447183835
1780185600,2026,-0.00202550224771203,0.001984370474059638,-0.001020565886826196
1780272000,2026,-0.023640738816343543,0.033314622246503424,0.0038369417150799405
1780358400,2026,-0.08627187864312054,0.11287002193989619,0.012299071648387824
1780444800,2026,0.0007933767486292265,0.013883116571711077,0.006338246660170152
1780531200,2026,-0.06887768080767454,0.09797833310552977,0.013550326148927615
1780617600,2026,-0.08131349604743048,0.0641510463161179,-0.009581224865656289
1780704000,2026,0.03648561407763351,-0.026886119035752554,0.0037997475209404783
1780790400,2026,0.0037238375186894324,-0.005485318476204,-0.001880740478757284
1780876800,2026,-0.007504729428003139,0.023450673855433313,0.006972972213715087
1780963200,2026,-0.010280945863528124,0.019580144417492822,0.0036495992769823493
1781049600,2026,0.003937926051070795,-0.004951907985132231,-0.0015069909670307182
1781136000,2026,0.013171573288204433,-0.01582795014210303,-0.002328188426949299
1781222400,2026,-0.03153044055575812,-0.003945381275325288,-0.018737910915541705
1781308800,2026,0.00800755045309128,-0.026480892663762672,-0.010236671105335698
1781395200,2026,0.02446467570444651,-0.012438775016410886,0.005012950344017812
1781481600,2026,0.005173049570045422,-0.017149617092172182,-0.0069882837610633795
1781568000,2026,0.0008329638218427619,-0.01464962739833194,-0.007908331788244589
1781654400,2026,-0.027545630414033722,0.01585922672777562,-0.00684320184312905
1781740800,2026,-0.022524316997220167,0.022549605112689403,-0.0009873559422653817
1781827200,2026,-0.0006202329968184964,0.014793909128795154,0.006086838065988329
1781913600,2026,0.02216368042554488,-0.021272449510433278,-0.0005543845424441996
1782000000,2026,-0.009634477988153792,0.004558882103173419,-0.0035377979424901867
1782086400,2026,0.0031233102773758534,0.017284060958229357,0.009203685617802604
1782172800,2026,-0.026538493438692783,0.04065887242387719,0.006060189492592203
1782259200,2026,-0.028931755202190452,-0.0401828393789172,-0.035557297290553826
1782345600,2026,-0.040103694706289494,0.016668378629397667,-0.012717658038445913
1782432000,2026,0.013326518127471987,-0.04643845817028036,-0.017555970021404188
1782518400,2026,-0.02267071639637382,-0.004129285018957855,-0.014400000707665839
1782604800,2026,0.0017623928024711095,-0.008858942798450195,-0.004548274997989543
1782691200,2026,-0.0033486509425475117,-0.0010209275820848667,-0.003184789262316189
1782777600,2026,0.006289521778186091,-0.013782420230898521,-0.004746449226356215
1782864000,2026,0.02842705462212954,-0.027649879810673017,-0.000611412594271739
1782950400,2026,0.00044361195752055477,-0.03398336017983709,-0.017769874111158268
1783036800,2026,0.029289140504604,-0.021134621847166857,0.003077259328718571
1783123200,2026,-0.011855822224961399,-0.012842978784917802,-0.013349400504939601
1783209600,2026,0.0008945508875847219,-0.018614668145754038,-0.009860058629084657
1783296000,2026,-0.005519335198358566,0.017617092095962888,0.005048878448802161
1783382400,2026,-0.032835671914272314,0.01489602277246808,-0.00996982457090212
1783468800,2026,-0.013724359888564389,0.004839778875672625,-0.0054422905064458816
1783555200,2026,0.03116887706360923,-0.019631725893795176,0.004768575584907027
1783641600,2026,0.009926736848988704,-0.011372527682930992,-0.0017228954169711437
1783728000,2026,-0.00695431850909678,-0.0023842354077432404,-0.00566927695842001
1783814400,2026,-0.02097322957296795,0.01928381221423277,-0.0018447086793675896
1783900800,2026,-0.001861520924132572,0.002547953800524342,-0.000656783561804115
1783987200,2026,0.02262878598739852,-0.02572009244578551,-0.002545653229193495
1784073600,2026,0.01746790142334616,0.019807855015855136,0.017637878219600646
1784160000,2026,-0.03384031269415725,0.010709329976762771,-0.01256549135869724
1784246400,2026,0.004953046959298102,0.001272412393707271,0.0021127296765026866
1784332800,2026,-0.003805289989481967,0.004870601099774515,-0.0004673444448537263
1784419200,2026,-0.004986121034238011,-0.003376597287412464,-0.005181359160825238
1784505600,2026,0.022212151252115026,-0.00953361631736597,0.005339267467374528
1784592000,2026,0.017388741212139996,-0.0038835553880983698,0.005752592912020813
1784678400,2026,-0.0073721995857427185,0.02308056554126821,0.006854182977762747
1784764800,2026,-0.02188999382630293,0.028615475808074293,0.002362740990885682
1784851200,2026,-0.014537961452350312,0.008222460002499562,-0.004157750724925375
1784937600,2026,0.03420991970981809,-0.01579203753942567,0.008208941085196212
1785024000,2026,0.031150342717002528,0.014728623641397523,0.021939483179200026
1785110400,2026,-0.04085621467431207,0.03566753614105663,-0.003594339266627721
1785196800,2026,0.015247285490606832,0.006861964358503799,0.010054624924555316
1785283200,2026,0.00465033057640396,-0.007264862514368198,-0.0023072659689821187
1785369600,2026,-0.000929834965771185,-0.01602358573135043,-0.009476710348560808
1785456000,2026,-0.011228478671039524,0.008287879620543745,-0.00247029952524789
1785542400,2026,0.011582540652246731,-0.01991408968229506,-0.0051657745150241645
1785628800,2026,0.001996807218580939,0.0036538123495102326,0.001825309784045586
1785715200,2026,0.02087297040370517,-0.020311115522093342,-0.0007190725591940854
1785801600,2026,-0.009985286426899368,0.004541828101113847,-0.0037217291628927605
1785888000,2026,-0.005976914821138675,0.010562725812071442,0.0012929054954663832
1785974400,2026,0.02977119834298292,0.02459445552196567,0.02618282693247429
1786060800,2026,0.0018238470955239672,-0.01191551315771533,-0.006045833031095681
1786147200,2026,-0.00064399940156179,0.0012215536488722571,-0.0007112228763447665
1786233600,2026,-0.012489110374135581,0.00544762845585256,-0.004520740959141511
1786320000,2026,-0.020093711217139654,0.0022569721045669158,-0.009918369556286367
1786406400,2026,0.011635772356499522,-0.008633335054570054,0.0005012186509647338
1786492800,2026,-0.015113728314980701,0.01514524810122623,-0.0009842401068772353
1786579200,2026,-0.010822917238739923,0.00014635257267348045,-0.006338282333033221
1786665600,2026,0.023349412739458713,-0.0018714691609702145,0.009738971789244249
1786752000,2026,-0.01246461461927395,0.0034366556133761015,-0.005513979502948924
1786838400,2026,0.0020591978399956043,-0.006249086509170221,-0.003094944334587308
1786924800,2026,-0.015759351449970798,0.006103715844742082,-0.0058278178026143585
1787011200,2026,0.01074942130404614,-0.008425270331505233,0.00016207548627045296
1787097600,2026,0.06484616925952857,-0.07451887688648617,-0.0058363538134788
1787184000,2026,0.07070672688805946,-0.06408172695644236,0.0023124999658085477
1787270400,2026,0.10385622215002004,-0.12650846575048993,-0.01232612180023495
1787356800,2026,-0.035831156129048046,0.08115160856831398,0.021660226219632966
1787443200,2026,-0.0024335829513798903,-0.008592803446279365,-0.006513193198829628
1787529600,2026,0.03790360811401827,-0.030288483611634387,0.0028075622511919427
1787616000,2026,-0.03723989351654992,0.02829545635020129,-0.005472218583174313
1787702400,2026,0.005345323509357754,-0.001972894359296632,0.0006862145750305608
1787788800,2026,0.02864450972979486,-0.0007925182890458071,0.012925995720374527
1787875200,2026,-0.030810481306168258,0.02717742576767664,-0.0028165277692458095
1787961600,2026,0.004852851934016411,0.0011110150076321101,0.0019819334708242606
1788048000,2026,-0.017271199313425984,0.01849145304515402,-0.0003898731341359816
1788134400,2026,,,
