coin,i_break,i_entry,t_break,t_entry,entry,oi_chg,regime,vol_state,net,surge,side,rule,direction,r8,r12,r24,r36,r48,r36_exit8,px8,oi8,oi0,skip_filter_b
AAVE,176,177,1764460800,1764475200,185.41,0.12497778119400271,warmup,na,,,high,A_fade,-1,0.027369559354943007,0.02704595221401218,0.1014755946281215,0.11285577908419175,0.08858524351437347,0.11285577908419175,180.15,330411.2,351258.0,False
AAVE,176,177,1764460800,1764475200,185.41,0.12497778119400271,warmup,na,,,high,chase,1,-0.02936955935494301,-0.029045952214012183,-0.1034755946281215,-0.11485577908419176,-0.09058524351437347,-0.11485577908419176,180.15,330411.2,351258.0,False
AAVE,995,996,1776254400,1776268800,107.72,0.10960572934861146,A,expanded,,,high,A_fade,-1,0.008097660601559586,0.01385332343111767,-0.0826932788711473,-0.051872632751578274,-0.08668510954326025,-0.051872632751578274,106.74,496147.5,488839.8,False
AAVE,995,996,1776254400,1776268800,107.72,0.10960572934861146,A,expanded,,,high,chase,1,-0.010097660601559588,-0.015853323431117672,0.0806932788711473,0.04987263275157827,0.08468510954326025,0.04987263275157827,106.74,496147.5,488839.8,False
AAVE,1414,1415,1782288000,1782302400,75.69,0.10245180585622538,A,expanded,,,high,A_fade,-1,-0.062038446294094496,-0.09665332276390559,-0.08595177698507073,-0.10312709737085479,-0.22877117188532192,-0.062038446294094496,80.31,625693.9,622669.3,False
AAVE,1414,1415,1782288000,1782302400,75.69,0.10245180585622538,A,expanded,,,high,chase,1,0.060038446294094494,0.09465332276390559,0.08395177698507073,0.10112709737085479,0.22677117188532192,0.10112709737085479,80.31,625693.9,622669.3,False
AAVE,1418,1419,1782345600,1782360000,81.94,0.10291597856395929,C,expanded,,,high,A_fade,-1,-0.003196729314132284,0.012180375884793704,-0.053843544056626835,-0.16050695630949485,-0.1749077373688065,-0.16050695630949485,82.12,652604.0,690087.8,False
AAVE,1418,1419,1782345600,1782360000,81.94,0.10291597856395929,C,expanded,,,high,chase,1,0.001196729314132284,-0.014180375884793706,0.051843544056626834,0.15850695630949485,0.1729077373688065,0.15850695630949485,82.12,652604.0,690087.8,False
AAVE,1760,1761,1787270400,1787284800,105.82,0.05081655650103234,C,expanded,,,high,A_fade,-1,-0.0454150444150444,-0.04097353997353992,-0.16250066150066156,-0.19160669060669056,-0.14681364581364587,-0.19160669060669056,110.52,526837.4,533775.3,False
AAVE,1760,1761,1787270400,1787284800,105.82,0.05081655650103234,C,expanded,,,high,chase,1,0.0434150444150444,0.03897353997353992,0.16050066150066156,0.18960669060669055,0.14481364581364586,0.18960669060669055,110.52,526837.4,533775.3,False
AAVE,1774,1775,1787472000,1787486400,139.94,0.11144194246729966,C,expanded,,,high,A_fade,-1,-0.012933685865370914,0.002787337430327331,0.0372306702872659,0.08482249535515218,0.0746752894097471,-0.012933685865370914,141.61,599470.9,593593.8,False
AAVE,1774,1775,1787472000,1787486400,139.94,0.11144194246729966,C,expanded,,,high,chase,1,0.010933685865370912,-0.004787337430327331,-0.0392306702872659,-0.08682249535515218,-0.0766752894097471,-0.08682249535515218,141.61,599470.9,593593.8,False
AAVE,1832,1833,1788307200,1788321600,131.4,0.07089752414172268,A,normal,,,high,A_fade,-1,0.03157229832572295,0.034388127853881345,0.028680365296803734,-0.021167427701674346,-0.018503805175038024,-0.021167427701674346,127.12,458290.3,466909.5,False
AAVE,1832,1833,1788307200,1788321600,131.4,0.07089752414172268,A,normal,,,high,chase,1,-0.03357229832572295,-0.03638812785388135,-0.030680365296803735,0.019167427701674344,0.016503805175038022,0.019167427701674344,127.12,458290.3,466909.5,False
AAVE,1934,1935,1789776000,1789790400,142.24,0.05398500153769725,A,expanded,,,high,A_fade,-1,-0.0026872890888637304,-0.002757592800899932,0.03872159730033753,0.0351361079865018,0.02437964004499449,0.0351361079865018,142.48,470740.7,476717.1,False
AAVE,1934,1935,1789776000,1789790400,142.24,0.05398500153769725,A,expanded,,,high,chase,1,0.0006872890888637304,0.000757592800899932,-0.04072159730033753,-0.0371361079865018,-0.02637964004499449,-0.0371361079865018,142.48,470740.7,476717.1,False
AAVE,1995,1996,1790654400,1790668800,171.28,0.1826267303191329,B,expanded,,,high,A_fade,-1,0.03262914525922456,0.03443904717421764,0.05393928070994858,0.06544091546006536,,0.06544091546006536,165.52,493665.1,483659.8,False
AAVE,1995,1996,1790654400,1790668800,171.28,0.1826267303191329,B,expanded,,,high,chase,1,-0.03462914525922456,-0.03643904717421764,-0.05593928070994858,-0.06744091546006536,,-0.03462914525922456,165.52,493665.1,483659.8,False
AAVE,40,41,1762502400,1762516800,198.59,0.05236655124889822,warmup,na,,,low,C_long,1,0.046333702603353566,0.042708142403947824,0.0029276902160230165,-0.0064886953018782325,0.04653512261443182,-0.0064886953018782325,207.99,479285.2,497016.2,False
AAVE,63,64,1762833600,1762848000,218.6,-0.09125378973125808,warmup,na,,,low,D_cont,-1,0.03111344922232384,0.04932021957914001,0.0034373284537968516,0.0611683440073193,0.02265050320219575,0.0611683440073193,211.58,424585.3,429796.7,False
AAVE,63,64,1762833600,1762848000,218.6,-0.09125378973125808,warmup,na,,,low,D_bounce,1,-0.03311344922232384,-0.051320219579140014,-0.005437328453796852,-0.0631683440073193,-0.02465050320219575,-0.0631683440073193,211.58,424585.3,429796.7,False
AAVE,71,72,1762948800,1762963200,204.87,-0.06808849224817504,warmup,na,,,low,D_cont,-1,-0.021744862595792447,-0.045076731585883656,0.060258358959340175,0.09271796749158012,0.11868565431737199,-0.021744862595792447,209.12,390441.9,389663.7,False
AAVE,71,72,1762948800,1762963200,204.87,-0.06808849224817504,warmup,na,,,low,D_bounce,1,0.019744862595792445,0.043076731585883654,-0.062258358959340176,-0.09471796749158012,-0.120685654317372,-0.09471796749158012,209.12,390441.9,389663.7,False
AAVE,78,79,1763049600,1763064000,198.64,0.053212097651605506,warmup,na,,,low,C_long,1,-0.06629399919452272,-0.09559323399113973,-0.1259999999999999,-0.10329561014901323,-0.10279218687072089,-0.06629399919452272,185.67,427297.1,417222.6,False
AAVE,81,82,1763092800,1763107200,179.85,-0.05834666079701012,warmup,na,,,low,D_cont,-1,-0.0037800945232137053,0.03258354184042256,0.00750708924103416,0.00695107033639153,0.018794273005282247,0.00695107033639153,180.35,370495.2,405560.3,False
AAVE,81,82,1763092800,1763107200,179.85,-0.05834666079701012,warmup,na,,,low,D_bounce,1,0.0017800945232137053,-0.03458354184042256,-0.009507089241034161,-0.008951070336391531,-0.02079427300528225,-0.008951070336391531,180.35,370495.2,405560.3,False
AAVE,178,179,1764489600,1764504000,180.15,-0.05934896856441696,warmup,na,,,low,D_cont,-1,0.014709131279489362,0.0732159311684707,0.0857055231751318,0.059172078823202856,-0.022371079655842396,0.059172078823202856,177.32,321979.1,330411.2,False
AAVE,178,179,1764489600,1764504000,180.15,-0.05934896856441696,warmup,na,,,low,D_bounce,1,-0.016709131279489364,-0.0752159311684707,-0.0877055231751318,-0.06117207882320286,0.020371079655842395,-0.06117207882320286,177.32,321979.1,330411.2,False
AAVE,269,270,1765800000,1765814400,183.37,0.06993711466675889,A,normal,,,low,C_long,1,0.018141626220210427,0.017432677100943317,0.009361564050826332,0.009470633146097973,-0.019868953482030882,0.009470633146097973,186.88,281193.9,284850.0,False
AAVE,609,610,1770696000,1770710400,108.37,-0.04090838090329452,C,normal,,,low,D_cont,-1,-0.005244717172649182,-0.010319922487773359,0.024745132416720605,0.007489434345298474,-0.014010980898772618,0.007489434345298474,108.83,340697.5,340161.6,False
AAVE,609,610,1770696000,1770710400,108.37,-0.04090838090329452,C,normal,,,low,D_bounce,1,0.0032447171726491817,0.008319922487773357,-0.026745132416720607,-0.009489434345298475,0.012010980898772616,-0.009489434345298475,108.83,340697.5,340161.6,False
AAVE,660,661,1771430400,1771444800,122.88,-0.07290446588398392,A,normal,,,low,D_cont,-1,-0.007266276041666741,0.0025807291666666296,-0.01629947916666674,-0.014834635416666742,0.05653580729166663,-0.014834635416666742,123.65,341992.0,343997.5,False
AAVE,660,661,1771430400,1771444800,122.88,-0.07290446588398392,A,normal,,,low,D_bounce,1,0.005266276041666741,-0.00458072916666663,0.01429947916666674,0.01283463541666674,-0.05853580729166663,0.01283463541666674,123.65,341992.0,343997.5,False
AAVE,671,672,1771588800,1771603200,116.89,0.07413185979423687,A,normal,,,low,C_long,1,-0.007929591924031199,0.015682350928223232,0.05400898280434585,0.01551124989306174,0.007469501240482513,0.01551124989306174,116.08,384668.7,369216.5,False
AAVE,736,737,1772524800,1772539200,109.9,0.09375663461830097,A,expanded,,,low,C_long,1,0.009555050045495839,0.008736123748862457,0.07306733393994536,0.049864422202001824,0.05805368516833476,0.049864422202001824,111.06,392920.3,403897.2,False
AAVE,755,756,1772798400,1772812800,111.25,-0.06683025562296063,A,normal,,,low,D_cont,-1,0.008168539325842605,0.008797752808988757,0.024887640449438142,0.030280898876404505,0.035494382022471904,0.030280898876404505,110.23,341343.9,332183.7,False
AAVE,755,756,1772798400,1772812800,111.25,-0.06683025562296063,A,normal,,,low,D_bounce,1,-0.010168539325842607,-0.010797752808988759,-0.026887640449438144,-0.03228089887640451,-0.037494382022471906,-0.03228089887640451,110.23,341343.9,332183.7,False
AAVE,1012,1013,1776499200,1776513600,112.96,-0.041332836545860174,B,expanded,,,low,D_cont,-1,0.10408144475920666,0.1551614730878187,0.18561473087818692,0.17446033994334276,0.22748796033994323,0.17446033994334276,101.09,452080.4,430459.1,False
AAVE,1012,1013,1776499200,1776513600,112.96,-0.041332836545860174,B,expanded,,,low,D_bounce,1,-0.10608144475920667,-0.1571614730878187,-0.18761473087818692,-0.17646033994334276,-0.22948796033994323,-0.10608144475920667,101.09,452080.4,430459.1,False
AAVE,1016,1017,1776556800,1776571200,92.48,0.19091736779563995,A,expanded,,,low,C_long,1,-0.0074878892733565286,-0.017003460207612453,-0.0021894463667819766,-0.02857352941176472,-0.0018650519031141446,-0.02857352941176472,91.88,560518.4,538390.4,False
AAVE,1025,1026,1776686400,1776700800,89.93,0.05516977846892024,A,expanded,,,low,C_long,1,0.03925353052374059,0.02646580673857446,0.004003891915934533,0.036695985766707184,0.049372511953741705,0.036695985766707184,93.55,699420.9,635108.8,False
AAVE,1079,1080,1777464000,1777478400,93.29,-0.04354468514525278,A,normal,,,low,D_cont,-1,0.007361024761496472,0.004681209132811671,0.0014654303783899767,0.00907610676385473,0.008432951012970369,0.00907610676385473,92.51,591597.3,615784.2,False
AAVE,1079,1080,1777464000,1777478400,93.29,-0.04354468514525278,A,normal,,,low,D_bounce,1,-0.009361024761496473,-0.006681209132811671,-0.0034654303783899767,-0.011076106763854732,-0.01043295101297037,-0.011076106763854732,92.51,591597.3,615784.2,False
AAVE,1298,1299,1780617600,1780632000,69.39,0.04630352990111741,C,expanded,,,low,C_long,1,-0.10447312292837585,-0.13286338089061822,-0.11859619541720712,-0.1377632223663352,-0.08660311284046684,-0.10447312292837585,62.21,660500.2,553400.4,False
AAVE,1413,1414,1782273600,1782288000,75.86,0.07381799127559363,A,expanded,,,low,C_long,1,-0.007459267070920038,0.057660690746111354,0.08191589770630114,0.08507962035328231,0.13543553915106765,0.08507962035328231,75.37,631870.3,602289.8,False
AAVE,1640,1641,1785542400,1785556800,91.33,0.041109190380304694,A,compressed,,,low,C_long,1,0.006883499397788318,-0.01370119347421439,0.007649950728128797,0.016518887550640682,-0.001218986094382978,0.016518887550640682,92.05,541451.6,548060.7,False
AAVE,1661,1662,1785844800,1785859200,90.51,0.05333508929623254,B,compressed,,,low,C_long,1,0.002535520936913006,0.013142083747652245,-0.008844437078775913,-0.02475428129488455,-0.017130814274665895,-0.02475428129488455,90.83,559598.0,553472.5,False
ADA,232,233,1765267200,1765281600,0.4667,0.059539740080321035,warmup,na,,,high,A_fade,-1,-0.006785301049924918,0.00864216841654164,0.01014206128133699,0.07849432183415472,0.10506385258195838,0.07849432183415472,0.4694,307309518.0,284593492.0,False
ADA,232,233,1765267200,1765281600,0.4667,0.059539740080321035,warmup,na,,,high,chase,1,0.004785301049924918,-0.010642168416541642,-0.012142061281336991,-0.08049432183415473,-0.10706385258195839,-0.08049432183415473,0.4694,307309518.0,284593492.0,False
ADA,443,444,1768305600,1768320000,0.4101,0.047474294353125224,A,compressed,,,high,A_fade,-1,-0.03928334552548163,-0.0341626432577421,-0.012704462326261878,0.013386734942696932,0.042647890758351736,-0.03928334552548163,0.4258,304932350.0,287487173.0,False
ADA,443,444,1768305600,1768320000,0.4101,0.047474294353125224,A,compressed,,,high,chase,1,0.037283345525481626,0.032162643257742096,0.010704462326261877,-0.015386734942696934,-0.04464789075835174,-0.015386734942696934,0.4258,304932350.0,287487173.0,False
ADA,446,447,1768348800,1768363200,0.4237,0.04752555277012638,A,compressed,,,high,A_fade,-1,0.00820462591456217,0.019769412320037816,0.04502312957281096,0.07334505546377157,0.07287302336558887,0.07334505546377157,0.4198,299851919.0,312726680.0,False
ADA,446,447,1768348800,1768363200,0.4237,0.04752555277012638,A,compressed,,,high,chase,1,-0.010204625914562171,-0.021769412320037818,-0.04702312957281096,-0.07534505546377157,-0.07487302336558888,-0.07534505546377157,0.4198,299851919.0,312726680.0,False
ADA,743,744,1772625600,1772640000,0.282,0.05443613516383028,A,normal,,,high,A_fade,-1,0.027723404255319162,0.034815602836879456,0.04439007092198577,0.03694326241134749,0.08304255319148934,0.03694326241134749,0.2739,312821632.0,319662244.0,False
ADA,743,744,1772625600,1772640000,0.282,0.05443613516383028,A,normal,,,high,chase,1,-0.029723404255319164,-0.03681560283687946,-0.04639007092198577,-0.03894326241134749,-0.08504255319148935,-0.03894326241134749,0.2739,312821632.0,319662244.0,False
ADA,812,813,1773619200,1773633600,0.29,0.109563110501401,B,normal,,,high,A_fade,-1,0.021413793103448264,0.005206896551724017,0.011758620689655053,0.005206896551724017,0.00486206896551722,0.005206896551724017,0.2835,372778571.0,367965292.0,False
ADA,812,813,1773619200,1773633600,0.29,0.109563110501401,B,normal,,,high,chase,1,-0.023413793103448266,-0.007206896551724017,-0.013758620689655054,-0.007206896551724017,-0.00686206896551722,-0.023413793103448266,0.2835,372778571.0,367965292.0,False
ADA,937,938,1775419200,1775433600,0.2569,0.06782543637448368,A,compressed,,,high,A_fade,-1,0.004449591280654031,0.00950992604126133,0.04571078240560533,0.05699922148696002,-0.015402491241728211,0.05699922148696002,0.2555,340467677.0,327325742.0,False
ADA,937,938,1775419200,1775433600,0.2569,0.06782543637448368,A,compressed,,,high,chase,1,-0.0064495912806540314,-0.011509926041261331,-0.047710782405605334,-0.05899922148696002,0.01340249124172821,-0.05899922148696002,0.2555,340467677.0,327325742.0,False
ADA,938,939,1775433600,1775448000,0.2551,0.06309670388672894,A,compressed,,,high,A_fade,-1,0.002528028224225821,0.011544100352802733,0.04564837318698545,0.03271226969815755,-0.024912191297530417,0.03271226969815755,0.2542,341633731.0,333317485.0,False
ADA,938,939,1775433600,1775448000,0.2551,0.06309670388672894,A,compressed,,,high,chase,1,-0.004528028224225821,-0.013544100352802735,-0.04764837318698545,-0.03471226969815755,0.022912191297530415,-0.03471226969815755,0.2542,341633731.0,333317485.0,False
ADA,949,950,1775592000,1775606400,0.2606,0.0629753203352712,A,expanded,,,high,A_fade,-1,0.010128165771297049,0.024326170376055223,0.043512663085187975,0.022407521105141992,0.0339194167306216,0.022407521105141992,0.2577,340425043.0,331368882.0,False
ADA,949,950,1775592000,1775606400,0.2606,0.0629753203352712,A,expanded,,,high,chase,1,-0.01212816577129705,-0.026326170376055225,-0.04551266308518798,-0.024407521105141994,-0.0359194167306216,-0.01212816577129705,0.2577,340425043.0,331368882.0,False
ADA,996,997,1776268800,1776283200,0.246,0.05159218490105677,A,normal,,,high,A_fade,-1,-0.017260162601626106,-0.010349593495934895,-0.053845528455284675,-0.04774796747967491,-0.05181300813008127,-0.017260162601626106,0.25,343700155.0,338577125.0,False
ADA,996,997,1776268800,1776283200,0.246,0.05159218490105677,A,normal,,,high,chase,1,0.015260162601626104,0.008349593495934893,0.05184552845528467,0.04574796747967491,0.04981300813008127,0.04574796747967491,0.25,343700155.0,338577125.0,False
ADA,1007,1008,1776427200,1776441600,0.2611,0.052570458318388136,A,normal,,,high,A_fade,-1,0.015085790884718397,0.00934086556874758,0.04687437763309077,0.05798123324396787,0.054917273075450024,0.05798123324396787,0.2569,391224734.0,390834184.0,False
ADA,1007,1008,1776427200,1776441600,0.2611,0.052570458318388136,A,normal,,,high,chase,1,-0.0170857908847184,-0.011340865568747582,-0.04887437763309077,-0.05998123324396787,-0.056917273075450026,-0.0170857908847184,0.2569,391224734.0,390834184.0,False
ADA,1034,1035,1776816000,1776830400,0.2548,0.047735384873161424,A,compressed,,,high,A_fade,-1,-0.0013924646781789942,0.008811616954474077,0.0307896389324962,0.031182103610675083,0.022547880690737987,0.031182103610675083,0.2549,342698641.0,340868340.0,False
ADA,1034,1035,1776816000,1776830400,0.2548,0.047735384873161424,A,compressed,,,high,chase,1,-0.0006075353218210058,-0.01081161695447408,-0.0327896389324962,-0.033182103610675084,-0.02454788069073799,-0.033182103610675084,0.2549,342698641.0,340868340.0,False
ADA,1113,1114,1777953600,1777968000,0.2585,0.08392551652466573,A,compressed,,,high,A_fade,-1,-0.001,-0.014152804642166505,-0.05167698259187625,-0.033495164410058176,-0.03697678916827851,-0.033495164410058176,0.2585,383884691.0,374371569.0,False
ADA,1113,1114,1777953600,1777968000,0.2585,0.08392551652466573,A,compressed,,,high,chase,1,-0.001,0.012152804642166504,0.04967698259187625,0.031495164410058174,0.03497678916827851,0.031495164410058174,0.2585,383884691.0,374371569.0,False
ADA,1145,1146,1778414400,1778428800,0.287,0.08710332099714235,B,normal,,,high,A_fade,-1,0.03593379790940765,0.031752613240418004,0.019905923344947563,0.03488850174216018,0.051961672473867515,0.03488850174216018,0.2764,408336875.0,438758715.0,False
ADA,1145,1146,1778414400,1778428800,0.287,0.08710332099714235,B,normal,,,high,chase,1,-0.03793379790940765,-0.033752613240418006,-0.021905923344947564,-0.036888501742160185,-0.05396167247386752,-0.036888501742160185,0.2764,408336875.0,438758715.0,False
ADA,1574,1575,1784592000,1784606400,0.1763,0.04212684397111355,A,compressed,,,high,A_fade,-1,0.005806579693703907,0.013747589336358557,0.02906239364719232,0.009777084515031231,0.018285309132161198,0.009777084515031231,0.1751,501317201.0,499155424.0,False
ADA,1574,1575,1784592000,1784606400,0.1763,0.04212684397111355,A,compressed,,,high,chase,1,-0.007806579693703907,-0.01574758933635856,-0.03106239364719232,-0.011777084515031233,-0.0202853091321612,-0.011777084515031233,0.1751,501317201.0,499155424.0,False
ADA,1631,1632,1785412800,1785427200,0.1727,0.0590908601669331,A,expanded,,,high,A_fade,-1,0.01521308627678053,0.01637116386797921,0.011738853503184599,0.008264620729588779,0.0007371163867978545,0.008264620729588779,0.1699,502503785.0,498683963.0,False
ADA,1631,1632,1785412800,1785427200,0.1727,0.0590908601669331,A,expanded,,,high,chase,1,-0.01721308627678053,-0.018371163867979212,-0.0137388535031846,-0.01026462072958878,-0.0027371163867978545,-0.01721308627678053,0.1699,502503785.0,498683963.0,False
ADA,1646,1647,1785628800,1785643200,0.1861,0.09834580368726709,B,normal,,,high,A_fade,-1,-0.02303116603976363,-0.014433637829124213,0.016732401934443808,-0.04183825900053739,-0.046674368619021966,-0.02303116603976363,0.1902,591089079.0,576640136.0,False
ADA,1646,1647,1785628800,1785643200,0.1861,0.09834580368726709,B,normal,,,high,chase,1,0.021031166039763627,0.012433637829124211,-0.01873240193444381,0.03983825900053739,0.044674368619021965,0.03983825900053739,0.1902,591089079.0,576640136.0,False
ADA,1673,1674,1786017600,1786032000,0.2022,0.061200142617000575,B,expanded,,,high,A_fade,-1,0.013836795252225587,0.0024619188921858335,0.00542927794263104,0.009385756676557833,0.007902077151335285,0.009385756676557833,0.1992,563789323.0,586727591.0,False
ADA,1673,1674,1786017600,1786032000,0.2022,0.061200142617000575,B,expanded,,,high,chase,1,-0.01583679525222559,-0.0044619188921858335,-0.00742927794263104,-0.011385756676557834,-0.009902077151335287,-0.011385756676557834,0.1992,563789323.0,586727591.0,False
ADA,1995,1996,1790654400,1790668800,0.2538,0.049631036999422395,A,normal,,,high,A_fade,-1,0.04076516942474395,0.03643104806934605,0.02027659574468088,,,,0.2432,387229247.0,394885617.0,False
ADA,1995,1996,1790654400,1790668800,0.2538,0.049631036999422395,A,normal,,,high,chase,1,-0.042765169424743954,-0.03843104806934605,-0.022276595744680883,,,,0.2432,387229247.0,394885617.0,False
ADA,82,83,1763107200,1763121600,0.5139,0.06317381871654848,warmup,na,,,low,C_long,1,-0.0317452811831096,-0.0060593500681067605,-0.015010507880910628,-0.02006985794901739,-0.05996088733216587,-0.02006985794901739,0.4981,204931455.0,205192429.0,False
ADA,122,123,1763683200,1763697600,0.4085,0.09880843188098654,warmup,na,,,low,C_long,1,-0.01935985312117494,0.0016927784577723823,-0.007854345165238641,-0.01911505507955924,-0.0007552019583841876,-0.01935985312117494,0.401,295235095.0,274889001.0,False
ADA,328,329,1766649600,1766664000,0.3571,0.05281677789178141,A,compressed,,,low,C_long,1,-0.039644637356482715,-0.012201344161299255,-0.030403528423410653,-0.008280873704844538,-0.001560067208064896,-0.039644637356482715,0.3433,273838641.0,269996623.0,False
ADA,363,364,1767153600,1767168000,0.3518,0.04200772169493927,A,compressed,,,low,C_long,1,-0.05785048322910746,-0.05387094940306991,-0.03312052302444568,0.01207561114269462,0.023729960204661782,-0.05785048322910746,0.3318,308423896.0,291723489.0,False
ADA,548,549,1769817600,1769832000,0.3122,0.07875031415718947,C,normal,,,low,C_long,1,-0.05288981422165273,-0.08812363869314543,-0.05288981422165273,-0.08267841127482378,-0.09100640614990374,-0.05288981422165273,0.296,286717192.0,285403880.0,False
ADA,561,562,1770004800,1770019200,0.2922,0.0455678172967624,C,normal,,,low,C_long,1,0.02603627652292928,0.0219295003422314,0.015427104722792406,-0.0033956194387406704,0.015427104722792406,-0.0033956194387406704,0.3001,281772372.0,286942218.0,False
ADA,615,616,1770782400,1770796800,0.2552,0.10792383828496455,A,normal,,,low,C_long,1,0.006836990595611271,0.0009592476489027621,0.046413793103448175,0.03465830721003138,0.03269905956112862,0.03465830721003138,0.2572,241696012.0,250376770.0,False
ADA,754,755,1772784000,1772798400,0.2564,0.07743485855366594,A,normal,,,low,C_long,1,0.008750390015600629,0.007580343213728359,-0.007240249609984372,-0.018940717628705084,-0.028301092043681808,-0.018940717628705084,0.2589,319254652.0,317733720.0,False
ADA,761,762,1772884800,1772899200,0.2541,0.04622036892580361,A,normal,,,low,C_long,1,-0.010051554506099847,-0.00887091696182607,-0.0053290043290042935,0.0017548209366392573,0.01907083825265643,0.0017548209366392573,0.2518,322280191.0,325458292.0,False
ADA,826,827,1773820800,1773835200,0.2712,-0.0756524472290454,A,normal,,,low,D_cont,-1,-0.011693215339233176,-0.013168141592920457,0.020386430678466017,0.00453097345132747,0.015961651917404063,0.00453097345132747,0.2741,343998737.0,348334477.0,False
ADA,826,827,1773820800,1773835200,0.2712,-0.0756524472290454,A,normal,,,low,D_bounce,1,0.009693215339233174,0.011168141592920455,-0.02238643067846602,-0.00653097345132747,-0.017961651917404065,-0.00653097345132747,0.2741,343998737.0,348334477.0,False
ADA,855,856,1774238400,1774252800,0.2587,-0.07097828405159257,B,compressed,,,low,D_cont,-1,-0.009117510630073489,-0.011823347506764725,-0.019554310011596576,-0.03037765751836108,-0.05627638190954787,-0.03037765751836108,0.2608,330006701.0,343678702.0,False
ADA,855,856,1774238400,1774252800,0.2587,-0.07097828405159257,B,compressed,,,low,D_bounce,1,0.007117510630073488,0.009823347506764724,0.017554310011596574,0.028377657518361077,0.054276381909547866,0.028377657518361077,0.2608,330006701.0,343678702.0,False
ADA,872,873,1774483200,1774497600,0.2619,-0.04456304458719762,A,normal,,,low,D_cont,-1,0.022291332569683076,0.03145513554791912,0.026491408934708027,0.058182894234440674,0.05131004200076372,0.058182894234440674,0.2558,310449262.0,309578566.0,False
ADA,872,873,1774483200,1774497600,0.2619,-0.04456304458719762,A,normal,,,low,D_bounce,1,-0.024291332569683077,-0.033455135547919124,-0.02849140893470803,-0.060182894234440676,-0.053310042000763724,-0.024291332569683077,0.2558,310449262.0,309578566.0,False
ADA,892,893,1774771200,1774785600,0.2412,0.08219403473447384,A,compressed,,,low,C_long,1,-0.006804311774460946,0.01890049751243772,0.0288507462686568,0.01931509121061359,-0.015096185737976775,0.01931509121061359,0.2398,332393303.0,331375668.0,False
ADA,914,915,1775088000,1775102400,0.2387,-0.044213273804447284,A,normal,,,low,D_cont,-1,-0.00435148722245493,-0.00435148722245493,-0.020689987431922963,-0.03786635944700467,-0.02823083368244672,-0.03786635944700467,0.2395,304266808.0,307774758.0,False
ADA,914,915,1775088000,1775102400,0.2387,-0.044213273804447284,A,normal,,,low,D_bounce,1,0.0023514872224549297,0.0023514872224549297,0.01868998743192296,0.03586635944700467,0.02623083368244672,0.03586635944700467,0.2395,304266808.0,307774758.0,False
ADA,1298,1299,1780617600,1780632000,0.1634,0.23223978474092744,C,expanded,,,low,C_long,1,-0.03894369645042828,-0.018135862913096656,-0.03771970624234988,-0.04200367197062416,-0.00895593635250913,-0.04200367197062416,0.1572,488566712.0,510385087.0,False
ADA,1414,1415,1782288000,1782302400,0.1437,0.04354216184579629,B,normal,,,low,C_long,1,0.02613987473903967,0.02544398051496166,-0.00447947112038971,-0.008654836464857318,0.028227557411273474,-0.008654836464857318,0.1476,501535830.0,507429801.0,False
ADA,1805,1806,1787918400,1787932800,0.2018,-0.04659500399313865,A,normal,,,low,D_cont,-1,0.005442021803766074,0.007424182358771071,0.0004866204162536922,0.005442021803766074,-0.006946481665014991,0.005442021803766074,0.2005,384048607.0,380951221.0,False
ADA,1805,1806,1787918400,1787932800,0.2018,-0.04659500399313865,A,normal,,,low,D_bounce,1,-0.007442021803766074,-0.009424182358771072,-0.0024866204162536923,-0.007442021803766074,0.004946481665014991,-0.007442021803766074,0.2005,384048607.0,380951221.0,False
ADA,1819,1820,1788120000,1788134400,0.1939,-0.04654197607240895,A,normal,,,low,D_cont,-1,-0.013377514182568384,-0.010283135636926288,-0.03606962351727694,-0.028849406910778863,-0.02008200103145963,-0.013377514182568384,0.1963,386440880.0,383236506.0,False
ADA,1819,1820,1788120000,1788134400,0.1939,-0.04654197607240895,A,normal,,,low,D_bounce,1,0.011377514182568382,0.008283135636926287,0.03406962351727694,0.02684940691077886,0.018082001031459627,0.02684940691077886,0.1963,386440880.0,383236506.0,False
AVAX,191,192,1764676800,1764691200,13.643,0.049445859643524326,warmup,na,,,high,A_fade,-1,-0.01302081653595255,-0.03618287766620243,-0.06271663123946347,-0.07935520046910505,-0.05780568789855589,-0.07935520046910505,13.807,8495597.0,8695127.0,False
AVAX,191,192,1764676800,1764691200,13.643,0.049445859643524326,warmup,na,,,high,chase,1,0.011020816535952549,0.03418287766620243,0.06071663123946347,0.07735520046910505,0.05580568789855589,0.07735520046910505,13.807,8495597.0,8695127.0,False
AVAX,233,234,1765281600,1765296000,14.621,0.0442278327940826,warmup,na,,,high,A_fade,-1,-0.00031605225360786717,2.5921619588254764e-05,0.0038560289993844208,0.0840147048765475,0.09317960467820263,0.0840147048765475,14.611,7560547.0,7612801.0,False
AVAX,233,234,1765281600,1765296000,14.621,0.0442278327940826,warmup,na,,,high,chase,1,-0.0016839477463921329,-0.002025921619588255,-0.005856028999384421,-0.0860147048765475,-0.09517960467820263,-0.0860147048765475,14.611,7560547.0,7612801.0,False
AVAX,372,373,1767283200,1767297600,13.584,0.19047248543425788,A,expanded,,,high,A_fade,-1,0.012987043580683144,0.013502355712603054,-0.0172691401649,-0.02993109540636041,-0.02993109540636041,-0.02993109540636041,13.394,7357638.0,7420765.0,False
AVAX,372,373,1767283200,1767297600,13.584,0.19047248543425788,A,expanded,,,high,chase,1,-0.014987043580683146,-0.015502355712603055,0.015269140164899997,0.027931095406360407,0.027931095406360407,0.027931095406360407,13.394,7357638.0,7420765.0,False
AVAX,443,444,1768305600,1768320000,14.52,0.1590009820342435,A,normal,,,high,A_fade,-1,-0.017735537190082584,-0.012294765840220268,-0.00892011019283745,0.011121212121212087,0.05292561983471067,-0.017735537190082584,14.763,7108225.0,6674055.0,False
AVAX,443,444,1768305600,1768320000,14.52,0.1590009820342435,A,normal,,,high,chase,1,0.015735537190082582,0.010294765840220266,0.006920110192837448,-0.013121212121212089,-0.05492561983471067,-0.013121212121212089,14.763,7108225.0,6674055.0,False
AVAX,676,677,1771660800,1771675200,9.28,0.05782031349187622,A,compressed,,,high,A_fade,-1,0.017318965517241325,0.024754310344827446,0.042426724137930916,0.09264224137931032,0.0765862068965516,0.09264224137931032,9.11,7761222.0,7956972.0,False
AVAX,676,677,1771660800,1771675200,9.28,0.05782031349187622,A,compressed,,,high,chase,1,-0.019318965517241327,-0.026754310344827448,-0.04442672413793092,-0.09464224137931032,-0.0785862068965516,-0.09464224137931032,9.11,7761222.0,7956972.0,False
AVAX,812,813,1773619200,1773633600,10.366,0.04845281408910185,A,normal,,,high,A_fade,-1,0.027361952537140688,0.008164576500096388,0.004691684352691406,0.01076924561065018,0.010962184063283642,0.01076924561065018,10.072,8457653.0,8620811.0,False
AVAX,812,813,1773619200,1773633600,10.366,0.04845281408910185,A,normal,,,high,chase,1,-0.02936195253714069,-0.01016457650009639,-0.006691684352691406,-0.012769245610650182,-0.012962184063283644,-0.012769245610650182,10.072,8457653.0,8620811.0,False
AVAX,909,910,1775016000,1775030400,9.196,0.07336255419142712,A,normal,,,high,A_fade,-1,0.0026972596781208455,0.006938234014789103,0.05565506742061754,0.047934319269247405,0.025424532405393663,0.047934319269247405,9.162,8289260.0,8350824.0,False
AVAX,909,910,1775016000,1775030400,9.196,0.07336255419142712,A,normal,,,high,chase,1,-0.004697259678120846,-0.008938234014789104,-0.057655067420617545,-0.04993431926924741,-0.027424532405393665,-0.04993431926924741,9.162,8289260.0,8350824.0,False
AVAX,937,938,1775419200,1775433600,9.451,0.17075591028519121,A,normal,,,high,A_fade,-1,-0.0006825732726695169,0.006724050365040758,0.08079028674214361,0.09115955983493818,0.0004813247275421437,0.09115955983493818,9.448,9422048.0,9127048.0,False
AVAX,937,938,1775419200,1775433600,9.451,0.17075591028519121,A,normal,,,high,chase,1,-0.0013174267273304832,-0.008724050365040759,-0.08279028674214362,-0.09315955983493818,-0.0024813247275421437,-0.09315955983493818,9.448,9422048.0,9127048.0,False
AVAX,938,939,1775433600,1775448000,9.384,0.20355099647998687,A,normal,,,high,A_fade,-1,-0.00036061381074170475,0.006352941176470673,0.07828388746803061,0.06219266837169646,-0.0021722080136402635,0.06219266837169646,9.378,9416610.0,9361677.0,False
AVAX,938,939,1775433600,1775448000,9.384,0.20355099647998687,A,normal,,,high,chase,1,-0.0016393861892582953,-0.008352941176470674,-0.08028388746803061,-0.06419266837169646,0.00017220801364026348,-0.06419266837169646,9.378,9416610.0,9361677.0,False
AVAX,1001,1002,1776340800,1776355200,9.85,0.06462552744527983,A,normal,,,high,A_fade,-1,0.028949238578680148,0.02204568527918782,0.005395939086294322,0.014329949238578665,0.04762944162436544,0.014329949238578665,9.555,9359587.0,9397935.0,False
AVAX,1001,1002,1776340800,1776355200,9.85,0.06462552744527983,A,normal,,,high,chase,1,-0.03094923857868015,-0.024045685279187823,-0.007395939086294322,-0.016329949238578667,-0.049629441624365445,-0.016329949238578667,9.555,9359587.0,9397935.0,False
AVAX,1133,1134,1778241600,1778256000,9.91,0.04299267849560251,A,normal,,,high,A_fade,-1,-0.007861755802219927,-0.003926337033299697,-0.008669021190716442,-0.002311806256306669,-0.05165590312815349,-0.002311806256306669,9.978,9229102.0,9125023.0,False
AVAX,1133,1134,1778241600,1778256000,9.91,0.04299267849560251,A,normal,,,high,chase,1,0.0058617558022199265,0.0019263370332996974,0.006669021190716441,0.000311806256306669,0.04965590312815349,0.000311806256306669,9.978,9229102.0,9125023.0,False
AVAX,1658,1659,1785801600,1785816000,6.832,0.08712849818710788,A,expanded,,,high,A_fade,-1,0.01012412177985944,0.014076112412177988,0.021248243559718993,0.02402927400468391,0.02080913348946134,0.02402927400468391,6.756,8608502.0,8593504.0,False
AVAX,1658,1659,1785801600,1785816000,6.832,0.08712849818710788,A,expanded,,,high,chase,1,-0.012124121779859443,-0.01607611241217799,-0.023248243559718995,-0.02602927400468391,-0.022809133489461342,-0.012124121779859443,6.756,8608502.0,8593504.0,False
AVAX,1724,1725,1786752000,1786766400,6.617,0.09190821717294284,A,normal,,,high,A_fade,-1,0.007916427384010882,0.016530602992292476,0.04207087804140852,0.040710745050627106,0.0379904790690645,0.040710745050627106,6.558,8051990.0,7976609.0,False
AVAX,1724,1725,1786752000,1786766400,6.617,0.09190821717294284,A,normal,,,high,chase,1,-0.009916427384010884,-0.018530602992292478,-0.04407087804140852,-0.04271074505062711,-0.0399904790690645,-0.04271074505062711,6.558,8051990.0,7976609.0,False
AVAX,1751,1752,1787140800,1787155200,6.585,0.05890956202205322,C,normal,,,high,A_fade,-1,-0.026664388762338675,-0.03501670463173878,-0.08604176157934684,-0.13630751708428257,-0.1464821564160973,-0.026664388762338675,6.754,8233189.0,8179908.0,False
AVAX,1751,1752,1787140800,1787155200,6.585,0.05890956202205322,C,normal,,,high,chase,1,0.024664388762338674,0.03301670463173878,0.08404176157934684,0.13430751708428257,0.1444821564160973,0.13430751708428257,6.754,8233189.0,8179908.0,False
AVAX,1942,1943,1789891200,1789905600,11.406,0.06974749817722548,B,expanded,,,high,A_fade,-1,0.0075042959845695876,0.010572856391373064,0.028458179905312964,0.03450762756443981,0.02574031211642991,0.03450762756443981,11.309,11402308.0,11133089.0,False
AVAX,1942,1943,1789891200,1789905600,11.406,0.06974749817722548,B,expanded,,,high,chase,1,-0.009504295984569588,-0.012572856391373066,-0.030458179905312965,-0.036507627564439815,-0.02774031211642991,-0.036507627564439815,11.309,11402308.0,11133089.0,False
AVAX,1983,1984,1790481600,1790496000,10.989,0.05253876096927179,A,expanded,,,high,A_fade,-1,-0.002547001547001603,0.007372008372008466,0.04359004459004456,0.03339803439803446,-0.07853207753207736,0.03339803439803446,11.006,11213951.0,11224627.0,False
AVAX,1983,1984,1790481600,1790496000,10.989,0.05253876096927179,A,expanded,,,high,chase,1,0.000547001547001603,-0.009372008372008467,-0.045590044590044565,-0.03539803439803446,0.07653207753207736,-0.03539803439803446,11.006,11213951.0,11224627.0,False
AVAX,1995,1996,1790654400,1790668800,11.841,0.09297703161364157,A,expanded,,,high,A_fade,-1,0.04240849590406215,0.03345654927793251,0.058454437969766015,,,,11.327,10852640.0,11526174.0,False
AVAX,1995,1996,1790654400,1790668800,11.841,0.09297703161364157,A,expanded,,,high,chase,1,-0.04440849590406215,-0.035456549277932514,-0.06045443796976602,,,,11.327,10852640.0,11526174.0,False
AVAX,78,79,1763049600,1763064000,16.087,0.1155598111695022,warmup,na,,,low,C_long,1,-0.011505377012494544,-0.044824205880524604,-0.061670106297009974,-0.040845838254491174,-0.03624585068689001,-0.040845838254491174,15.918,6255111.0,6262195.0,False
AVAX,102,103,1763395200,1763409600,14.512,0.10348709440661286,warmup,na,,,low,C_long,1,-0.00010418963616320911,0.00382359426681378,0.003685777287761761,-0.0063748621830210786,-0.0168489525909592,-0.0063748621830210786,14.525,7589357.0,7827173.0,False
AVAX,269,270,1765800000,1765814400,12.383,0.06831799866166577,A,normal,,,low,C_long,1,-0.011094484373738167,-0.01698966324800122,-0.009560122748929922,-0.014566986998304055,-0.04202398449487188,-0.011094484373738167,12.258,7814864.0,7620042.0,False
AVAX,317,318,1766491200,1766505600,12.112,0.06212593343075423,A,compressed,,,low,C_long,1,-0.005375825627476959,-0.012558784676354073,-0.008265521796565478,0.009815719947159907,0.028474900924702617,0.009815719947159907,12.059,7019957.0,7209423.0,False
AVAX,407,408,1767787200,1767801600,14.105,-0.040162587728045485,A,compressed,,,low,D_cont,-1,0.005238922367954647,0.013959234314073088,0.017220489188231047,0.011761432116270787,0.025231832683445643,0.011761432116270787,14.017,5891307.0,5963012.0,False
AVAX,407,408,1767787200,1767801600,14.105,-0.040162587728045485,A,compressed,,,low,D_bounce,1,-0.007238922367954647,-0.01595923431407309,-0.01922048918823105,-0.013761432116270789,-0.027231832683445645,-0.013761432116270789,14.017,5891307.0,5963012.0,False
AVAX,680,681,1771718400,1771732800,9.007,-0.045692546869552264,A,compressed,,,low,D_cont,-1,0.013433218607749375,0.020649827911624286,0.048961141334517566,0.07038891972909944,0.08304574220051064,0.07038891972909944,8.877,7180188.0,7406592.0,False
AVAX,680,681,1771718400,1771732800,9.007,-0.045692546869552264,A,compressed,,,low,D_bounce,1,-0.015433218607749377,-0.022649827911624287,-0.05096114133451757,-0.07238891972909944,-0.08504574220051064,-0.07238891972909944,8.877,7180188.0,7406592.0,False
AVAX,686,687,1771804800,1771819200,8.557,0.11227510915678618,A,normal,,,low,C_long,1,-0.0006494098398971406,-0.023554633633282696,-0.036877059717190686,-0.025891901367301684,0.0006360874138132697,-0.025891901367301684,8.56,8261293.0,8263084.0,False
AVAX,712,713,1772179200,1772193600,9.011,-0.04815066445448868,A,expanded,,,low,D_cont,-1,0.006324381311729966,0.01309388525135935,0.0416145821773386,-0.02863289313061823,-0.014317056930418404,-0.02863289313061823,8.945,8168324.0,8376633.0,False
AVAX,712,713,1772179200,1772193600,9.011,-0.04815066445448868,A,expanded,,,low,D_bounce,1,-0.008324381311729967,-0.015093885251359351,-0.0436145821773386,0.02663289313061823,0.012317056930418402,0.02663289313061823,8.945,8168324.0,8376633.0,False
AVAX,754,755,1772784000,1772798400,8.966,-0.06357362608803874,A,normal,,,low,D_cont,-1,-0.006130492973455469,-0.006353557885344751,3.792103501988088e-06,0.012495427169306073,0.010264778050412593,0.012495427169306073,9.012,8288764.0,8186554.0,False
AVAX,754,755,1772784000,1772798400,8.966,-0.06357362608803874,A,normal,,,low,D_bounce,1,0.004130492973455469,0.004353557885344751,-0.002003792103501988,-0.014495427169306074,-0.012264778050412595,-0.014495427169306074,9.012,8288764.0,8186554.0,False
AVAX,826,827,1773820800,1773835200,9.557,-0.09855943621100627,A,expanded,,,low,D_cont,-1,-0.013660876844198033,-0.01188207596526103,0.015009207910432143,-0.0006860939625404896,0.007161556973945938,-0.013660876844198033,9.678,7655857.0,7584656.0,False
AVAX,826,827,1773820800,1773835200,9.557,-0.09855943621100627,A,expanded,,,low,D_bounce,1,0.011660876844198031,0.009882075965261028,-0.017009207910432145,-0.0013139060374595104,-0.009161556973945939,-0.0013139060374595104,9.678,7655857.0,7584656.0,False
AVAX,880,881,1774598400,1774612800,8.802,0.040308555057321005,A,normal,,,low,C_long,1,-0.0029313792319927137,-0.008611906384912493,0.013314928425358086,-0.0021361054305839558,-0.017587139286525666,-0.0021361054305839558,8.785,8158903.0,8181671.0,False
AVAX,914,915,1775088000,1775102400,8.739,-0.08742580386191223,A,expanded,,,low,D_cont,-1,-0.00031342258839683803,0.003577182744021191,-0.01896544227028263,-0.026746652935118465,-0.016104703055269343,-0.026746652935118465,8.733,7624924.0,7397832.0,False
AVAX,914,915,1775088000,1775102400,8.739,-0.08742580386191223,A,expanded,,,low,D_bounce,1,-0.001686577411603162,-0.005577182744021191,0.016965442270282627,0.024746652935118463,0.014104703055269341,0.024746652935118463,8.733,7624924.0,7397832.0,False
AVAX,1304,1305,1780704000,1780718400,6.673,0.047546776980479155,C,expanded,,,low,C_long,1,0.0009481492582047455,-0.011639892102502603,0.021029072381237968,-0.021680353664019214,0.002746440881162938,-0.021680353664019214,6.686,8418789.0,8845265.0,False
AVAX,1355,1356,1781438400,1781452800,6.428,0.07178097390966931,A,compressed,,,low,C_long,1,0.05080460485376481,0.04940448039825751,0.07118419415059118,0.07507342874922218,0.0663615432482888,0.07507342874922218,6.761,8541685.0,8639620.0,False
AVAX,1520,1521,1783814400,1783828800,6.373,0.07797638012067032,A,normal,,,low,C_long,1,0.00872854228777642,0.013749725404048285,0.01955546838223754,0.01437737329358224,0.015318845127883285,0.01437737329358224,6.435,7770626.0,7572161.0,False
AVAX,1612,1613,1785139200,1785153600,6.539,-0.06883212502265912,A,normal,,,low,D_cont,-1,0.01995121578222958,0.015822144058724508,-0.005740786052913393,0.01918657287046943,0.02362150175867861,0.01918657287046943,6.402,7481751.0,7915846.0,False
AVAX,1612,1613,1785139200,1785153600,6.539,-0.06883212502265912,A,normal,,,low,D_bounce,1,-0.021951215782229583,-0.01782214405872451,0.0037407860529133927,-0.021186572870469433,-0.02562150175867861,-0.021186572870469433,6.402,7481751.0,7915846.0,False
AVAX,1703,1704,1786449600,1786464000,6.272,0.046600974941233275,A,normal,,,low,C_long,1,0.0005943877551019003,-0.0073775510204081565,0.01191454081632648,0.03790306122448983,0.022756377551020335,0.03790306122448983,6.282,7548477.0,7642902.0,False
AVAX,1729,1730,1786824000,1786838400,6.348,-0.058282951495930324,A,expanded,,,low,D_cont,-1,-0.0021027095148079536,-0.013444864524259637,-0.003205419029615685,0.0029382482671707075,0.010814744801512344,0.0029382482671707075,6.355,7602474.0,7430689.0,False
AVAX,1729,1730,1786824000,1786838400,6.348,-0.058282951495930324,A,expanded,,,low,D_bounce,1,0.00010270951480795352,0.011444864524259635,0.001205419029615685,-0.0049382482671707075,-0.012814744801512346,-0.0049382482671707075,6.355,7602474.0,7430689.0,False
AVAX,1819,1820,1788120000,1788134400,7.137,-0.049819971070601765,A,normal,,,low,D_cont,-1,-0.008846434075942322,-0.00954700854700874,-0.02005562561300278,-0.02397884265097383,-0.00954700854700874,-0.02397884265097383,7.193,7868555.0,7767793.0,False
AVAX,1819,1820,1788120000,1788134400,7.137,-0.049819971070601765,A,normal,,,low,D_bounce,1,0.006846434075942321,0.007547008547008739,0.01805562561300278,0.02197884265097383,0.007547008547008739,0.02197884265097383,7.193,7868555.0,7767793.0,False
AVAX,1961,1962,1790164800,1790179200,10.32,-0.04909287383440564,B,expanded,,,low,D_cont,-1,0.00791472868217058,0.00413565891472878,-0.01417829457364339,0.009852713178294614,-0.014081395348837122,0.009852713178294614,10.228,10431983.0,10559681.0,False
AVAX,1961,1962,1790164800,1790179200,10.32,-0.04909287383440564,B,expanded,,,low,D_bounce,1,-0.009914728682170582,-0.00613565891472878,0.012178294573643389,-0.011852713178294616,0.01208139534883712,-0.011852713178294616,10.228,10431983.0,10559681.0,False
BCH,107,108,1763467200,1763481600,529.83,0.0552778866522019,warmup,na,,,high,A_fade,-1,0.052602098786403206,0.0543196308249817,0.10342972274125672,0.05226236717437671,0.09931519544004686,0.05226236717437671,501.43,272760.7,288848.007,False
BCH,107,108,1763467200,1763481600,529.83,0.0552778866522019,warmup,na,,,high,chase,1,-0.05460209878640321,-0.056319630824981703,-0.10542972274125673,-0.05426236717437671,-0.10131519544004686,-0.05426236717437671,501.43,272760.7,288848.007,False
BCH,117,118,1763611200,1763625600,503.87,0.06798256997257646,warmup,na,,,high,A_fade,-1,0.052962331553773834,0.04597640264353908,0.09489775140413204,-0.05946746184531737,-0.11152454005993595,-0.05946746184531737,476.68,272848.385,279281.353,False
BCH,117,118,1763611200,1763625600,503.87,0.06798256997257646,warmup,na,,,high,chase,1,-0.054962331553773836,-0.047976402643539084,-0.09689775140413204,0.05746746184531737,0.10952454005993595,0.05746746184531737,476.68,272848.385,279281.353,False
BCH,126,127,1763740800,1763755200,533.33,0.07490730355284225,warmup,na,,,high,A_fade,-1,-0.003512515703223084,-0.0501815573847334,-0.04373151707198153,-0.0280001687510546,-0.01176256726604541,-0.0280001687510546,534.67,322807.955,313988.167,False
BCH,126,127,1763740800,1763755200,533.33,0.07490730355284225,warmup,na,,,high,chase,1,0.0015125157032230838,0.0481815573847334,0.04173151707198153,0.026000168751054598,0.009762567266045408,0.026000168751054598,534.67,322807.955,313988.167,False
BCH,178,179,1764489600,1764504000,553.73,0.16495434548338572,warmup,na,,,high,A_fade,-1,0.022946688819460714,0.056609304173514174,0.07049693894136133,0.05308773228829944,0.02152000072237381,0.05308773228829944,540.47,315326.24,318530.418,False
BCH,178,179,1764489600,1764504000,553.73,0.16495434548338572,warmup,na,,,high,chase,1,-0.024946688819460716,-0.058609304173514176,-0.07249693894136133,-0.05508773228829944,-0.023520000722373813,-0.05508773228829944,540.47,315326.24,318530.418,False
BCH,222,223,1765123200,1765137600,598.03,0.04597131333409754,warmup,na,,,high,A_fade,-1,-0.005180392288012369,0.006240439442837143,0.031205742186846797,0.04187410330585417,0.022008879153219696,0.04187410330585417,600.53,334039.214,329373.191,False
BCH,222,223,1765123200,1765137600,598.03,0.04597131333409754,warmup,na,,,high,chase,1,0.003180392288012369,-0.008240439442837144,-0.0332057421868468,-0.04387410330585417,-0.024008879153219698,-0.04387410330585417,600.53,334039.214,329373.191,False
BCH,287,288,1766059200,1766073600,560.88,0.11526394122720807,A,expanded,,,high,A_fade,-1,-0.043825559834545724,-0.04480616174582808,-0.11334132078162884,-0.06083454571387825,-0.06104849522179434,-0.043825559834545724,584.9,357286.171,331366.388,False
BCH,287,288,1766059200,1766073600,560.88,0.11526394122720807,A,expanded,,,high,chase,1,0.04182555983454572,0.042806161745828075,0.11134132078162884,0.05883454571387825,0.05904849522179434,0.05883454571387825,584.9,357286.171,331366.388,False
BCH,290,291,1766102400,1766116800,585.45,0.0858183069670233,A,normal,,,high,A_fade,-1,-0.00757613801349366,-0.06665889486719612,-0.016355709283457087,-0.016560679818942492,-0.005304381245195943,-0.016560679818942492,589.3,365437.999,360387.903,False
BCH,290,291,1766102400,1766116800,585.45,0.0858183069670233,A,normal,,,high,chase,1,0.00557613801349366,0.06465889486719612,0.014355709283457085,0.01456067981894249,0.003304381245195943,0.01456067981894249,589.3,365437.999,360387.903,False
BCH,328,329,1766649600,1766664000,593.65,0.07296416838741737,A,compressed,,,high,A_fade,-1,0.006159100480080838,-0.028271961593531736,-0.01467809315253088,-0.014728627979449072,-0.046144445380274735,-0.014728627979449072,589.4,331428.115,329209.011,False
BCH,328,329,1766649600,1766664000,593.65,0.07296416838741737,A,compressed,,,high,chase,1,-0.008159100480080839,0.026271961593531734,0.012678093152530878,0.01272862797944907,0.04414444538027473,0.01272862797944907,589.4,331428.115,329209.011,False
BCH,332,333,1766707200,1766721600,599.52,0.057540462431800554,A,compressed,,,high,A_fade,-1,-0.004753002401921446,0.0009348812383239711,-0.0020174806511875634,-0.03449346143581533,-0.036678542834267414,-0.03449346143581533,601.77,341963.844,350498.642,False
BCH,332,333,1766707200,1766721600,599.52,0.057540462431800554,A,compressed,,,high,chase,1,0.002753002401921446,-0.002934881238323971,1.7480651187563347e-05,0.03249346143581533,0.03467854283426741,0.03249346143581533,601.77,341963.844,350498.642,False
BCH,340,341,1766822400,1766836800,620.45,0.08915161640507985,A,compressed,,,high,A_fade,-1,-0.004948746877266318,0.009460149891208025,-0.01837448625997251,0.006365621726166616,0.03065444435490383,0.006365621726166616,622.9,361915.038,361113.943,False
BCH,340,341,1766822400,1766836800,620.45,0.08915161640507985,A,compressed,,,high,chase,1,0.002948746877266318,-0.011460149891208027,0.01637448625997251,-0.008365621726166617,-0.03265444435490383,-0.008365621726166617,622.9,361915.038,361113.943,False
BCH,347,348,1766923200,1766937600,619.82,0.04323343157762016,A,normal,,,high,A_fade,-1,0.00535668419863844,0.003646510277177218,0.036188215933658285,0.03554286728405032,0.03699490174566822,0.03554286728405032,615.88,335669.354,388375.475,False
BCH,347,348,1766923200,1766937600,619.82,0.04323343157762016,A,normal,,,high,chase,1,-0.00735668419863844,-0.005646510277177218,-0.03818821593365829,-0.03754286728405032,-0.03899490174566822,-0.03754286728405032,615.88,335669.354,388375.475,False
BCH,378,379,1767369600,1767384000,609.61,0.09254977722475721,B,compressed,,,high,A_fade,-1,-0.028985105231213226,-0.043633815062088854,-0.07412872164170536,-0.0634169551024425,-0.04871903348042206,-0.028985105231213226,626.67,382980.679,333200.223,False
BCH,378,379,1767369600,1767384000,609.61,0.09254977722475721,B,compressed,,,high,chase,1,0.026985105231213224,0.04163381506208885,0.07212872164170536,0.061416955102442494,0.046719033480422056,0.061416955102442494,626.67,382980.679,333200.223,False
BCH,380,381,1767398400,1767412800,626.67,0.1494010284620968,A,compressed,,,high,A_fade,-1,-0.008499960106595261,-0.020324365295929403,-0.024249876330445175,-0.02495200025531774,-0.05576566614007372,-0.02495200025531774,631.37,393548.109,382980.679,False
BCH,380,381,1767398400,1767412800,626.67,0.1494010284620968,A,compressed,,,high,chase,1,0.00649996010659526,0.0183243652959294,0.022249876330445173,0.02295200025531774,0.05376566614007372,0.02295200025531774,631.37,393548.109,382980.679,False
BCH,392,393,1767571200,1767585600,660.99,0.044932795336514175,B,normal,,,high,A_fade,-1,0.0157627346858501,0.016761236932480106,0.028092724549539372,0.04497648981073843,0.04078580613927596,0.04497648981073843,649.91,364782.491,378702.458,False
BCH,392,393,1767571200,1767585600,660.99,0.044932795336514175,B,normal,,,high,chase,1,-0.0177627346858501,-0.018761236932480108,-0.030092724549539374,-0.04697648981073843,-0.04278580613927596,-0.04697648981073843,649.91,364782.491,378702.458,False
BCH,410,411,1767830400,1767844800,635.6,0.06336005688502033,A,compressed,,,high,A_fade,-1,-0.0029823788546255994,0.007448709880427896,0.006520453115166692,0.007653241032095638,-0.004571428571428559,0.007653241032095638,636.86,362397.243,370525.096,False
BCH,410,411,1767830400,1767844800,635.6,0.06336005688502033,A,compressed,,,high,chase,1,0.0009823788546255994,-0.009448709880427897,-0.008520453115166693,-0.009653241032095639,0.0025714285714285587,-0.009653241032095639,636.86,362397.243,370525.096,False
BCH,524,525,1769472000,1769486400,588.98,0.04467483546006967,A,compressed,,,high,A_fade,-1,-0.0014074841250976125,-0.011968114367211125,-0.007214132907738756,-0.006602906720092227,0.01042653400794602,-0.006602906720092227,589.22,342896.518,345152.039,False
BCH,524,525,1769472000,1769486400,588.98,0.04467483546006967,A,compressed,,,high,chase,1,-0.0005925158749023876,0.009968114367211123,0.005214132907738756,0.004602906720092227,-0.012426534007946022,0.004602906720092227,589.22,342896.518,345152.039,False
BCH,681,682,1771732800,1771747200,575.16,0.09988163820437568,A,normal,,,high,A_fade,-1,0.013343834759023565,0.007328117393420875,0.06080888796161066,0.13790047986647191,0.16655337645176982,0.13790047986647191,566.91,405984.492,406158.308,False
BCH,681,682,1771732800,1771747200,575.16,0.09988163820437568,A,normal,,,high,chase,1,-0.015343834759023567,-0.009328117393420876,-0.06280888796161066,-0.13990047986647192,-0.16855337645176982,-0.13990047986647192,566.91,405984.492,406158.308,False
BCH,741,742,1772596800,1772611200,458.24,0.046350076965067766,A,normal,,,high,A_fade,-1,-0.0291293645251397,-0.019287360335195625,-0.011016585195530726,-0.007655900837988948,0.010784217877095048,-0.0291293645251397,471.13,390903.112,376771.345,False
BCH,741,742,1772596800,1772611200,458.24,0.046350076965067766,A,normal,,,high,chase,1,0.0271293645251397,0.017287360335195623,0.009016585195530724,0.005655900837988948,-0.01278421787709505,0.005655900837988948,471.13,390903.112,376771.345,False
BCH,794,795,1773360000,1773374400,465.59,0.049249663198955185,A,compressed,,,high,A_fade,-1,0.004283618634420839,0.004605790502373198,0.01319704031443969,0.0034459717777443064,0.0015558968190897424,0.0034459717777443064,463.13,402977.173,407734.88,False
BCH,794,795,1773360000,1773374400,465.59,0.049249663198955185,A,compressed,,,high,chase,1,-0.006283618634420839,-0.006605790502373198,-0.015197040314439691,-0.005445971777744306,-0.0035558968190897424,-0.005445971777744306,463.13,402977.173,407734.88,False
BCH,1751,1752,1787140800,1787155200,207.24,0.056357857122998345,C,compressed,,,high,A_fade,-1,-0.01759911214051335,-0.03188206909862956,-0.06300540436209212,-0.26769561860644664,-0.3693169272341247,-0.01759911214051335,210.68,411918.834,340361.415,False
BCH,1751,1752,1787140800,1787155200,207.24,0.056357857122998345,C,compressed,,,high,chase,1,0.01559911214051335,0.02988206909862956,0.06100540436209212,0.26569561860644664,0.3673169272341247,0.26569561860644664,210.68,411918.834,340361.415,False
BCH,1760,1761,1787270400,1787284800,262.51,0.12410702063344647,C,expanded,,,high,A_fade,-1,-0.09543449773341972,-0.08122551521846788,-0.07932082587330014,-0.06953072263913762,-0.02050401889451836,-0.06953072263913762,287.3,450834.949,452252.362,False
BCH,1760,1761,1787270400,1787284800,262.51,0.12410702063344647,C,expanded,,,high,chase,1,0.09343449773341972,0.07922551521846788,0.07732082587330014,0.06753072263913762,0.01850401889451836,0.06753072263913762,287.3,450834.949,452252.362,False
BCH,1923,1924,1789617600,1789632000,223.75,0.050855337953338076,A,compressed,,,high,A_fade,-1,-0.03608379888268154,-0.046273743016759794,-0.11156983240223461,-0.14213966480446938,-0.12551396648044688,-0.03608379888268154,231.6,305543.386,281419.669,False
BCH,1923,1924,1789617600,1789632000,223.75,0.050855337953338076,A,compressed,,,high,chase,1,0.03408379888268154,0.04427374301675979,0.10956983240223461,0.14013966480446938,0.12351396648044688,0.14013966480446938,231.6,305543.386,281419.669,False
BCH,1954,1955,1790064000,1790078400,328.38,0.709485755527725,B,expanded,,,high,A_fade,-1,-0.05264748157622268,-0.037573481941653,-0.045217065594737815,-0.03416279919605325,-0.028711797307997,-0.05264748157622268,345.34,507585.351,474056.582,False
BCH,1954,1955,1790064000,1790078400,328.38,0.709485755527725,B,expanded,,,high,chase,1,0.050647481576222675,0.035573481941652996,0.043217065594737814,0.03216279919605325,0.026711797307997,0.03216279919605325,345.34,507585.351,474056.582,False
BCH,10,11,1762070400,1762084800,533.67,-0.04890625851261621,warmup,na,,,low,D_cont,-1,-0.006115520827477793,0.011460884066932686,0.04517085464800341,0.04258498697697066,0.06555798527179713,0.04258498697697066,536.4,256822.864,256728.96,False
BCH,10,11,1762070400,1762084800,533.67,-0.04890625851261621,warmup,na,,,low,D_bounce,1,0.004115520827477793,-0.013460884066932688,-0.04717085464800341,-0.044584986976970664,-0.06755798527179713,-0.044584986976970664,536.4,256822.864,256728.96,False
BCH,170,171,1764374400,1764388800,531.56,-0.054097337377273846,warmup,na,,,low,D_cont,-1,0.0069012717284970835,0.020408683873880618,0.014144104146286307,-0.0457926856798857,0.017699676424110078,-0.0457926856798857,527.36,274247.971,277354.724,False
BCH,170,171,1764374400,1764388800,531.56,-0.054097337377273846,warmup,na,,,low,D_bounce,1,-0.008901271728497084,-0.02240868387388062,-0.01614410414628631,0.0437926856798857,-0.01969967642411008,0.0437926856798857,527.36,274247.971,277354.724,False
BCH,236,237,1765324800,1765339200,564.11,-0.04986584598279664,warmup,na,,,low,D_cont,-1,-0.00041500771126190463,-0.02232562798035842,0.009263955611494179,0.0018540532874794522,-0.025871035790891894,0.0018540532874794522,563.78,306682.852,299907.611,False
BCH,236,237,1765324800,1765339200,564.11,-0.04986584598279664,warmup,na,,,low,D_bounce,1,-0.0015849922887380954,0.02032562798035842,-0.01126395561149418,-0.003854053287479452,0.023871035790891892,-0.003854053287479452,563.78,306682.852,299907.611,False
BCH,434,435,1768176000,1768190400,618.02,-0.08709664863450062,A,normal,,,low,D_cont,-1,-0.0018252160124266883,-0.00562768195204033,0.010229410051454502,0.005925342221934527,0.00553700527491019,0.005925342221934527,618.53,329727.907,328331.165,False
BCH,434,435,1768176000,1768190400,618.02,-0.08709664863450062,A,normal,,,low,D_bounce,1,-0.00017478398757331173,0.00362768195204033,-0.012229410051454503,-0.007925342221934528,-0.00753700527491019,-0.007925342221934528,618.53,329727.907,328331.165,False
BCH,686,687,1771804800,1771819200,542.43,-0.06334411904954951,A,normal,,,low,D_cont,-1,0.012808233320428242,0.05952393857271898,0.11228650701472986,0.1091340265103331,0.09506769537083115,0.1091340265103331,534.94,374412.718,384144.384,False
BCH,686,687,1771804800,1771819200,542.43,-0.06334411904954951,A,normal,,,low,D_bounce,1,-0.014808233320428243,-0.061523938572718984,-0.11428650701472987,-0.1111340265103331,-0.09706769537083115,-0.1111340265103331,534.94,374412.718,384144.384,False
BCH,1190,1191,1779062400,1779076800,364.84,0.16083122787988557,B,expanded,,,low,C_long,1,0.01950213792347333,0.03468687643898705,0.042690384826225114,0.006921280561342003,0.013609143734239715,0.006921280561342003,372.32,387640.837,409803.251,False
BCH,1285,1286,1780430400,1780444800,247.09,0.09958912053543867,C,expanded,,,low,C_long,1,0.006891861265125977,-0.0016070662511635794,-0.0030640252539559923,-0.005330405924966585,-0.03220320530980614,-0.005330405924966585,249.04,393934.112,370580.054,False
BCH,1286,1287,1780444800,1780459200,251.61,0.04299976920222481,C,expanded,,,low,C_long,1,-0.01956047056953225,-0.03359011962958558,-0.03211958984142127,-0.00751802392591716,-0.10481145423472837,-0.01956047056953225,246.94,386196.79,360724.134,False
BCH,1317,1318,1780891200,1780905600,207.36,0.14390384179514282,C,expanded,,,low,C_long,1,0.01520370370370372,0.00796990740740744,-0.0034594907407408107,-0.020483024691358098,-0.06600771604938283,-0.020483024691358098,210.72,378630.044,395241.668,False
BCH,1378,1379,1781769600,1781784000,194.73,0.10543682168227919,A,expanded,,,low,C_long,1,0.023700867868330477,-0.0017189441791197737,0.009681456375494446,0.012916705181533428,0.026217172495249907,0.012916705181533428,199.54,342944.269,342795.734,False
BCH,1544,1545,1784160000,1784174400,224.42,-0.046208677757772376,B,compressed,,,low,D_cont,-1,0.006530523126281108,0.008045539613225183,0.009738793333927465,0.01931904464842693,0.02479983958648957,0.01931904464842693,222.73,305180.35,308813.607,False
BCH,1544,1545,1784160000,1784174400,224.42,-0.046208677757772376,B,compressed,,,low,D_bounce,1,-0.008530523126281109,-0.010045539613225185,-0.011738793333927466,-0.021319044648426932,-0.02679983958648957,-0.021319044648426932,222.73,305180.35,308813.607,False
BCH,1552,1553,1784275200,1784289600,216.8,-0.04610433006248671,B,compressed,,,low,D_cont,-1,-0.014099630996309842,-0.011931734317342957,-0.014099630996309842,-0.007780442804428022,0.002136531365313666,-0.007780442804428022,219.64,288737.12,290882.013,False
BCH,1552,1553,1784275200,1784289600,216.8,-0.04610433006248671,B,compressed,,,low,D_bounce,1,0.01209963099630984,0.009931734317342955,0.01209963099630984,0.005780442804428022,-0.004136531365313666,0.005780442804428022,219.64,288737.12,290882.013,False
BCH,1715,1716,1786622400,1786636800,205.9,0.10618845526726517,A,normal,,,low,C_long,1,-0.0038169014084508115,-0.003428363283147106,-0.015084507042253503,-0.002165614375910673,-0.010859154929577453,-0.002165614375910673,205.32,334929.586,325464.16,False
BCH,1934,1935,1789776000,1789790400,245.37,-0.06875301866508132,B,expanded,,,low,D_cont,-1,-0.03861666055344981,-0.03992081346537868,-0.002874719810897929,-0.02528984798467626,-0.04040987080735203,-0.02528984798467626,254.6,275107.465,275849.671,False
BCH,1934,1935,1789776000,1789790400,245.37,-0.06875301866508132,B,expanded,,,low,D_bounce,1,0.03661666055344981,0.03792081346537868,0.000874719810897929,0.02328984798467626,0.03840987080735203,0.02328984798467626,254.6,275107.465,275849.671,False
BCH,1988,1989,1790553600,1790568000,307.14,-0.10719772810756778,A,normal,,,low,D_cont,-1,-0.008325649540925961,-0.0001860389398971032,-0.013437324998372024,-0.001162792212020646,-0.0036372338347333546,-0.001162792212020646,309.39,375821.492,387590.104,False
BCH,1988,1989,1790553600,1790568000,307.14,-0.10719772810756778,A,normal,,,low,D_bounce,1,0.00632564954092596,-0.0018139610601028968,0.011437324998372023,-0.000837207787979354,0.0016372338347333546,-0.000837207787979354,309.39,375821.492,387590.104,False
BTC,350,351,1766966400,1766980800,89583.0,0.059445118239311645,A,compressed,,,high,A_fade,-1,0.020727336659857265,0.024162140138195953,0.022726599912929912,0.014553174151345716,0.010319111885067511,0.014553174151345716,87636.6,94069.394,98578.833,False
BTC,350,351,1766966400,1766980800,89583.0,0.059445118239311645,A,compressed,,,high,chase,1,-0.022727336659857267,-0.026162140138195955,-0.024726599912929914,-0.016553174151345718,-0.012319111885067513,-0.016553174151345718,87636.6,94069.394,98578.833,False
BTC,731,732,1772452800,1772467200,68928.4,0.05376579486537825,A,expanded,,,high,A_fade,-1,0.00740147167205374,0.010462619181643484,0.0067254078144857185,-0.008777635923654104,-0.06848742173037536,-0.008777635923654104,68349.3,81585.034,83156.64,False
BTC,731,732,1772452800,1772467200,68928.4,0.05376579486537825,A,expanded,,,high,chase,1,-0.00940147167205374,-0.012462619181643486,-0.00872540781448572,0.006777635923654103,0.06648742173037536,0.006777635923654103,68349.3,81585.034,83156.64,False
BTC,741,742,1772596800,1772611200,71082.4,0.125583108489282,A,normal,,,high,A_fade,-1,-0.036139500073154474,-0.022932292663162657,-0.026287553599765867,0.002201917774301233,0.011616343848828814,-0.036139500073154474,73580.2,91525.701,89857.132,False
BTC,741,742,1772596800,1772611200,71082.4,0.125583108489282,A,normal,,,high,chase,1,0.03413950007315447,0.020932292663162655,0.024287553599765865,-0.004201917774301233,-0.013616343848828816,-0.004201917774301233,73580.2,91525.701,89857.132,False
BTC,812,813,1773619200,1773633600,73427.7,0.05271045599523094,A,compressed,,,high,A_fade,-1,0.0015535322500909174,-0.007824400056109737,-0.011690788353713955,-0.01506962222703423,-0.006615047182466526,-0.01506962222703423,73240.2,87023.141,87468.318,False
BTC,812,813,1773619200,1773633600,73427.7,0.05271045599523094,A,compressed,,,high,chase,1,-0.0035535322500909175,0.005824400056109736,0.009690788353713953,0.013069622227034228,0.004615047182466526,0.013069622227034228,73240.2,87023.141,87468.318,False
BTC,1006,1007,1776412800,1776427200,77736.2,0.11049620408290406,B,normal,,,high,A_fade,-1,0.008076852225861186,0.00892973672497488,0.019729081174536423,0.028113849146214953,0.023809548189903662,0.028113849146214953,77030.6,106820.799,109167.145,False
BTC,1006,1007,1776412800,1776427200,77736.2,0.11049620408290406,B,normal,,,high,chase,1,-0.010076852225861188,-0.010929736724974881,-0.021729081174536424,-0.030113849146214955,-0.025809548189903664,-0.030113849146214955,77030.6,106820.799,109167.145,False
BTC,1034,1035,1776816000,1776830400,77979.8,0.052445110033009446,A,normal,,,high,A_fade,-1,-0.01708749958322542,-0.011406541181177787,-0.0013757383322346986,0.0029664118143416527,0.003607603507575053,-0.01708749958322542,79234.3,105959.312,99806.906,False
BTC,1034,1035,1776816000,1776830400,77979.8,0.052445110033009446,A,normal,,,high,chase,1,0.015087499583225417,0.009406541181177785,-0.0006242616677653015,-0.004966411814341653,-0.005607603507575053,-0.004966411814341653,79234.3,105959.312,99806.906,False
BTC,1106,1107,1777852800,1777867200,79663.5,0.04507600298577441,A,compressed,,,high,A_fade,-1,-0.0049315370276225,-0.005454988796625647,-0.015464591688791107,-0.024736089928260596,-0.02196066580052347,-0.024736089928260596,79976.7,107327.793,108047.882,False
BTC,1106,1107,1777852800,1777867200,79663.5,0.04507600298577441,A,compressed,,,high,chase,1,0.0029315370276225003,0.0034549887966256474,0.013464591688791105,0.022736089928260594,0.01996066580052347,0.022736089928260594,79976.7,107327.793,108047.882,False
BTC,1169,1170,1778760000,1778774400,81373.7,0.06393641712964748,A,normal,,,high,A_fade,-1,0.0033134329642132707,0.006261559938899098,0.026889846473737822,0.03635113433455761,0.03770906693440257,0.03635113433455761,81022.7,109897.372,110703.962,False
BTC,1169,1170,1778760000,1778774400,81373.7,0.06393641712964748,A,normal,,,high,chase,1,-0.005313432964213271,-0.008261559938899099,-0.028889846473737824,-0.03835113433455761,-0.03970906693440257,-0.03835113433455761,81022.7,109897.372,110703.962,False
BTC,1751,1752,1787140800,1787155200,68404.1,0.049825663078304494,C,expanded,,,high,A_fade,-1,-0.012394053865192212,-0.021639113737334292,-0.06306645508090869,-0.11658225311055903,-0.12659627273803753,-0.11658225311055903,69183.5,109136.695,109985.542,False
BTC,1751,1752,1787140800,1787155200,68404.1,0.049825663078304494,C,expanded,,,high,chase,1,0.01039405386519221,0.01963911373733429,0.06106645508090869,0.11458225311055903,0.12459627273803753,0.11458225311055903,69183.5,109136.695,109985.542,False
BTC,40,41,1762502400,1762516800,100758.0,0.06000038409978936,warmup,na,,,low,C_long,1,0.024280374759324208,0.01674350423787685,0.008130788622243368,0.007583933781932895,0.028355485420512472,0.007583933781932895,103305.2,86823.372,86985.76,False
BTC,78,79,1763049600,1763064000,99654.3,0.04518464246838105,warmup,na,,,low,C_long,1,-0.02663261193947486,-0.03631909812220846,-0.05227124469290345,-0.04110865562248689,-0.04208202054502419,-0.04110865562248689,97099.9,90175.17,91605.694,False
BTC,120,121,1763654400,1763668800,86601.3,0.04183940477039094,warmup,na,,,low,C_long,1,-0.030960289279722164,-0.050909181501894274,-0.018410824086936395,-0.030273232618909907,-0.023077035795074807,-0.030273232618909907,84006.7,102288.759,105039.773,False
BTC,482,483,1768867200,1768881600,91136.1,0.042532602447443724,B,compressed,,,low,C_long,1,-0.006397422097281002,-0.016822489661067364,-0.0225589651082283,-0.00993389118033372,-0.015961140535967644,-0.00993389118033372,90644.2,99496.697,98011.653,False
BTC,551,552,1769860800,1769875200,77707.9,-0.05407549617802798,C,expanded,,,low,D_cont,-1,-0.015392359078034601,-0.008887228968998184,0.0062772523771714725,0.013095092004802411,-0.008609264952469498,0.013095092004802411,78826.3,93477.853,94546.119,False
BTC,551,552,1769860800,1769875200,77707.9,-0.05407549617802798,C,expanded,,,low,D_bounce,1,0.013392359078034599,0.006887228968998183,-0.008277252377171473,-0.015095092004802413,0.006609264952469497,-0.015095092004802413,78826.3,93477.853,94546.119,False
BTC,1079,1080,1777464000,1777478400,75518.5,-0.041087099353155576,A,normal,,,low,D_cont,-1,-0.005814714275310106,-0.00909602944973742,-0.012231684951369393,-0.02194188841144895,-0.03805582075915159,-0.02194188841144895,75882.1,95207.301,95155.054,False
BTC,1079,1080,1777464000,1777478400,75518.5,-0.041087099353155576,A,normal,,,low,D_bounce,1,0.0038147142753101057,0.0070960294497374185,0.01023168495136939,0.01994188841144895,0.03605582075915159,0.01994188841144895,75882.1,95207.301,95155.054,False
BTC,1148,1149,1778457600,1778472000,80708.9,-0.042771391316860696,A,compressed,,,low,D_cont,-1,-0.009604998953027466,-0.015969848430594458,-0.002242737789760584,-0.002122552779185604,-0.004382526586287238,-0.002122552779185604,81403.4,98032.671,96170.684,False
BTC,1148,1149,1778457600,1778472000,80708.9,-0.042771391316860696,A,compressed,,,low,D_bounce,1,0.007604998953027465,0.013969848430594456,0.000242737789760584,0.0001225527791856038,0.0023825265862872378,0.0001225527791856038,81403.4,98032.671,96170.684,False
BTC,1157,1158,1778587200,1778601600,80799.5,0.04680073109537286,A,compressed,,,low,C_long,1,0.004168348814039714,0.0012574397118793055,-0.01578598258652586,-0.014608995105167777,0.006106479619304551,-0.014608995105167777,81217.1,105581.75,106027.224,False
BTC,1300,1301,1780646400,1780660800,60400.8,0.04541779968138604,C,expanded,,,low,C_long,1,0.00928463199162921,0.003334379677090272,0.004849260274698231,0.020031178394988136,0.026661885273042585,0.020031178394988136,61022.0,101596.735,102716.193,False
BTC,1415,1416,1782302400,1782316800,59923.8,0.07939282855885077,A,expanded,,,low,C_long,1,0.014521378817765274,0.03175660088312149,-0.011413224795490229,0.008465354333336728,-0.004405992276858338,0.008465354333336728,60853.9,100785.762,104766.97,False
BTC,1421,1422,1782388800,1782403200,59299.8,0.0674522792020158,C,expanded,,,low,C_long,1,0.011060748940131204,0.01908775746292568,0.006080968232607843,0.019615583863689223,0.01333563013703254,0.019615583863689223,60015.0,105864.498,106734.104,False
BTC,1961,1962,1790164800,1790179200,84466.9,-0.06978475301996889,A,expanded,,,low,D_cont,-1,0.005684275142097018,-0.0010130228527388532,0.0001720567464889031,0.00459035551204079,0.004866203210961873,0.00459035551204079,83902.3,98370.932,98846.167,False
BTC,1961,1962,1790164800,1790179200,84466.9,-0.06978475301996889,A,expanded,,,low,D_bounce,1,-0.007684275142097018,-0.0009869771472611468,-0.002172056746488903,-0.00659035551204079,-0.006866203210961873,-0.00659035551204079,83902.3,98370.932,98846.167,False
DOGE,156,157,1764172800,1764187200,0.15467,0.05230267657880594,warmup,na,,,high,A_fade,-1,0.0022326889506691936,0.011284218012542868,0.012641947371823892,0.02705974009180845,0.028482123230102907,0.02705974009180845,0.15417,1408752078.0,1446543803.0,False
DOGE,156,157,1764172800,1764187200,0.15467,0.05230267657880594,warmup,na,,,high,chase,1,-0.004232688950669194,-0.01328421801254287,-0.014641947371823893,-0.02905974009180845,-0.03048212323010291,-0.02905974009180845,0.15417,1408752078.0,1446543803.0,False
DOGE,233,234,1765281600,1765296000,0.15085,0.07037795302041472,warmup,na,,,high,A_fade,-1,0.022400729201193292,0.027041100430891696,0.021340072920119413,0.08398508452104736,0.08199635399403382,0.08398508452104736,0.14732,1485911551.0,1542062431.0,False
DOGE,233,234,1765281600,1765296000,0.15085,0.07037795302041472,warmup,na,,,high,chase,1,-0.024400729201193294,-0.029041100430891698,-0.023340072920119415,-0.08598508452104736,-0.08399635399403382,-0.08598508452104736,0.14732,1485911551.0,1542062431.0,False
DOGE,293,294,1766145600,1766160000,0.13283,0.053103276427861834,A,expanded,,,high,A_fade,-1,0.009765640292102806,0.009088082511480855,0.004345178047127974,0.010518482270571394,0.017971617857411637,0.010518482270571394,0.1314,1423389506.0,1447691791.0,False
DOGE,293,294,1766145600,1766160000,0.13283,0.053103276427861834,A,expanded,,,high,chase,1,-0.011765640292102808,-0.011088082511480857,-0.006345178047127974,-0.012518482270571396,-0.01997161785741164,-0.012518482270571396,0.1314,1423389506.0,1447691791.0,False
DOGE,638,639,1771113600,1771128000,0.1127,0.05429854749287499,B,expanded,,,high,A_fade,-1,0.08790860692102931,0.08852972493345157,0.09784649511978705,0.10308163265306114,0.12207009760425902,0.10308163265306114,0.10268,1853668353.0,1849382864.0,False
DOGE,638,639,1771113600,1771128000,0.1127,0.05429854749287499,B,expanded,,,high,chase,1,-0.08990860692102931,-0.09052972493345157,-0.09984649511978705,-0.10508163265306114,-0.12407009760425902,-0.08990860692102931,0.10268,1853668353.0,1849382864.0,False
DOGE,739,740,1772568000,1772582400,0.1027,0.06120878343149316,A,expanded,,,high,A_fade,-1,0.06277799415774099,0.06774391431353455,0.08497857838364176,0.0930603700097371,0.11068451801363188,0.0930603700097371,0.09615,2034815500.0,1954407317.0,False
DOGE,739,740,1772568000,1772582400,0.1027,0.06120878343149316,A,expanded,,,high,chase,1,-0.06477799415774099,-0.06974391431353455,-0.08697857838364176,-0.0950603700097371,-0.11268451801363188,-0.06477799415774099,0.09615,2034815500.0,1954407317.0,False
DOGE,740,741,1772582400,1772596800,0.0989,0.06088294291113039,A,expanded,,,high,A_fade,-1,0.03196258847320521,0.0299403437815976,0.05329726996966633,0.08716986855409514,0.07867644084934278,0.08716986855409514,0.09564,2052507312.0,2018378643.0,False
DOGE,740,741,1772582400,1772596800,0.0989,0.06088294291113039,A,expanded,,,high,chase,1,-0.03396258847320521,-0.0319403437815976,-0.05529726996966633,-0.08916986855409514,-0.08067644084934278,-0.03396258847320521,0.09564,2052507312.0,2018378643.0,False
DOGE,766,767,1772956800,1772971200,0.08994,0.04681158033365218,A,compressed,,,high,A_fade,-1,-0.015231710028907997,-0.006336891260840471,-0.015231710028907997,-0.026906159661996942,-0.05414654213920389,-0.026906159661996942,0.09122,2179672652.0,2205683796.0,False
DOGE,766,767,1772956800,1772971200,0.08994,0.04681158033365218,A,compressed,,,high,chase,1,0.013231710028907995,0.004336891260840471,0.013231710028907995,0.02490615966199694,0.05214654213920389,0.02490615966199694,0.09122,2179672652.0,2205683796.0,False
DOGE,795,796,1773374400,1773388800,0.09793,0.04776485401441222,A,normal,,,high,A_fade,-1,0.019626978453997856,0.018912182170938485,0.026877055039313702,0.018810068416215686,0.029634126416828388,0.018810068416215686,0.09591,1940372381.0,2027153678.0,False
DOGE,795,796,1773374400,1773388800,0.09793,0.04776485401441222,A,normal,,,high,chase,1,-0.021626978453997858,-0.020912182170938487,-0.028877055039313704,-0.020810068416215688,-0.03163412641682839,-0.020810068416215688,0.09591,1940372381.0,2027153678.0,False
DOGE,812,813,1773619200,1773633600,0.09994,0.13421869384322616,A,normal,,,high,A_fade,-1,-0.021012007204322614,-0.03151831098659186,-0.002500900540324146,-0.0028010806483890196,0.02801741044626771,-0.0028010806483890196,0.10194,2035357137.0,2127419703.0,False
DOGE,812,813,1773619200,1773633600,0.09994,0.13421869384322616,A,normal,,,high,chase,1,0.019012007204322612,0.029518310986591856,0.000500900540324146,0.0008010806483890196,-0.03001741044626771,0.0008010806483890196,0.10194,2035357137.0,2127419703.0,False
DOGE,866,867,1774396800,1774411200,0.09693,0.04243795546796747,A,compressed,,,high,A_fade,-1,0.0044678634065821185,0.007253378726916449,0.05739265449293307,0.049758279170535546,0.06987588981739401,0.049758279170535546,0.0964,1770180683.0,1804068040.0,False
DOGE,866,867,1774396800,1774411200,0.09693,0.04243795546796747,A,compressed,,,high,chase,1,-0.006467863406582119,-0.00925337872691645,-0.05939265449293307,-0.05175827917053555,-0.07187588981739401,-0.05175827917053555,0.0964,1770180683.0,1804068040.0,False
DOGE,949,950,1775592000,1775606400,0.09456,0.1465047785653959,A,compressed,,,high,A_fade,-1,0.0027013536379019163,0.011584602368866492,0.031571912013536374,0.01697800338409483,0.02469796954314718,0.01697800338409483,0.09421,2336498958.0,2308273975.0,False
DOGE,949,950,1775592000,1775606400,0.09456,0.1465047785653959,A,compressed,,,high,chase,1,-0.004701353637901916,-0.013584602368866494,-0.033571912013536376,-0.018978003384094833,-0.026697969543147182,-0.018978003384094833,0.09421,2336498958.0,2308273975.0,False
DOGE,988,989,1776153600,1776168000,0.09538,0.07915191350941098,A,normal,,,high,A_fade,-1,0.025001258125393222,0.02290438247011961,0.01850094359404486,-0.017879849024952876,-0.020605787376808515,-0.017879849024952876,0.0929,2300313315.0,2606564255.0,False
DOGE,988,989,1776153600,1776168000,0.09538,0.07915191350941098,A,normal,,,high,chase,1,-0.027001258125393224,-0.024904382470119613,-0.020500943594044863,0.015879849024952875,0.018605787376808514,0.015879849024952875,0.0929,2300313315.0,2606564255.0,False
DOGE,998,999,1776297600,1776312000,0.09644,0.06395330241025876,A,normal,,,high,A_fade,-1,-0.009399004562422264,-0.03158896723351312,-0.017279552053090064,-0.03729199502281222,-0.025574865201161257,-0.03729199502281222,0.09725,2519547895.0,2521420236.0,False
DOGE,998,999,1776297600,1776312000,0.09644,0.06395330241025876,A,normal,,,high,chase,1,0.007399004562422263,0.02958896723351312,0.015279552053090062,0.03529199502281222,0.023574865201161255,0.03529199502281222,0.09725,2519547895.0,2521420236.0,False
DOGE,1034,1035,1776816000,1776830400,0.09749,0.07197826726419909,A,compressed,,,high,A_fade,-1,-0.0044875371833009705,0.007718842958251982,0.015514514309159733,0.01264242486408862,-0.003974664068109645,0.01264242486408862,0.09783,2318751306.0,2326045816.0,False
DOGE,1034,1035,1776816000,1776830400,0.09749,0.07197826726419909,A,compressed,,,high,chase,1,0.0024875371833009705,-0.009718842958251983,-0.017514514309159734,-0.014642424864088621,0.0019746640681096448,-0.014642424864088621,0.09783,2318751306.0,2326045816.0,False
DOGE,1076,1077,1777420800,1777435200,0.10492,0.1664712026334234,A,normal,,,high,A_fade,-1,0.014059092642012994,0.032549370949294665,-0.020348074723599008,-0.012246664125047713,-0.03207129241326723,-0.012246664125047713,0.10334,3615048015.0,3826587330.0,False
DOGE,1076,1077,1777420800,1777435200,0.10492,0.1664712026334234,A,normal,,,high,chase,1,-0.016059092642012995,-0.03454937094929467,0.018348074723599006,0.01024666412504771,0.030071292413267225,0.01024666412504771,0.10334,3615048015.0,3826587330.0,False
DOGE,1146,1147,1778428800,1778443200,0.11242,0.09388227995468434,A,compressed,,,high,A_fade,-1,0.02737573385518599,0.018124710905532804,0.009229496530866466,0.026041451698985973,0.019458993061732932,0.026041451698985973,0.10923,2778594937.0,2626268841.0,False
DOGE,1146,1147,1778428800,1778443200,0.11242,0.09388227995468434,A,compressed,,,high,chase,1,-0.029375733855185993,-0.020124710905532806,-0.011229496530866467,-0.028041451698985975,-0.021458993061732934,-0.029375733855185993,0.10923,2778594937.0,2626268841.0,False
DOGE,1160,1161,1778630400,1778644800,0.11228,0.0644521818049546,A,normal,,,high,A_fade,-1,0.020286070537940848,-0.00652190951193432,-0.015071962949768314,-0.03484396152475944,-0.023532953330958173,-0.03484396152475944,0.10989,3183476939.0,3263735949.0,False
DOGE,1160,1161,1778630400,1778644800,0.11228,0.0644521818049546,A,normal,,,high,chase,1,-0.02228607053794085,0.00452190951193432,0.013071962949768312,0.032843961524759435,0.02153295333095817,0.032843961524759435,0.10989,3183476939.0,3263735949.0,False
DOGE,1535,1536,1784030400,1784044800,0.07421,0.04631373371692482,A,normal,,,high,A_fade,-1,0.001829807303597942,0.0023688182185689364,0.0045248618784529135,0.008432691011992843,0.013283789246732125,0.008432691011992843,0.074,2521420176.0,2528874995.0,False
DOGE,1535,1536,1784030400,1784044800,0.07421,0.04631373371692482,A,normal,,,high,chase,1,-0.003829807303597942,-0.004368818218568936,-0.0065248618784529136,-0.010432691011992845,-0.015283789246732127,-0.010432691011992845,0.074,2521420176.0,2528874995.0,False
DOGE,1854,1855,1788624000,1788638400,0.08963,0.057757789871435206,C,expanded,,,high,A_fade,-1,-0.014165234854401354,-0.0060206404105768154,-0.014834653575811818,-0.002450407229722339,-0.01037186209974339,-0.014165234854401354,0.09081,3110402334.0,3054143224.0,False
DOGE,1854,1855,1788624000,1788638400,0.08963,0.057757789871435206,C,expanded,,,high,chase,1,0.012165234854401352,0.004020640410576815,0.012834653575811816,0.00045040722972233913,0.008371862099743388,0.00045040722972233913,0.09081,3110402334.0,3054143224.0,False
DOGE,21,22,1762228800,1762243200,0.16603,0.06795395478650845,warmup,na,,,low,C_long,1,-0.049846593989038124,-0.02424881045594174,-0.014491537673914423,0.005384388363548599,-0.01955086430163222,-0.049846593989038124,0.15792,1657016569.0,1548098040.0,False
DOGE,122,123,1763683200,1763697600,0.14024,-0.1024305345658042,warmup,na,,,low,D_cont,-1,0.015614375356531651,0.001424415288077686,0.003634911580148393,0.005061038220194104,-0.01925442099258412,0.005061038220194104,0.13791,1524947392.0,1529270918.0,False
DOGE,122,123,1763683200,1763697600,0.14024,-0.1024305345658042,warmup,na,,,low,D_bounce,1,-0.017614375356531653,-0.003424415288077686,-0.005634911580148393,-0.007061038220194104,0.01725442099258412,-0.007061038220194104,0.13791,1524947392.0,1529270918.0,False
DOGE,269,270,1765800000,1765814400,0.1288,0.04626506550152132,B,normal,,,low,C_long,1,0.0019503105590060752,-0.004338509316770044,0.023844720496894456,0.014683229813664656,-0.019633540372670732,0.014683229813664656,0.12918,1569787900.0,1555452854.0,False
DOGE,284,285,1766016000,1766030400,0.12477,0.0726736087910802,B,normal,,,low,C_long,1,0.03666931153322117,-0.03786783681974837,0.02400601106035094,0.0635988619059068,0.05285910074537148,0.0635988619059068,0.12947,1461143163.0,1505762208.0,False
DOGE,335,336,1766750400,1766764800,0.12202,0.07340822438071659,A,compressed,,,low,C_long,1,0.008998360924438509,0.00416308801835752,0.005966071135879215,0.016046385838387134,0.01014571381740692,0.016046385838387134,0.12324,1713116050.0,1691431687.0,False
DOGE,394,395,1767600000,1767614400,0.14874,-0.10667270088029457,B,expanded,,,low,D_cont,-1,-0.020564340459862884,-0.02782533279548194,-0.00879884361973915,0.0018237192416297185,0.017085249428532956,-0.020564340459862884,0.15165,2262830906.0,2149849128.0,False
DOGE,394,395,1767600000,1767614400,0.14874,-0.10667270088029457,B,expanded,,,low,D_bounce,1,0.018564340459862883,0.025825332795481937,0.006798843619739149,-0.0038237192416297186,-0.019085249428532958,-0.0038237192416297186,0.15165,2262830906.0,2149849128.0,False
DOGE,402,403,1767715200,1767729600,0.15048,-0.12311507010065903,B,expanded,,,low,D_cont,-1,0.008968102073365292,0.010031366294524169,0.026511961722488042,0.06266294524189264,0.056083997873471625,0.06266294524189264,0.14898,1928253317.0,1949036811.0,False
DOGE,402,403,1767715200,1767729600,0.15048,-0.12311507010065903,B,expanded,,,low,D_bounce,1,-0.010968102073365293,-0.01203136629452417,-0.028511961722488044,-0.06466294524189264,-0.05808399787347163,-0.06466294524189264,0.14898,1928253317.0,1949036811.0,False
DOGE,476,477,1768780800,1768795200,0.12713,-0.11216493671644068,B,normal,,,low,D_cont,-1,-0.005876897663808721,-0.022159443089750597,0.002303704869031754,0.024564382915126193,0.016462440022024682,0.024564382915126193,0.12775,1564426454.0,1549980518.0,False
DOGE,476,477,1768780800,1768795200,0.12713,-0.11216493671644068,B,normal,,,low,D_bounce,1,0.0038768976638087213,0.020159443089750595,-0.004303704869031754,-0.026564382915126195,-0.018462440022024684,-0.026564382915126195,0.12775,1564426454.0,1549980518.0,False
DOGE,575,576,1770206400,1770220800,0.10531,0.058580774552400294,C,expanded,,,low,C_long,1,-0.027398252777514065,-0.04088225239768295,-0.13555512297027827,-0.11181568701927647,-0.06642588548096107,-0.027398252777514065,0.10253,1735704311.0,1697012544.0,False
DOGE,578,579,1770249600,1770264000,0.10111,0.04008180032241904,C,expanded,,,low,C_long,1,-0.06983592127386018,-0.09960547918108997,-0.07487993274651372,-0.027604687963604158,-0.05737424587083384,-0.027604687963604158,0.09415,1751591408.0,1760500108.0,False
DOGE,602,603,1770595200,1770609600,0.09314,0.05385869125592646,C,expanded,,,low,C_long,1,0.03303478634313939,0.03024328967146228,-0.00400622718488297,-0.005616706033927387,-0.03278011595447716,-0.005616706033927387,0.09631,1381240238.0,1399639162.0,False
DOGE,735,736,1772510400,1772524800,0.08991,0.07036295088407485,A,normal,,,low,C_long,1,0.024914803692581367,0.09998987876765641,0.06840273606940273,0.04704804804804785,0.042821599377154906,0.04704804804804785,0.09224,1841680306.0,1705978742.0,False
DOGE,756,757,1772812800,1772827200,0.08953,0.04323206365881749,A,expanded,,,low,C_long,1,-0.0036806656986485544,-0.003568971294538036,0.0005637216575450363,0.007823857924717958,0.017876354294649732,0.007823857924717958,0.08929,1929484265.0,1926482865.0,False
DOGE,764,765,1772928000,1772942400,0.08927,0.041056199886713385,A,compressed,,,low,C_long,1,0.006505320936484816,0.010762070124341938,0.0333900526492662,0.011882267279041181,0.057138232328889926,0.011882267279041181,0.08994,2205683796.0,2107049480.0,False
DOGE,820,821,1773734400,1773748800,0.1002,-0.05676388360314766,A,compressed,,,low,D_cont,-1,-0.009982035928143618,0.006085828343313394,0.0549880239520959,0.057582834331337374,0.06796207584830338,0.057582834331337374,0.1011,1852235289.0,1871812774.0,False
DOGE,820,821,1773734400,1773748800,0.1002,-0.05676388360314766,A,compressed,,,low,D_bounce,1,0.007982035928143616,-0.008085828343313395,-0.0569880239520959,-0.059582834331337375,-0.06996207584830338,-0.059582834331337375,0.1011,1852235289.0,1871812774.0,False
DOGE,831,832,1773892800,1773907200,0.09283,0.04761102840904963,A,compressed,,,low,C_long,1,0.006109770548314298,0.01192685554238937,0.013434988689001393,0.018821178498330426,0.017851664332651063,0.018821178498330426,0.09349,1795725523.0,1786912020.0,False
DOGE,849,850,1774152000,1774166400,0.09157,0.07471637688795574,B,compressed,,,low,C_long,1,-0.017271704706781743,-0.01159298897018668,0.02291612973681334,0.022479305449382925,0.01789265043136401,0.022479305449382925,0.09008,1832623822.0,1859289423.0,False
DOGE,974,975,1775952000,1775966400,0.09132,-0.05512275219834761,A,normal,,,low,D_cont,-1,0.006993867717914993,0.004037231712658796,0.00425624178712214,-0.019944371441086184,-0.02541962330267189,-0.019944371441086184,0.09059,2362124693.0,2210143572.0,False
DOGE,974,975,1775952000,1775966400,0.09132,-0.05512275219834761,A,normal,,,low,D_bounce,1,-0.008993867717914994,-0.006037231712658796,-0.00625624178712214,0.017944371441086182,0.023419623302671888,0.017944371441086182,0.09059,2362124693.0,2210143572.0,False
DOGE,1040,1041,1776902400,1776916800,0.09588,0.27542291918316875,A,compressed,,,low,C_long,1,0.014123070504797552,0.0019203170629952257,0.018816437213183046,0.024969962453066263,0.024865665415102156,0.024969962453066263,0.09733,3087733392.0,2952514161.0,False
DOGE,1175,1176,1778846400,1778860800,0.11292,-0.0553575152149024,C,normal,,,low,D_cont,-1,0.0020995394969890455,0.024504782146652526,0.028578462628409573,0.023796315975912252,0.01901416932341493,0.023796315975912252,0.11257,2474054971.0,2497567714.0,False
DOGE,1175,1176,1778846400,1778860800,0.11292,-0.0553575152149024,C,normal,,,low,D_bounce,1,-0.0040995394969890455,-0.026504782146652528,-0.030578462628409575,-0.025796315975912254,-0.021014169323414933,-0.025796315975912254,0.11257,2474054971.0,2497567714.0,False
DOGE,1910,1911,1789430400,1789444800,0.08251,0.0404180398165106,A,compressed,,,low,C_long,1,-0.011665373894073516,-0.021118773482002084,-0.03578366258635313,-0.02681505272088236,-0.01748285056356802,-0.011665373894073516,0.08163,2817806336.0,2779980801.0,False
DOGE,1961,1962,1790164800,1790179200,0.09229,-0.06622658448865015,A,expanded,,,low,D_cont,-1,-0.01010174450102952,-0.025704735074222662,-0.04336645357026769,-0.03534825008126574,-0.0635203163939756,-0.03534825008126574,0.09313,2931569495.0,3015318263.0,False
DOGE,1961,1962,1790164800,1790179200,0.09229,-0.06622658448865015,A,expanded,,,low,D_bounce,1,0.008101744501029517,0.02370473507422266,0.04136645357026769,0.03334825008126574,0.061520316393975594,0.03334825008126574,0.09313,2931569495.0,3015318263.0,False
DOT,38,39,1762473600,1762488000,2.852,0.0752781807839138,warmup,na,,,high,A_fade,-1,-0.013622720897615737,-0.1447587657784012,-0.1419537166900421,-0.10899438990182342,-0.10373492286115005,-0.013622720897615737,2.888,20808404.4,20721765.5,False
DOT,38,39,1762473600,1762488000,2.852,0.0752781807839138,warmup,na,,,high,chase,1,0.011622720897615735,0.1427587657784012,0.13995371669004208,0.10699438990182342,0.10173492286115005,0.10699438990182342,2.888,20808404.4,20721765.5,False
DOT,44,45,1762560000,1762574400,3.254,0.05396341573583352,warmup,na,,,high,A_fade,-1,0.038643515673017825,0.027887523048555574,0.032497234173325174,0.008219422249538977,-0.0016146281499692652,0.008219422249538977,3.125,21398002.0,22458673.5,False
DOT,44,45,1762560000,1762574400,3.254,0.05396341573583352,warmup,na,,,high,chase,1,-0.04064351567301783,-0.029887523048555575,-0.034497234173325175,-0.010219422249538979,-0.00038537185003073484,-0.010219422249538979,3.125,21398002.0,22458673.5,False
DOT,117,118,1763611200,1763625600,2.756,0.043767708334544464,warmup,na,,,high,A_fade,-1,0.0726574746008708,0.07701161103047893,0.148854862119013,0.14812917271407822,0.15974020319303328,0.14812917271407822,2.553,15605714.9,15529899.4,False
DOT,117,118,1763611200,1763625600,2.756,0.043767708334544464,warmup,na,,,high,chase,1,-0.0746574746008708,-0.07901161103047893,-0.150854862119013,-0.15012917271407822,-0.16174020319303328,-0.0746574746008708,2.553,15605714.9,15529899.4,False
DOT,371,372,1767268800,1767283200,2.002,0.061774069960419675,A,normal,,,high,A_fade,-1,-0.0039970029970030066,0.008490509490509335,-0.055945054945055195,-0.05644455544455551,-0.06693406593406592,-0.05644455544455551,2.008,23928682.3,23499262.5,False
DOT,371,372,1767268800,1767283200,2.002,0.061774069960419675,A,normal,,,high,chase,1,0.0019970029970030065,-0.010490509490509337,0.05394505494505519,0.05444455544455551,0.06493406593406592,0.05444455544455551,2.008,23928682.3,23499262.5,False
DOT,443,444,1768305600,1768320000,2.249,0.08519394850438089,A,normal,,,high,A_fade,-1,-0.014339261894175004,-0.013894619831036015,0.00433570475767009,0.023010671409515404,0.056803468208092456,-0.014339261894175004,2.279,22231966.8,22077066.1,False
DOT,443,444,1768305600,1768320000,2.249,0.08519394850438089,A,normal,,,high,chase,1,0.012339261894175002,0.011894619831036013,-0.00633570475767009,-0.025010671409515406,-0.05880346820809246,-0.025010671409515406,2.279,22231966.8,22077066.1,False
DOT,1856,1857,1788652800,1788667200,0.9417,0.04019678498879231,C,normal,,,high,A_fade,-1,-0.014380057343102881,-0.02404343209089943,-0.024149623022193922,-0.12630529892747167,-0.1260929170648829,-0.014380057343102881,0.9543,36170862.5,35795922.9,False
DOT,1856,1857,1788652800,1788667200,0.9417,0.04019678498879231,C,normal,,,high,chase,1,0.01238005734310288,0.02204343209089943,0.02214962302219392,0.12430529892747166,0.1240929170648829,0.12430529892747166,0.9543,36170862.5,35795922.9,False
DOT,1865,1866,1788782400,1788796800,1.0597,0.08524124940393452,B,expanded,,,high,A_fade,-1,-0.017985939416816143,-0.0008112673398131811,-0.1730298197603094,-0.1063128243842596,-0.05705360007549298,-0.017985939416816143,1.0777,40423870.6,39964036.9,False
DOT,1865,1866,1788782400,1788796800,1.0597,0.08524124940393452,B,expanded,,,high,chase,1,0.01598593941681614,-0.001188732660186819,0.1710298197603094,0.1043128243842596,0.05505360007549298,0.1043128243842596,1.0777,40423870.6,39964036.9,False
DOT,1871,1872,1788868800,1788883200,1.242,0.057067220206475255,B,expanded,,,high,A_fade,-1,0.029515297906602345,0.0559243156199678,0.09795330112721423,0.10970853462157804,0.11510305958132039,0.10970853462157804,1.2041,42667262.6,43156355.5,False
DOT,1871,1872,1788868800,1788883200,1.242,0.057067220206475255,B,expanded,,,high,chase,1,-0.031515297906602346,-0.0579243156199678,-0.09995330112721423,-0.11170853462157804,-0.11710305958132039,-0.11170853462157804,1.2041,42667262.6,43156355.5,False
DOT,1924,1925,1789632000,1789646400,1.0657,0.053812200897701334,A,normal,,,high,A_fade,-1,-0.013292389978417751,-0.05317228112977379,-0.06433865065215338,-0.0787892465046448,-0.05664417753589179,-0.0787892465046448,1.0788,37965255.2,39063396.8,False
DOT,1924,1925,1789632000,1789646400,1.0657,0.053812200897701334,A,normal,,,high,chase,1,0.01129238997841775,0.05117228112977379,0.06233865065215338,0.0767892465046448,0.05464417753589179,0.0767892465046448,1.0788,37965255.2,39063396.8,False
DOT,147,148,1764043200,1764057600,2.254,0.0858084507832777,warmup,na,,,low,C_long,1,0.0029929015084294583,0.016746228926353246,0.0021055900621117516,0.03848535936113573,0.03183052351375315,0.03848535936113573,2.263,21480316.0,20196709.3,False
DOT,181,182,1764532800,1764547200,2.046,0.07019616885499591,warmup,na,,,low,C_long,1,-0.0068651026392961825,-0.025926686217008665,0.002910068426197455,0.09626295210166191,0.1182570869990226,0.09626295210166191,2.034,23099701.1,22567479.5,False
DOT,182,183,1764547200,1764561600,2.036,0.10110387068448778,warmup,na,,,low,C_long,1,-0.0211375245579567,-0.02211984282907653,0.013734774066797573,0.09477603143418467,0.12473673870333968,0.09477603143418467,1.995,23094040.5,23245998.3,False
DOT,208,209,1764921600,1764936000,2.206,-0.046490842998376136,warmup,na,,,low,D_cont,-1,0.03662466001813225,0.037984587488667176,0.039344514959202215,0.029371713508612896,0.03979782411604704,0.029371713508612896,2.123,20233453.4,19882682.5,False
DOT,208,209,1764921600,1764936000,2.206,-0.046490842998376136,warmup,na,,,low,D_bounce,1,-0.03862466001813225,-0.03998458748866718,-0.04134451495920222,-0.0313717135086129,-0.041797824116047044,-0.03862466001813225,2.123,20233453.4,19882682.5,False
DOT,251,252,1765540800,1765555200,1.983,0.04009590250296635,warmup,na,,,low,C_long,1,0.022701462430660402,0.026231467473524783,0.02724004034291483,0.011607160867372568,-0.012094301563287946,0.011607160867372568,2.03,24707991.2,24800054.5,False
DOT,475,476,1768766400,1768780800,1.977,-0.09316182616633739,B,normal,,,low,D_cont,-1,0.0015290844714214167,1.1633788568500038e-05,-0.028819929185634696,0.018726858877086583,0.01468032372281236,0.018726858877086583,1.972,19345994.2,18686007.7,False
DOT,475,476,1768766400,1768780800,1.977,-0.09316182616633739,B,normal,,,low,D_bounce,1,-0.0035290844714214167,-0.0020116337885685,0.026819929185634694,-0.020726858877086585,-0.016680323722812362,-0.020726858877086585,1.972,19345994.2,18686007.7,False
DOT,584,585,1770336000,1770350400,1.27,-0.1260843425211179,C,normal,,,low,D_cont,-1,-0.06162992125984246,-0.07501574803149602,-0.048244094488189115,-0.08446456692913384,-0.06162992125984246,-0.08446456692913384,1.347,21911392.5,22976147.4,False
DOT,584,585,1770336000,1770350400,1.27,-0.1260843425211179,C,normal,,,low,D_bounce,1,0.059629921259842456,0.07301574803149602,0.046244094488189114,0.08246456692913384,0.059629921259842456,0.08246456692913384,1.347,21911392.5,22976147.4,False
DOT,603,604,1770609600,1770624000,1.29,0.047163471633882015,C,normal,,,low,C_long,1,0.03078294573643403,0.02148062015503871,-0.014178294573643502,-0.007201550387596955,-0.03975968992248069,-0.007201550387596955,1.331,22885823.6,22216937.4,False
DOT,664,665,1771488000,1771502400,1.273,0.041584254787307984,A,compressed,,,low,C_long,1,0.0084265514532601,0.00921209740769846,0.059487038491751965,0.051631578947368584,0.07676904948939522,0.051631578947368584,1.285,26063527.5,26048386.3,False
DOT,686,687,1771804800,1771819200,1.27,0.09804644961572273,A,normal,,,low,C_long,1,0.006086614173228201,-0.011236220472440994,-0.016748031496062965,-0.020685039370078706,-0.0033622047244095113,-0.020685039370078706,1.279,26632465.0,26194092.3,False
DOT,754,755,1772784000,1772798400,1.461,0.04206865782918201,A,normal,,,low,C_long,1,0.01748049281314168,0.022956194387405815,0.0031067761806981018,-0.020164955509924698,-0.007160164271047264,-0.020164955509924698,1.488,29502668.6,29092587.0,False
DOT,798,799,1773417600,1773432000,1.461,0.048232995664917455,A,compressed,,,low,C_long,1,-0.018796030116358664,-0.020849418206707826,-0.03522313483915129,-0.023587268993839894,-0.016742642026009724,-0.018796030116358664,1.435,33581209.6,32260201.9,False
DOT,800,801,1773446400,1773460800,1.435,0.040948525495744015,A,compressed,,,low,C_long,1,-0.004484320557491372,-0.018421602787456526,-0.014240418118466991,-0.011452961672474005,0.10213588850174216,-0.011452961672474005,1.43,34986200.2,33581209.6,False
DOT,862,863,1774339200,1774353600,1.381,0.05139064352584066,B,normal,,,low,C_long,1,0.012758146270818282,0.013482259232440286,-0.01186169442433016,-0.02924040550325846,-0.043722664735698746,-0.02924040550325846,1.4,34409331.9,33716043.1,False
DOT,974,975,1775952000,1775966400,1.225,0.08670989890410907,A,normal,,,low,C_long,1,-0.0018163265306123657,0.00634693877551007,-0.035285714285714365,-0.023040816326530766,-0.030387755102040837,-0.023040816326530766,1.224,35345289.0,32869978.6,False
DOT,981,982,1776052800,1776067200,1.164,0.24905762968162004,A,normal,,,low,C_long,1,0.028209621993127265,0.052264604810996595,0.010168384879725267,-0.003577319587628746,0.0024364261168384757,-0.003577319587628746,1.198,44860646.5,43157433.6,False
DOT,990,991,1776182400,1776196800,1.161,0.06675511916400412,B,expanded,,,low,C_long,1,-0.013919896640826934,0.005029285099052428,0.015365202411714018,0.09202325581395343,0.1428415159345392,0.09202325581395343,1.146,47312638.6,47781320.3,False
DOT,1435,1436,1782590400,1782604800,0.817,0.04358681858175095,C,normal,,,low,C_long,1,-0.008343941248469933,-0.010791921664626503,0.007567931456548328,0.003895960832313362,-0.002223990208078285,0.003895960832313362,0.811,31915152.3,31705832.8,False
DOT,1593,1594,1784865600,1784880000,0.8032,0.041309075764266456,A,compressed,,,low,C_long,1,0.003233067729083606,0.005474103585657254,0.012197211155378418,0.011325697211155394,0.024896414342629458,0.011325697211155394,0.8066,38108752.3,38532789.1,False
DOT,1714,1715,1786608000,1786622400,0.7702,0.0502461101512337,B,compressed,,,low,C_long,1,0.001466891716437214,-0.012165930927031887,-0.01021838483510773,0.008737730459620896,0.00614100233705528,0.008737730459620896,0.7721,39036864.7,39249270.3,False
DOT,1888,1889,1789113600,1789128000,1.051,-0.04956444448065411,A,expanded,,,low,D_cont,-1,0.009466222645099776,0.0036622264509990074,0.012891531874405282,0.039342530922930496,0.032206470028544154,0.039342530922930496,1.04,39012641.9,38543737.6,False
DOT,1888,1889,1789113600,1789128000,1.051,-0.04956444448065411,A,expanded,,,low,D_bounce,1,-0.011466222645099777,-0.0056622264509990075,-0.014891531874405284,-0.0413425309229305,-0.034206470028544156,-0.011466222645099777,1.04,39012641.9,38543737.6,False
DOT,1988,1989,1790553600,1790568000,1.1988,-0.06050214934500642,A,expanded,,,low,D_cont,-1,0.025609943276609926,0.027611945278611993,-0.0025849182515850213,0.007091424758091437,-0.004920587253920527,0.007091424758091437,1.1669,31309666.1,30880476.8,False
DOT,1988,1989,1790553600,1790568000,1.1988,-0.06050214934500642,A,expanded,,,low,D_bounce,1,-0.027609943276609927,-0.029611945278611995,0.0005849182515850213,-0.009091424758091438,0.0029205872539205266,-0.027609943276609927,1.1669,31309666.1,30880476.8,False
HBAR,233,234,1765281600,1765296000,0.14025,0.07910652748152391,warmup,na,,,high,A_fade,-1,0.022386809269162256,0.02331372549019628,0.008696969696969648,0.07400891265597154,0.0808538324420679,0.07400891265597154,0.13697,193958727.0,203599932.0,False
HBAR,233,234,1765281600,1765296000,0.14025,0.07910652748152391,warmup,na,,,high,chase,1,-0.024386809269162257,-0.02531372549019628,-0.01069696969696965,-0.07600891265597154,-0.0828538324420679,-0.07600891265597154,0.13697,193958727.0,203599932.0,False
HBAR,443,444,1768305600,1768320000,0.12028,0.04751686189555149,A,normal,,,high,A_fade,-1,-0.05188127702028622,-0.0434010641835717,-0.023198204190222893,-0.007318589956767484,0.01953541735949449,-0.007318589956767484,0.1264,223323881.0,223659157.0,False
HBAR,443,444,1768305600,1768320000,0.12028,0.04751686189555149,A,normal,,,high,chase,1,0.04988127702028622,0.0414010641835717,0.02119820419022289,0.005318589956767484,-0.02153541735949449,0.005318589956767484,0.1264,223323881.0,223659157.0,False
HBAR,574,575,1770192000,1770206400,0.08978,0.05381788353737926,C,normal,,,high,A_fade,-1,0.0033439518823791268,0.02149944308309193,0.07886188460681665,0.10659634662508355,-0.008239919803965212,0.10659634662508355,0.08939,283945641.0,282768844.0,False
HBAR,574,575,1770192000,1770206400,0.08978,0.05381788353737926,C,normal,,,high,chase,1,-0.005343951882379127,-0.02349944308309193,-0.08086188460681665,-0.10859634662508355,0.006239919803965211,-0.10859634662508355,0.08939,283945641.0,282768844.0,False
HBAR,949,950,1775592000,1775606400,0.09346,0.12275327338224296,A,expanded,,,high,A_fade,-1,0.019115557457735965,0.02895934089450025,0.039980098437834344,0.03398823025893427,0.053889792424566596,0.03398823025893427,0.09158,275978287.0,286290947.0,False
HBAR,949,950,1775592000,1775606400,0.09346,0.12275327338224296,A,expanded,,,high,chase,1,-0.021115557457735967,-0.030959340894500254,-0.041980098437834346,-0.03598823025893427,-0.0558897924245666,-0.03598823025893427,0.09158,275978287.0,286290947.0,False
HBAR,1036,1037,1776844800,1776859200,0.09263,0.042928501750462145,A,normal,,,high,A_fade,-1,0.019295800496599402,0.021670840980244077,0.017568498326676063,0.022750404836446192,0.011199071575083708,0.022750404836446192,0.09075,256655824.0,258642638.0,False
HBAR,1036,1037,1776844800,1776859200,0.09263,0.042928501750462145,A,normal,,,high,chase,1,-0.021295800496599404,-0.02367084098024408,-0.019568498326676065,-0.024750404836446194,-0.01319907157508371,-0.024750404836446194,0.09075,256655824.0,258642638.0,False
HBAR,1059,1060,1777176000,1777190400,0.09276,0.040191065482007016,A,compressed,,,high,A_fade,-1,0.0013717119448037893,0.004605864596808896,0.019375161707632427,0.0320961621388528,0.04190642518326859,0.0320961621388528,0.09254,295581973.0,291593568.0,False
HBAR,1059,1060,1777176000,1777190400,0.09276,0.040191065482007016,A,compressed,,,high,chase,1,-0.0033717119448037894,-0.006605864596808896,-0.02137516170763243,-0.034096162138852804,-0.043906425183268594,-0.034096162138852804,0.09254,295581973.0,291593568.0,False
HBAR,1144,1145,1778400000,1778414400,0.09592,0.05890323821249677,A,normal,,,high,A_fade,-1,-0.017055045871559593,0.000980817347789876,-0.01465721434528755,0.004004170141784892,0.030797331109257864,-0.017055045871559593,0.09746,319152911.0,314360841.0,False
HBAR,1144,1145,1778400000,1778414400,0.09592,0.05890323821249677,A,normal,,,high,chase,1,0.015055045871559591,-0.002980817347789876,0.012657214345287549,-0.006004170141784892,-0.032797331109257866,-0.006004170141784892,0.09746,319152911.0,314360841.0,False
HBAR,1262,1263,1780099200,1780113600,0.0968,0.230520612772128,B,expanded,,,high,A_fade,-1,-0.010814049586776897,-0.009677685950413406,-0.002239669421487788,0.012842975206611484,0.02937190082644625,0.012842975206611484,0.09775,342047733.0,365048455.0,False
HBAR,1262,1263,1780099200,1780113600,0.0968,0.230520612772128,B,expanded,,,high,chase,1,0.008814049586776895,0.007677685950413405,0.0002396694214877879,-0.014842975206611486,-0.03137190082644625,-0.014842975206611486,0.09775,342047733.0,365048455.0,False
HBAR,1760,1761,1787270400,1787284800,0.07571,0.05739636912273682,C,expanded,,,high,A_fade,-1,-0.029001584995376972,-0.0049624884427420515,-0.037322810725135436,-0.0291336679434685,-0.0134157971205916,-0.029001584995376972,0.07783,348211996.0,314829196.0,False
HBAR,1760,1761,1787270400,1787284800,0.07571,0.05739636912273682,C,expanded,,,high,chase,1,0.02700158499537697,0.0029624884427420515,0.035322810725135434,0.027133667943468498,0.011415797120591598,0.027133667943468498,0.07783,348211996.0,314829196.0,False
HBAR,1779,1780,1787544000,1787558400,0.08014,0.04128122914938692,C,expanded,,,high,A_fade,-1,0.011478163214374892,0.00960643873221867,-0.002247816321437556,0.029072373346643476,0.03281582231095592,0.029072373346643476,0.07914,357658167.0,351905875.0,False
HBAR,1779,1780,1787544000,1787558400,0.08014,0.04128122914938692,C,expanded,,,high,chase,1,-0.013478163214374894,-0.011606438732218671,0.0002478163214375559,-0.031072373346643478,-0.034815822310955924,-0.013478163214374894,0.07914,357658167.0,351905875.0,False
HBAR,1784,1785,1787616000,1787630400,0.07999,0.04501744542537267,C,expanded,,,high,A_fade,-1,-0.0027502187773472677,0.013001750218777475,0.026503437929741303,0.031254031753969236,0.025878359794974326,0.031254031753969236,0.08013,363212724.0,369482682.0,False
HBAR,1784,1785,1787616000,1787630400,0.07999,0.04501744542537267,C,expanded,,,high,chase,1,0.0007502187773472677,-0.015001750218777476,-0.028503437929741304,-0.03325403175396924,-0.027878359794974328,-0.03325403175396924,0.08013,363212724.0,369482682.0,False
HBAR,1943,1944,1789905600,1789920000,0.08502,0.10377889247379035,A,expanded,,,high,A_fade,-1,-0.024876734885909246,-0.02405339920018823,-0.07533545048223955,-0.11567889908256868,-0.1622561750176429,-0.024876734885909246,0.08705,376818329.0,376640988.0,False
HBAR,1943,1944,1789905600,1789920000,0.08502,0.10377889247379035,A,expanded,,,high,chase,1,0.022876734885909245,0.02205339920018823,0.07333545048223955,0.11367889908256867,0.1602561750176429,0.11367889908256867,0.08705,376818329.0,376640988.0,False
HBAR,1989,1990,1790568000,1790582400,0.11739,0.3974379454436512,B,expanded,,,high,A_fade,-1,-0.03805596728852556,-0.04027080671266725,-0.010370474486753545,0.12703475594173264,0.06834151120197629,-0.03805596728852556,0.12174,516959670.0,499228057.0,False
HBAR,1989,1990,1790568000,1790582400,0.11739,0.3974379454436512,B,expanded,,,high,chase,1,0.03605596728852556,0.03827080671266725,0.008370474486753543,-0.12903475594173264,-0.07034151120197629,-0.12903475594173264,0.12174,516959670.0,499228057.0,False
HBAR,21,22,1762228800,1762243200,0.17559,-0.042285577147460174,warmup,na,,,low,D_cont,-1,0.06409482316760629,0.03971985876188844,0.02468483398826804,0.002132296827837555,0.03647366023122045,0.002132296827837555,0.16416,213801410.0,225230068.0,False
HBAR,21,22,1762228800,1762243200,0.17559,-0.042285577147460174,warmup,na,,,low,D_bounce,1,-0.06609482316760629,-0.04171985876188844,-0.026684833988268042,-0.004132296827837555,-0.03847366023122045,-0.004132296827837555,0.16416,213801410.0,225230068.0,False
HBAR,102,103,1763395200,1763409600,0.14575,-0.04153713640624124,warmup,na,,,low,D_cont,-1,0.009566037735848965,-0.0023722126929673895,-0.033795883361921075,-0.0053224699828474656,0.005518010291595044,-0.0053224699828474656,0.14421,187824069.0,186998728.0,False
HBAR,102,103,1763395200,1763409600,0.14575,-0.04153713640624124,warmup,na,,,low,D_bounce,1,-0.011566037735848966,0.00037221269296738944,0.03179588336192107,0.0033224699828474655,-0.0075180102915950444,-0.011566037735848966,0.14421,187824069.0,186998728.0,False
HBAR,113,114,1763553600,1763568000,0.1391,0.07537373784395163,warmup,na,,,low,C_long,1,0.05104888569374555,0.05981955427749808,-0.01731919482386768,-0.05714665708123656,-0.05592451473759885,-0.05714665708123656,0.14634,182919784.0,196403656.0,False
HBAR,149,150,1764072000,1764086400,0.14285,0.06104213331768271,warmup,na,,,low,C_long,1,0.009010500525026166,0.01615085754287715,0.03869198459923007,0.035891844592229494,0.02826146307315358,0.035891844592229494,0.14428,203305154.0,210219865.0,False
HBAR,221,222,1765108800,1765123200,0.13556,-0.05411983541825027,warmup,na,,,low,D_cont,-1,0.012573325464738883,0.004385069341988902,0.006229271171437013,0.012720861611094758,-0.035597226320448594,0.012720861611094758,0.13372,202365316.0,199930435.0,False
HBAR,221,222,1765108800,1765123200,0.13556,-0.05411983541825027,warmup,na,,,low,D_bounce,1,-0.014573325464738884,-0.006385069341988902,-0.008229271171437014,-0.01472086161109476,0.03359722632044859,-0.014573325464738884,0.13372,202365316.0,199930435.0,False
HBAR,242,243,1765411200,1765425600,0.12973,-0.04309626678807499,warmup,na,,,low,D_cont,-1,0.0038562398828336794,0.006399984583365549,-0.004545825946195791,0.04216657673629853,0.04131866183612121,0.04216657673629853,0.1291,201964690.0,201628600.0,False
HBAR,242,243,1765411200,1765425600,0.12973,-0.04309626678807499,warmup,na,,,low,D_bounce,1,-0.0058562398828336795,-0.00839998458336555,0.002545825946195791,-0.044166576736298535,-0.04331866183612121,-0.044166576736298535,0.1291,201964690.0,201628600.0,False
HBAR,251,252,1765540800,1765555200,0.12413,0.08032065419788337,warmup,na,,,low,C_long,1,0.009634012728591101,-0.00011383227261740816,-0.017192701200354432,-0.012520180455973584,-0.04909473938612752,-0.012520180455973584,0.12545,226629161.0,226083474.0,False
HBAR,256,257,1765612800,1765627200,0.12291,0.05735100423726047,warmup,na,,,low,C_long,1,-0.0012440810349035871,0.009170043120982796,-0.02223505003661219,-0.02727939142461977,-0.0682850052884224,-0.02727939142461977,0.12288,246060459.0,240727580.0,False
HBAR,410,411,1767830400,1767844800,0.12244,0.040874567768439674,A,expanded,,,low,C_long,1,-0.0078605031035609,-0.016681149950996343,-0.020111401502776793,-0.03252564521398227,-0.023459980398562452,-0.03252564521398227,0.1216,215558554.0,216230297.0,False
HBAR,575,576,1770206400,1770220800,0.0921,0.04083886753890753,C,expanded,,,low,C_long,1,-0.048122692725298566,-0.051271444082518935,-0.13921932681867544,-0.10718892508143318,0.005297502714440739,-0.048122692725298566,0.08776,288623352.0,284644625.0,False
HBAR,826,827,1773820800,1773835200,0.09519,-0.04202452475452534,A,compressed,,,low,D_cont,-1,-0.006462758693140168,-0.009194138039710142,0.031251286899884434,0.012972055888223477,0.02326725496375659,0.012972055888223477,0.09571,241883845.0,243495546.0,False
HBAR,826,827,1773820800,1773835200,0.09519,-0.04202452475452534,A,compressed,,,low,D_bounce,1,0.004462758693140168,0.0071941380397101415,-0.033251286899884436,-0.014972055888223479,-0.02526725496375659,-0.014972055888223479,0.09571,241883845.0,243495546.0,False
HBAR,849,850,1774152000,1774166400,0.08954,0.06653649233892733,B,compressed,,,low,C_long,1,-0.005802322984141183,-0.005467277194549868,0.028372347554165844,0.03942885861067691,0.04724659370113915,0.03942885861067691,0.08911,292696300.0,273475543.0,False
HBAR,880,881,1774598400,1774612800,0.0893,0.042166963654632905,A,normal,,,low,C_long,1,-0.003911534154535378,-0.007270996640537541,0.020948488241881225,0.007846584546472468,-0.006487122060470417,0.007846584546472468,0.08904,264182413.0,263237361.0,False
HBAR,1175,1176,1778846400,1778860800,0.0928,0.08628658529954647,C,expanded,,,low,C_long,1,-3.0172413793105e-05,-0.02082758620689651,-0.015870689655172354,-0.013176724137930917,-0.020288793103448333,-0.013176724137930917,0.09289,344374323.0,342837078.0,False
HBAR,1199,1200,1779192000,1779206400,0.08822,-0.0433578123196815,B,compressed,,,low,D_cont,-1,-0.004854001360235726,-0.00938812060757177,-0.013808886873724613,-0.00825459079573776,-0.022537066424846874,-0.00825459079573776,0.08856,342513613.0,335625965.0,False
HBAR,1199,1200,1779192000,1779206400,0.08822,-0.0433578123196815,B,compressed,,,low,D_bounce,1,0.002854001360235726,0.0073881206075717696,0.011808886873724611,0.006254590795737759,0.020537066424846873,0.006254590795737759,0.08856,342513613.0,335625965.0,False
HBAR,1250,1251,1779926400,1779940800,0.08366,-0.047180224727292,A,normal,,,low,D_cont,-1,-0.06208056418838159,-0.06112431269423857,-0.09937437245995706,-0.11037126464260105,-0.1580643079129812,-0.11037126464260105,0.08877,346043754.0,358025677.0,False
HBAR,1250,1251,1779926400,1779940800,0.08366,-0.047180224727292,A,normal,,,low,D_bounce,1,0.06008056418838159,0.05912431269423857,0.09737437245995706,0.10837126464260105,0.1560643079129812,0.10837126464260105,0.08877,346043754.0,358025677.0,False
HBAR,1271,1272,1780228800,1780243200,0.09546,-0.05439427829702426,A,expanded,,,low,D_cont,-1,-0.010637544521265307,0.015760946993505165,0.022779593547035515,0.049387596899224895,0.08102388434946572,0.049387596899224895,0.09638,306997191.0,307160317.0,False
HBAR,1271,1272,1780228800,1780243200,0.09546,-0.05439427829702426,A,expanded,,,low,D_bounce,1,0.008637544521265306,-0.017760946993505167,-0.024779593547035517,-0.0513875968992249,-0.08302388434946573,-0.0513875968992249,0.09638,306997191.0,307160317.0,False
HBAR,1286,1287,1780444800,1780459200,0.08835,0.058002214478350966,C,expanded,,,low,C_long,1,-0.023637238256932647,-0.033823995472552326,-0.03110752688172036,-0.04174702886247872,-0.07332597623089976,-0.023637238256932647,0.08635,346931975.0,345466780.0,False
HBAR,1367,1368,1781611200,1781625600,0.08098,-0.04720595417248685,A,expanded,,,low,D_cont,-1,-0.002605334650531143,-0.001,0.013571499135589082,0.007767596937515498,0.009249444307236288,0.007767596937515498,0.08111,353296211.0,350019060.0,False
HBAR,1367,1368,1781611200,1781625600,0.08098,-0.04720595417248685,A,expanded,,,low,D_bounce,1,0.0006053346505311427,-0.001,-0.015571499135589084,-0.0097675969375155,-0.01124944430723629,-0.0097675969375155,0.08111,353296211.0,350019060.0,False
HBAR,1490,1491,1783382400,1783396800,0.07165,0.07571819196545282,A,normal,,,low,C_long,1,0.0111423586880669,-0.003791346824843055,-0.02430774598743901,-0.03170481507327294,-0.016631542219120887,-0.03170481507327294,0.07252,322581970.0,308587190.0,False
HBAR,1516,1517,1783756800,1783771200,0.06988,0.0695080457338959,B,compressed,,,low,C_long,1,-0.02189295935890101,-0.020748139668002152,-0.03276874642243843,-0.0410686891814539,-0.04650658271322272,-0.02189295935890101,0.06842,358471391.0,357961467.0,False
HBAR,1789,1790,1787688000,1787702400,0.07821,-0.054045970318743364,C,expanded,,,low,D_cont,-1,0.008973149213655551,0.017923411328474526,0.011274645186037602,-0.012891062523973873,0.007310957678046238,-0.012891062523973873,0.07743,344701062.0,347566658.0,False
HBAR,1789,1790,1787688000,1787702400,0.07821,-0.054045970318743364,C,expanded,,,low,D_bounce,1,-0.010973149213655553,-0.019923411328474527,-0.013274645186037604,0.010891062523973871,-0.009310957678046239,0.010891062523973871,0.07743,344701062.0,347566658.0,False
HBAR,1914,1915,1789488000,1789502400,0.07425,0.060197526459061956,A,normal,,,low,C_long,1,0.0012895622895622303,0.0011548821548822428,-0.006387205387205385,0.0010202020202020332,0.002905723905723857,0.0010202020202020332,0.07442,351984708.0,347365538.0,False
HBAR,1919,1920,1789560000,1789574400,0.07351,0.04215150534384571,A,expanded,,,low,C_long,1,0.010835124472860724,0.003217113317915855,0.02062971024350413,0.04008284587130995,0.07898911712692136,0.04008284587130995,0.07438,361897928.0,366982586.0,False
HBAR,1961,1962,1790164800,1790179200,0.09023,-0.04677363657434963,B,expanded,,,low,D_cont,-1,-0.0053222874875319395,-0.01341272304111707,-0.0274878643466695,-0.02061653552033682,-0.043890391222431435,-0.02061653552033682,0.09062,339046082.0,343546274.0,False
HBAR,1961,1962,1790164800,1790179200,0.09023,-0.04677363657434963,B,expanded,,,low,D_bounce,1,0.0033222874875319395,0.011412723041117068,0.025487864346669498,0.01861653552033682,0.04189039122243143,0.01861653552033682,0.09062,339046082.0,343546274.0,False
LINK,350,351,1766966400,1766980800,12.795,0.09923898114034091,A,compressed,,,high,A_fade,-1,0.030496678389996146,0.03792145369284872,0.0327631887456038,0.02846463462289961,0.028933567799921733,0.02846463462289961,12.392,7841914.73,8345310.86,False
LINK,350,351,1766966400,1766980800,12.795,0.09923898114034091,A,compressed,,,high,chase,1,-0.03249667838999615,-0.03992145369284872,-0.0347631887456038,-0.03046463462289961,-0.030933567799921735,-0.03046463462289961,12.392,7841914.73,8345310.86,False
LINK,374,375,1767312000,1767326400,12.844,0.07796370234895922,A,compressed,,,high,A_fade,-1,-0.018907194020554408,-0.034712239177826176,-0.014157894736842036,-0.026381501090003145,-0.039617253192152035,-0.018907194020554408,13.074,8555009.08,8437669.9,False
LINK,374,375,1767312000,1767326400,12.844,0.07796370234895922,A,compressed,,,high,chase,1,0.016907194020554406,0.032712239177826175,0.012157894736842034,0.024381501090003144,0.037617253192152034,0.024381501090003144,13.074,8555009.08,8437669.9,False
LINK,793,794,1773345600,1773360000,9.192,0.05204993248567402,A,compressed,,,high,A_fade,-1,-0.008397737162750274,0.0046570931244560585,0.022716275021757992,0.01760313315926887,-0.003393385552654559,0.01760313315926887,9.26,8999370.28,8883946.42,False
LINK,793,794,1773345600,1773360000,9.192,0.05204993248567402,A,compressed,,,high,chase,1,0.006397737162750273,-0.0066570931244560585,-0.024716275021757994,-0.01960313315926887,0.0013933855526545589,-0.01960313315926887,9.26,8999370.28,8883946.42,False
LINK,1034,1035,1776816000,1776830400,9.496,0.048878097953978905,A,compressed,,,high,A_fade,-1,0.0002636899747262564,0.007951137320977297,0.02680117944397653,0.02311541701769171,0.0211145745577086,0.02311541701769171,9.484,9259098.98,9186054.17,False
LINK,1034,1035,1776816000,1776830400,9.496,0.048878097953978905,A,compressed,,,high,chase,1,-0.0022636899747262565,-0.009951137320977299,-0.028801179443976532,-0.02511541701769171,-0.0231145745577086,-0.02511541701769171,9.484,9259098.98,9186054.17,False
LINK,1196,1197,1779148800,1779163200,9.793,0.04518314515254396,A,normal,,,high,A_fade,-1,0.030655263964055823,0.03259542530378834,0.021362912284284663,0.013500153170632023,0.009619830491167103,0.013500153170632023,9.483,9276041.1,9526665.37,False
LINK,1196,1197,1779148800,1779163200,9.793,0.04518314515254396,A,normal,,,high,chase,1,-0.032655263964055825,-0.03459542530378834,-0.023362912284284665,-0.015500153170632025,-0.011619830491167105,-0.015500153170632025,9.483,9276041.1,9526665.37,False
LINK,1722,1723,1786723200,1786737600,8.966,0.04235290944674053,B,normal,,,high,A_fade,-1,-0.042378541155476346,-0.039032567477136015,-0.05665469551639524,-0.05040887798349336,-0.047732099040820875,-0.042378541155476346,9.337,12248750.69,11998725.89,False
LINK,1722,1723,1786723200,1786737600,8.966,0.04235290944674053,B,normal,,,high,chase,1,0.040378541155476344,0.037032567477136014,0.054654695516395235,0.04840887798349336,0.04573209904082087,0.04840887798349336,9.337,12248750.69,11998725.89,False
LINK,1992,1993,1790611200,1790625600,15.443,0.049768658152362644,B,normal,,,high,A_fade,-1,0.014994301625331885,0.005540180016836095,0.05371734766560898,0.06472557145632318,,0.06472557145632318,15.196,10209560.91,10503982.8,False
LINK,1992,1993,1790611200,1790625600,15.443,0.049768658152362644,B,normal,,,high,chase,1,-0.016994301625331887,-0.007540180016836095,-0.055717347665608985,-0.06672557145632318,,-0.06672557145632318,15.196,10209560.91,10503982.8,False
LINK,269,270,1765800000,1765814400,12.737,0.050361540162855656,B,normal,,,low,C_long,1,-0.0009214885765879135,-0.004847059747193127,0.01438823898877295,0.001355342702363039,-0.037115254769569006,0.001355342702363039,12.738,7316966.44,7064029.71,False
LINK,557,558,1769947200,1769961600,9.525,0.05998420312646413,C,expanded,,,low,C_long,1,-0.01727296587926519,-0.015278215223097247,0.02661154855643033,0.020732283464566792,-0.006354330708661426,-0.01727296587926519,9.37,9004713.52,8644231.32,False
LINK,560,561,1769990400,1770004800,9.389,0.05141707326965328,C,expanded,,,low,C_long,1,0.05608808179784874,0.04149653850250312,0.035532112046011366,0.008053147300032149,0.02935467035893058,0.008053147300032149,9.925,9118676.01,9300195.38,False
LINK,615,616,1770782400,1770796800,8.27,0.052196146350529604,A,normal,,,low,C_long,1,0.00407859733978222,0.00492503022974622,0.03322007255139081,0.01592865779927466,0.01870979443772669,0.01592865779927466,8.312,8609439.9,8576905.99,False
LINK,879,880,1774584000,1774598400,8.605,0.04284102552862201,A,normal,,,low,C_long,1,-0.005764671702498613,-0.011575246949448115,0.0026025566531086017,-0.021569436374200945,-0.012853573503776916,-0.021569436374200945,8.564,8700266.95,8574444.8,False
LINK,1888,1889,1789113600,1789128000,11.702,-0.05950697207735389,A,normal,,,low,D_cont,-1,0.012416509998290914,0.017971116048538627,0.009169201845838248,0.018398393437019323,0.03745496496325407,0.018398393437019323,11.545,8501107.06,8638931.55,False
LINK,1888,1889,1789113600,1789128000,11.702,-0.05950697207735389,A,normal,,,low,D_bounce,1,-0.014416509998290916,-0.01997111604853863,-0.01116920184583825,-0.020398393437019324,-0.03945496496325407,-0.020398393437019324,11.545,8501107.06,8638931.55,False
LINK,1960,1961,1790150400,1790164800,12.179,-0.04125506416240765,A,expanded,,,low,D_cont,-1,-0.014712127432465638,-0.010031940224977443,-0.050593562689876026,-0.10158297068724853,-0.13623277773216202,-0.10158297068724853,12.346,9245944.19,9253463.82,False
LINK,1960,1961,1790150400,1790164800,12.179,-0.04125506416240765,A,expanded,,,low,D_bounce,1,0.012712127432465636,0.00803194022497744,0.048593562689876024,0.09958297068724853,0.13423277773216202,0.09958297068724853,12.346,9245944.19,9253463.82,False
LTC,86,87,1763164800,1763179200,102.72,0.07742846431711103,warmup,na,,,high,A_fade,-1,-0.0149213395638631,-0.0066464174454828875,0.006301401869158841,0.06568613707165105,0.05497741433021808,-0.0149213395638631,104.15,1231931.806,1163406.271,False
LTC,86,87,1763164800,1763179200,102.72,0.07742846431711103,warmup,na,,,high,chase,1,0.012921339563863099,0.0046464174454828875,-0.008301401869158842,-0.06768613707165105,-0.05697741433021808,-0.06768613707165105,104.15,1231931.806,1163406.271,False
LTC,446,447,1768348800,1768363200,79.02,0.05460355024408603,A,normal,,,high,A_fade,-1,-0.009478866109845607,0.018362186788154933,0.05620070868134641,0.08796481903315623,0.0858134649455834,0.08796481903315623,79.69,1704059.907,1646483.283,False
LTC,446,447,1768348800,1768363200,79.02,0.05460355024408603,A,normal,,,high,chase,1,0.007478866109845606,-0.020362186788154935,-0.058200708681346414,-0.08996481903315623,-0.0878134649455834,-0.08996481903315623,79.69,1704059.907,1646483.283,False
LTC,1780,1781,1787558400,1787572800,52.34,0.04895990048373999,C,expanded,,,high,A_fade,-1,0.012565150936186487,-0.00023576614444009627,0.021544898739014218,0.037593809705769976,0.05268742835307605,0.037593809705769976,51.63,1211244.838,1200615.14,False
LTC,1780,1781,1787558400,1787572800,52.34,0.04895990048373999,C,expanded,,,high,chase,1,-0.014565150936186488,-0.0017642338555599038,-0.02354489873901422,-0.03959380970576998,-0.05468742835307605,-0.014565150936186488,51.63,1211244.838,1200615.14,False
LTC,1850,1851,1788566400,1788580800,53.73,0.11778523317953793,C,expanded,,,high,A_fade,-1,0.0004889261120416552,-0.009933556672250154,-0.004536199516099181,-0.006955704448166843,-0.0147725665363857,-0.006955704448166843,53.65,1381642.411,1403290.199,False
LTC,1850,1851,1788566400,1788580800,53.73,0.11778523317953793,C,expanded,,,high,chase,1,-0.0024889261120416553,0.007933556672250153,0.002536199516099181,0.004955704448166843,0.012772566536385699,0.004955704448166843,53.65,1381642.411,1403290.199,False
LTC,1864,1865,1788768000,1788782400,55.39,0.05190548405861817,B,expanded,,,high,A_fade,-1,0.0029718360714929845,0.004777216103989846,0.00694367214298608,0.02933038454594694,0.023553168441956984,0.02933038454594694,55.17,1418497.169,1446487.084,False
LTC,1864,1865,1788768000,1788782400,55.39,0.05190548405861817,B,expanded,,,high,chase,1,-0.004971836071492985,-0.006777216103989846,-0.008943672142986081,-0.03133038454594694,-0.025553168441956986,-0.03133038454594694,55.17,1418497.169,1446487.084,False
LTC,1964,1965,1790208000,1790222400,68.93,0.12579055686786633,B,expanded,,,high,A_fade,-1,-0.07121616132308117,-0.03625315537501794,-0.03842927607717972,-0.030885390976352567,-0.06933019004787455,-0.07121616132308117,73.77,1757126.6,1696039.721,False
LTC,1964,1965,1790208000,1790222400,68.93,0.12579055686786633,B,expanded,,,high,chase,1,0.06921616132308117,0.03425315537501794,0.03642927607717972,0.028885390976352565,0.06733019004787455,0.028885390976352565,73.77,1757126.6,1696039.721,False
LTC,14,15,1762128000,1762142400,93.16,-0.05282180596092256,warmup,na,,,low,D_cont,-1,0.05825289823958779,0.06136582224130527,0.07435422928295399,0.10312194074710179,0.06523014169171315,0.10312194074710179,87.64,940500.994,996967.76,False
LTC,14,15,1762128000,1762142400,93.16,-0.05282180596092256,warmup,na,,,low,D_bounce,1,-0.06025289823958779,-0.06336582224130527,-0.07635422928295399,-0.1051219407471018,-0.06723014169171315,-0.1051219407471018,87.64,940500.994,996967.76,False
LTC,94,95,1763280000,1763294400,97.76,-0.04124357588130201,warmup,na,,,low,D_cont,-1,0.01966284779050742,0.0056489361702127825,0.03132405891980372,0.047281505728314244,0.01393453355155494,0.047281505728314244,95.74,1076543.124,1126130.324,False
LTC,94,95,1763280000,1763294400,97.76,-0.04124357588130201,warmup,na,,,low,D_bounce,1,-0.021662847790507422,-0.0076489361702127825,-0.03332405891980372,-0.049281505728314245,-0.01593453355155494,-0.049281505728314245,95.74,1076543.124,1126130.324,False
LTC,113,114,1763553600,1763568000,89.88,0.057606641594276864,warmup,na,,,low,C_long,1,0.03571562082777058,0.03482554517133962,-0.03326524254561625,-0.06041255006675561,-0.07832532265242531,-0.06041255006675561,93.18,1049412.864,1069084.544,False
LTC,123,124,1763697600,1763712000,81.71,-0.0781536551669364,warmup,na,,,low,D_cont,-1,-0.015930853016766666,-0.012014563700893377,-0.014707012605556291,-0.005161057398115231,-0.017277077469098123,-0.005161057398115231,82.93,919817.296,936211.564,False
LTC,123,124,1763697600,1763712000,81.71,-0.0781536551669364,warmup,na,,,low,D_bounce,1,0.013930853016766664,0.010014563700893375,0.01270701260555629,0.003161057398115231,0.015277077469098121,0.003161057398115231,82.93,919817.296,936211.564,False
LTC,242,243,1765411200,1765425600,80.83,0.04753559087438375,warmup,na,,,low,C_long,1,0.0008557466287270063,0.008897315353210478,0.030176543362612773,0.0044435234442657965,0.010753061981937484,0.0044435234442657965,80.98,842538.922,854399.471,False
LTC,435,436,1768190400,1768204800,77.58,0.0459179062823829,B,compressed,,,low,C_long,1,-0.018916988914668753,-0.02046377932456822,-0.01762799690641903,0.006347254447022555,0.002609177623098647,-0.018916988914668753,76.19,1257712.645,1115122.282,False
LTC,579,580,1770264000,1770278400,56.45,0.04168366004230317,C,expanded,,,low,C_long,1,-0.07256775907883095,-0.10232860938883981,-0.07097342781222327,-0.0268635961027458,-0.058750221434898275,-0.0268635961027458,52.41,1452295.192,1459262.768,False
LTC,584,585,1770336000,1770350400,50.94,-0.0772772212494498,C,expanded,,,low,D_cont,-1,-0.06774519042010219,-0.08403886925795068,-0.05262936788378492,-0.08894660384766395,-0.08050530035335701,-0.08894660384766395,54.34,1241913.328,1328219.786,False
LTC,584,585,1770336000,1770350400,50.94,-0.0772772212494498,C,expanded,,,low,D_bounce,1,0.06574519042010218,0.08203886925795068,0.050629367883784915,0.08694660384766395,0.07850530035335701,0.08694660384766395,54.34,1241913.328,1328219.786,False
LTC,1189,1190,1779048000,1779062400,54.14,-0.09669339918230857,A,normal,,,low,D_cont,-1,0.005464721093461412,0.010821204285186514,-0.003770594754340605,0.005464721093461412,0.005649427410417408,0.005464721093461412,53.79,1120001.905,1128007.759,False
LTC,1189,1190,1779048000,1779062400,54.14,-0.09669339918230857,A,normal,,,low,D_bounce,1,-0.007464721093461412,-0.012821204285186516,0.001770594754340605,-0.007464721093461412,-0.007649427410417408,-0.007464721093461412,53.79,1120001.905,1128007.759,False
LTC,1994,1995,1790640000,1790654400,68.75,-0.04110396605245881,A,normal,,,low,D_cont,-1,0.018345454545454554,0.020672727272727176,0.02678181818181813,0.03652727272727274,,0.03652727272727274,67.42,1472483.661,1501500.763,False
LTC,1994,1995,1790640000,1790654400,68.75,-0.04110396605245881,A,normal,,,low,D_bounce,1,-0.020345454545454555,-0.022672727272727178,-0.02878181818181813,-0.03852727272727274,,-0.03852727272727274,67.42,1472483.661,1501500.763,False
SHIB,166,167,1764316800,1764331200,0.008848,0.07791395173042037,warmup,na,,,high,A_fade,-1,0.022847197106690698,0.029741410488245856,0.03957414104882462,0.03923508137432197,0.0359575045207956,0.03923508137432197,0.008637,3173397392.0,3260901264.0,False
SHIB,166,167,1764316800,1764331200,0.008848,0.07791395173042037,warmup,na,,,high,chase,1,-0.0248471971066907,-0.03174141048824586,-0.04157414104882462,-0.04123508137432197,-0.037957504520795604,-0.04123508137432197,0.008637,3173397392.0,3260901264.0,False
SHIB,569,570,1770120000,1770134400,0.006728,0.043857740627794906,C,expanded,,,high,A_fade,-1,-0.00932342449464929,-0.009472057074910833,-0.0020404280618312445,0.04403567181926271,0.1308370986920333,0.04403567181926271,0.006784,4233323276.0,4292878517.0,False
SHIB,569,570,1770120000,1770134400,0.006728,0.043857740627794906,C,expanded,,,high,chase,1,0.00732342449464929,0.007472057074910833,4.0428061831244456e-05,-0.04603567181926271,-0.1328370986920333,-0.04603567181926271,0.006784,4233323276.0,4292878517.0,False
SHIB,949,950,1775592000,1775606400,0.006136,0.09783492156605433,A,normal,,,high,A_fade,-1,0.011548891786179905,0.019208604954367714,0.04153585397653192,0.033061277705345504,0.039906127770534594,0.033061277705345504,0.006059,4881865202.0,4910006196.0,False
SHIB,949,950,1775592000,1775606400,0.006136,0.09783492156605433,A,normal,,,high,chase,1,-0.013548891786179906,-0.021208604954367716,-0.043535853976531924,-0.035061277705345506,-0.041906127770534596,-0.035061277705345506,0.006059,4881865202.0,4910006196.0,False
SHIB,998,999,1776297600,1776312000,0.006086,0.04932025346588231,A,normal,,,high,A_fade,-1,-0.011680249753532768,-0.04454255668747942,-0.01545941505093651,-0.046842918172855685,-0.034683864607295445,-0.011680249753532768,0.006151,4610852945.0,4583309593.0,False
SHIB,998,999,1776297600,1776312000,0.006086,0.04932025346588231,A,normal,,,high,chase,1,0.009680249753532766,0.042542556687479416,0.013459415050936507,0.044842918172855684,0.03268386460729544,0.044842918172855684,0.006151,4610852945.0,4583309593.0,False
SHIB,1048,1049,1777017600,1777032000,0.006238,0.06408548565165506,A,normal,,,high,A_fade,-1,0.005252003847387,0.002206155819172829,0.009259698621353007,0.011504007694773999,0.005252003847387,0.011504007694773999,0.006199,5706435735.0,5483429739.0,False
SHIB,1048,1049,1777017600,1777032000,0.006238,0.06408548565165506,A,normal,,,high,chase,1,-0.007252003847387,-0.004206155819172829,-0.01125969862135301,-0.013504007694774,-0.007252003847387,-0.013504007694774,0.006199,5706435735.0,5483429739.0,False
SHIB,1117,1118,1778011200,1778025600,0.006438,0.0571345866935169,A,compressed,,,high,A_fade,-1,-0.010940975458216706,0.008940975458216815,0.02167785026405722,0.028046287666977365,0.025405716060888484,0.028046287666977365,0.006502,5866657791.0,5651204937.0,False
SHIB,1117,1118,1778011200,1778025600,0.006438,0.0571345866935169,A,compressed,,,high,chase,1,0.008940975458216704,-0.010940975458216817,-0.02367785026405722,-0.030046287666977367,-0.027405716060888485,-0.030046287666977367,0.006502,5866657791.0,5651204937.0,False
SHIB,1118,1119,1778025600,1778040000,0.006408,0.04369469196411124,A,compressed,,,high,A_fade,-1,0.004305867665418074,0.0010287141073658254,0.0033695380774031456,0.019755305867665385,0.019131086142322062,0.019755305867665385,0.006374,5738553965.0,5811985891.0,False
SHIB,1118,1119,1778025600,1778040000,0.006408,0.04369469196411124,A,compressed,,,high,chase,1,-0.006305867665418074,-0.0030287141073658255,-0.005369538077403146,-0.021755305867665387,-0.021131086142322064,-0.021755305867665387,0.006374,5738553965.0,5811985891.0,False
SHIB,1145,1146,1778414400,1778428800,0.006608,0.055182029553496825,A,compressed,,,high,A_fade,-1,0.015495157384987968,0.012165859564164716,-0.0023619854721549363,0.0035399515738500096,0.025331719128329433,0.0035399515738500096,0.006499,5891427897.0,6067326769.0,False
SHIB,1145,1146,1778414400,1778428800,0.006608,0.055182029553496825,A,compressed,,,high,chase,1,-0.01749515738498797,-0.014165859564164718,0.00036198547215493624,-0.00553995157385001,-0.027331719128329435,-0.00553995157385001,0.006499,5891427897.0,6067326769.0,False
SHIB,1445,1446,1782734400,1782748800,0.004303,0.055239566835891596,A,compressed,,,high,A_fade,-1,0.013176156170113917,0.01526772019521283,0.014570532186846452,0.01619730420636767,0.001323960027887595,0.01619730420636767,0.004242,4977698469.0,5030376165.0,False
SHIB,1445,1446,1782734400,1782748800,0.004303,0.055239566835891596,A,compressed,,,high,chase,1,-0.01517615617011392,-0.017267720195212832,-0.016570532186846454,-0.01819730420636767,-0.003323960027887595,-0.01819730420636767,0.004242,4977698469.0,5030376165.0,False
SHIB,1604,1605,1785024000,1785038400,0.005583,0.2917157588352828,B,expanded,,,high,A_fade,-1,0.07387014150098514,0.04915224789539674,0.06813845602722546,0.09769245925129866,0.1661144545943043,0.09769245925129866,0.005165,7482439914.0,8461757915.0,False
SHIB,1604,1605,1785024000,1785038400,0.005583,0.2917157588352828,B,expanded,,,high,chase,1,-0.07587014150098514,-0.05115224789539674,-0.07013845602722546,-0.09969245925129866,-0.1681144545943043,-0.09969245925129866,0.005165,7482439914.0,8461757915.0,False
SHIB,1755,1756,1787198400,1787212800,0.004924,0.043026774396123235,C,expanded,,,high,A_fade,-1,0.010779041429732072,-0.0024216084484157676,-0.052584077985377786,-0.1992128350934198,-0.11939967506092597,-0.1992128350934198,0.004866,4783799325.0,4745940022.0,False
SHIB,1755,1756,1787198400,1787212800,0.004924,0.043026774396123235,C,expanded,,,high,chase,1,-0.012779041429732074,0.0004216084484157676,0.050584077985377784,0.1972128350934198,0.11739967506092597,-0.012779041429732074,0.004866,4783799325.0,4745940022.0,False
SHIB,1798,1799,1787817600,1787832000,0.005425,0.05660047721494044,C,expanded,,,high,A_fade,-1,-0.0006313364055299244,0.018170506912442375,0.03789400921658992,0.0541152073732718,0.051534562211981716,0.0541152073732718,0.005423,4505455888.0,4546105295.0,False
SHIB,1798,1799,1787817600,1787832000,0.005425,0.05660047721494044,C,expanded,,,high,chase,1,-0.0013686635944700756,-0.020170506912442376,-0.03989400921658992,-0.0561152073732718,-0.05353456221198172,-0.0561152073732718,0.005423,4505455888.0,4546105295.0,False
SHIB,1937,1938,1789819200,1789833600,0.005593,0.04717511078420977,A,expanded,,,high,A_fade,-1,0.034401394600393376,0.03958644734489536,0.01580672268907557,0.0016819238333631867,-0.06518737707849087,0.0016819238333631867,0.005395,4696637627.0,4899916731.0,False
SHIB,1937,1938,1789819200,1789833600,0.005593,0.04717511078420977,A,expanded,,,high,chase,1,-0.03640139460039338,-0.04158644734489536,-0.01780672268907557,-0.0036819238333631868,0.06318737707849087,-0.0036819238333631868,0.005395,4696637627.0,4899916731.0,False
SHIB,1952,1953,1790035200,1790049600,0.005966,0.041799813785921014,B,expanded,,,high,A_fade,-1,-0.01658833389205505,-0.018767348307073495,-0.026645323499832396,0.06068286959436808,0.03721656050955413,-0.01658833389205505,0.006059,5352911666.0,5086986821.0,False
SHIB,1952,1953,1790035200,1790049600,0.005966,0.041799813785921014,B,expanded,,,high,chase,1,0.01458833389205505,0.016767348307073493,0.024645323499832394,-0.06268286959436808,-0.03921656050955413,-0.06268286959436808,0.006059,5352911666.0,5086986821.0,False
SHIB,11,12,1762084800,1762099200,0.009988,-0.04139453629534484,warmup,na,,,low,D_cont,-1,0.02573207849419301,0.03384181017220678,0.0730889066880257,0.10442651181417706,0.12364957949539446,0.10442651181417706,0.009721,2862187224.0,2801073833.0,False
SHIB,11,12,1762084800,1762099200,0.009988,-0.04139453629534484,warmup,na,,,low,D_bounce,1,-0.027732078494193013,-0.03584181017220678,-0.0750889066880257,-0.10642651181417706,-0.12564957949539446,-0.027732078494193013,0.009721,2862187224.0,2801073833.0,False
SHIB,21,22,1762228800,1762243200,0.009142,0.051592784171773154,warmup,na,,,low,C_long,1,-0.044644716692189945,-0.03381557646029332,-0.024736600306278778,0.00031262305841173264,-0.016642091446073204,-0.044644716692189945,0.008743,3410745906.0,3316862930.0,False
SHIB,35,36,1762430400,1762444800,0.009027,0.05356231472680828,warmup,na,,,low,C_long,1,0.02093419740777669,0.041649828292899094,0.11531771352608822,0.1043506148222001,0.08939548022598853,0.1043506148222001,0.009225,3314188286.0,3492100563.0,False
SHIB,78,79,1763049600,1763064000,0.009295,0.04532203004594071,warmup,na,,,low,C_long,1,-0.0072399139322215636,-0.01638461538461533,-0.03585745024206555,-0.025529316837009097,-0.028326519634211844,-0.025529316837009097,0.009237,3070374197.0,2990099500.0,False
SHIB,120,121,1763654400,1763668800,0.008247,0.048183305495427486,warmup,na,,,low,C_long,1,-0.044773493391536356,-0.06684212440887605,-0.05047253546744279,-0.06720589305201896,-0.056050321328968256,-0.06720589305201896,0.007886,3057475791.0,3129356859.0,False
SHIB,130,131,1763798400,1763812800,0.007625,0.05801041672165885,warmup,na,,,low,C_long,1,0.021032786885245902,0.03624590163934427,0.0500163934426231,0.04831147540983605,0.05591803278688523,0.04831147540983605,0.007793,3447724768.0,3509172142.0,False
SHIB,238,239,1765353600,1765368000,0.008492,0.06255417150875142,warmup,na,,,low,C_long,1,0.004770136599152265,-0.029379651436646226,-0.028555346208195886,-0.007005652378709203,-0.038682524729156786,-0.007005652378709203,0.008541,3106229022.0,3242199256.0,False
SHIB,251,252,1765540800,1765555200,0.008187,0.05877174649789629,warmup,na,,,low,C_long,1,0.018421033345547788,0.018543178209356248,0.015733846341761226,0.008405154513252744,-0.014802369610357968,0.008405154513252744,0.008346,3115037111.0,3113829251.0,False
SHIB,356,357,1767052800,1767067200,0.00716,0.042596845766697644,A,compressed,,,low,C_long,1,-0.0019776536312848805,-0.005888268156424513,-0.01035754189944127,-0.042061452513966535,-0.026977653631284904,-0.042061452513966535,0.007153,4801384501.0,4627097094.0,False
SHIB,712,713,1772179200,1772193600,0.005815,0.04284309572006517,A,normal,,,low,C_long,1,-0.005815133276010353,-0.00787876182287195,-0.046399828030954327,0.003987102321582171,-0.0321263972484952,0.003987102321582171,0.005787,5028143303.0,4880343310.0,False
SHIB,730,731,1772438400,1772452800,0.005706,0.05807709266353189,A,expanded,,,low,C_long,1,-0.036751840168243954,-0.048669120224325346,-0.04516403785488965,-0.04516403785488965,0.015473887136347675,-0.04516403785488965,0.005502,5577118375.0,5682754112.0,False
SHIB,734,735,1772496000,1772510400,0.005416,0.051577572799860194,A,expanded,,,low,C_long,1,0.006016248153618898,0.009524372230428235,0.012478581979320613,0.07248596750369274,0.0329734121122599,0.07248596750369274,0.005454,6047808129.0,5864772604.0,False
SHIB,880,881,1774598400,1774612800,0.005769,0.04795899164303763,A,compressed,,,low,C_long,1,-0.0004799791991679783,-0.00672022880915235,0.025521060842433774,0.011480499219968743,-0.0011733402669440443,0.011480499219968743,0.005772,4509458475.0,4547018094.0,False
SHIB,914,915,1775088000,1775102400,0.005859,-0.06431654737701742,A,normal,,,low,D_cont,-1,-0.0021947431302270495,0.003778972520907865,-0.022505376344086003,-0.02762570404505904,-0.010045912271718804,-0.02762570404505904,0.005866,4279658095.0,4221045262.0,False
SHIB,914,915,1775088000,1775102400,0.005859,-0.06431654737701742,A,normal,,,low,D_bounce,1,0.00019474313022704946,-0.005778972520907865,0.020505376344086,0.02562570404505904,0.008045912271718803,0.02562570404505904,0.005866,4279658095.0,4221045262.0,False
SHIB,1156,1157,1778572800,1778587200,0.006358,-0.06271732137556851,A,normal,,,low,D_cont,-1,-0.010122365523749566,-0.021918527838943214,0.021334067316766236,0.019603963510537947,-0.002572821642025879,0.019603963510537947,0.006416,5575053097.0,5548261765.0,False
SHIB,1156,1157,1778572800,1778587200,0.006358,-0.06271732137556851,A,normal,,,low,D_bounce,1,0.008122365523749564,0.019918527838943212,-0.023334067316766238,-0.02160396351053795,0.0005728216420258789,-0.02160396351053795,0.006416,5575053097.0,5548261765.0,False
SHIB,1283,1284,1780401600,1780416000,0.005229,0.047549276758452,C,normal,,,low,C_long,1,-0.015343086632243375,0.012386880856760318,-0.005781028877414384,-0.0467066360680819,-0.04460298336201951,-0.015343086632243375,0.005154,4908555814.0,4893637828.0,False
SHIB,1286,1287,1780444800,1780459200,0.005299,-0.0456243296137967,C,expanded,,,low,D_cont,-1,0.006548594074353709,0.01692791092658985,0.057312889224382046,0.05523702585393464,0.09694300811473855,0.05523702585393464,0.005259,4697827438.0,4674192502.0,False
SHIB,1286,1287,1780444800,1780459200,0.005299,-0.0456243296137967,C,expanded,,,low,D_bounce,1,-0.00854859407435371,-0.018927910926589853,-0.05931288922438205,-0.05723702585393464,-0.09894300811473855,-0.05723702585393464,0.005259,4697827438.0,4674192502.0,False
SHIB,1292,1293,1780531200,1780545600,0.00499,-0.04355824541130582,C,expanded,,,low,D_cont,-1,-0.009216432865731483,-0.003204408817635395,0.041084168336673166,0.0921863727454908,0.10220641282565124,0.0921863727454908,0.005031,4466332715.0,4418575609.0,False
SHIB,1292,1293,1780531200,1780545600,0.00499,-0.04355824541130582,C,expanded,,,low,D_bounce,1,0.007216432865731482,0.0012044088176353948,-0.04308416833667317,-0.0941863727454908,-0.10420641282565124,-0.0941863727454908,0.005031,4466332715.0,4418575609.0,False
SHIB,1421,1422,1782388800,1782403200,0.004176,-0.05138888832817401,C,expanded,,,low,D_cont,-1,-0.007465517241379448,-0.02327011494252884,-0.011296934865900332,-0.024227969348659006,-0.013931034482758675,-0.024227969348659006,0.004203,4606510974.0,4673566775.0,False
SHIB,1421,1422,1782388800,1782403200,0.004176,-0.05138888832817401,C,expanded,,,low,D_bounce,1,0.005465517241379448,0.02127011494252884,0.00929693486590033,0.022227969348659005,0.011931034482758673,0.022227969348659005,0.004203,4606510974.0,4673566775.0,False
SHIB,1466,1467,1783036800,1783051200,0.004278,0.06760766717617805,A,normal,,,low,C_long,1,0.016531556802244052,0.02401168770453499,0.024479195885928173,0.04762085086489021,0.013960261804581653,0.04762085086489021,0.004353,5409113755.0,5368788505.0,False
SHIB,1664,1665,1785888000,1785902400,0.004874,-0.04454518960244924,A,normal,,,low,D_cont,-1,-0.005513746409519959,-0.007975789905621755,0.01048953631514149,0.03941854739433737,0.0539856380796061,0.03941854739433737,0.004896,5323200427.0,5432275035.0,False
SHIB,1664,1665,1785888000,1785902400,0.004874,-0.04454518960244924,A,normal,,,low,D_bounce,1,0.0035137464095199586,0.005975789905621754,-0.012489536315141492,-0.04141854739433737,-0.055985638079606104,-0.04141854739433737,0.004896,5323200427.0,5432275035.0,False
SHIB,1789,1790,1787688000,1787702400,0.005333,-0.040401620985504705,C,expanded,,,low,D_cont,-1,0.011938308644290352,0.02768929308081758,0.0036877929870616786,-0.018251078192387138,0.001250140633789588,-0.018251078192387138,0.005264,4346201190.0,4319559023.0,False
SHIB,1789,1790,1787688000,1787702400,0.005333,-0.040401620985504705,C,expanded,,,low,D_bounce,1,-0.013938308644290354,-0.02968929308081758,-0.005687792987061679,0.016251078192387136,-0.003250140633789588,-0.013938308644290354,0.005264,4346201190.0,4319559023.0,False
SHIB,1819,1820,1788120000,1788134400,0.005022,-0.041451442123965676,A,normal,,,low,D_cont,-1,-0.0059780963759458175,-0.002393866985264669,-0.022903624054161686,-0.03644404619673425,-0.027881720430107504,-0.03644404619673425,0.005047,4279459411.0,4240158780.0,False
SHIB,1819,1820,1788120000,1788134400,0.005022,-0.041451442123965676,A,normal,,,low,D_bounce,1,0.003978096375945817,0.000393866985264669,0.020903624054161685,0.034444046196734246,0.025881720430107502,0.034444046196734246,0.005047,4279459411.0,4240158780.0,False
SHIB,1961,1962,1790164800,1790179200,0.005598,-0.06541273589402219,A,expanded,,,low,D_cont,-1,-0.014219006788138588,-0.026008931761343335,-0.04208610217934983,-0.03440478742408015,-0.04958878170775283,-0.03440478742408015,0.005672,4924335002.0,4945141022.0,False
SHIB,1961,1962,1790164800,1790179200,0.005598,-0.06541273589402219,A,expanded,,,low,D_bounce,1,0.012219006788138587,0.024008931761343333,0.040086102179349825,0.03240478742408015,0.047588781707752825,0.03240478742408015,0.005672,4924335002.0,4945141022.0,False
SHIB,1994,1995,1790640000,1790654400,0.00575,-0.0526912903246336,A,normal,,,low,D_cont,-1,-0.003260869565217316,4.347826086959026e-05,-0.00569565217391299,0.00317391304347825,,0.00317391304347825,0.005763,4766167648.0,4663538909.0,False
SHIB,1994,1995,1790640000,1790654400,0.00575,-0.0526912903246336,A,normal,,,low,D_bounce,1,0.001260869565217316,-0.0020434782608695903,0.0036956521739129897,-0.00517391304347825,,-0.00517391304347825,0.005763,4766167648.0,4663538909.0,False
XLM,395,396,1767614400,1767628800,0.243,0.0771803486058591,B,normal,,,high,A_fade,-1,-0.03523868312757206,-0.011205761316872453,0.019411522633744793,0.001098765432098748,0.03138683127572006,-0.03523868312757206,0.25132,150923967.0,149992834.0,False
XLM,395,396,1767614400,1767628800,0.243,0.0771803486058591,B,normal,,,high,chase,1,0.033238683127572055,0.009205761316872452,-0.021411522633744795,-0.003098765432098748,-0.033386831275720064,-0.003098765432098748,0.25132,150923967.0,149992834.0,False
XLM,446,447,1768348800,1768363200,0.24381,0.060409141202928396,A,normal,,,high,A_fade,-1,0.012042943275501372,0.02607025962839915,0.04871084040851481,0.06962876830318687,0.06380456092859199,0.06962876830318687,0.24063,164461499.0,163101249.0,False
XLM,446,447,1768348800,1768363200,0.24381,0.060409141202928396,A,normal,,,high,chase,1,-0.014042943275501374,-0.028070259628399152,-0.05071084040851481,-0.07162876830318687,-0.06580456092859199,-0.014042943275501374,0.24063,164461499.0,163101249.0,False
XLM,861,862,1774324800,1774339200,0.16699,0.058818443128225706,A,normal,,,high,A_fade,-1,0.0018744236181807991,-0.041661117432181594,-0.06681232409126292,-0.06309952691777954,-0.03447505838672982,-0.06309952691777954,0.16651,164522380.0,148095538.0,False
XLM,861,862,1774324800,1774339200,0.16699,0.058818443128225706,A,normal,,,high,chase,1,-0.003874423618180799,0.03966111743218159,0.06481232409126292,0.061099526917779534,0.032475058386729816,0.061099526917779534,0.16651,164522380.0,148095538.0,False
XLM,1029,1030,1776744000,1776758400,0.18082,0.07495913978819813,A,expanded,,,high,A_fade,-1,0.02438436013715306,0.009175865501603875,0.006797809976772596,0.02283585886516981,0.02200630461232167,0.02283585886516981,0.17623,183207995.0,176295279.0,False
XLM,1029,1030,1776744000,1776758400,0.18082,0.07495913978819813,A,expanded,,,high,chase,1,-0.026384360137153062,-0.011175865501603877,-0.008797809976772597,-0.024835858865169813,-0.02400630461232167,-0.026384360137153062,0.17623,183207995.0,176295279.0,False
XLM,1233,1234,1779681600,1779696000,0.15102,0.04261780934082804,A,expanded,,,high,A_fade,-1,0.0031716328963050664,0.007806780558866412,0.007872996954045641,0.021513574361011645,0.02455952853926613,0.021513574361011645,0.15039,148326206.0,155211424.0,False
XLM,1233,1234,1779681600,1779696000,0.15102,0.04261780934082804,A,expanded,,,high,chase,1,-0.005171632896305066,-0.009806780558866413,-0.009872996954045643,-0.023513574361011647,-0.02655952853926613,-0.023513574361011647,0.15039,148326206.0,155211424.0,False
XLM,1247,1248,1779883200,1779897600,0.16513,0.29501208693226255,B,expanded,,,high,A_fade,-1,-0.0323692242475625,-0.008812026887906499,-0.2196761945134137,-0.25746460364561263,-0.4526441591473386,-0.0323692242475625,0.17031,218322555.0,197356791.0,False
XLM,1247,1248,1779883200,1779897600,0.16513,0.29501208693226255,B,expanded,,,high,chase,1,0.0303692242475625,0.006812026887906498,0.2176761945134137,0.25546460364561263,0.4506441591473386,0.25546460364561263,0.17031,218322555.0,197356791.0,False
XLM,1250,1251,1779926400,1779940800,0.16642,0.21007892086280022,B,expanded,,,high,A_fade,-1,-0.18012510515563018,-0.210229659896647,-0.24772515322677557,-0.44139177983415456,-0.5186060569643071,-0.18012510515563018,0.19623,301043095.0,231352386.0,False
XLM,1250,1251,1779926400,1779940800,0.16642,0.21007892086280022,B,expanded,,,high,chase,1,0.17812510515563018,0.208229659896647,0.24572515322677557,0.43939177983415456,0.5166060569643071,0.43939177983415456,0.19623,301043095.0,231352386.0,False
XLM,1360,1361,1781510400,1781524800,0.22448,0.08713093191447352,A,expanded,,,high,A_fade,-1,0.047868496079829015,0.04430470420527444,0.024080185317177594,-0.016502494654312083,-0.02478831076265131,-0.016502494654312083,0.21351,255022459.0,261276155.0,False
XLM,1360,1361,1781510400,1781524800,0.22448,0.08713093191447352,A,expanded,,,high,chase,1,-0.04986849607982902,-0.04630470420527444,-0.026080185317177595,0.014502494654312081,0.02278831076265131,0.014502494654312081,0.21351,255022459.0,261276155.0,False
XLM,1863,1864,1788753600,1788768000,0.19105,0.0417137131331502,A,expanded,,,high,A_fade,-1,-0.013195760272180057,-0.014242606647474454,0.011928552734886133,0.01669170374247575,0.010515310128238697,0.01669170374247575,0.19338,193291488.0,195100730.0,False
XLM,1863,1864,1788753600,1788768000,0.19105,0.0417137131331502,A,expanded,,,high,chase,1,0.011195760272180055,0.012242606647474452,-0.013928552734886135,-0.01869170374247575,-0.0125153101282387,-0.01869170374247575,0.19338,193291488.0,195100730.0,False
XLM,1970,1971,1790294400,1790308800,0.21702,0.042490694910636284,A,expanded,,,high,A_fade,-1,-0.007543175744170959,-0.01708146714588532,-0.004640217491475584,-0.0037186434430006568,-0.012842226522901234,-0.0037186434430006568,0.21844,254068478.0,283119772.0,False
XLM,1970,1971,1790294400,1790308800,0.21702,0.042490694910636284,A,expanded,,,high,chase,1,0.005543175744170959,0.015081467145885319,0.0026402174914755836,0.0017186434430006567,0.010842226522901233,0.0017186434430006567,0.21844,254068478.0,283119772.0,False
XLM,1991,1992,1790596800,1790611200,0.22683,0.06020439305100034,A,normal,,,high,A_fade,-1,-0.0004709694484855689,-0.016915002424723435,0.026068729885817654,0.0082580346515011,-0.000823656482828449,0.0082580346515011,0.22671,272493350.0,271483071.0,False
XLM,1991,1992,1790596800,1790611200,0.22683,0.06020439305100034,A,normal,,,high,chase,1,-0.0015290305515144311,0.014915002424723434,-0.028068729885817656,-0.010258034651501102,-0.001176343517171551,-0.010258034651501102,0.22671,272493350.0,271483071.0,False
XLM,78,79,1763049600,1763064000,0.26814,0.11940424353546808,warmup,na,,,low,C_long,1,0.002580219288431552,-0.02378660401282917,-0.03430349817259637,-0.032028567166405564,-0.03370679495785789,-0.032028567166405564,0.2691,125050336.0,121861862.0,False
XLM,242,243,1765411200,1765425600,0.24046,-0.054655468914478145,warmup,na,,,low,D_cont,-1,-0.0009584130416701022,-0.0001266738750727017,-0.017634783331947124,0.01783889212343015,0.007525326457622828,0.01783889212343015,0.24045,121842087.0,122674070.0,False
XLM,242,243,1765411200,1765425600,0.24046,-0.054655468914478145,warmup,na,,,low,D_bounce,1,-0.0010415869583298978,-0.0018733261249272984,0.015634783331947122,-0.019838892123430152,-0.00952532645762283,-0.019838892123430152,0.24045,121842087.0,122674070.0,False
XLM,251,252,1765540800,1765555200,0.23593,0.055551973779466524,warmup,na,,,low,C_long,1,0.012224261433476102,0.009511592421480919,0.0058240579833001025,-0.0010847709066248426,-0.02922871190607379,-0.0010847709066248426,0.23905,132582151.0,129635570.0,False
XLM,315,316,1766462400,1766476800,0.21782,0.07027787959309983,A,compressed,,,low,C_long,1,-0.005315489854007981,-0.004397300523367952,-0.017114222752731667,-0.02712248645670734,-0.02551565512808751,-0.02712248645670734,0.21688,133602690.0,138658500.0,False
XLM,356,357,1767052800,1767067200,0.2144,0.054293617617411805,A,compressed,,,low,C_long,1,-0.003098880597014907,-0.016205223880597086,-0.028145522388059785,-0.0739477611940299,-0.05594402985074631,-0.0739477611940299,0.21395,137243314.0,132565841.0,False
XLM,407,408,1767787200,1767801600,0.23513,0.04640438434447458,A,expanded,,,low,C_long,1,-0.015630204567685935,-0.022902777187088108,-0.02243495087823766,-0.01975558201845784,-0.03829851571471099,-0.01975558201845784,0.23169,135834371.0,136004316.0,False
XLM,452,453,1768435200,1768449600,0.23169,-0.04938009426871781,A,normal,,,low,D_cont,-1,0.0038772066122837465,0.02101217143597045,0.014883292330268971,0.0364206914411499,0.025846216927791432,0.0364206914411499,0.23056,149104449.0,152084514.0,False
XLM,452,453,1768435200,1768449600,0.23169,-0.04938009426871781,A,normal,,,low,D_bounce,1,-0.0058772066122837465,-0.023012171435970452,-0.016883292330268973,-0.0384206914411499,-0.027846216927791434,-0.0384206914411499,0.23056,149104449.0,152084514.0,False
XLM,578,579,1770249600,1770264000,0.16375,0.07240455937958878,C,expanded,,,low,C_long,1,-0.058587786259541974,-0.08790076335877872,-0.07452671755725193,-0.0001450381679389814,-0.03251145038167935,-0.058587786259541974,0.15432,177250644.0,169981282.0,False
XLM,680,681,1771718400,1771732800,0.15571,0.05070731311093235,A,compressed,,,low,C_long,1,-0.010183739001990766,-0.004275319504206453,-0.01737659752103271,-0.034844968210134164,-0.04300115599511911,-0.034844968210134164,0.15428,167052640.0,172871647.0,False
XLM,884,885,1774656000,1774670400,0.16642,-0.041707089996607105,A,normal,,,low,D_cont,-1,-0.021550414613627944,-0.02563646196370628,-0.010253695469294555,0.013361254656892196,-0.027859752433601614,0.013361254656892196,0.16984,173305401.0,177430788.0,False
XLM,884,885,1774656000,1774670400,0.16642,-0.041707089996607105,A,normal,,,low,D_bounce,1,0.019550414613627942,0.02363646196370628,0.008253695469294553,-0.015361254656892198,0.025859752433601613,-0.015361254656892198,0.16984,173305401.0,177430788.0,False
XLM,942,943,1775491200,1775505600,0.15546,-0.04198045418182883,B,compressed,,,low,D_cont,-1,-0.0009356747716455774,0.0044033191817829396,-0.05220288177023036,-0.04532008233629237,-0.014636948411166917,-0.04532008233629237,0.15545,154246757.0,152571497.0,False
XLM,942,943,1775491200,1775505600,0.15546,-0.04198045418182883,B,compressed,,,low,D_bounce,1,-0.0010643252283544227,-0.00640331918178294,0.050202881770230356,0.043320082336292365,0.012636948411166915,0.043320082336292365,0.15545,154246757.0,152571497.0,False
XLM,964,965,1775808000,1775822400,0.15357,0.050748843344340155,A,normal,,,low,C_long,1,0.008767532721234539,-0.00028371426710937977,0.0036232988213843473,-0.014153610731262756,-0.02196763690825032,-0.014153610731262756,0.15507,164620382.0,160342317.0,False
XLM,1280,1281,1780358400,1780372800,0.22994,0.053918126509839626,A,expanded,,,low,C_long,1,-0.05162190136557365,-0.04901252500652342,-0.0009130207880317922,-0.07136618248238669,-0.09524197616769592,-0.07136618248238669,0.2183,328455947.0,331732843.0,False
XLM,1293,1294,1780545600,1780560000,0.20593,0.042549009419532435,C,expanded,,,low,C_long,1,0.01580182586315726,-0.02231792356626039,-0.07995886951876852,-0.014742533870732766,-0.04125639780507939,-0.014742533870732766,0.20939,293279956.0,304054479.0,False
XLM,1406,1407,1782172800,1782187200,0.19567,0.06767779005260888,B,compressed,,,low,C_long,1,-0.015412020238156132,-0.009125926304492271,-0.023793478816374614,-0.060998977870905136,-0.04592257372106112,-0.060998977870905136,0.19285,254380309.0,254560697.0,False
XLM,1426,1427,1782460800,1782475200,0.17809,0.06928255605580746,C,compressed,,,low,C_long,1,-0.0030214498287383087,-0.024808186871806304,0.0019760233589757323,-0.02722269638946606,-0.04165360211129199,-0.02722269638946606,0.17773,261580302.0,257968975.0,False
XLM,1586,1587,1784764800,1784779200,0.18359,-0.044961139918563764,A,compressed,,,low,D_cont,-1,0.005155019336565148,0.0035754126041723797,-0.004867313034478848,0.03189939539190578,0.03620246200773469,0.03189939539190578,0.18246,211125913.0,212401205.0,False
XLM,1586,1587,1784764800,1784779200,0.18359,-0.044961139918563764,A,compressed,,,low,D_bounce,1,-0.0071550193365651485,-0.00557541260417238,0.0028673130344788475,-0.033899395391905784,-0.038202462007734694,-0.033899395391905784,0.18246,211125913.0,212401205.0,False
XLM,1595,1596,1784894400,1784908800,0.17755,-0.06811447119558545,A,compressed,,,low,D_cont,-1,-0.009279357927344356,0.0034494508589130177,-0.0093920022528865,-0.003365530836383911,-0.01265868769360734,-0.003365530836383911,0.17902,206061998.0,201776680.0,False
XLM,1595,1596,1784894400,1784908800,0.17755,-0.06811447119558545,A,compressed,,,low,D_bounce,1,0.007279357927344355,-0.005449450858913018,0.007392002252886499,0.0013655308363839111,0.010658687693607338,0.0013655308363839111,0.17902,206061998.0,201776680.0,False
XRP,56,57,1762732800,1762747200,2.4793,0.04845969456745447,warmup,na,,,high,A_fade,-1,-0.021086314685596963,-0.028709434114467913,0.012148872665671773,0.024975073609486587,0.04219767676360264,-0.021086314685596963,2.5291,206045521.8,192279754.1,False
XRP,56,57,1762732800,1762747200,2.4793,0.04845969456745447,warmup,na,,,high,chase,1,0.01908631468559696,0.02670943411446791,-0.014148872665671774,-0.02697507360948659,-0.044197676763602645,-0.02697507360948659,2.5291,206045521.8,192279754.1,False
XRP,74,75,1762992000,1763006400,2.4863,0.05055278261680107,warmup,na,,,high,A_fade,-1,0.020397256968185618,0.06850086473876849,0.07151739532638857,0.06962703615814658,0.08028544423440465,0.06962703615814658,2.4331,214641006.0,201923297.6,False
XRP,74,75,1762992000,1763006400,2.4863,0.05055278261680107,warmup,na,,,high,chase,1,-0.02239725696818562,-0.07050086473876849,-0.07351739532638857,-0.07162703615814658,-0.08228544423440465,-0.02239725696818562,2.4331,214641006.0,201923297.6,False
XRP,140,141,1763942400,1763956800,2.0619,0.04344392681431808,warmup,na,,,high,A_fade,-1,-0.0144827101217323,-0.08436970755128759,-0.07563989524225245,-0.05396086134148115,-0.07015951307046897,-0.0144827101217323,2.0897,223174009.3,219909045.8,False
XRP,140,141,1763942400,1763956800,2.0619,0.04344392681431808,warmup,na,,,high,chase,1,0.012482710121732299,0.08236970755128759,0.07363989524225245,0.051960861341481146,0.06815951307046897,0.051960861341481146,2.0897,223174009.3,219909045.8,False
XRP,233,234,1765281600,1765296000,2.1323,0.05299423694442584,warmup,na,,,high,A_fade,-1,0.02254265347277573,0.021932983163719832,0.02943661773671613,0.058419406274914376,0.05630900905125913,0.058419406274914376,2.0821,227532984.4,233127295.7,False
XRP,233,234,1765281600,1765296000,2.1323,0.05299423694442584,warmup,na,,,high,chase,1,-0.024542653472775733,-0.023932983163719834,-0.03143661773671613,-0.06041940627491438,-0.05830900905125913,-0.06041940627491438,2.0821,227532984.4,233127295.7,False
XRP,398,399,1767657600,1767672000,2.3297,0.051362827004397094,B,expanded,,,high,A_fade,-1,-0.008940936601279037,0.04308292913250633,0.02071953470403909,0.05772000686783707,0.08965544919946766,0.05772000686783707,2.3482,262616258.0,275073283.7,False
XRP,398,399,1767657600,1767672000,2.3297,0.051362827004397094,B,expanded,,,high,chase,1,0.006940936601279036,-0.04508292913250633,-0.02271953470403909,-0.05972000686783707,-0.09165544919946766,-0.05972000686783707,2.3482,262616258.0,275073283.7,False
XRP,638,639,1771113600,1771128000,1.6482,0.044452163358069674,B,expanded,,,high,A_fade,-1,0.07532568863002065,0.11737155684989686,0.11300315495692281,0.10444836791651513,0.10590450188083977,0.10444836791651513,1.5224,271317366.3,272108158.8,False
XRP,638,639,1771113600,1771128000,1.6482,0.044452163358069674,B,expanded,,,high,chase,1,-0.07732568863002065,-0.11937155684989686,-0.11500315495692282,-0.10644836791651513,-0.10790450188083978,-0.10644836791651513,1.5224,271317366.3,272108158.8,False
XRP,741,742,1772596800,1772611200,1.3984,0.04887917555223442,A,normal,,,high,A_fade,-1,-0.04204691075514877,-0.0237402745995422,-0.027458810068649808,-0.004217963386727751,0.0020749427917621252,-0.04204691075514877,1.4558,285262883.4,275004267.6,False
XRP,741,742,1772596800,1772611200,1.3984,0.04887917555223442,A,normal,,,high,chase,1,0.04004691075514877,0.021740274599542198,0.025458810068649806,0.0022179633867277513,-0.004074942791762125,0.0022179633867277513,1.4558,285262883.4,275004267.6,False
XRP,812,813,1773619200,1773633600,1.4823,0.0452234724749454,B,compressed,,,high,A_fade,-1,-0.00781373541118524,-0.03270748161640713,-0.03264001888956358,-0.03473136342170957,-0.02582628347837812,-0.03473136342170957,1.4924,306194952.0,311803827.3,False
XRP,812,813,1773619200,1773633600,1.4823,0.0452234724749454,B,compressed,,,high,chase,1,0.00581373541118524,0.03070748161640713,0.03064001888956358,0.03273136342170957,0.02382628347837812,0.03273136342170957,1.4924,306194952.0,311803827.3,False
XRP,996,997,1776268800,1776283200,1.3915,0.050685359006579,A,compressed,,,high,A_fade,-1,-0.01084549047790151,-0.013288896873877243,-0.04455012576356443,-0.04052569169960474,-0.060935321595400826,-0.04052569169960474,1.4052,292615220.2,290861337.1,False
XRP,996,997,1776268800,1776283200,1.3915,0.050685359006579,A,compressed,,,high,chase,1,0.008845490477901508,0.011288896873877241,0.04255012576356443,0.038525691699604736,0.058935321595400825,0.038525691699604736,1.4052,292615220.2,290861337.1,False
XRP,1145,1146,1778414400,1778428800,1.4863,0.05668923489236022,A,normal,,,high,A_fade,-1,0.024768687344412288,0.024163156832402555,0.00431521227208509,0.015282042656260542,0.030083899616497378,0.015282042656260542,1.448,291778278.5,294905915.3,False
XRP,1145,1146,1778414400,1778428800,1.4863,0.05668923489236022,A,normal,,,high,chase,1,-0.02676868734441229,-0.026163156832402557,-0.00631521227208509,-0.017282042656260543,-0.03208389961649738,-0.017282042656260543,1.448,291778278.5,294905915.3,False
XRP,1169,1170,1778760000,1778774400,1.5164,0.04713621426790349,A,expanded,,,high,A_fade,-1,0.01759667633869688,0.03039013452914785,0.05347111580058028,0.06527538907939856,0.06560511738327612,0.06527538907939856,1.4882,316656191.3,312193930.2,False
XRP,1169,1170,1778760000,1778774400,1.5164,0.04713621426790349,A,expanded,,,high,chase,1,-0.019596676338696883,-0.03239013452914785,-0.055471115800580284,-0.06727538907939856,-0.06760511738327613,-0.019596676338696883,1.4882,316656191.3,312193930.2,False
XRP,78,79,1763049600,1763064000,2.3211,-0.04681643031434535,warmup,na,,,low,D_cont,-1,0.005505536168196047,0.021963250183102856,0.03256167334453497,0.026831631554004587,0.035749816897160946,0.026831631554004587,2.306,195877197.9,204592280.3,False
XRP,78,79,1763049600,1763064000,2.3211,-0.04681643031434535,warmup,na,,,low,D_bounce,1,-0.007505536168196047,-0.023963250183102858,-0.03456167334453497,-0.02883163155400459,-0.03774981689716095,-0.02883163155400459,2.306,195877197.9,204592280.3,False
XRP,81,82,1763092800,1763107200,2.2678,-0.04727723312681442,warmup,na,,,low,D_cont,-1,-0.01991701208219443,0.009847517417761686,0.003982802716288814,0.013110591762942048,0.013816121351089117,-0.01991701208219443,2.3107,205638962.4,192226106.2,False
XRP,81,82,1763092800,1763107200,2.2678,-0.04727723312681442,warmup,na,,,low,D_bounce,1,0.017917012082194428,-0.011847517417761688,-0.0059828027162888145,-0.01511059176294205,-0.01581612135108912,-0.01511059176294205,2.3107,205638962.4,192226106.2,False
XRP,112,113,1763539200,1763553600,2.0849,0.08299440860878726,warmup,na,,,low,C_long,1,0.010175595951844252,0.02207065087054516,-0.00104796393112394,-0.05184176699122267,-0.08479298767326982,-0.05184176699122267,2.1082,229811344.8,227893166.7,False
XRP,120,121,1763654400,1763668800,1.9989,0.041600047852920596,warmup,na,,,low,C_long,1,-0.04142223222772523,-0.06303411876532083,-0.02546345490019508,-0.042472810045525056,-0.025613537445595025,-0.042472810045525056,1.9181,213442143.1,229905083.3,False
XRP,122,123,1763683200,1763697600,1.9181,-0.07160755196751245,warmup,na,,,low,D_cont,-1,0.003118659089724197,-0.016014858453678227,-0.01867373963818364,-0.005431468640842651,-0.05678436994942915,-0.005431468640842651,1.9102,219889532.4,213442143.1,False
XRP,122,123,1763683200,1763697600,1.9181,-0.07160755196751245,warmup,na,,,low,D_bounce,1,-0.005118659089724197,0.014014858453678225,0.016673739638183638,0.0034314686408426507,0.054784369949429146,0.0034314686408426507,1.9102,219889532.4,213442143.1,False
XRP,269,270,1765800000,1765814400,1.8945,0.10487542659748672,B,compressed,,,low,C_long,1,-0.013193190815518618,-0.011662443916600651,0.015521509633148578,0.013726840855106892,-0.017152019002375396,-0.013193190815518618,1.8714,264081759.4,254372356.7,False
XRP,365,366,1767182400,1767196800,1.8272,0.07473942672586387,A,compressed,,,low,C_long,1,0.0024478984238177634,0.006716725043782846,0.024229859894921213,0.02313528896672501,0.08864535901926451,0.02313528896672501,1.8335,230573390.9,227694980.2,False
XRP,476,477,1768780800,1768795200,1.9617,-0.042801084021528046,B,normal,,,low,D_cont,-1,-0.010532548299943989,-0.026946882805729655,0.005830810011724586,0.029687668858643046,0.026017382882194018,0.029687668858643046,1.9804,224302513.0,226825924.7,False
XRP,476,477,1768780800,1768795200,1.9617,-0.042801084021528046,B,normal,,,low,D_bounce,1,0.008532548299943987,0.024946882805729653,-0.007830810011724587,-0.03168766885864305,-0.02801738288219402,-0.03168766885864305,1.9804,224302513.0,226825924.7,False
XRP,575,576,1770206400,1770220800,1.5538,0.04509736930833208,C,expanded,,,low,C_long,1,-0.07269519886729314,-0.07964590037327846,-0.2205263225640367,-0.16994066160381016,-0.06419989702664441,-0.07269519886729314,1.4424,264242095.7,227113598.8,False
XRP,578,579,1770249600,1770264000,1.4316,0.16895008493396824,C,expanded,,,low,C_long,1,-0.09578904721989379,-0.1539058396200057,-0.09900223526124619,0.0157644593461862,-0.014062307907236615,-0.09578904721989379,1.2959,321500503.0,273642930.3,False
XRP,664,665,1771488000,1771502400,1.3966,0.05327346682681067,A,normal,,,low,C_long,1,0.005659029070599898,0.010026779321208656,0.021769583273664517,0.019478304453673156,0.03666289560360869,0.019478304453673156,1.4059,263450562.4,261441823.1,False
XRP,686,687,1771804800,1771819200,1.3703,0.06355421315119125,B,normal,,,low,C_long,1,-0.0012919068817048842,-0.010924833977961068,-0.03340166386922572,-0.011873531343501553,-0.004794789462161607,-0.011873531343501553,1.3699,286247270.2,281688269.9,False
XRP,717,718,1772251200,1772265600,1.2922,0.04064066446375847,A,normal,,,low,C_long,1,0.04620631481194859,0.0632315431047824,0.06338631790744464,0.045122891193313586,0.04434901718000306,0.045122891193313586,1.3532,278409343.4,284370920.2,False
XRP,880,881,1774598400,1774612800,1.3347,-0.06421612142433164,A,compressed,,,low,D_cont,-1,0.006267550760470587,0.005143702704727638,-0.014411253465198226,-0.003322619315201946,0.0063424739641867465,-0.003322619315201946,1.325,254680313.5,251174625.9,False
XRP,880,881,1774598400,1774612800,1.3347,-0.06421612142433164,A,compressed,,,low,D_bounce,1,-0.008267550760470588,-0.007143702704727638,0.012411253465198224,0.0013226193152019458,-0.008342473964186747,0.0013226193152019458,1.325,254680313.5,251174625.9,False
XRP,933,934,1775361600,1775376000,1.2979,0.041293668957665064,A,compressed,,,low,C_long,1,0.00038685568996077533,0.02057331073272206,0.0385253871638801,0.016181601047846494,0.00477856537483612,0.016181601047846494,1.2997,285956844.5,277611667.4,False
XRP,1670,1671,1785974400,1785988800,1.0487,0.06356921902509538,A,normal,,,low,C_long,1,-0.001,-0.014731286354534134,-0.020643367979403027,-0.025315819586154142,-0.014826642509773946,-0.025315819586154142,1.0487,324973486.4,326213937.8,False
XRP,1701,1702,1786420800,1786435200,1.0077,0.0545028505896612,A,compressed,,,low,C_long,1,0.006343455393470144,0.013587674903244973,0.013190731368462827,-0.0035801329760840597,-0.005068671231517329,-0.0035801329760840597,1.0151,385257864.5,385135017.4,False
XRP,1805,1806,1787918400,1787932800,1.3779,-0.05773669836378115,A,expanded,,,low,D_cont,-1,-0.0016531678641412686,-0.0039029682850714167,-0.014643950939836059,-0.01065236954786275,-0.02451404310907923,-0.01065236954786275,1.3788,304286399.6,305121850.6,False
XRP,1805,1806,1787918400,1787932800,1.3779,-0.05773669836378115,A,expanded,,,low,D_bounce,1,-0.0003468321358587314,0.0019029682850714167,0.012643950939836057,0.008652369547862748,0.02251404310907923,0.008652369547862748,1.3788,304286399.6,305121850.6,False
XRP,1961,1962,1790164800,1790179200,1.4927,-0.05990197579608758,A,normal,,,low,D_cont,-1,-0.0014689488845717183,-0.009776043411268254,-0.024380451530783165,-0.02860099149192752,-0.05372325316540494,-0.02860099149192752,1.4934,322903915.3,335207488.0,False
XRP,1961,1962,1790164800,1790179200,1.4927,-0.05990197579608758,A,normal,,,low,D_bounce,1,-0.0005310511154282818,0.007776043411268253,0.022380451530783163,0.026600991491927517,0.05172325316540494,0.026600991491927517,1.4934,322903915.3,335207488.0,False
XTZ,35,36,1762430400,1762444800,0.602,0.4462302979245294,warmup,na,,,high,A_fade,-1,-0.030900332225913707,-0.08239534883720945,-0.15714617940199338,-0.1621295681063123,-0.07076744186046524,-0.1621295681063123,0.62,20262493.8,20458828.2,False
XTZ,35,36,1762430400,1762444800,0.602,0.4462302979245294,warmup,na,,,high,chase,1,0.028900332225913705,0.08039534883720945,0.15514617940199338,0.1601295681063123,0.06876744186046524,0.1601295681063123,0.62,20262493.8,20458828.2,False
XTZ,38,39,1762473600,1762488000,0.651,0.11027852285401529,warmup,na,,,high,A_fade,-1,0.003608294930875556,-0.07012442396313345,-0.07473271889400912,0.009752688172043,0.03586635944700467,0.009752688172043,0.648,20775370.2,22025887.2,False
XTZ,38,39,1762473600,1762488000,0.651,0.11027852285401529,warmup,na,,,high,chase,1,-0.005608294930875556,0.06812442396313345,0.07273271889400912,-0.011752688172043002,-0.03786635944700467,-0.011752688172043002,0.648,20775370.2,22025887.2,False
XTZ,245,246,1765454400,1765468800,0.505,0.0576119410966065,warmup,na,,,high,A_fade,-1,0.01088118811881189,0.008900990099009909,0.036623762376237656,0.012861386138613873,0.006920792079207928,0.012861386138613873,0.499,16026217.3,15585508.1,False
XTZ,245,246,1765454400,1765468800,0.505,0.0576119410966065,warmup,na,,,high,chase,1,-0.012881188118811893,-0.01090099009900991,-0.03862376237623766,-0.014861386138613875,-0.008920792079207929,-0.012881188118811893,0.499,16026217.3,15585508.1,False
XTZ,335,336,1766750400,1766764800,0.476,0.1189357680109484,A,normal,,,high,A_fade,-1,0.007403361344537785,0.00950420168067223,-0.007302521008403339,-0.03671428571428581,-0.03041176470588247,-0.03671428571428581,0.472,17797865.7,18114005.7,False
XTZ,335,336,1766750400,1766764800,0.476,0.1189357680109484,A,normal,,,high,chase,1,-0.009403361344537786,-0.011504201680672232,0.005302521008403339,0.03471428571428581,0.02841176470588247,0.03471428571428581,0.472,17797865.7,18114005.7,False
XTZ,488,489,1768953600,1768968000,0.598,0.045361101073919885,A,expanded,,,high,A_fade,-1,0.0023444816053511683,-0.002672240802675695,0.005688963210702337,0.037461538461538546,0.02408361204013376,0.037461538461538546,0.596,14501413.5,14688158.4,False
XTZ,488,489,1768953600,1768968000,0.598,0.045361101073919885,A,expanded,,,high,chase,1,-0.004344481605351168,0.0006722408026756952,-0.007688963210702337,-0.03946153846153855,-0.026083612040133763,-0.03946153846153855,0.596,14501413.5,14688158.4,False
XTZ,722,723,1772323200,1772337600,0.389,0.12338227411721747,A,normal,,,high,A_fade,-1,0.03498971722365041,0.05041388174807204,0.045272493573264794,0.027277634961439645,0.04784318766066842,0.027277634961439645,0.375,13708991.2,13994416.5,False
XTZ,722,723,1772323200,1772337600,0.389,0.12338227411721747,A,normal,,,high,chase,1,-0.03698971722365041,-0.052413881748072044,-0.047272493573264796,-0.029277634961439647,-0.04984318766066842,-0.029277634961439647,0.375,13708991.2,13994416.5,False
XTZ,1268,1269,1780185600,1780200000,0.3305,0.07465554591125056,A,expanded,,,high,A_fade,-1,0.011102874432677767,0.01382602118003029,0.0455960665658095,0.036216338880484256,0.054975794251134635,0.036216338880484256,0.3265,13948121.4,14164982.2,False
XTZ,1268,1269,1780185600,1780200000,0.3305,0.07465554591125056,A,expanded,,,high,chase,1,-0.013102874432677769,-0.015826021180030292,-0.0475960665658095,-0.03821633888048426,-0.05697579425113464,-0.03821633888048426,0.3265,13948121.4,14164982.2,False
XTZ,1479,1480,1783224000,1783238400,0.2463,0.11408986553857492,B,normal,,,high,A_fade,-1,-0.04566098254161577,-0.029420625253755772,-0.00668412505075111,-0.010338205440519777,0.004684125050750999,-0.04566098254161577,0.2573,12415717.1,10518418.1,False
XTZ,1479,1480,1783224000,1783238400,0.2463,0.11408986553857492,B,normal,,,high,chase,1,0.04366098254161577,0.02742062525375577,0.00468412505075111,0.008338205440519775,-0.006684125050750999,0.008338205440519775,0.2573,12415717.1,10518418.1,False
XTZ,1766,1767,1787356800,1787371200,0.2393,0.08054690612464,C,expanded,,,high,A_fade,-1,0.02073004596740502,0.01571541997492687,0.061264939406602714,0.02114793146677807,0.04120643543669045,0.02114793146677807,0.2341,11820531.5,11587806.2,False
XTZ,1766,1767,1787356800,1787371200,0.2393,0.08054690612464,C,expanded,,,high,chase,1,-0.02273004596740502,-0.01771541997492687,-0.06326493940660272,-0.02314793146677807,-0.04320643543669045,-0.02273004596740502,0.2341,11820531.5,11587806.2,False
XTZ,1934,1935,1789776000,1789790400,0.3462,0.48272826342421493,B,expanded,,,high,A_fade,-1,-0.06050317735413058,-0.044905257076834126,0.003043905257076874,0.0007331022530329143,0.016619872905834776,0.0007331022530329143,0.3668,19813001.3,20410655.6,False
XTZ,1934,1935,1789776000,1789790400,0.3462,0.48272826342421493,B,expanded,,,high,chase,1,0.058503177354130576,0.042905257076834125,-0.005043905257076874,-0.0027331022530329143,-0.018619872905834778,-0.0027331022530329143,0.3668,19813001.3,20410655.6,False
XTZ,1972,1973,1790323200,1790337600,0.3262,0.04101625007054488,A,normal,,,high,A_fade,-1,-0.017860821581851538,-0.0003868792152054148,-0.025218270999387005,0.011568976088289329,0.007277130594727122,0.011568976088289329,0.3317,14532276.8,14893309.6,False
XTZ,1972,1973,1790323200,1790337600,0.3262,0.04101625007054488,A,normal,,,high,chase,1,0.015860821581851536,-0.0016131207847945852,0.023218270999387003,-0.01356897608828933,-0.009277130594727123,-0.01356897608828933,0.3317,14532276.8,14893309.6,False
XTZ,50,51,1762646400,1762660800,0.627,-0.05269782426861935,warmup,na,,,low,D_cont,-1,-0.007379585326953707,-0.012164274322169155,-0.026518341307815052,0.0005948963317384823,0.02451834130781505,0.0005948963317384823,0.631,15082296.5,15171828.9,False
XTZ,50,51,1762646400,1762660800,0.627,-0.05269782426861935,warmup,na,,,low,D_bounce,1,0.005379585326953707,0.010164274322169153,0.02451834130781505,-0.0025948963317384824,-0.026518341307815052,-0.0025948963317384824,0.631,15082296.5,15171828.9,False
XTZ,182,183,1764547200,1764561600,0.46,0.05203410305865108,warmup,na,,,low,C_long,1,-0.001,0.0011739130434783593,0.0011739130434783593,0.05334782608695654,0.08378260869565202,0.05334782608695654,0.46,15213709.4,15498188.2,False
XTZ,242,243,1765411200,1765425600,0.496,0.04185274342681411,warmup,na,,,low,C_long,1,0.037306451612903246,0.017145161290322508,0.007064516129032251,-0.021161290322580628,0.0030322580645162365,-0.021161290322580628,0.515,16050170.6,14592286.0,False
XTZ,506,507,1769212800,1769227200,0.58,-0.043688964425317,A,expanded,,,low,D_cont,-1,-0.006172413793103514,0.011068965517241347,0.004172413793103403,0.03175862068965496,0.0024482758620689724,0.03175862068965496,0.583,12315794.8,12504175.9,False
XTZ,506,507,1769212800,1769227200,0.58,-0.043688964425317,A,expanded,,,low,D_bounce,1,0.004172413793103514,-0.013068965517241349,-0.006172413793103403,-0.03375862068965496,-0.004448275862068972,-0.03375862068965496,0.583,12315794.8,12504175.9,False
XTZ,516,517,1769356800,1769371200,0.561,0.041100502591643995,A,normal,,,low,C_long,1,0.029303030303030053,0.034650623885917775,0.006130124777183333,-0.006347593582887722,0.015042780748662943,-0.006347593582887722,0.578,12736149.9,12827561.6,False
XTZ,983,984,1776081600,1776096000,0.346,0.050455012711693836,A,normal,,,low,C_long,1,0.013450867052023141,0.007670520231213841,-0.006780346820809301,-0.00967052023121373,0.030791907514450823,-0.00967052023121373,0.351,12679556.7,12666171.2,False
XTZ,1044,1045,1776960000,1776974400,0.3739,0.053852402596025195,A,normal,,,low,C_long,1,-0.0001976464295266869,0.004883926183471555,-0.007151377373629363,-0.012232949986627495,-0.014372559507889848,-0.012232949986627495,0.3742,11539973.8,12201706.3,False
XTZ,1340,1341,1781222400,1781236800,0.233,-0.0438190990528482,C,expanded,,,low,D_cont,-1,-0.007437768240343145,-0.0057210300429183505,-0.012158798283261718,-0.022030042918454895,0.007583690987124526,-0.022030042918454895,0.2345,10705768.6,10933666.8,False
XTZ,1340,1341,1781222400,1781236800,0.233,-0.0438190990528482,C,expanded,,,low,D_bounce,1,0.005437768240343145,0.0037210300429183505,0.010158798283261716,0.020030042918454893,-0.009583690987124527,0.020030042918454893,0.2345,10705768.6,10933666.8,False
