,BOOK,CS72,FLUSH_B,BTC
2021-12-01 00:00:00+00:00,0.0,0.0,0.0,0.0
2021-12-02 00:00:00+00:00,0.0,0.0,0.0,-0.012160961969638118
2021-12-03 00:00:00+00:00,0.0,0.0,0.0,-0.051342889858134955
2021-12-04 00:00:00+00:00,0.0,0.0,0.0,-0.08349511303439527
2021-12-05 00:00:00+00:00,0.0,0.0,0.0,0.004903566981699248
2021-12-06 00:00:00+00:00,0.0,0.0,0.0,0.021227058971253543
2021-12-07 00:00:00+00:00,0.0,0.0,0.0,0.0030239136677405742
2021-12-08 00:00:00+00:00,0.0,0.0,0.0,-0.0024040476736552074
2021-12-09 00:00:00+00:00,0.0,0.0,0.0,-0.057790402296196586
2021-12-10 00:00:00+00:00,0.0,0.0,0.0,-0.008485739095022815
2021-12-11 00:00:00+00:00,0.0,0.0,0.0,0.047623543189067474
2021-12-12 00:00:00+00:00,0.0,0.0,0.0,0.013686599036272007
2021-12-13 00:00:00+00:00,0.0,0.0,0.0,-0.06746467677554058
2021-12-14 00:00:00+00:00,0.0,0.0,0.0,0.03522091828329654
2021-12-15 00:00:00+00:00,0.0,0.0,0.0,0.01130782939505881
2021-12-16 00:00:00+00:00,0.0,0.0,0.0,-0.02549555478071841
2021-12-17 00:00:00+00:00,0.0,0.0,0.0,-0.03147896565843211
2021-12-18 00:00:00+00:00,0.0,0.0,0.0,0.014973551408737906
2021-12-19 00:00:00+00:00,0.0,0.0,0.0,-0.0031476425041957468
2021-12-20 00:00:00+00:00,0.0,0.0,0.0,0.004917864526985394
2021-12-21 00:00:00+00:00,0.0,0.0,0.0,0.042155403178036455
2021-12-22 00:00:00+00:00,0.0,0.0,0.0,-0.006249801790889631
2021-12-23 00:00:00+00:00,0.0,0.0,0.0,0.04628874510008196
2021-12-24 00:00:00+00:00,0.0,0.0,0.0,-0.00018438377643148485
2021-12-25 00:00:00+00:00,0.0,0.0,0.0,-0.007969327996961262
2021-12-26 00:00:00+00:00,0.0,0.0,0.0,0.007183806566351203
2021-12-27 00:00:00+00:00,0.0,0.0,0.0,-0.0011427000064807569
2021-12-28 00:00:00+00:00,0.0,0.0,0.0,-0.06282455610309445
2021-12-29 00:00:00+00:00,0.0,0.0,0.0,-0.02284182725359163
2021-12-30 00:00:00+00:00,0.0,0.0,0.0,0.014180212393085201
2021-12-31 00:00:00+00:00,0.0,0.0,0.0,-0.018780329639949134
2022-01-01 00:00:00+00:00,0.0,0.0,0.0,0.03232572814525514
2022-01-02 00:00:00+00:00,0.0,0.0,0.0,-0.00889541519798509
2022-01-03 00:00:00+00:00,0.0,0.0,0.0,-0.017643612521150653
2022-01-04 00:00:00+00:00,0.0,0.0,0.0,-0.013185042956512127
2022-01-05 00:00:00+00:00,0.0,0.0,0.0,-0.052619464137740435
2022-01-06 00:00:00+00:00,0.0,0.0,0.0,-0.007868878433796578
2022-01-07 00:00:00+00:00,0.0,0.0,0.0,-0.03542594349444217
2022-01-08 00:00:00+00:00,0.0,0.0,0.0,0.0032293028854599726
2022-01-09 00:00:00+00:00,0.0,0.0,0.0,0.003914071298609434
2022-01-10 00:00:00+00:00,0.0,0.0,0.0,-0.0011868232276143198
2022-01-11 00:00:00+00:00,0.0,0.0,0.0,0.02150948948065312
2022-01-12 00:00:00+00:00,0.0,0.0,0.0,0.027635157098200747
2022-01-13 00:00:00+00:00,0.0,0.0,0.0,-0.030683179309728748
2022-01-14 00:00:00+00:00,0.0,0.0,0.0,0.011945177447294286
2022-01-15 00:00:00+00:00,0.0,0.0,0.0,0.0006530769659685021
2022-01-16 00:00:00+00:00,0.0,0.0,0.0,-0.00022869476121822885
2022-01-17 00:00:00+00:00,0.0,0.0,0.0,-0.02053661044675137
2022-01-18 00:00:00+00:00,0.0,0.0,0.0,0.0038229964951914663
2022-01-19 00:00:00+00:00,0.0,0.0,0.0,-0.016054058829059303
2022-01-20 00:00:00+00:00,0.0,0.0,0.0,-0.023913837210669975
2022-01-21 00:00:00+00:00,0.0,0.0,0.0,-0.10416955124098382
2022-01-22 00:00:00+00:00,0.0,0.0,0.0,-0.03794681707945813
2022-01-23 00:00:00+00:00,0.00495000000000001,0.0,0.00495000000000001,0.03385141935518843
2022-01-24 00:00:00+00:00,-0.0013533011592616884,0.0,-0.0013533011592616884,0.011545677188606884
2022-01-25 00:00:00+00:00,0.0022020944808138765,0.0,0.0022020944808138765,0.007802542600190865
2022-01-26 00:00:00+00:00,-0.0018165231354145828,0.0,-0.0018165231354145828,-0.003975441771406851
2022-01-27 00:00:00+00:00,-0.002325681729234197,0.0,-0.002325681729234197,0.00933933139662102
2022-01-28 00:00:00+00:00,0.004452706380100313,0.0,0.004452706380100313,0.015222051654951274
2022-01-29 00:00:00+00:00,0.004949815925938461,0.0,0.004949815925938461,0.012038345499454817
2022-01-30 00:00:00+00:00,0.0006173177420132347,0.0,0.0006173177420132347,-0.007339447617444872
2022-01-31 00:00:00+00:00,0.0,0.0,0.0,0.015025874035945463
2022-02-01 00:00:00+00:00,0.0,0.0,0.0,0.006281894657098608
2022-02-02 00:00:00+00:00,0.0,0.0,0.0,-0.04623723937455848
2022-02-03 00:00:00+00:00,0.0,0.0,0.0,0.010783629960183783
2022-02-04 00:00:00+00:00,0.0,0.0,0.0,0.11424392582863008
2022-02-05 00:00:00+00:00,-0.0001284963135358419,0.0,-0.0001284963135358419,-0.004219253910950571
2022-02-06 00:00:00+00:00,0.007325231136742216,0.0,0.007325231136742216,0.023846946043583506
2022-02-07 00:00:00+00:00,0.008322029767076522,0.0,0.008322029767076522,0.03466933891389212
2022-02-08 00:00:00+00:00,-0.006346107574478954,0.0,-0.006346107574478954,0.004370979778913986
2022-02-09 00:00:00+00:00,0.0,0.0,0.0,0.007644207146632942
2022-02-10 00:00:00+00:00,-0.0038297971899438066,0.0,-0.0038297971899438066,-0.019991622721271973
2022-02-11 00:00:00+00:00,-0.00652880279911161,0.0,-0.00652880279911161,-0.025425746509938008
2022-02-12 00:00:00+00:00,0.004191347119210764,0.0,0.004191347119210764,-0.003921304819902716
2022-02-13 00:00:00+00:00,0.0004829362398197645,0.0,0.0004829362398197645,-0.003761622962345723
2022-02-14 00:00:00+00:00,-0.00043344770407061084,0.0,-0.00043344770407061084,0.01151277332459899
2022-02-15 00:00:00+00:00,0.0049769547622435795,0.0,0.0049769547622435795,0.0471358824450665
2022-02-16 00:00:00+00:00,-0.001757631025919859,0.0,-0.001757631025919859,-0.015021468865653476
2022-02-17 00:00:00+00:00,-0.001375334219920421,0.0,-0.001375334219920421,-0.07681135959982399
2022-02-18 00:00:00+00:00,0.0015247885516422865,0.0,0.0015247885516422865,-0.012963150472812823
2022-02-19 00:00:00+00:00,0.0037325000146057885,0.0,0.0037325000146057885,0.0021467818289178098
2022-02-20 00:00:00+00:00,-0.0038354336644285114,0.0,-0.0038354336644285114,-0.042057194788852614
2022-02-21 00:00:00+00:00,-0.009361814809118685,0.0,-0.009361814809118685,-0.03601168679189215
2022-02-22 00:00:00+00:00,-0.002141621284892481,0.0,-0.002141621284892481,0.033136504228581165
2022-02-23 00:00:00+00:00,0.0,0.0,0.0,-0.025756306919292316
2022-02-24 00:00:00+00:00,0.01433007399712194,0.0,0.01433007399712194,0.02920666813510331
2022-02-25 00:00:00+00:00,0.006544558181500237,0.0,0.006544558181500237,0.023236269773535767
2022-02-26 00:00:00+00:00,-0.0025618680072267974,0.0,-0.0025618680072267974,-0.0027062598519591585
2022-02-27 00:00:00+00:00,-0.011550209311383619,0.0,-0.011550209311383619,-0.03650448985020205
2022-02-28 00:00:00+00:00,0.016940023820164463,0.0,0.016940023820164463,0.14554576343172654
2022-03-01 00:00:00+00:00,0.011586333376289781,0.0,0.011586333376289781,0.02871277951569917
2022-03-02 00:00:00+00:00,-0.0036208429410240495,0.0,-0.0036208429410240495,-0.011451972221533935
2022-03-03 00:00:00+00:00,-0.011262392769913698,0.0,-0.011262392769913698,-0.03272592211130265
2022-03-04 00:00:00+00:00,0.0,0.0,0.0,-0.07825298295621863
2022-03-05 00:00:00+00:00,0.0,0.0,0.0,0.006322886343945733
2022-03-06 00:00:00+00:00,-0.0008572529249336602,0.0,-0.0008572529249336602,-0.02473644511379014
2022-03-07 00:00:00+00:00,-0.0005459926423838635,0.0,-0.0005459926423838635,-0.011387694623331002
2022-03-08 00:00:00+00:00,0.0003462276228332062,0.0,0.0003462276228332062,0.019652932530463296
2022-03-09 00:00:00+00:00,0.0,0.0,0.0,0.08337918723634008
2022-03-10 00:00:00+00:00,0.0005851091117807794,0.0,0.0005851091117807794,-0.06033502235469457
2022-03-11 00:00:00+00:00,0.012981826496561322,0.0,0.012981826496561322,-0.01761607015976774
2022-03-12 00:00:00+00:00,-0.0033096979751436884,0.0,-0.0033096979751436884,0.0020561568465373714
2022-03-13 00:00:00+00:00,0.0009208864325365163,0.0,0.0009208864325365163,-0.027038662012858206
2022-03-14 00:00:00+00:00,0.0,0.0,0.0,0.05060712118843691
2022-03-15 00:00:00+00:00,0.0,0.0,0.0,-0.009653551488129852
2022-03-16 00:00:00+00:00,0.0,0.0,0.0,0.046721499325201865
2022-03-17 00:00:00+00:00,0.0,0.0,0.0,-0.005052814931226335
2022-03-18 00:00:00+00:00,0.0,0.0,0.0,0.020866495020551046
2022-03-19 00:00:00+00:00,-0.0029511505406278893,0.0,-0.0029511505406278893,0.010459504448941948
2022-03-20 00:00:00+00:00,-0.004304408809953197,0.0,-0.004304408809953197,-0.021977709406895696
2022-03-21 00:00:00+00:00,-0.0010303871783690077,0.0,-0.0010303871783690077,-0.006761833208114187
2022-03-22 00:00:00+00:00,0.0,0.0,0.0,0.03337562832463048
2022-03-23 00:00:00+00:00,0.0012797658821583902,0.0,0.0012797658821583902,0.012233824008613947
2022-03-24 00:00:00+00:00,0.000823597559424849,0.0,0.000823597559424849,0.025788527079702916
2022-03-25 00:00:00+00:00,-0.0003804063248059597,0.0,-0.0003804063248059597,0.007213451768569135
2022-03-26 00:00:00+00:00,-0.004910299068212942,0.0,-0.004910299068212942,0.004484021440215313
2022-03-27 00:00:00+00:00,0.0056583872186728446,0.0,0.0056583872186728446,0.052408224917508184
2022-03-28 00:00:00+00:00,-0.0015230488847118862,0.0,-0.0015230488847118862,0.006430902504869662
2022-03-29 00:00:00+00:00,0.014555692718627222,0.0,0.014555692718627222,0.006294313259864293
2022-03-30 00:00:00+00:00,0.00889643414792518,0.0,0.00889643414792518,-0.007703744319200401
2022-03-31 00:00:00+00:00,-0.01271726264829487,0.0,-0.01271726264829487,-0.032881929390562115
2022-04-01 00:00:00+00:00,0.033072888977154324,0.0,0.033072888977154324,0.016705489386015016
2022-04-02 00:00:00+00:00,-0.007744776171535572,0.0,-0.007744776171535572,-0.010193186386606157
2022-04-03 00:00:00+00:00,0.01758445833092881,0.0,0.01758445833092881,0.013053940857655766
2022-04-04 00:00:00+00:00,-0.0012400218091552784,0.0,-0.0012400218091552784,0.004063165518490175
2022-04-05 00:00:00+00:00,0.0,0.0,0.0,-0.02368996734713158
2022-04-06 00:00:00+00:00,0.0,0.0,0.0,-0.0509637754137221
2022-04-07 00:00:00+00:00,0.0,0.0,0.0,0.0059638968760209465
2022-04-08 00:00:00+00:00,0.0,0.0,0.0,-0.027360187575863004
2022-04-09 00:00:00+00:00,0.0,0.0,0.0,0.011804628077254575
2022-04-10 00:00:00+00:00,0.0,0.0,0.0,-0.013745181697119135
2022-04-11 00:00:00+00:00,0.0,0.0,0.0,-0.06252432345207926
2022-04-12 00:00:00+00:00,0.0,0.0,0.0,0.014051172492001163
2022-04-13 00:00:00+00:00,0.0,0.0,0.0,0.026687002473746224
2022-04-14 00:00:00+00:00,0.0009523703502851699,0.0,0.0009523703502851699,-0.029513880446780716
2022-04-15 00:00:00+00:00,0.001180110640605303,0.0,0.001180110640605303,0.015372320303437936
2022-04-16 00:00:00+00:00,0.0007219657678858571,0.0,0.0007219657678858571,-0.004157465549784689
2022-04-17 00:00:00+00:00,-0.003551926199085398,0.0,-0.003551926199085398,-0.017638314214216688
2022-04-18 00:00:00+00:00,0.01029691922796716,0.0,0.01029691922796716,0.028663954541212844
2022-04-19 00:00:00+00:00,-9.501342119810907e-05,0.0,-9.501342119810907e-05,0.0168515358361776
2022-04-20 00:00:00+00:00,-0.003554274223805054,0.0,-0.003554274223805054,-0.0035010814290779013
2022-04-21 00:00:00+00:00,0.0005097516227585697,0.0,0.0005097516227585697,-0.021242411264115746
2022-04-22 00:00:00+00:00,0.0,0.0,0.0,-0.019174384051342752
2022-04-23 00:00:00+00:00,0.0,0.0,0.0,-0.006530692490333778
2022-04-24 00:00:00+00:00,0.0,0.0,0.0,0.00046428906688045224
2022-04-25 00:00:00+00:00,0.0,0.0,0.0,0.024791166878838755
2022-04-26 00:00:00+00:00,0.0,0.0,0.0,-0.057343297616985534
2022-04-27 00:00:00+00:00,0.0,0.0,0.0,0.02927780709146144
2022-04-28 00:00:00+00:00,0.0,0.0,0.0,0.013351526435257277
2022-04-29 00:00:00+00:00,0.0,0.0,0.0,-0.02920279368275347
2022-04-30 00:00:00+00:00,0.0,0.0,0.0,-0.024828762684005468
2022-05-01 00:00:00+00:00,0.0,0.0,0.0,0.02195961663720114
2022-05-02 00:00:00+00:00,0.0,0.0,0.0,0.002213810954592166
2022-05-03 00:00:00+00:00,0.0,0.0,0.0,-0.021095064061299462
2022-05-04 00:00:00+00:00,0.0,0.0,0.0,0.05226593552869163
2022-05-05 00:00:00+00:00,0.0,0.0,0.0,-0.07935943957262381
2022-05-06 00:00:00+00:00,0.0,0.0,0.0,-0.014764046235496542
2022-05-07 00:00:00+00:00,0.0,0.0,0.0,-0.014685250574380748
2022-05-08 00:00:00+00:00,0.0,0.0,0.0,-0.040452029650348
2022-05-09 00:00:00+00:00,0.0,0.0,0.0,-0.11681358721203572
2022-05-10 00:00:00+00:00,0.0022557180166955515,0.0,0.0022557180166955515,0.0314573171948922
2022-05-11 00:00:00+00:00,-0.05248595113491439,0.0,-0.05248595113491439,-0.062169982033475124
2022-05-12 00:00:00+00:00,-0.010328388684179401,0.0,-0.010328388684179401,-0.0018572848559056387
2022-05-13 00:00:00+00:00,0.007368114550631022,0.0,0.007368114550631022,0.008738590040901828
2022-05-14 00:00:00+00:00,0.004978122145920194,0.0,0.004978122145920194,0.02751560242260287
2022-05-15 00:00:00+00:00,0.0015513659885679765,0.0,0.0015513659885679765,0.04137660489763895
2022-05-16 00:00:00+00:00,0.0,0.0,0.0,-0.046535608024415476
2022-05-17 00:00:00+00:00,0.0,0.0,0.0,0.019094844760217944
2022-05-18 00:00:00+00:00,0.0,0.0,0.0,-0.05704898643098866
2022-05-19 00:00:00+00:00,-0.0019436932292862252,0.0,-0.0019436932292862252,0.05642042326641272
2022-05-20 00:00:00+00:00,-0.009554213976971204,0.0,-0.009554213976971204,-0.03730223384641773
2022-05-21 00:00:00+00:00,0.00722396800547509,0.0,0.00722396800547509,0.008170914285910102
2022-05-22 00:00:00+00:00,0.002744624203186774,0.0,0.002744624203186774,0.029108925695100485
2022-05-23 00:00:00+00:00,0.004982700110846228,0.0,0.004982700110846228,-0.03917250033020736
2022-05-24 00:00:00+00:00,0.009895569353078892,0.0,0.009895569353078892,0.018743749505974572
2022-05-25 00:00:00+00:00,-0.009258566908280419,0.0,-0.009258566908280419,-0.0035893681834895386
2022-05-26 00:00:00+00:00,-0.018298610305769514,0.0,-0.018298610305769514,-0.011602514837473432
2022-05-27 00:00:00+00:00,0.0,0.0,0.0,-0.019551962732068162
2022-05-28 00:00:00+00:00,0.0,0.0,0.0,0.013820956426954245
2022-05-29 00:00:00+00:00,0.0,0.0,0.0,0.014955821743145803
2022-05-30 00:00:00+00:00,0.0,0.0,0.0,0.0771980932203391
2022-05-31 00:00:00+00:00,0.0002929008803109756,0.0,0.0002929008803109756,0.002247332671426072
2022-06-01 00:00:00+00:00,-0.0064419325191334975,0.0,-0.0064419325191334975,-0.06292573700067294
2022-06-02 00:00:00+00:00,0.0011604347252123226,0.0,0.0011604347252123226,0.021485456540780934
2022-06-03 00:00:00+00:00,0.0,0.0,0.0,-0.024782255865374747
2022-06-04 00:00:00+00:00,0.0,0.0,0.0,0.005578988505127613
2022-06-05 00:00:00+00:00,0.0,0.0,0.0,0.002060411948379137
2022-06-06 00:00:00+00:00,-0.0023353515201014474,0.0,-0.0023353515201014474,0.04852239559476956
2022-06-07 00:00:00+00:00,-0.010303843053312556,0.0,-0.010303843053312556,-0.007751616647322268
2022-06-08 00:00:00+00:00,-0.0025933282817725,0.0,-0.0025933282817725,-0.029744746626561347
2022-06-09 00:00:00+00:00,0.00381606128651657,0.0,0.00381606128651657,-0.0032855841682537523
2022-06-10 00:00:00+00:00,-0.00952526614810456,0.0,-0.00952526614810456,-0.03374837588433299
2022-06-11 00:00:00+00:00,0.0,0.0,0.0,-0.022732196838126772
2022-06-12 00:00:00+00:00,-0.005261121465157337,0.0,-0.005261121465157337,-0.06517294407865792
2022-06-13 00:00:00+00:00,-0.005635952291683011,0.0,-0.005635952291683011,-0.1540841793809078
2022-06-14 00:00:00+00:00,0.0019756005150628475,0.0,0.0019756005150628475,-0.015521883274369763
2022-06-15 00:00:00+00:00,0.015652306000393912,0.0,0.015652306000393912,0.02010604492218393
2022-06-16 00:00:00+00:00,-0.018337998814534573,0.0,-0.018337998814534573,-0.09660352276503814
2022-06-17 00:00:00+00:00,0.007055315234743231,0.0,0.007055315234743231,0.0034285882456810413
2022-06-18 00:00:00+00:00,-0.020324516024741834,0.0,-0.020324516024741834,-0.07320614157293481
2022-06-19 00:00:00+00:00,0.013786314048120252,0.0,0.013786314048120252,0.08462686645885742
2022-06-20 00:00:00+00:00,0.028873360161516537,0.0,0.028873360161516537,0.0002869063712664932
2022-06-21 00:00:00+00:00,0.005424925338296083,0.0,0.005424925338296083,0.006951837861750798
2022-06-22 00:00:00+00:00,-0.04091774315943286,0.0,-0.04091774315943286,-0.03551858485692616
2022-06-23 00:00:00+00:00,0.020737557261407913,0.0,0.020737557261407913,0.056023306336159706
2022-06-24 00:00:00+00:00,0.0,0.0,0.0,0.0063801750045031635
2022-06-25 00:00:00+00:00,-0.0005406678958993494,0.0,-0.0005406678958993494,0.011808093748822523
2022-06-26 00:00:00+00:00,-0.011971252760925699,0.0,-0.011971252760925699,-0.021078210027977162
2022-06-27 00:00:00+00:00,0.0036595172280955435,0.0,0.0036595172280955435,-0.014223147923591473
2022-06-28 00:00:00+00:00,0.0,0.0,0.0,-0.022257597684515296
2022-06-29 00:00:00+00:00,0.0,0.0,0.0,-0.007829845179242678
2022-06-30 00:00:00+00:00,0.0,0.0,0.0,-0.009269066479694166
2022-07-01 00:00:00+00:00,0.0020204388139324347,0.0,0.0020204388139324347,-0.03270007779757578
2022-07-02 00:00:00+00:00,0.002056692169523533,0.0,0.002056692169523533,-0.0016137401411373542
2022-07-03 00:00:00+00:00,0.000120733580515342,0.0,0.000120733580515342,0.003378220353517758
2022-07-04 00:00:00+00:00,0.0039474410702573515,0.0,0.0039474410702573515,0.04769008437835054
2022-07-05 00:00:00+00:00,0.0,0.0,0.0,-0.002798295314091259
2022-07-06 00:00:00+00:00,0.0,0.0,0.0,0.019043133366385634
2022-07-07 00:00:00+00:00,0.0,0.0,0.0,0.051537162901805544
2022-07-08 00:00:00+00:00,-0.004028185664664119,0.0,-0.004028185664664119,-0.001179823627934562
2022-07-09 00:00:00+00:00,0.022294931089210657,0.0,0.022294931089210657,-0.0003659457381218756
2022-07-10 00:00:00+00:00,-0.014454418476623765,0.0,-0.014454418476623765,-0.03365152919369785
2022-07-11 00:00:00+00:00,-0.005123643677160117,0.0,-0.005123643677160117,-0.04313362552628297
2022-07-12 00:00:00+00:00,-0.0030914701847877257,0.0,-0.0030914701847877257,-0.031642302661581634
2022-07-13 00:00:00+00:00,0.02285519289893423,0.0,0.02285519289893423,0.046431953795755154
2022-07-14 00:00:00+00:00,0.02228740404035401,0.0,0.02228740404035401,0.01772988264152997
2022-07-15 00:00:00+00:00,0.0,0.0,0.0,0.011881274722284285
2022-07-16 00:00:00+00:00,0.014816787333186365,0.0,0.014816787333186365,0.0173077015429981
2022-07-17 00:00:00+00:00,-0.007966299992696602,0.0,-0.007966299992696602,-0.018368069488044925
2022-07-18 00:00:00+00:00,0.04701294395918176,0.0,0.04701294395918176,0.0783624437348518
2022-07-19 00:00:00+00:00,0.021444267458520905,0.0,0.021444267458520905,0.042900655104598284
2022-07-20 00:00:00+00:00,-0.007859359286995438,0.0,-0.007859359286995438,-0.00702987697715296
2022-07-21 00:00:00+00:00,0.0013953681046070532,0.0,0.0013953681046070532,-0.003315892599530579
2022-07-22 00:00:00+00:00,0.0029068313935587398,0.0,0.0029068313935587398,-0.020281276329149556
2022-07-23 00:00:00+00:00,0.0,0.0,0.0,-0.010359380995012102
2022-07-24 00:00:00+00:00,0.0,0.0,0.0,0.005810999901961544
2022-07-25 00:00:00+00:00,0.0,0.0,0.0,-0.056294471569209414
2022-07-26 00:00:00+00:00,0.0,0.0,0.0,-0.0027699530516431814
2022-07-27 00:00:00+00:00,0.0,0.0,0.0,0.08003860458547152
2022-07-28 00:00:00+00:00,0.03053415998295983,0.0,0.03053415998295983,0.03901730954487803
2022-07-29 00:00:00+00:00,-0.008930640108278598,0.0,-0.008930640108278598,-0.0027311400307097333
2022-07-30 00:00:00+00:00,-0.0018625865131458585,0.0,-0.0018625865131458585,-0.0059399859493248774
2022-07-31 00:00:00+00:00,-0.008942295752678464,0.0,-0.008942295752678464,-0.014380086246662205
2022-08-01 00:00:00+00:00,-3.029663302434038e-05,0.0,-3.029663302434038e-05,-0.0013954426988290747
2022-08-02 00:00:00+00:00,-0.0029612355261434686,0.0,-0.0029612355261434686,-0.012146567143643372
2022-08-03 00:00:00+00:00,0.0,0.0,0.0,-0.007556006285065031
2022-08-04 00:00:00+00:00,0.0,0.0,0.0,-0.008446812709690055
2022-08-05 00:00:00+00:00,0.0,0.0,0.0,0.030483570629265433
2022-08-06 00:00:00+00:00,0.0,0.0,0.0,-0.015228709637266524
2022-08-07 00:00:00+00:00,0.0,0.0,0.0,0.009784991696922374
2022-08-08 00:00:00+00:00,0.0,0.0,0.0,0.02747779245331894
2022-08-09 00:00:00+00:00,0.0,0.0,0.0,-0.0279024045974694
2022-08-10 00:00:00+00:00,0.0,0.0,0.0,0.034602120984261076
2022-08-11 00:00:00+00:00,0.0007306525684847021,0.0,0.0007306525684847021,-0.0009899377216395777
2022-08-12 00:00:00+00:00,0.006303955200004152,0.0,0.006303955200004152,0.019663673005201332
2022-08-13 00:00:00+00:00,-0.0036011821598471716,0.0,-0.0036011821598471716,0.0017016914402869787
2022-08-14 00:00:00+00:00,-0.008884204606820378,0.0,-0.008884204606820378,-0.005522125342830253
2022-08-15 00:00:00+00:00,-0.0030539337371346953,0.0,-0.0030539337371346953,-0.008598795592345332
2022-08-16 00:00:00+00:00,0.0,0.0,0.0,-0.010055967980336478
2022-08-17 00:00:00+00:00,0.0,0.0,0.0,-0.021385731661284324
2022-08-18 00:00:00+00:00,0.0,0.0,0.0,-0.006342920572062871
2022-08-19 00:00:00+00:00,0.0,0.0,0.0,-0.10179813759699108
2022-08-20 00:00:00+00:00,0.0,0.0,0.0,0.014545087851562277
2022-08-21 00:00:00+00:00,0.0,0.0,0.0,0.01788165355597826
2022-08-22 00:00:00+00:00,0.0,0.0,0.0,-0.0055148426456363975
2022-08-23 00:00:00+00:00,0.0,0.0,0.0,0.006134567728059093
2022-08-24 00:00:00+00:00,-0.003256938849492963,0.0,-0.003256938849492963,-0.0075889247241869295
2022-08-25 00:00:00+00:00,8.65584413647369e-05,0.0,8.65584413647369e-05,0.009056469475389628
2022-08-26 00:00:00+00:00,-0.012389142201850056,0.0,-0.012389142201850056,-0.06123916967927856
2022-08-27 00:00:00+00:00,0.0,0.0,0.0,-0.010124229436394794
2022-08-28 00:00:00+00:00,0.0,0.0,0.0,-0.0237915690749555
2022-08-29 00:00:00+00:00,0.0,0.0,0.0,0.03724261414503127
2022-08-30 00:00:00+00:00,0.0,0.0,0.0,-0.023299055510345057
2022-08-31 00:00:00+00:00,0.0,0.0,0.0,0.012038519221738042
2022-09-01 00:00:00+00:00,0.0,0.0,0.0,0.004041613651672771
2022-09-02 00:00:00+00:00,0.0,0.0,0.0,-0.009019754006708958
2022-09-03 00:00:00+00:00,0.0,0.0,0.0,-0.006032796750413683
2022-09-04 00:00:00+00:00,0.0,0.0,0.0,0.008677796445130559
2022-09-05 00:00:00+00:00,0.0,0.0,0.0,-0.010393793734713164
2022-09-06 00:00:00+00:00,0.0,0.0,0.0,-0.0507154446067456
2022-09-07 00:00:00+00:00,0.0,0.0,0.0,0.026914783164283973
2022-09-08 00:00:00+00:00,0.0,0.0,0.0,0.0011562192150151862
2022-09-09 00:00:00+00:00,0.0,0.0,0.0,0.10578840247963428
2022-09-10 00:00:00+00:00,-0.0002336978482732066,0.0,-0.0002336978482732066,0.013464780816785371
2022-09-11 00:00:00+00:00,-0.00412393829224611,0.0,-0.00412393829224611,0.008355091383811963
2022-09-12 00:00:00+00:00,0.00016687156876216136,0.0,0.00016687156876216136,0.02592539974244179
2022-09-13 00:00:00+00:00,-0.022301004387926815,0.0,-0.022301004387926815,-0.09932547127669078
2022-09-14 00:00:00+00:00,-0.0002472634586856426,0.0,-0.0002472634586856426,0.0027030378177308467
2022-09-15 00:00:00+00:00,0.0,0.0,0.0,-0.026027600534203943
2022-09-16 00:00:00+00:00,0.0,0.0,0.0,0.005164848558717905
2022-09-17 00:00:00+00:00,0.0,0.0,0.0,0.015637236326891513
2022-09-18 00:00:00+00:00,0.0,0.0,0.0,-0.03469803999602028
2022-09-19 00:00:00+00:00,0.010053921967869472,0.0,0.010053921967869472,0.006395423741915485
2022-09-20 00:00:00+00:00,0.010808094812794877,0.0,0.010808094812794877,-0.033888758026689
2022-09-21 00:00:00+00:00,-0.009447013352467337,0.0,-0.009447013352467337,-0.022224224563783923
2022-09-22 00:00:00+00:00,0.054547488915658526,0.0,0.054547488915658526,0.051226453448976805
2022-09-23 00:00:00+00:00,0.010288912228385794,0.0,0.010288912228385794,-0.005765115379657071
2022-09-24 00:00:00+00:00,-0.011329413140784839,0.0,-0.011329413140784839,-0.019174615029537323
2022-09-25 00:00:00+00:00,-0.003750558976892693,0.0,-0.003750558976892693,-0.005885463486859477
2022-09-26 00:00:00+00:00,0.0015398799310935019,0.0,0.0015398799310935019,0.022159928083958613
2022-09-27 00:00:00+00:00,0.0002647105905801972,0.0,0.0002647105905801972,-0.007608124352763035
2022-09-28 00:00:00+00:00,0.0008997778272530343,0.0,0.0008997778272530343,0.017682130665282347
2022-09-29 00:00:00+00:00,-0.0022110721302383007,0.0,-0.0022110721302383007,0.009027530877556478
2022-09-30 00:00:00+00:00,0.0010776200731639207,0.0,0.0010776200731639207,-0.008722073279713971
2022-10-01 00:00:00+00:00,0.009794021840975109,0.0,0.009794021840975109,-0.005548200312182949
2022-10-02 00:00:00+00:00,-0.017146223679390116,0.0,-0.017146223679390116,-0.013188976377952688
2022-10-03 00:00:00+00:00,-0.0047138048050534564,0.0,-0.0047138048050534564,0.030058689512530545
2022-10-04 00:00:00+00:00,0.0021616419956449473,0.0,0.0021616419956449473,0.03623483844664155
2022-10-05 00:00:00+00:00,-0.0002406547240403345,0.0,-0.0002406547240403345,-0.009000147543402393
2022-10-06 00:00:00+00:00,0.0007556760651847849,0.0,0.0007556760651847849,-0.009727047146401935
2022-10-07 00:00:00+00:00,0.007563360183928225,0.0,0.007563360183928225,-0.021704921319033676
2022-10-08 00:00:00+00:00,-0.00013262517979661936,0.0,-0.00013262517979661936,-0.005875753679389861
2022-10-09 00:00:00+00:00,0.003873168929786175,0.0,0.003873168929786175,0.0012264121775513726
2022-10-10 00:00:00+00:00,-0.00903128763282901,0.0,-0.00903128763282901,-0.015748841996911955
2022-10-11 00:00:00+00:00,-0.003262267755175796,0.0,-0.003262267755175796,-0.003608031792512012
2022-10-12 00:00:00+00:00,0.008866868553573326,0.0,0.008866868553573326,0.004880608764104011
2022-10-13 00:00:00+00:00,-0.0035288035744822643,0.0,-0.0035288035744822643,0.01135888865677881
2022-10-14 00:00:00+00:00,-0.011896050752678078,0.0,-0.011896050752678078,-0.010374118922826803
2022-10-15 00:00:00+00:00,-0.005488686610897853,0.0,-0.005488686610897853,-0.0054371080012104445
2022-10-16 00:00:00+00:00,0.00033545836019599484,0.0,0.00033545836019599484,0.010047008457325202
2022-10-17 00:00:00+00:00,0.0,0.0,0.0,0.014995922480378399
2022-10-18 00:00:00+00:00,0.0,0.0,0.0,-0.01124325762770828
2022-10-19 00:00:00+00:00,-0.005198026480643603,0.0,-0.005198026480643603,-0.010568865839583053
2022-10-20 00:00:00+00:00,-0.0024875070059954263,0.0,-0.0024875070059954263,-0.004289443261650816
2022-10-21 00:00:00+00:00,0.002564543858976087,0.0,0.002564543858976087,0.006104640472400336
2022-10-22 00:00:00+00:00,-1.814172905922895e-05,0.0,-1.814172905922895e-05,0.0023079855254843906
2022-10-23 00:00:00+00:00,0.004141603747083611,0.0,0.004141603747083611,0.019046527499205546
2022-10-24 00:00:00+00:00,0.0,0.0,0.0,-0.012402419136329557
2022-10-25 00:00:00+00:00,-0.0029178577865281996,0.0,-0.0029178577865281996,0.03883404682655134
2022-10-26 00:00:00+00:00,0.001344685200825646,0.0,0.001344685200825646,0.03438258347742451
2022-10-27 00:00:00+00:00,-0.010314588698006166,0.0,-0.010314588698006166,-0.022776431596036262
2022-10-28 00:00:00+00:00,0.00377591742251826,0.0,0.00377591742251826,0.014655788617485399
2022-10-29 00:00:00+00:00,0.002258732516416506,0.0,0.002258732516416506,0.010392172104864317
2022-10-30 00:00:00+00:00,0.00017149335505561858,0.0,0.00017149335505561858,-0.00870811234474711
2022-10-31 00:00:00+00:00,0.00931285127551651,0.0,0.00931285127551651,-0.0064805293079026605
2022-11-01 00:00:00+00:00,-0.006140114935180185,0.0,-0.006140114935180185,-0.0004833512352310221
2022-11-02 00:00:00+00:00,0.0,0.0,0.0,-0.016217193155562915
2022-11-03 00:00:00+00:00,0.0,0.0,0.0,0.002959270311468254
2022-11-04 00:00:00+00:00,0.0,0.0,0.0,0.04643138264429658
2022-11-05 00:00:00+00:00,0.0004981619203370258,0.0,0.0004981619203370258,0.007205169934145994
2022-11-06 00:00:00+00:00,-0.009107297488629262,0.0,-0.009107297488629262,-0.018313848350626438
2022-11-07 00:00:00+00:00,-0.0007811159689665725,0.0,-0.0007811159689665725,-0.015377990430622046
2022-11-08 00:00:00+00:00,-0.013804161690290528,0.0,-0.013804161690290528,-0.09935564129726993
2022-11-09 00:00:00+00:00,0.0,0.0,0.0,-0.14184741556059133
2022-11-10 00:00:00+00:00,0.00558132876184092,0.0,0.00558132876184092,0.1058157812008802
2022-11-11 00:00:00+00:00,-0.03789496998070008,0.0,-0.03789496998070008,-0.030117125312713267
2022-11-12 00:00:00+00:00,-0.0165835660541771,0.0,-0.0165835660541771,-0.014737693674047092
2022-11-13 00:00:00+00:00,-0.017883045330225222,0.0,-0.017883045330225222,-0.028898845117184102
2022-11-14 00:00:00+00:00,0.012814753926675193,0.0,0.012814753926675193,0.017400681322451872
2022-11-15 00:00:00+00:00,0.0015409887241262243,0.0,0.0015409887241262243,0.017048876255630674
2022-11-16 00:00:00+00:00,-0.0005849290549697628,0.0,-0.0005849290549697628,-0.014074832872462029
2022-11-17 00:00:00+00:00,-0.008104736522305034,0.0,-0.008104736522305034,0.0018918237180642894
2022-11-18 00:00:00+00:00,0.004749705088785916,0.0,0.004749705088785916,0.00045557813464736086
2022-11-19 00:00:00+00:00,0.0009427654221021431,0.0,0.0009427654221021431,0.00019173502219937966
2022-11-20 00:00:00+00:00,-0.003048511816174826,0.0,-0.003048511816174826,-0.02517836924680561
2022-11-21 00:00:00+00:00,0.0,0.0,0.0,-0.030701916104371785
2022-11-22 00:00:00+00:00,0.008428024708050375,0.0,0.008428024708050375,0.028377607303620156
2022-11-23 00:00:00+00:00,0.02920666237310776,0.0,0.02920666237310776,0.02313108023131072
2022-11-24 00:00:00+00:00,0.0023244770222952127,0.0,0.0023244770222952127,-0.0002048711119679858
2022-11-25 00:00:00+00:00,-0.0006285895037769773,0.0,-0.0006285895037769773,-0.0045984908753406994
2022-11-26 00:00:00+00:00,-0.005452414603985711,0.0,-0.005452414603985711,-0.004050593057682961
2022-11-27 00:00:00+00:00,-0.0005139662260806865,0.0,-0.0005139662260806865,-0.0016170999197531177
2022-11-28 00:00:00+00:00,-0.00813234209736835,0.0,-0.00813234209736835,-0.01328047933944676
2022-11-29 00:00:00+00:00,0.00022081989465960739,0.0,0.00022081989465960739,0.014113363571847337
2022-11-30 00:00:00+00:00,0.007928563693171187,0.0,0.007928563693171187,0.04381982815276375
2022-12-01 00:00:00+00:00,-0.006282525802664862,0.0,-0.006282525802664862,-0.010656841540694795
2022-12-02 00:00:00+00:00,0.0,0.0,0.0,0.0066291505848383725
2022-12-03 00:00:00+00:00,0.0,0.0,0.0,-0.011912427559562122
2022-12-04 00:00:00+00:00,0.0,0.0,0.0,0.013033561420658257
2022-12-05 00:00:00+00:00,0.0,0.0,0.0,-0.008257551390391527
2022-12-06 00:00:00+00:00,0.0,0.0,0.0,0.007093871437584998
2022-12-07 00:00:00+00:00,0.0,0.0,0.0,-0.014673333879826167
2022-12-08 00:00:00+00:00,0.0,0.0,0.0,0.023056810078440737
2022-12-09 00:00:00+00:00,0.0,0.0,0.0,-0.005460037174721211
2022-12-10 00:00:00+00:00,0.0,0.0,0.0,-0.00011680878402053896
2022-12-11 00:00:00+00:00,0.0,0.0,0.0,-0.002494158878504682
2022-12-12 00:00:00+00:00,0.0,0.0,0.0,0.007184976547814914
2022-12-13 00:00:00+00:00,0.0,0.0,0.0,0.033552325581395204
2022-12-14 00:00:00+00:00,0.0,0.0,0.0,0.0015075574756289178
2022-12-15 00:00:00+00:00,0.0,0.0,0.0,-0.02539331270114986
2022-12-16 00:00:00+00:00,0.0,0.0,0.0,-0.04193801219470028
2022-12-17 00:00:00+00:00,0.0,0.0,0.0,0.008656107699063442
2022-12-18 00:00:00+00:00,0.0,0.0,0.0,-0.0022483301526717847
2022-12-19 00:00:00+00:00,0.0,0.0,0.0,-0.01799728636067488
2022-12-20 00:00:00+00:00,0.0,0.0,0.0,0.027877194263871585
2022-12-21 00:00:00+00:00,0.0,0.0,0.0,-0.004003031882135688
2022-12-22 00:00:00+00:00,0.0,0.0,0.0,-0.00024376322861419109
2022-12-23 00:00:00+00:00,0.0,0.0,0.0,-0.0023252356456839873
2022-12-24 00:00:00+00:00,0.0,0.0,0.0,0.0031293960563649748
2022-12-25 00:00:00+00:00,0.0,0.0,0.0,-0.00026739715608270487
2022-12-26 00:00:00+00:00,0.0,0.0,0.0,0.005260217303440173
2022-12-27 00:00:00+00:00,0.0,0.0,0.0,-0.012694452163733105
2022-12-28 00:00:00+00:00,0.0,0.0,0.0,-0.009533961744379704
2022-12-29 00:00:00+00:00,0.0,0.0,0.0,0.0055202853860572
2022-12-30 00:00:00+00:00,0.0,0.0,0.0,-0.0017498181031009308
2022-12-31 00:00:00+00:00,0.0,0.0,0.0,-0.0038310483579501176
2023-01-01 00:00:00+00:00,0.0,0.0,0.0,0.004396042956656299
2023-01-02 00:00:00+00:00,0.002361361596483702,0.0,0.002361361596483702,0.0033533409992594354
2023-01-03 00:00:00+00:00,0.027667249550862305,0.0,0.027667249550862305,7.20028801153294e-05
2023-01-04 00:00:00+00:00,0.0010289637752232128,0.0,0.0010289637752232128,0.010493664202745334
2023-01-05 00:00:00+00:00,0.0041419254745791445,0.0,0.0041419254745791445,-0.0010865628395508864
2023-01-06 00:00:00+00:00,0.0010227405910923082,0.0,0.0010227405910923082,0.007132752410276
2023-01-07 00:00:00+00:00,-0.006224484337557068,0.0,-0.006224484337557068,-0.00043083605802707314
2023-01-08 00:00:00+00:00,0.00396908185872924,0.0,0.00396908185872924,0.011112095179051096
2023-01-09 00:00:00+00:00,-0.0011723064801471006,0.0,-0.0011723064801471006,0.002627783260436667
2023-01-10 00:00:00+00:00,0.002505092860227709,0.0,0.002505092860227709,0.01509053740018751
2023-01-11 00:00:00+00:00,0.019440501656466047,0.0,0.019440501656466047,0.029084044799412512
2023-01-12 00:00:00+00:00,0.0005265499637454596,0.0,0.0005265499637454596,0.05030748730186163
2023-01-13 00:00:00+00:00,0.017181005767508806,0.0,0.017181005767508806,0.057660048837456346
2023-01-14 00:00:00+00:00,0.0238585241016831,0.0,0.0238585241016831,0.052127563465534266
2023-01-15 00:00:00+00:00,-0.003232049309812801,0.0,-0.003232049309812801,-0.0038210544392923707
2023-01-16 00:00:00+00:00,0.0019882799688764052,0.0,0.0019882799688764052,0.014634122982181363
2023-01-17 00:00:00+00:00,0.0014999161857487397,0.0,0.0014999161857487397,-0.002709042254451677
2023-01-18 00:00:00+00:00,-0.012621342286471826,0.0,-0.012621342286471826,-0.02133841909241918
2023-01-19 00:00:00+00:00,0.007269099865182316,0.0,0.007269099865182316,0.018776595744680824
2023-01-20 00:00:00+00:00,-0.0007650353642897345,0.0,-0.0007650353642897345,0.07560173340990972
2023-01-21 00:00:00+00:00,-0.002620664818880014,0.0,-0.002620664818880014,0.005330720927051225
2023-01-22 00:00:00+00:00,-0.0019333149321443255,0.0,-0.0019333149321443255,-0.00339304447829214
2023-01-23 00:00:00+00:00,0.00998584409803649,0.0,0.00998584409803649,0.009183161121534944
2023-01-24 00:00:00+00:00,-0.014316890478587085,0.0,-0.014316890478587085,-0.012468849697334639
2023-01-25 00:00:00+00:00,0.00981453530003118,0.0,0.00981453530003118,0.0191449304825122
2023-01-26 00:00:00+00:00,0.00010510113162864876,0.0,0.00010510113162864876,-0.0025454671604380197
2023-01-27 00:00:00+00:00,0.03181602370047254,0.0,0.03181602370047254,0.0028736756528808804
2023-01-28 00:00:00+00:00,-0.009499336813099446,0.0,-0.009499336813099446,-0.002258539968787887
2023-01-29 00:00:00+00:00,0.0,0.0,0.0,0.0314738941340551
2023-01-30 00:00:00+00:00,0.0,0.0,0.0,-0.03876951849808119
2023-01-31 00:00:00+00:00,0.0,0.0,0.0,0.013124509748070778
2023-02-01 00:00:00+00:00,0.0,0.0,0.0,0.026410720001384114
2023-02-02 00:00:00+00:00,-0.004455811485308492,0.0,-0.004455811485308492,-0.009983143699957897
2023-02-03 00:00:00+00:00,0.008917080326587667,0.0,0.008917080326587667,-0.002911493161821932
2023-02-04 00:00:00+00:00,0.0015382687736200662,0.0,0.0015382687736200662,-0.004358647069119481
2023-02-05 00:00:00+00:00,0.0,0.0,0.0,-0.01686775916921779
2023-02-06 00:00:00+00:00,0.0,0.0,0.0,-0.007479545732079651
2023-02-07 00:00:00+00:00,0.0,0.0,0.0,0.020933574130953314
2023-02-08 00:00:00+00:00,0.0,0.0,0.0,-0.011973779918309613
2023-02-09 00:00:00+00:00,0.0,0.0,0.0,-0.05064057606105621
2023-02-10 00:00:00+00:00,0.0,0.0,0.0,-0.008020776932465945
2023-02-11 00:00:00+00:00,0.0,0.0,0.0,0.01076387925212563
2023-02-12 00:00:00+00:00,-0.001269188619099193,0.0,-0.001269188619099193,-0.003670262181197481
2023-02-13 00:00:00+00:00,-0.0007334827483762574,0.0,-0.0007334827483762574,-0.0002250690135086053
2023-02-14 00:00:00+00:00,0.0014923539141160624,0.0,0.0014923539141160624,0.01935110400529272
2023-02-15 00:00:00+00:00,0.006715659934111162,0.0,0.006715659934111162,0.09668550618819682
2023-02-16 00:00:00+00:00,-0.02052051566250579,0.0,-0.02052051566250579,-0.03312428593738437
2023-02-17 00:00:00+00:00,0.009600418745709494,0.0,0.009600418745709494,0.044838608213681574
2023-02-18 00:00:00+00:00,0.0021581354930368946,0.0,0.0021581354930368946,0.0022537273966194427
2023-02-19 00:00:00+00:00,0.0,0.0,0.0,-0.015058712743892255
2023-02-20 00:00:00+00:00,0.0,0.0,0.0,0.02406669441479603
2023-02-21 00:00:00+00:00,0.0,0.0,0.0,-0.016358214721186037
2023-02-22 00:00:00+00:00,0.0,0.0,0.0,-0.011131839269496124
2023-02-23 00:00:00+00:00,0.0052791379071546185,0.005959999999999965,0.0,-0.010032559274842479
2023-02-24 00:00:00+00:00,0.01988399840493793,0.021273211658515256,0.0,-0.03147671425228182
2023-02-25 00:00:00+00:00,0.0010087631995669977,0.0010616955108238013,0.0,-0.0012685755708589097
2023-02-26 00:00:00+00:00,-0.008223897251307344,-0.007860747663701373,0.0,0.017242571134786555
2023-02-27 00:00:00+00:00,0.005074037914907459,0.004895104578445331,0.0,-0.0027733772769936715
2023-02-28 00:00:00+00:00,0.009049751565067599,0.008569078304999422,0.0,-0.014923339011925107
2023-03-01 00:00:00+00:00,-0.02138113222824345,-0.020429146603029302,0.0,0.021193622025456493
2023-03-02 00:00:00+00:00,0.017996754440698925,0.01666698255722676,0.0,-0.006888288639192552
2023-03-03 00:00:00+00:00,0.05457327752377461,0.05135738690753344,0.0,-0.04750374087163367
2023-03-04 00:00:00+00:00,-0.0006372823665922178,-0.0006668966737015669,0.0,-0.000317775748786997
2023-03-05 00:00:00+00:00,-0.0009299594752347762,-0.0009346402095935513,0.0,0.0037473640852985213
2023-03-06 00:00:00+00:00,0.0,0.0,0.0,-0.000994674255332617
2023-03-07 00:00:00+00:00,0.0,0.0,0.0,-0.00937621388483334
2023-03-08 00:00:00+00:00,0.0,0.0,0.0,-0.022161526292304834
2023-03-09 00:00:00+00:00,-0.002556019254405739,0.0,-0.002767703368799501,-0.06209150326797397
2023-03-10 00:00:00+00:00,-0.0002530932573531208,0.0,-0.00027411208006822285,-0.010221984146095764
2023-03-11 00:00:00+00:00,-0.002701717396045189,0.0,-0.002926150436324826,0.015243069864897762
2023-03-12 00:00:00+00:00,0.0,0.0,0.0,0.07526177050270699
2023-03-13 00:00:00+00:00,0.0,0.0,0.0,0.09702904549217228
2023-03-14 00:00:00+00:00,0.00564800991393799,0.0,0.006118569903769355,0.023342109081863294
2023-03-15 00:00:00+00:00,-0.007540972386409717,0.0,-0.008165422477177886,-0.01598298389547248
2023-03-16 00:00:00+00:00,0.00044201034034174747,0.0,0.00047891350127904353,0.02891963109354423
2023-03-17 00:00:00+00:00,0.0,0.0,0.0,0.09578077981945055
2023-03-18 00:00:00+00:00,0.0,0.0,0.0,-0.017418930762489016
2023-03-19 00:00:00+00:00,0.0034955669775760256,0.0,0.00378726993091294,0.038974987921358784
2023-03-20 00:00:00+00:00,-0.002295871046025466,0.0,-0.0024867372365758866,-0.00899995349785565
2023-03-21 00:00:00+00:00,0.015525308706197283,0.0,0.016819215759653172,0.013969051512231045
2023-03-22 00:00:00+00:00,0.005414897086063242,0.0,0.005858719568204496,-0.0305185628188287
2023-03-23 00:00:00+00:00,0.014727223266998823,0.0,0.015927283312646257,0.03856604660385243
2023-03-24 00:00:00+00:00,-0.01564653006824146,0.0,-0.01690151213875457,-0.029882513496982344
2023-03-25 00:00:00+00:00,0.013966303513776035,0.0,0.01510577622772269,0.0003061347211439358
2023-03-26 00:00:00+00:00,0.0018876559991076736,0.0,0.0020393729156702456,0.018471762249838708
2023-03-27 00:00:00+00:00,0.0010109802020437098,0.0,0.0010920705230201833,-0.030131321478269912
2023-03-28 00:00:00+00:00,0.0007958929139308957,0.0,0.0008596615290226151,0.005078931838300438
2023-03-29 00:00:00+00:00,0.0,0.0,0.0,0.039956403189759904
2023-03-30 00:00:00+00:00,0.006605384552159865,0.0,0.0034267122970250696,-0.011415565396898253
2023-03-31 00:00:00+00:00,0.010602554976330003,0.0,0.006221078530928459,0.01570230233803316
2023-04-01 00:00:00+00:00,-0.009470110892761507,0.0,-0.005940026814319599,-0.0003900909860867774
2023-04-02 00:00:00+00:00,0.0047539164172698545,0.0,0.004630022268306888,-0.009935381348483596
2023-04-03 00:00:00+00:00,-0.009404687626162644,0.0,-0.00860093401247397,-0.013319744897234531
2023-04-04 00:00:00+00:00,0.00040903388860535905,0.0,0.0009958839796775365,0.013283620227380055
2023-04-05 00:00:00+00:00,0.0005943443789133696,0.0,0.0006436437310173293,-4.262090129003582e-05
2023-04-06 00:00:00+00:00,-0.0005711455225935191,0.0,-0.0006184901156157663,-0.004660083824678529
2023-04-07 00:00:00+00:00,0.0008611740846429239,0.0,0.0009326045127751037,-0.004714018584866531
2023-04-08 00:00:00+00:00,0.0,0.0,0.0,0.0012262151900095386
2023-04-09 00:00:00+00:00,0.0,0.0,0.0,0.013769073479224625
2023-04-10 00:00:00+00:00,0.0,0.0,0.0,0.046405080997830916
2023-04-11 00:00:00+00:00,0.0,0.0,0.0,0.01897168088417489
2023-04-12 00:00:00+00:00,0.0005481409947516447,0.0,0.00059356440623759,-0.010273280525822326
2023-04-13 00:00:00+00:00,0.00350009336625301,0.0,0.0037899674500712077,0.01632468619246863
2023-04-14 00:00:00+00:00,0.0006748300093448734,0.0,0.0008889211803624342,0.002977337325073215
2023-04-15 00:00:00+00:00,-0.0043286298541439505,0.0,-0.004140242669024796,-0.005671015430284476
2023-04-16 00:00:00+00:00,0.0009297984956240235,0.0,0.0009054963338792632,0.00020475290947263858
2023-04-17 00:00:00+00:00,0.0,0.0,0.0,-0.028613314138926094
2023-04-18 00:00:00+00:00,0.0017973772420127876,0.0,0.0019449351748270782,0.032148198504418746
2023-04-19 00:00:00+00:00,-0.009899714407899718,0.0,-0.010710866206957825,-0.05172595485710896
2023-04-20 00:00:00+00:00,0.0005711754632502508,0.0,0.0006184825030688401,-0.019628339543880657
2023-04-21 00:00:00+00:00,0.0,0.0,0.0,-0.03462286440972162
2023-04-22 00:00:00+00:00,-0.002574091496806319,-0.0022200339409126357,0.0,0.020354095954499662
2023-04-23 00:00:00+00:00,0.014086509384092727,0.011885066552177692,0.0,-0.008314393394516562
2023-04-24 00:00:00+00:00,-0.0009316100474815459,-0.0006596520289861019,0.0,-0.002846678270960301
2023-04-25 00:00:00+00:00,-0.0068837705433622,-0.00567622892650288,0.0,0.028700790980998203
2023-04-26 00:00:00+00:00,0.0,0.0,0.0,0.003860471529022469
2023-04-27 00:00:00+00:00,0.0026183510599464555,0.0,0.002845222044755902,0.037438503445919924
2023-04-28 00:00:00+00:00,-0.001309563471349695,0.0,-0.0014227106486780494,-0.0053973318849926954
2023-04-29 00:00:00+00:00,-0.00045742349184574316,0.0,-0.0004970015016584339,-0.0029795221843003095
2023-04-30 00:00:00+00:00,-0.0017078551279730014,0.0,-0.0018556986886952842,0.000352586375103936
2023-05-01 00:00:00+00:00,0.0,0.0,0.0,-0.03998904972111006
2023-05-02 00:00:00+00:00,0.0,0.0,0.0,0.02146187407322908
2023-05-03 00:00:00+00:00,0.0,0.0,0.0,0.012628897457819477
2023-05-04 00:00:00+00:00,0.0,0.0,0.0,-0.006630275962837384
2023-05-05 00:00:00+00:00,0.0,0.0,0.0,0.023086796641920593
2023-05-06 00:00:00+00:00,0.0,0.0,0.0,-0.02216570876354207
2023-05-07 00:00:00+00:00,0.0029323326292118868,0.002979974267633745,0.0,-0.014508735063007538
2023-05-08 00:00:00+00:00,0.01409772997852654,0.014326095419518126,0.0,-0.026728220863213248
2023-05-09 00:00:00+00:00,-0.03131461263689628,-0.03181470547961551,0.0,-0.0017932161476221786
2023-05-10 00:00:00+00:00,0.010034970157089651,0.012817575967495776,-0.0027565577875426905,-0.0009887650216223731
2023-05-11 00:00:00+00:00,-0.003700706977274204,0.0,-0.0040130527346454725,-0.022713347762563063
2023-05-12 00:00:00+00:00,-0.00039456549777894256,0.0,-0.00042800165600609397,-0.0063547061180276865
2023-05-13 00:00:00+00:00,0.0,0.0,0.0,-0.0008362858454886712
2023-05-14 00:00:00+00:00,0.0,0.0,0.0,0.005201268930264957
2023-05-15 00:00:00+00:00,0.0,0.0,0.0,0.009315327170199783
2023-05-16 00:00:00+00:00,0.0,0.0,0.0,-0.004703066016020663
2023-05-17 00:00:00+00:00,0.0,0.0,0.0,0.01372813119801064
2023-05-18 00:00:00+00:00,0.0,0.0,0.0,-0.021408391067243904
2023-05-19 00:00:00+00:00,0.00023436503173912548,-0.000465813559569761,0.0007526665396808685,0.0022678697317721763
2023-05-20 00:00:00+00:00,0.001493726999961531,0.0017309709595745293,-0.0002841268400027852,0.008165209656830541
2023-05-21 00:00:00+00:00,0.013236250800883198,0.014364755790321038,-0.0014538843278736335,-0.013167463408331637
2023-05-22 00:00:00+00:00,-0.006203986866096245,-0.006155970373138975,0.0,0.004017536509456576
2023-05-23 00:00:00+00:00,-0.0031611258469712578,-0.0030984950466559358,0.0,0.013774114946982552
2023-05-24 00:00:00+00:00,0.013882216262733227,0.013606315608952979,0.0,-0.032932866346440215
2023-05-25 00:00:00+00:00,-0.0007459364816565506,-0.0007345231562673193,0.0,0.005624425206545602
2023-05-26 00:00:00+00:00,-0.005258941559077246,-0.005379420606650531,0.0,0.008619972942127907
2023-05-27 00:00:00+00:00,-0.01970662710926596,-0.020281975086837933,0.0,0.005683797991000272
2023-05-28 00:00:00+00:00,-0.0085252486188363,-0.008944742142429907,0.0,0.04523202789699576
2023-05-29 00:00:00+00:00,0.0008093672554640996,0.0,0.0007868944521798316,-0.011894196188296902
2023-05-30 00:00:00+00:00,0.008539974931483396,0.0033428092694858247,0.005595941143558214,-0.0015114349614026024
2023-05-31 00:00:00+00:00,0.0032460806565102196,0.012615432653178438,-0.007028177771618682,-0.017304850777273173
2023-06-01 00:00:00+00:00,0.0005565518590282537,0.000665426683149617,0.0,-0.014550882133443133
2023-06-02 00:00:00+00:00,-0.0165646855125946,-0.019354668249167095,0.0,0.015761808299105118
2023-06-03 00:00:00+00:00,0.0021732049102447526,0.0022797639613232334,0.0,-0.006350127443274789
2023-06-04 00:00:00+00:00,-0.0005957396516650393,-0.0006248841921220327,0.0,0.0017556893575656485
2023-06-05 00:00:00+00:00,0.004710204438244769,0.003383351105792798,0.001538010359764419,-0.05120210756242993
2023-06-06 00:00:00+00:00,0.006352996128592858,0.0,0.00648719493109251,0.05859683371767899
2023-06-07 00:00:00+00:00,-0.020656464857048085,0.0,-0.02118242939796877,-0.032900464706206445
2023-06-08 00:00:00+00:00,0.00665187772256659,0.004123207085223957,0.002647074035432073,0.006077664961121831
2023-06-09 00:00:00+00:00,0.042514865114201994,0.04202026950417004,0.0,-0.0006720556975599035
2023-06-10 00:00:00+00:00,0.0650308793384724,0.059289431885456434,0.01277762934825355,-0.024236722696377888
2023-06-11 00:00:00+00:00,-0.002259116843771558,0.000741368552576116,-0.004138587534156746,0.003225356802676327
2023-06-12 00:00:00+00:00,0.002529758774526547,0.00017860260540447648,-0.00015951504201283662,-0.0005827888181738627
2023-06-13 00:00:00+00:00,-0.0003600635649317896,-0.0002743602995544103,-0.003824774407573006,0.0008959327741477896
2023-06-14 00:00:00+00:00,0.00885528354650833,0.009237231865702356,0.0,-0.03094760398178864
2023-06-15 00:00:00+00:00,0.0,0.0,0.0,0.01872120847749814
2023-06-16 00:00:00+00:00,0.0,0.0,0.0,0.029308882557326
2023-06-17 00:00:00+00:00,-0.001749297080841039,0.0,-0.0016588483339489146,0.0065651579586878395
2023-06-18 00:00:00+00:00,-0.00421200380050446,0.0,-0.004125305125287082,-0.006759993813398535
2023-06-19 00:00:00+00:00,-0.002256937955667393,0.0,-0.002245824721700762,0.018944385997561763
2023-06-20 00:00:00+00:00,0.0,0.0,0.0,0.0544980151704344
2023-06-21 00:00:00+00:00,0.003322093405279558,0.0,0.0028465523147358507,0.060016401207468206
2023-06-22 00:00:00+00:00,-0.004645414961714556,0.0,-0.004450046964331822,-0.0037847841672641325
2023-06-23 00:00:00+00:00,0.0823479930389095,0.0,0.07905288620689377,0.026724686192468594
2023-06-24 00:00:00+00:00,0.037367147757163544,0.0,0.03641679944212317,-0.0048641493932853885
2023-06-25 00:00:00+00:00,-0.008622256399341777,0.0,-0.008073504552065458,-0.002168771007921566
2023-06-26 00:00:00+00:00,0.02018784811457852,0.0,0.01758325011609596,-0.00649747192855743
2023-06-27 00:00:00+00:00,0.011824929980390309,0.0,0.011041038538559977,0.013982108453045594
2023-06-28 00:00:00+00:00,-0.016980021447462024,0.0,-0.016110082955424376,-0.020105464879804025
2023-06-29 00:00:00+00:00,0.003443005615526129,0.0,0.0029045093613957462,0.012425872155868989
2023-06-30 00:00:00+00:00,0.02578832820442334,0.0,0.02703602442614028,0.0006668878675686329
2023-07-01 00:00:00+00:00,-0.015677731540831186,0.0,-0.015086409068386208,0.0037228908542950023
2023-07-02 00:00:00+00:00,0.00967428303007023,0.0,0.008220050338167306,0.0012788811262005595
2023-07-03 00:00:00+00:00,-0.002100634050075323,0.0,-0.00248666637570516,0.017518872886089776
2023-07-04 00:00:00+00:00,-0.006650348653569282,0.0,-0.006090856487736995,-0.012613567048701424
2023-07-05 00:00:00+00:00,8.898468231532952e-05,0.0,0.0011617275434352425,-0.008703964416814758
2023-07-06 00:00:00+00:00,-0.006538854560017349,0.0,-0.008354041761823638,-0.020138806890489525
2023-07-07 00:00:00+00:00,0.011728690686739318,0.0,0.013534894726508151,0.015180221192726773
2023-07-08 00:00:00+00:00,-0.0024555878508025764,0.0,-0.0019713565278501877,-0.0019322142317800273
2023-07-09 00:00:00+00:00,-0.0043054049538794326,0.0,-0.004301925672984708,-0.004013967947722574
2023-07-10 00:00:00+00:00,-0.000864968161763624,0.0,-0.0010005454273033232,0.00826262612860651
2023-07-11 00:00:00+00:00,0.0044659171738756775,0.0,0.004239472768077901,0.006957946369531065
2023-07-12 00:00:00+00:00,-0.0007953937758087282,0.0,-0.0009546015930775864,-0.007824649442636611
2023-07-13 00:00:00+00:00,0.029031262737319707,0.0,0.02864032358787627,0.03532561271564005
2023-07-14 00:00:00+00:00,0.006839527915634136,0.0,0.005780574293448915,-0.036524742618878836
2023-07-15 00:00:00+00:00,-0.0030875947080496458,0.0,-0.003343310590726456,-0.0005578791349901691
2023-07-16 00:00:00+00:00,-0.001290717240775785,0.0,-0.0008842899007797111,-0.001968529944115005
2023-07-17 00:00:00+00:00,-0.0013337895838757552,0.0,-0.0016102979590634225,-0.003001641470969818
2023-07-18 00:00:00+00:00,0.001939312743628685,0.0,0.0023420007800576403,-0.009310863337770203
2023-07-19 00:00:00+00:00,0.014489727175652334,0.0,0.01749141245497876,0.0016719382421530593
2023-07-20 00:00:00+00:00,0.007258075969127642,0.0,0.008735808058212502,-0.003495509357595572
2023-07-21 00:00:00+00:00,-0.011710988777904219,0.0,-0.009754308438356674,0.0033701453459098474
2023-07-22 00:00:00+00:00,-0.007997687660931119,0.0,-0.007101841910746476,-0.0036097339033970277
2023-07-23 00:00:00+00:00,-0.0008204260052975254,0.0,-0.0005265863408183691,0.009646280658754058
2023-07-24 00:00:00+00:00,-0.010733851713219278,0.0,-0.011776456549972725,-0.03016215065778094
2023-07-25 00:00:00+00:00,0.0002735826221433868,0.0,0.00014489487262658862,0.0018001769316755567
2023-07-26 00:00:00+00:00,0.007017805759819362,0.0,0.008214285424030132,0.00409702802887435
2023-07-27 00:00:00+00:00,0.0012135497192076183,0.0,0.0018425126621555155,-0.004305290428142872
2023-07-28 00:00:00+00:00,-0.0021111751734970152,0.0,-0.002372978970852202,0.003088015282594503
2023-07-29 00:00:00+00:00,-0.0007937271910710697,0.0,-0.0009505539843410737,0.0013378885252166572
2023-07-30 00:00:00+00:00,-0.001558585081247621,0.0,-0.0018668275933607648,-0.002317726174286161
2023-07-31 00:00:00+00:00,0.0,0.0,0.0,-0.0017184185083580772
2023-08-01 00:00:00+00:00,0.002501310954153846,0.0,0.0029969222729375744,0.016440343864644325
2023-08-02 00:00:00+00:00,-0.0057717282117651925,0.0,-0.006911924972846983,-0.01788143240003781
2023-08-03 00:00:00+00:00,-0.0019813556722889647,0.0,-0.0023754939426972044,0.00034624495630808383
2023-08-04 00:00:00+00:00,0.0006416612841819713,0.0012273406652951735,-0.0005087107868116947,-0.002710742215612072
2023-08-05 00:00:00+00:00,-0.0025553108934636137,-0.001020136493196988,-0.0014323861703228191,-0.0014913525605561029
2023-08-06 00:00:00+00:00,0.02040136830448458,0.0010245263597385978,0.018290941111653414,0.0006263400062633817
2023-08-07 00:00:00+00:00,-0.011568481573755451,0.0003254839933508613,-0.01076673663859018,0.004361000003439308
2023-08-08 00:00:00+00:00,-0.01037436063275643,-0.01442433498549256,0.0019083136282811441,0.01904960842661807
2023-08-09 00:00:00+00:00,-0.004483004913909738,-0.006683406786620494,0.001529514877110838,-0.006256930676434069
2023-08-10 00:00:00+00:00,-0.005231833824070664,0.0008307291391498328,-0.00507685140049563,-0.004365498025212355
2023-08-11 00:00:00+00:00,-0.002867799039694141,0.0,-0.0025356609099591587,-0.0009577600641224038
2023-08-12 00:00:00+00:00,-0.0007391147412524335,0.0,-0.0006532955323009793,0.0001767775492511614
2023-08-13 00:00:00+00:00,0.001503978253043936,0.0,0.0013292359662635533,-0.0043302844595812795
2023-08-14 00:00:00+00:00,0.02018480899348085,0.0,0.017842715617187643,0.004308152376140573
2023-08-15 00:00:00+00:00,0.009338801736605395,0.008804345393266688,0.0,-0.007841737623005218
2023-08-16 00:00:00+00:00,0.012001815286446504,0.010757157844633047,0.0005701424947317513,-0.016252809296716464
2023-08-17 00:00:00+00:00,0.02923527190770603,0.04166706855458546,-0.014359403960840456,-0.07329771821803699
2023-08-18 00:00:00+00:00,0.008022959485334491,-0.00019856291471942455,0.006964661230640434,-0.021330567424660996
2023-08-19 00:00:00+00:00,0.036757641673008434,0.0,0.03237322013409649,0.00177405047980006
2023-08-20 00:00:00+00:00,-0.005617139918881242,0.0,-0.005658492542261917,0.0033578270719059056
2023-08-21 00:00:00+00:00,-0.0071669661971632825,0.0,-0.005855682707336607,-0.0023112863359043834
2023-08-22 00:00:00+00:00,-0.003837592444619342,0.0,-0.003234812937916498,-0.002718702374843951
2023-08-23 00:00:00+00:00,-0.0009709980100515159,0.0,-0.0008179861457122684,0.014390809540630656
2023-08-24 00:00:00+00:00,0.0,0.0,0.0,-0.009636930717054293
2023-08-25 00:00:00+00:00,0.0,0.0,0.0,-0.004314990483324732
2023-08-26 00:00:00+00:00,0.0,0.0,0.0,-0.0018194589988369536
2023-08-27 00:00:00+00:00,0.0,0.0,0.0,0.0032071618924562895
2023-08-28 00:00:00+00:00,0.0,0.0,0.0,0.0007206461282520671
2023-08-29 00:00:00+00:00,0.000581212377304352,0.0,0.00036716156656457777,0.06104226916668254
2023-08-30 00:00:00+00:00,-0.012689879496848189,0.0,-0.010439089416594882,-0.014790560322886837
2023-08-31 00:00:00+00:00,-0.013189436270468646,0.0,-0.011128651454448635,-0.049922317005247296
2023-09-01 00:00:00+00:00,-0.001789980121534085,0.0,-0.001823127835193894,-0.005106448626967075
2023-09-02 00:00:00+00:00,0.0,0.0,0.0,0.0023337313340259236
2023-09-03 00:00:00+00:00,0.0,0.0,0.0,0.004111263236875162
2023-09-04 00:00:00+00:00,0.0,0.0,0.0,-0.005704469207036378
2023-09-05 00:00:00+00:00,0.0,0.0,0.0,-0.0013287363446191636
2023-09-06 00:00:00+00:00,0.0,0.0,0.0,-0.0012529238121467001
2023-09-07 00:00:00+00:00,6.547035844817195e-05,-0.0013175428887066687,0.0017414926975809486,0.019159216076186203
2023-09-08 00:00:00+00:00,0.0017365737089440891,0.0009331500450227015,0.0010098967810985293,-0.012991269287785823
2023-09-09 00:00:00+00:00,0.0027929630116072524,0.00014466415155789392,0.003329297131168918,-0.00027799442466736046
2023-09-10 00:00:00+00:00,0.0009382540955891194,0.0013315147285808404,-0.0004873532069297193,-0.0024794728995928272
2023-09-11 00:00:00+00:00,0.0,0.0,0.0,-0.026250174226820078
2023-09-12 00:00:00+00:00,0.0,0.0,0.0,0.02685444366689982
2023-09-13 00:00:00+00:00,0.0,0.0,0.0,0.014872724175049923
2023-09-14 00:00:00+00:00,0.0,0.0,0.0,0.011461318051575908
2023-09-15 00:00:00+00:00,0.0,0.0,0.0,0.003047871959200643
2023-09-16 00:00:00+00:00,0.0,0.0,0.0,-0.0016622102884046308
2023-09-17 00:00:00+00:00,0.0,0.0,0.0,-0.0012317822419943836
2023-09-18 00:00:00+00:00,0.0,0.0,0.0,0.008889576151646983
2023-09-19 00:00:00+00:00,-0.0009823534760975416,-0.0010352313667424395,0.0,0.01667669785681447
2023-09-20 00:00:00+00:00,0.005767282874840296,0.0036632147805382154,0.0021600697242922795,-0.0032468010001470704
2023-09-21 00:00:00+00:00,0.0010731752928168081,0.007155616417808375,-0.005394988035037129,-0.020477576481959026
2023-09-22 00:00:00+00:00,-0.0009313967334506623,-0.0021670422689887836,0.0008193748249136767,0.0005310214442277861
2023-09-23 00:00:00+00:00,0.0009945934367998621,0.0008362659399854255,0.0,-0.00013550798556094534
2023-09-24 00:00:00+00:00,0.00576291018079611,0.004846289664933945,0.0,-0.012449601138421196
2023-09-25 00:00:00+00:00,-0.0008727825310924642,-0.0007504703047196415,0.0,0.0022148183162806756
2023-09-26 00:00:00+00:00,0.0034917880781157873,0.0032652444968852556,0.0,-0.003107586390521333
2023-09-27 00:00:00+00:00,-0.0022296709001370374,-0.0020854829784185958,0.0,0.0057537926192727795
2023-09-28 00:00:00+00:00,-0.005583313776029275,-0.005129144475071734,0.0,0.024742408837767016
2023-09-29 00:00:00+00:00,0.004029071184154187,0.0033896298281355097,0.0,-0.004475821677933256
2023-09-30 00:00:00+00:00,0.0013282143443325012,0.0011181296861118017,0.0,0.0022312380768214624
2023-10-01 00:00:00+00:00,-0.0006453474453566033,-0.0005433863620085688,0.0,0.03823619990427041
2023-10-02 00:00:00+00:00,0.008220844275100614,0.013172093730244638,-0.004382526559267852,-0.018004817485901436
2023-10-03 00:00:00+00:00,-0.012159448192971878,-0.014268075792122192,0.0015134168447350493,-0.0023873991906133707
2023-10-04 00:00:00+00:00,0.009233193948866791,0.009690212119230157,0.0,0.012687873923828974
2023-10-05 00:00:00+00:00,0.0,0.0,0.0,-0.013018825784047339
2023-10-06 00:00:00+00:00,-0.0016014560457663363,-0.0013439704372213424,0.0,0.018902563653351967
2023-10-07 00:00:00+00:00,0.0017728695390148985,0.001487440085061742,0.0,0.0009564304725195871
2023-10-08 00:00:00+00:00,0.0011517303719827954,0.0009665788351895799,0.0,-0.0014959023726872633
2023-10-09 00:00:00+00:00,0.00016346376203024704,0.0011169876534711243,-0.0015026208286660347,-0.011572978939973999
2023-10-10 00:00:00+00:00,-0.0001907677632827509,0.0,-0.00024599034259054076,-0.007146923486944345
2023-10-11 00:00:00+00:00,-0.0018239147045636672,0.0,-0.0023520230979682255,-0.018870611952726768
2023-10-12 00:00:00+00:00,0.0,0.0,0.0,-0.004485473394256312
2023-10-13 00:00:00+00:00,0.0,0.0,0.0,0.0039560275201913075
2023-10-14 00:00:00+00:00,0.0,0.0,0.0,-0.0005027970413187255
2023-10-15 00:00:00+00:00,0.0,0.0,0.0,0.011309308660284678
2023-10-16 00:00:00+00:00,0.0013661803700997233,0.0,0.0011751239402368885,0.04961348278174493
2023-10-17 00:00:00+00:00,-0.004884589822711449,0.0,-0.004202295641894782,-0.0036649196280316154
2023-10-18 00:00:00+00:00,-0.0018759958754793749,0.0,-0.0016128452991689413,-0.0026354824729846182
2023-10-19 00:00:00+00:00,0.012464058812310608,0.0,0.01178415710160241,0.013770396826238152
2023-10-20 00:00:00+00:00,0.01797182815260001,0.0,0.017027390701482847,0.03331718757078295
2023-10-21 00:00:00+00:00,0.03494711171982101,0.0,0.03269991821532425,0.008174552321856154
2023-10-22 00:00:00+00:00,0.03444687396640811,0.0,0.03272319537350232,0.002880041745552786
2023-10-23 00:00:00+00:00,0.030573145510884414,0.0,0.02999278789916482,0.10314694061337826
2023-10-24 00:00:00+00:00,-0.010739513838557868,0.0,-0.010889435607044251,0.02548829896595506
2023-10-25 00:00:00+00:00,0.017117916706771652,0.0,0.017088735647695863,0.016826370256803225
2023-10-26 00:00:00+00:00,-0.00465877442415874,0.0,-0.0042580527158845305,-0.00967591344160379
2023-10-27 00:00:00+00:00,-0.004665565013488693,0.0,-0.004537476101950988,-0.007638929554371399
2023-10-28 00:00:00+00:00,0.0032712309158828834,0.0,0.0031810128366196455,0.005709126636395112
2023-10-29 00:00:00+00:00,0.008912534937977945,0.0,0.008667513369065905,0.012966972358639417
2023-10-30 00:00:00+00:00,0.0,0.0,0.0,-0.0012974751365533166
2023-10-31 00:00:00+00:00,0.0,0.0,0.0,0.004860253220352773
2023-11-01 00:00:00+00:00,0.0,0.0,0.0,0.022683066196459656
2023-11-02 00:00:00+00:00,0.0009311020655182745,0.0,0.0009392697082388768,-0.014033196566339612
2023-11-03 00:00:00+00:00,-0.0033399899256277843,0.0,-0.0033692608791837664,-0.006860312363158538
2023-11-04 00:00:00+00:00,0.01300027826855521,0.0,0.01311459507517343,0.010642528616384705
2023-11-05 00:00:00+00:00,-0.007828355301140455,0.0,-0.007896302161249591,-0.00126034725133084
2023-11-06 00:00:00+00:00,0.0,0.0,0.0,0.0009107650140611767
2023-11-07 00:00:00+00:00,0.0033804641217718423,0.0,0.003555899959138964,0.009957954668629032
2023-11-08 00:00:00+00:00,0.0033005183238890012,0.0,0.00412750039327725,0.006219197040091329
2023-11-09 00:00:00+00:00,-0.0035727472707222097,0.0,-0.00332637072178954,0.030673623995486565
2023-11-10 00:00:00+00:00,0.014756684164749512,0.0,0.014712587990516335,0.016636936777461697
2023-11-11 00:00:00+00:00,-0.0006516546006651858,0.0,-0.0006753247168632681,-0.004508389944924307
2023-11-12 00:00:00+00:00,-0.00022702028126442286,0.0,-0.00023527193452721473,-0.0020612398115283925
2023-11-13 00:00:00+00:00,0.004341879643361857,0.0,0.004499733894789193,-0.016159954699276113
2023-11-14 00:00:00+00:00,0.0,0.0,0.0,-0.025412347682137293
2023-11-15 00:00:00+00:00,0.0,0.0,0.0,0.0654292865378665
2023-11-16 00:00:00+00:00,0.0,0.0,0.0,-0.04512532466161279
2023-11-17 00:00:00+00:00,0.0006590288075349893,0.0,0.0008536015774904815,0.01232585139318898
2023-11-18 00:00:00+00:00,0.0003413155401241763,0.0,0.00044200016782669493,-0.0011195486853494696
2023-11-19 00:00:00+00:00,-0.0033810910297837893,0.0,-0.004378037991232042,0.02173265283248904
2023-11-20 00:00:00+00:00,0.0,0.0,0.0,0.0023170010621818005
2023-11-21 00:00:00+00:00,0.0,0.0,0.0,-0.04605939272605941
2023-11-22 00:00:00+00:00,0.003949155969171336,0.0,0.005118722707590617,0.04690936564345072
2023-11-23 00:00:00+00:00,-0.003921133797153642,-0.0036888846480989113,-0.0008954118364348229,-0.0031833514195448442
2023-11-24 00:00:00+00:00,-0.002394537567331101,-0.0032869513515695337,0.0015123616605154933,0.011047264595393846
2023-11-25 00:00:00+00:00,-0.012819650528452131,-0.010393330317441718,-0.0011206631573941195,0.0015992022553259488
2023-11-26 00:00:00+00:00,-0.0019122095141625994,-0.00214804308879768,0.0,-0.008703457552440397
2023-11-27 00:00:00+00:00,0.0,0.0,0.0,-0.0054383392230866745
2023-11-28 00:00:00+00:00,-0.004213898206741673,-0.004300854132425647,0.0,0.015517949847318135
2023-11-29 00:00:00+00:00,0.0010099007088701928,0.0010328725828285812,0.0,0.0006611640189251311
2023-11-30 00:00:00+00:00,0.00478357632639681,0.004762679244156631,0.0,-0.003179419141530304
2023-12-01 00:00:00+00:00,-0.014793561609195538,-0.014536915938791917,0.0,0.02500742374750775
2023-12-02 00:00:00+00:00,-0.013019635138198815,-0.012530342008851503,0.0,0.020046559751681237
2023-12-03 00:00:00+00:00,-0.003781833678767277,-0.003574519719406366,0.0,0.01381260301762377
2023-12-04 00:00:00+00:00,-0.0175982512902082,-0.01950316111503858,0.004249137117832813,0.05036055798317651
2023-12-05 00:00:00+00:00,0.009511226941306239,0.0,0.011448287881608232,0.049736742464833394
2023-12-06 00:00:00+00:00,0.008570203563442291,0.0,0.010295859435988541,-0.006962072696833244
2023-12-07 00:00:00+00:00,-0.0019698981075954025,0.0,-0.0023625052950918546,-0.010937799830039285
2023-12-08 00:00:00+00:00,0.021201806875208673,0.0,0.025437403506172185,0.0210989467849223
2023-12-09 00:00:00+00:00,0.007310710041932067,0.0,0.008734979379231067,-0.010748820954772142
2023-12-10 00:00:00+00:00,0.005597655814606695,0.0,0.006678745380477302,0.0017309068625768198
2023-12-11 00:00:00+00:00,0.0,0.0,0.0,-0.05795480483907789
2023-12-12 00:00:00+00:00,0.031599223875266924,0.02973826784453326,0.0,0.005912141697560047
2023-12-13 00:00:00+00:00,-0.024429666226623348,-0.02321056985984804,0.0,0.03275924364687466
2023-12-14 00:00:00+00:00,-0.045179541217372,-0.04451932179071416,0.0,0.003671137026239002
2023-12-15 00:00:00+00:00,0.016980460375126016,0.012899989250537258,0.0,-0.024734850949517106
2023-12-16 00:00:00+00:00,0.025335332907449493,0.0,0.0,0.007610560426992041
2023-12-17 00:00:00+00:00,0.0,0.0,0.0,-0.021067741218424474
2023-12-18 00:00:00+00:00,0.0,0.0,0.0,0.03080453661541438
2023-12-19 00:00:00+00:00,0.0,0.0,0.0,-0.008750530210889007
2023-12-20 00:00:00+00:00,0.0,0.0,0.0,0.03334885799192877
2023-12-21 00:00:00+00:00,0.0,0.0,0.0,0.00428745633040406
2023-12-22 00:00:00+00:00,0.0,0.0,0.0,0.0023441611251973082
2023-12-23 00:00:00+00:00,0.0,0.0,0.0,-0.006227385952471853
2023-12-24 00:00:00+00:00,0.0,0.0,0.0,-0.016393292655036307
2023-12-25 00:00:00+00:00,0.0,0.0,0.0,0.014032142558197958
2023-12-26 00:00:00+00:00,0.0,0.0,0.0,-0.024612548409952417
2023-12-27 00:00:00+00:00,0.0,0.0,0.0,0.021516978736908943
2023-12-28 00:00:00+00:00,0.0,0.0,0.0,-0.019646152925636096
2023-12-29 00:00:00+00:00,0.0,0.0,0.0,-0.011854432266590886
2023-12-30 00:00:00+00:00,0.006303681212280976,0.0018119316816409547,0.0,0.0018790785625879547
2023-12-31 00:00:00+00:00,0.017792252584371004,0.012634743740703946,0.0,0.003314822806360418
2024-01-01 00:00:00+00:00,-0.04255799742919286,-0.0251753322649082,0.0,0.045285248381150334
2024-01-02 00:00:00+00:00,0.01875027343333535,0.011573296750805984,0.0,0.016947696370353427
2024-01-03 00:00:00+00:00,0.0037619761693659104,0.003316725748151894,0.0,-0.047361259943352385
2024-01-04 00:00:00+00:00,0.007533813499840614,0.006808426644203669,0.0,0.03020572002007027
2024-01-05 00:00:00+00:00,0.04620946943619231,0.04327243611725229,0.0,3.6245180523586384e-05
2024-01-06 00:00:00+00:00,0.05558273920362922,0.05307463136918855,0.0,-0.004274511047583807
2024-01-07 00:00:00+00:00,0.010380484797146261,0.010505921946517338,0.0,-0.0009054364863603226
2024-01-08 00:00:00+00:00,0.0,0.0,0.0,0.06958141398869211
2024-01-09 00:00:00+00:00,0.0,0.0,0.0,-0.018280831206211157
2024-01-10 00:00:00+00:00,0.0,0.0,0.0,0.011903109684694435
2024-01-11 00:00:00+00:00,0.015169222202944477,0.015376788721471524,0.0,-0.006966990907123161
2024-01-12 00:00:00+00:00,0.07923598679627153,0.07885741543404778,0.0,-0.07658758076559524
2024-01-13 00:00:00+00:00,-0.01796449235212605,-0.018549112138488644,0.0,0.0013438064544777362
2024-01-14 00:00:00+00:00,0.016366380716813067,0.016791619525894808,0.0,-0.025941502670002614
2024-01-15 00:00:00+00:00,0.00297170049960771,0.0012909911000367202,0.0,0.018691790324165014
2024-01-16 00:00:00+00:00,-0.03040396506648435,-0.026688709116125198,0.0,0.014536046101375932
2024-01-17 00:00:00+00:00,-0.009923312682975083,-0.01400939887253938,0.0,-0.008105163100178503
2024-01-18 00:00:00+00:00,0.001952293507182068,0.0013887953509039708,0.0,-0.03413239714468708
2024-01-19 00:00:00+00:00,0.001844059739767756,0.0015997308661390708,0.0,0.008206063920664253
2024-01-20 00:00:00+00:00,0.004767766437553611,0.0035060491032699037,0.0,0.0007104761630447598
2024-01-21 00:00:00+00:00,0.007728970075454367,0.006332193655622875,0.0,-0.002681582469454491
2024-01-22 00:00:00+00:00,0.04074667298443191,0.031417757847427064,0.0,-0.04841269841269846
2024-01-23 00:00:00+00:00,0.0,0.0,0.0,0.008163368463618648
2024-01-24 00:00:00+00:00,0.0013388316912836817,0.001205418601235131,0.0,0.004730508899473573
2024-01-25 00:00:00+00:00,0.002580801261866439,0.002323936913507074,0.0,-0.003128843999430919
2024-01-26 00:00:00+00:00,-0.007551896889489984,-0.00680200748467219,0.0,0.04638165057704868
2024-01-27 00:00:00+00:00,0.0002373610696042583,0.00028816306373813383,0.0,0.007075471698113178
2024-01-28 00:00:00+00:00,0.00128758280385588,0.0007725291546627489,0.0,-0.0019238899629948625
2024-01-29 00:00:00+00:00,-0.0070813745269487915,-0.0042508984446604225,0.0,0.030139548608797417
2024-01-30 00:00:00+00:00,0.0005275633954040515,0.0003157923129406548,0.0,-0.00853360192387198
2024-01-31 00:00:00+00:00,0.0,0.0,0.0,-0.008336770095740076
2024-02-01 00:00:00+00:00,0.0,0.0,0.0,0.012032283455316595
2024-02-02 00:00:00+00:00,0.0,0.0,0.0,0.0025398977540247447
2024-02-03 00:00:00+00:00,0.0,0.0,0.0,-0.004390718354870038
2024-02-04 00:00:00+00:00,0.0,0.0,0.0,-0.009818014346721693
2024-02-05 00:00:00+00:00,0.0,0.0,0.0,0.002879942119270895
2024-02-06 00:00:00+00:00,0.0,0.0,0.0,0.009046000623054384
2024-02-07 00:00:00+00:00,0.001315223265023313,0.0,0.001172985052539266,0.028949072752216143
2024-02-08 00:00:00+00:00,0.0002940662070642919,0.0,0.0002623009187951997,0.021271843740271024
2024-02-09 00:00:00+00:00,0.006624343870173632,0.0,0.005908964110134418,0.04080045770735441
2024-02-10 00:00:00+00:00,-0.0013171127120360504,0.0,-0.0011757099010455407,0.013084699285382362
2024-02-11 00:00:00+00:00,0.0,0.0,0.0,0.0119582842753172
2024-02-12 00:00:00+00:00,0.0028283859944557843,0.0,0.0028048646932514743,0.03395620184086412
2024-02-13 00:00:00+00:00,-0.007061519773806424,0.0,-0.007002959322802926,-0.004949583129770341
2024-02-14 00:00:00+00:00,0.0072668021664916704,0.0,0.007206114335487346,0.04279585644030548
2024-02-15 00:00:00+00:00,-0.007056050938311631,0.0,-0.006997544773152065,0.001453017181494154
2024-02-16 00:00:00+00:00,0.0,0.0,0.0,0.004819021744366436
2024-02-17 00:00:00+00:00,0.0,0.0,0.0,-0.008997365221693365
2024-02-18 00:00:00+00:00,0.0,0.0,0.0,0.009607309682387877
2024-02-19 00:00:00+00:00,0.0,0.0,0.0,-0.0069399857022111044
2024-02-20 00:00:00+00:00,0.0,0.0,0.0,0.009333420826111993
2024-02-21 00:00:00+00:00,0.0,0.0,0.0,-0.008023343416689865
2024-02-22 00:00:00+00:00,0.0,0.0,0.0,-0.010811946535897898
2024-02-23 00:00:00+00:00,0.0,0.0,0.0,-0.010620282986696372
2024-02-24 00:00:00+00:00,0.0,0.0,0.0,0.01635156454653064
2024-02-25 00:00:00+00:00,0.0,0.0,0.0,0.0031549103621753005
2024-02-26 00:00:00+00:00,0.0,0.0,0.0,0.053061051021058514
2024-02-27 00:00:00+00:00,0.0,0.0,0.0,0.047015681066048254
2024-02-28 00:00:00+00:00,0.0,0.0,0.0,0.09484796187439226
2024-02-29 00:00:00+00:00,0.0,0.0,0.0,-0.020557579947477755
2024-03-01 00:00:00+00:00,0.0,0.0,0.0,0.020052840288023566
2024-03-02 00:00:00+00:00,0.0,0.0,0.0,-0.006258149048703587
2024-03-03 00:00:00+00:00,0.0,0.0,0.0,0.018352705275153536
2024-03-04 00:00:00+00:00,0.0,0.0,0.0,0.08100698813678697
2024-03-05 00:00:00+00:00,0.0,0.0,0.0,-0.06660673183359578
2024-03-06 00:00:00+00:00,-0.0007399539904915375,0.0,-0.0006289502830061355,0.03734583684981674
2024-03-07 00:00:00+00:00,0.004168751593810693,0.0,0.0035429855105151287,0.011219133772178536
2024-03-08 00:00:00+00:00,-0.002075722624904519,0.0,-0.0017652385406853321,0.019593240616120777
2024-03-09 00:00:00+00:00,0.001606949599622709,0.0,0.001366158965669495,0.002638595956010903
2024-03-10 00:00:00+00:00,0.0,0.0,0.0,0.009387054729293798
2024-03-11 00:00:00+00:00,0.0,0.0,0.0,0.045679967768956775
2024-03-12 00:00:00+00:00,0.0,0.0,0.0,-0.009016850117388175
2024-03-13 00:00:00+00:00,0.0,0.0,0.0,0.022717864375300767
2024-03-14 00:00:00+00:00,0.0,0.0,0.0,-0.022865511790350124
2024-03-15 00:00:00+00:00,0.0,0.0,0.0,-0.026636158168370616
2024-03-16 00:00:00+00:00,0.0,0.0,0.0,-0.06040355301485789
2024-03-17 00:00:00+00:00,0.0,0.0,0.0,0.047388716316506097
2024-03-18 00:00:00+00:00,0.0,0.0,0.0,-0.01151094482080528
2024-03-19 00:00:00+00:00,0.0,0.0,0.0,-0.0840363582618977
2024-03-20 00:00:00+00:00,0.0,0.0,0.0,0.09523817207510876
2024-03-21 00:00:00+00:00,0.0,0.0,0.0,-0.03442286273284967
2024-03-22 00:00:00+00:00,0.0,0.0,0.0,-0.026150482377910178
2024-03-23 00:00:00+00:00,0.0,0.0,0.0,0.0030442139566948523
2024-03-24 00:00:00+00:00,0.0,0.0,0.0,0.05061831950178286
2024-03-25 00:00:00+00:00,0.0,0.0,0.0,0.03954154642593255
2024-03-26 00:00:00+00:00,0.0,0.0,0.0,0.0017677219127438804
2024-03-27 00:00:00+00:00,0.0,0.0,0.0,-0.007302542255521849
2024-03-28 00:00:00+00:00,0.0,0.0,0.0,0.01878399484558302
2024-03-29 00:00:00+00:00,0.0,0.0,0.0,-0.013200411639400333
2024-03-30 00:00:00+00:00,0.0020064386652356436,0.0,0.0,-0.003740865992595488
2024-03-31 00:00:00+00:00,-0.005555354565819237,-0.000959033262530995,0.0,0.024710627623233616
2024-04-01 00:00:00+00:00,0.034685755714690236,0.011519446682906276,0.0,-0.023303392514328114
2024-04-02 00:00:00+00:00,0.03713141152485666,0.005680173911950526,0.0,-0.060182209469153425
2024-04-03 00:00:00+00:00,0.010520122861660042,0.005947167074400683,0.0,0.007123087750151358
2024-04-04 00:00:00+00:00,-0.001182055080842792,-0.001128458174527669,0.0,0.0381677653667698
2024-04-05 00:00:00+00:00,0.0007226592510112262,0.0006898553166079235,0.0,-0.009697780256650912
2024-04-06 00:00:00+00:00,-0.003580421549115198,-0.0010041420038106041,-0.001354667662395559,0.015862718703972156
2024-04-07 00:00:00+00:00,-0.002004439615058251,0.0,-0.0010714762945157608,0.006692152286739139
2024-04-08 00:00:00+00:00,0.001165761810745014,0.0,0.0006225777690416212,0.033385378596853865
2024-04-09 00:00:00+00:00,0.018545237294104844,0.020557119936418733,-0.00019320853731708,-0.034725942543360255
2024-04-10 00:00:00+00:00,-0.014913900578474193,-0.0031974364009477174,-0.0063998378385994314,0.021569809204602386
2024-04-11 00:00:00+00:00,-7.232682802083001e-05,-0.0004967120527679114,0.0,-0.008856606448345183
2024-04-12 00:00:00+00:00,0.019259642757200712,0.018079752730855825,0.0,-0.04167112740290946
2024-04-13 00:00:00+00:00,-0.027949119177201998,0.010513465704278246,-0.016184478853566442,-0.04761500467704549
2024-04-14 00:00:00+00:00,0.0397355717145933,0.0,0.026062937915152684,0.02621532475128907
2024-04-15 00:00:00+00:00,-0.020805080516542285,0.0,-0.013243063518077913,-0.03388203164172099
2024-04-16 00:00:00+00:00,0.0027170242583078874,0.0,0.004161940135738895,0.00587291596666506
2024-04-17 00:00:00+00:00,-0.003381385858103103,0.0,-0.0033466597246378793,-0.039371128361954
2024-04-18 00:00:00+00:00,0.0,0.0,0.0,0.035760637993943245
2024-04-19 00:00:00+00:00,-0.00045588452972722404,0.0,0.001551381747685987,0.005396800378280497
2024-04-20 00:00:00+00:00,0.01760085923654553,0.0,0.004940303247469524,0.017398420377692014
2024-04-21 00:00:00+00:00,-0.0066236304968323445,0.0,-0.0027317469861912747,0.00023729837342756355
2024-04-22 00:00:00+00:00,0.004634823536588062,0.0,0.0,0.028737101887769123
2024-04-23 00:00:00+00:00,0.0,0.0,0.0,-0.005865704273862571
2024-04-24 00:00:00+00:00,0.0,0.0,0.0,-0.03217983228467325
2024-04-25 00:00:00+00:00,0.005686377580014668,0.0,0.006276016022547903,0.0035610894941635607
2024-04-26 00:00:00+00:00,-0.008966588975696799,0.0,-0.009890564010984648,-0.011321550649205592
2024-04-27 00:00:00+00:00,-0.0044147792723714385,0.0,-0.004874250975553496,-0.005142057575985737
2024-04-28 00:00:00+00:00,0.0,0.0,0.0,-0.00524589646962359
2024-04-29 00:00:00+00:00,0.0,0.0,0.0,0.011953087973522791
2024-04-30 00:00:00+00:00,0.0,0.0,0.0,-0.04998558951417875
2024-05-01 00:00:00+00:00,-0.0029294909605619424,0.0,-0.003235873473470985,-0.03864062046587702
2024-05-02 00:00:00+00:00,-0.0049278553260113656,-0.004606739661451864,-0.0003281922631463985,0.012504373357846932
2024-05-03 00:00:00+00:00,-0.006461418576841238,-0.024653555331072163,0.020159042770593105,0.06465469784049582
2024-05-04 00:00:00+00:00,0.00022823685358996926,0.0,0.00024447395046611753,0.01607701694570096
2024-05-05 00:00:00+00:00,0.0019157495137733793,0.0,0.002052005368850418,0.0019384882297124317
2024-05-06 00:00:00+00:00,0.003744744636718478,0.0,0.004010540608892388,-0.013208726636244283
2024-05-07 00:00:00+00:00,-0.006574199141477277,0.0,-0.007038961311744196,-0.013410871865042417
2024-05-08 00:00:00+00:00,0.0,0.0,0.0,-0.018269230769230704
2024-05-09 00:00:00+00:00,0.0,0.0,0.0,0.030939584256490127
2024-05-10 00:00:00+00:00,0.0,0.0,0.0,-0.036034835789316766
2024-05-11 00:00:00+00:00,0.0,0.0,0.0,0.0005116974699768129
2024-05-12 00:00:00+00:00,0.0,0.0,0.0,0.010633259441005682
2024-05-13 00:00:00+00:00,-0.002984833311661106,0.0,-0.0028776074035274934,0.023696705599796752
2024-05-14 00:00:00+00:00,-0.004318285290118684,0.0,-0.004162709322191871,-0.02164289540485853
2024-05-15 00:00:00+00:00,0.010277629229349161,0.0,0.009905806664823658,0.07513992575202466
2024-05-16 00:00:00+00:00,-0.0021505845509027788,0.0,-0.002073544165259289,-0.01447214523826068
2024-05-17 00:00:00+00:00,0.0,0.0,0.0,0.027021805430121004
2024-05-18 00:00:00+00:00,0.0,0.0,0.0,-0.0014198268139744563
2024-05-19 00:00:00+00:00,0.0,0.0,0.0,-0.009650907753468996
2024-05-20 00:00:00+00:00,0.0,0.0,0.0,0.07891224860128565
2024-05-21 00:00:00+00:00,0.0013969318262776476,0.0,0.0007482142000196923,-0.018158158018092396
2024-05-22 00:00:00+00:00,-0.0012130288086488195,0.0,-0.0006501346035530098,-0.013534505364207416
2024-05-23 00:00:00+00:00,-0.005194453569303703,0.0,-0.0028637695458054724,-0.01761363554279105
2024-05-24 00:00:00+00:00,0.0018748670343304852,0.0,0.0014330069997372519,0.008591189104689922
2024-05-25 00:00:00+00:00,0.008925219445804933,0.0,0.007294387651072265,0.0106482406272006
2024-05-26 00:00:00+00:00,0.0020035998135883304,0.0,0.001081539147341548,-0.011398785822282154
2024-05-27 00:00:00+00:00,0.0,0.0,0.0,0.01367835935573214
2024-05-28 00:00:00+00:00,-0.0005488712214769542,0.0,-0.0005883904402892437,-0.014700208460502018
2024-05-29 00:00:00+00:00,-0.002821239870451575,0.0,-0.003024491255383621,-0.011013946420613596
2024-05-30 00:00:00+00:00,0.0014569818356393593,0.0,0.0015622660227621044,0.010575194240523
2024-05-31 00:00:00+00:00,0.0,0.0,0.0,-0.012055114944629297
2024-06-01 00:00:00+00:00,0.0,0.0,0.0,0.0032747392268774878
2024-06-02 00:00:00+00:00,0.0,0.0,0.0,9.882122502924418e-05
2024-06-03 00:00:00+00:00,0.0,0.0,0.0,0.015419012209851868
2024-06-04 00:00:00+00:00,0.0,0.0,0.0,0.02510624330078981
2024-06-05 00:00:00+00:00,0.0,0.0,0.0,0.007839331255313109
2024-06-06 00:00:00+00:00,0.0,0.0,0.0,-0.004263825803104915
2024-06-07 00:00:00+00:00,0.00031270253445669915,0.0,0.0,-0.020513906536778204
2024-06-08 00:00:00+00:00,-0.00676591729639664,0.0,-0.0021849947721076513,-0.00043962696570909454
2024-06-09 00:00:00+00:00,0.003922985644190025,0.0,0.0017260109096808307,0.004623160505577095
2024-06-10 00:00:00+00:00,0.0,0.0,0.0,-0.0015559711829544742
2024-06-11 00:00:00+00:00,0.0,0.0,0.0,-0.032174264326389035
2024-06-12 00:00:00+00:00,0.0,0.0,0.0,0.014105616845933033
2024-06-13 00:00:00+00:00,0.0,0.0,0.0,-0.02172833574775579
2024-06-14 00:00:00+00:00,0.0,0.0,0.0,-0.011187822761649313
2024-06-15 00:00:00+00:00,0.0,0.0,0.0,0.002634778777008462
2024-06-16 00:00:00+00:00,0.0,0.0,0.0,0.006643640213430224
2024-06-17 00:00:00+00:00,0.0,0.0,0.0,-0.0027230337146080252
2024-06-18 00:00:00+00:00,0.0,0.0,0.0,-0.019889547644801442
2024-06-19 00:00:00+00:00,-0.00019473306228146026,-0.0001575287043359408,0.0,-0.0033215656178050557
2024-06-20 00:00:00+00:00,0.00040165209467302176,0.0003249031210790232,0.0,-0.0012258676555743087
2024-06-21 00:00:00+00:00,0.003682013939420692,0.0029786713960910927,0.0,-0.011256052055385934
2024-06-22 00:00:00+00:00,-0.0005361246442109335,-0.00043401764042394486,0.0,0.001808995072047903
2024-06-23 00:00:00+00:00,0.005254811875692766,0.004253578157914939,0.0,-0.01626867995018677
2024-06-24 00:00:00+00:00,0.014611652095136707,0.011839390369065672,0.0,-0.046226831595587714
2024-06-25 00:00:00+00:00,-0.007362429460678999,-0.005984650373860756,0.0,0.024956199729234685
2024-06-26 00:00:00+00:00,0.010201694512512516,0.0061630826219678525,0.0035392483889633564,-0.014854850771636507
2024-06-27 00:00:00+00:00,-0.0066417795791225975,-0.005485899663794203,-0.0011871141423777098,0.013504742844655304
2024-06-28 00:00:00+00:00,0.0044001860005693505,0.004477094604768528,0.0001269298604864577,-0.020300898155053315
2024-06-29 00:00:00+00:00,0.0037758533432112884,0.0005031214960227182,0.0025876877167736456,0.00914449493461822
2024-06-30 00:00:00+00:00,-0.008755330854005705,-0.007146742967843345,0.0,0.02924778296688868
2024-07-01 00:00:00+00:00,-0.0005823734338967768,-0.00047460570705493144,0.0,0.0018736258483891266
2024-07-02 00:00:00+00:00,0.004771635010100805,0.003888228590843701,0.0,-0.01208582205853359
2024-07-03 00:00:00+00:00,0.0,0.0,0.0,-0.03083530252593214
2024-07-04 00:00:00+00:00,-0.010954995818033164,0.0,-0.010736810124845397,-0.05251959872442202
2024-07-05 00:00:00+00:00,0.0017380233046579985,0.0,0.0016983790947904254,-0.007730616924266243
2024-07-06 00:00:00+00:00,0.024213566678926934,0.0,0.025020710347498865,0.028462200268881244
2024-07-07 00:00:00+00:00,-0.02705177501361533,0.0,-0.028323842910986996,-0.04096983647107322
2024-07-08 00:00:00+00:00,0.003212534611515938,0.0,0.003117654617684984,0.01532305587049465
2024-07-09 00:00:00+00:00,0.0,0.0,0.0,0.023582376019644746
2024-07-10 00:00:00+00:00,0.0,0.0,0.0,-0.005449544320202948
2024-07-11 00:00:00+00:00,0.0,0.0,0.0,-0.00678427227199474
2024-07-12 00:00:00+00:00,0.001173606079418743,0.0,0.001220472637947001,0.009674520853870217
2024-07-13 00:00:00+00:00,0.020045138861229495,0.0,0.020844641793935414,0.022533264212891035
2024-07-14 00:00:00+00:00,0.0008270718552851886,0.0,0.0010007648552650128,0.02690370770946693
2024-07-15 00:00:00+00:00,0.018238423472777265,0.0,0.019506424259882582,0.06442089326267975
2024-07-16 00:00:00+00:00,0.004187443679150471,0.0,0.0037754471816198176,0.0050927171362047385
2024-07-17 00:00:00+00:00,0.003902559664184402,0.0,0.0031986734928148852,-0.014679280110752257
2024-07-18 00:00:00+00:00,0.0,0.0,0.0,-0.0014955733837893614
2024-07-19 00:00:00+00:00,0.009982746750252236,0.0,0.009777054440075261,0.041713636200181536
2024-07-20 00:00:00+00:00,-0.0030709439774291303,0.0,-0.0030082805135290824,0.007019581886867465
2024-07-21 00:00:00+00:00,-0.0011123209819545732,0.0,-0.0010895552780784135,0.015536041111488652
2024-07-22 00:00:00+00:00,-0.00726680893149334,0.0,-0.007051892927664727,-0.00937509172561568
2024-07-23 00:00:00+00:00,5.431969588531871e-05,0.0,4.432934510711917e-05,-0.023449166804939914
2024-07-24 00:00:00+00:00,0.0014812828275958534,0.0,0.001208860848279203,-0.008580565686232777
2024-07-25 00:00:00+00:00,-0.0010169326117401845,0.0,-0.0008301348594107472,0.006460517698329671
2024-07-26 00:00:00+00:00,4.008261741406116e-05,0.0,3.271382677638712e-05,0.03207243093670664
2024-07-27 00:00:00+00:00,0.0012825880391913458,0.0,0.0013625076987311413,-0.00012816263396309147
2024-07-28 00:00:00+00:00,-0.005794751707588364,0.0,-0.005398366285845224,0.005034343148608178
2024-07-29 00:00:00+00:00,0.010238596295813807,0.0,0.0100930317081811,-0.02148338720671983
2024-07-30 00:00:00+00:00,0.0005159707501163346,0.0,0.0005051723908275907,-0.00884943820224715
2024-07-31 00:00:00+00:00,0.0,0.0,0.0,-0.023541663832598037
2024-08-01 00:00:00+00:00,-0.003749898177874189,0.0,-0.0034777609583551694,0.011255104346937772
2024-08-02 00:00:00+00:00,-0.013563308867804547,0.0,-0.01204898324797532,-0.05885909605090556
2024-08-03 00:00:00+00:00,-0.006333029359693598,0.0,-0.006161473422707231,-0.012996940652563183
2024-08-04 00:00:00+00:00,-0.0144866578373809,0.0,-0.01415557871177453,-0.04185740698628648
2024-08-05 00:00:00+00:00,0.01940715152325745,0.0,0.01765885112367349,-0.07122599729983059
2024-08-06 00:00:00+00:00,0.02978479533421874,0.0,0.027944669567943503,0.03681455323861038
2024-08-07 00:00:00+00:00,0.04049598617598327,0.0,0.03938415765679282,-0.015864993070339506
2024-08-08 00:00:00+00:00,0.010392778340718056,0.0,0.011089444233280954,0.11899373717172779
2024-08-09 00:00:00+00:00,-0.011684176475718178,0.0,-0.011854961989167578,-0.013804780424198637
2024-08-10 00:00:00+00:00,-8.60969923741628e-05,0.0,-0.0003213876142666994,0.0013369819400546046
2024-08-11 00:00:00+00:00,-0.005982309584687595,0.0,-0.005914992397159979,-0.036078233007444616
2024-08-12 00:00:00+00:00,0.0017544622409040311,0.0,0.001642837700512434,0.010742318943794071
2024-08-13 00:00:00+00:00,0.00043558102128926635,0.0,0.00047481388270265157,0.020681482580288568
2024-08-14 00:00:00+00:00,-0.0006730210958264538,0.0,-0.0007336114585769771,-0.03141840282078601
2024-08-15 00:00:00+00:00,0.0,0.0,0.0,-0.019388522390324625
2024-08-16 00:00:00+00:00,0.0,0.0,0.0,0.02336770356975193
2024-08-17 00:00:00+00:00,0.0,0.0,0.0,0.010425640006184622
2024-08-18 00:00:00+00:00,0.0,0.0,0.0,-0.018135651647510853
2024-08-19 00:00:00+00:00,0.0,0.0,0.0,0.017271793115259504
2024-08-20 00:00:00+00:00,0.0,0.0,0.0,-0.0069968096837461635
2024-08-21 00:00:00+00:00,0.0,0.0,0.0,0.036232535192403104
2024-08-22 00:00:00+00:00,0.0,0.0,0.0,-0.012599803664921416
2024-08-23 00:00:00+00:00,0.0,0.0,0.0,0.060812031171551206
2024-08-24 00:00:00+00:00,-0.00027109263875302325,0.0,-0.00029551633108415576,0.0015089058245951747
2024-08-25 00:00:00+00:00,-0.002227436231321933,0.0,-0.002380665406202298,0.0011494701051990575
2024-08-26 00:00:00+00:00,-0.006987005729700568,0.0,-0.0073973776081546205,-0.021539113447224034
2024-08-27 00:00:00+00:00,-0.0021313840170218423,0.0,-0.002432023746259171,-0.05450136607671685
2024-08-28 00:00:00+00:00,0.005436389606812364,0.0,0.005931465699631655,-0.0063063594035480675
2024-08-29 00:00:00+00:00,-0.00221150969733519,0.0,-0.002411717885860143,0.005307574987290176
2024-08-30 00:00:00+00:00,-0.004628827408460934,0.0,-0.005048888674333729,-0.003824810529438616
2024-08-31 00:00:00+00:00,0.0,0.0,0.0,-0.0026126847196863423
2024-09-01 00:00:00+00:00,0.0,0.0,0.0,-0.028397455799694327
2024-09-02 00:00:00+00:00,0.013713446404774343,0.0,0.014964242512209625,0.032199426906078576
2024-09-03 00:00:00+00:00,-0.015579377866145494,0.0,-0.016979414101809587,-0.028085620372140352
2024-09-04 00:00:00+00:00,0.016140488872108394,0.0,0.017616002541834375,0.008579350726433788
2024-09-05 00:00:00+00:00,-0.004590346912392462,0.0,-0.005002717928627831,-0.031048515138545785
2024-09-06 00:00:00+00:00,0.00018464669065054728,0.0,0.00020131771395681675,-0.03950436097510579
2024-09-07 00:00:00+00:00,-0.0016809463284299664,0.0,-0.0018326818126107591,0.003842181290876656
2024-09-08 00:00:00+00:00,0.0009108998610796171,0.0,0.000758021302815548,0.013017480405431492
2024-09-09 00:00:00+00:00,0.009134035582012867,0.0,0.007471185823983317,0.03957723980481265
2024-09-10 00:00:00+00:00,0.006783702132081348,0.0,0.005557888494776231,0.010508682687247806
2024-09-11 00:00:00+00:00,-0.0010124997087378462,0.0,-0.0008305524536220688,-0.005261321562044841
2024-09-12 00:00:00+00:00,0.0,0.0,0.0,0.013803092171849274
2024-09-13 00:00:00+00:00,0.0012838156884933394,0.0,0.0014038945309573503,0.04060794877532392
2024-09-14 00:00:00+00:00,-0.00404744588690964,0.0,-0.0044254840021002995,-0.008141431317218006
2024-09-15 00:00:00+00:00,0.003180021291679047,0.0,0.0034783608171362612,-0.01440030685077709
2024-09-16 00:00:00+00:00,-0.0019499560841953478,0.0,-0.0021322606667733,-0.015456722024348335
2024-09-17 00:00:00+00:00,0.0,0.0,0.0,0.03598741987041776
2024-09-18 00:00:00+00:00,0.0,0.0,0.0,0.024125346294852523
2024-09-19 00:00:00+00:00,0.0,0.0,0.0,0.019301760905025223
2024-09-20 00:00:00+00:00,0.0,0.0,0.0,0.003953794005425282
2024-09-21 00:00:00+00:00,0.0,0.0,0.0,0.002293603394976307
2024-09-22 00:00:00+00:00,0.0,0.0,0.0,0.0037554918936333337
2024-09-23 00:00:00+00:00,0.0,0.0,0.0,-0.0040340851877957995
2024-09-24 00:00:00+00:00,0.0,0.0,0.0,0.014866828852168945
2024-09-25 00:00:00+00:00,0.0,0.0,0.0,-0.01750693848833562
2024-09-26 00:00:00+00:00,0.0,0.0,0.0,0.03201602068493492
2024-09-27 00:00:00+00:00,0.0,0.0,0.0,0.009370701513067514
2024-09-28 00:00:00+00:00,0.0,0.0,0.0,0.0011102729142078438
2024-09-29 00:00:00+00:00,0.0,0.0,0.0,-0.003866453163503092
2024-09-30 00:00:00+00:00,0.0,0.0,0.0,-0.03445272929976628
2024-10-01 00:00:00+00:00,0.0,0.0,0.0,-0.039998989086876824
2024-10-02 00:00:00+00:00,0.0,0.0,0.0,-0.0025371523344435154
2024-10-03 00:00:00+00:00,0.0,0.0,0.0,0.0017254291303903102
2024-10-04 00:00:00+00:00,0.0,0.0,0.0,0.02185511599415091
2024-10-05 00:00:00+00:00,0.0,0.0,0.0,-0.0005043961427393384
2024-10-06 00:00:00+00:00,0.0,0.0,0.0,0.012353461855341141
2024-10-07 00:00:00+00:00,0.0,0.0,0.0,-0.009533471467272348
2024-10-08 00:00:00+00:00,0.0,0.0,0.0,-0.0009486949013276513
2024-10-09 00:00:00+00:00,0.0,0.0,0.0,-0.024549465087869704
2024-10-10 00:00:00+00:00,0.0,0.0,0.0,-0.0051677710604821625
2024-10-11 00:00:00+00:00,-0.002302937136784533,-0.002171901874185811,0.0,0.036750412981895186
2024-10-12 00:00:00+00:00,-0.00025647254423388777,-0.00024184769993784716,0.0,0.010670463453262835
2024-10-13 00:00:00+00:00,0.004745959276576839,0.004475264781344412,0.0,-0.005321641129542809
2024-10-14 00:00:00+00:00,-0.004052289584643098,-0.00380814124623996,0.0,0.05132256945439018
2024-10-15 00:00:00+00:00,0.003758958216512509,0.0037068187346396275,0.0,0.014821788877301234
2024-10-16 00:00:00+00:00,-0.003582060435072809,-0.0035325581499673353,0.0,0.008172232903417287
2024-10-17 00:00:00+00:00,-0.0030199274310498403,-0.0029780455931104344,0.0,-0.0028183808734761895
2024-10-18 00:00:00+00:00,0.0,0.0,0.0,0.014929934793736166
2024-10-19 00:00:00+00:00,0.0,0.0,0.0,-0.0007411435538052791
2024-10-20 00:00:00+00:00,0.0,0.0,0.0,0.009699065642047477
2024-10-21 00:00:00+00:00,0.0,0.0,0.0,-0.02392491462631907
2024-10-22 00:00:00+00:00,0.0,0.0,0.0,0.0005581218605643645
2024-10-23 00:00:00+00:00,0.0,0.0,0.0,-0.011263025469391619
2024-10-24 00:00:00+00:00,0.00032137496036366286,0.0003030400827515045,0.0,0.022905688461030804
2024-10-25 00:00:00+00:00,0.019597574412478114,0.018479844914108146,0.0,-0.022163939812655298
2024-10-26 00:00:00+00:00,-0.0035227797973643726,-0.006900872970637351,0.0031536255010577996,0.006135355850639401
2024-10-27 00:00:00+00:00,0.002385874171548119,-0.001196513541982247,0.003018172188116841,0.013728571471169682
2024-10-28 00:00:00+00:00,-0.0010416623317480722,-0.001859238431609067,0.0007556454768420373,0.02864135214714536
2024-10-29 00:00:00+00:00,-0.005936792280312964,-0.005648192063859359,0.0,0.040027166142407866
2024-10-30 00:00:00+00:00,0.003494400588065494,0.003323565364368619,0.0,-0.005368472425573478
2024-10-31 00:00:00+00:00,0.003183623258506074,0.0030284969753060498,0.0,-0.02801835547139564
2024-11-01 00:00:00+00:00,0.0,0.0,0.0,-0.01175167337628813
2024-11-02 00:00:00+00:00,0.0,0.0,0.0,-0.0018547963537206558
2024-11-03 00:00:00+00:00,0.0,0.0,0.0,-0.00870880221893544
2024-11-04 00:00:00+00:00,0.0,0.0,0.0,-0.013498636611525172
2024-11-05 00:00:00+00:00,0.0,0.0,0.0,0.02238985292101492
2024-11-06 00:00:00+00:00,0.0,0.0,0.0,0.08978401830631921
2024-11-07 00:00:00+00:00,0.0,0.0,0.0,0.0036980731649551846
2024-11-08 00:00:00+00:00,0.0,0.0,0.0,0.008209925203732205
2024-11-09 00:00:00+00:00,0.0,0.0,0.0,0.0025221554819292447
2024-11-10 00:00:00+00:00,0.0,0.0,0.0,0.04871072877635618
2024-11-11 00:00:00+00:00,0.0,0.0,0.0,0.10345603780624302
2024-11-12 00:00:00+00:00,0.0,0.0,0.0,-0.008530478795522045
2024-11-13 00:00:00+00:00,0.004733429099881059,0.0,0.004559732892085,0.027750875278497844
2024-11-14 00:00:00+00:00,0.027472165344229138,0.0,0.026767344314732933,-0.03351940477783699
2024-11-15 00:00:00+00:00,0.0534507955717789,0.0,0.05214916881181009,0.042249781707363265
2024-11-16 00:00:00+00:00,0.18099787175167958,0.0,0.17771434841919231,-0.004735678224225048
2024-11-17 00:00:00+00:00,0.013921207262645119,0.0,0.013642444321520841,-0.008201378369940282
2024-11-18 00:00:00+00:00,0.17459189539370934,0.0,0.1677245714390727,0.00675751585930584
2024-11-19 00:00:00+00:00,-0.024593583304540312,0.0,-0.024539457523581776,0.02020276795046594
2024-11-20 00:00:00+00:00,0.01220241972509939,0.0,0.007869664468124649,0.02114128957426109
2024-11-21 00:00:00+00:00,0.03716920427625148,0.0,0.03919940041838976,0.04325895129815027
2024-11-22 00:00:00+00:00,0.09012277478578024,0.0,0.09572471133804439,0.005638081141198015
2024-11-23 00:00:00+00:00,0.11280859836605428,0.0,0.12389610979560728,-0.01208939622771199
2024-11-24 00:00:00+00:00,0.007476276397350601,0.0,0.008307282062707921,0.0024036715084598814
2024-11-25 00:00:00+00:00,-0.029813869233809354,0.0,-0.024553877342983754,-0.049983462705338044
2024-11-26 00:00:00+00:00,-0.015492089985633672,0.0,-0.012690055625937058,-0.011203043067136709
2024-11-27 00:00:00+00:00,-0.0028113999214167684,0.0,-0.0019904691648053863,0.042205400048249686
2024-11-28 00:00:00+00:00,0.008407787941800526,0.0,0.007277159988824167,-0.002198003862147191
2024-11-29 00:00:00+00:00,0.04491675419526797,0.0,0.04134504650483839,0.019038731629019034
2024-11-30 00:00:00+00:00,-0.014079174659594407,0.0,-0.012905848823383526,-0.010677189351933958
2024-12-01 00:00:00+00:00,0.01975161017984428,0.0,0.0161741713138297,0.008188641421465137
2024-12-02 00:00:00+00:00,0.06713816515384008,0.0,0.0551715580751555,-0.01413251001643967
2024-12-03 00:00:00+00:00,-0.003369529830962059,0.0,-0.004269869205223986,0.00023777120778389893
2024-12-04 00:00:00+00:00,-0.0014919014981025214,0.0,-0.0031921591846446606,0.028739497024917293
2024-12-05 00:00:00+00:00,0.0005508277568173625,0.0,0.0006119706132825531,-0.01690790900559247
2024-12-06 00:00:00+00:00,0.0,0.0,0.0,0.028875842126152795
2024-12-07 00:00:00+00:00,0.0,0.0,0.0,0.0009689136043686819
2024-12-08 00:00:00+00:00,0.0,0.0,0.0,0.013021125294296665
2024-12-09 00:00:00+00:00,0.0,0.0,0.0,-0.03805237154150187
2024-12-10 00:00:00+00:00,0.0,0.0,0.0,-0.007670332853616624
2024-12-11 00:00:00+00:00,0.0,0.0,0.0,0.04671623065265473
2024-12-12 00:00:00+00:00,0.008886938882935125,0.009640789221955881,0.0,-0.011204041327079195
2024-12-13 00:00:00+00:00,-0.007778440268854325,-0.008431959804503175,0.0,0.013897445950487253
2024-12-14 00:00:00+00:00,0.008398499521170999,0.009110114752090448,0.0,8.976846640940117e-05
2024-12-15 00:00:00+00:00,0.001032072071250889,0.0011187313359164452,0.0,0.030374527771475757
2024-12-16 00:00:00+00:00,0.005562873704069382,0.003014722805994241,0.0,0.014960693238777578
2024-12-17 00:00:00+00:00,0.009587358145844105,0.005208936461826408,0.0,0.00048479955330549274
2024-12-18 00:00:00+00:00,0.04314558065260643,0.023543660671757616,0.0,-0.05555995497508359
2024-12-19 00:00:00+00:00,0.0,0.0,0.0,-0.027417347184249485
2024-12-20 00:00:00+00:00,0.0012284601446461707,0.0,0.00073021153094599,0.003386894156478526
2024-12-21 00:00:00+00:00,-0.005583195275505881,0.002570239750292913,-0.004864524740915255,-0.0051409306455109105
2024-12-22 00:00:00+00:00,0.008945464381457713,0.01075396828976749,-0.0011929624257918103,-0.021676547215864872
2024-12-23 00:00:00+00:00,0.0017478696488231193,0.0017130569645928961,0.0,-0.0030729295296546555
2024-12-24 00:00:00+00:00,0.0,0.0,0.0,0.039701205235865844
2024-12-25 00:00:00+00:00,0.002084587126239157,0.0018388250755672075,0.0,0.0076297410856234205
2024-12-26 00:00:00+00:00,0.020025974699505955,0.01766934918306373,0.0,-0.0365134931983091
2024-12-27 00:00:00+00:00,0.023477095478231957,0.01691969815132799,0.0,-0.01558312706916909
2024-12-28 00:00:00+00:00,-0.023773308735380194,-0.01659578637507486,0.0,0.010611199579031894
2024-12-29 00:00:00+00:00,0.019132932592615726,0.013603115161295865,0.0,-0.016366940271323238
2024-12-30 00:00:00+00:00,-0.004663403720848502,-0.0036250400242850978,0.0,-0.010039487726787644
2024-12-31 00:00:00+00:00,-0.0018849703867416245,-0.001873914488264239,0.0,0.008512354017332857
2025-01-01 00:00:00+00:00,-0.006222588919941541,-0.003925661652644852,0.0,0.011031663653982005
2025-01-02 00:00:00+00:00,-0.01981393674341536,-0.012065704410117117,0.0,0.025233424507485225
2025-01-03 00:00:00+00:00,-0.0056705863078491126,-0.0038318562402019918,0.0,0.0121504627839224
2025-01-04 00:00:00+00:00,0.0,0.0,0.0,0.00028019566827675035
2025-01-05 00:00:00+00:00,0.0,0.0,0.0,0.001701075242530603
2025-01-06 00:00:00+00:00,0.0,0.0,0.0,0.03905015446379001
2025-01-07 00:00:00+00:00,0.0,0.0,0.0,-0.05147856144622642
2025-01-08 00:00:00+00:00,0.0,0.0,0.0,-0.019667706352539116
2025-01-09 00:00:00+00:00,-0.004157200415523699,0.0,-0.0037556104370929377,-0.02639818721642384
2025-01-10 00:00:00+00:00,0.008833993751104607,0.0012744503016297593,0.006019218389166969,0.023453639173285135
2025-01-11 00:00:00+00:00,0.007630040257482262,-0.0007366048119620272,0.008029007666485066,-0.0011935506017924924
2025-01-12 00:00:00+00:00,-0.0027946990459981613,0.0011646935217526355,-0.0041615866034668825,-0.0006619960343688946
2025-01-13 00:00:00+00:00,0.013112655809251583,0.00657063540817493,0.002939211450896817,-0.00015449751798668476
2025-01-14 00:00:00+00:00,0.008046107743295172,0.0,0.007367339079381807,0.021480590102375574
2025-01-15 00:00:00+00:00,0.02623567487533407,0.0,0.024038622981895852,0.04087555393001496
2025-01-16 00:00:00+00:00,0.008768125274402516,0.0,0.008051093363806272,-0.005202070475811338
2025-01-17 00:00:00+00:00,0.0030669913353715827,0.0,0.002818184824076475,0.04107671402297841
2025-01-18 00:00:00+00:00,0.0035263767307103233,0.0,0.003241106995491183,0.004630799913496908
2025-01-19 00:00:00+00:00,-0.017885731176198738,0.0,-0.016443521609076805,-0.03073735007074918
2025-01-20 00:00:00+00:00,0.006587012481227061,0.0,0.006046991223166875,0.009239819763797952
2025-01-21 00:00:00+00:00,0.0037210183940021846,0.0,0.0034177927548073583,0.03781898059220934
2025-01-22 00:00:00+00:00,0.011798386684499285,0.010674706192271843,0.000260499300861472,-0.02308449834848214
2025-01-23 00:00:00+00:00,0.012604685407254346,0.013236184944990237,-0.0015403639315868523,0.0019215761554780553
2025-01-24 00:00:00+00:00,0.0016708275468018119,0.0015496751207799697,0.0,0.009088799691134852
2025-01-25 00:00:00+00:00,-0.0033763672573604575,-0.003131924218647386,0.0,-0.0010123263373728042
2025-01-26 00:00:00+00:00,0.0,0.0,0.0,-0.020457106836545558
2025-01-27 00:00:00+00:00,0.0,0.0,0.0,-0.005253505018033344
2025-01-28 00:00:00+00:00,0.013129064042880279,0.00760972289544104,0.0,-0.007270050469852851
2025-01-29 00:00:00+00:00,-0.003777922741813322,-0.002201712320989424,0.0,0.023880426068033422
2025-01-30 00:00:00+00:00,-0.015347780192197735,-0.008039298186096167,-0.001454268329474817,0.009437965172008678
2025-01-31 00:00:00+00:00,-0.0019852896641076034,0.0010723260352181185,-0.0035978409588737215,-0.021945625061498775
2025-02-01 00:00:00+00:00,-0.001987724826720272,0.0,-0.0018644725995557998,-0.01734816570081754
2025-02-02 00:00:00+00:00,0.0,0.0,0.0,-0.02921466031036668
2025-02-03 00:00:00+00:00,0.03592740035240505,0.0,0.03748404475310507,0.037159868734289336
2025-02-04 00:00:00+00:00,-0.016812784169673134,0.0,-0.01822728008334118,-0.035380285249724364
2025-02-05 00:00:00+00:00,-0.015722926564392004,0.0,-0.017660750929173408,-0.011838104429540919
2025-02-06 00:00:00+00:00,0.005481988896578471,0.0,0.006177925491815728,-0.00039460111109723695
2025-02-07 00:00:00+00:00,0.003256316051456931,0.0023215447705113856,0.0,-0.0006278810258706358
2025-02-08 00:00:00+00:00,0.00014467805464524197,0.00010324238078762704,0.0,-0.00044165902057458073
2025-02-09 00:00:00+00:00,-3.972977402399991e-05,-2.835237459897222e-05,0.0,0.00012135431414606046
2025-02-10 00:00:00+00:00,0.00024660005416365927,-0.0008492835706653823,0.0013536268269092044,0.009910436864004168
2025-02-11 00:00:00+00:00,-0.0014729098134640406,0.0,-0.0013862063763646626,-0.01692147809799216
2025-02-12 00:00:00+00:00,-0.0015180392646721996,0.0,-0.0014285552206627639,0.021778643162013722
2025-02-13 00:00:00+00:00,0.0,0.0,0.0,-0.012837328747867138
2025-02-14 00:00:00+00:00,0.0,0.0,0.0,0.009160050786759744
2025-02-15 00:00:00+00:00,0.0,0.0,0.0,0.0009533573263302841
2025-02-16 00:00:00+00:00,0.0,0.0,0.0,-0.01508130164653776
2025-02-17 00:00:00+00:00,0.0,0.0,0.0,-0.0033705642936701086
2025-02-18 00:00:00+00:00,0.0,0.0,0.0,-0.0012658862457072262
2025-02-19 00:00:00+00:00,0.0,0.0,0.0,0.010206856162807698
2025-02-20 00:00:00+00:00,0.0,0.0,0.0,0.01713182467545904
2025-02-21 00:00:00+00:00,-0.0016763972929934035,0.0,-0.0015774371290900868,-0.021627860348142347
2025-02-22 00:00:00+00:00,0.006779819741923099,0.0,0.006378964824660827,0.003905213782887218
2025-02-23 00:00:00+00:00,-0.0051600787114234326,0.0,-0.004856924333811241,-0.0029522306491074346
2025-02-24 00:00:00+00:00,-0.004613548694953895,0.0,-0.004341180055810523,-0.04888773872772767
2025-02-25 00:00:00+00:00,0.0,0.0,0.0,-0.03142015746138582
2025-02-26 00:00:00+00:00,0.016640641915080856,0.016143033544779417,0.0,-0.04998471329244103
2025-02-27 00:00:00+00:00,-0.0022605408534329685,-0.0021940173492623893,0.0,0.005457881330269476
2025-02-28 00:00:00+00:00,0.024773126712486215,0.00176299640240285,0.018775797858829435,-0.004352288524249404
2025-03-01 00:00:00+00:00,0.03238924164074497,-0.0021985450336452494,0.02846844529490511,0.02026225509966828
2025-03-02 00:00:00+00:00,0.016283901699781334,0.0,0.014337586727901641,0.09551586660264144
2025-03-03 00:00:00+00:00,-0.04799247049240607,0.0,-0.044622152937500936,-0.08522459532087778
2025-03-04 00:00:00+00:00,0.010894351270982261,0.0,0.008982400638035237,0.012219132246698461
2025-03-05 00:00:00+00:00,0.006731201658245034,0.0,0.005560397352792457,0.03805565648357123
2025-03-06 00:00:00+00:00,-0.02801751294187238,0.0,-0.023171181308850874,-0.007489557350929377
2025-03-07 00:00:00+00:00,-0.0011353227690334977,0.0,-0.002332353172328605,-0.034865688113403626
2025-03-08 00:00:00+00:00,-0.005802167537489744,0.0,-0.00557720222101632,-0.006559943195571849
2025-03-09 00:00:00+00:00,0.0,0.0,0.0,-0.06376885920586828
2025-03-10 00:00:00+00:00,0.0,0.0,0.0,-0.02628617602442962
2025-03-11 00:00:00+00:00,0.0,0.0,0.0,0.055088725915705794
2025-03-12 00:00:00+00:00,0.0072533494721309655,0.0,0.006970540728551855,0.008983545647558433
2025-03-13 00:00:00+00:00,-0.0031355985473442427,0.0,-0.0030141875800938633,-0.030550916001420347
2025-03-14 00:00:00+00:00,-0.0003661995562644904,0.0,-8.398056595915193e-05,0.03520239155261007
2025-03-15 00:00:00+00:00,-0.001469068905210591,0.0,-0.0012431464927006308,0.00432571914634039
2025-03-16 00:00:00+00:00,-0.009118727497466339,0.0,-0.007707918847830286,-0.02089251971165862
2025-03-17 00:00:00+00:00,0.0022550223214297116,0.0,0.0022662739820347166,0.017219196138674064
2025-03-18 00:00:00+00:00,0.0,0.0,0.0,-0.015444916742989867
2025-03-19 00:00:00+00:00,0.0,0.0,0.0,0.050125746829716045
2025-03-20 00:00:00+00:00,0.0,0.0,0.0,-0.030252344781349527
2025-03-21 00:00:00+00:00,-0.0005768071674243647,0.0,-0.00044266373233747824,-0.0015834438061570477
2025-03-22 00:00:00+00:00,0.0009532538167953408,0.0,0.000731465013860122,-0.002919680239095057
2025-03-23 00:00:00+00:00,0.003466021117688456,0.0,0.0026601887392596613,0.026720394630862954
2025-03-24 00:00:00+00:00,0.003340655547465543,0.0,0.0025660306783577003,0.016493848510416687
2025-03-25 00:00:00+00:00,0.0,0.0,0.0,-0.0010701619191569867
2025-03-26 00:00:00+00:00,0.0,0.0,0.0,-0.005677018832594305
2025-03-27 00:00:00+00:00,0.0,0.0,0.0,0.0036535756465123637
2025-03-28 00:00:00+00:00,0.0,0.0,0.0,-0.03223261063043048
2025-03-29 00:00:00+00:00,0.0,0.0,0.0,-0.021048627175850543
2025-03-30 00:00:00+00:00,0.0,0.0,0.0,-0.0030494632871979066
2025-03-31 00:00:00+00:00,0.0,0.0,0.0,0.001999931999883353
2025-04-01 00:00:00+00:00,0.0033357334024342045,0.0,0.0027897868044692853,0.03154967128184927
2025-04-02 00:00:00+00:00,-0.011047512561839001,0.0,-0.010000987225432967,-0.030965368082339184
2025-04-03 00:00:00+00:00,-0.00037982548266091154,0.0,-0.0010272772236632477,0.00844273693066988
2025-04-04 00:00:00+00:00,-0.0011054502746042916,0.0,-0.0010623636972758588,0.008172490277285283
2025-04-05 00:00:00+00:00,-0.0003351194847432959,0.0,-0.0003220438106312784,-0.004235565153413945
2025-04-06 00:00:00+00:00,-0.0260283371926483,0.0,-0.025012437761610995,-0.06126618294950914
2025-04-07 00:00:00+00:00,0.0005750957315149297,0.0,0.0003510089636133973,0.009567546880979716
2025-04-08 00:00:00+00:00,-0.020519564905659315,0.0,-0.018824313167418394,-0.0359123073035128
2025-04-09 00:00:00+00:00,0.05897287289830011,0.0,0.05413005024940398,0.08244132538379167
2025-04-10 00:00:00+00:00,-0.015705443341390013,0.0,-0.013804010474099071,-0.03666150046011529
2025-04-11 00:00:00+00:00,0.0016033732027320724,0.0,0.0012327647430825373,0.047990075439729996
2025-04-12 00:00:00+00:00,0.004985927383923006,0.0,0.004793605296559811,0.022301965859222284
2025-04-13 00:00:00+00:00,-0.012195396887973664,0.0,-0.011727228278539448,-0.01788056472597843
2025-04-14 00:00:00+00:00,-0.004598026450378989,0.0,-0.004338625987655886,0.01003658899319948
2025-04-15 00:00:00+00:00,-0.02631571428453161,0.0,-0.026469838268319723,-0.011178668281415671
2025-04-16 00:00:00+00:00,0.004002160594040127,0.0,0.004169379542912521,0.0045605301840598855
2025-04-17 00:00:00+00:00,0.004249850887404483,0.0,0.0043260541756218185,0.011013215859030812
2025-04-18 00:00:00+00:00,-0.0002822430472333437,0.0,-0.00027118596925435057,-0.005817582288170531
2025-04-19 00:00:00+00:00,0.001443879109261692,0.0,0.0013872987444270013,0.007414032053635777
2025-04-20 00:00:00+00:00,-0.0022244457007047913,0.0,-0.0021373985337785895,0.001080580244547491
2025-04-21 00:00:00+00:00,0.0,0.0,0.0,0.027334188407635462
2025-04-22 00:00:00+00:00,0.0,0.0,0.0,0.06789952667322163
2025-04-23 00:00:00+00:00,0.0,0.0,0.0,0.0024324205689423284
2025-04-24 00:00:00+00:00,0.0,0.0,0.0,0.0031986893383786352
2025-04-25 00:00:00+00:00,0.0,0.0,0.0,0.007028518624190294
2025-04-26 00:00:00+00:00,-0.008699131756792156,0.0,-0.008357987554792445,-0.00017020502834286244
2025-04-27 00:00:00+00:00,-0.0046899953238612735,0.0,-0.00450452280183411,-0.00928991273656965
2025-04-28 00:00:00+00:00,0.0,0.0,0.0,0.013574593023690129
2025-04-29 00:00:00+00:00,0.0,0.0,0.0,-0.008096326169592105
2025-04-30 00:00:00+00:00,0.0,0.0,0.0,-0.0007961774987500503
2025-05-01 00:00:00+00:00,0.0,0.0,0.0,0.02441644152303679
2025-05-02 00:00:00+00:00,0.0,0.0,0.0,0.004230305330765516
2025-05-03 00:00:00+00:00,0.0,0.0,0.0,-0.010615380166723032
2025-05-04 00:00:00+00:00,0.0,0.0,0.0,-0.016420102439060114
2025-05-05 00:00:00+00:00,0.0,0.0,0.0,0.004950642150817863
2025-05-06 00:00:00+00:00,0.0,0.0,0.0,0.022199295223592763
2025-05-07 00:00:00+00:00,0.0026836650703945253,0.0,0.002577055500774028,0.001957666874313757
2025-05-08 00:00:00+00:00,0.027939863888305716,0.0,0.026832795624027517,0.06433449773374966
2025-05-09 00:00:00+00:00,0.003969107174158326,0.0,0.00381594793152229,-0.002772500898495789
2025-05-10 00:00:00+00:00,0.010852009072999103,0.0,0.010434845439783125,0.017941188184791734
2025-05-11 00:00:00+00:00,0.0,0.0,0.0,-0.006833745591131923
2025-05-12 00:00:00+00:00,0.0,0.0,0.0,-0.012812197627235511
2025-05-13 00:00:00+00:00,0.0,0.0,0.0,0.013069000859456947
2025-05-14 00:00:00+00:00,0.0,0.0,0.0,-0.005994312176937355
2025-05-15 00:00:00+00:00,0.0,0.0,0.0,0.0024782979776354352
2025-05-16 00:00:00+00:00,0.0,0.0,0.0,-0.0029147322698369615
2025-05-17 00:00:00+00:00,0.0,0.0,0.0,-0.0032162549486423053
2025-05-18 00:00:00+00:00,0.0,0.0,0.0,0.03228572869898594
2025-05-19 00:00:00+00:00,0.0,0.0,0.0,-0.008232494671433277
2025-05-20 00:00:00+00:00,0.0,0.0,0.0,0.012020096350287446
2025-05-21 00:00:00+00:00,-0.005068621943005391,0.0,-0.004875790488226062,0.026305218815338094
2025-05-22 00:00:00+00:00,0.007350779179769118,0.0,0.0070697547579585684,0.018731952978528366
2025-05-23 00:00:00+00:00,-0.011162166020625364,0.0,-0.010738425875433388,-0.039325576042850474
2025-05-24 00:00:00+00:00,-0.0013417292443114182,0.0,-0.0012902413798707713,0.003984282871032807
2025-05-25 00:00:00+00:00,-0.001727559393136291,0.0,-0.001661179937426982,0.011671428398990047
2025-05-26 00:00:00+00:00,0.0,0.0,0.0,0.003954811074939668
2025-05-27 00:00:00+00:00,0.0,0.0,0.0,-0.0045480807556305125
2025-05-28 00:00:00+00:00,0.0,0.0,0.0,-0.01070995956443832
2025-05-29 00:00:00+00:00,0.0,0.0,0.0,-0.020266776578097057
2025-05-30 00:00:00+00:00,0.0,0.0,0.0,-0.015064444821342393
2025-05-31 00:00:00+00:00,0.0,0.0,0.0,0.005721019721019793
2025-06-01 00:00:00+00:00,0.0,0.0,0.0,0.00993450648382943
2025-06-02 00:00:00+00:00,0.007510409557801578,0.0,0.007221350647242719,0.0021878459945843254
2025-06-03 00:00:00+00:00,0.0045418028244204045,0.0,0.004368252234681069,-0.004575941059006161
2025-06-04 00:00:00+00:00,-0.001230702739797418,0.0,-0.0011838798721015564,-0.0065346942611845815
2025-06-05 00:00:00+00:00,-0.0018596483535550101,0.0,-0.0017888129898047112,-0.030419966017404154
2025-06-06 00:00:00+00:00,0.0048334400815046585,0.0,0.0046490008920789805,0.02741413739200027
2025-06-07 00:00:00+00:00,0.0009995200654207004,0.0,0.0014273095171308814,0.012159439754412915
2025-06-08 00:00:00+00:00,0.00039705999271633097,0.0,-0.00010827910900546023,0.001601781863848517
2025-06-09 00:00:00+00:00,-0.001777307713786369,0.0,-0.0013679477169800114,0.04306917810487665
2025-06-10 00:00:00+00:00,0.0,0.0,0.0,6.804084991185455e-05
2025-06-11 00:00:00+00:00,0.0,0.0,0.0,-0.0148355247044053
2025-06-12 00:00:00+00:00,-0.0009452206552066356,0.0,-0.0008263791317379976,-0.027536832412523027
2025-06-13 00:00:00+00:00,0.0071560693839722855,0.0,0.006255600748878987,0.003956083496276408
2025-06-14 00:00:00+00:00,-0.0051040330401789236,0.0,-0.004465770709362937,-0.006294605257325281
2025-06-15 00:00:00+00:00,0.0035666283862152426,0.0,0.0031186187022358425,0.0016581260992085678
2025-06-16 00:00:00+00:00,0.0,0.0,0.0,0.011517549694602502
2025-06-17 00:00:00+00:00,0.0,0.0,0.0,-0.021003259013340547
2025-06-18 00:00:00+00:00,0.0,0.0,0.0,0.0031078960462356253
2025-06-19 00:00:00+00:00,0.010738460809086359,0.0,0.00953829944634843,-0.0021529521294861853
2025-06-20 00:00:00+00:00,-0.007814096828421935,0.0,-0.00694902216277149,-0.013010589147390617
2025-06-21 00:00:00+00:00,-0.002200743504844782,0.0,-0.0019554010590059345,-0.011296310465964354
2025-06-22 00:00:00+00:00,0.002894453646173467,0.0,0.00263978713980606,-0.011511582115168784
2025-06-23 00:00:00+00:00,0.003358897317248699,0.0,0.0030429851615398906,0.04346873832437925
2025-06-24 00:00:00+00:00,-0.0021288034941172596,0.0,-0.002059680681431586,0.00706613771940412
2025-06-25 00:00:00+00:00,0.006042545679523892,0.0,0.005955508104581231,0.011742360298354626
2025-06-26 00:00:00+00:00,0.0013771493639438415,0.0,0.0011366075985148605,-0.003414429530201324
2025-06-27 00:00:00+00:00,0.0,0.0,0.0,0.0009072738105593281
2025-06-28 00:00:00+00:00,0.0,0.0,0.0,0.002152121236474569
2025-06-29 00:00:00+00:00,0.0,0.0,0.0,0.009966337501515321
2025-06-30 00:00:00+00:00,0.0,0.0,0.0,-0.011286144005436372
2025-07-01 00:00:00+00:00,0.0,0.0,0.0,-0.013535672730872195
2025-07-02 00:00:00+00:00,0.0020863759784901514,0.0,0.002009431506939885,0.029933385650415367
2025-07-03 00:00:00+00:00,-0.0015313718993783532,0.0,-0.002030013986128121,0.00684926470588243
2025-07-04 00:00:00+00:00,-0.003781032032863063,0.0,-0.0030036623487230685,-0.014695303856307795
2025-07-05 00:00:00+00:00,0.0038687631042373383,0.0,0.003725326198477319,0.002019726614252537
2025-07-06 00:00:00+00:00,0.0070679570062841535,0.0,0.00680688050311451,0.009175855775223063
2025-07-07 00:00:00+00:00,-0.003425311242841844,0.0,-0.0032996423603085523,-0.008629741135252167
2025-07-08 00:00:00+00:00,0.0015489873700624823,0.0,0.001193575601481589,0.006184619962866567
2025-07-09 00:00:00+00:00,0.005963606751953288,0.0,0.004596901475200088,0.02137167032076781
2025-07-10 00:00:00+00:00,0.016533309171517185,0.0,0.014206185842273733,0.042979355197261926
2025-07-11 00:00:00+00:00,0.04726035406515816,0.0,0.04295647407759762,0.013112696069640162
2025-07-12 00:00:00+00:00,0.007605384774974189,0.0,0.007385190022129562,-0.0009421276595744654
2025-07-13 00:00:00+00:00,0.03277281969661061,0.0,0.0318309213781478,0.014047276881283155
2025-07-14 00:00:00+00:00,0.0,0.0,0.0,0.006537391747025945
2025-07-15 00:00:00+00:00,0.0,0.0,0.0,-0.017343187290565165
2025-07-16 00:00:00+00:00,-0.0020354164339414504,0.0,-0.001319148476251475,0.007238074206822764
2025-07-17 00:00:00+00:00,0.014029754286521312,0.0,0.008699200855896594,0.004940522317517404
2025-07-18 00:00:00+00:00,-0.012021817592674733,0.0,-0.007435928012569315,-0.010742041642403
2025-07-19 00:00:00+00:00,-0.0027761147428033706,0.0,-0.003493435904895481,-0.0006955259024024052
2025-07-20 00:00:00+00:00,0.00032993790389546085,0.0,0.00032095386720221164,-0.00507917538093805
2025-07-21 00:00:00+00:00,0.0024508133085734407,0.0,0.0023841003547873107,0.0009742697242696163
2025-07-22 00:00:00+00:00,-0.003618237513496103,0.0,-0.0035199806622351337,0.02270089030786626
2025-07-23 00:00:00+00:00,0.0,0.0,0.0,-0.01066889345023947
2025-07-24 00:00:00+00:00,-0.0018815518706200018,0.0,-0.0012201839741819986,-0.00353119063964924
2025-07-25 00:00:00+00:00,0.0023124337889586233,0.0,0.0014986173396402958,-0.00600874260213724
2025-07-26 00:00:00+00:00,0.001361566490633015,0.0,0.0008831064666976474,0.002599854571432081
2025-07-27 00:00:00+00:00,0.0021216263121519585,0.0,0.0013767359811620583,0.013013914760639622
2025-07-28 00:00:00+00:00,0.0,0.0,0.0,-0.011572271430892123
2025-07-29 00:00:00+00:00,0.0,0.0,0.0,-0.001223299621996965
2025-07-30 00:00:00+00:00,0.0,0.0,0.0,-0.001068729484210773
2025-07-31 00:00:00+00:00,0.0,0.0,0.0,-0.017607900077268535
2025-08-01 00:00:00+00:00,0.0,0.0,0.0,-0.021197556036312015
2025-08-02 00:00:00+00:00,-0.004559335943584819,0.0,-0.004441171655029663,-0.006499194665008923
2025-08-03 00:00:00+00:00,0.006071336892221835,-0.0012230331045104403,0.007207751637555271,0.014594413948064489
2025-08-04 00:00:00+00:00,-3.9253444552467265e-05,-0.0030597094928028756,0.003173124208542877,0.007457678789811295
2025-08-05 00:00:00+00:00,0.013245170483632052,0.011521593133633878,-0.002677254730344414,-0.008108547583044134
2025-08-06 00:00:00+00:00,-0.0030053303216520666,-0.001818869692596814,0.0,0.007639195719104874
2025-08-07 00:00:00+00:00,-0.04274675672705619,-0.029641467168942337,0.0,0.02156671683733391
2025-08-08 00:00:00+00:00,-0.0032360943456338775,-0.002804662539888758,0.0,-0.00674246869568107
2025-08-09 00:00:00+00:00,0.0018952299780405912,0.0016577989712764918,0.0,-0.0017671540845181077
2025-08-10 00:00:00+00:00,-0.0056107872858383034,-0.005441664372118127,0.0,0.024335585769368562
2025-08-11 00:00:00+00:00,0.002118954333539813,0.001962013746138691,0.0,-0.005143586909764242
2025-08-12 00:00:00+00:00,-4.225072559160825e-05,-0.00021917913927249622,0.0,0.012129778771243549
2025-08-13 00:00:00+00:00,-0.0019555176055942036,-0.0016947559879245677,0.0,0.027005937658747037
2025-08-14 00:00:00+00:00,0.020704976807968567,0.017939351554042693,0.0,-0.041206124684671774
2025-08-15 00:00:00+00:00,-0.0007424002935263463,-0.0006449832791756149,0.0,-0.008144300427427753
2025-08-16 00:00:00+00:00,0.0012456656872092964,0.001082105204007755,0.0,0.0004305963887885067
2025-08-17 00:00:00+00:00,-0.00010088557882159677,-8.765325028670112e-05,0.0,0.00020540408779701202
2025-08-18 00:00:00+00:00,0.004899096087851218,0.004256465768806672,0.0,-0.009971556097885137
2025-08-19 00:00:00+00:00,0.010282157744168297,0.00893913032345961,0.0,-0.028914580026785264
2025-08-20 00:00:00+00:00,0.0,0.0,0.0,0.012375890987926352
2025-08-21 00:00:00+00:00,0.0,0.0,0.0,-0.015393909149408413
2025-08-22 00:00:00+00:00,0.0,0.0,0.0,0.03943814010396385
2025-08-23 00:00:00+00:00,0.0,0.0,0.0,-0.013006266173356984
2025-08-24 00:00:00+00:00,0.0,0.0,0.0,-0.016734689986141138
2025-08-25 00:00:00+00:00,0.0,0.0,0.0,-0.02981410588093225
2025-08-26 00:00:00+00:00,0.0,0.0,0.0,0.01495402674807389
2025-08-27 00:00:00+00:00,-0.0012177846981200613,0.00042791322042701196,-0.001694465696302605,-0.004610155411472028
2025-08-28 00:00:00+00:00,-0.009588179785660067,-0.009215815325487764,0.0007109284958031203,0.011802699584243515
2025-08-29 00:00:00+00:00,0.029209008723192875,0.02688497548005353,-0.0010463952168234814,-0.03710781433738086
2025-08-30 00:00:00+00:00,-0.0029790737165162895,-0.002858348628614782,0.0,0.003927726146563781
2025-08-31 00:00:00+00:00,0.001736278887014775,0.0012957235829942348,0.0,-0.005052506530560108
2025-09-01 00:00:00+00:00,-0.0030896040476536824,-0.002306676788750295,0.0,0.009051977480491358
2025-09-02 00:00:00+00:00,-0.004976955869408273,-0.0037128445719915026,0.0,0.01831796380368167
2025-09-03 00:00:00+00:00,-0.008424152294777887,-0.00732258777148731,0.0,0.004243263661546148
2025-09-04 00:00:00+00:00,0.01054537822148438,0.009101570112110213,5.5559968586749164e-05,-0.008780241411860068
2025-09-05 00:00:00+00:00,0.004127826947386337,-0.0004230628648644874,0.004493440603884791,-0.0005827642723036375
2025-09-06 00:00:00+00:00,0.0022369120905425532,0.004577545211964518,-0.002579581771926409,-0.004335763084358346
2025-09-07 00:00:00+00:00,-0.022052810212982665,-0.02102956735666417,0.0015869517224320617,0.008541312367605913
2025-09-08 00:00:00+00:00,-0.009703582933064614,-0.0056470612191067415,-0.0033218123510284636,0.008432064532392314
2025-09-09 00:00:00+00:00,-0.001939600943738795,-0.0002673684349122629,-0.0006585223990833722,-0.004577163640519077
2025-09-10 00:00:00+00:00,-0.009921970967462168,-0.0023857820883858016,0.0,0.02149688026626051
2025-09-11 00:00:00+00:00,-0.016719414726844795,-0.01080355489513063,0.0,0.013434969200188274
2025-09-12 00:00:00+00:00,-0.012117565134497021,-0.005358833359951909,0.0,0.004777045232051469
2025-09-13 00:00:00+00:00,-0.00461069833096539,-0.003198281539461112,0.0,-0.0009975995530201454
2025-09-14 00:00:00+00:00,0.036399903309684234,0.033264818322863654,0.0,-0.0056333919371808205
2025-09-15 00:00:00+00:00,0.01892945502043819,0.01751841021628664,0.0,0.000786390070306453
2025-09-16 00:00:00+00:00,0.000536096513043649,0.0012302095148408743,0.0,0.012547202703194982
2025-09-17 00:00:00+00:00,-0.049003679094731134,-0.025277533513389572,0.0,-0.0029533873588512005
2025-09-18 00:00:00+00:00,-0.01008662518126291,-0.004201553085494303,0.0,0.005279955327420094
2025-09-19 00:00:00+00:00,0.028917969734504112,0.02301215772059484,0.0,-0.0123708415265803
2025-09-20 00:00:00+00:00,0.00421303448535526,-0.0005822948199142308,0.0,0.00047936523044578294
2025-09-21 00:00:00+00:00,0.01264770579761021,0.00941266534467533,0.0,-0.0038140573526982413
2025-09-22 00:00:00+00:00,0.03424153232607918,0.013828992623989178,0.0,-0.022392018328950436
2025-09-23 00:00:00+00:00,0.0037476293903828672,0.003312852496411889,0.0,-0.005840786397015352
2025-09-24 00:00:00+00:00,0.00171049499430187,0.00168355966926792,0.0,0.011675167713292911
2025-09-25 00:00:00+00:00,0.030894227684001185,0.026615396565372818,0.0,-0.038139933247390845
2025-09-26 00:00:00+00:00,-0.02009520695550704,-0.01719574985250205,0.0,0.006003607672500522
2025-09-27 00:00:00+00:00,0.0046039243328108714,0.0040663642747473805,0.0,-0.00010220050461495767
2025-09-28 00:00:00+00:00,0.003291202022550843,0.002596082887135198,0.0,0.023200973194265728
2025-09-29 00:00:00+00:00,-0.0040635285213017625,-0.0031621764038437528,0.0,0.01906446330525613
2025-09-30 00:00:00+00:00,0.009155013002833723,0.006856061335298147,0.0,-0.002348212933813376
2025-10-01 00:00:00+00:00,-0.037227666039118645,-0.028324730468734072,0.0,0.040035512260853556
2025-10-02 00:00:00+00:00,-0.004250794170097327,-0.0034167733740300132,0.0,0.016270442437268384
2025-10-03 00:00:00+00:00,0.005771781876526383,0.004635455362284713,0.0,0.014121693574023375
2025-10-04 00:00:00+00:00,0.01059372606874076,0.008517696820202092,0.0,0.0013136065907857208
2025-10-05 00:00:00+00:00,0.015759735119335483,0.014880865157200551,0.0,0.008856233938625113
2025-10-06 00:00:00+00:00,-0.037569707661818996,-0.035027557020941624,0.0,0.009736953187600372
2025-10-07 00:00:00+00:00,0.05922447446485002,0.05556973095687279,0.0,-0.02681569624925273
2025-10-08 00:00:00+00:00,-0.004325578681673714,-0.003936660465619357,0.0,0.01608587930231309
2025-10-09 00:00:00+00:00,0.015945454767259726,0.014285328775481387,-0.00013340319158250402,-0.013455320012171645
2025-10-10 00:00:00+00:00,0.06649432095903429,0.10383465936657488,-0.051807370560069455,-0.07291043787881657
2025-10-11 00:00:00+00:00,0.018489740527750653,-0.0001807342652756505,0.022547167006382374,-0.01894869267505883
2025-10-12 00:00:00+00:00,0.05683926079525614,0.0,0.07722112086349164,0.03902455346444289
2025-10-13 00:00:00+00:00,0.030966551214148375,-0.005551987847111528,0.0467888802849008,0.001893042654820487
2025-10-14 00:00:00+00:00,-0.005282797797605876,0.008505014171476866,-0.012808637434296166,-0.018487228514167398
2025-10-15 00:00:00+00:00,-0.0036273288505165313,0.015751432215650896,-0.01631480301197663,-0.020222368162515325
2025-10-16 00:00:00+00:00,0.010395960849695518,0.010755525810884015,0.00012429607151909217,-0.023212495144490974
2025-10-17 00:00:00+00:00,0.0,0.0,0.0,-0.01619171104251005
2025-10-18 00:00:00+00:00,0.0012100988066798823,0.0,0.0011622794166459283,0.006945945895133088
2025-10-19 00:00:00+00:00,0.004976096941414321,0.0,0.004779685151476087,0.01371111162975236
2025-10-20 00:00:00+00:00,0.0016550004605548896,0.0,0.00233163336890696,0.017347508246904342
2025-10-21 00:00:00+00:00,-0.003432973718051735,0.0,-0.0017132355370322871,-0.02006157333355052
2025-10-22 00:00:00+00:00,-0.0006164715066057092,0.0,-0.0004726680703017738,-0.006666746725516037
2025-10-23 00:00:00+00:00,0.0,0.0,0.0,0.023192166052895757
2025-10-24 00:00:00+00:00,0.0,0.0,0.0,0.008538898568428044
2025-10-25 00:00:00+00:00,0.0,0.0,0.0,0.005623374493310518
2025-10-26 00:00:00+00:00,0.0,0.0,0.0,0.026063407456263787
2025-10-27 00:00:00+00:00,0.0,0.0,0.0,-0.0037878457053323045
2025-10-28 00:00:00+00:00,0.0,0.0,0.0,-0.010788670580840098
2025-10-29 00:00:00+00:00,0.0,0.0,0.0,-0.02523984454971262
2025-10-30 00:00:00+00:00,0.0,0.0,0.0,-0.015657504255102483
2025-10-31 00:00:00+00:00,0.0,0.0,0.0,0.011950472689318259
2025-11-01 00:00:00+00:00,0.0,0.0,0.0,0.004471632652502278
2025-11-02 00:00:00+00:00,0.0,0.0,0.0,0.004068254349042899
2025-11-03 00:00:00+00:00,0.0,0.0,0.0,-0.035756401426672135
2025-11-04 00:00:00+00:00,0.0,0.0,0.0,-0.0478084171797567
2025-11-05 00:00:00+00:00,0.0,0.0,0.0,0.023525805246509934
2025-11-06 00:00:00+00:00,0.0,0.0,0.0,-0.024378593372304636
2025-11-07 00:00:00+00:00,0.007996231219085104,0.0,0.007356095524264861,0.019738296797018107
2025-11-08 00:00:00+00:00,-0.003726215587318671,0.0,-0.0034300929146015013,-0.010027568796149633
2025-11-09 00:00:00+00:00,0.001099514622870501,0.0,0.001011835353327717,0.02348016462418334
2025-11-10 00:00:00+00:00,0.006415328361160322,0.0,0.005904264006389548,0.012378834171199893
2025-11-11 00:00:00+00:00,0.0,0.0,0.0,-0.027938127499025578
2025-11-12 00:00:00+00:00,-0.0013310354322373374,0.0,-0.0010213529380270758,-0.013591467664927581
2025-11-13 00:00:00+00:00,-0.00342338556012034,0.0,-0.0026260765926694463,-0.019206580726690792
2025-11-14 00:00:00+00:00,-0.017228875345448147,0.0,-0.013656235864194843,-0.05127124469290345
2025-11-15 00:00:00+00:00,0.0046376253651478905,0.0,0.0038637815545188303,0.010739870685779973
2025-11-16 00:00:00+00:00,-0.005928931582837915,0.0,-0.004943425512116684,-0.014007909142185637
2025-11-17 00:00:00+00:00,0.0,0.0,0.0,-0.021778422592672375
2025-11-18 00:00:00+00:00,0.0,0.0,0.0,0.008106785635626501
2025-11-19 00:00:00+00:00,0.007640987235496333,0.005779979013211367,0.0,-0.015153325175506271
2025-11-20 00:00:00+00:00,0.023784988560038967,0.018428209980794197,-0.000490845649941285,-0.053629756231361014
2025-11-21 00:00:00+00:00,0.0008958552405109454,0.0064645769195532665,-0.007177420966539616,-0.017410824086936394
2025-11-22 00:00:00+00:00,0.0002569875292157686,0.0009609328348920698,-0.0009642125082703901,-0.004748893863808723
2025-11-23 00:00:00+00:00,0.008689327931915791,0.0,0.008294222637216242,0.02501257536362278
2025-11-24 00:00:00+00:00,0.01569542173753713,0.0,0.014987618780131662,0.01658147837115842
2025-11-25 00:00:00+00:00,0.0,0.0,0.0,-0.010459267216713086
2025-11-26 00:00:00+00:00,0.0,0.0,0.0,0.03566025873727874
2025-11-27 00:00:00+00:00,0.0,0.0,0.0,0.009444028567605844
2025-11-28 00:00:00+00:00,0.0,0.0,0.0,-0.004867885755847623
2025-11-29 00:00:00+00:00,0.0,0.0,0.0,-0.0009114144756394715
2025-11-30 00:00:00+00:00,0.0,0.0,0.0,-0.004896160414256556
2025-12-01 00:00:00+00:00,0.0,0.0,0.0,-0.04516134746669087
2025-12-02 00:00:00+00:00,0.0,0.0,0.0,0.05806362590675507
2025-12-03 00:00:00+00:00,0.00858434337963132,0.0,0.00794946574893629,0.02331639435347843
2025-12-04 00:00:00+00:00,-0.013256565995885206,0.0,-0.01251761202556434,-0.014371893630852228
2025-12-05 00:00:00+00:00,-0.008344578967993788,0.0,-0.0076662298805042495,-0.029838745603560368
2025-12-06 00:00:00+00:00,0.0,0.0,0.0,-0.00102364806218036
2025-12-07 00:00:00+00:00,0.0,0.0,0.0,0.012873736926424684
2025-12-08 00:00:00+00:00,0.0,0.0,0.0,0.002937614975416558
2025-12-09 00:00:00+00:00,0.0,0.0,0.0,0.02237702348947357
2025-12-10 00:00:00+00:00,0.0,0.0,0.0,-0.007134190573239496
2025-12-11 00:00:00+00:00,0.0,0.0,0.0,0.0054361120926313955
2025-12-12 00:00:00+00:00,0.0,0.0,0.0,-0.02430753426509147
2025-12-13 00:00:00+00:00,0.0,0.0,0.0,-0.00042447267858891635
2025-12-14 00:00:00+00:00,0.0,0.0,0.0,-0.022978934775305326
2025-12-15 00:00:00+00:00,0.0,0.0,0.0,-0.019620103769002806
2025-12-16 00:00:00+00:00,0.0,0.0,0.0,0.016626943658923254
2025-12-17 00:00:00+00:00,0.0,0.0,0.0,-0.01849901453209346
2025-12-18 00:00:00+00:00,0.0,0.0,0.0,-0.008490561660108531
2025-12-19 00:00:00+00:00,0.0,0.0,0.0,0.030774648793666204
2025-12-20 00:00:00+00:00,0.0014627091552934512,0.0,0.0015473111955084384,0.0025062429057889357
2025-12-21 00:00:00+00:00,-0.002694558180970086,0.0,-0.002739111151747964,0.003402369543754169
2025-12-22 00:00:00+00:00,-0.0007095238100969237,0.0,-0.0006774284884696335,-0.0004491019653288797
2025-12-23 00:00:00+00:00,0.0,0.0,0.0,-0.012626790018231748
2025-12-24 00:00:00+00:00,0.0,0.0,0.0,0.00187850862650496
2025-12-25 00:00:00+00:00,0.0,0.0,0.0,-0.005072620062469113
2025-12-26 00:00:00+00:00,0.0,0.0,0.0,0.0015530586308307726
2025-12-27 00:00:00+00:00,0.0,0.0,0.0,0.0058544495878292135
2025-12-28 00:00:00+00:00,0.0,0.0,0.0,0.0010372381002261566
2025-12-29 00:00:00+00:00,-0.0044750505380678485,0.0,-0.004577661778587094,-0.008157369441711526
2025-12-30 00:00:00+00:00,-0.000785851011670724,0.0,-0.0008039531478566397,0.014357254828659016
2025-12-31 00:00:00+00:00,0.0008784313952945322,0.0,0.0008986824083314637,-0.009576588401147279
2026-01-01 00:00:00+00:00,0.0,0.0,0.0,0.013603749420716404
2026-01-02 00:00:00+00:00,0.008115478328486692,0.0,0.00704446179400664,0.012966216216216075
2026-01-03 00:00:00+00:00,-0.002012536882665228,0.0,-0.001748796121041396,0.007163868488984093
2026-01-04 00:00:00+00:00,0.005817162712736579,0.0,0.004540585816126486,0.009948584812982553
2026-01-05 00:00:00+00:00,0.020805542178773617,0.0,0.017566384952357073,0.025413920222608022
2026-01-06 00:00:00+00:00,-0.00915616104955519,0.0,-0.00815175231571974,-0.0012193250225958074
2026-01-07 00:00:00+00:00,-0.0071640940032372535,0.0,-0.007763242899573086,-0.025398044990822544
2026-01-08 00:00:00+00:00,-0.0014459366956353081,0.0,-0.001908085158593642,-0.0029366678346181008
2026-01-09 00:00:00+00:00,-0.0014711932623110435,0.0,-0.0011201711018409277,-0.0050098945967375075
2026-01-10 00:00:00+00:00,0.00035158897828257984,0.0,0.00030670312245706377,-0.00147896993055463
2026-01-11 00:00:00+00:00,0.0,0.0,0.0,0.005469240496254857
2026-01-12 00:00:00+00:00,0.0,0.0,0.0,0.0031682724230579495
2026-01-13 00:00:00+00:00,0.0,0.0,0.0,0.04517789082174084
2026-01-14 00:00:00+00:00,0.0,0.0,0.0,0.016070215318028103
2026-01-15 00:00:00+00:00,0.0,0.0,0.0,-0.013833753491717338
2026-01-16 00:00:00+00:00,0.0,0.0,0.0,-0.0006654996008049752
2026-01-17 00:00:00+00:00,0.0,0.0,0.0,-0.0041443420516692475
2026-01-18 00:00:00+00:00,0.0,0.0,0.0,-0.01570742283238291
2026-01-19 00:00:00+00:00,0.0,0.0,0.0,-0.010942807699703017
2026-01-20 00:00:00+00:00,0.0,0.0,0.0,-0.04535066573351654
2026-01-21 00:00:00+00:00,0.0,0.0,0.0,0.011548739345586423
2026-01-22 00:00:00+00:00,0.0,0.0,0.0,0.001197833833269657
2026-01-23 00:00:00+00:00,0.0,0.0,0.0,0.0004490691868161978
2026-01-24 00:00:00+00:00,0.0,0.0,0.0,-0.004220695476821357
2026-01-25 00:00:00+00:00,0.0,0.0,0.0,-0.028613814423972928
2026-01-26 00:00:00+00:00,0.0,0.0,0.0,0.019297255303946104
2026-01-27 00:00:00+00:00,0.0,0.0,0.0,0.010160746359594297
2026-01-28 00:00:00+00:00,0.0,0.0,0.0,0.000716385381702267
2026-01-29 00:00:00+00:00,0.0,0.0,0.0,-0.05217243229739066
2026-01-30 00:00:00+00:00,0.0,0.0,0.0,-0.004648677910328858
2026-01-31 00:00:00+00:00,0.0,0.0,0.0,-0.0653664468231141
2026-02-01 00:00:00+00:00,0.0,0.0,0.0,-0.022555865566888822
2026-02-02 00:00:00+00:00,0.0,0.0,0.0,0.022890493490962838
2026-02-03 00:00:00+00:00,0.0,0.0,0.0,-0.03761603710645878
2026-02-04 00:00:00+00:00,0.0,0.0,0.0,-0.034265387073432296
2026-02-05 00:00:00+00:00,0.0,0.0,0.0,-0.14041106191907282
2026-02-06 00:00:00+00:00,0.015875672974450916,0.0,0.014811287274534735,0.1221032606361574
2026-02-07 00:00:00+00:00,-0.0024983207347097913,0.0,-0.0017783358085198264,-0.018290582540098854
2026-02-08 00:00:00+00:00,-0.003658900409570065,0.0,-0.0036544184633693355,0.014929058454216548
2026-02-09 00:00:00+00:00,-0.015105645760846276,0.0,-0.014621031339847157,-0.0025267435028121232
2026-02-10 00:00:00+00:00,-0.0015604174018254424,0.0,-0.0013610357688380592,-0.018616327083675
2026-02-11 00:00:00+00:00,0.0,0.0,0.0,-0.025447167587380748
2026-02-12 00:00:00+00:00,-0.0019257896578079858,0.0,-0.0019242980470738358,-0.012099131451478007
2026-02-13 00:00:00+00:00,0.004575985672706118,0.0,0.004572434532470027,0.038923299181348625
2026-02-14 00:00:00+00:00,0.010716127604841086,0.0,0.0107078493310373,0.014151101036739888
2026-02-15 00:00:00+00:00,0.014560528862739286,0.0,0.014549399932471507,-0.014306100402032174
2026-02-16 00:00:00+00:00,0.0,0.0,0.0,0.0009535313364410491
2026-02-17 00:00:00+00:00,0.0,0.0,0.0,-0.02013577781811593
2026-02-18 00:00:00+00:00,0.0,0.0,0.0,-0.015607053777718982
2026-02-19 00:00:00+00:00,0.0,0.0,0.0,0.008298355383994593
2026-02-20 00:00:00+00:00,0.0,0.0,0.0,0.01501030250544999
2026-02-21 00:00:00+00:00,0.0,0.0,0.0,-0.0006796186486179856
2026-02-22 00:00:00+00:00,-5.117701849011169e-05,0.0,-4.909292517663033e-05,-0.004704628524239363
2026-02-23 00:00:00+00:00,-0.00878583780711295,0.0,-0.008428032578755684,-0.04418792105126934
2026-02-24 00:00:00+00:00,0.0001839791596160989,0.0,0.0001232793266250365,-0.009199112428782352
2026-02-25 00:00:00+00:00,0.0022631865866158396,0.0,0.0020347182322937307,0.06123880039917973
2026-02-26 00:00:00+00:00,-0.00396399497391442,0.0,-0.0035646428311788547,-0.007421360509179298
2026-02-27 00:00:00+00:00,-0.000648564207548219,0.0,-0.0006697607497563318,-0.023902787620722177
2026-02-28 00:00:00+00:00,0.006162057412771871,0.0,0.005457757211590586,0.016724892156267268
2026-03-01 00:00:00+00:00,0.00036171625208347713,0.0,0.0004564565365658968,-0.017734559758340374
2026-03-02 00:00:00+00:00,0.013707633728575752,0.0,0.013034673846195277,0.046415209125475254
2026-03-03 00:00:00+00:00,-0.00110740847489188,0.0,-0.0009967294113082392,-0.0073617260013546515
2026-03-04 00:00:00+00:00,0.0,0.0,0.0,0.06363688277231372
2026-03-05 00:00:00+00:00,0.0,0.0,0.0,-0.024594790298644975
2026-03-06 00:00:00+00:00,0.00020308518408707066,0.0,0.00018276774510272986,-0.039119438626599834
2026-03-07 00:00:00+00:00,-0.0029644416534931883,0.0,-0.002667921468510026,-0.012497980406268705
2026-03-08 00:00:00+00:00,-0.003404746753690513,0.0,-0.003063273744406514,-0.01930327923715014
2026-03-09 00:00:00+00:00,0.0,0.0,0.0,0.03730683422740522
2026-03-10 00:00:00+00:00,0.0,0.0,0.0,0.02204576125718427
2026-03-11 00:00:00+00:00,0.0,0.0,0.0,0.0035492597483044452
2026-03-12 00:00:00+00:00,0.0,0.0,0.0,0.00470563079116193
2026-03-13 00:00:00+00:00,0.0,0.0,0.0,0.005893862239128467
2026-03-14 00:00:00+00:00,0.0,0.0,0.0,0.003933959137039755
2026-03-15 00:00:00+00:00,0.0,0.0,0.0,0.02254321778617041
2026-03-16 00:00:00+00:00,0.0,0.0,0.0,0.028407958900175778
2026-03-17 00:00:00+00:00,0.0,0.0,0.0,-0.013013317941811486
2026-03-18 00:00:00+00:00,0.000855687936972549,0.0,0.0008209115124773181,-0.036136635604095746
2026-03-19 00:00:00+00:00,-0.0007758409963665169,0.0,-0.0007957534480427242,-0.018475371087413595
2026-03-20 00:00:00+00:00,0.001955390907602439,0.0,0.0018368167426812132,0.008374900196602031
2026-03-21 00:00:00+00:00,-0.0035177657425736752,0.0,-0.00328162188549852,-0.022578956106407144
2026-03-22 00:00:00+00:00,2.4928263353984903e-05,0.0,2.324934608854967e-05,-0.015256636397290912
2026-03-23 00:00:00+00:00,0.0,0.0,0.0,0.04474824046964043
2026-03-24 00:00:00+00:00,0.0015041279052301348,0.0,0.0014028273227024712,-0.004826016462078364
2026-03-25 00:00:00+00:00,0.0008275604155554284,0.0,0.0007719036364264298,0.010969330964396562
2026-03-26 00:00:00+00:00,-0.005832187314694703,0.0,-0.00544025170749618,-0.0351975875731968
2026-03-27 00:00:00+00:00,0.0,0.0,0.0,-0.03523579694132706
2026-03-28 00:00:00+00:00,0.0,0.0,0.0,-0.00044300993607993
2026-03-29 00:00:00+00:00,0.0,0.0,0.0,-0.005380283049018164
2026-03-30 00:00:00+00:00,0.0,0.0,0.0,0.011920658281030505
2026-03-31 00:00:00+00:00,0.0,0.0,0.0,0.022124066119069585
2026-04-01 00:00:00+00:00,-0.0017601463575487308,0.0,-0.001737755671849639,-0.002271345149212678
2026-04-02 00:00:00+00:00,-0.0005211745069441109,0.0,-0.0005179182317629483,-0.017889008834350406
2026-04-03 00:00:00+00:00,0.00201876519882771,0.0,0.001913684608734867,0.0009197155611386787
2026-04-04 00:00:00+00:00,0.0012838710066342962,0.0,0.0012314210914003976,0.005094875242791064
2026-04-05 00:00:00+00:00,-0.0035367360578455465,0.0,-0.003392427668636233,0.02567079425012264
2026-04-06 00:00:00+00:00,0.0,0.0,0.0,-0.0026087750496753825
2026-04-07 00:00:00+00:00,0.011580982035309662,0.0,0.010798314889287175,0.04464390805299212
2026-04-08 00:00:00+00:00,-0.012449073157652646,0.0,-0.011930319358813057,-0.01185279773877368
2026-04-09 00:00:00+00:00,0.0036770380633381894,0.0,0.0032209304776849024,0.01002701367294434
2026-04-10 00:00:00+00:00,0.004174967194787715,0.0,0.00399379100840358,0.016264717687985097
2026-04-11 00:00:00+00:00,-0.0005262804931245313,0.0,-0.0004857500259340952,0.001316558187757666
2026-04-12 00:00:00+00:00,0.0,0.0,0.0,-0.03153256799436799
2026-04-13 00:00:00+00:00,0.0,0.0,0.0,0.05195648207989967
2026-04-14 00:00:00+00:00,0.0,0.0,0.0,-0.0037386569872959186
2026-04-15 00:00:00+00:00,0.0,0.0,0.0,0.009031547669650308
2026-04-16 00:00:00+00:00,0.0,0.0,0.0,0.004421192839432875
2026-04-17 00:00:00+00:00,0.0,0.0,0.0,0.0256141920571773
2026-04-18 00:00:00+00:00,-0.005541024377091697,0.0,-0.0053186492226366955,-0.01787341653836272
2026-04-19 00:00:00+00:00,-0.005838813143886568,0.0,-0.0056032340193623575,-0.025053599422633188
2026-04-20 00:00:00+00:00,0.0,0.0,0.0,0.02754533720905017
2026-04-21 00:00:00+00:00,0.0,0.0,0.0,0.00657209846668616
2026-04-22 00:00:00+00:00,0.0,0.0,0.0,0.02427111925566483
2026-04-23 00:00:00+00:00,0.0,0.0,0.0,0.000985413323300044
2026-04-24 00:00:00+00:00,0.0,0.0,0.0,-0.010501580223174711
2026-04-25 00:00:00+00:00,0.0,0.0,0.0,0.002449757995953261
2026-04-26 00:00:00+00:00,0.0,0.0,0.0,0.013256428433331191
2026-04-27 00:00:00+00:00,0.0,0.0,0.0,-0.016311447779325472
2026-04-28 00:00:00+00:00,0.0,0.0,0.0,-0.013359420259869137
2026-04-29 00:00:00+00:00,0.0,0.0,0.0,-0.007184975772660307
2026-04-30 00:00:00+00:00,0.0,0.0,0.0,0.00733334301431432
2026-05-01 00:00:00+00:00,0.0,0.0,0.0,0.02472433143656949
2026-05-02 00:00:00+00:00,0.0,0.0,0.0,0.005894464906895713
2026-05-03 00:00:00+00:00,0.0,0.0,0.0,-0.001575275673242782
2026-05-04 00:00:00+00:00,0.0,0.0,0.0,0.0165174648855837
2026-05-05 00:00:00+00:00,0.0,0.0,0.0,0.012975705940788673
2026-05-06 00:00:00+00:00,0.0,0.0,0.0,0.006532124523416005
2026-05-07 00:00:00+00:00,0.0,0.0,0.0,-0.017455439912225312
2026-05-08 00:00:00+00:00,0.0,0.0,0.0,0.0023233886961764316
2026-05-09 00:00:00+00:00,0.0,0.0,0.0,0.005973411581531973
2026-05-10 00:00:00+00:00,0.0,0.0,0.0,0.01914452960289692
2026-05-11 00:00:00+00:00,0.0,0.0,0.0,-0.005823964408835813
2026-05-12 00:00:00+00:00,0.0,0.0,0.0,-0.015154389705639426
2026-05-13 00:00:00+00:00,0.0010847100639432838,0.0,0.0010713073428982867,-0.014574762928623808
2026-05-14 00:00:00+00:00,0.001464236139058217,0.0,0.0014461633401328111,0.022205041601345954
2026-05-15 00:00:00+00:00,-0.004620363301373831,0.0,-0.004563417355129107,-0.024366771171477897
2026-05-16 00:00:00+00:00,0.0,0.0,0.0,-0.012264461137668548
2026-05-17 00:00:00+00:00,0.0,0.0,0.0,-0.00862693683566318
2026-05-18 00:00:00+00:00,0.0,0.0,0.0,-0.006033805843699613
2026-05-19 00:00:00+00:00,0.0,0.0,0.0,-0.002121793272629069
2026-05-20 00:00:00+00:00,0.0,0.0,0.0,0.00925001204428666
2026-05-21 00:00:00+00:00,0.0,0.0,0.0,0.000979224696588732
2026-05-22 00:00:00+00:00,0.0,0.0,0.0,-0.02671995793066284
2026-05-23 00:00:00+00:00,0.0,0.0,0.0,0.015919092184005113
2026-05-24 00:00:00+00:00,0.0,0.0,0.0,0.004107399837320447
2026-05-25 00:00:00+00:00,0.0,0.0,0.0,0.0032610544162492427
2026-05-26 00:00:00+00:00,0.0,0.0,0.0,-0.017805037428103798
2026-05-27 00:00:00+00:00,0.0,0.0,0.0,-0.019595417986838837
2026-05-28 00:00:00+00:00,0.0,0.0,0.0,-0.011108856581933835
2026-05-29 00:00:00+00:00,0.0,0.0,0.0,-0.002217650431979745
2026-05-30 00:00:00+00:00,0.0,0.0,0.0,0.005836994506198012
2026-05-31 00:00:00+00:00,0.0,0.0,0.0,-0.0027566859111145536
2026-06-01 00:00:00+00:00,0.0,0.0,0.0,-0.030707423438492754
2026-06-02 00:00:00+00:00,0.0,0.0,0.0,-0.06529488804689632
2026-06-03 00:00:00+00:00,0.0,0.0,0.0,-0.03914731005544736
2026-06-04 00:00:00+00:00,0.0,0.0,0.0,-0.004122106688168703
2026-06-05 00:00:00+00:00,0.0,0.0,0.0,-0.04434219634349934
2026-06-06 00:00:00+00:00,0.0,0.0,0.0,-0.0028235718265543497
2026-06-07 00:00:00+00:00,0.0,0.0,0.0,0.040243419441673645
2026-06-08 00:00:00+00:00,0.0,0.0,0.0,-0.0038010379392876548
2026-06-09 00:00:00+00:00,0.0,0.0,0.0,-0.021613469525626483
2026-06-10 00:00:00+00:00,0.0,0.0,0.0,-0.003424912877866948
2026-06-11 00:00:00+00:00,0.0,0.0,0.0,0.03438634955280828
2026-06-12 00:00:00+00:00,0.0,0.0,0.0,-0.000800340891759066
2026-06-13 00:00:00+00:00,0.0,0.0,0.0,0.013709537822399032
2026-06-14 00:00:00+00:00,0.0,0.0,0.0,0.01993070281380116
2026-06-15 00:00:00+00:00,0.0,0.0,0.0,0.008885560735501397
2026-06-16 00:00:00+00:00,0.0,0.0,0.0,-0.00967174014383132
2026-06-17 00:00:00+00:00,0.0,0.0,0.0,-0.01785213756459003
2026-06-18 00:00:00+00:00,0.0,0.0,0.0,-0.02402249627362818
2026-06-19 00:00:00+00:00,0.0,0.0,0.0,0.009352537422068874
2026-06-20 00:00:00+00:00,0.0,0.0,0.0,0.011925192796389927
2026-06-21 00:00:00+00:00,-0.0027001508364750126,0.0,-0.00259052696257156,-0.01529329391629064
2026-06-22 00:00:00+00:00,0.0027507807728635036,0.0,0.002638811305809563,0.011109689020353253
2026-06-23 00:00:00+00:00,0.005001183623981165,0.0,0.004798148151875958,-0.02021403277376843
2026-06-24 00:00:00+00:00,0.0,0.0,0.0,-0.02624540047562307
2026-06-25 00:00:00+00:00,0.0,0.0,0.0,-0.020954543072044363
2026-06-26 00:00:00+00:00,0.0,0.0,0.0,0.005020753899407593
2026-06-27 00:00:00+00:00,0.0,0.0,0.0,-0.001193567718737465
2026-06-28 00:00:00+00:00,0.0,0.0,0.0,-0.007501629158520928
2026-06-29 00:00:00+00:00,0.0,0.0,0.0,0.011326578248267882
2026-06-30 00:00:00+00:00,0.0,0.0,0.0,-0.026887639124810847
2026-07-01 00:00:00+00:00,0.0,0.0,0.0,0.02378961665648549
2026-07-02 00:00:00+00:00,0.0,0.0,0.0,0.02568350455669699
2026-07-03 00:00:00+00:00,0.0,0.0,0.0,0.016654046271892042
2026-07-04 00:00:00+00:00,0.0,0.0,0.0,0.00877959898026881
2026-07-05 00:00:00+00:00,0.0,0.0,0.0,0.00795851369250955
2026-07-06 00:00:00+00:00,0.0,0.0,0.0,0.006389791424003866
2026-07-07 00:00:00+00:00,0.0,0.0,0.0,-0.010749161246790151
2026-07-08 00:00:00+00:00,0.0,0.0,0.0,-0.017053654038657662
2026-07-09 00:00:00+00:00,0.0,0.0,0.0,0.015126422971216913
2026-07-10 00:00:00+00:00,0.0,0.0,0.0,0.014755447252243092
2026-07-11 00:00:00+00:00,0.0,0.0,0.0,-0.005403129604940049
2026-07-12 00:00:00+00:00,0.0,0.0,0.0,-0.0005173792389822074
2026-07-13 00:00:00+00:00,0.0,0.0,0.0,-0.022635294117647087
2026-07-14 00:00:00+00:00,0.0,0.0,0.0,0.04345739644020741
2026-07-15 00:00:00+00:00,0.0,0.0,0.0,-0.004511287447300338
2026-07-16 00:00:00+00:00,0.0,0.0,0.0,-0.014220953193225139
2026-07-17 00:00:00+00:00,0.0,0.0,0.0,0.0017068697982789427
2026-07-18 00:00:00+00:00,0.0,0.0,0.0,0.014032254783687526
2026-07-19 00:00:00+00:00,0.0,0.0,0.0,-0.001728216372689828
2026-07-20 00:00:00+00:00,0.0,0.0,0.0,0.008193870595272879
2026-07-21 00:00:00+00:00,0.0,0.0,0.0,0.019894273343881386
2026-07-22 00:00:00+00:00,0.0,0.0,0.0,-0.006620326386299835
2026-07-23 00:00:00+00:00,0.0,0.0,0.0,-0.015320359553282259
2026-07-24 00:00:00+00:00,0.0,0.0,0.0,-0.014647392945399962
2026-07-25 00:00:00+00:00,0.0,0.0,0.0,0.003456208620245871
2026-07-26 00:00:00+00:00,0.0,0.0,0.0,0.016117976750945395
2026-07-27 00:00:00+00:00,0.0,0.0,0.0,-0.025304741407661258
2026-07-28 00:00:00+00:00,0.0,0.0,0.0,0.0028687649872567444
2026-07-29 00:00:00+00:00,-0.0021406813011149994,0.0,-0.0020541900242259103,0.0008653659574735517
2026-07-30 00:00:00+00:00,0.0011760235059956603,0.0,0.0011284100904651595,0.012368880640536428
2026-07-31 00:00:00+00:00,-0.0005938807511822741,0.0,-0.0005698635278031938,-0.029190733590733542
2026-08-01 00:00:00+00:00,0.0,0.0,0.0,-0.0010754073741765513
2026-08-02 00:00:00+00:00,0.0,0.0,0.0,0.012066766148078667
2026-08-03 00:00:00+00:00,0.0,0.0,0.0,-0.0008308418568057085
2026-08-04 00:00:00+00:00,0.0,0.0,0.0,0.009107488204204373
2026-08-05 00:00:00+00:00,0.0,0.0,0.0,0.008714719354511402
2026-08-06 00:00:00+00:00,0.0,0.0,0.0,-0.005166019689358037
2026-08-07 00:00:00+00:00,0.0,0.0,0.0,0.009104199066874097
2026-08-08 00:00:00+00:00,0.0,0.0,0.0,0.0006642480434735365
2026-08-09 00:00:00+00:00,0.0,0.0,0.0,-0.000934874515813533
2026-08-10 00:00:00+00:00,0.0,0.0,0.0,-0.014313727303839507
2026-08-11 00:00:00+00:00,0.0,0.0,0.0,-0.005744510809470915
2026-08-12 00:00:00+00:00,0.0,0.0,0.0,-0.0018451519536903938
2026-08-13 00:00:00+00:00,0.0,0.0,0.0,3.151854787741826e-05
2026-08-14 00:00:00+00:00,0.0,0.0,0.0,-0.006960651909097004
2026-08-15 00:00:00+00:00,0.0,0.0,0.0,0.0006173133380942275
2026-08-16 00:00:00+00:00,0.0,0.0,0.0,-0.0028213956630755987
2026-08-17 00:00:00+00:00,0.0,0.0,0.0,0.025893822762262264
2026-08-18 00:00:00+00:00,0.0,0.0,0.0,0.0029439989085964235
2026-08-19 00:00:00+00:00,0.0,0.0,0.0,0.07135128450860972
2026-08-20 00:00:00+00:00,0.002053616238152367,0.0,0.0019416008125965334,0.05322031452892806
2026-08-21 00:00:00+00:00,0.04186720488334239,0.0,0.0394102711285389,0.07274650096508584
2026-08-22 00:00:00+00:00,0.0013996176840269658,0.0,0.0013149710960518313,-0.015638029296722977
2026-08-23 00:00:00+00:00,0.006201178425120357,0.0,0.005835245331027972,0.008232524048284784
2026-08-24 00:00:00+00:00,0.0,0.0,0.0,0.01587640618586672
2026-08-25 00:00:00+00:00,0.0,0.0,0.0,-0.005669195597380772
2026-08-26 00:00:00+00:00,0.0,0.0,0.0,0.0061651809939189395
2026-08-27 00:00:00+00:00,0.0,0.0,0.0,0.015438780393318696
2026-08-28 00:00:00+00:00,0.0,0.0,0.0,-0.029959268859191424
2026-08-29 00:00:00+00:00,0.0,0.0,0.0,0.005074165326794056
2026-08-30 00:00:00+00:00,0.0,0.0,0.0,-0.007239065634962238
2026-08-31 00:00:00+00:00,0.0,0.0,0.0,0.011785982023479136
